tree
version=v4
num_class=1
num_tree_per_iteration=1
label_index=0
max_feature_idx=79
objective=binary sigmoid:1
feature_names=Column_0 Column_1 Column_2 Column_3 Column_4 Column_5 Column_6 Column_7 Column_8 Column_9 Column_10 Column_11 Column_12 Column_13 Column_14 Column_15 Column_16 Column_17 Column_18 Column_19 Column_20 Column_21 Column_22 Column_23 Column_24 Column_25 Column_26 Column_27 Column_28 Column_29 Column_30 Column_31 Column_32 Column_33 Column_34 Column_35 Column_36 Column_37 Column_38 Column_39 Column_40 Column_41 Column_42 Column_43 Column_44 Column_45 Column_46 Column_47 Column_48 Column_49 Column_50 Column_51 Column_52 Column_53 Column_54 Column_55 Column_56 Column_57 Column_58 Column_59 Column_60 Column_61 Column_62 Column_63 Column_64 Column_65 Column_66 Column_67 Column_68 Column_69 Column_70 Column_71 Column_72 Column_73 Column_74 Column_75 Column_76 Column_77 Column_78 Column_79
feature_infos=[0:0.44279998540878296] [0:0.97310000658035278] [0:0.86529999971389771] [0:0.75209999084472656] [0:0.88650000095367432] [0:0.85600000619888306] [0:0.7150999903678894] [0:0.19979999959468842] [0:0.99260002374649048] [0:0.9562000036239624] [0:0.95590001344680786] [0:1] [0:0.97020000219345093] [0:0.99730002880096436] [0:0.97439998388290405] [0:0.95279997587203979] [0:0.99540001153945923] [0:0.982200026512146] [0:0.92820000648498535] [0:0.61879998445510864] [0:0.98756301403045654] [0:0.53600001335144043] [0:0.93279999494552612] [0:0.54579997062683105] [0:0.99029999971389771] [0:0.81169998645782471] [0:0.59439998865127563] [0:0.5228000283241272] [0:0.99999994039535522] [0:0.94609999656677246] [0:0.37349998950958252] [0:0.93730002641677856] [0:0.10080000013113022] [0:0.4828999936580658] [0:0.9836999773979187] [0:0.79079997539520264] [0:0.030300000682473183] [0:1] [0:0.64529997110366821] [0:0.58550000190734863] [0:0.85519999265670776] [0:0.59460002183914185] [0:1] [0:0.95779997110366821] [0:0.97119998931884766] [0:0.68010002374649048] [0:0.75919997692108154] [0:0.40380001068115234] [0:0.92089998722076416] [0:0.97850000858306885] [0:0.94470000267028809] [0:0.63249999284744263] [0:0.86589998006820679] [0:0.36520001292228699] [0:0.5065000057220459] [0:0.95469999313354492] [0:0.45519998669624329] [0:0.14329999685287476] [0:0.83009999990463257] [0:0.96530002355575562] [0:0.52249997854232788] [0:0.99390000104904175] [0:0.49290001392364502] [0:0.62080001831054688] [0:0.80159997940063477] [0:0.15199999511241913] [0:0.29919999837875366] [0:0.66149997711181641] [0:0.19869999587535858] [0:0.37369999289512634] [0:0.59140002727508545] [0:0.93349999189376831] [0:0.048500001430511475] [0:0.94239997863769531] [0:0.4090999960899353] [0:0.27900001406669617] [0:0.52100002765655518] [0:0.48769998550415039] [0:0.098700001835823059] [0:0.2517000138759613]
tree_sizes=1712 1738 1739 1734 1742 1734 1737 1740 1748 1741 1751 1748 1745 1744 1750 1743 1742 1743 1741 1750 1748 1748 1752 1753 1750 1751 1754 1748 1758 1749 1743 1749 1752 1754 1753 1759 1760 1762 1754 1758 1755 1753 1746 1757 1762 1756 1764 1763 1768 1763 1755 1759 1762 1751 1763 1748 1770 1766 1769 1755 1760 1755 1759 1758 1771 1748 1772 1757 1757 1742 1768 1774 1766 1748 1766 1756 1766 1766 1751 1756 1773 1762 1773 1758 1764 1768 1775 1744 1769 1771 1761 1760 1763 1752 1758 1766 1759 1758 1758 1743 1769 1768 1768 1771 1770 1757 1763 1762 1758 1753 1726 1744 1752 1764 1757 1755 1767 1759 1753 1757 1755 1759 1759 1767 1771 1757 1754 1771 1759 1749 1759 1748 1765 1753 1759 1771 1762 1759 1768 1760 1755 1752 1748 1761 1754 1761 1756 1765 1743 1767

Tree=0
num_leaves=15
num_cat=0
split_feature=0 0 1 6 3 1 30 4 11 4 13 23 18 11
split_gain=1402.99 201.135 176.577 200.41 130.998 130.498 119.557 119.235 126.267 115.677 107.497 98.2936 75.2106 65.9796
threshold=1.0000000180025095e-35 0.0022500000195577745 0.0024500000290572648 1.0000000180025095e-35 0.0029499999945983295 0.088550001382827773 0.0010500000207684936 0.0019500000635161998 0.85692113637924205 0.0083499997854232805 0.0031500000040978198 0.0017499999958090486 0.058900000527501113 0.23176149278879168
decision_type=2 2 2 2 2 2 2 2 2 2 2 2 2 2
left_child=2 7 -1 4 5 10 12 13 -9 -8 -4 -6 -5 -2
right_child=1 -3 3 6 11 -7 9 8 -10 -11 -12 -13 -14 -15
leaf_value=-1.0510469572788759 -0.997093526281987 -0.87152899350799284 -0.92368769893896829 -1.0372026298773274 -0.9150922313395069 -0.91305929619099013 -0.9041391891609456 -1.0289810473653043 -0.91016872718750941 -1.0146970548313543 -1.0138913505954139 -1.0088743911307949 -0.91268889067859105 -0.88818478939132695
leaf_weight=136.17648306488991 10.656335338950155 141.21850723028183 23.465133160352707 278.97643512487411 69.184718534350395 27.859586298465729 23.995340064167976 36.350171878933907 23.433498054742813 40.955632328987122 206.31595094501972 24.248421907424927 7.8762292116880408 58.074733331799507
leaf_count=573 33 304 56 731 183 71 64 73 70 104 473 44 25 126
internal_value=-0.983862 -0.904521 -1.00938 -1.0013 -0.979922 -0.994673 -1.02263 -0.94089 -0.982378 -0.973683 -1.00463 -0.939355 -1.03374 -0.904961
internal_weight=1108.79 269.733 839.054 702.877 351.074 257.641 351.804 128.515 59.7837 64.951 229.781 93.4331 286.853 68.7311
internal_count=2930 606 2324 1751 827 600 924 302 143 168 529 227 756 159
is_linear=0
shrinkage=1


Tree=1
num_leaves=15
num_cat=0
split_feature=3 60 6 1 35 46 1 15 59 77 10 23 13 32
split_gain=682.79 321.473 224.453 184.815 138.151 132.077 117.063 127.299 186.687 85.1525 80.5734 98.8438 71.8189 68.7663
threshold=0.002549999975599349 0.0017499999958090486 1.0000000180025095e-35 0.28174999356269842 0.003249999950639904 0.0014499999815598132 0.0024500000290572648 0.0018500000005587938 0.0010500000207684936 1.0000000180025095e-35 0.02465000003576279 0.0020500000100582842 0.0031500000040978198 0.003249999950639904
decision_type=2 2 2 2 2 2 2 2 2 2 2 2 2 2
left_child=3 2 13 6 -4 -6 -1 8 9 12 11 -3 -8 -2
right_child=1 10 4 -5 5 -7 7 -9 -10 -11 -12 -13 -14 -15
leaf_value=-0.033297211862902375 0.093170676584482789 0.1190988027932277 -0.013404425033290547 0.1142605443060191 0.0082007772287104614 0.10455859304898756 0.06329473011595671 -0.017076945458652015 0.1029286549737338 0.096662094312077826 0.13169935420417392 -0.033760045474207565 -0.0033405807294674666 0.0041636872509764437
leaf_weight=139.85420821607113 126.13800428807735 15.986673891544344 106.97601255774498 22.944160059094429 48.594741940498352 42.905796781182289 29.599363654851913 190.79595510661602 41.949692368507385 17.455982655286789 113.57602141797543 11.567200094461439 200.55865213274956 15.722173422574995
leaf_count=596 293 35 247 59 112 121 65 517 95 45 231 12 464 38
internal_value=0.0300029 0.0660206 0.0449312 0.00302778 0.0174274 0.0534927 -0.00109846 0.00827269 0.0249897 0.0117333 0.116782 0.0548935 0.00523542 0.0833442
internal_weight=1124.62 481.467 340.337 643.158 198.477 91.5005 620.214 480.36 289.564 247.614 141.13 27.5539 230.158 141.86
internal_count=2930 1089 811 1841 480 233 1782 1186 669 574 278 47 529 331
is_linear=0
shrinkage=0.04


Tree=2
num_leaves=15
num_cat=0
split_feature=0 1 4 59 0 23 15 11 11 49 46 22 10 6
split_gain=1086.74 151.039 169.707 146.47 136.526 122.108 95.0337 90.5298 78.3133 91.356 74.673 70.0697 60.0487 81.0876
threshold=1.0000000180025095e-35 0.0024500000290572648 0.0010500000207684936 0.0017499999958090486 0.0022500000195577745 0.0012500000302679839 0.024050000123679641 0.86493477225303661 0.2919119149446488 0.037499999627470977 0.043400000780820853 0.0029499999945983295 0.0012500000302679839 0.0017499999958090486
decision_type=2 2 2 2 2 2 2 2 2 2 2 2 2 2
left_child=1 -1 3 5 6 8 -2 -8 11 -10 -4 12 -3 -14
right_child=4 2 10 -5 -6 -7 7 -9 9 -11 -12 -13 13 -15
leaf_value=-0.033884856843266531 0.087134486250322316 -0.0015078473005813312 -0.011831357113053822 0.094917371434069545 0.12033532751574362 -0.024649594739012241 -0.037152600242005673 0.083558779460273055 0.10530754386529216 -0.036221757002973115 0.12567222900038841 -0.043595105937277528 0.057845638004480969 -0.030115140302835321
leaf_weight=131.87012715637684 95.530568525195122 63.031652837991714 311.84104216098785 48.953773245215416 156.69919069111347 73.602004200220108 23.376533672213554 17.122062399983406 39.678393185138702 8.8364276140928251 6.3462222367525092 22.384217798709869 119.29121333360672 19.381122007966042
leaf_count=573 215 152 923 114 304 120 40 47 87 18 12 30 265 30
internal_value=0.0284316 0.0054186 0.0126936 0.0301999 0.0948407 0.0210125 0.0653759 0.0138635 0.0333603 0.0794258 -0.00903767 0.0233384 0.0308041 0.0455104
internal_weight=1137.94 845.216 713.346 395.159 292.728 346.205 136.029 40.4986 272.603 48.5148 318.187 224.088 201.704 138.672
internal_count=2930 2324 1751 816 606 702 302 87 582 105 935 477 447 295
is_linear=0
shrinkage=0.04


Tree=3
num_leaves=15
num_cat=0
split_feature=0 1 6 0 46 25 15 11 3 1 9 62 16 28
split_gain=955.816 140.373 154.699 115.011 97.66 96.3016 88.9551 84.1599 77.4146 85.2473 68.4343 67.0832 83.1998 65.0109
threshold=1.0000000180025095e-35 0.0024500000290572648 1.0000000180025095e-35 0.0023500000825151805 0.0014499999815598132 0.0012500000302679839 0.023449999280273918 0.86493477225303661 0.0011500000255182388 0.097549997270107283 0.0097500002011656779 0.0028499999316409235 0.0014499999815598132 0.13212621957063678
decision_type=2 2 2 2 2 2 2 2 2 2 2 2 2 2
left_child=1 -1 5 6 -4 10 -2 -8 9 -7 13 12 -6 -3
right_child=3 2 4 -5 11 8 7 -9 -10 -11 -12 -13 -14 -15
leaf_value=-0.033097669095241138 0.082134136058990767 0.024032826487274919 -0.02100777339066592 0.11158140257885568 0.059314402738093255 -0.025533494348783787 -0.036939299606798287 0.076979718223134236 0.035252809608580044 0.089269554778195953 0.094790838803906929 0.11184546750563736 -0.016771319707909502 0.1255117461422959
leaf_weight=129.65393143892288 102.27880389988422 85.197323113679886 242.10260704159737 158.38464337587357 37.868240371346474 89.059010088443756 23.611870467662811 18.328271448612213 120.97505688667297 11.599820032715796 47.927795350551605 12.404839202761648 58.112047120928764 11.410031765699385
leaf_count=573 219 187 699 297 87 194 41 49 285 29 105 29 109 27
internal_value=0.0270027 0.00517833 0.0121123 0.088005 -0.00687348 0.0302928 0.0620258 0.012814 0.0136927 -0.0121885 0.0556931 0.024652 0.0132365 0.036177
internal_weight=1148.91 846.311 716.657 302.604 350.488 366.169 144.219 41.9401 221.634 100.659 144.535 108.385 95.9803 96.6074
internal_count=2930 2324 1751 606 924 827 309 90 508 223 319 225 196 214
is_linear=0
shrinkage=0.04


Tree=4
num_leaves=15
num_cat=0
split_feature=3 2 6 1 7 5 1 4 15 9 13 14 69 32
split_gain=505.546 288.789 214.842 140.389 96.3331 94.0142 88.383 108.631 69.8052 62.9084 68.1778 65.6548 59.0397 55.6413
threshold=0.002549999975599349 0.017849999479949478 0.0012500000302679839 0.28174999356269842 0.0042499999981373557 0.0014499999815598132 0.0024500000290572648 0.0010500000207684936 0.024050000123679641 0.026250000111758712 0.0031500000040978198 0.13475000113248828 0.0058500000741332778 0.002549999975599349
decision_type=2 2 2 2 2 2 2 2 2 2 2 2 2 2
left_child=3 2 8 4 6 -6 -1 9 13 10 -8 -12 -4 -2
right_child=1 -3 12 -5 5 -7 7 -9 -10 -11 11 -13 -14 -15
leaf_value=-0.036384531622922711 0.077413361316202661 0.099055330248490336 -0.0091503927418799449 0.094578382360819266 -0.00048091451213633295 0.10408803011659791 0.064712595929767691 -0.022206463888960054 -0.033259571659173856 0.076194442453583408 -0.0040015078587255356 0.077339888692304667 0.07693075346861615 0.015141871925273432
leaf_weight=123.5777844786644 157.1570101082325 164.56446668505669 137.15473932027817 25.183888778090477 28.986737474799156 25.950803905725479 33.123449191451073 178.70569197833538 11.397324174642561 26.781221136450768 186.68887475132942 17.247650340199471 13.95197720825672 27.141362771391869
leaf_count=558 340 315 315 59 76 58 69 554 18 52 381 34 45 56
internal_value=0.0257046 0.0554168 0.0346754 0.00218258 -0.00157223 0.0489409 -0.00648894 0.00185647 0.0623297 0.0181722 0.0115711 0.00289276 -0.00113028 0.0682776
internal_weight=1157.61 511.367 346.802 646.246 621.062 54.9375 566.125 442.547 195.696 263.841 237.06 203.937 151.107 184.298
internal_count=2930 1089 774 1841 1782 134 1648 1090 414 536 484 415 360 396
is_linear=0
shrinkage=0.04


Tree=5
num_leaves=15
num_cat=0
split_feature=0 1 8 44 14 23 15 12 10 20 5 52 24 15
split_gain=723.42 121.638 179.025 126.92 123.599 136.783 118.253 106.724 91.3168 64.883 63.2463 61.7616 52.4684 44.3411
threshold=0.0010500000207684936 0.0024500000290572648 0.013749999925494196 0.15164999663829806 0.11304999887943269 0.0010500000207684936 0.025150000117719177 0.0011500000255182388 0.002549999975599349 0.0033975100377574567 0.0071499999612569818 1.0000000180025095e-35 0.0012500000302679839 0.0087500000372529047
decision_type=2 2 2 2 2 2 2 2 2 2 2 2 2 2
left_child=1 10 4 -4 5 8 9 -8 -3 -2 -1 12 -10 -6
right_child=6 2 3 -5 13 -7 7 -9 11 -11 -12 -13 -14 -15
leaf_value=-0.037175686642657885 -0.042757807790986986 0.0064003032277828399 -0.023127634565317606 0.12211436945213663 0.076695575245846179 -0.018212006957541667 -0.034208076661769761 0.071949820302333531 0.10694031431108274 0.092487089687868715 0.12428467548285824 0.081619251687538738 0.017204271311372605 -0.039069984010431609
leaf_weight=124.658342897892 5.7252048701047888 132.05052778124809 244.19990757107735 9.9157164692878705 76.368651896715164 134.41033747792244 26.264787688851357 35.459137544035912 12.064364373683928 227.78581222891808 3.9000806808471671 64.505092158913612 74.850445196032524 5.5808580666780463
leaf_count=556 26 287 675 23 154 317 52 68 23 405 13 145 177 7
internal_value=0.021927 0.00378704 0.00992418 -0.0173987 0.0238239 0.0149946 0.076117 0.0267305 0.0307548 0.0891372 -0.0321536 0.0519493 0.0298148 0.068725
internal_weight=1177.74 882.504 753.946 254.116 499.83 417.881 295.235 61.7239 283.47 233.511 128.558 151.42 86.9148 81.9495
internal_count=2928 2377 1808 698 1110 949 551 120 632 431 569 345 200 161
is_linear=0
shrinkage=0.04


Tree=6
num_leaves=15
num_cat=0
split_feature=0 1 8 44 14 23 4 3 0 20 42 5 22 36
split_gain=651.215 113.371 164.2 113.694 109.857 124.845 107.592 90.4264 66.7962 63.2341 58.1993 56.8291 54.8933 39.7396
threshold=0.0010500000207684936 0.0024500000290572648 0.013749999925494196 0.15164999663829806 0.11304999887943269 0.0010500000207684936 0.01415000017732382 0.0023500000825151805 0.0023500000825151805 0.0033975100377574567 0.95717099308967601 0.0071499999612569818 0.0017499999958090486 0.0014499999815598132
decision_type=2 2 2 2 2 2 2 2 2 2 2 2 2 2
left_child=1 11 4 -4 5 7 9 10 -8 -2 13 -1 -9 -3
right_child=6 2 3 -5 -6 -7 8 12 -10 -11 -12 -13 -14 -15
leaf_value=-0.036422054499107938 -0.042781438199201063 0.044543243215664115 -0.022455611595119676 0.1122216766078941 0.064491375840493179 -0.017634280495248886 -0.012403232247765463 0.07350982279028552 0.084037966240447362 0.085999901525007291 -0.010332270872189976 0.11219776211088898 -0.014776497194873915 -0.022842480859688541
leaf_weight=122.20041945576668 6.1595049798488608 87.254848808050156 241.50610771775246 10.357267081737517 83.790156617760658 133.2877112776041 34.817133352160454 81.192616954445839 16.998965308070183 242.20816706120968 88.602091073989868 4.1525738537311545 12.961582720279692 16.526863560080528
leaf_count=556 29 189 675 23 161 317 74 180 39 409 191 13 33 39
internal_value=0.0209564 0.00362657 0.00949694 -0.0168591 0.0226865 0.0143201 0.0718339 0.0291991 0.0192595 0.0827741 0.0134389 -0.0314212 0.0613108 0.0337621
internal_weight=1182.02 881.832 755.479 251.863 503.616 419.826 300.184 286.538 51.8161 248.368 192.384 126.353 94.1542 103.782
internal_count=2928 2377 1808 698 1110 949 551 632 113 438 419 569 213 228
is_linear=0
shrinkage=0.04


Tree=7
num_leaves=15
num_cat=0
split_feature=0 1 8 44 1 23 0 4 2 22 50 13 14 2
split_gain=589.052 105.719 150.763 102.597 101.412 109.489 100.349 99.4835 79.5505 66.2319 56.6927 52.6946 47.9996 42.3712
threshold=0.0010500000207684936 0.0024500000290572648 0.013749999925494196 0.15164999663829806 0.22084999829530719 0.0010500000207684936 0.0022500000195577745 0.0019500000635161998 0.0010500000207684936 0.0069999999832361945 1.0000000180025095e-35 0.23780000209808352 0.11195000261068346 0.013349999673664572
decision_type=2 2 2 2 2 2 2 2 2 2 2 2 2 2
left_child=1 -1 4 -4 5 8 7 -2 10 -10 -3 -9 13 -7
right_child=6 2 3 -5 -6 12 -8 11 9 -11 -12 -13 -14 -15
leaf_value=-0.030712373790383499 0.074093059432591646 -0.0072769136591789383 -0.02180027334691419 0.10409586269287069 0.087794252329862488 -0.025286299411115005 0.088008051253681732 -0.033992872643092475 0.056583970901962544 -0.045864936266182189 0.04620124358683985 0.040252783000573243 0.033735951462256726 0.098903674816051251
leaf_weight=124.15496462583542 69.657022163271904 101.9580475538969 238.87258327007294 10.718974754214285 34.471759513020515 124.46739459037781 173.4618293941021 29.672249317169189 152.86885038018227 10.693633913993834 45.870129242539406 31.329191014170647 32.003664717078209 4.4477722793817511
leaf_count=569 137 208 675 23 70 296 291 48 329 15 114 75 65 13
internal_value=0.0200589 0.00347515 0.00909548 -0.016338 0.0216302 0.0167751 0.0680442 0.0414626 0.0306197 0.0498375 0.00930999 0.00407631 -0.00999268 -0.0208972
internal_weight=1184.65 880.528 756.373 249.592 506.781 472.309 304.12 130.658 311.391 163.562 147.828 61.0014 160.919 128.915
internal_count=2928 2377 1808 698 1110 1040 551 260 666 344 322 123 374 309
is_linear=0
shrinkage=0.04


Tree=8
num_leaves=15
num_cat=0
split_feature=2 5 71 25 39 6 5 68 45 40 14 77 1 13
split_gain=340.64 110.41 109.156 102.281 97.9345 84.1941 127.624 90.3344 73.7995 69.8508 57.5411 57.0152 53.2632 58.9622
threshold=0.011950000189244749 0.0010500000207684936 1.0000000180025095e-35 0.02400000020861626 0.0016499999910593035 1.0000000180025095e-35 0.0016499999910593035 1.0000000180025095e-35 0.0051500000990927228 0.0015499999863095584 0.18469999730587008 0.0015499999863095584 0.0028499999316409235 0.0042499999981373557
decision_type=2 2 2 2 2 2 2 2 2 2 2 2 2 2
left_child=2 -2 4 -3 5 6 12 -8 -5 -6 -7 -12 -1 -14
right_child=1 3 -4 8 9 10 7 -9 -10 -11 11 -13 13 -15
leaf_value=-0.031382857531832002 -0.035904293595250478 0.082097967649062215 0.088194144311513525 -0.025539775827100344 0.08409676756107809 -0.021409440123282237 0.047767122951137816 -0.017539684911981143 0.06535172999125434 0.011647034863682956 0.076218370798393484 -0.017191661530897819 0.064398584575062284 -0.0023470096371269061
leaf_weight=89.681650593876839 17.69705767929554 180.53883823752403 26.290667906403542 28.089260593056679 40.857009515166283 274.86244250833988 172.26294799149036 42.025208458304405 28.833846464753151 44.731637269258499 20.565708145499229 20.990719899535179 23.993615716695786 174.13518233597279
leaf_count=404 72 328 57 45 78 786 373 63 56 149 42 39 42 394
internal_value=0.0192309 0.0601664 0.00799489 0.0673551 0.00564884 0.00138429 0.0115721 0.0349386 0.0204642 0.0463365 -0.0147677 0.0290117 -0.00581758 0.00574419
internal_weight=1185.56 255.159 930.397 237.462 904.106 818.517 502.099 214.288 56.9231 85.5886 316.419 41.5564 287.81 198.129
internal_count=2928 501 2427 429 2370 2143 1276 436 101 227 867 81 840 436
is_linear=0
shrinkage=0.04


Tree=9
num_leaves=15
num_cat=0
split_feature=26 46 19 70 1 4 11 13 8 54 1 5 7 5
split_gain=312.387 152.162 139.727 116.696 91.7294 117.484 110.987 80.8032 61.8129 58.7643 60.1846 48.9228 62.3895 47.414
threshold=0.0012500000302679839 0.0034500000765547161 0.0012500000302679839 0.002549999975599349 0.0014499999815598132 0.0019500000635161998 0.2919119149446488 0.0037500000325962905 0.040049999952316291 0.0076500000432133683 0.069449998438358321 0.0016499999910593035 0.002650000038556755 0.10444999858736993
decision_type=2 2 2 2 2 2 2 2 2 2 2 2 2 2
left_child=1 4 9 -2 -1 6 7 -6 -8 10 -3 -9 -13 -7
right_child=3 2 -4 -5 5 13 8 11 -10 -11 -12 12 -14 -15
leaf_value=-0.035790155273573217 0.082857162535931658 0.0050432000759473242 -0.041517828697821904 0.0048829792716816789 0.052702138111645161 -0.018592069885772302 0.062154995049100527 -0.013565921778144812 -0.031138738616341827 -0.021150527773528181 0.072923492663949596 0.0021864910525668038 0.06927900265183172 0.10177013180268492
leaf_weight=91.435115784406662 144.95468443632126 25.070354625582695 28.015939578413963 39.114414617419243 52.950400710105896 236.46676048636436 104.7283573448658 185.53470768034458 12.623471304774283 14.787722140550612 129.97741334140301 86.01292397081852 29.845909506082535 5.247740536928176
leaf_count=470 250 46 40 94 108 725 235 424 22 29 237 175 59 14
internal_value=0.0184339 0.0096333 0.0410527 0.0663211 0.00190051 0.00674112 0.0183636 0.00717877 0.0520674 0.0547134 0.0619837 -0.000820575 0.0195492 -0.0159214
internal_weight=1186.77 1002.7 197.851 184.069 804.845 713.41 471.696 354.344 117.352 169.835 155.048 301.394 115.859 241.715
internal_count=2928 2584 352 344 2232 1762 1023 766 257 312 283 658 234 739
is_linear=0
shrinkage=0.04


Tree=10
num_leaves=15
num_cat=0
split_feature=0 1 4 9 20 34 6 28 54 77 19 56 14 18
split_gain=518.276 124.879 121.113 119.644 83.4087 60.4492 58.9522 77.9199 58.2361 55.1021 47.1197 56.7267 43.5424 54.4639
threshold=1.0000000180025095e-35 0.0017499999958090486 0.0010500000207684936 0.025850000791251663 0.0015495850821025672 0.022950000129640106 0.0020500000100582842 0.0022493399446830158 0.0010500000207684936 0.0012500000302679839 1.0000000180025095e-35 0.0019500000635161998 0.096599999815225615 0.0037500000325962905
decision_type=2 2 2 2 2 2 2 2 2 2 2 2 2 2
left_child=1 -1 3 6 -2 -4 7 -3 9 -7 -6 -12 13 -9
right_child=4 2 5 -5 10 8 -8 12 -10 -11 11 -13 -14 -15
leaf_value=-0.038477969728143012 -0.054676941737957473 -0.011146112961364925 -0.022681547508338493 0.068092512383129508 0.072180147358762534 0.0023615077699400359 -0.031525061380904884 0.016746324898408348 -0.013993112872628517 0.077014985220415805 -0.019214981954874914 0.070337775645722675 0.070756546639120857 0.097073773820097103
leaf_weight=97.60337121784687 9.3001520782709104 89.914997115731239 195.12167912721634 79.527081072330475 283.08982427418232 31.649893924593925 40.723121181130409 146.27047555148602 64.672922104597092 31.770055428147316 21.350459724664688 23.776727855205536 40.363499283790588 14.825379952788351
leaf_count=483 47 217 600 154 489 84 71 312 164 94 32 60 69 31
internal_value=0.0209601 0.00400045 0.00965246 0.0240424 0.0627633 -0.00866294 0.0134643 0.0197745 0.0126612 0.0398843 0.0661189 0.0279316 0.0335935 0.0242192
internal_weight=1169.96 832.442 734.839 411.625 337.517 323.215 332.097 291.374 128.093 63.4199 328.217 45.1272 201.459 161.096
internal_count=2907 2279 1796 854 628 942 700 629 342 178 581 92 412 343
is_linear=0
shrinkage=0.04


Tree=11
num_leaves=15
num_cat=0
split_feature=0 1 4 9 35 57 20 13 9 1 19 56 18 16
split_gain=475.022 117.01 111.023 107.805 77.8425 77.7685 76.4988 54.8639 49.1411 44.0997 42.9697 51.7188 39.2928 47.724
threshold=1.0000000180025095e-35 0.0017499999958090486 0.0010500000207684936 0.025850000791251663 0.0065500000491738328 1.0000000180025095e-35 0.0015495850821025672 0.0031500000040978198 0.022349999286234382 0.0073500000871717939 1.0000000180025095e-35 0.0019500000635161998 0.0010500000207684936 0.0011500000255182388
decision_type=2 2 2 2 2 2 2 2 2 2 2 2 2 2
left_child=1 -1 3 5 -4 7 -2 -3 -6 -7 -8 -12 13 -9
right_child=6 2 4 -5 8 9 10 12 -10 -11 11 -13 -14 -15
leaf_value=-0.037802033880759471 -0.053840137633752311 0.046868473125233207 -0.016197507117517825 0.064430402020244359 -0.030965730632451761 -0.038447668706018533 0.068980486627890844 0.0079721184489923869 0.06579914260591789 0.088165931103424452 -0.018582107293870425 0.06688990952549545 0.041679732624299089 -0.029946099989525105
leaf_weight=95.420896366238594 9.073060214519499 45.095598220825195 277.74904282391071 80.666425824165344 11.15611547231674 5.0606816709041587 284.34796470403671 136.09220680594444 32.696749225258827 29.607820391654968 21.201004579663277 24.002446219325066 30.304963067173958 86.862357541918755
leaf_count=483 47 87 825 154 21 17 489 278 96 52 32 60 75 191
internal_value=0.0201239 0.00383936 0.00925312 0.0229578 -0.00836494 0.0128837 0.0600484 0.0062692 0.0410768 0.0695112 0.0632115 0.0267616 -0.000959791 -0.00678956
internal_weight=1169.34 830.713 735.292 413.69 321.602 333.024 338.624 298.355 43.8529 34.6685 329.551 45.2035 253.26 222.955
internal_count=2907 2279 1796 854 942 700 628 631 117 69 581 92 544 469
is_linear=0
shrinkage=0.04


Tree=12
num_leaves=15
num_cat=0
split_feature=0 3 6 20 35 1 4 14 18 1 24 57 19 56
split_gain=436.792 114.604 82.2204 70.3663 66.36 63.3337 79.3271 52.2291 48.1158 43.455 40.4599 44.9922 39.398 47.2882
threshold=1.0000000180025095e-35 0.0020500000100582842 0.0012500000302679839 0.0015495850821025672 0.0066499998793005952 0.0019500000635161998 0.0010500000207684936 0.13475000113248828 0.0022500000195577745 0.015050000045448543 1.0000000180025095e-35 0.0011500000255182388 1.0000000180025095e-35 0.0019500000635161998
decision_type=2 2 2 2 2 2 2 2 2 2 2 2 2 2
left_child=1 5 9 -2 -4 -1 7 8 10 -3 -7 -12 -5 -14
right_child=3 2 4 12 -6 6 -8 -9 -10 -11 11 -13 13 -15
leaf_value=-0.037371824956337084 -0.05305597466974029 0.01621027258961669 -0.011194288829244017 0.066093662604890815 0.052186133900866828 0.053781255960087128 -0.023652456873961458 0.063171288067922798 0.068608956434411783 0.060063608877581512 -0.01022171602000593 0.062860987790800293 -0.017968347729870906 0.063773833103205307
leaf_weight=94.817700281739235 8.8449667543172819 58.489499717950821 122.96093495190144 284.88777787983418 33.553339749574661 20.727849811315536 157.81561636924744 28.56043253839016 18.010861292481422 96.243547186255455 183.11959762871265 14.440347224473951 21.05461610853672 24.169447496533394
leaf_count=494 47 158 297 489 84 43 516 45 39 183 391 29 32 60
internal_value=0.0193391 0.00368617 0.0228656 0.0575861 0.00239223 -0.00784383 -0.00120314 0.012162 0.00595569 0.0435339 0.000738822 -0.00483051 0.0605779 0.0256738
internal_weight=1167.7 828.74 311.247 338.957 156.514 517.492 422.675 264.859 236.299 154.733 218.288 197.56 330.112 45.2241
internal_count=2907 2279 722 628 381 1557 1063 547 502 341 463 420 581 92
is_linear=0
shrinkage=0.04


Tree=13
num_leaves=15
num_cat=0
split_feature=3 2 8 1 15 69 38 40 14 43 32 14 1 60
split_gain=335.489 122.737 121.334 83.926 91.5478 68.6074 61.6666 57.8493 69.2626 66.3482 49.2823 44.8277 44.1398 43.9855
threshold=0.002549999975599349 0.017849999479949478 0.011149999685585501 0.0019500000635161998 0.0066499998793005952 0.002549999975599349 0.00045000000682193791 0.0013499999768100681 0.088449999690055861 0.0019500000635161998 0.003249999950639904 0.028350000269711021 0.26809999346733099 0.0017499999958090486
decision_type=2 2 2 2 2 2 2 2 2 2 2 2 2 2
left_child=3 2 10 -1 6 11 7 8 13 -10 -2 -4 -7 -5
right_child=1 -3 5 4 -6 12 -8 -9 9 -11 -12 -13 -14 -15
leaf_value=-0.034358774813179289 0.053344082097199083 0.06922907839919229 -0.044458925790099836 0.0019370576556546656 -0.025791150078997075 0.072438221857505855 0.06185457543118332 -0.031448431999650243 0.067916773437731032 -0.040926409431662654 -0.012116070670026052 0.0066300303600326195 -0.053265498454301112 0.083851477389234791
leaf_weight=102.58728538453579 197.97136399149895 175.53487186133862 46.96193839609623 239.16606925427914 118.06441062688828 26.776986107230186 39.187850400805473 48.681440412998199 57.604405254125595 10.490623682737349 20.14245642721653 65.730652213096619 5.2475916445255271 10.876947253942488
leaf_count=534 384 315 80 558 356 75 74 161 108 14 38 187 9 14
internal_value=0.0186038 0.0417593 0.0284431 -0.00128631 0.00518533 1.52948e-05 0.0142071 0.00909046 0.0153142 0.0510545 0.0472778 -0.0146451 0.051614 0.00554845
internal_weight=1165.02 538.366 362.831 626.659 524.072 144.717 406.007 366.819 318.138 68.095 218.114 112.693 32.0246 250.043
internal_count=2907 1088 773 1819 1285 351 929 855 694 122 422 267 84 572
is_linear=0
shrinkage=0.04


Tree=14
num_leaves=15
num_cat=0
split_feature=0 3 6 20 1 15 30 54 21 22 59 32 15 12
split_gain=379.449 96.8867 69.9088 61.5579 56.7266 69.912 55.7599 57.5124 50.7228 49.82 62.4139 38.8341 37.2605 41.7656
threshold=1.0000000180025095e-35 0.0020500000100582842 0.0012500000302679839 0.0015495850821025672 0.0019500000635161998 0.0066499998793005952 0.0010500000207684936 0.0031500000040978198 0.13904999941587451 0.0024500000290572648 1.0000000180025095e-35 0.0027499999850988392 0.017250000499188903 0.0011500000255182388
decision_type=2 2 2 2 2 2 2 2 2 2 2 2 2 2
left_child=1 4 11 -2 -1 9 8 -8 -4 10 -6 -3 -5 -14
right_child=3 2 6 12 5 -7 7 -9 -10 -11 -12 -13 13 -15
leaf_value=-0.036128699274618092 -0.051970290365038758 0.0487070901273031 -0.018506648156786019 0.063175113824128368 0.0043690242545107831 -0.03233524398705151 0.077034682222606995 -0.020810501966415908 0.10401998816881464 -0.036918821433934032 0.05337429633782665 -0.0037724306040730895 -0.0093629348366007278 0.055303617159593615
leaf_weight=90.716610819101334 8.4939181208610517 129.94166462123394 109.60248395800591 262.55533495545387 243.18387280404568 90.721147567033768 26.419567629694939 14.934818118810652 5.5798190236091605 36.144918292760849 50.127529591321945 27.111383408308029 26.484960809350014 39.737052798271179
leaf_count=494 47 277 270 445 602 280 67 32 12 62 119 64 51 85
internal_value=0.0179047 0.00327653 0.0207783 0.0536408 -0.00746028 -0.0012541 0.00182993 0.0416372 -0.0124513 0.00729967 0.0127731 0.0396257 0.0563964 0.0294053
internal_weight=1161.76 824.484 313.59 337.271 510.894 420.177 156.537 41.3544 115.182 329.456 293.311 157.053 328.777 66.222
internal_count=2907 2279 722 628 1557 1063 381 99 282 783 721 341 581 136
is_linear=0
shrinkage=0.04


Tree=15
num_leaves=15
num_cat=0
split_feature=60 3 16 21 69 7 10 35 21 5 8 21 42 43
split_gain=216.316 107.793 92.4101 85.7478 74.1098 55.517 51.2317 42.1506 39.4059 50.4621 55.5368 38.5566 34.2666 33.9758
threshold=0.0027499999850988392 0.0010500000207684936 0.0013499999768100681 0.12774999439716342 0.003249999950639904 0.0039500000420957812 0.0046500000171363362 0.0010500000207684936 0.0016499999910593035 0.0016499999910593035 0.29895000159740454 1.0000000180025095e-35 0.87638279795646679 0.01415000017732382
decision_type=2 2 2 2 2 2 2 2 2 2 2 2 2 2
left_child=1 5 6 4 8 -1 7 11 -4 12 -11 -3 -10 -8
right_child=-2 2 3 -5 -6 -7 13 -9 9 10 -12 -13 -14 -15
leaf_value=-0.011249763264500515 0.059538022862092962 0.021633184615572048 -0.02047564189768725 0.08727949440489019 0.041666281438440748 0.047811525096616771 0.065722651761458986 0.056453259115133013 0.051373732499388085 0.04047799498592302 -0.038935886114091427 -0.04631126311569455 -0.031754223918846164 -0.025216567472033331
leaf_weight=360.5377736389637 159.50316543877125 43.123321652412415 136.56388556957245 20.785656332969666 67.663248792290688 27.282333388924599 104.54387778043747 33.04786491394043 9.2026043981313688 80.917686656117439 16.923109635710716 19.241460368037224 53.057397753000259 6.8974531292915335
leaf_count=1238 263 99 312 37 186 61 201 66 24 207 26 37 134 12
internal_value=0.0163498 0.00930961 0.0200488 0.00844885 0.00391771 -0.00707336 0.0416115 0.020004 -0.00468964 0.00875502 0.0266755 0.000565609 -0.0193403 0.0600407
internal_weight=1139.29 979.788 591.968 385.114 364.328 387.82 206.854 95.4126 296.665 160.101 97.8408 62.3648 62.26 111.441
internal_count=2903 2640 1341 926 889 1299 415 202 703 391 233 136 158 213
is_linear=0
shrinkage=0.04


Tree=16
num_leaves=15
num_cat=0
split_feature=0 4 5 24 11 24 20 20 6 50 17 29 23 33
split_gain=314.252 74.3426 158.824 61.0887 52.343 48.2261 47.6035 45.8868 40.5926 49.8356 35.1023 31.7072 43.0963 31.3429
threshold=0.0019500000635161998 0.0029499999945983295 0.0016499999910593035 0.019049999304115776 0.1004997529089451 1.0000000180025095e-35 0.02641791291534901 0.12425640225410463 0.0018500000005587938 0.0057500000111758718 0.044250000268220908 0.046150000765919692 0.0012500000302679839 0.033350000157952316
decision_type=2 2 2 2 2 2 2 2 2 2 2 2 2 2
left_child=1 2 3 7 5 -4 -3 -1 10 -10 -6 12 -5 -8
right_child=-2 6 4 11 8 -7 13 -9 9 -11 -12 -13 -14 -15
leaf_value=-0.016973923414634506 0.062812223390534355 -0.027917801178902135 0.080901653600409559 0.053739437983757528 0.053472441903500027 -0.030276905924642956 0.014998598691285716 0.098474772759108639 -0.02613008635858062 0.051648557244574296 -0.0076125764991199123 -0.030435132837060407 -0.010777994640048192 -0.026613932325981381
leaf_weight=254.69451960921288 189.01368829607964 134.88693535327911 7.6702799499034873 53.207739382982254 198.46128915250301 31.525679796934128 115.82226340472698 5.5227393805980673 28.525750905275345 24.290645435452461 16.138557761907578 14.519129455089567 23.855458900332451 38.470039203763008
leaf_count=846 337 478 22 118 385 79 300 8 49 63 26 31 56 105
internal_value=0.015731 0.00632997 0.0137571 -0.00457393 0.0347974 -0.00826801 -0.0105655 -0.0144714 0.0411253 0.00959529 0.0488586 0.0234898 0.0337277 0.00458683
internal_weight=1136.6 947.591 658.412 351.8 306.612 39.196 289.179 260.217 267.416 52.8164 214.6 91.5823 77.0632 154.292
internal_count=2903 2566 1683 1059 624 101 883 854 523 112 411 205 174 405
is_linear=0
shrinkage=0.04


Tree=17
num_leaves=15
num_cat=0
split_feature=0 4 1 9 55 20 13 31 59 28 17 57 21 15
split_gain=293.483 68.6736 114.575 64.7558 45.8345 44.6861 39.7 39.1846 38.0176 51.3944 36.4374 36.4867 30.684 28.8211
threshold=0.0019500000635161998 0.0029499999945983295 0.014349999837577345 0.019450000487267975 0.0011500000255182388 0.02641791291534901 0.2071500048041344 0.0084500000812113302 0.0021499999566003685 0.042623708024621017 0.0019500000635161998 1.0000000180025095e-35 0.078549999743700041 0.0049499999731779107
decision_type=2 2 2 2 2 2 2 2 2 2 2 2 2 2
left_child=1 2 8 7 -5 -3 -6 10 9 -1 -4 -12 13 -7
right_child=-2 5 3 4 6 12 -8 -9 -10 -11 11 -13 -14 -15
leaf_value=-0.0051761220398247 0.060910945410892467 -0.027216067425074396 0.048816371711099843 0.055973471661171649 0.067336353557378908 0.043846524956702639 -0.029004396908726297 -0.054245079666821579 -0.045393486421250691 0.058087631648588954 -0.0028402339431915563 0.056001414151351771 0.098338131227743708 -0.0061919658283198942
leaf_weight=246.83608511090279 187.15729768574238 132.8740953207016 43.432465359568596 140.68500550091267 10.02594503760338 21.410471707582474 20.995776280760765 13.110437661409376 32.913758352398872 22.310399860143661 107.31729871034622 19.881452307105064 5.2703687250614157 127.81602899730206
leaf_count=728 337 478 106 258 26 60 33 30 217 56 198 31 13 332
internal_value=0.0151605 0.00608878 0.01322 0.028611 0.0462741 -0.0102126 0.00211987 0.0120669 -0.00488156 7.27799e-05 0.0172142 0.00636219 0.00439349 0.000985142
internal_weight=1132.04 944.88 657.509 355.448 171.707 287.371 31.0217 183.742 302.06 269.146 170.631 127.199 154.497 149.227
internal_count=2903 2566 1683 682 317 883 59 365 1001 784 335 229 405 392
is_linear=0
shrinkage=0.04


Tree=18
num_leaves=15
num_cat=0
split_feature=0 33 10 16 2 1 23 45 35 37 18 10 74 7
split_gain=274.638 64.4106 115.018 57.7889 56.7037 40.4361 39.0184 43.3801 38.3517 46.0468 31.7425 31.6062 31.1255 29.1943
threshold=0.0019500000635161998 0.0010500000207684936 0.0037500000325962905 0.0011500000255182388 0.0067499999422580012 0.014349999837577345 0.0011500000255182388 0.0085500003769993799 0.003249999950639904 0.64779999852180492 0.0038499999791383748 0.019949999637901786 0.022299999371171001 0.082449998706579222
decision_type=2 2 2 2 2 2 2 2 2 2 2 2 2 2
left_child=1 2 5 -4 10 13 7 -7 -3 11 12 -10 -5 -1
right_child=-2 8 3 4 -6 6 -8 -9 9 -11 -12 -13 -14 -15
leaf_value=-0.015232071628668638 0.059155847428481019 -0.020212671302300766 0.051420297389192814 -0.010567927125251843 0.061414897450577717 0.04667181641952791 -0.013734860708216173 -0.026424087689030387 -0.018771877045722706 -0.041056555538546584 0.041144425797265828 0.039974707157267746 0.079782146108391308 0.088665228367927659
leaf_weight=216.97777433693409 185.04707503318787 191.96851475536823 127.15078695118427 104.42197258770466 35.047331660985947 64.511464625597 47.143273428082466 16.114517062902451 19.504498198628426 21.508593872189522 29.818717747926712 57.2965167760849 6.373400777578353 4.3067554235458365
leaf_count=797 337 611 250 235 64 123 93 21 78 25 70 179 13 7
internal_value=0.0146161 0.00585846 0.0128398 0.030876 0.0159616 -0.00279996 0.0150951 0.0319981 -0.00980445 0.0104789 0.00456862 0.0249983 -0.0052673 -0.0131528
internal_weight=1127.19 942.144 651.866 302.812 175.661 349.054 127.769 80.626 290.278 98.3096 140.614 76.801 110.795 221.285
internal_count=2903 2566 1673 632 382 1041 237 144 893 282 318 257 248 804
is_linear=0
shrinkage=0.04


Tree=19
num_leaves=15
num_cat=0
split_feature=0 1 4 50 32 9 35 37 21 71 29 18 7 1
split_gain=257.423 60.3905 79.4072 86.7519 54.7635 57.2067 40.9599 44.7167 43.1766 40.7074 37.9571 28.5155 28.2202 37.0886
threshold=0.0019500000635161998 0.0014499999815598132 0.0029499999945983295 0.015649999491870407 0.0019500000635161998 0.0099499998614192026 0.0034500000765547161 0.68130001425743114 0.0040500001050531873 0.0011500000255182388 0.013349999673664572 0.0027499999850988392 0.0014499999815598132 0.010549999773502352
decision_type=2 2 2 2 2 2 2 2 2 2 2 2 2 2
left_child=1 -1 3 4 5 9 -4 8 -8 10 11 -3 13 -7
right_child=-2 2 6 -5 -6 12 7 -9 -10 -11 -12 -13 -14 -15
leaf_value=-0.027849301118449087 0.057528752969174035 -0.007908417481630561 -0.019866891081932687 0.064620485447576204 -0.018183891851749817 -0.019651037871816768 -0.0012643376474176743 -0.039763669499169707 0.060532068615284582 0.078243805534987498 0.082055959757299832 0.061962080881567669 0.04585202681196246 0.031390660158660294
leaf_weight=78.765973016619682 182.71934069693089 190.81590595841408 183.84521985054016 55.505506977438927 80.888482078909874 31.045039132237434 38.744086354970932 20.144282132387161 33.62627711892128 10.822229281067846 8.3519367277622205 9.7191106230020505 112.55436536669731 84.102499708533287
leaf_count=478 337 447 601 113 177 74 121 20 92 17 22 20 207 177
internal_value=0.014101 0.00564037 0.00871457 0.0170778 0.0120639 0.0175443 -0.008938 0.0127347 0.0274376 0.00296029 -0.000956511 -0.00447295 0.0315914 0.0175894
internal_weight=1121.65 938.931 860.165 583.805 528.3 447.411 276.36 92.5146 72.3704 219.709 208.887 200.535 227.702 115.148
internal_count=2903 2566 2088 1254 1141 964 834 233 213 506 489 467 458 251
is_linear=0
shrinkage=0.04


Tree=20
num_leaves=15
num_cat=0
split_feature=3 61 6 43 1 5 22 11 6 34 23 7 22 59
split_gain=161.65 63.8054 71.9472 63.5872 81.1123 67.5702 56.6076 42.9352 48.8149 42.3241 45.92 39.353 34.9502 32.6305
threshold=0.0023500000825151805 1.0000000180025095e-35 0.0012500000302679839 0.0019500000635161998 0.026549999602139 0.0064499999862164268 1.0000000180025095e-35 0.34972074627876287 0.017749999649822715 0.00035000000207219278 0.0039500000420957812 0.012050000019371511 0.0014499999815598132 0.0013499999768100681
decision_type=2 2 2 2 2 2 2 2 2 2 2 2 2 2
left_child=3 2 12 4 5 13 9 -4 -9 -6 -11 -8 -2 -1
right_child=1 -3 7 -5 6 -7 11 8 -10 10 -12 -13 -14 -15
leaf_value=-0.0068482901199564917 0.040937637950394297 0.053835526412389853 -0.028875962716311127 -0.02691596565038883 -0.016837371073903915 0.055212049774265949 -0.045601322309060575 0.02888412226839299 -0.035772638928634325 0.060437870454841711 -0.00096203312854902857 0.07979497613828887 -0.0053619797134945744 -0.044423090537224139
leaf_weight=238.97119155526161 205.15613736212254 123.66667687892914 53.452407523989677 126.4601077735424 18.885518446564674 25.453047677874565 23.132500752806667 85.813809797167778 23.736979678273201 92.042805910110474 24.550736621022224 4.7257490754127494 29.688098803162575 43.761471122503281
leaf_count=716 396 251 94 411 38 74 36 244 66 185 56 8 67 266
internal_value=0.012453 0.0287271 0.0209008 -0.00173583 0.00501315 -0.00705467 0.0277976 0.000456496 0.0148183 0.0384833 0.0474851 -0.0239773 0.0350678 -0.0126919
internal_weight=1119.5 521.514 397.847 597.983 471.523 308.186 163.337 163.003 109.551 135.479 116.594 27.8582 234.844 282.733
internal_count=2908 1118 867 1790 1379 1056 323 404 310 279 241 44 463 982
is_linear=0
shrinkage=0.04


Tree=21
num_leaves=15
num_cat=0
split_feature=0 1 8 50 22 20 9 25 10 21 20 10 33 61
split_gain=222.838 66.5153 71.9861 61.6691 45.8951 44.0649 45.1515 44.1568 49.4103 42.9772 42.9651 36.6832 48.3473 36.4982
threshold=0.0023500000825151805 0.0014499999815598132 0.011149999685585501 0.030250000767409805 0.0014499999815598132 0.0056440026964992293 0.010750000365078451 0.0011500000255182388 0.0019500000635161998 0.0037500000325962905 0.11847586184740068 0.0073500000871717939 0.01925000082701445 0.014950000215321781
decision_type=2 2 2 2 2 2 2 2 2 2 2 2 2 2
left_child=1 -1 3 4 5 6 -3 -7 -9 13 -6 -11 -13 -4
right_child=-2 2 9 -5 10 7 -8 8 -10 11 -12 12 -14 -15
leaf_value=-0.030753910546662842 0.057199497466197777 -0.0069887171969654372 -0.022275830196578271 0.064608448910880009 -0.028828224114099136 0.05187414480228842 0.035820863155423502 -0.01851735901776386 0.028228205767627995 -0.034856391849015081 0.078150136359473849 0.052959243913095325 -0.024560431844106924 0.053731533025598938
leaf_weight=76.797470524907112 150.8525543063879 165.64606320858002 193.62974047660828 38.768584311008453 61.261863484978676 82.098005503416061 51.597109898924828 47.579844608902931 149.05443827807903 17.392899751663208 6.5464822798967353 44.496223121881485 17.946418762207031 10.543050318956373
leaf_count=486 285 383 586 83 124 169 127 106 297 52 15 129 33 33
internal_value=0.0120086 0.00492278 0.00802087 0.0158476 0.0124766 0.0167009 0.00317232 0.0272257 0.0168931 -0.00857 -0.0183413 0.0162733 0.030612 -0.018307
internal_weight=1114.21 963.358 886.561 602.552 563.784 495.975 217.243 278.732 196.634 284.008 67.8083 79.8355 62.4426 204.173
internal_count=2908 2623 2137 1304 1221 1082 510 572 403 833 139 214 162 619
is_linear=0
shrinkage=0.04


Tree=22
num_leaves=15
num_cat=0
split_feature=0 1 8 1 64 23 7 35 14 52 49 45 7 50
split_gain=209.921 62.2447 66.7824 62.5452 38.624 38.4217 36.6659 36.0174 30.0971 30.7252 29.8612 29.7204 43.0442 31.6409
threshold=0.0023500000825151805 0.0014499999815598132 0.0072500000242143878 0.15224999934434894 1.0000000180025095e-35 1.0000000180025095e-35 0.053400000557303436 0.0066499998793005952 0.11195000261068346 0.0011500000255182388 0.0012500000302679839 0.0089499996975064295 0.0028499999316409235 0.014949999749660494
decision_type=2 2 2 2 2 2 2 2 2 2 2 2 2 2
left_child=1 -1 3 4 5 11 8 -4 9 -7 -9 13 -13 -3
right_child=-2 2 7 -5 -6 6 -8 10 -10 -11 -12 12 -14 -15
leaf_value=-0.030148407236043784 0.055869607363456045 0.016435624110166653 -0.013421703436969688 0.055082281045697908 0.052326980836625403 0.0035116329227566218 0.078443421131839108 -0.03693459506018492 0.032119333579699968 -0.038861661110878035 0.033496570875717606 -0.051648817697557123 0.049560441211041154 0.070429810448110253
leaf_weight=75.240103974938393 148.31929309666157 279.42712309956551 258.64964099228382 58.731813371181488 34.415530294179916 45.612538084387779 7.1461986601352683 11.719754055142401 19.263423681259155 67.733616575598717 51.221210762858391 22.029392495751384 9.5328697860240919 18.492343842983246
leaf_count=486 285 627 772 111 60 152 15 12 40 120 150 22 18 38
internal_value=0.0115976 0.00474279 0.00772017 0.0160352 0.0114639 0.00844779 -0.00910398 -0.00680882 -0.0139075 -0.0217866 0.0202809 0.0159053 -0.0208939 0.0198231
internal_weight=1107.53 959.216 883.975 562.385 503.653 469.238 139.756 321.591 132.61 113.346 62.941 329.482 31.5623 297.919
internal_count=2908 2623 2137 1203 1092 1032 327 934 312 272 162 705 40 665
is_linear=0
shrinkage=0.04


Tree=23
num_leaves=15
num_cat=0
split_feature=0 1 15 50 22 1 23 21 56 78 20 28 20 34
split_gain=197.995 58.5937 52.1966 55.6435 54.0581 56.2124 70.4652 42.6841 48.0847 63.8939 41.8341 29.5318 32.689 33.929
threshold=0.0023500000825151805 0.0017499999958090486 0.0066499998793005952 0.030250000767409805 0.0014499999815598132 0.050499999895691879 0.0013499999768100681 0.0015499999863095584 0.0011500000255182388 0.007849999703466894 0.11847586184740068 0.0021493949461728339 0.0056440026964992293 0.0019500000635161998
decision_type=2 2 2 2 2 2 2 2 2 2 2 2 2 2
left_child=1 -1 3 4 5 6 11 -4 -9 -10 -6 -3 13 -13
right_child=-2 2 7 -5 10 -7 -8 8 9 -11 -12 12 -14 -15
leaf_value=-0.026572738765511552 0.054625845356018256 -0.0043335874877016697 -0.022280856974520587 0.061237963683166287 -0.029872895583378661 0.03800883753394476 -0.026344519613159992 -0.01608361712679305 0.06264548165303746 -0.052072502171680989 0.07434374694556975 0.018145013569238637 0.036257526525880823 -0.040712580995865527
leaf_weight=87.626318238675594 145.68414524197578 81.280904650688171 140.9356696754694 37.105300828814507 69.533515378832817 131.35804462432861 77.535813868045807 48.321741744875908 39.347679778933525 9.5540944784879667 6.6475701034069052 71.221202820539474 134.66989701986313 19.964828789234161
leaf_count=521 285 198 433 80 141 260 212 150 109 15 16 187 270 31
internal_value=0.0112036 0.00457109 0.00772434 0.0137622 0.0107709 0.0154191 0.00768689 -0.00821243 0.0121421 0.0400905 -0.020641 0.0162968 0.0237376 0.00518407
internal_weight=1100.79 955.103 867.476 629.317 592.212 516.031 384.673 238.159 97.2235 48.9018 76.1811 307.137 225.856 91.186
internal_count=2908 2623 2102 1395 1315 1158 898 707 274 124 157 686 488 218
is_linear=0
shrinkage=0.04


Tree=24
num_leaves=15
num_cat=0
split_feature=0 1 4 11 31 13 34 54 45 36 29 18 57 29
split_gain=186.935 54.8406 59.5031 77.1729 55.8394 41.6934 40.0472 43.2156 34.2036 33.6061 27.988 27.9033 31.8304 32.5274
threshold=0.0023500000825151805 0.0014499999815598132 0.0010500000207684936 0.2919119149446488 0.014050000347197058 0.0037500000325962905 0.022950000129640106 0.0014499999815598132 0.0079499999992549437 0.0014499999815598132 0.13170000165700915 0.0010500000207684936 0.0027499999850988392 0.0061500000301748523
decision_type=2 2 2 2 2 2 2 2 2 2 2 2 2 2
left_child=1 -1 3 5 10 9 -4 -8 -9 -3 -5 12 13 -7
right_child=-2 2 6 4 -6 11 7 8 -10 -11 -12 -13 -14 -15
leaf_value=-0.02901868911604491 0.053458872556057309 0.049393395235367475 -0.017467104610870584 0.046046454921243603 -0.036639977743653643 -0.016608562702527415 0.023699775696758053 -0.031187608518654888 0.061332126977339176 -0.034902206405861599 -0.087398627804074425 0.029126647661423574 0.053429767198569157 0.026589628548461922
leaf_weight=72.401710443198681 142.96702256798744 47.428752064704895 196.24736019968987 160.88891878724098 14.882407709956167 194.1091910302639 110.69723358750343 49.36676125228405 7.2242076545953742 8.8684521019458753 2.445429950952529 40.124892964959145 13.115760684013365 32.413054421544075
leaf_count=486 285 86 654 314 18 415 294 133 19 23 4 86 25 66
internal_value=0.0108296 0.00440659 0.00717104 0.0159277 0.0372009 0.00462665 -0.00520656 0.00915434 -0.0192189 0.0360051 0.0439718 -0.00168402 -0.00686963 -0.0104007
internal_weight=1093.18 950.214 877.812 514.277 178.217 336.06 363.536 167.288 56.591 56.2972 163.334 279.763 239.638 226.522
internal_count=2908 2623 2137 1037 336 701 1100 446 152 109 318 592 506 481
is_linear=0
shrinkage=0.04


Tree=25
num_leaves=15
num_cat=0
split_feature=26 3 41 1 8 12 65 55 58 18 21 22 6 10
split_gain=156.588 75.3496 55.3365 45.494 44.4594 54.7064 39.1472 35.2969 35.1886 32.6837 31.9797 34.12 31.7637 42.905
threshold=0.0012500000302679839 0.0023500000825151805 0.0042999999132007369 0.247299998998642 0.011149999685585501 0.0010500000207684936 0.0012500000302679839 0.18779999762773517 1.0000000180025095e-35 0.059299999848008163 0.22670000046491626 1.0000000180025095e-35 0.0027499999850988392 0.02744999993592501
decision_type=2 2 2 2 2 2 2 2 2 2 2 2 2 2
left_child=1 3 -2 6 -3 9 8 -7 10 -6 11 12 13 -1
right_child=2 4 -4 -5 5 7 -8 -9 -10 -11 -12 -13 -14 -15
leaf_value=-0.0065820548946134627 0.05148719574921376 0.028097963202951361 -0.046757146748822496 0.047619996433685516 -0.01934765759704199 0.056960757001202629 0.060858829265943895 -0.018371976497514514 0.07114053404091096 0.078994778294686985 0.080042260392181611 -0.03982297878142816 -0.032214418419292123 0.05677903208680516
leaf_weight=360.21481926739216 156.89614075422287 237.24456261098385 9.6240378245711309 24.450268507003784 107.51603332161903 35.669475048780441 12.768930755555628 13.63376873731613 8.3623144924640638 5.582384541630744 5.9862434715032569 62.468973740935326 74.079370334744453 17.843878284096718
leaf_count=1101 354 489 16 59 267 89 24 29 20 14 15 195 268 45
internal_value=0.00994732 0.00376442 0.0457605 -0.00561682 0.0170628 0.000910147 -0.00803534 0.0360531 -0.00971719 -0.0143928 -0.0110371 -0.0121197 -0.00827533 -0.00356669
internal_weight=1132.34 965.821 166.52 566.175 399.646 162.402 541.725 49.3032 528.956 113.098 520.593 514.607 452.138 378.059
internal_count=2985 2615 370 1727 888 399 1668 118 1644 281 1624 1609 1414 1146
is_linear=0
shrinkage=0.04


Tree=26
num_leaves=15
num_cat=0
split_feature=26 3 16 62 4 1 65 5 15 47 11 40 17 12
split_gain=146.939 69.6235 56.7703 57.7829 53.9555 42.1367 36.2011 33.6301 34.2981 38.0746 46.1784 43.3534 41.6246 30.793
threshold=0.0012500000302679839 0.0023500000825151805 0.0013499999768100681 0.0010500000207684936 0.19689999520778659 0.247299998998642 0.0012500000302679839 0.048699999228119857 0.011900000274181368 0.0012500000302679839 0.21667573601007464 0.0035500000230968003 1.0000000180025095e-35 0.0011500000255182388
decision_type=2 2 2 2 2 2 2 2 2 2 2 2 2 2
left_child=1 5 -3 13 -2 6 7 8 9 12 -11 -12 -1 -4
right_child=4 2 3 -5 -6 -7 -8 -9 -10 10 11 -13 -14 -15
leaf_value=0.013992307766366856 0.052061766050362779 0.036798110537932714 -0.015657882705660958 0.039088897806189876 -0.025404964930673232 0.045906227784446606 0.05853148801577273 0.055293258848235674 -0.038335706717472127 -0.010687191945558451 0.047396473925152519 -0.027880820266130587 -0.023826679626728697 0.018986727866069034
leaf_weight=58.539062716066837 148.36443284153938 141.17408008873463 138.0483376532793 61.31929038465023 15.796682707965372 24.354177638888359 12.749891042709349 12.436593249440191 64.108400896191597 92.42713551223278 58.506424963474274 15.329525858163832 224.34630492329597 58.234734281897545
leaf_count=229 315 289 331 138 55 59 24 34 213 266 142 43 717 130
internal_value=0.00960637 0.0036288 0.0164159 0.00522032 0.0445721 -0.00542582 -0.00776313 -0.00938944 -0.010975 -0.00705316 0.00811896 0.031697 -0.0159843 -0.00535446
internal_weight=1125.74 961.574 398.776 257.602 164.161 562.798 538.443 525.693 513.257 449.148 166.263 73.836 282.885 196.283
internal_count=2985 2615 888 599 370 1727 1668 1644 1610 1397 451 185 946 461
is_linear=0
shrinkage=0.04


Tree=27
num_leaves=15
num_cat=0
split_feature=0 58 9 4 21 1 40 20 40 47 8 74 61 12
split_gain=186.62 45.6031 47.404 60.5857 59.1569 49.4882 34.735 31.1398 29.9885 29.2516 27.4519 26.1532 25.5259 25.4054
threshold=0.0021499999566003685 1.0000000180025095e-35 0.010750000365078451 0.0010500000207684936 0.0039500000420957812 0.0073500000871717939 0.0066499998793005952 0.01963351666927338 0.0013499999768100681 0.015250000171363355 0.0027499999850988392 0.00335000001359731 0.014950000215321781 0.0080500002950429934
decision_type=2 2 2 2 2 2 2 2 2 2 2 2 2 2
left_child=1 2 9 5 10 -4 7 13 -7 -1 -5 -10 -12 -6
right_child=-2 -3 3 4 6 8 -8 -9 11 -11 12 -13 -14 -15
leaf_value=-0.012653384654307424 0.049816941393393759 0.059708388370253572 -0.012464179479057565 0.020366011147806042 -0.032732050692153798 0.037094097711623454 -0.021799846322598643 0.050108290324198064 0.036129791752416679 0.039366025212299295 -0.023188830287256094 -0.047388797948386213 0.043910937369286779 0.09404970951789475
leaf_weight=342.54131714999676 156.2364935874939 21.836488917469978 50.656778320670128 31.280031688511372 14.500183284282686 182.97501291334629 21.276693880558014 57.551099613308907 10.658368393778803 18.086444243788719 185.27486468106508 13.408039331436155 9.4084324538707715 2.9519494026899329
leaf_count=1106 329 55 167 101 73 318 48 155 23 44 514 16 28 8
internal_value=0.00928113 0.00269192 0.00135776 0.00844223 -0.00310875 0.0228975 0.0231161 0.0359231 0.0315706 -0.0100232 -0.0143058 -0.0102387 -0.0199047 -0.0106459
internal_weight=1118.64 962.406 940.569 579.941 322.243 257.698 96.2799 75.0032 207.041 360.628 225.963 24.0664 194.683 17.4521
internal_count=2985 2656 2601 1451 927 524 284 236 357 1150 643 39 542 81
is_linear=0
shrinkage=0.04


Tree=28
num_leaves=15
num_cat=0
split_feature=0 27 39 5 72 6 2 28 15 70 17 37 33 24
split_gain=176.518 45.3998 44.9344 45.1139 41.8626 39.4789 35.4585 32.8153 32.4587 31.7711 31.4069 40.3424 31.1066 29.6473
threshold=0.0021499999566003685 1.0000000180025095e-35 0.0013499999768100681 0.048699999228119857 0.0015499999863095584 0.0010500000207684936 0.0090499999932944792 0.0021493949461728339 0.061699999496340759 1.0000000180025095e-35 0.002549999975599349 0.011450000107288362 0.0010500000207684936 0.002650000038556755
decision_type=2 2 2 2 2 2 2 2 2 2 2 2 2 2
left_child=1 2 3 5 -5 7 -7 -1 -8 -4 11 12 -9 -12
right_child=-2 -3 9 4 -6 6 8 10 -10 -11 13 -13 -14 -15
leaf_value=-0.012744967000118942 0.048855529438606389 -0.047965283160690514 0.038032212781372449 0.056019168981470101 -0.051869838462172177 -0.019461339673471786 0.035830599076206567 0.048591954198120638 -0.029608197141668815 -0.024057726616451735 -0.039267069625207672 -0.024537127021476687 -0.049539321485208343 0.0084850048197603837
leaf_weight=116.14703619480133 153.00614143908024 27.485684707760811 88.839532315731049 38.305821239948273 6.6493710875511161 240.48564690351486 39.261442996561527 78.264738626778126 17.379370719194412 15.328341111540793 22.620033659040928 17.410438507795334 5.4143714159727088 244.37818824499846
leaf_count=430 329 209 208 94 18 698 91 178 42 72 85 36 14 481
internal_value=0.0089734 0.00259486 0.00409765 0.000970228 0.0398927 -0.00126885 -0.0127489 0.00576821 0.0156644 0.028843 0.0116226 0.0306065 0.0421432 0.0044113
internal_weight=1110.98 957.97 930.484 826.316 44.9552 781.361 297.126 484.235 56.6408 104.168 368.088 101.09 83.6791 266.998
internal_count=2985 2656 2447 2167 112 2055 831 1224 133 280 794 228 192 566
is_linear=0
shrinkage=0.04


Tree=29
num_leaves=15
num_cat=0
split_feature=0 3 43 1 16 62 12 8 40 29 17 14 42 9
split_gain=167.111 46.6393 42.3809 42.3735 40.3291 51.6139 37.4353 31.2901 44.9111 30.8438 36.8856 53.1544 46.6847 39.3297
threshold=0.0021499999566003685 0.0023500000825151805 0.0044499998912215242 0.247299998998642 0.0013499999768100681 0.0012500000302679839 0.0011500000255182388 0.0051500000990927228 0.0012500000302679839 0.0034500000765547161 0.002549999975599349 0.07634999975562097 0.96598967909812938 0.013950000051409008
decision_type=2 2 2 2 2 2 2 2 2 2 2 2 2 2
left_child=1 2 3 9 -3 6 7 8 -6 10 13 -12 -13 -1
right_child=-2 4 -4 -5 5 -7 -8 -9 -10 -11 11 12 -14 -15
leaf_value=-0.0018091434086648143 0.047938878065882859 0.03192175664074761 -0.033275991298809503 0.056443524464028581 0.032175905654141336 0.039949546273774804 0.018178283426480275 -0.03146432557584123 -0.05265650719905491 0.013000590589589316 -0.032139394410945196 -0.024807336129462614 0.059108189806046721 0.063226134119056809
leaf_weight=127.89277318865061 149.76232966780663 124.67254297435284 72.836462393403053 19.88495434820652 35.539366289973259 51.984005898237228 74.841620817780495 86.789794459939003 13.755273848772047 136.60119413584471 150.22795224189758 20.363930188119411 21.853146284818649 16.721954464912415
leaf_count=405 329 254 275 43 80 133 169 222 23 411 512 48 36 45
internal_value=0.00867 0.00249663 -0.00481441 -0.00060012 0.0131892 0.00428224 -0.00450399 -0.017012 0.00836444 -0.00301474 -0.00951912 -0.0209899 0.018573 0.00572181
internal_weight=1103.73 953.965 566.382 493.546 387.583 262.91 210.926 136.084 49.2946 473.661 337.06 192.445 42.2171 144.615
internal_count=2985 2656 1775 1500 881 627 494 325 103 1457 1046 596 84 450
is_linear=0
shrinkage=0.04


Tree=30
num_leaves=15
num_cat=0
split_feature=0 6 5 64 15 7 13 59 9 46 42 32 27 78
split_gain=162.772 46.9442 67.5986 44.7355 54.6332 59.5272 48.6682 35.0221 29.7125 27.5853 26.9932 34.7088 25.3344 23.7463
threshold=0.0022500000195577745 0.0027499999850988392 1.0000000180025095e-35 1.0000000180025095e-35 0.024900000542402271 0.002549999975599349 1.0000000180025095e-35 0.0011500000255182388 0.067050002515316023 0.043400000780820853 0.61590862274169933 0.0057500000111758718 0.0031500000040978198 0.007849999703466894
decision_type=2 2 2 2 2 2 2 2 2 2 2 2 2 2
left_child=1 2 8 4 5 6 -4 -8 -1 -6 13 -12 -2 -3
right_child=12 10 3 -5 9 -7 7 -9 -10 -11 11 -13 -14 -15
leaf_value=-0.014802692270920658 0.050202157821157646 0.025380357987288632 0.070405662815871045 0.056011374199742385 -0.042408440012284818 0.04150925491056378 -0.0073021324699111684 0.023193500760925519 0.04391291371457489 0.0647764074701353 -0.02679398808855157 0.05226730865774612 -0.07741224469826706 -0.039392097584752733
leaf_weight=221.67357008159161 135.88437183201313 39.749243900179863 17.870720140635967 38.987574264407158 38.345775797963142 106.61541038751602 187.99979326874018 88.507875263690948 14.578545935451983 4.1518259942531577 160.18663414567709 9.2826788574457151 2.4256510287523261 11.58975277841091
leaf_count=864 289 106 42 85 64 233 428 182 28 5 542 29 10 26
internal_value=0.00738288 0.00141244 0.00637227 0.0149589 0.0113291 0.0159078 0.00661114 0.00244967 -0.0111455 -0.0317156 -0.0147093 -0.0224115 0.0478809 0.0106321
internal_weight=1077.85 939.539 718.731 482.479 443.491 400.994 294.378 276.508 236.252 42.4976 220.808 169.469 138.31 51.339
internal_count=2933 2634 1931 1039 954 885 652 610 892 69 703 571 299 132
is_linear=0
shrinkage=0.04


Tree=31
num_leaves=15
num_cat=0
split_feature=0 5 6 7 10 12 63 17 53 28 10 35 40 27
split_gain=154.36 43.6315 47.3801 59.227 56.8565 34.9754 34.4543 30.5827 28.6455 27.2363 27.0143 34.5373 31.1283 24.1906
threshold=0.0023500000825151805 0.10990000143647195 0.0027499999850988392 0.0097500002011656779 0.0043500000610947618 0.0013499999768100681 0.0028499999316409235 0.042850000783801086 0.0060500002000480899 0.12993670254945758 0.011649999767541887 0.0072500000242143878 0.0011500000255182388 0.0031500000040978198
decision_type=2 2 2 2 2 2 2 2 2 2 2 2 2 2
left_child=1 2 3 4 6 7 -1 9 -7 10 12 -12 -6 -2
right_child=13 -3 -4 -5 5 8 -8 -9 -10 -11 11 -13 -14 -15
leaf_value=-0.012230427405239323 0.05029800101920677 0.062831126858531303 -0.016148998676997178 0.045174483860991752 0.029706437496955333 0.040058413654243057 0.040133082398325651 -0.057878220641837709 -0.041680588224155227 0.043734326332146578 -0.024123856467939547 0.045648139883330073 -0.049527721640387913 -0.074554627989898203
leaf_weight=329.2592883259058 128.05806531012058 18.084717214107513 215.49066729098558 54.807335466146469 64.689054481685162 92.55124332010746 21.28560796380043 11.5371016561985 7.2811283916234961 30.098459854722023 71.654847890138626 13.359118789434431 8.9153488725423795 2.4217698723077765
leaf_count=1060 282 48 687 128 159 189 42 30 16 67 144 31 40 10
internal_value=0.00714483 0.00147371 0.000257768 0.0052768 0.00190336 0.0146859 -0.00902889 0.00501461 0.0340211 0.00890933 0.00225256 -0.0130721 0.0200007 0.0478947
internal_weight=1069.49 939.014 920.929 705.439 650.631 300.086 350.545 200.254 99.8324 188.717 158.618 85.014 73.6044 130.48
internal_count=2933 2641 2593 1906 1778 676 1102 471 205 441 374 175 199 292
is_linear=0
shrinkage=0.04


Tree=32
num_leaves=15
num_cat=0
split_feature=0 5 6 1 49 5 14 11 64 37 1 69 32 1
split_gain=146.711 40.6775 45.1106 55.5884 45.8427 40.1782 34.5116 32.1607 31.9145 27.8665 39.8735 29.0959 26.1607 25.4725
threshold=0.0022500000195577745 0.10990000143647195 0.0027499999850988392 0.027150000445544723 0.079900000244379057 1.0000000180025095e-35 0.41490000486373907 0.033598154783248908 0.0010500000207684936 1.0000000180025095e-35 0.022550000809133056 0.003249999950639904 0.0057500000111758718 0.069449998438358321
decision_type=2 2 2 2 2 2 2 2 2 2 2 2 2 2
left_child=1 2 3 5 13 -1 -6 -7 9 10 -9 -11 -4 -5
right_child=-2 -3 12 4 6 7 -8 8 -10 11 -12 -13 -14 -15
leaf_value=-0.017310309660220905 0.046392256178404478 0.060750010137790834 -0.019196962642858674 0.016703675968736034 -0.019494522330121639 0.082038179800442632 0.045689480266628807 0.026344211700085888 0.054306849894523064 -0.024581018609279321 -0.031805011936409666 0.049678193976447328 0.048109906898028944 0.045793334391839247
leaf_weight=197.41311513632536 131.7816509604454 17.961967527866364 201.04249972105026 112.82813535630703 64.899947255849838 8.7771443501114828 16.126011416316032 83.951222211122513 18.571545876562595 80.768780551850796 24.185266509652138 9.3020895645022375 9.5594426691532117 85.03350231051445
leaf_count=825 299 48 651 235 104 21 34 196 43 215 31 28 30 173
internal_value=0.00690799 0.00130689 0.000125825 0.00500235 0.0188649 -0.00413087 -0.00643179 0.00738899 0.00431164 -0.000377637 0.0132845 -0.0168209 -0.0161015 0.0292423
internal_weight=1062.2 930.421 912.459 701.857 278.888 422.969 81.026 225.556 216.779 198.207 108.136 90.0709 210.602 197.862
internal_count=2933 2634 2586 1905 546 1359 138 534 513 470 227 243 681 408
is_linear=0
shrinkage=0.04


Tree=33
num_leaves=15
num_cat=0
split_feature=0 5 6 20 63 19 74 55 33 13 5 35 24 21
split_gain=139.216 38.3956 44.7133 46.7975 36.2467 30.4354 34.7126 30.8829 28.3674 27.473 33.0947 26.826 45.7268 32.7174
threshold=0.0023500000825151805 0.049500001594424255 0.0027499999850988392 0.016320270486176017 0.0028499999316409235 0.0015499999863095584 0.0031500000040978198 0.0063499999232590207 0.033699998632073409 0.22784999758005145 1.0000000180025095e-35 0.0010500000207684936 1.0000000180025095e-35 0.03089999966323376
decision_type=2 2 2 2 2 2 2 2 2 2 2 2 2 2
left_child=1 2 3 4 9 6 -5 -7 -3 10 -1 12 -12 -13
right_child=-2 8 -4 5 -6 7 -8 -9 -10 -11 11 13 -14 -15
leaf_value=-0.016882010125504804 0.046438025837054947 0.053921992112596476 -0.017332133388525326 0.032768758911421739 0.039091297371037267 -0.039797857626218229 -0.0055477721736622325 0.085083101319382723 -0.019415718703347858 -0.03726349436538056 0.077021556756379353 0.03972785322393263 -0.009617723070903814 -0.021735959073815325
leaf_weight=158.1009481176734 124.22873516380787 35.735073462128639 196.34637752175331 160.98468010872602 30.083301916718483 22.262969598174099 49.185378670692444 3.5803194791078559 10.887795835733412 41.211316764354706 10.414776325225828 60.9661995023489 132.72435529530048 17.761982902884483
leaf_count=697 292 88 644 364 59 33 114 10 33 101 25 165 264 44
internal_value=0.00668316 0.00136542 -0.00049863 0.0043065 -0.00323481 0.0187378 0.0237843 -0.0220814 0.036705 -0.00627606 -0.00289572 0.0070559 -0.00323657 0.0258002
internal_weight=1054.47 930.245 883.623 687.276 451.263 236.013 210.17 25.8433 46.6229 421.18 379.968 221.867 143.139 78.7282
internal_count=2933 2641 2520 1876 1355 521 478 43 121 1296 1195 498 289 209
is_linear=0
shrinkage=0.04


Tree=34
num_leaves=15
num_cat=0
split_feature=0 10 33 12 51 5 37 5 15 60 9 21 27 18
split_gain=132.111 36.1178 48.9623 34.1734 33.9723 46.1383 26.5106 40.8463 30.8343 32.7157 28.1985 24.4661 23.6482 22.5782
threshold=0.0023500000825151805 0.0045499999541789302 0.021249999292194847 0.16465000063180926 0.0012500000302679839 0.049500001594424255 0.0012500000302679839 0.0011500000255182388 0.023750000633299354 1.0000000180025095e-35 0.067050002515316023 0.11864999681711198 0.0031500000040978198 0.0039500000420957812
decision_type=2 2 2 2 2 2 2 2 2 2 2 2 2 2
left_child=1 6 4 -4 5 13 7 10 9 -9 -1 -8 -2 -3
right_child=12 2 3 -5 -6 -7 11 8 -10 -11 -12 -13 -14 -15
leaf_value=-0.017716190577473562 0.048279326689973631 -0.0024132434744305212 -0.033022964606589988 0.080739949193434593 0.031089154891599843 0.052679183512832822 -0.032868904852263146 0.029973519184904079 -0.042815496097446289 -0.027200071766259257 0.055659220926067329 0.058526661260506478 -0.0752117768538305 0.031583156968672407
leaf_weight=180.68194147199392 118.77929429709911 267.8862622231245 58.196660496294498 4.4426173865795127 120.74321816116571 31.047292545437813 79.725387670099735 101.57626494765282 13.351087152957914 18.853620544075966 8.6681451052427274 4.8591263443231574 2.4232825338840476 35.270249493420124
leaf_count=723 282 657 206 11 291 76 266 242 31 24 14 12 10 88
internal_value=0.00646592 0.00131578 0.00833276 -0.0247749 0.0129044 0.00631522 -0.00758218 -0.00234692 0.0145513 0.0209745 -0.0143085 -0.0275084 0.0457173 0.00153793
internal_weight=1046.5 925.302 517.586 62.6393 454.947 334.204 407.716 323.131 133.781 120.43 189.35 84.5845 121.203 303.157
internal_count=2933 2641 1329 217 1112 821 1312 1034 297 266 737 278 292 745
is_linear=0
shrinkage=0.04


Tree=35
num_leaves=15
num_cat=0
split_feature=0 41 1 54 28 15 1 23 9 1 18 60 1 33
split_gain=98.9006 43.0142 41.5229 39.6387 38.7528 47.5188 42.326 37.0912 29.4167 50.6224 28.5746 28.5428 25.9593 25.3338
threshold=0.0021499999566003685 0.0010500000207684936 0.0014499999815598132 0.0031500000040978198 0.046886259689927108 0.0066499998793005952 0.039450000971555717 0.0014499999815598132 0.011149999685585501 0.010549999773502352 0.0031500000040978198 1.0000000180025095e-35 0.0099499998614192026 0.033699998632073409
decision_type=2 2 2 2 2 2 2 2 2 2 2 2 2 2
left_child=1 2 -1 4 5 6 7 8 10 -10 12 -8 -4 -6
right_child=-2 -3 3 -5 13 -7 11 -9 9 -11 -12 -13 -14 -15
leaf_value=-0.026902437465277956 0.042384711117211024 -0.043474207535810411 0.0076747746197885847 -0.024137104359893042 0.0278704512138244 -0.024289588437559084 0.040062128905943156 -0.02931601132100389 -0.0030003956790066533 0.049022884096421263 0.063685074768527791 -0.01174131302005706 -0.025381011651924017 -0.015643750358564808
leaf_weight=60.002398811280727 118.65882274508476 29.963388159871101 81.42948567122221 58.533417195081711 211.51070028543472 80.650820076465607 90.734571114182472 51.352400161325932 60.396343126893044 58.938383966684341 9.4283733218908292 20.755827859044075 70.935327604413033 23.629706203937531
leaf_count=472 303 96 248 176 525 266 184 160 146 115 20 26 135 68
internal_value=0.00805396 0.00356027 0.00517419 0.00753413 0.00998226 0.00392337 0.0090618 0.00189406 0.00761769 0.0226795 -0.00347397 0.0303803 -0.00769507 0.0234758
internal_weight=1026.92 908.261 878.298 818.295 759.762 524.622 443.971 332.48 281.128 119.335 161.793 111.49 152.365 235.14
internal_count=2940 2637 2541 2069 1893 1300 1034 824 664 261 403 210 383 593
is_linear=0
shrinkage=0.04


Tree=36
num_leaves=15
num_cat=0
split_feature=0 41 10 22 8 21 7 10 65 36 17 14 20 13
split_gain=93.9431 40.4488 38.8299 37.0758 33.8757 43.3517 38.0431 30.2425 29.6097 28.5914 26.586 25.7128 32.4106 24.0753
threshold=0.0021499999566003685 0.0010500000207684936 1.0000000180025095e-35 0.0011500000255182388 0.011149999685585501 0.016749999485909942 0.00045000000682193791 0.041650000959634788 0.0011500000255182388 0.0016499999910593035 0.0031500000040978198 0.028350000269711021 0.016320270486176017 0.4463499933481217
decision_type=2 2 2 2 2 2 2 2 2 2 2 2 2 2
left_child=1 2 -1 4 6 9 7 -4 -5 11 -8 -6 -13 -14
right_child=-2 -3 3 8 5 -7 10 -9 -10 -11 -12 12 13 -15
leaf_value=-0.015539713466755896 0.041674589061673477 -0.042707430347153956 -0.0031678420092056446 -0.016491206322748947 -0.023988731952774473 0.052309491749278132 0.048122799321575975 0.052889166270366585 0.044839060638080797 -0.039743029213107135 0.02007329065973909 -0.013109963246031338 0.061831514693968435 -0.00097287228989082018
leaf_weight=125.98682347685099 115.91108326613903 29.296663068234921 139.16711185127497 124.073102645576 44.233648471534252 20.779374472796917 74.812765836715698 17.203367173671722 13.893401250243185 36.993526212871075 199.18264284729958 36.732641287147999 25.970906801521778 15.411893300712107
leaf_count=592 303 96 368 333 146 60 172 43 26 120 431 105 86 59
internal_value=0.0077856 0.00343053 0.00498558 0.00844755 0.0126825 -0.00186154 0.0187779 0.00300366 -0.0102582 -0.00897928 0.0277614 0.000314661 0.0141409 0.0383994
internal_weight=1019.65 903.738 874.441 748.454 610.488 180.122 430.366 156.37 137.967 159.343 273.995 122.349 78.1154 41.3828
internal_count=2940 2637 2541 1949 1590 576 1014 411 359 516 603 396 250 145
is_linear=0
shrinkage=0.04


Tree=37
num_leaves=15
num_cat=0
split_feature=3 2 6 27 38 14 25 9 18 31 69 60 8 35
split_gain=75.0107 40.2103 43.2529 34.8652 34.3873 38.1284 42.3321 38.8167 35.9938 35.4752 32.7265 25.7676 25.6169 25.1148
threshold=0.0023500000825151805 0.017849999479949478 0.0014499999815598132 1.0000000180025095e-35 0.00045000000682193791 0.08964999765157701 0.0028499999316409235 0.011149999685585501 0.0039500000420957812 0.0010500000207684936 0.00335000001359731 0.0017499999958090486 0.051249999552965171 0.043800000101327903
decision_type=2 2 2 2 2 2 2 2 2 2 2 2 2 2
left_child=3 2 13 4 5 6 7 8 -1 11 -4 12 -7 -2
right_child=1 -3 10 -5 -6 9 -8 -9 -10 -11 -12 -13 -14 -15
leaf_value=-0.012040211401713952 0.025024704077550128 0.039550720212929991 -0.015540491395375684 -0.050208706176356373 0.034825822006463482 0.047573047854018516 -0.027933470656128483 0.027079145991286815 0.087796309672710168 -0.021269567414070312 0.034986431514840072 -0.048968003282022325 -0.023059248893927107 -0.098645080173449473
leaf_weight=182.55190779268742 212.45297672599554 117.92679108679295 105.12264021486044 23.330728463828564 40.924205385148525 62.580654338002205 127.94893508404493 64.402324855327606 5.8598777875304213 27.031420193612576 25.350828975439072 5.7231489568948737 9.3124869614839536 2.5513654947280875
leaf_count=630 477 305 294 193 103 127 437 187 16 72 69 7 14 9
internal_value=0.00752255 0.0193759 0.0124683 -0.00246501 -0.000331951 -0.00331085 -0.00919516 0.000279761 -0.00886901 0.0180495 -0.00567326 0.0318044 0.038349 0.0234934
internal_weight=1013.07 463.405 345.478 549.666 526.335 485.411 380.763 252.814 188.412 104.648 130.473 77.6163 71.8931 215.004
internal_count=2940 1154 849 1786 1593 1490 1270 833 646 220 363 148 141 486
is_linear=0
shrinkage=0.04


Tree=38
num_leaves=15
num_cat=0
split_feature=0 41 1 54 8 59 16 25 65 7 3 10 28 1
split_gain=86.7252 37.9629 37.35 37.4036 34.5253 33.9676 28.4015 24.487 27.4283 27.0823 32.3757 26.713 24.7255 25.2266
threshold=0.0023500000825151805 0.0010500000207684936 0.027150000445544723 0.0031500000040978198 0.010250000283122064 0.0037500000325962905 0.39354999363422399 0.0011500000255182388 0.0010500000207684936 0.0019500000635161998 0.0043500000610947618 0.0040500001050531873 0.12625281512737277 0.022550000809133056
decision_type=2 2 2 2 2 2 2 2 2 2 2 2 2 2
left_child=1 2 5 4 -4 7 -6 9 11 12 -11 -9 13 -1
right_child=-2 -3 3 -5 6 -7 -8 8 -10 10 -12 -13 -14 -15
leaf_value=0.003721705705227083 0.041970712741861968 -0.041995013560623101 0.027215986837392691 -0.021473358347132075 -0.0025663225243860179 -0.044936365214106697 0.065111303203167381 -0.021327201791711534 0.078075684834929535 0.071568414309528552 -0.011768535636028818 0.0061466015148069165 0.054911824068383901 -0.056827246325013889
leaf_weight=123.89240170270205 103.31461292505264 28.561046749353409 228.37014508247375 43.881154753267765 136.32623150199652 29.032083936035633 10.594851106405256 145.85576816648245 5.5969038009643546 21.960180930793285 11.116658583283423 92.155803397297859 13.506092250347136 11.978022307157515
leaf_count=441 285 96 468 114 386 240 29 452 10 56 22 291 33 17
internal_value=0.00727022 0.00329065 0.00477927 0.0133943 0.0174865 -0.00314816 0.00232784 -0.000281425 -0.00858804 0.0107861 0.0434884 -0.0106747 0.00349378 -0.0016246
internal_weight=1006.14 902.827 874.266 419.172 375.291 455.094 146.921 426.062 243.608 182.453 33.0768 238.012 149.377 135.87
internal_count=2940 2655 2559 997 883 1562 415 1322 753 569 78 743 491 458
is_linear=0
shrinkage=0.04


Tree=39
num_leaves=15
num_cat=0
split_feature=0 41 1 54 28 8 1 63 18 49 36 79 33 55
split_gain=82.5335 35.713 34.8462 32.7847 35.4278 39.4474 33.6742 30.7002 30.1802 29.1967 29.8501 28.6786 23.9472 24.9398
threshold=0.0023500000825151805 0.0010500000207684936 0.0010500000207684936 0.0031500000040978198 0.061149075627326972 0.010950000025331976 0.027150000445544723 0.002650000038556755 0.0010500000207684936 0.0013499999768100681 0.0014499999815598132 1.0000000180025095e-35 0.033699998632073409 0.36855000257492071
decision_type=2 2 2 2 2 2 2 2 2 2 2 2 2 2
left_child=1 2 -1 4 5 6 8 -7 9 10 -4 -10 13 -6
right_child=-2 -3 3 -5 12 7 -8 -9 11 -11 -12 -13 -14 -15
leaf_value=-0.028244315445991104 0.04134112414020151 -0.041268428103016772 0.017531244853693197 -0.022686386891667746 0.030838854146499714 -0.020984454234767337 0.024217519716861435 0.057621012367130721 0.049529695022820772 -0.020652545239795289 -0.042488651554784033 -0.0048393715791554808 -0.014727092046256251 -0.052804041223774696
leaf_weight=48.639042876660824 100.74619044363499 27.916229903697968 90.974958874285221 56.928083255887032 173.04972788691521 120.84641202539206 156.03920488059521 8.3902599588036519 34.861614935100079 109.01586186885834 15.392933607101439 27.667415961623192 23.475704446434975 5.7756854742765418
leaf_count=425 285 96 255 179 433 372 303 30 80 276 44 78 67 17
internal_value=0.00702475 0.00317036 0.00460373 0.00655447 0.00873696 0.00356949 0.0093524 -0.0158097 0.000986014 -0.00610318 0.0087762 0.0254397 0.0230941 0.028087
internal_weight=999.719 898.973 871.057 822.418 765.49 563.189 433.952 129.237 277.913 215.384 106.368 62.529 202.301 178.825
internal_count=2940 2655 2559 2134 1955 1438 1036 402 733 575 299 158 517 450
is_linear=0
shrinkage=0.04


Tree=40
num_leaves=15
num_cat=0
split_feature=26 19 19 2 31 18 16 7 5 73 1 77 12 13
split_gain=69.1706 38.4483 37.6495 44.2398 41.2208 38.8119 39.1525 39.1585 41.7415 39.0092 32.8242 27.5664 25.9256 25.4871
threshold=0.0012500000302679839 0.002650000038556755 0.0015499999863095584 0.0089499996975064295 0.0053499999921768912 1.0000000180025095e-35 0.0010500000207684936 0.00045000000682193791 0.0067499999422580012 0.0012500000302679839 0.0051500000990927228 0.0036499999696388845 0.025549999438226226 0.0065500000491738328
decision_type=2 2 2 2 2 2 2 2 2 2 2 2 2 2
left_child=2 -2 3 5 10 6 7 8 9 -1 -5 -3 -4 -9
right_child=1 11 12 4 -6 -7 -8 13 -10 -11 -12 -13 -14 -15
leaf_value=-0.026601834163551857 0.046513142806775307 -0.036863595639341135 -0.025964628014471476 -0.046302373991267125 -0.014368433712824698 0.020076684524723231 -0.016882765746174401 0.059782738602928528 0.043055245382159067 0.097922611460862743 0.046462976207030153 0.035737954944332677 0.080838348648038863 0.012225076880002373
leaf_weight=99.734876908361912 96.287609905004501 17.967363975942135 89.529937960207462 6.4365340843796721 28.970003589987755 135.60145098716021 216.586959220469 20.526129998266697 18.770425900816917 4.0853885412216178 87.862430796027184 15.470321692526339 3.6782472282648078 148.25176822394133
leaf_count=415 273 30 261 61 75 409 655 53 53 5 207 55 11 353
internal_value=0.00647159 0.0336892 0.00235806 0.00528086 0.0272244 0.00106793 -0.00400163 0.00556225 -0.0116185 -0.0215737 0.0400464 -0.003148 -0.0216249 0.0180645
internal_weight=989.759 129.725 860.034 766.826 123.269 643.557 507.956 291.369 122.591 103.82 94.299 33.4377 93.2082 168.778
internal_count=2916 358 2558 2286 343 1943 1534 879 473 420 268 85 272 406
is_linear=0
shrinkage=0.04


Tree=41
num_leaves=15
num_cat=0
split_feature=0 5 4 1 66 42 7 21 20 14 39 13 9 11
split_gain=88.9919 33.7284 36.5139 53.9483 29.7289 25.5524 27.689 23.2545 55.0106 26.0555 21.4686 24.8689 25.4804 23.106
threshold=0.0022500000195577745 0.10990000143647195 0.0093499999493360537 0.1657499969005585 0.0031500000040978198 0.74556881189346325 0.00045000000682193791 0.0013499999768100681 0.00024998500157380482 0.21585000306367877 0.0016499999910593035 0.0058500000741332778 0.15554999560117724 0.50029657781124126
decision_type=2 2 2 2 2 2 2 2 2 2 2 2 2 2
left_child=1 2 3 4 5 -1 7 9 -9 -7 11 -8 13 -13
right_child=-2 -3 -4 -5 -6 6 10 8 -10 -11 -12 12 -14 -15
leaf_value=0.02122498581287809 0.041483611789626486 0.054610662548952305 -0.015526431005458903 0.039614926714513124 0.055875568962823155 -0.031961922348652277 0.039312260062867026 0.13625150778482659 -0.0075313892791888243 0.058118130244744812 0.027837995677208013 -0.0017918797246817698 0.048722133095119913 -0.034604368615196689
leaf_weight=79.186769865453243 102.67660087347031 19.077781960368156 171.68138828128576 65.419422701001167 15.555210575461386 103.57946929335594 22.879403837025166 4.5153693258762351 54.581127054989338 5.2857860326766959 48.517362922430038 235.46363457292318 13.88662216067314 40.169389367103577
leaf_count=218 303 53 610 135 35 463 59 16 166 9 122 618 25 84
internal_value=0.00626083 0.00214138 0.000967546 0.00508465 0.00145015 4.23326e-05 -0.00312511 -0.0165401 0.00359863 -0.0275022 0.00310967 -0.00072566 -0.00391597 -0.00659913
internal_weight=982.475 879.799 860.721 689.04 623.62 608.065 528.878 167.962 59.0965 108.865 360.916 312.399 289.52 275.633
internal_count=2916 2613 2560 1950 1815 1780 1562 654 182 472 908 786 727 702
is_linear=0
shrinkage=0.04


Tree=42
num_leaves=15
num_cat=0
split_feature=0 5 4 2 17 10 10 11 30 11 8 40 47 37
split_gain=84.6592 31.5802 33.8655 45.3225 30.4367 29.751 23.404 25.0043 21.757 24.163 33.6014 34.0043 31.4197 22.8991
threshold=0.0022500000195577745 0.10990000143647195 0.0093499999493360537 0.0070500001311302194 0.043400000780820853 0.0037500000325962905 0.0012500000302679839 0.01942316256463528 0.0023500000825151805 0.10352134332060815 0.013449999969452621 0.0013499999768100681 0.0012500000302679839 0.034800000488758094
decision_type=2 2 2 2 2 2 2 2 2 2 2 2 2 2
left_child=1 2 3 4 6 -5 -1 -8 9 -9 11 12 -11 -12
right_child=-2 -3 -4 5 -6 -7 7 8 -10 10 13 -13 -14 -15
leaf_value=-0.011401015833176695 0.040896431075578762 0.05320321954374671 -0.015014652539729433 -0.030397538242648018 -0.046935053367806852 0.037557206794615931 0.084598817858297246 -0.01115221400154379 -0.024867401323633374 0.012343528172706814 -0.025543300060943457 -0.016145439997440832 0.043830833478291531 0.032052974874505619
leaf_weight=145.83853151649237 100.03976908326149 18.807330220937729 170.46051470935345 11.516067139804361 20.651159718632698 88.962374471127987 6.4803838431835166 77.808604203164577 33.520060837268829 111.31049706786871 48.04566778242588 34.280824191868305 93.932520233094692 14.190106287598608
leaf_count=630 303 53 610 65 57 212 10 201 50 249 145 108 185 38
internal_value=0.0060537 0.00206497 0.00093197 0.0048988 0.000634404 0.0297065 0.00238692 0.00719059 0.00594638 0.00868394 0.0138139 0.0206224 0.026788 -0.0123165
internal_weight=975.844 875.805 856.997 686.537 586.058 100.478 565.407 419.569 413.088 379.568 301.76 239.524 205.243 62.2358
internal_count=2916 2613 2560 1950 1673 277 1616 986 976 926 725 542 434 183
is_linear=0
shrinkage=0.04


Tree=43
num_leaves=15
num_cat=0
split_feature=0 19 42 5 47 16 9 55 17 20 17 36 45 21
split_gain=80.5275 29.637 37.1821 34.9457 31.9721 36.7841 39.0832 28.3187 23.4388 23.2907 22.9241 21.9834 29.0003 36.047
threshold=0.0022500000195577745 0.0015499999863095584 0.74556881189346325 0.12374999746680261 0.0011500000255182388 0.0013499999768100681 0.018350000493228439 0.014950000215321781 0.0030500000575557355 0.0040953410789370545 0.0037500000325962905 0.0010500000207684936 0.00335000001359731 0.0017499999958090486
decision_type=2 2 2 2 2 2 2 2 2 2 2 2 2 2
left_child=1 2 7 -3 8 6 -6 9 -4 -1 -10 12 13 -7
right_child=-2 3 4 -5 5 11 -8 -9 10 -11 -12 -13 -14 -15
leaf_value=0.0091358251336996661 0.040321764643871667 -0.022578678940091513 0.0039535153951782056 0.055659045919050881 0.0046279131121112942 -0.025444633409061057 0.043463406281398609 -0.0087739469559065704 -0.049216536762949029 0.052271180432920658 -0.011505831139672667 -0.018336446886074075 0.055174514149215058 0.02151279175179921
leaf_weight=31.416672170162201 97.460731208324432 112.6548512801528 112.4201096072793 9.8196076750755292 90.254296042025089 47.935785017907619 77.048516482114792 28.51876812428236 33.752101935446262 56.62271773815155 110.80077069252729 84.562850214540958 17.817879997193813 57.324871063232422
leaf_count=112 303 323 444 27 225 119 181 66 64 153 452 246 47 154
internal_value=0.00585769 0.00199233 0.00498167 -0.0162329 0.00114453 0.00859792 0.0225521 0.0257315 -0.00971412 0.0369516 -0.0203666 -0.00263159 0.00813232 8.65252e-05
internal_weight=968.411 870.95 748.475 122.474 631.917 374.944 167.303 116.558 256.973 88.0394 144.553 207.641 123.079 105.261
internal_count=2916 2613 2263 350 1932 972 406 331 960 265 516 566 320 273
is_linear=0
shrinkage=0.04


Tree=44
num_leaves=15
num_cat=0
split_feature=0 27 23 1 18 13 7 32 66 1 7 74 5 13
split_gain=76.6134 29.3511 31.0842 57.8737 37.7198 28.8698 23.3852 22.3018 21.3872 21.721 26.3002 23.9981 23.3855 23.1843
threshold=0.0022500000195577745 1.0000000180025095e-35 0.011049999855458738 0.15365000069141391 0.0035500000230968003 0.0046500000171363362 0.00045000000682193791 0.0012500000302679839 0.0031500000040978198 0.037350000813603408 0.0028499999316409235 0.037350000813603408 0.011450000107288362 0.079549998044967665
decision_type=2 2 2 2 2 2 2 2 2 2 2 2 2 2
left_child=1 2 3 4 5 6 -1 -6 9 10 11 -7 -11 -12
right_child=-2 -3 -4 -5 7 8 -8 -9 -10 12 13 -13 -14 -15
leaf_value=0.0068797352205159246 0.039758375645116452 -0.046141700979747888 -0.018100765390367531 0.037010147286718087 0.047534898038291057 -0.019785220893441865 0.055873208313763634 0.0045425334907291332 0.056958214864191892 0.016544144166350722 0.034053491754812877 0.05569468375934139 -0.016777492442823724 -0.0093930726877756374
leaf_weight=52.396421119570732 94.940722122788429 19.754508994519711 98.096924185752869 84.406734444200993 42.410807691514492 258.01319435983896 22.255937077105045 35.816176421940327 8.6467564478516561 108.64613035321236 32.884786978363991 6.7997976765036574 48.643869526684284 48.327190540730953
leaf_count=191 303 188 289 200 108 868 43 104 19 268 83 19 104 129
internal_value=0.00566259 0.00192059 0.00305112 0.00582786 0.00185805 -0.00161647 0.0215948 0.0279329 -0.00501242 -0.0060961 -0.0117015 -0.0178117 0.00620949 0.00817059
internal_weight=962.04 867.099 847.345 749.248 664.841 586.614 74.6524 78.227 511.962 503.315 346.025 264.813 157.29 81.212
internal_count=2916 2613 2425 2136 1936 1724 234 212 1490 1471 1099 887 372 212
is_linear=0
shrinkage=0.04


Tree=45
num_leaves=15
num_cat=0
split_feature=0 72 10 48 63 52 37 21 6 10 30 26 3 48
split_gain=87.1145 29.0378 38.8997 32.7678 32.1763 28.8491 26.0398 28.021 26.5676 38.0572 34.8038 25.4585 24.9909 24.349
threshold=0.0023500000825151805 1.0000000180025095e-35 0.0069500000681728133 0.020450000651180748 1.0000000180025095e-35 0.028549999929964546 0.0013499999768100681 0.15959999710321429 1.0000000180025095e-35 1.0000000180025095e-35 0.0024500000290572648 0.0012500000302679839 0.0023500000825151805 0.033350000157952316
decision_type=2 2 2 2 2 2 2 2 2 2 2 2 2 2
left_child=1 2 6 4 5 -4 8 -8 9 12 -11 -5 -1 -13
right_child=-2 -3 3 11 -6 -7 7 -9 -10 10 -12 13 -14 -15
leaf_value=-0.022955929119639649 0.04086604818263629 -0.03050851022708909 0.0082162196587184239 -0.020026780529937574 0.050031729726873538 0.06213846341397844 -0.029232234850052871 0.086817653040413917 -0.021399529831471812 0.021824006322533403 -0.037141375559531883 -0.026755483681375904 0.038619000924284212 0.050649081428930244
leaf_weight=86.346526026725769 89.984023325145245 48.386806331574917 227.12709368765354 78.860734507441521 41.762880489230156 17.011401362717152 93.266299784183502 3.3410889059305182 83.347285576164722 154.89431323111057 17.725438833236694 9.7758368849754351 11.877388224005697 18.744208954274654
leaf_count=439 289 215 601 174 101 36 318 8 276 364 18 19 31 54
internal_value=0.00337696 -0.000402597 0.00132189 0.010518 0.0175968 0.0120138 -0.00669255 -0.0250918 -0.00165712 0.00440915 0.015728 -0.00829097 -0.0154378 0.0239765
internal_weight=982.451 892.467 844.08 393.282 285.901 244.138 450.798 96.6074 354.191 270.844 172.62 107.381 98.2239 28.52
internal_count=2943 2654 2439 985 738 637 1454 326 1128 852 382 247 470 73
is_linear=0
shrinkage=0.04


Tree=46
num_leaves=15
num_cat=0
split_feature=0 72 5 21 39 66 10 48 25 6 5 4 52 74
split_gain=82.7872 27.2491 37.931 34.9265 31.5808 23.5968 22.9823 29.6692 39.6321 26.7435 30.9965 22.5045 27.9978 26.9811
threshold=0.0023500000825151805 1.0000000180025095e-35 0.048699999228119857 0.12774999439716342 0.0016499999910593035 0.0031500000040978198 0.0045499999541789302 0.019350000657141212 0.034050000831484802 0.0010500000207684936 0.0064499999862164268 0.0017499999958090486 0.027850000187754635 0.002650000038556755
decision_type=2 2 2 2 2 2 2 2 2 2 2 2 2 2
left_child=1 2 3 4 5 6 9 8 11 10 -1 13 -13 -8
right_child=-2 -3 -4 -5 -6 -7 7 -9 -10 -11 -12 12 -14 -15
leaf_value=-0.0090501393557693363 0.040360039200204575 -0.029823997872264588 0.043077770251460992 0.048590921794496589 0.020803693919514091 0.048546729352586956 0.018740743174079269 -0.019017852496660992 0.057857714418238615 -0.032972762489146878 0.076148688181583379 -0.020330549405189004 0.07260357691333226 -0.031618800205434928
leaf_weight=255.5394616574049 87.518977262079716 47.53715992718935 33.250736266374588 22.480848416686058 87.228631012141705 12.948668166995047 134.06518756598234 83.699142225086689 23.44706667214632 81.864042714238167 6.9126711934804908 74.263390645384789 5.4633579775691024 19.352507174015045
leaf_count=881 289 215 92 52 241 31 299 187 77 252 17 253 17 40
internal_value=0.00326505 -0.000390349 0.00127293 -0.000449158 -0.00186506 -0.00470808 -0.00572813 0.0016336 0.00839039 -0.0130138 -0.00676272 0.00337569 -0.0138291 0.0123457
internal_weight=975.572 888.053 840.516 807.265 784.784 697.555 684.607 340.291 256.592 344.316 262.452 233.144 79.7267 153.418
internal_count=2943 2654 2439 2347 2295 2054 2023 873 686 1150 898 609 270 339
is_linear=0
shrinkage=0.04


Tree=47
num_leaves=15
num_cat=0
split_feature=0 71 21 60 15 9 14 35 22 66 16 75 76 5
split_gain=78.6736 28.653 26.4853 24.6416 23.9379 44.7304 28.3289 27.4323 26.0854 24.6132 19.0823 18.121 18.0506 17.8559
threshold=0.0023500000825151805 1.0000000180025095e-35 0.15959999710321429 0.003249999950639904 0.010049999691545965 0.064449999481439604 0.22820000350475314 0.0088499998673796671 0.0015499999863095584 0.0016499999910593035 0.96325001120567333 0.0014499999815598132 0.07909999787807466 0.0077499998733401307
decision_type=2 2 2 2 2 2 2 2 2 2 2 2 2 2
left_child=1 2 3 4 5 6 8 12 9 13 -9 -7 -6 -1
right_child=-2 -3 -4 -5 7 11 -8 10 -10 -11 -12 -13 -14 -15
leaf_value=-0.0070439579397216312 0.03986294953933376 0.047024587337579249 0.046313944344662891 0.035023331864986393 -0.025650450094083493 0.037744331251097045 0.033412154847231729 0.024130077853117264 -0.029871157342525205 0.053065964831801163 -0.048599564821214108 -0.046951590778894159 0.076033543248675867 0.016556133103920363
leaf_weight=393.50602181255817 85.115938387811184 19.837554298341274 18.056075170636177 26.975862585008144 151.34329027682543 58.970278814435005 31.24702176451683 35.838741108775139 62.914703339338303 12.335260309278963 6.7538492679595938 4.2140466272830954 2.7322905063629142 58.809736229479313
leaf_count=1300 289 53 43 65 504 137 66 103 182 25 5 18 7 146
internal_value=0.00315796 -0.000377621 -0.00147631 -0.00250681 -0.00375248 8.79742e-05 -0.00351448 -0.0159128 -0.0057151 -0.00242998 0.0124169 0.0319671 -0.0237732 -0.00396367
internal_weight=968.651 883.535 863.697 845.641 818.665 621.997 558.813 196.668 527.566 464.651 42.5926 63.1843 154.076 452.316
internal_count=2943 2654 2601 2558 2493 1874 1719 619 1653 1471 108 155 511 1446
is_linear=0
shrinkage=0.04


Tree=48
num_leaves=15
num_cat=0
split_feature=60 71 9 31 63 13 7 24 24 58 47 15 72 62
split_gain=65.4021 30.8237 23.7205 33.1846 26.7241 35.3044 28.5772 26.0205 22.7885 19.8409 20.3764 19.1386 16.1008 19.5459
threshold=0.0029499999945983295 0.0010500000207684936 0.0097500002011656779 0.0012500000302679839 0.0011500000255182388 0.018050000071525577 0.0062500000931322583 0.017050000838935379 0.0010500000207684936 1.0000000180025095e-35 0.034549999982118614 0.0086500002071261423 0.0016499999910593035 0.0011500000255182388
decision_type=2 2 2 2 2 2 2 2 2 2 2 2 2 2
left_child=1 2 9 4 5 8 7 -7 -4 10 -1 -9 13 -5
right_child=-2 -3 3 12 -6 6 -8 11 -10 -11 -12 -13 -14 -15
leaf_value=-0.013860467089177793 0.038566947934999908 0.044208195390450129 -0.040132654916182647 -0.010509321067801123 0.038678454539722663 -0.030168156956158754 0.029903185894857694 0.013120373111334549 0.046099670355518811 0.051707649116734089 0.050817644379016438 -0.026595253748943965 -0.041342162311647897 0.016428851960635708
leaf_weight=283.46985336393118 76.296226777136326 24.426396459341049 5.3672404512763014 180.1567105576396 51.790965303778648 55.125966377556324 39.843880735337734 81.337479755282402 45.506095744669437 7.8984788209199897 7.8929943293333045 25.359783641993999 20.059790045022964 56.46360506862402
leaf_count=1020 235 74 43 575 115 122 112 214 102 22 14 54 86 155
internal_value=0.00305826 -3.48921e-06 -0.00126847 0.00357734 0.0125146 0.0071199 -0.00037784 -0.00787216 0.0368626 -0.0103642 -0.0120778 0.00362725 -0.00700424 -0.00406007
internal_weight=960.995 884.699 860.273 561.012 304.331 252.54 201.667 161.823 50.8733 299.261 291.363 106.697 256.68 236.62
internal_count=2943 2708 2634 1578 762 647 502 390 145 1056 1034 268 816 730
is_linear=0
shrinkage=0.04


Tree=49
num_leaves=15
num_cat=0
split_feature=0 71 21 33 1 66 24 62 28 22 13 16 59 6
split_gain=71.8824 25.2237 23.9066 20.9397 42.3492 27.2627 26.3321 26.5454 22.771 27.3579 22.1202 26.0097 21.671 21.2365
threshold=0.0023500000825151805 1.0000000180025095e-35 0.15959999710321429 0.0010500000207684936 0.069449998438358321 0.0010500000207684936 0.094900000840425505 0.0010500000207684936 0.059904543682932861 0.0042499999981373557 0.20360000431537631 0.0012500000302679839 0.00335000001359731 0.0028499999316409235
decision_type=2 2 2 2 2 2 2 2 2 2 2 2 2 2
left_child=1 2 3 4 5 8 -5 10 12 -10 -8 -12 -1 -6
right_child=-2 -3 -4 6 13 -7 7 -9 9 -11 11 -13 -14 -15
leaf_value=-0.0063778842726203268 0.039012070971523781 0.044682818758774258 0.044071847755407401 -0.024852898466608042 0.034966704151501181 0.038773685852325733 0.031672227564890645 0.033157208812391807 0.035642787873259515 -0.032057243729750454 0.038001117066781873 -0.026519042242857341 -0.050343050298522672 -0.012627801831261784
leaf_weight=384.3806332051754 80.877088755369186 19.326957195997238 17.99055127799511 126.88766742497683 78.709839299321175 23.605294659733772 17.395658515393734 30.727592535316944 40.038534007966518 12.38803670555353 11.444825515151022 73.009588308632374 18.758699856698513 18.331631794571877
leaf_count=1088 289 53 43 478 178 58 85 86 113 16 40 217 171 28
internal_value=0.00295969 -0.000379824 -0.00140984 -0.00239891 0.00184423 -0.00302985 -0.0118344 0.000604498 -0.00521272 0.019539 -0.00920013 -0.0176937 -0.00844555 0.0259309
internal_weight=953.873 872.996 853.669 835.678 576.213 479.171 259.465 132.578 455.566 52.4266 101.85 84.4544 403.139 97.0415
internal_count=2943 2654 2601 2558 1652 1446 906 428 1388 129 342 257 1259 206
is_linear=0
shrinkage=0.04


Tree=50
num_leaves=15
num_cat=0
split_feature=0 27 23 2 18 16 48 20 24 19 14 25 21 7
split_gain=61.0113 34.6574 32.8869 36.6611 30.6025 31.4154 20.4917 23.1358 19.6878 19.4077 19.3211 36.6206 27.484 30.4844
threshold=0.0038499999791383748 1.0000000180025095e-35 0.011299999896436931 0.011950000189244749 0.0035500000230968003 0.0013499999768100681 0.02465000003576279 0.035977773368358619 0.013349999673664572 0.024600000120699409 0.29465000331401831 0.0040500001050531873 0.0022500000195577745 0.00074999997741542767
decision_type=2 2 2 2 2 2 2 2 2 2 2 2 2 2
left_child=1 2 3 4 5 10 7 8 -4 -7 11 12 13 -1
right_child=-2 -3 6 -5 -6 9 -8 -9 -10 -11 -12 -13 -14 -15
leaf_value=-0.0041852602345717254 0.043219137741351381 -0.050016041192612055 0.07105354700928726 0.031993259269457557 0.028211948748019054 -0.011420776014186718 -0.037441037955406958 0.040619408094829432 -0.025202115374355766 0.053759354571337105 0.0467551309422055 -0.017142342774350429 0.051769045973002664 0.028460193606051964
leaf_weight=113.62787947803736 58.78450058400631 20.570660069584846 3.6010680273175231 74.36352151632309 66.30661366134882 288.12919069826603 48.764194056391716 14.849184289574621 39.994855500757694 7.3822778090834609 19.595362052321434 80.865836083889008 27.398849293589592 76.321093805134296
leaf_count=421 219 202 17 219 197 847 100 51 139 27 39 182 57 201
internal_value=0.00379628 0.00115896 0.00239163 0.00534381 0.00241771 -0.00036855 -0.018319 -0.00225935 -0.0170153 -0.00976132 0.00835296 0.00580135 0.0143601 0.00891864
internal_weight=940.555 881.771 861.2 753.991 679.627 613.32 107.209 58.4451 43.5959 295.511 317.809 298.214 217.348 189.949
internal_count=2918 2699 2497 2190 1971 1774 307 207 156 874 900 861 679 622
is_linear=0
shrinkage=0.04


Tree=51
num_leaves=15
num_cat=0
split_feature=7 27 23 2 22 18 16 41 10 24 21 19 77 73
split_gain=48.1445 35.5374 34.1106 42.7574 29.8209 25.5323 30.8428 20.2227 29.2785 30.0898 21.6015 19.3637 18.0833 17.5701
threshold=0.042249999940395362 1.0000000180025095e-35 0.011299999896436931 0.012899999972432854 0.061400000005960471 0.0035500000230968003 0.0013499999768100681 0.0012500000302679839 0.0039500000420957812 0.11955000087618829 0.0011500000255182388 0.024600000120699409 0.002549999975599349 0.0012500000302679839
decision_type=2 2 2 2 2 2 2 2 2 2 2 2 2 2
left_child=1 2 3 5 12 6 7 8 13 -10 -11 -8 -4 -1
right_child=-2 -3 4 -5 -6 -7 11 -9 9 10 -12 -13 -14 -15
leaf_value=-0.00049480618669486126 0.04383418641428289 -0.051409763450279276 -0.0096736502269476662 0.032711484337774065 0.081526184064643556 0.026296890281718437 -0.011210374950507696 -0.050629038381708263 0.037146859188830407 -0.042964341546879385 0.052166992873146613 0.050736987498554459 -0.04474713611487971 0.074633345494159842
leaf_weight=201.3015766069293 45.338516548275948 19.667530477046967 62.071164064109325 83.778160221874714 4.4438372999429694 64.798666708171368 285.56829430162907 8.8870625570416433 87.520467035472393 14.313993304967882 5.0731004476547232 8.1899309381842595 38.235738851130009 5.0049918144941321
leaf_count=631 149 199 236 271 14 200 842 16 236 18 9 30 57 10
internal_value=0.00367062 0.00161277 0.00282291 0.00576077 -0.0185635 0.00243337 -7.48402e-05 0.00846597 0.0101711 0.0271514 -0.0177257 -0.009453 -0.0231143 0.0013437
internal_weight=934.193 888.855 869.187 764.436 104.751 680.658 615.859 322.101 313.214 106.908 19.3871 293.758 100.307 206.307
internal_count=2918 2769 2570 2263 307 1992 1792 920 904 263 27 872 293 641
is_linear=0
shrinkage=0.04


Tree=52
num_leaves=15
num_cat=0
split_feature=0 65 54 44 1 15 28 22 10 9 18 32 39 17
split_gain=56.4695 28.3532 26.2723 27.9847 24.8335 30.8031 29.4487 27.4211 22.7519 22.47 19.2042 20.2072 19.0206 23.2528
threshold=0.0038499999791383748 0.0030500000575557355 0.0030500000575557355 0.14654999971389773 0.0014499999815598132 0.0077499998733401307 0.17409789562225345 0.002549999975599349 0.0095500000752508658 0.098200000822544112 0.0022500000195577745 0.0019500000635161998 0.0013499999768100681 0.0030500000575557355
decision_type=2 2 2 2 2 2 2 2 2 2 2 2 2 2
left_child=1 2 3 4 -1 6 7 9 -7 10 11 12 13 -6
right_child=-2 -3 -4 -5 5 8 -8 -9 -10 -11 -12 -13 -14 -15
leaf_value=-0.025107913903636498 0.042640375778270061 0.048080134129300865 -0.026755187241006811 0.060787642308856249 0.01558338619146114 -0.03330743300551299 0.043748274484249949 -0.026171525204115406 -0.0022345387851254572 0.042309649002682581 0.02887801405777829 -0.025878688501312804 0.037188150218936372 -0.0059221394633094185
leaf_weight=54.773683354258537 55.486762151122093 19.941806100308895 55.040851674973965 12.563023164868353 135.77085011452436 53.809096872806549 33.595129936933517 41.06651396304369 126.53358767926693 28.389755636453629 50.392204239964485 35.930754922330379 27.92289212346077 196.81258677691221
leaf_count=477 219 45 218 30 354 186 104 102 351 56 129 93 65 489
internal_value=0.0035481 0.00105296 -4.77999e-05 0.00179343 0.000836571 0.0027913 0.00750044 0.005126 -0.0115413 0.00784395 0.00563621 0.00266526 0.00552764 0.0028471
internal_weight=928.029 872.543 852.601 797.56 784.997 730.223 549.881 516.286 180.343 475.219 446.829 396.437 360.506 332.583
internal_count=2918 2699 2654 2436 2406 1929 1392 1288 537 1186 1130 1001 908 843
is_linear=0
shrinkage=0.04


Tree=53
num_leaves=15
num_cat=0
split_feature=0 27 65 23 1 18 13 9 36 21 34 73 9 22
split_gain=53.9887 30.8886 28.3987 30.7016 30.6992 28.4279 21.8615 29.9674 29.2604 23.6203 25.8126 21.3276 20.9881 20.0951
threshold=0.0038499999791383748 1.0000000180025095e-35 0.0030500000575557355 0.011299999896436931 0.14525000005960467 0.0035500000230968003 0.021450000815093521 0.0099499998614192026 0.0014499999815598132 0.011750000063329937 0.00025000000459840527 0.0012500000302679839 0.21480000019073489 0.061400000005960471
decision_type=2 2 2 2 2 2 2 2 2 2 2 2 2 2
left_child=1 2 3 4 5 6 7 8 9 11 -11 -1 -8 -5
right_child=-2 -3 -4 13 -6 -7 12 -9 -10 10 -12 -13 -14 -15
leaf_value=-0.0034868936480432372 0.04231116207668853 -0.049340621360043364 0.050542437572296373 -0.02347853250225829 0.026314163862597655 0.024812335639838923 -0.009775055418749205 0.032935056337641828 -0.040336667054950912 0.15779130101035838 0.027408318139289879 0.082439569482253963 0.053485741513185261 0.06093174749545642
leaf_weight=114.27709899842739 53.718299612402916 18.954429373145103 18.874264255166054 96.922188743948936 86.240918293595314 70.699370786547661 343.92886987328529 56.479312963783741 25.26589085906744 2.8495860546827343 14.965100511908529 4.7163945138454428 8.4854672849178296 4.6144023090600959
leaf_count=402 219 202 40 286 221 216 1033 147 72 7 32 11 16 14
internal_value=0.00343408 0.00101685 0.00215241 0.0010405 0.00392004 0.000900378 -0.00205731 0.00787016 -0.000854679 0.00643182 0.0492517 0 -0.00822577 -0.0195469
internal_weight=920.992 867.273 848.319 829.445 727.908 641.667 570.968 218.553 162.074 136.808 17.8147 118.993 352.414 101.537
internal_count=2918 2699 2497 2457 2157 1936 1720 671 524 452 39 413 1049 300
is_linear=0
shrinkage=0.04


Tree=54
num_leaves=15
num_cat=0
split_feature=0 27 65 23 1 18 77 23 15 1 22 64 9 45
split_gain=51.6249 29.4507 26.834 28.5561 28.5062 26.2023 24.082 20.6447 28.505 23.106 26.446 22.7428 22.6831 24.3511
threshold=0.0038499999791383748 1.0000000180025095e-35 0.0030500000575557355 0.011299999896436931 0.14525000005960467 0.0035500000230968003 0.0017499999958090486 0.0011500000255182388 0.0077499998733401307 0.0024500000290572648 0.0010500000207684936 1.0000000180025095e-35 0.0073500000871717939 0.0016499999910593035
decision_type=2 2 2 2 2 2 2 2 2 2 2 2 2 2
left_child=1 2 3 4 5 7 -5 8 9 -1 12 -9 -11 -14
right_child=-2 -3 -4 6 -6 -7 -8 11 -10 10 -12 -13 13 -15
leaf_value=-0.01487756682710307 0.041989268250970442 -0.04904816701591562 0.049654986273128435 -0.0017576251776665319 0.025429670983627518 0.023820000678351692 -0.041333674708214252 -0.02040126711792958 -0.027797063899495163 -0.00018432564650516217 -0.024421629757038578 0.024407581783282468 0.015449428972442938 0.051182970783935938
leaf_weight=67.160172365605831 52.00041651725769 18.318197030574083 18.453467532992363 56.94723005592823 85.685869984328747 70.702953904867172 43.524044349789619 135.00855068862438 43.73617334663868 99.763702020049095 30.146505407989025 20.768206670880318 133.05902141332626 39.808261573314667
leaf_count=392 219 202 40 220 221 216 80 449 101 253 76 65 300 84
internal_value=0.00332035 0.00098133 0.0020766 0.00100334 0.00377522 0.000866963 -0.0189658 -0.00197954 0.00268648 0.00630776 0.0110235 -0.0143899 0.0149651 0.0237262
internal_weight=915.083 863.082 844.764 826.311 725.839 640.154 100.471 569.451 413.674 369.938 302.777 155.777 272.631 172.867
internal_count=2918 2699 2497 2457 2157 1936 300 1720 1206 1105 713 514 637 384
is_linear=0
shrinkage=0.04


Tree=55
num_leaves=15
num_cat=0
split_feature=0 29 6 40 30 1 22 36 45 35 56 26 51 51
split_gain=49.5686 27.76 23.5699 27.356 31.583 30.983 23.5371 23.4727 22.3504 21.4627 20.9504 19.1607 19.6103 35.2494
threshold=1.0000000180025095e-35 1.0000000180025095e-35 0.0010500000207684936 0.0012500000302679839 0.002650000038556755 0.014650000259280207 1.0000000180025095e-35 0.0040500001050531873 0.021350000053644184 0.0030500000575557355 0.0011500000255182388 0.0012500000302679839 0.0016499999910593035 0.0027499999850988392
decision_type=2 2 2 2 2 2 2 2 2 2 2 2 2 2
left_child=2 -2 3 4 5 -1 -7 -3 -8 -6 11 12 -4 -14
right_child=1 7 10 -5 9 6 8 -9 -10 -11 -12 -13 13 -15
leaf_value=-0.00050715100247751099 -0.022908485047504756 0.030240267690670803 -0.027892716869621973 -0.026980871032138577 -0.046522885862635956 0.030325366976896306 -0.030842731857068453 -0.022232590839192993 0.042621607734681967 0.052758987665502043 0.0046063388300969579 0.070578632059282387 0.049846494434514978 -0.020112125701991196
leaf_weight=195.56441452726722 20.894316490739584 158.27085569500923 141.85133420303464 41.932080969214439 25.281061962246898 133.38374248147011 21.525757968425754 14.764750957489012 9.4300459474325162 3.9170660749077788 93.436383962631226 3.6952769681811324 16.095901921391487 39.844647973775864
leaf_count=713 93 473 492 202 34 297 37 28 22 12 308 13 54 122
internal_value=0.00249783 0.0204595 -0.00229702 0.00365773 0.0069759 0.0102329 0.0230305 0.0257295 -0.00826936 -0.0329326 -0.0110118 -0.018273 -0.019988 0
internal_weight=919.888 193.93 725.958 431.034 389.102 359.904 164.34 173.036 30.9558 29.1981 294.924 201.487 197.792 55.9405
internal_count=2900 594 2306 1317 1115 1069 356 501 59 46 989 681 668 176
is_linear=0
shrinkage=0.04


Tree=56
num_leaves=15
num_cat=0
split_feature=0 27 27 71 41 5 12 64 6 6 51 51 61 40
split_gain=47.9897 23.4197 20.2388 21.2893 20.1291 21.5947 25.6791 24.7391 36.0673 21.1847 25.3571 39.831 28.0807 25.1121
threshold=0.0023500000825151805 0.0031500000040978198 1.0000000180025095e-35 1.0000000180025095e-35 0.0011500000255182388 0.044400000944733627 0.0088499998673796671 1.0000000180025095e-35 0.0081500001251697558 0.0010500000207684936 0.0016499999910593035 0.0028499999316409235 0.012149999849498274 0.0012500000302679839
decision_type=2 2 2 2 2 2 2 2 2 2 2 2 2 2
left_child=2 -2 3 4 5 7 -7 9 -9 13 12 -12 -11 -1
right_child=1 -3 -4 -5 -6 6 -8 8 -10 10 11 -13 -14 -15
leaf_value=0.0055173301181660507 0.038787036756161221 -0.086243564869113346 -0.044831694046130459 0.045237756986585512 -0.038289204359525604 0.052405418089793106 -0.016794061430839641 0.035242651936792886 -0.024805159458147999 -0.02527824293702733 0.047493032233835608 -0.01258858487524306 0.066034460277635987 -0.025659707559384976
leaf_weight=377.63321579247713 67.118533469736576 2.3748605996370307 15.861460510641335 16.680744037032127 21.597071796655655 26.159129902720451 12.575476206839083 62.032593257725239 21.397285491228104 154.04884395748377 24.816195696592331 60.356680743396282 5.4671771153807631 46.2946552708745
leaf_count=1015 281 10 193 44 83 81 27 163 42 507 83 176 15 180
internal_value=0.0024113 0.034339 -0.000213719 0.000640386 -0.000275873 0.000761963 0.0298509 -0.000734731 0.019783 -0.00330349 -0.012675 0.00490521 -0.0220842 0.00209799
internal_weight=914.414 69.4934 844.921 829.059 812.378 790.781 38.7346 752.047 83.4299 668.617 244.689 85.1729 159.516 423.928
internal_count=2900 291 2609 2416 2372 2289 108 2181 205 1976 781 259 522 1195
is_linear=0
shrinkage=0.04


Tree=57
num_leaves=15
num_cat=0
split_feature=0 27 41 5 22 10 6 33 57 17 14 32 29 13
split_gain=45.9407 25.5205 20.2688 21.9314 20.6734 22.4151 24.8966 21.0899 23.8678 21.4977 22.1994 27.8222 26.3254 29.0718
threshold=0.0038499999791383748 1.0000000180025095e-35 0.003249999950639904 0.048699999228119857 1.0000000180025095e-35 0.029450000263750557 0.0081500001251697558 1.0000000180025095e-35 0.0031500000040978198 0.0019500000635161998 0.12339999899268152 0.0024500000290572648 0.0038499999791383748 0.022199999541044239
decision_type=2 2 2 2 2 2 2 2 2 2 2 2 2 2
left_child=1 2 3 4 5 7 -7 8 9 -1 12 -12 -11 -14
right_child=-2 -3 -4 -5 -6 6 -8 -9 -10 10 11 -13 13 -15
leaf_value=0.017310236352577467 0.040629102257353458 -0.048138690967721998 -0.048780376283605577 0.032147766375862995 -0.012652665632198823 0.031026970516933827 -0.011788019666935415 -0.016904220320426468 0.047897694735028432 -0.016545565922808078 0.037829888194461994 -0.083447350142351426 0.071955047123802324 0.0016903736350215768
leaf_weight=108.17725531756878 47.392874211072922 17.014922924339771 12.680766329169272 36.730535365641117 152.66277310997248 83.496106907725334 29.144169874489307 93.983405895531178 18.84571173787117 175.38027440756559 32.020433187484741 3.229709953069686 10.483978174626825 87.093872144818306
leaf_count=365 211 200 54 119 419 234 90 384 41 480 56 8 22 217
internal_value=0.0023299 0.000212506 0.00119767 0.00197068 0.000566686 0.00371857 0.0199131 0.000261001 0.00397986 0.0019715 -0.0034031 0.0264004 -0.00727486 0.00934665
internal_weight=908.337 860.944 843.929 831.248 794.518 641.855 112.64 529.215 435.231 416.386 308.208 35.2501 272.958 97.5779
internal_count=2900 2689 2489 2435 2316 1897 324 1573 1189 1148 783 64 719 239
is_linear=0
shrinkage=0.04


Tree=58
num_leaves=15
num_cat=0
split_feature=26 19 75 12 18 5 74 40 63 6 30 1 45 62
split_gain=35.9891 40.8673 22.0822 30.2367 26.4399 25.1211 23.9594 21.7535 36.6183 25.1237 30.8778 27.0247 29.5444 24.8914
threshold=0.0012500000302679839 0.002650000038556755 0.0010500000207684936 0.014549999963492157 1.0000000180025095e-35 0.047049999237060554 0.012050000019371511 0.0012500000302679839 0.0010500000207684936 1.0000000180025095e-35 0.002650000038556755 0.071649998426437392 0.0080500002950429934 0.0027499999850988392
decision_type=2 2 2 2 2 2 2 2 2 2 2 2 2 2
left_child=2 -2 4 -4 5 6 7 8 9 10 11 12 -1 -11
right_child=1 -3 3 -5 -6 -7 -8 -9 -10 13 -12 -13 -14 -15
leaf_value=0.0047913703809756934 0.043932253523603165 -0.012466702857375325 -0.020609413165209617 0.059586100681038368 0.018486807102460409 0.041929327323588367 0.038894013028990766 -0.029587444706885166 0.034443551171396372 -0.024545155709651031 -0.037801812062747901 0.03859457874477451 -0.045587834316206742 0.06064095642484197
leaf_weight=207.07536716014147 63.455887340009212 30.188544474542141 121.18123191967607 7.9020058512687674 131.88408062234521 20.44456572830677 20.711995497345924 51.182530429214239 39.908987231552601 119.18076870590448 29.621620297431946 33.703499555587769 20.363647922873497 5.6343884989619246
leaf_count=675 252 92 509 24 381 70 55 210 94 358 52 79 33 16
internal_value=0.00225169 0.0257141 -0.000462746 -0.0156268 0.00241304 -0.00145193 -0.00314886 -0.00488274 -0.00209205 -0.00561771 0.000814336 0.0052227 0.000245059 -0.0206222
internal_weight=902.439 93.6444 808.795 129.083 679.711 547.827 527.383 506.671 455.488 415.579 290.764 261.143 227.439 124.815
internal_count=2900 344 2556 533 2023 1642 1572 1517 1307 1213 839 787 708 374
is_linear=0
shrinkage=0.04


Tree=59
num_leaves=15
num_cat=0
split_feature=60 22 10 6 18 16 7 1 74 63 6 17 7 10
split_gain=34.1959 22.1966 28.8072 40.4758 23.1031 21.2935 20.6565 21.6069 19.1338 18.7399 22.274 26.3677 30.5914 22.208
threshold=0.0038499999791383748 0.0011500000255182388 0.029450000263750557 0.0081500001251697558 0.0035500000230968003 0.0015499999863095584 0.053400000557303436 0.28174999356269842 0.0014499999815598132 0.00335000001359731 0.0010500000207684936 0.0030500000575557355 0.0027499999850988392 1.0000000180025095e-35
decision_type=2 2 2 2 2 2 2 2 2 2 2 2 2 2
left_child=1 2 4 -4 9 -6 7 -3 -7 10 11 12 13 -1
right_child=-2 6 3 -5 5 8 -8 -9 -10 -11 -12 -13 -14 -15
leaf_value=-0.015209583650246068 0.035154081591677884 -0.023520691994579547 0.032782200770819059 -0.012337261918087473 -0.082631093564269467 0.0568393161227485 0.044745927574420551 0.023596487946908204 0.0015706136200914198 0.031348301504166995 -0.018683776053643079 -0.0091131261148615448 0.063160321182102838 0.019051796261329929
leaf_weight=47.545335739850998 47.538907542824745 121.98694758862257 103.25953766703606 45.737697131931782 2.5594940781593314 24.131692871451378 8.953640900552271 17.684272296726704 17.360261388123035 23.643699787557125 137.0003837607801 199.57055671513081 17.2183548361063 82.602318771183491
leaf_count=227 185 375 329 148 17 56 27 52 61 61 496 626 43 197
internal_value=0.00217602 0.000321368 0.00330479 0.0189061 -0.000904564 0.026839 -0.0137086 -0.0175138 0.0338704 -0.00332504 -0.00503346 0.000349162 0.0131881 0.0065027
internal_weight=896.793 849.254 700.629 148.997 551.632 44.0514 148.625 139.671 41.492 507.581 483.937 346.937 147.366 130.148
internal_count=2900 2715 2261 477 1784 134 454 427 117 1650 1589 1093 467 424
is_linear=0
shrinkage=0.04


Tree=60
num_leaves=15
num_cat=0
split_feature=7 27 13 29 11 13 32 25 38 17 7 74 19 2
split_gain=45.4726 22.624 24.0766 26.8228 26.0306 22.9526 22.4514 19.3765 22.916 24.5139 20.6162 18.4028 17.475 26.4464
threshold=0.0047500000800937423 1.0000000180025095e-35 0.022199999541044239 0.0059500001370906839 0.1324296370148659 0.013650000095367433 0.0010500000207684936 0.0065500000491738328 0.0012500000302679839 1.0000000180025095e-35 0.0013499999768100681 0.002650000038556755 1.0000000180025095e-35 0.0070500001311302194
decision_type=2 2 2 2 2 2 2 2 2 2 2 2 2 2
left_child=1 2 3 7 -4 -5 11 8 9 -1 -11 -2 13 -6
right_child=6 -3 4 5 12 -7 -8 -9 -10 10 -12 -13 -14 -15
leaf_value=0.024067707122506145 0.038870010504448708 -0.05144892843230555 -0.035278219764442384 0.0095583101369394845 -0.0033592305408013563 0.093833053341435449 0.0042859144288376425 0.057352920569193278 0.044779823898192711 -0.015903197757893724 0.033603322105131429 -0.024608459259609704 -0.017762494017488997 0.027538086025210656
leaf_weight=44.385870918631554 91.604635868221521 14.106485001742838 43.21785593777895 10.166024573147299 261.4521477073431 10.729609861969946 70.796578101813793 10.935257956385611 18.741726882755756 117.64742244780064 15.058453440666197 7.7941321432590476 94.161530457437038 53.246677532792091
leaf_count=160 340 177 175 36 765 26 223 36 55 378 46 24 282 175
internal_value=0.00305229 -0.00148791 -0.000437783 0.0101615 -0.00578543 0.0532635 0.0215752 0.00576269 0.0028337 -0.00160568 -0.0102344 0.0338326 -0.0026503 0.00186294
internal_weight=864.044 693.849 679.743 227.664 452.078 20.8956 170.195 206.769 195.833 177.092 132.706 99.3988 408.86 314.699
internal_count=2898 2311 2134 737 1397 62 587 675 639 584 424 364 1222 940
is_linear=0
shrinkage=0.04


Tree=61
num_leaves=15
num_cat=0
split_feature=0 27 71 55 12 36 37 1 29 2 13 1 8 30
split_gain=41.9395 22.8485 17.7456 17.4948 24.196 31.2309 28.6278 27.53 19.6647 20.2034 18.7638 18.5905 15.7009 14.8816
threshold=0.0038499999791383748 1.0000000180025095e-35 0.0015499999863095584 0.3907999992370606 1.0000000180025095e-35 0.0052499999292194852 0.6577499806880952 0.28174999356269842 0.12969999760389331 0.0089499996975064295 0.0031500000040978198 0.0014499999815598132 0.45194999873638159 0.0023500000825151805
decision_type=2 2 2 2 2 2 2 2 2 2 2 2 2 2
left_child=1 2 3 4 7 6 8 10 11 -10 -1 -6 -9 -12
right_child=-2 -3 -4 -5 5 -7 -8 12 9 -11 13 -13 -14 -15
leaf_value=0.017945986232248672 0.040656035950160846 -0.048136082569918304 0.045321274744639414 -0.043841158013678855 -0.044662679838704061 -0.041357143615979468 -0.038932685292997371 0.042412767307575316 -0.046334390361753124 0.030023332826530431 -0.0052312318209226921 0.029629908305344701 -0.027632320067702731 -0.030979846907448198
leaf_weight=51.810004286468029 44.636108919978142 14.837193869054316 14.612107798457144 13.590262167155741 5.459574729204177 15.280423089861868 13.109660543501375 30.817645028233528 12.604749336838724 9.6898617148399335 436.26708146184683 151.76100987195969 5.9921488240361205 39.149981789290905
leaf_count=185 225 191 44 59 10 25 30 101 34 27 1465 404 21 77
internal_value=0.00294561 0.000870589 0.00179023 0.000969726 0.00176939 0.0134333 0.0178197 -0.00252449 0.0220058 -0.0129827 -0.00486817 0.0269979 0.030858 -0.00736608
internal_weight=859.618 814.982 800.145 785.532 771.942 207.905 192.625 564.037 179.515 22.2946 527.227 157.221 36.8098 475.417
internal_count=2898 2673 2482 2438 2379 530 505 1849 475 61 1727 414 122 1542
is_linear=0
shrinkage=0.04


Tree=62
num_leaves=15
num_cat=0
split_feature=7 22 32 12 52 13 14 32 28 38 4 42 62 14
split_gain=41.0117 21.7198 21.038 19.404 20.7501 21.8918 21.9781 21.5058 20.8541 20.4752 23.0006 20.1275 17.9557 17.948
threshold=0.0047500000800937423 1.0000000180025095e-35 0.0010500000207684936 1.0000000180025095e-35 0.0049499999731779107 0.018050000071525577 0.074149999767541899 1.0000000180025095e-35 0.024149433709681038 0.0012500000302679839 0.0014499999815598132 0.92309179902076732 0.026650000363588337 0.10244999825954439
decision_type=2 2 2 2 2 2 2 2 2 2 2 2 2 2
left_child=1 3 -2 9 5 11 7 -7 -6 10 13 -5 -3 -1
right_child=2 12 -4 4 8 6 -8 -9 -10 -11 -12 -13 -14 -15
leaf_value=-0.0047571920825968082 0.032769448627054401 -0.021279569042662819 0.0039277532413126443 0.029005023567582642 -0.049202037127218337 -0.008026761809938247 0.042134095120996237 0.059434613274824112 0.006713780980696765 0.030137149501015897 -0.023856202348614849 0.10464045107609468 0.065584607560579475 0.02197208485526014
leaf_weight=242.01949425786734 96.394948601722717 102.77864506468177 70.333079218864441 17.210221976041797 14.271721705794333 59.482139222323895 28.877824164927006 8.5584882125258428 41.086148738861084 27.22319745272398 86.077031690627337 8.5256833881139737 3.8378546237945548 48.089680954813957
leaf_count=870 364 327 223 55 24 165 82 22 115 86 433 12 10 110
internal_value=0.00284229 -0.00146621 0.0206364 0.00157173 0.0125729 0.0217507 0.0129596 0.000474933 -0.00769238 -0.00327476 -0.00571065 0.0545241 -0.0180567 -0.000306611
internal_weight=854.766 688.038 166.728 581.422 178.012 122.654 96.9185 68.0406 55.3579 403.409 376.186 25.7359 106.616 290.109
internal_count=2898 2311 587 1974 475 336 269 187 139 1499 1413 67 337 980
is_linear=0
shrinkage=0.04


Tree=63
num_leaves=15
num_cat=0
split_feature=0 27 7 67 19 56 22 19 43 14 25 7 59 1
split_gain=39.1844 21.5885 18.7729 18.7249 19.3022 30.5453 29.4517 25.7369 29.5009 23.6609 24.272 27.4864 27.4948 22.9198
threshold=0.0038499999791383748 1.0000000180025095e-35 0.081350002437829985 0.0067499999422580012 0.0015499999863095584 0.0017499999958090486 0.0012500000302679839 0.024600000120699409 0.012050000019371511 0.22820000350475314 0.0011500000255182388 0.0022500000195577745 0.0022500000195577745 0.11014999821782114
decision_type=2 2 2 2 2 2 2 2 2 2 2 2 2 2
left_child=1 2 3 4 5 6 9 8 -6 10 11 12 -1 -10
right_child=-2 -3 -4 -5 7 -7 -8 -9 13 -11 -12 -13 -14 -15
leaf_value=0.013368148024080628 0.040221946516384728 -0.04780563864844508 0.05231908854133227 -0.033373317715546212 -0.031488038683324032 0.03270497258747046 -0.020781487911373086 0.03480516182819858 0.084267631197989148 0.033928149497776235 -0.0045526026168059008 0.05102917240868874 -0.039441696047731525 -0.020688919742631873
leaf_weight=145.37894083559513 42.314238473773003 14.271919853985308 11.435121849179266 24.581698291003704 76.686181344091892 56.37823848426342 79.156258270144463 14.738693982362745 6.7226021289825422 42.599986985325813 284.8649385124445 27.245514176785946 17.567391246557236 6.3474742621183395
leaf_count=429 225 191 31 101 203 202 250 64 32 114 840 68 109 39
internal_value=0.00274427 0.000771853 0.0016563 0.000904008 0.00202561 0.00458421 0.00191604 -0.0139189 -0.0219942 0.00539784 0.00282441 0.0138911 0.00762944 0.0332218
internal_weight=850.289 807.975 793.703 782.268 757.686 653.191 596.813 104.495 89.7563 517.657 475.057 190.192 162.946 13.0701
internal_count=2898 2673 2482 2451 2350 2012 1810 338 274 1560 1446 606 538 71
is_linear=0
shrinkage=0.04


Tree=64
num_leaves=15
num_cat=0
split_feature=7 27 13 24 29 21 17 18 17 38 35 60 11 24
split_gain=36.8229 19.9381 20.4013 31.9173 23.0232 21.5109 20.9324 20.4633 23.0245 24.5946 23.4432 19.6523 18.1258 21.6636
threshold=0.0047500000800937423 1.0000000180025095e-35 0.022199999541044239 0.0052499999292194852 0.0036499999696388845 0.14185000211000445 0.0012500000302679839 0.0037500000325962905 1.0000000180025095e-35 0.00025000000459840527 1.0000000180025095e-35 0.0021499999566003685 0.13427647948265078 0.0093499999493360537
decision_type=2 2 2 2 2 2 2 2 2 2 2 2 2 2
left_child=1 2 4 -4 7 12 -6 8 10 -10 -1 -2 -5 -14
right_child=11 -3 3 5 6 -7 -8 -9 9 -11 -12 -13 13 -15
leaf_value=0.034399343303767788 0.011947376697676078 -0.050988458157279357 -0.040190442145464633 -0.036638149435620555 -0.014279159564997571 0.054574103500393038 0.060819091640928122 0.053740444854647358 -0.014173665690037687 0.03836245507455207 -0.049637669041477553 0.04472665863931323 0.037645684054999198 -0.0038233638813355239
leaf_weight=43.402104623615742 124.99282029271126 12.648747667670248 38.59441402554512 24.878168359398842 7.8643051162362125 10.314030200242994 22.815281562507153 12.388949058949946 117.67164781689644 16.094854403287172 5.9250899180769911 38.412494845688343 21.2879289239645 347.87574791163206
leaf_count=151 403 177 148 108 27 29 61 32 396 47 23 184 64 1048
internal_value=0.00265041 -0.00143249 -0.000482242 -0.00547847 0.00928354 -0.00214632 0.0414548 0.00419543 0.000793645 -0.00779868 0.024144 0.0197001 -0.00365459 -0.00141166
internal_weight=845.167 681.761 669.113 442.95 226.162 404.356 30.6796 195.483 183.094 133.767 49.3272 163.405 394.042 369.164
internal_count=2898 2311 2134 1397 737 1249 88 649 617 443 174 587 1220 1112
is_linear=0
shrinkage=0.04


Tree=65
num_leaves=15
num_cat=0
split_feature=7 22 1 23 17 16 43 3 12 49 5 37 59 17
split_gain=30.218 30.8117 24.6079 29.2756 27.5269 24.507 20.72 23.0144 19.9639 20.201 19.9539 19.5459 19.46 26.225
threshold=0.042249999940395362 0.0012500000302679839 0.026549999602139 0.0017499999958090486 0.0088499998673796671 0.42470000684261328 0.0019500000635161998 0.0049499999731779107 0.0010500000207684936 0.0084500000812113302 0.017500000074505809 0.015950000844895843 0.0037500000325962905 0.0065500000491738328
decision_type=2 2 2 2 2 2 2 2 2 2 2 2 2 2
left_child=1 2 12 6 8 -3 -4 -8 9 -5 -10 -7 13 -1
right_child=-2 5 3 4 -6 11 7 -9 10 -11 -12 -13 -14 -15
leaf_value=-0.0072639329359002738 0.039123180145894172 -0.025356316812760408 0.032720358716102613 -0.032431427461885959 -0.015063551982783085 0.062170706573599521 -0.022766589502099092 0.045795659312577931 0.070039333885832764 0.020457513336432115 -0.040558984067879153 -0.0074658558670662612 -0.045335514563200487 0.016951333420903984
leaf_weight=254.04888795316219 35.02042917907238 104.47494424507022 123.0317359790206 15.734258010983465 84.422165758907795 9.7272282466292399 25.260674856603146 11.228913694620131 16.537603907287124 42.434176385402679 2.9792036786675444 18.478697538375854 16.060241516679525 99.489590972661972
leaf_count=854 152 359 338 81 262 26 68 38 58 130 18 36 200 321
internal_value=0.00278248 0.0012284 0.00462239 0.0127131 0.000713957 -0.0164133 0.0248736 -0.00149116 0.0179085 0.00605158 0.0528321 0.0165428 -0.00240893 -0.000435315
internal_weight=858.929 823.908 691.227 321.629 162.107 132.681 159.521 36.4896 77.6852 58.1684 19.5168 28.2059 369.599 353.538
internal_count=2941 2789 2368 993 549 421 444 106 287 211 76 62 1375 1175
is_linear=0
shrinkage=0.04


Tree=66
num_leaves=15
num_cat=0
split_feature=0 27 13 9 77 23 14 1 35 57 55 15 37 73
split_gain=38.2336 20.3141 18.4011 17.9665 25.2707 28.2918 27.8225 21.3344 20.7977 20.3218 17.5824 26.311 19.8976 17.2739
threshold=0.0038499999791383748 1.0000000180025095e-35 0.0037500000325962905 0.018649999983608726 0.0019500000635161998 0.0043500000610947618 0.079450000077486052 0.0088499998673796671 0.0085500003769993799 0.0019500000635161998 1.0000000180025095e-35 0.018649999983608726 0.0034500000765547161 0.0011500000255182388
decision_type=2 2 2 2 2 2 2 2 2 2 2 2 2 2
left_child=1 2 -1 9 7 6 8 -5 -6 13 -9 -12 -13 -4
right_child=-2 -3 3 4 5 -7 -8 10 -10 -11 11 12 -14 -15
leaf_value=0.021772518903045279 0.04224079139736734 -0.046701192146786669 -0.010599745999619254 -0.011309103833997648 -0.032074697200118858 -0.028432205636199224 0.030244150900708148 0.030053102666133504 0.030183371891055286 0.042292695995385765 -0.0095740837573915633 -0.015110543199470354 0.059914012831424265 0.031138834080603073
leaf_weight=66.946845605969429 37.291624061763287 14.008511818945406 322.27102624997497 43.679727301001549 31.556440830230713 59.556586056947708 42.794649489223957 110.47358762472868 11.631835125386713 12.947691723704336 57.306887246668339 7.8271071612834957 19.301196895539761 16.547169402241707
leaf_count=235 221 208 1061 140 72 143 122 282 40 30 199 53 76 59
internal_value=0.00268583 0.000870177 0.00171093 -0.000111419 0.00586332 -0.00725161 0.00738878 0.0138799 -0.0151834 -0.00664701 0.0195483 0.00573728 0.0381449 -0.00854093
internal_weight=854.141 816.849 802.841 735.894 384.128 145.54 85.9829 238.589 43.1883 351.766 194.909 84.4352 27.1283 338.818
internal_count=2941 2720 2512 2277 1127 377 234 750 112 1150 610 328 129 1120
is_linear=0
shrinkage=0.04


Tree=67
num_leaves=15
num_cat=0
split_feature=7 22 16 10 54 14 59 21 63 53 68 15 28 17
split_gain=28.0178 27.8247 22.5196 22.3457 26.79 20.9236 22.6201 18.3987 16.9565 22.6711 19.6896 21.4774 21.6369 23.5869
threshold=0.042249999940395362 0.0012500000302679839 0.42470000684261328 0.031549999490380294 1.0000000180025095e-35 0.015549999661743643 0.0022500000195577745 0.029849999584257606 0.0039500000420957812 0.0011500000255182388 0.0065499998163431892 0.0066499998793005952 0.0021493949461728339 0.002549999975599349
decision_type=2 2 2 2 2 2 2 2 2 2 2 2 2 2
left_child=1 3 -3 8 -5 -4 -7 -6 9 10 11 12 -1 -14
right_child=-2 2 5 4 7 6 -8 -9 -10 -11 -12 -13 13 -15
leaf_value=-0.010353515964017289 0.038318465597134727 -0.024467394198587004 0.097055450013003919 0.028179055484357427 -0.02381326298433542 -0.026093814195410049 0.056939803237981632 0.076504065133129642 0.034968952176242442 -0.036597562716721453 0.087854680293946469 -0.019608095326592866 0.026498003763868315 0.002163475468301371
leaf_weight=120.84341513738036 33.637365572154522 102.64498499780893 4.2094628289341953 107.4976702183485 28.592430852353576 15.876798734068872 7.7153135091066352 3.1461763530969611 22.047648459672928 26.704244084656239 4.0574171245098105 72.797073394060135 92.259897213429213 207.02683014422655
leaf_count=479 152 359 12 397 123 28 22 9 64 68 13 301 290 624
internal_value=0.00259431 0.00111121 -0.0158069 0.00434078 0.018639 0.0159978 0.0010175 -0.0135343 0.000682737 -0.000759499 0.0011651 0.000425746 0.00391042 0.00968469
internal_weight=849.057 815.419 130.447 684.973 139.236 27.8016 23.5921 31.7386 545.737 523.689 496.985 492.927 420.13 299.287
internal_count=2941 2789 421 2368 529 62 50 132 1839 1775 1707 1694 1393 914
is_linear=0
shrinkage=0.04


Tree=68
num_leaves=15
num_cat=0
split_feature=0 47 12 19 32 28 29 53 28 11 55 17 9 1
split_gain=35.8216 16.3999 21.2567 28.0186 24.6722 24.7036 21.7749 21.2716 19.2721 22.3494 18.5512 18.3592 22.7151 17.4724
threshold=0.0038499999791383748 0.0011500000255182388 0.013799999840557577 0.0017499999958090486 0.0010500000207684936 0.0026991500053554778 0.0079499999992549437 0.0010500000207684936 0.0054946900345385083 0.17167615890502932 0.0028499999316409235 0.0490499995648861 0.072650000452995314 0.014349999837577345
decision_type=2 2 2 2 2 2 2 2 2 2 2 2 2 2
left_child=1 -1 3 4 5 13 -6 8 -7 -10 -11 12 -8 -3
right_child=-2 2 -4 -5 6 7 11 -9 9 10 -12 -13 -14 -15
leaf_value=-0.0055010107843608659 0.041958009060996775 -0.02940112805944298 0.049079201143142667 -0.032328707887778696 -0.019351609833912632 0.052451804740427113 -0.0052807359633918098 -0.019100571865232712 -0.016879290426907331 0.032156675991163002 -0.0060091804224285898 -0.081324254004056837 0.047889769448712517 0.020481920337056835
leaf_weight=364.59287439286709 35.188543863594532 30.922929406166077 17.473129287362099 31.082057908177376 83.920114025473595 32.626075275242329 28.160292647778988 19.644160442054272 23.912155151367188 107.99481735378504 24.867646805942059 2.9974732324481002 23.347297079861164 17.436607405543327
leaf_count=1413 221 96 56 121 208 67 104 41 86 297 115 10 60 46
internal_value=0.00250608 0.000780104 0.00594248 0.00415649 0.00703899 0.0143653 -0.00655602 0.0203306 0.0244493 0.0185666 0.024984 0.0130711 0.0187889 -0.0113275
internal_weight=844.166 808.978 444.385 426.912 395.83 257.404 138.425 209.045 189.401 156.775 132.862 54.5051 51.5076 48.3595
internal_count=2941 2720 1307 1251 1130 748 382 606 565 498 412 174 164 142
is_linear=0
shrinkage=0.04


Tree=69
num_leaves=15
num_cat=0
split_feature=0 27 7 25 20 45 29 59 55 55 1 7 34 10
split_gain=34.3565 19.0649 14.5091 15.2518 22.0096 17.9013 18.6564 23.3125 20.7233 26.1427 19.1548 23.5494 19.2116 19.0141
threshold=0.0038499999791383748 1.0000000180025095e-35 0.042249999940395362 0.0010500000207684936 0.054789245128631599 0.0088499998673796671 0.018250000663101677 0.0038499999791383748 0.0045499999541789302 0.00335000001359731 0.026549999602139 0.0047500000800937423 0.0049499999731779107 0.19969999790191653
decision_type=2 2 2 2 2 2 2 2 2 2 2 2 2 2
left_child=1 2 3 4 5 6 7 8 9 10 11 12 -1 -8
right_child=-2 -3 -4 -5 -6 -7 13 -9 -10 -11 -12 -13 -14 -15
leaf_value=0.014791738747690493 0.041776022139046853 -0.046381637682373009 0.036470826829729866 -0.0030530140411643169 0.057633325998813947 -0.042691037366041934 -0.027304396146529679 -0.041649783729728045 -0.029306547948037127 0.14530168840970625 0.044095003135693124 0.08883110070888664 -0.029763474266556549 0.064551003329047493
leaf_weight=88.170084707438946 33.95352528989315 13.396021526306866 18.503373809158802 533.12099052593112 13.983017817139624 11.329111054539679 32.83586610853672 11.152094371616839 13.593021854758261 2.6136786043643943 38.422722525894642 5.8501288294792166 18.640381388366222 3.9327683076262465
leaf_count=321 221 208 58 1665 38 16 64 118 42 5 107 15 52 11
internal_value=0.00241952 0.000750707 0.00155857 0.000713789 0.00907736 0.00603852 0.00864095 0.0139993 0.0177556 0.0219602 0.0197053 0.01132 0.00695806 -0.0172226
internal_weight=839.497 805.543 792.147 773.644 240.523 226.54 215.211 178.442 167.29 153.697 151.083 112.661 106.81 36.7686
internal_count=2941 2720 2512 2454 789 751 735 660 542 500 495 388 373 75
is_linear=0
shrinkage=0.04


Tree=70
num_leaves=15
num_cat=0
split_feature=39 58 21 36 21 68 20 20 13 28 3 63 13 11
split_gain=28.8709 23.2454 23.2025 23.1435 21.5532 21.572 17.572 16.9896 18.9105 20.9265 16.8167 15.6522 17.3356 15.5199
threshold=0.0016499999910593035 1.0000000180025095e-35 0.15959999710321429 0.0012500000302679839 0.0058500000741332778 0.0051500000990927228 0.00024998500157380482 0.00029999000253155833 0.021450000815093521 0.0021493949461728339 0.0023500000825151805 0.0010500000207684936 0.26889999210834509 0.024074624292552475
decision_type=2 2 2 2 2 2 2 2 2 2 2 2 2 2
left_child=1 2 3 4 5 7 -6 13 10 -10 -9 12 -11 -1
right_child=-2 -3 -4 -5 6 -7 -8 8 9 11 -12 -13 -14 -15
leaf_value=0.016460262325118345 0.021916118283441536 0.041878426472300431 0.046924401856903018 -0.016155988872101731 0.12410107032006627 0.048732485101293577 0.017620772249560279 0.0045706748113071285 -0.03164959932438887 0.0011231705916782239 0.043476942892186989 0.02874758715224331 -0.023837983718430374 -0.041706210686515262
leaf_weight=9.3494561836123449 95.486175753176212 19.181703984737396 14.699558541178702 177.40027960762382 2.5014556199312201 12.659427449107168 63.572719879448414 80.142665542662144 45.134059749543667 172.47444454208016 22.868586152791977 23.713440716266632 59.777790866792202 31.917309314012527
leaf_count=73 401 82 37 605 6 51 184 283 156 508 65 65 207 184
internal_value=0.00123316 -0.00144957 -0.00262126 -0.00367169 0.000548625 -0.0025259 0.0218938 -0.00400247 -0.00149236 -0.00656241 0.0132805 -0.00211257 -0.00529169 -0.0284233
internal_weight=830.879 735.393 716.211 701.512 524.111 458.037 66.0742 445.378 404.111 301.1 103.011 255.966 232.252 41.2668
internal_count=2907 2506 2424 2387 1782 1592 190 1541 1284 936 348 780 715 257
is_linear=0
shrinkage=0.04


Tree=71
num_leaves=15
num_cat=0
split_feature=39 58 21 36 2 21 20 20 13 28 77 14 18 21
split_gain=26.7431 21.8175 21.4735 21.4525 20.198 20.6398 15.5878 15.337 20.2708 17.8727 15.8389 21.0512 18.3695 22.4801
threshold=0.0016499999910593035 1.0000000180025095e-35 0.15959999710321429 0.0012500000302679839 0.016050000675022606 0.0058500000741332778 0.00024998500157380482 0.00029999000253155833 0.021450000815093521 0.0021493949461728339 0.0016499999910593035 0.25595000386238104 0.0023500000825151805 0.0020500000100582842
decision_type=2 2 2 2 2 2 2 2 2 2 2 2 2 2
left_child=1 2 3 4 5 7 -7 -1 -9 -10 11 12 13 -11
right_child=-2 -3 -4 -5 -6 6 -8 8 9 10 -12 -13 -14 -15
leaf_value=-0.028032642978191316 0.021145498285203936 0.040974690294030183 0.045216880740277993 -0.015593785040385362 0.030960762222498425 0.11345536101075192 0.015433194174421664 0.013328787275201233 -0.030950770759058735 0.0012764338285064741 -0.020854000311376582 0.047328968216633543 0.040525172551124269 -0.039688137893148658
leaf_weight=40.628278221935034 95.020698945969343 18.829984158277512 14.649256557226179 176.46719544380903 32.620252318680286 2.6332013607025138 60.974933445453644 99.462471012026072 44.325801193714142 123.98127365112305 61.358220923691988 15.333425886929033 14.989040747284887 25.772138684988022
leaf_count=253 401 82 37 605 152 6 175 321 156 422 140 38 40 79
internal_value=0.0011902 -0.00139717 -0.00252708 -0.00354037 0.000528331 -0.00149759 0.0197255 -0.00468091 -0.00220106 -0.00762319 -0.00331279 0.00265018 -0.00151023 -0.00576854
internal_weight=827.046 732.025 713.195 698.546 522.079 489.459 63.6081 425.851 385.222 285.76 241.434 180.076 164.742 149.753
internal_count=2907 2506 2424 2387 1782 1630 181 1449 1196 875 719 579 541 501
is_linear=0
shrinkage=0.04


Tree=72
num_leaves=15
num_cat=0
split_feature=26 70 33 64 14 36 2 30 48 21 20 68 11 20
split_gain=25.9341 30.1012 21.0019 23.5509 29.0686 19.4386 17.5371 16.8775 19.7023 21.2647 19.5884 19.2636 16.5592 14.5418
threshold=0.0012500000302679839 0.0018500000005587938 0.021550000645220283 1.0000000180025095e-35 0.018050000071525577 0.0010500000207684936 0.01124999998137355 0.0023500000825151805 0.020149999298155311 0.0113500002771616 0.00029999000253155833 0.0046500000171363362 0.024074624292552475 0.097786270081996932
decision_type=2 2 2 2 2 2 2 2 2 2 2 2 2 2
left_child=2 -2 3 5 -5 6 7 8 9 10 12 -12 -1 -3
right_child=1 13 -4 4 -6 -7 -8 -9 -10 -11 11 -13 -14 -15
leaf_value=0.018814348030160768 0.044455251839877682 -0.020781518980785726 -0.031364037504469262 -0.0057521780607950523 0.049139298213777778 -0.01320532821026158 0.029848330624505176 -0.026685263059606241 -0.036437429236530802 0.040312828302788706 0.0038911061638071329 0.077730377637919776 -0.040605417261369112 0.060321344725039965
leaf_weight=10.022872146219013 44.368135765194893 23.570738136768345 34.763481874018908 28.264019381254911 33.552401766180992 175.10937879234552 34.368493497371674 34.291248425841331 19.683842945843935 24.708134770393372 321.96400094777346 5.6624518409371367 28.333692345768213 4.0457681715488425
leaf_count=76 229 90 153 76 92 628 150 72 58 71 1023 19 155 15
internal_value=0.00114929 0.024069 -0.001046 0.000424685 0.0240082 -0.00180116 0.00236113 0.000221398 0.00248544 0.00446551 0.00202412 0.00520282 -0.024966 -0.00858101
internal_weight=822.709 71.9846 750.724 715.961 61.8164 654.144 479.035 444.666 410.375 390.691 365.983 327.626 38.3566 27.6165
internal_count=2907 334 2573 2420 168 2252 1624 1474 1402 1344 1273 1042 231 105
is_linear=0
shrinkage=0.04


Tree=73
num_leaves=15
num_cat=0
split_feature=12 14 54 49 33 5 9 17 3 50 66 3 42 48
split_gain=25.0615 26.1171 23.3978 22.5314 20.5652 24.0188 18.1632 16.9638 24.2734 21.1264 20.5541 16.4056 20.2403 17.4576
threshold=0.0010500000207684936 0.072850000113248839 0.0015499999863095584 0.0071499999612569818 0.021049999631941322 0.04150000028312207 0.12734999507665637 0.0019500000635161998 0.0031500000040978198 1.0000000180025095e-35 0.0031500000040978198 1.0000000180025095e-35 0.59368228912353527 0.0011500000255182388
decision_type=2 2 2 2 2 2 2 2 2 2 2 2 2 2
left_child=4 3 -3 11 5 6 7 8 9 -1 -9 12 -2 -14
right_child=1 2 -4 -5 -6 -7 -8 10 -10 -11 -12 -13 13 -15
leaf_value=-0.014198131849098735 0.074568512257211672 0.039604631423132614 -0.012267650247483832 -0.024071429048814173 -0.043069242602707627 0.042800122922746139 0.02470472222728497 -0.01150396790020379 0.048525350577712713 0.01808007960420209 0.046003586993795996 0.023877822930740148 0.043226329699714745 -0.032297151046956525
leaf_weight=73.805620234459639 4.0094465091824523 70.736009076237679 17.12812090665102 39.173355527222157 19.958467941731215 18.538797810673714 34.436039768159389 355.9575606547296 18.732869140803814 57.729500934481621 10.107685290277002 64.33065764605999 5.7857427820563307 28.341317817568779
leaf_count=329 13 271 56 101 123 77 102 1285 55 200 27 176 15 77
internal_value=0.00110901 0.0123232 0.0294448 0.00166063 -0.0032532 -0.00184301 -0.00336045 -0.00524438 0.00605256 0 -0.00989303 0.0115509 -0.00914621 -0.0192875
internal_weight=818.771 229.505 87.8641 141.641 589.267 569.308 550.769 516.333 150.268 131.535 366.065 102.467 38.1365 34.1271
internal_count=2907 709 327 382 2198 2075 1998 1896 584 529 1312 281 105 92
is_linear=0
shrinkage=0.04


Tree=74
num_leaves=15
num_cat=0
split_feature=39 58 21 36 2 21 14 41 70 24 17 30 34 28
split_gain=23.5383 19.5192 19.3521 18.5263 17.2422 17.6771 14.3068 13.7825 13.7083 13.6605 14.1076 17.3188 15.0112 14.5424
threshold=0.0016499999910593035 1.0000000180025095e-35 0.15959999710321429 0.0012500000302679839 0.016050000675022606 0.0058500000741332778 0.034350000321865089 0.0027499999850988392 1.0000000180025095e-35 0.0019500000635161998 0.0046500000171363362 0.0020500000100582842 0.050075000151991851 0.17409789562225345
decision_type=2 2 2 2 2 2 2 2 2 2 2 2 2 2
left_child=1 2 3 4 5 7 -7 -1 -2 -5 11 13 -12 -11
right_child=8 -3 -4 9 -6 6 -8 -9 -10 10 12 -13 -14 -15
leaf_value=-0.0031847998180772499 0.026407704858965965 0.039632766353649089 0.043212116951324257 -0.046125657179898062 0.029238382370967684 0.029400325648422338 -0.013742055922115071 -0.047245999380973791 -0.01670134097599852 -0.0066344182814721377 -0.023255267946742094 0.090853217349624704 0.026007645852624425 0.077488443197473139
leaf_weight=408.96769108250737 79.26017988845706 18.003632344305515 14.446781694889067 19.592372067272663 31.095253176987171 47.146333321928978 16.416356697678566 11.603581625968216 13.675046302378176 37.270904071629047 98.95578296482563 3.6275224685668936 10.837855301797388 3.50419146567583
leaf_count=1409 321 82 37 151 152 130 51 40 80 124 264 11 44 11
internal_value=0.00107154 -0.00136492 -0.00242533 -0.00339416 0.000408363 -0.00144074 0.018191 -0.0044209 0.0200103 -0.0146842 -0.010636 0.00831426 -0.0183368 0.000669087
internal_weight=814.403 721.468 703.465 689.018 515.229 484.134 63.5627 420.571 92.9352 173.789 154.196 44.4026 109.794 40.7751
internal_count=2907 2506 2424 2387 1782 1630 181 1449 401 605 454 146 308 135
is_linear=0
shrinkage=0.04


Tree=75
num_leaves=15
num_cat=0
split_feature=7 67 41 27 42 37 37 64 39 51 60 57 1 13
split_gain=21.6522 20.7628 19.2886 19.1788 17.4558 25.8986 21.0449 25.6189 24.1328 24.498 17.767 22.2503 18.9237 20.6158
threshold=0.042249999940395362 0.01124999998137355 0.003249999950639904 1.0000000180025095e-35 0.70618537068367015 0.64779999852180492 0.0010500000207684936 1.0000000180025095e-35 0.0012500000302679839 0.0047500000800937423 0.0015499999863095584 0.0027499999850988392 0.19169999659061435 0.017749999649822715
decision_type=2 2 2 2 2 2 2 2 2 2 2 2 2 2
left_child=1 2 3 4 5 -1 8 -8 10 -10 11 12 13 -6
right_child=-2 -3 -4 -5 6 -7 7 -9 9 -11 -12 -13 -14 -15
leaf_value=0.02395418270200576 0.035708692710781177 -0.049994815557089477 -0.046298648546392811 -0.047822016622730765 0.015195543949682659 -0.02773634933095262 -0.017137641518222647 0.014969979935758375 0.042021763974101199 -0.035779935604372794 -0.026110554241050084 0.049411392540397003 0.038113598637477653 -0.0076164067146541952
leaf_weight=110.01972153410316 29.322856239974499 12.586004503071306 13.126429982483385 11.865109279751776 93.297926504164934 17.897292032837868 167.70316265895963 51.897105775773525 45.486575204879045 7.4135534763336173 32.420989945530891 16.927317835390568 21.998772077262402 197.11973997950554
leaf_count=405 143 62 58 195 324 28 622 137 149 34 85 38 73 566
internal_value=0.00200624 0.000761239 0.0015841 0.00240715 0.0032005 0.0166747 0.00047454 -0.00952823 0.00578252 0.030996 0.002077 0.00487104 0.00242992 -0.000271493
internal_weight=829.083 799.76 787.174 774.047 762.182 127.917 634.265 219.6 414.665 52.9001 361.765 329.344 312.416 290.418
internal_count=2919 2776 2714 2656 2461 433 2028 759 1269 183 1086 1001 963 890
is_linear=0
shrinkage=0.04


Tree=76
num_leaves=15
num_cat=0
split_feature=0 41 17 73 12 32 7 17 15 62 1 29 29 1
split_gain=22.6789 18.3036 18.9666 16.4761 15.4052 14.9222 14.4057 24.757 23.6841 35.5385 22.7589 22.3308 23.5739 18.9604
threshold=0.0038499999791383748 0.003249999950639904 0.034549999982118614 1.0000000180025095e-35 0.016449999995529655 0.0010500000207684936 0.00045000000682193791 0.0019500000635161998 0.0068500000052154073 0.0011500000255182388 0.010850000195205213 0.0042499999981373557 0.0085500003769993799 0.0099499998614192026
decision_type=2 2 2 2 2 2 2 2 2 2 2 2 2 2
left_child=1 2 3 6 5 -4 7 -1 10 -10 13 -9 -13 -8
right_child=-2 -3 4 -5 -6 -7 8 11 9 -11 -12 12 -14 -15
leaf_value=0.010232923725540426 0.037279304156738122 -0.046571732856872439 -0.017893001878654533 0.021485732230696945 0.023609578388320174 -0.071830535891855368 0.003256844972424146 -0.031206593789735726 -0.020733329577367027 0.041857157012932689 0.019563140873568578 0.052046326353005511 -0.011304430602811274 -0.045899687003971533
leaf_weight=82.584435313940048 27.962348185479641 12.796739809215067 37.66492385789752 71.317057564854622 10.301755249500273 10.570007614791392 117.11984547972679 79.597329845651984 90.802831348031759 17.145539559423923 194.31396944075823 11.627700649201868 47.153954960405827 13.952518895268438
leaf_count=370 219 60 198 259 28 31 405 352 286 49 484 34 122 22
internal_value=0.00193434 0.000684664 0.00146679 0.00323944 -0.0204067 -0.0299196 0.00124155 -0.0070603 0.00548465 -0.0107255 0.0108764 -0.0174097 0.00122627 -0.00197633
internal_weight=824.911 796.949 784.152 725.615 58.5367 48.2349 654.298 220.963 433.335 107.948 325.386 138.379 58.7817 131.072
internal_count=2919 2700 2640 2383 257 229 2124 878 1246 335 911 508 156 427
is_linear=0
shrinkage=0.04


Tree=77
num_leaves=15
num_cat=0
split_feature=0 17 73 12 77 39 17 17 18 40 25 47 38 8
split_gain=21.6633 16.9028 15.6941 14.4528 14.3459 13.5246 16.7748 18.5224 30.7687 17.4028 21.256 16.0304 16.6106 16.2364
threshold=0.0038499999791383748 0.034549999982118614 1.0000000180025095e-35 0.016449999995529655 0.0013499999768100681 0.0013499999768100681 0.0030500000575557355 0.0037500000325962905 1.0000000180025095e-35 0.0010500000207684936 0.041149999946355827 0.025549999438226226 0.0087500000372529047 0.015549999661743643
decision_type=2 2 2 2 2 2 2 2 2 2 2 2 2 2
left_child=1 2 5 4 -3 6 9 8 -8 10 -1 12 13 -9
right_child=-2 3 -4 -5 -6 -7 7 11 -10 -11 -12 -13 -14 -15
leaf_value=0.0082104224347928512 0.036983980599579962 0.0056545434446137769 0.02004354632912109 0.022837002893955783 -0.042629839950031653 0.015900384436566588 -0.041994830211713616 -0.00069580828654989939 0.050142876504539448 -0.024326562817194822 0.078787829931675255 0.03809923032117702 0.058160015395259307 -0.021570072538468512
leaf_weight=194.66336729750037 27.076937139034271 13.467142831534145 71.947968035936356 10.2291402220726 34.960058528929949 79.052592143416405 43.346944138407707 201.7758210785687 6.5688336789607993 25.393511023372412 6.9966012239456168 14.058935694396494 6.3111720345914355 84.782131351530552
leaf_count=642 219 90 266 28 142 270 97 661 20 158 29 43 22 232
internal_value=0.00186491 0.000657065 0.00231223 -0.0199809 -0.029136 0.000379139 -0.00171776 -0.00713057 -0.0297137 0.00677095 0.0107168 -0.00343637 -0.00545623 -0.00689107
internal_weight=820.631 793.554 734.898 58.6563 48.4272 662.95 583.897 356.844 49.9158 227.053 201.66 306.928 292.869 286.558
internal_count=2919 2700 2440 260 232 2174 1904 1075 117 829 671 958 915 893
is_linear=0
shrinkage=0.04


Tree=78
num_leaves=15
num_cat=0
split_feature=61 6 1 5 15 28 16 16 59 67 57 52 5 36
split_gain=19.4719 19.6018 19.7001 20.8347 20.2094 21.9319 16.9758 23.7878 14.4915 14.297 18.2407 16.2424 21.2034 22.0033
threshold=0.0040500001050531873 0.0027499999850988392 0.027150000445544723 0.0079499999992549437 0.011649999767541887 0.23172093927860263 0.39354999363422399 0.97269999980926525 0.002549999975599349 0.01124999998137355 0.0028499999316409235 0.007849999703466894 0.002549999975599349 1.0000000180025095e-35
decision_type=2 2 2 2 2 2 2 2 2 2 2 2 2 2
left_child=1 2 3 8 -4 -6 -3 -8 9 10 11 12 13 -1
right_child=-2 6 4 -5 5 -7 7 -9 -10 -11 -12 -13 -14 -15
leaf_value=0.014353739270682363 0.029745532360045065 -0.016558498051744162 0.018084673552041304 0.034178804224329222 -0.023037611832183599 0.052025042204971415 0.049474618830023492 -0.045899592539446331 -0.043182464952113683 -0.042423636961580635 0.052219663469459832 -0.021169397557506447 -0.022319262741624605 -0.018560837766783279
leaf_weight=156.96840973570943 37.935418579727411 145.5694085676223 198.61136199533939 23.57052881270647 39.278979517519474 7.278821349143981 14.597242698073389 5.721851557493209 14.821445237845181 13.892053507268427 9.8414681255817396 61.615884363651276 46.994118116796017 40.792957715690136
leaf_count=592 206 625 564 81 87 25 48 6 217 57 19 140 110 142
internal_value=0.0017976 0.000428803 0.00373182 -0.00210488 0.0125181 -0.0111303 -0.0117607 0.0223281 -0.0046051 -0.00284834 -0.00108419 -0.00282598 0.0017823 0.00753816
internal_weight=817.49 779.555 613.666 368.497 245.169 46.5578 165.889 20.3191 344.926 330.105 316.213 306.371 244.755 197.761
internal_count=2919 2713 2034 1358 676 112 679 54 1277 1060 1003 984 844 734
is_linear=0
shrinkage=0.04


Tree=79
num_leaves=15
num_cat=0
split_feature=0 41 17 53 42 16 64 37 12 75 47 17 42 79
split_gain=20.3402 16.9886 16.2591 18.6657 17.7707 21.254 18.2203 25.3784 17.442 16.9684 23.6057 30.6042 19.5516 19.3426
threshold=0.0038499999791383748 0.003249999950639904 0.034549999982118614 0.0060500002000480899 0.70618537068367015 0.97269999980926525 1.0000000180025095e-35 0.0010500000207684936 0.010199999902397396 0.0010500000207684936 0.0011500000255182388 0.0027499999850988392 0.98168909549713146 0.0031500000040978198
decision_type=2 2 2 2 2 2 2 2 2 2 2 2 2 2
left_child=1 2 3 4 5 -1 7 9 -9 10 11 12 -6 -13
right_child=-2 -3 -4 -5 6 -7 -8 8 -10 -11 -12 13 -14 -15
leaf_value=0.025356631396919269 0.036598148729812693 -0.046096290689607397 -0.019148956328755684 -0.03783294111017451 0.036381087964295102 -0.04281353666026335 0.024274746908348414 -0.017615982027163381 0.04596387612178017 -0.024485852378230231 0.016654695864573511 -0.021666952190900434 -0.0043006662565762887 0.058677462887556743
leaf_weight=89.853920847177505 25.822626046836376 12.177220597863196 57.321209110319614 17.387180924415588 37.233048733323812 7.8352497518062583 50.981100551784039 145.15184905007482 7.122086949646472 29.566239090636373 192.20253285765648 97.93713927641511 37.935186415910721 4.9218800812959662
leaf_count=314 219 60 257 45 134 7 142 548 26 171 486 326 171 13
internal_value=0.00173253 0.000579865 0.00132385 0.002966 0.00398929 0.0198099 0.001417 -0.000690578 -0.0145878 0.0045949 0.00693405 -0.00354159 0.0158186 -0.0177303
internal_weight=813.448 787.626 775.449 718.127 700.74 97.6892 603.051 552.07 152.274 399.796 370.23 178.027 75.1682 102.859
internal_count=2919 2700 2640 2383 2338 321 2017 1875 574 1301 1130 644 305 339
is_linear=0
shrinkage=0.04


Tree=80
num_leaves=15
num_cat=0
split_feature=26 48 70 12 76 9 29 13 24 52 68 15 14 10
split_gain=22.7035 22.1323 20.5565 17.6473 26.9648 25.2967 19.5502 17.7784 17.3552 22.721 15.2955 15.2486 14.3349 17.8953
threshold=0.0010500000207684936 0.028050000779330734 0.0018500000005587938 1.0000000180025095e-35 0.0038499999791383748 0.14429999887943271 1.0000000180025095e-35 0.0031500000040978198 0.0011500000255182388 0.078749999403953566 0.0017499999958090486 0.0058500000741332778 0.013749999925494196 0.0011500000255182388
decision_type=2 2 2 2 2 2 2 2 2 2 2 2 2 2
left_child=1 3 -2 4 5 7 10 12 -9 11 -5 -10 13 -1
right_child=2 -3 -4 6 -6 -7 -8 8 9 -11 -12 -13 -14 -15
leaf_value=-0.022954640944231691 0.040463426026116224 -0.024575789460035975 -0.0024629058228965014 -0.02876614829100883 -0.044990718229160558 0.046406626897729522 0.021429873508695182 -0.038782888266577248 0.00019432835236953547 0.078756128558420957 0.061360047031827181 -0.018015967686165386 0.056108226582760018 0.033043106370225818
leaf_weight=16.641108278185129 41.902007821947336 59.266180172562599 30.729968313127756 22.917033750563863 22.600078664720058 17.701500579714775 107.88127715140581 22.521204635500908 329.59135891124606 5.2911931648850432 3.3492348194122306 94.460490878671408 13.223202016204594 19.903238642960787
leaf_count=162 246 218 119 46 57 53 318 181 1001 20 5 387 44 54
internal_value=0.00094667 -0.00115662 0.0222683 0.000893757 -0.00231576 -0.000442645 0.0138815 -0.00211275 -0.0046204 -0.00281048 -0.0169332 -0.003856 0.0205389 0.00744134
internal_weight=807.979 735.347 72.632 676.081 541.933 519.333 134.148 501.632 451.864 429.343 26.2663 424.052 49.7675 36.5443
internal_count=2911 2546 365 2328 1959 1902 369 1849 1589 1408 51 1388 260 216
is_linear=0
shrinkage=0.04


Tree=81
num_leaves=15
num_cat=0
split_feature=26 48 70 12 76 9 31 37 10 17 76 31 11 55
split_gain=21.2442 20.5307 19.6501 16.2871 25.3111 23.6988 21.8403 19.812 26.702 27.0488 17.2594 18.0425 16.2843 15.1491
threshold=0.0010500000207684936 0.028050000779330734 0.0018500000005587938 1.0000000180025095e-35 0.0038499999791383748 0.14429999887943271 0.0079499999992549437 0.0011500000255182388 0.011049999855458738 0.011850000359117987 0.0019500000635161998 0.0074499999172985562 0.093396931886672988 0.36855000257492071
decision_type=2 2 2 2 2 2 2 2 2 2 2 2 2 2
left_child=1 3 -2 4 5 6 10 12 -9 13 11 -1 -5 -10
right_child=2 -3 -4 7 -6 -7 -8 8 9 -11 -12 -13 -14 -15
leaf_value=-0.00033482629586950412 0.039826313567760903 -0.023742898414499988 -0.0023661705406535058 0.093479873676299341 -0.043931853399121527 0.04529306550584343 -0.02530112502245092 -0.029387917810704552 0.048391651108768967 -0.020401053587217114 0.079621800805687398 0.13125682734449889 0.024109904881156496 -0.043902170708405748
leaf_weight=437.04382699914277 40.89163826406002 58.902449131011963 30.711318146437407 6.1189743243157855 22.229011364281178 17.419464953243732 57.086696520447731 29.490471042692661 30.22848979383707 18.439020931720734 4.3185377418994895 1.5734019577503193 46.718166649341583 3.0172905996441832
leaf_count=1562 246 218 119 12 57 53 262 91 94 41 18 7 125 6
internal_value=0.000913369 -0.00111511 0.0216956 0.000860603 -0.00223288 -0.000425642 -0.0020351 0.0133403 0.00087323 0.0182404 0.000959494 0.000157911 0.0323805 0.0397888
internal_weight=804.189 732.586 71.603 673.683 539.671 517.442 500.022 134.012 81.1753 51.6848 442.936 438.617 52.8371 33.2458
internal_count=2911 2546 365 2328 1959 1902 1849 369 232 141 1587 1569 137 100
is_linear=0
shrinkage=0.04


Tree=82
num_leaves=15
num_cat=0
split_feature=27 0 13 37 54 44 12 5 76 37 10 35 15 9
split_gain=19.1221 22.1706 21.1568 14.9415 14.0174 18.9796 18.5557 20.785 19.4853 18.6549 21.177 20.0687 16.6475 20.69
threshold=1.0000000180025095e-35 0.0031500000040978198 0.0023500000825151805 0.011450000107288362 0.0031500000040978198 0.14654999971389773 1.0000000180025095e-35 0.048699999228119857 0.002549999975599349 0.0011500000255182388 0.0084500000812113302 0.0035500000230968003 0.0058500000741332778 0.10404999926686288
decision_type=2 2 2 2 2 2 2 2 2 2 2 2 2 2
left_child=1 2 3 -1 5 6 7 8 12 -8 11 -11 13 -4
right_child=-2 -3 4 -5 -6 -7 9 -9 -10 10 -12 -13 -14 -15
leaf_value=0.037487560681500602 -0.049877332365508002 0.036141030966009492 -0.0025360998122174274 -0.029703055628899595 -0.022633228828649966 0.049269672439752867 0.02748220588580649 0.052823683007804323 -0.044861257668100778 -0.050816323301372764 0.0090827138838748111 0.038191879380200446 -0.019595227008218027 0.045132417658559909
leaf_weight=36.349139999598265 11.597206901758907 28.615017533302307 336.95392047986388 6.0515095442533484 45.967232096940279 12.267039537429808 63.671155698597431 9.6408512443304044 19.867270231246948 19.458672180771831 98.722450092434883 4.9815061241388312 91.801614247262478 15.124935768544672
leaf_count=153 195 224 1091 16 203 35 169 40 56 57 266 13 351 42
internal_value=0.000880362 0.00163727 0.000329788 0.0277565 -0.00128691 0.000169396 -0.000744161 -0.00496254 -0.00618361 0.00991967 0.00079301 -0.0324296 -0.00443375 -0.000464719
internal_weight=801.07 789.472 760.857 42.4006 718.457 672.489 660.222 473.389 463.748 186.834 123.163 24.4402 443.88 352.079
internal_count=2911 2716 2492 169 2323 2120 2085 1580 1540 505 336 70 1484 1133
is_linear=0
shrinkage=0.04


Tree=83
num_leaves=15
num_cat=0
split_feature=27 0 13 37 7 54 12 5 14 49 5 53 49 69
split_gain=18.2595 21.2895 19.538 13.8109 13.7508 15.4133 16.3582 19.519 14.7198 21.2069 15.4252 14.1205 18.32 13.1398
threshold=1.0000000180025095e-35 0.0038499999791383748 0.0023500000825151805 0.011450000107288362 0.081350002437829985 0.0031500000040978198 0.0010500000207684936 0.048699999228119857 0.07739999890327455 0.0063499999232590207 0.015850000083446506 0.0010500000207684936 0.0061500000301748523 0.012250000145286323
decision_type=2 2 2 2 2 2 2 2 2 2 2 2 2 2
left_child=1 2 3 -1 5 6 7 -4 9 11 -10 -8 13 -13
right_child=-2 -3 4 -5 -6 -7 8 -9 10 -11 -12 12 -14 -15
leaf_value=0.036009996828587111 -0.049631755403606127 0.040187734586250329 -0.0052261834068838614 -0.028706404011375589 0.047856185941228223 -0.024584328383374213 0.022810325188986545 0.051328555057771681 0.040884102557149936 -0.020891902839913247 -0.0055178780331506232 -0.038019855302452082 0.10312724516100659 0.079128356306460784
leaf_weight=36.608944084495306 11.196984969079493 22.109519354999065 474.93481028452516 6.0153596550226203 8.9585531651973707 44.178139880299568 66.037575177848339 9.8591133132576925 38.88241758197546 41.584710173308849 16.002934031188488 16.853965334594257 1.7882648408412922 1.571399226784705
leaf_count=155 195 196 1576 16 28 200 184 43 106 105 57 42 4 4
internal_value=0.000849498 0.00158051 0.000451834 0.0267375 -0.00110082 -0.00172933 -0.000207274 -0.00405745 0.00998272 0.00250239 0.0272965 0.0138391 -0.015241 -0.0274398
internal_weight=796.583 785.386 763.276 42.6243 720.652 711.693 667.515 484.794 182.721 127.836 54.8854 86.2512 20.2136 18.4254
internal_count=2911 2716 2520 171 2349 2321 2121 1619 502 339 163 234 50 46
is_linear=0
shrinkage=0.04


Tree=84
num_leaves=15
num_cat=0
split_feature=26 48 19 12 76 19 76 75 37 50 20 74 74 52
split_gain=17.9954 19.2444 18.8683 13.5125 14.9889 16.6743 13.9343 13.5728 18.7369 17.7357 15.2887 18.4252 16.9525 15.0569
threshold=0.0010500000207684936 0.028050000779330734 0.0017499999958090486 0.0046500000171363362 0.0020500000100582842 0.00335000001359731 0.0038499999791383748 0.0010500000207684936 0.049750000238418586 0.019450000487267975 0.057504588738083846 0.010549999773502352 0.0030500000575557355 0.0490499995648861
decision_type=2 2 2 2 2 2 2 2 2 2 2 2 2 2
left_child=1 3 -2 6 -5 -6 7 10 9 13 11 -1 -12 -9
right_child=2 -3 -4 4 5 -7 -8 8 -10 -11 12 -13 -14 -15
leaf_value=-0.0013411915120460955 0.037691652213089982 -0.023215725900848683 -0.0047715194706293932 0.037980767650626503 -0.029140403631485332 0.084081601795597788 -0.02870603263567633 -0.033604173027208806 0.021731293175856863 0.044219502939414339 0.032695168839977307 0.034040174727060245 -0.022265527194867737 0.057290170717126054
leaf_weight=422.23348924145103 40.797476261854172 57.511897845193744 28.055596780031919 30.514260113239288 12.666363812983034 2.3782975375652304 27.01313160173595 61.416375678032637 18.543452948331833 5.5856538917869321 47.587701100856066 24.835816465318203 10.897769920527933 2.9412470087409011
leaf_count=1430 251 218 114 97 25 5 74 331 71 25 153 77 27 13
internal_value=0.000820495 -0.00103342 0.0203493 0.000877544 0.0218821 -0.0105409 -0.000660133 0.000613096 -0.0138216 -0.0233221 0.00314973 0.000622559 0.0223654 -0.0293057
internal_weight=792.979 724.125 68.8531 666.614 45.5589 15.0447 621.055 594.042 88.4867 69.9433 505.555 447.069 58.4855 64.3576
internal_count=2911 2546 365 2328 127 30 2201 2127 440 369 1687 1507 180 344
is_linear=0
shrinkage=0.04


Tree=85
num_leaves=15
num_cat=0
split_feature=38 41 61 53 12 17 46 6 55 29 10 7 25 8
split_gain=24.421 16.7402 15.3576 16.6445 16.6902 19.4909 22.836 20.9576 15.8072 16.1654 18.6164 15.2859 18.9925 17.5787
threshold=0.0063499999232590207 0.0010500000207684936 0.012149999849498274 0.002549999975599349 1.0000000180025095e-35 0.026950000785291198 0.0056499999482184657 1.0000000180025095e-35 0.26219999790191656 0.0037500000325962905 0.016749999485909942 0.0017499999958090486 0.0015499999863095584 0.0039500000420957812
decision_type=2 2 2 2 2 2 2 2 2 2 2 2 2 2
left_child=1 2 3 4 5 6 7 11 9 10 -6 -1 13 -13
right_child=-2 -3 -4 -5 8 -7 -8 -9 -10 -11 -12 12 -14 -15
leaf_value=-0.0033556712869693521 0.035095130703160983 -0.039407402692975317 0.037282159471796035 -0.026795387198600674 -0.016243022903332956 -0.032172367064782853 0.026151206394886019 -0.016083159236409367 -0.035992875307435959 0.02351764605809287 0.03329088450581931 0.055536128776708014 0.0014779138159952 -0.011596812181797969
leaf_weight=217.93984714522958 31.502090878784657 17.439095497131348 17.285118959844112 37.197050251066685 43.295690938830376 34.032695842906833 45.203294694423676 146.2991779576987 10.530238933861254 107.42882719263434 16.740478374063969 26.142816960811615 53.806757561862469 8.0268866717815381
leaf_count=814 185 84 90 104 85 214 135 598 33 333 62 73 148 12
internal_value=0.000619786 -0.000769337 0.000112506 -0.000747508 0.000616157 -0.00292874 -0.00091383 -0.00363327 0.0112185 0.0142308 -0.00233209 0.00231092 0.0163818 0.0396612
internal_weight=812.87 781.368 763.929 746.644 709.447 531.451 497.419 452.215 177.995 167.465 60.0362 305.916 87.9765 34.1697
internal_count=2970 2785 2701 2611 2507 1994 1780 1645 513 480 147 1047 233 85
is_linear=0
shrinkage=0.04


Tree=86
num_leaves=15
num_cat=0
split_feature=7 41 27 5 70 6 33 64 21 68 1 13 24 7
split_gain=21.7371 16.1982 13.8005 13.1469 14.0418 13.8055 15.0616 18.6177 20.2665 16.2941 14.613 13.7082 20.4859 21.3601
threshold=0.0097500002011656779 0.0010500000207684936 1.0000000180025095e-35 0.12700000405311587 0.010999999940395357 0.032300001010298736 0.01925000082701445 1.0000000180025095e-35 0.025200000032782558 0.011850000359117987 0.11014999821782114 0.013349999673664572 0.0052499999292194852 0.002650000038556755
decision_type=2 2 2 2 2 2 2 2 2 2 2 2 2 2
left_child=1 2 3 4 5 6 7 8 9 11 -7 -1 13 -13
right_child=-2 -3 -4 -5 -6 10 -8 -9 -10 -11 -12 12 -14 -15
leaf_value=0.010949928714411909 0.019404818298830503 -0.040375356243244821 -0.048596425513512724 0.04025082969403912 -0.046429978032023769 0.081820650253091293 -0.028675157759252952 0.021110322095332267 -0.026091116716739679 0.050749461967139205 -0.0068294416085550851 -0.039999807851091577 3.2519223480529145e-05 0.007185860335540444
leaf_weight=125.47750547528267 87.597855877131224 16.8107546903193 9.4150241054594499 12.586716547608374 10.543286636471747 6.5780946984887105 29.711465552449226 62.577603064477444 50.239558219909668 10.020228385925291 5.1997670233249664 45.381719835102558 313.41002152115107 22.93169242143631
leaf_count=454 378 85 185 65 65 26 86 172 136 35 32 182 1019 50
internal_value=0.000597665 -0.0016845 -0.000749422 -8.82697e-05 -0.000844329 -0.000115852 -0.000891144 0.000417095 -0.00186115 0.000489248 0.0426181 -0.000505612 -0.00428356 -0.0241145
internal_weight=808.481 720.883 704.073 694.658 682.071 671.528 659.75 630.038 567.461 517.221 11.7779 507.201 381.723 68.3134
internal_count=2970 2592 2507 2322 2257 2192 2134 2048 1876 1740 58 1705 1251 232
is_linear=0
shrinkage=0.04


Tree=87
num_leaves=15
num_cat=0
split_feature=38 44 22 18 74 41 5 34 63 36 23 15 9 24
split_gain=22.292 15.1317 16.5896 19.995 22.5334 15.7873 15.0778 14.1352 13.9669 16.8945 12.4536 11.6549 17.901 16.3109
threshold=0.0063499999232590207 0.29444999992847448 0.0011500000255182388 0.0035500000230968003 0.0022500000195577745 0.0010500000207684936 0.0016499999910593035 0.050075000151991851 0.0039500000420957812 0.0061500000301748523 0.0071499999612569818 0.007849999703466894 0.12105000019073488 0.083750002086162581
decision_type=2 2 2 2 2 2 2 2 2 2 2 2 2 2
left_child=1 2 3 5 -5 7 -6 8 9 11 -10 12 -1 -13
right_child=-2 -3 -4 4 6 -7 -8 -9 10 -11 -12 13 -14 -15
leaf_value=-0.00012737191378181105 0.033945301716330513 0.050840351736211896 -0.016366140678006878 0.047602349693450154 -0.038517062947456854 -0.040820451366790959 0.04910300673169702 0.031216453494234419 0.045642988770962331 -0.06085970493385652 -0.010485956499389682 -0.031025500877226247 0.046898646068497113 0
leaf_weight=422.68376749195158 30.706228706985712 8.8874319307506067 102.06787694059312 28.910693913698196 10.58048043400049 15.353280873969195 4.3298502117395392 22.421760778874159 18.384709306061271 7.7218595314770928 9.4106436483561975 47.127049054950476 13.255895413458346 63.571472328156233
leaf_count=1462 185 31 394 93 36 73 13 80 46 35 36 183 57 246
internal_value=0.00057314 -0.000748645 -0.00135912 0.000944661 0.0270284 -0.000896731 -0.0126487 0.000117102 -0.00107898 -0.00247486 0.0265266 -0.00163181 0.00130383 -0.0132195
internal_weight=805.413 774.707 765.819 663.751 43.821 619.93 14.9103 604.577 582.155 554.36 27.7954 546.638 435.94 110.699
internal_count=2970 2785 2754 2360 142 2218 49 2145 2065 1983 82 1948 1519 429
is_linear=0
shrinkage=0.04


Tree=88
num_leaves=15
num_cat=0
split_feature=38 41 27 0 44 22 66 63 4 36 43 5 5 57
split_gain=20.8665 14.2022 14.0101 14.4289 13.6113 13.8098 11.916 11.3096 11.9686 11.2728 10.0862 12.7241 11.2989 11.7304
threshold=0.0063499999232590207 0.0010500000207684936 1.0000000180025095e-35 0.0023500000825151805 0.29444999992847448 0.0011500000255182388 0.0016499999910593035 0.0039500000420957812 0.034450000151991851 0.0061500000301748523 0.020849999971687797 0.0098500000312924402 0.002549999975599349 0.0011500000255182388
decision_type=2 2 2 2 2 2 2 2 2 2 2 2 2 2
left_child=1 2 3 4 5 6 7 9 -9 -1 12 -12 13 -7
right_child=-2 -3 -4 -5 -6 10 -8 8 -10 -11 11 -13 -14 -15
leaf_value=-0.00013312170235141131 0.033086234160167288 -0.037764033546381845 -0.04807797406398498 0.029227434748636691 0.050040898231249832 -0.014769578384150229 0.037160328376736905 0.035672054391060491 -0.043687166114061593 -0.043753464581097731 -0.014056867678376968 0.062620437939047938 -0.039837615359828604 0.055184981316937665
leaf_weight=564.91960011795163 30.255234587937593 16.113207384943962 9.4457043875008804 27.213204644620419 8.3592446073889715 44.984495278447866 14.285238601267336 23.686563983559612 3.3573050871491423 9.5448403321206552 8.8202195242047292 5.514483928680419 30.74547404050827 4.076613336801528
leaf_count=1820 185 84 190 191 27 188 37 65 13 35 39 24 63 9
internal_value=0.000553444 -0.000722021 6.81776e-05 0.000689929 -0.00038959 -0.00099599 0.00118011 0.000312935 0.0255482 -0.000872333 -0.0152588 0.0153928 -0.0208269 -0.00877508
internal_weight=801.321 771.066 754.953 745.507 718.294 709.935 615.794 601.508 27.0439 574.464 94.1413 14.3347 79.8066 49.0611
internal_count=2970 2785 2701 2511 2320 2293 1970 1933 78 1855 323 63 260 197
is_linear=0
shrinkage=0.04


Tree=89
num_leaves=15
num_cat=0
split_feature=38 61 6 24 7 23 20 79 1 25 28 23 43 34
split_gain=19.5258 13.7422 16.4582 22.3392 19.0238 21.5863 22.8267 25.1067 22.1925 16.5072 15.9293 15.5406 23.0295 15.1925
threshold=0.0063499999232590207 0.012149999849498274 0.0013499999768100681 0.096500001847744002 0.0014499999815598132 0.0013499999768100681 0.0058924108743667611 1.0000000180025095e-35 0.0088499998673796671 0.0017499999958090486 0.18622192740440371 0.034050000831484802 0.0037500000325962905 0.0044499998912215242
decision_type=2 2 2 2 2 2 2 2 2 2 2 2 2 2
left_child=1 2 4 -4 10 6 9 -8 -9 -6 13 12 -5 -1
right_child=-2 -3 3 11 5 -7 7 8 -10 -11 -12 -13 -14 -15
leaf_value=0.00065459742549636203 0.032236323253259473 0.034803410414765243 -0.019583672923686641 0.046595487618105939 0.015269598388547013 -0.011710876530441732 0.044973092617092689 -0.019740309933505888 0.028143609249979221 -0.045976541515274631 0.039277652668137084 -0.023777110379809618 -0.0013578608492212851 -0.018846684069841031
leaf_weight=198.21740856394172 29.822342973202467 16.950455263257027 150.65133582986891 23.546835355460644 14.989555235952141 46.166699923574924 61.444496914744377 25.490001834928989 38.941584572196007 13.018437903374432 13.107343547046183 22.519523736089468 49.218447402119637 93.977151170372963
leaf_count=807 185 92 621 102 57 119 189 72 109 31 58 83 197 248
internal_value=0.000532745 -0.000696789 -0.00150759 -0.00999538 0.00261635 0.0122054 0.0194094 0.0266833 0.00913687 -0.0131183 -0.00365574 0.00512704 0.0141476 -0.00560812
internal_weight=798.062 768.239 751.289 245.936 505.353 200.051 153.884 125.876 64.4316 28.008 305.302 95.2848 72.7653 292.195
internal_count=2970 2785 2693 1003 1690 577 458 370 181 88 1113 382 299 1055
is_linear=0
shrinkage=0.04


Tree=90
num_leaves=15
num_cat=0
split_feature=27 0 67 11 33 55 76 28 51 21 56 56 65 13
split_gain=16.0389 18.6118 14.214 13.2935 15.8175 12.3966 12.0115 13.6796 14.2573 11.1265 11.5539 20.4772 16.3923 14.4198
threshold=1.0000000180025095e-35 1.0000000180025095e-35 0.01124999998137355 0.1324296370148659 0.0071499999612569818 0.055100001394748695 1.0000000180025095e-35 0.12993670254945758 1.0000000180025095e-35 0.18074999749660495 0.019299999810755256 0.0047500000800937423 0.0030500000575557355 0.36424998939037329
decision_type=2 2 2 2 2 2 2 2 2 2 2 2 2 2
left_child=1 2 9 -3 6 -6 -5 8 -8 10 11 12 13 -1
right_child=-2 3 -4 4 5 -7 7 -9 -10 -11 -12 -13 -14 -15
leaf_value=0.00028002238240084363 -0.04773586896661252 -0.052880479807223948 -0.041847308690371385 0.032314768723550213 -0.030623924389855551 0.024626801826490574 -0.047731633535951438 0.031854016065556517 0.050349225991421526 0.04084990089626344 -0.03761197004951395 0.038988496876365755 0.059280272568646063 -0.022191230676785106
leaf_weight=521.21863861382008 10.230780463665722 4.2596404477953902 12.913441620767115 81.73085555806756 16.711393222212795 10.433731153607367 10.755399212241175 12.075117994099854 2.9100630953907958 10.588795349001883 12.907621391117571 21.22517791390419 7.0436406806111327 49.948024235665798
leaf_count=1753 207 11 60 369 51 42 19 82 7 27 27 80 18 200
internal_value=0.00175728 0.00242211 -0.000470035 0.0156834 0.0179203 -0.00922803 0.0248168 0.000821762 -0.0263407 0.000387879 -0.000311825 0.000490825 -0.000921943 -0.00168161
internal_weight=784.952 774.722 635.845 138.876 134.617 27.1451 107.471 25.7406 13.6655 622.932 612.343 599.435 578.21 571.167
internal_count=2953 2746 2165 581 570 93 477 108 26 2105 2078 2051 1971 1953
is_linear=0
shrinkage=0.04


Tree=91
num_leaves=15
num_cat=0
split_feature=41 5 65 11 12 56 21 49 1 15 7 30 6 15
split_gain=15.6425 15.3043 14.9153 15.5171 16.0869 22.9427 22.8096 23.0317 21.9117 20.79 20.7526 18.6495 17.9248 17.4669
threshold=0.0011500000255182388 1.0000000180025095e-35 0.0030500000575557355 0.035526104271411903 0.0010500000207684936 0.0045499999541789302 0.0010500000207684936 0.023850000463426117 0.14375000447034839 0.029649999924004081 0.00045000000682193791 0.0011500000255182388 0.0023500000825151805 0.11720000207424165
decision_type=2 2 2 2 2 2 2 2 2 2 2 2 2 2
left_child=1 -1 3 -3 5 6 7 10 -9 -10 11 -5 -12 -6
right_child=-2 2 -4 4 13 -7 -8 8 9 -11 12 -13 -14 -15
leaf_value=-0.006656426105509098 -0.034971577537785112 0.051492144277628313 0.048163628471512246 -0.013644923622088063 0.019323435664970353 0.037274404453188581 -0.016676278539381292 -0.033210788116774838 0.023951470986629121 -0.035929243228498352 0.038375467840334875 0.066980132339669068 -0.023293757926889258 -0.014330539975515953
leaf_weight=208.43143212795258 18.068193178623915 11.170909598469732 13.05949644744396 39.87554069980979 149.64686957746744 23.344351712614298 130.28833762556314 38.357649769634008 33.839755777269602 12.637325182557104 59.594844624400139 5.0793884880840769 8.4795246310532075 29.327952746301889
leaf_count=1004 94 25 64 170 542 76 381 111 120 42 167 20 48 89
internal_value=0.00169537 0.00257321 0.00604907 0.00501756 0.00402182 -0.000938692 -0.00367984 0.00486188 -0.0108547 0.00754158 0.0166926 -0.004318 0.0306122 0.0137814
internal_weight=781.202 763.133 554.702 541.642 530.472 351.497 328.152 197.864 84.8347 46.4771 113.029 44.9549 68.0744 178.975
internal_count=2953 2859 1855 1791 1766 1135 1059 678 273 162 405 190 215 631
is_linear=0
shrinkage=0.04


Tree=92
num_leaves=15
num_cat=0
split_feature=62 41 27 0 11 73 42 33 67 19 78 78 64 61
split_gain=15.2463 16.484 14.8025 15.015 12.3518 14.1609 19.0014 15.3832 12.2796 10.4781 10.0273 14.5888 12.1275 14.4404
threshold=0.018700000829994682 0.0011500000255182388 1.0000000180025095e-35 1.0000000180025095e-35 0.1324296370148659 0.0069500000681728133 0.77091181278228771 0.0080500002950429934 0.01124999998137355 0.024600000120699409 0.0062500000931322583 0.0049499999731779107 1.0000000180025095e-35 0.020500000566244129
decision_type=2 2 2 2 2 2 2 2 2 2 2 2 2 2
left_child=1 2 3 8 -5 7 -7 -6 9 10 11 12 13 -1
right_child=-2 -3 -4 4 5 6 -8 -9 -10 -11 -12 -13 -14 -15
leaf_value=-0.0022343788296952777 0.044984122319990515 -0.037909270195746483 -0.047546795188684592 -0.051123297044298202 0.028646586639979783 0.022529924860107867 -0.057136088749609314 -0.018784752456277653 -0.04008641132916916 0.0417744139267609 -0.033161191789168973 0.070582792672620867 0.019486958605485463 0.065121835213751228
leaf_weight=517.25448657572269 12.672156635671852 17.005149876698852 9.4940071385353786 4.2541213259100905 92.276030972599983 10.185969535261394 8.8136834390461427 12.235216639935969 11.983525983989237 9.6471940018236619 14.170599624514578 4.6516079679131499 47.687248796224594 5.0405011922121039
leaf_count=1750 60 91 203 11 396 60 27 45 55 38 49 22 132 14
internal_value=0.00163518 0.000905805 0.00179889 0.0024453 0.0149094 0.0172557 -0.0143223 0.0230429 -0.000158925 0.000640473 -3.3668e-05 0.000781932 0.000192992 -0.00156435
internal_weight=777.371 764.699 747.694 738.2 127.765 123.511 18.9997 104.511 610.435 598.452 588.804 574.634 569.982 522.295
internal_count=2953 2893 2802 2599 539 528 87 441 2060 2005 1967 1918 1896 1764
is_linear=0
shrinkage=0.04


Tree=93
num_leaves=15
num_cat=0
split_feature=27 0 41 42 28 29 13 67 7 29 42 13 52 11
split_gain=14.523 16.6795 14.9088 12.4886 15.9039 17.5698 18.6701 10.8611 10.9958 17.2719 13.4711 12.7583 19.2617 11.4223
threshold=1.0000000180025095e-35 0.003249999950639904 0.0011500000255182388 0.71738088130950939 0.79333093762397777 0.15330000221729281 0.11924999952316286 0.010100000072270634 0.0001499999962106813 0.0073500000871717939 0.9397033452987672 0.0042499999981373557 0.0013499999768100681 0.24231437593698504
decision_type=2 2 2 2 2 2 2 2 2 2 2 2 2 2
left_child=1 2 3 4 5 6 -1 8 9 -5 -11 12 -10 -13
right_child=-2 -3 -4 7 -6 -7 -8 -9 11 10 -12 13 -14 -15
leaf_value=0.015611306673492658 -0.047264133188417067 0.035410003977351688 -0.036550554289048333 -0.023867055756745369 -0.023123589305153493 -0.026631686219122003 0.058905266600309314 -0.033975282645516275 0.045421860678627572 0.044807193780797665 -0.04965539520690259 -0.0065349119298054098 -0.041704921798681918 0.0059476795669655535
leaf_weight=69.984219625592232 9.5138980038464052 23.354425616562366 16.311714105308056 57.784720148891211 15.885191064327953 11.458313949406145 20.770030617713928 14.862144101411102 21.934768825769428 11.390143934637306 2.9337619431316844 191.48505868390203 4.8474121540784827 301.99061587452888
leaf_count=252 207 239 87 288 33 35 62 64 44 48 22 590 14 968
internal_value=0.00157483 0.00219355 0.00113752 0.00199552 0.013892 0.0197008 0.0256175 -0.000313516 0.00052988 -0.0140889 0.0249723 0.00256607 0.0294072 0.00109557
internal_weight=774.506 764.993 741.638 725.326 118.098 102.213 90.7543 607.229 592.366 72.1086 14.3239 520.258 26.7822 493.476
internal_count=2953 2746 2507 2420 382 349 314 2038 1974 358 70 1616 58 1558
is_linear=0
shrinkage=0.04


Tree=94
num_leaves=15
num_cat=0
split_feature=62 27 0 33 12 10 3 17 30 28 49 25 55 23
split_gain=13.8938 13.4655 14.8638 10.9179 14.9578 13.4705 11.6451 11.5959 11.8062 13.9397 13.5083 19.338 20.7682 16.1585
threshold=0.018700000829994682 1.0000000180025095e-35 0.003249999950639904 0.021249999292194847 0.16465000063180926 0.077300000935792937 0.0041499999351799497 0.041850000619888313 0.0023500000825151805 0.083879899233579649 0.0039500000420957812 0.0027499999850988392 0.0076500000432133683 0.002549999975599349
decision_type=2 2 2 2 2 2 2 2 2 2 2 2 2 2
left_child=1 2 3 5 -5 7 -7 8 10 -10 11 -1 -13 -14
right_child=-2 -3 -4 4 -6 6 -8 -9 9 -11 -12 12 13 -15
leaf_value=0.0030178923630675863 0.043352475960337047 -0.047048053481668045 0.034585744327667846 -0.025226983183768436 0.056106021565718554 0.0032161556585708902 0.044059315640027297 -0.027549741788846338 -0.031004973638626518 0.020048663812385726 0.0095475615825922813 -0.028836828355747014 0.065143234990918494 -0.029243084905682046
leaf_weight=229.65206381678581 12.398464366793631 9.1824420094490034 20.916734922677279 42.495239216834307 3.8333067297935477 23.6151955537498 21.519595928490162 23.046754777431488 34.227050930261612 11.22148012369871 261.52742745354772 65.964587237685919 7.2936640344560129 4.6327345743775368
leaf_count=763 60 207 213 192 12 72 86 93 75 37 824 260 20 39
internal_value=0.00151544 0.000821251 0.0014189 0.000457201 -0.0183048 0.00173876 0.0228323 0.000235875 0.00128876 -0.0182954 0.00286281 -0.00281001 -0.020026 0.0282086
internal_weight=771.527 759.128 749.946 729.029 46.3285 682.701 45.1348 637.566 614.519 45.4485 569.07 307.543 77.891 11.9264
internal_count=2953 2893 2686 2473 204 2269 158 2111 2018 112 1906 1082 319 59
is_linear=0
shrinkage=0.04


Tree=95
num_leaves=15
num_cat=0
split_feature=26 66 41 28 17 65 19 4 31 49 31 25 11 7
split_gain=18.0725 13.7866 13.0613 13.5233 13.7863 16.0359 16.1971 15.8401 20.4293 24.0753 15.1245 13.8629 13.6784 17.6916
threshold=0.0014499999815598132 0.0031500000040978198 0.0011500000255182388 0.0021493949461728339 0.0031500000040978198 0.002650000038556755 0.0073500000871717939 0.0016499999910593035 0.0084500000812113302 0.0036499999696388845 0.0091500002890825289 0.11044999957084657 0.01942316256463528 0.0010500000207684936
decision_type=2 2 2 2 2 2 2 2 2 2 2 2 2 2
left_child=1 2 3 -1 7 6 -6 8 9 12 -8 -9 -5 -14
right_child=-2 -3 -4 4 5 -7 10 11 -10 -11 -12 -13 13 -15
leaf_value=-0.015236301717098553 0.024344440174167419 0.035057285439387076 -0.047454141172656519 0.049786288461623099 -0.0070314194407665575 0.044249814727024925 0.064437888933517734 -0.015958025592197406 -0.049756234697955551 0.041995520003136749 -0.038099943067257162 0.066041019628785738 -0.013574937349496592 0.036583447927568742
leaf_weight=116.24903342686594 41.880378169938922 15.082315377891062 10.540839239954947 9.5309128910303098 389.99594893306494 10.484088160097597 9.3042641356587392 46.109475638717413 6.8972869962453833 48.96268067881465 2.9208378270268431 3.4402248486876479 46.615358551964164 14.71285258233547
leaf_count=533 297 46 70 23 1288 46 29 227 18 129 26 12 154 33
internal_value=-0.00116876 -0.00263937 -0.00344408 -0.00277396 -0.000305242 -0.0043112 -0.0055976 0.00904852 0.016555 0.0204437 0.0395045 -0.0100627 0.00545715 -0.00143668
internal_weight=772.726 730.846 715.764 705.223 588.974 412.705 402.221 176.269 126.719 119.822 12.2251 49.5497 70.8591 61.3282
internal_count=2931 2634 2588 2518 1985 1389 1343 596 357 339 55 239 210 187
is_linear=0
shrinkage=0.04


Tree=96
num_leaves=15
num_cat=0
split_feature=5 7 66 14 11 1 37 20 38 56 44 35 64 12
split_gain=15.9888 13.1634 11.8705 10.5915 10.4451 15.4443 13.8747 14.601 11.3833 10.4225 15.4928 11.1898 15.0776 18.6386
threshold=0.10444999858736993 0.042249999940395362 0.0031500000040978198 0.013249999843537809 0.01942316256463528 0.0014499999815598132 0.0047500000800937423 1.0000000180025095e-35 0.0012500000302679839 0.037599999457597739 0.2877000123262406 0.025700000114738945 1.0000000180025095e-35 0.025549999438226226
decision_type=2 2 2 2 2 2 2 2 2 2 2 2 2 2
left_child=1 2 4 -4 6 8 7 -1 -6 10 11 12 13 -7
right_child=-2 -3 3 -5 5 9 -8 -9 -10 -11 -12 -13 -14 -15
leaf_value=-0.042499096485044241 0.03707569578717923 0.029942434828597903 -0.05513582167128403 0.045818071250450572 -0.037162928746892303 -0.0057735186629098191 -0.055771695366672168 0.052775821490770522 0.072737176937365519 -0.047060981505237125 0.054784789116670368 -0.037986528502767451 0.015326270865317527 0.03961412434973352
leaf_weight=2.9635913334786954 17.028338436037302 19.968214143067598 1.7906281575560559 12.715572774410246 30.210021458566192 551.80590264871716 2.8806862309575072 15.330351611599324 1.4728764966130246 8.4487862549722177 7.3418333642184725 14.410999864339827 68.061974834650755 14.748552478849886
leaf_count=31 125 123 9 36 394 1767 10 59 7 18 24 47 226 55
internal_value=-0.00112652 -0.00200153 -0.00288215 0.0327904 -0.00361323 -0.0044608 0.0239681 0.0369768 -0.0317153 -0.00315136 -0.00257298 -0.00323631 -0.00243504 -0.00457815
internal_weight=769.178 752.15 732.182 14.5062 717.676 696.501 21.1746 18.2939 31.6829 664.818 656.369 649.027 634.616 566.554
internal_count=2931 2806 2683 45 2638 2538 100 90 401 2137 2119 2095 2048 1822
is_linear=0
shrinkage=0.04


Tree=97
num_leaves=15
num_cat=0
split_feature=5 41 28 1 11 25 7 7 22 23 5 59 4 12
split_gain=14.9987 13.9333 13.6658 14.3807 17.411 14.3769 16.6431 13.571 13.2671 13.687 18.3019 16.0146 20.6797 15.4263
threshold=0.10444999858736993 0.0011500000255182388 0.0021493949461728339 0.021350000053644184 0.18069843947887423 0.002549999975599349 0.002549999975599349 0.042249999940395362 0.0010500000207684936 0.0017499999958090486 0.015150000341236593 0.0028499999316409235 0.023850000463426117 0.0047500000800937423
decision_type=2 2 2 2 2 2 2 2 2 2 2 2 2 2
left_child=1 2 3 5 -5 6 -1 8 9 -4 11 -11 -13 -14
right_child=-2 -3 7 4 -6 -7 -8 -9 -10 10 -12 12 13 -15
leaf_value=-0.017111248689228045 0.036248467189574723 -0.042986468636087953 0.0077592965695702501 0.055968435651351206 -0.013889954173541752 -0.042590626979723122 0.044610606438271951 0.034950898017424417 -0.012304331390226939 -0.011708191857166206 -0.033400750220942445 0.037780446422024515 -0.039362667266299785 0.025624559252005987
leaf_weight=57.092273315414786 16.728694286197424 12.900985836982725 324.20197762921453 9.4957840740680712 13.872219279408453 31.453891173005104 7.8403160125017157 18.387489899992943 111.23511689715087 75.797468520700932 32.202579945325851 31.530992493033409 13.568705994635822 10.052096180617808
leaf_count=305 125 87 1067 25 35 147 35 114 386 304 133 89 49 30
internal_value=-0.00108548 -0.00192868 -0.00119855 -0.0135608 0.0144447 -0.0203998 -0.00953997 0.00119627 0.000147051 0.00299914 -0.00643431 0.000187084 0.0165993 -0.0115466
internal_weight=766.361 749.632 736.731 119.754 23.368 96.3865 64.9326 616.976 598.589 487.354 163.152 130.949 55.1518 23.6208
internal_count=2931 2806 2719 547 60 487 340 2172 2058 1672 605 472 168 79
is_linear=0
shrinkage=0.04


Tree=98
num_leaves=15
num_cat=0
split_feature=26 41 66 42 1 25 11 17 33 29 1 67 34 29
split_gain=15.7498 12.466 11.4448 11.0118 15.0011 15.1637 13.1565 13.1505 15.2029 14.788 13.2449 11.4741 11.2088 18.9148
threshold=0.0014499999815598132 0.0011500000255182388 0.0031500000040978198 0.98597374558448803 0.02009999938309193 0.0021499999566003685 0.1324296370148659 0.041850000619888313 0.021249999292194847 0.056350000202655799 0.11675000190734865 0.0029499999945983295 0.0010500000207684936 0.0044499998912215242
decision_type=2 2 2 2 2 2 2 2 2 2 2 2 2 2
left_child=1 2 3 7 5 -5 -6 8 9 12 -9 -8 13 -1
right_child=-2 -3 -4 4 6 -7 11 10 -10 -11 -12 -13 -14 -15
leaf_value=0.0033973773341730764 0.023067417159555556 -0.04683020468019515 0.032875401494570217 -0.0068656558005221677 0.083010610573207855 -0.040406033135796326 -0.0044283817968479725 -0.040212355668889352 -0.029681844081189616 0.02857129480034698 0.012618239032300143 0.11077399681554649 -0.0019857896814568224 0.045671708636841765
leaf_weight=72.249904787167907 40.870382834225893 9.8819852285087091 14.799387775361536 47.063764860853553 3.2633822709321967 40.335951417684555 34.120989613234997 24.32184374332428 23.957863314077258 33.332410901784897 10.817561112344263 1.3414567634463299 384.05701114609838 22.12847588211298
leaf_count=376 297 70 46 273 9 183 95 143 112 119 58 6 1081 63
internal_value=-0.00104886 -0.00242319 -0.00179456 -0.00254107 -0.013233 -0.0224191 0.00740045 -0.000169917 0.00137971 0.00284715 -0.0238455 0.000116199 0.001041 0.0133894
internal_weight=762.542 721.672 711.79 696.991 126.126 87.3997 38.7258 570.865 535.726 511.768 35.1394 35.4624 478.435 94.3784
internal_count=2931 2634 2564 2518 566 456 110 1952 1751 1639 201 101 1520 439
is_linear=0
shrinkage=0.04


Tree=99
num_leaves=15
num_cat=0
split_feature=26 41 28 16 13 7 1 9 48 1 15 1 11 45
split_gain=14.6205 11.9338 11.006 14.5991 17.4581 16.3797 13.5095 14.4129 13.4636 13.3734 12.3205 21.3343 11.8695 14.5235
threshold=0.0014499999815598132 0.0011500000255182388 0.0021493949461728339 0.0014499999815598132 0.013050000183284284 1.0000000180025095e-35 0.021350000053644184 0.010750000365078451 0.035150000825524337 0.038700001314282424 0.010449999943375589 0.023750000633299354 0.016606556251645092 0.0011500000255182388
decision_type=2 2 2 2 2 2 2 2 2 2 2 2 2 2
left_child=1 2 3 4 5 -1 -6 -8 -4 -5 11 -10 -7 -14
right_child=-2 -3 8 9 6 12 7 -9 10 -11 -12 -13 13 -15
leaf_value=-0.043107741357546567 0.022311251196074144 -0.046514486901544673 0.0021374817596562278 -0.039094243704649798 -0.029614231209105141 0.090588061842927448 -0.023119257008312424 0.074078477808195611 -0.085928592065057888 0.11483748041141176 -0.03669894410279792 0.036464901031055652 -0.022421115215382894 0.041649567742231268
leaf_weight=5.734349261969327 40.574843622744083 9.5583157278597337 551.50491245090961 33.251683428883553 39.362638060003519 4.3513316139578846 4.9860403761267644 4.5422333329916 2.7984446305781594 0.82114678621292014 27.796930678188801 10.455071989446877 8.5974968690425175 15.882876984775065
leaf_count=76 297 70 1843 146 166 18 20 11 22 2 98 54 63 45
internal_value=-0.001011 -0.00233443 -0.00172763 -0.0129051 -0.00382909 0.0178389 -0.0192352 0.0230887 0.00048441 -0.0349423 -0.0215783 0.00987233 0.030206 0.0189856
internal_weight=760.218 719.643 710.085 117.53 83.457 34.5661 48.8909 9.52827 592.555 34.0728 41.0504 13.2535 28.8317 24.4804
internal_count=2931 2634 2564 547 399 202 197 31 2017 148 174 76 126 108
is_linear=0
shrinkage=0.04


Tree=100
num_leaves=15
num_cat=0
split_feature=0 17 9 14 21 24 53 16 40 50 5 21 73 12
split_gain=12.2944 11.0483 15.8769 21.0482 16.5679 14.5721 16.5906 17.9823 15.3008 15.974 15.6673 16.8339 14.6478 14.0616
threshold=0.0038499999791383748 0.011750000063329937 0.019049999304115776 0.072850000113248839 0.0036499999696388845 0.059049999341368682 0.0019500000635161998 0.77414998412132274 0.0013499999768100681 1.0000000180025095e-35 0.0016499999910593035 0.0053499999921768912 0.0012500000302679839 0.0011500000255182388
decision_type=2 2 2 2 2 2 2 2 2 2 2 2 2 2
left_child=1 2 5 4 -4 6 7 8 9 12 -11 -12 -1 -5
right_child=-2 -3 3 13 -6 -7 -8 -9 -10 10 11 -13 -14 -15
leaf_value=-0.0088142135617137081 0.033196250612976139 -0.010339758249700038 -0.012424415695465483 0.016858599520340255 0.016571615869428249 -0.029678480815355242 -0.049408075858235687 0.080249071630238394 -0.030911295193156368 -0.0061278841443364951 0.03096822721655515 -0.020004724567780515 0.078815403029595804 0.057405118728194635
leaf_weight=145.04939443990588 16.496022749692202 175.79680427722633 71.384369153529406 54.071038521826267 56.298475384712219 31.998229473829269 10.992906473577021 4.3459858596324912 24.656630953773856 45.780644867569208 67.482630506157875 12.073820143938063 3.0106917470693579 18.531088292598724
leaf_count=573 210 748 273 176 162 103 30 14 155 132 224 30 5 55
internal_value=-0.000831538 -0.0016196 0.00118377 0.0101466 0.000332301 -0.00400346 -0.00136058 0.00038859 -0.000788981 0.00192332 0.0124383 0.0231667 -0.00695334 0.0273275
internal_weight=737.969 721.473 545.676 200.285 127.683 345.391 313.393 302.4 298.054 273.397 125.337 79.5565 148.06 72.6021
internal_count=2890 2680 1932 666 435 1266 1163 1133 1119 964 386 254 578 231
is_linear=0
shrinkage=0.04


Tree=101
num_leaves=15
num_cat=0
split_feature=0 45 49 5 22 45 60 62 41 19 19 13 29 5
split_gain=11.6656 10.7023 21.8468 18.3701 16.8923 12.4314 12.1549 11.9321 10.9394 11.0888 11.1168 11.7406 16.0231 14.0404
threshold=0.0038499999791383748 0.01340000005438924 0.71544998884201061 0.0016499999910593035 0.0011500000255182388 0.030150000005960468 0.0037500000325962905 0.026650000363588337 0.0023000000510364775 0.024600000120699409 0.0057500000111758718 0.0052499999292194852 1.0000000180025095e-35 0.0029499999945983295
decision_type=2 2 2 2 2 2 2 2 2 2 2 2 2 2
left_child=1 4 3 5 8 -3 7 -6 9 10 11 -1 13 -13
right_child=-2 2 -4 -5 6 -7 -8 -9 -10 -11 -12 12 -14 -15
leaf_value=0.015557405439162848 0.032842493722182099 0.038954894190693999 -0.037384396820605729 0.04764864785893403 -0.025558310587223385 -0.027974232794880038 0.058173527372975146 0.050524254633509805 -0.044118083870859665 0.040258868621782684 -0.028111703884003053 -0.0051502317594407255 0.0029708016532495047 -0.033804450399566158
leaf_weight=72.125610483810306 16.017552364617586 6.8885671421885517 10.235862009227274 27.485499415546656 79.789803577587008 12.033512480556963 2.9865468628704539 3.3158811330795279 8.9627430289983732 10.733444087207316 22.453512812033296 95.5384461581707 327.95692078396678 38.524211455136538
leaf_count=361 210 25 26 89 303 41 9 10 57 45 85 390 1138 101
internal_value=-0.000801531 -0.00156103 0.0151 0.0268177 -0.00299388 -0.00332176 -0.0195111 -0.0224175 -0.000516489 0.000172936 -0.000599989 0.000554062 -0.00178231 -0.0134332
internal_weight=735.048 719.031 56.6434 46.4076 662.387 18.9221 86.0922 83.1057 576.295 567.332 556.599 534.145 462.02 134.063
internal_count=2890 2680 181 155 2499 66 322 313 2177 2120 2075 1990 1629 491
is_linear=0
shrinkage=0.04


Tree=102
num_leaves=15
num_cat=0
split_feature=7 27 0 18 22 45 25 50 21 5 46 29 17 29
split_gain=11.5386 10.6601 10.4159 9.91894 13.5042 14.3437 16.6056 22.7581 20.1927 16.7902 14.6022 13.6222 20.5842 13.6176
threshold=0.081350002437829985 1.0000000180025095e-35 0.0038499999791383748 0.058500001206994064 0.0011500000255182388 0.0028499999316409235 0.01415000017732382 0.0046500000171363362 0.002549999975599349 0.015850000083446506 0.010650000069290401 0.0072500000242143878 1.0000000180025095e-35 0.0085500003769993799
decision_type=2 2 2 2 2 2 2 2 2 2 2 2 2 2
left_child=1 2 3 4 5 10 8 -8 -7 -9 11 12 -1 -13
right_child=-2 -3 -4 -5 -6 6 7 9 -10 -11 -12 13 -14 -15
leaf_value=0.016640260837112123 0.039634204779977818 -0.047253019447820267 0.037339276868944837 0.029750286215438709 -0.015455336318369284 0.030922575050628037 -0.059902770043631433 0.029132491609412395 -0.013491500353159512 -0.040602366682242728 -0.051714938189213855 0.047944096362849679 -0.013003844695063641 0.0034178988701378688
leaf_weight=45.032539837062359 11.028797071427105 7.9260561447590581 11.121674381196497 15.769832741469143 104.5203753374517 72.160786662250757 10.621090672910212 19.079655654728416 20.974201887845993 7.633125774562358 9.6288442835211736 11.699426949024199 218.63584744557738 166.18057452142239
leaf_count=197 91 200 145 51 348 208 33 62 56 25 25 45 792 612
internal_value=-0.000772746 -0.0014018 -0.000879978 -0.00149646 -0.00222465 0.000148241 0.0118306 -0.0106175 0.0208738 0.0089796 -0.00322301 -0.00214502 -0.0079213 0.00639422
internal_weight=732.013 720.984 713.058 701.936 686.166 581.646 130.469 37.3339 93.135 26.7128 451.177 441.548 263.668 177.88
internal_count=2890 2799 2599 2454 2403 2055 384 120 264 87 1671 1646 989 657
is_linear=0
shrinkage=0.04


Tree=103
num_leaves=15
num_cat=0
split_feature=7 27 0 19 17 9 14 25 34 7 3 32 14 12
split_gain=10.8888 10.218 9.93532 9.5556 11.227 13.0211 20.4955 22.3694 14.6416 25.8181 22.4787 24.3614 14.9767 14.6384
threshold=0.081350002437829985 1.0000000180025095e-35 0.0038499999791383748 0.024600000120699409 0.011750000063329937 0.019049999304115776 0.072850000113248839 0.0013499999768100681 0.0010500000207684936 0.000650000001769513 0.0029499999945983295 0.0019500000635161998 0.0049499999731779107 0.0011500000255182388
decision_type=2 2 2 2 2 2 2 2 2 2 2 2 2 2
left_child=1 2 3 4 5 8 7 -7 9 -1 12 -12 -10 -8
right_child=-2 -3 -4 -5 -6 6 13 -9 10 -11 11 -13 -14 -15
leaf_value=-0.0028204065678315254 0.038967333381014012 -0.047047290532837613 0.037131982819495715 0.03318085850398983 -0.011275319166082945 0.033998658518457771 0.015410536870146225 -0.0091869840683799844 0.018690917043230927 0.041112145969848461 0.029947523713165274 -0.027531616151104613 -0.022330529360411636 0.057539603114719305
leaf_weight=96.426119387149811 10.775715239346026 7.6483322847634545 10.744593966752289 12.413222558796404 162.17230837233365 23.721620626747608 51.421076847240329 98.535559853538871 15.666900075972078 27.357502166181803 37.060995362699032 17.133700702339411 140.13054785877466 17.926862888038158
leaf_count=431 91 200 145 60 600 69 164 346 78 100 109 45 399 53
internal_value=-0.000745011 -0.00135162 -0.000847691 -0.00144162 -0.00207725 0.000755962 0.00907105 -0.000754023 -0.00400665 0.00688222 -0.0104445 0.0116845 -0.0181704 0.0264259
internal_weight=729.135 718.359 710.711 699.966 687.553 525.381 191.605 122.257 333.776 123.784 209.992 54.1947 155.797 69.3479
internal_count=2890 2799 2599 2454 2394 1794 632 415 1162 531 631 154 477 217
is_linear=0
shrinkage=0.04


Tree=104
num_leaves=15
num_cat=0
split_feature=27 0 41 5 17 23 2 70 9 14 25 79 11 45
split_gain=10.3083 12.928 9.8563 11.5226 9.00768 14.3673 17.9856 19.1661 11.8154 16.1805 19.4595 14.7355 14.715 13.4709
threshold=1.0000000180025095e-35 0.0038499999791383748 0.0023000000510364775 0.10990000143647195 0.011750000063329937 0.0024500000290572648 0.012899999972432854 0.0010500000207684936 0.019049999304115776 0.072850000113248839 0.0011500000255182388 0.0045999998692423114 0.28265841305255895 0.0020500000100582842
decision_type=2 2 2 2 2 2 2 2 2 2 2 2 2 2
left_child=1 2 3 4 8 6 7 -6 -1 10 -10 -12 -13 -11
right_child=-2 -3 -4 -5 5 -7 -8 -9 9 13 11 12 -14 -15
leaf_value=-0.0031514821986336171 -0.046800538159015491 0.037920647986489364 -0.042424370948645727 0.040621465556037677 -0.01530543590468565 -0.024963159979309198 0.034317041792420969 0.048969717461073634 0.034036833620789318 0.047742446730712755 -0.015361188612760344 -0.021964192709362691 0.042487089354971488 0.011073327540980364
leaf_weight=332.35479464009404 7.5849123420193783 13.839279063045977 8.9645203333348018 10.664290264248846 70.888525173068047 59.496473506093025 19.412476811558008 8.1710707843303663 22.746827274560928 25.646518632769585 77.711301542818546 8.5394779816269892 16.135807991027832 43.747671961784363
leaf_count=1153 202 207 62 55 269 200 75 31 64 76 274 25 54 143
internal_value=-0.000716969 -0.000218346 -0.000978528 -0.000432558 -0.00108352 -0.00946162 -3.92387e-05 -0.00855839 0.00142211 0.00925436 0.000626132 -0.00678353 0.0200221 0.0247322
internal_weight=725.904 718.319 704.48 695.515 684.851 157.969 98.4721 79.0596 526.882 194.528 125.133 102.387 24.6753 69.3942
internal_count=2890 2688 2481 2419 2364 575 375 300 1789 636 417 353 79 219
is_linear=0
shrinkage=0.04


Tree=105
num_leaves=15
num_cat=0
split_feature=4 28 4 67 57 30 33 35 1 46 60 30 11 17
split_gain=12.9206 18.099 15.2574 13.9473 15.8205 12.2011 13.7807 12.8239 12.453 15.941 14.3348 16.436 13.6194 14.5647
threshold=0.0010500000207684936 0.1548469737172127 1.0000000180025095e-35 0.0077999997884035119 0.0031500000040978198 0.002650000038556755 1.0000000180025095e-35 0.0029499999945983295 0.037350000813603408 0.0014499999815598132 1.0000000180025095e-35 0.0021499999566003685 0.01942316256463528 0.0012500000302679839
decision_type=2 2 2 2 2 2 2 2 2 2 2 2 2 2
left_child=1 2 3 4 5 6 8 -7 9 10 11 12 13 -1
right_child=-2 -3 -4 -5 -6 7 -8 -9 -10 -11 -12 -13 -14 -15
leaf_value=0.050656997261229651 -0.0066173503961748275 0.03769111663979851 0.062510241402122843 -0.044033548597641942 0.043471374399839002 -0.040149389354479523 -0.032698079708035746 0.045033725248870074 0.018636003577572117 -0.034241408377015094 0.034657160319525135 0.14985759554057074 -0.0038323376001299669 -0.042786335998293422
leaf_weight=14.08565214276314 293.59430108126253 24.382555831223726 6.5121592022478572 10.495725639164446 14.397780571132897 19.183688893914226 16.604480572044849 3.1862102374434462 76.669220801442862 19.672572581097484 20.939802475273609 1.0652590095996846 194.14241559337825 3.160370521247386
leaf_count=46 1298 196 22 49 58 46 53 12 206 50 78 3 726 37
internal_value=-0.000161534 0.00429457 0.00224052 0.00121757 0.00247889 0.000855975 0.00271888 -0.0276921 0.00452388 0.000226976 0.00316284 2.50461e-05 -0.0007816 0.0331548
internal_weight=718.092 424.498 400.115 393.603 383.107 368.71 346.34 22.3699 329.735 253.066 233.393 212.454 211.388 17.246
internal_count=2880 1582 1386 1364 1315 1257 1199 58 1146 940 890 812 809 83
is_linear=0
shrinkage=0.04


Tree=106
num_leaves=15
num_cat=0
split_feature=0 13 74 36 18 53 59 65 19 24 1 13 1 22
split_gain=12.4581 11.7266 15.3514 14.2584 17.864 13.4837 13.1006 12.3137 20.0087 11.4584 11.1166 9.62303 11.448 11.2028
threshold=0.0031500000040978198 0.013349999673664572 0.051149999722838409 0.0014499999815598132 0.0016499999910593035 1.0000000180025095e-35 0.0018500000005587938 0.0013499999768100681 0.0037500000325962905 0.0016499999910593035 0.029799999669194225 0.38994999229907995 0.28174999356269842 0.0011500000255182388
decision_type=2 2 2 2 2 2 2 2 2 2 2 2 2 2
left_child=1 3 7 5 10 6 -1 9 -9 -3 -5 12 13 -11
right_child=-2 2 -4 4 -6 -7 -8 8 -10 11 -12 -13 -14 -15
leaf_value=0.021126033343949885 0.032284348449254784 -0.046962325829005371 0.053498925265828785 -0.048983080511284208 0.039257033921474803 -0.040058511769793304 -0.027536437970946813 0.043766755158539984 -0.057411411307735402 -0.0014587267689302463 0.03201723009638742 -0.019036433632957327 0.024159761871139822 -0.019539701536933889
leaf_weight=112.33294034749269 18.346965260803699 10.536333037540315 7.2685563042759886 17.179787945933647 6.488693135790526 6.7995326891541472 9.4540940513834339 17.146310541778806 3.6997103672474614 346.88571724109352 3.0814062356948844 67.226396689191461 23.740461695939302 65.175185896456242
leaf_count=393 244 109 26 89 41 13 150 67 7 1141 9 265 101 225
internal_value=-0.000154423 -0.00101853 -0.00380214 0.00865876 -0.0177991 0.0142034 0.0172961 -0.00459884 0.0254305 -0.00583026 -0.036371 -0.0049516 -0.00276584 -0.00433233
internal_weight=715.362 697.015 541.679 155.336 26.7499 128.587 121.787 534.41 20.846 513.564 20.2612 503.028 435.801 412.061
internal_count=2880 2636 1941 695 139 556 543 1915 74 1841 98 1732 1467 1366
is_linear=0
shrinkage=0.04


Tree=107
num_leaves=15
num_cat=0
split_feature=38 4 3 69 13 23 17 37 20 7 50 9 17 1
split_gain=11.7594 12.9443 15.8393 13.9024 13.1336 12.427 11.9139 17.6392 20.7432 16.1852 13.778 14.6515 14.1538 12.758
threshold=0.010950000025331976 0.0014499999815598132 0.0020500000100582842 0.0024500000290572648 0.36424998939037329 0.0053499999921768912 0.0030500000575557355 0.0052499999292194852 0.00034997001057490712 0.0097500002011656779 0.0011500000255182388 0.0099499998614192026 0.0015499999863095584 0.0014499999815598132
decision_type=2 2 2 2 2 2 2 2 2 2 2 2 2 2
left_child=1 5 -3 -4 -5 6 7 10 -9 13 11 12 -1 -8
right_child=-2 2 3 4 -6 -7 9 8 -10 -11 -12 -13 -14 -15
leaf_value=0.0085161833064282145 0.036610013690558947 -0.019679566908900385 -0.0063651607092083257 0.048147868198908532 -0.00082942507798949589 0.04620142680388678 -0.044102270240503304 0.10897346010175314 -0.030216638996187484 0.025602142192219759 0.031275796794949483 0.029639448055544259 -0.03169412479965452 -0.0042963541546872635
leaf_weight=42.19376839324832 13.551839420571921 108.06773450877517 111.68386634811759 16.615346800535917 18.069623559713364 10.426346890628336 13.627022521570323 1.7377968169748808 23.85311609134078 27.724247062578797 56.000788658857346 28.789743769913912 20.791601274162531 219.38205630332232
leaf_count=197 119 597 407 53 80 40 208 6 76 152 150 74 102 619
internal_value=-0.000150089 -0.000873669 -0.00807145 0.00047939 0.0225884 0.00323806 0.00218654 0.0103155 -0.0202216 -0.00320513 0.0156409 0.00603337 -0.00472312 -0.0066594
internal_weight=712.515 698.963 254.437 146.369 34.685 444.526 434.1 173.367 25.5909 260.733 147.776 91.7751 62.9854 233.009
internal_count=2880 2761 1137 540 133 1624 1584 605 82 979 523 373 299 827
is_linear=0
shrinkage=0.04


Tree=108
num_leaves=15
num_cat=0
split_feature=38 4 3 69 13 1 28 76 31 43 47 24 17 29
split_gain=11.0402 11.9915 14.8729 14.102 14.0997 14.0855 11.9045 11.6003 11.6792 20.3549 11.7192 13.6792 12.3708 16.4981
threshold=0.010950000025331976 0.0014499999815598132 0.0017499999958090486 0.0024500000290572648 0.36424998939037329 0.0041499999351799497 0.13736385852098468 0.002549999975599349 0.012050000019371511 0.0015499999863095584 0.019650000147521499 0.0029499999945983295 0.0030500000575557355 0.0010500000207684936
decision_type=2 2 2 2 2 2 2 2 2 2 2 2 2 2
left_child=1 6 -3 5 -5 -4 7 8 9 10 12 -12 -1 -14
right_child=-2 2 3 4 -6 -7 -8 -9 -10 -11 11 -13 13 -15
leaf_value=0.0087867328336084585 0.035792804387684132 -0.020406398353992175 0.069196930669096088 0.046593481088270633 -0.0028769278901586226 -0.0092639209380409714 0.028385489794914794 -0.031592114823485715 -0.035665549877696517 0.041759966053706549 -0.06913002962554185 0.041506791017176727 -0.019967104511046711 0.0033690600966771967
leaf_weight=146.96640234440565 13.313965952023862 93.916556907817721 3.6682604104280463 17.980233285576105 18.493662010878325 119.06750388629735 27.869561731815338 16.254622362554073 12.141999453306196 21.471478255465627 1.8608402460813547 18.700760580599308 84.034996023401618 113.76697533577681
leaf_count=506 119 555 17 58 83 424 191 33 37 77 7 56 395 322
internal_value=-0.00014445 -0.000842498 -0.00779073 -0.000315599 0.0214614 -0.00683194 0.00311889 0.00140685 0.00276897 0.0039947 0.00175336 0.0310144 0 -0.00653004
internal_weight=709.508 696.194 253.126 159.21 36.4739 122.736 443.068 415.198 398.943 386.801 365.33 20.5616 344.768 197.802
internal_count=2880 2761 1137 582 141 441 1624 1433 1400 1363 1286 63 1223 717
is_linear=0
shrinkage=0.04


Tree=109
num_leaves=15
num_cat=0
split_feature=0 13 74 28 36 45 49 21 20 17 14 17 69 40
split_gain=11.4343 10.5589 13.7348 13.0927 17.3402 13.8755 19.4802 12.2824 16.5227 20.6502 13.8732 12.6367 13.1296 12.1898
threshold=0.0031500000040978198 0.013349999673664572 0.037350000813603408 0.16064696013927462 0.0014499999815598132 0.0013499999768100681 0.0063499999232590207 0.0036499999696388845 0.0005499450198840351 0.0042499999981373557 0.0070500001311302194 0.0012500000302679839 0.0013499999768100681 0.0023500000825151805
decision_type=2 2 2 2 2 2 2 2 2 2 2 2 2 2
left_child=1 3 -3 4 5 7 -7 10 -9 -10 11 12 -1 -4
right_child=-2 2 13 -5 -6 6 -8 8 9 -11 -12 -13 -14 -15
leaf_value=0.030477297489475867 0.03172569552990688 -0.0046132372204574232 0.071586512902460625 0.045978722942459832 -0.027116374102973489 0.049444097738380488 -0.015048771708514586 0.08968728280737151 -0.013395480346572871 0.076437597631305559 -0.028696872418212994 -0.015955416551564478 0.22902631734491224 -0.0071997605998798224
leaf_weight=12.382342105731368 17.46312484703958 523.23769479431212 7.1304525509476644 13.370311899110673 22.872324429452419 26.357453197240829 10.283543571829794 4.8635560721159008 16.551246322691444 5.3157958611845961 28.312632035464048 12.902539114467798 0.46970950067043382 5.3770566061139107
leaf_count=65 244 1900 17 73 129 74 21 11 37 11 117 155 2 24
internal_value=-0.000139187 -0.000956607 -0.00361319 0.00827477 0.00462327 0.0108567 0.0312432 0.00153501 0.0237075 0.00850906 -0.00937667 0.0117366 0.0397548 0.0376101
internal_weight=706.89 689.427 535.745 153.681 140.311 117.439 36.641 80.7978 26.7306 21.867 54.0672 25.7546 12.8521 12.5075
internal_count=2880 2636 1941 695 622 493 95 398 59 48 339 222 67 41
is_linear=0
shrinkage=0.04


Tree=110
num_leaves=15
num_cat=0
split_feature=53 12 32 5 18 3 1 36 78 1 21 49 13 11
split_gain=15.1655 14.882 14.0919 12.7046 13.2822 15.3476 18.7568 14.5929 13.8989 12.5613 11.4643 11.4399 10.8071 10.735
threshold=0.0011500000255182388 0.11964999884366991 0.0022500000195577745 0.045350000262260444 1.0000000180025095e-35 0.0075499999802559623 0.014650000259280207 0.0016499999910593035 0.0018500000005587938 0.0055499998852610597 0.090649999678134932 0.0034500000765547161 0.27825000882148748 0.1072589047253132
decision_type=2 2 2 2 2 2 2 2 2 2 2 2 2 2
left_child=3 2 -2 4 7 -6 8 10 -7 -10 -1 -8 -13 -9
right_child=1 -3 -4 -5 5 6 11 13 9 -11 -12 12 -14 -15
leaf_value=0.00099615362368669046 -0.0304309819199488 0.036970249070004339 0.02862012353391527 0.030335864524984706 0.020350124783694048 -0.061236200311858169 -0.020422181810944122 -0.050284409852861776 0.1771697154797473 -0.0073074934637904487 0.052000941969632453 0.061056251677971594 0 -0.0099352777815614069
leaf_weight=401.34823901392519 51.685517147183418 7.3004724644124499 7.239336196333169 27.412737842649221 114.12515417020768 12.686204530298712 10.504384547472002 13.582971735857425 0.60019044578075309 3.5227583050727844 7.0831480771303168 9.4668940883129853 8.776259880512951 48.247738803736866
leaf_count=1590 150 37 25 205 441 29 28 62 3 17 12 47 51 229
internal_value=0.00187167 -0.0163472 -0.0230722 0.00371542 0.00254603 0.0125112 -0.00704025 -0.000831176 -0.0405342 0.0221597 0.001903 0.0124782 0.0316483 -0.0189306
internal_weight=723.582 66.2253 58.9249 657.357 629.944 159.682 45.5567 470.262 16.8092 4.12295 408.431 28.7475 18.2432 61.8307
internal_count=2926 212 175 2714 2509 616 175 1893 49 20 1602 126 98 291
is_linear=0
shrinkage=0.04


Tree=111
num_leaves=15
num_cat=0
split_feature=53 12 14 5 21 62 55 12 17 76 36 45 49 44
split_gain=14.0784 13.8569 13.4408 12.009 11.7289 11.206 11.0501 12.4106 18.8987 13.9407 13.8216 12.4416 11.6861 11.5231
threshold=0.0011500000255182388 0.11964999884366991 0.41490000486373907 0.10444999858736993 0.14185000211000445 0.0027499999850988392 0.2548500001430512 1.0000000180025095e-35 0.034549999982118614 0.0047500000800937423 0.0036499999696388845 0.0045499999541789302 0.01124999998137355 0.2877000123262406
decision_type=2 2 2 2 2 2 2 2 2 2 2 2 2 2
left_child=3 2 5 4 6 -2 7 8 9 13 -9 -10 -11 -1
right_child=1 -3 -4 -5 -6 -7 -8 10 11 12 -12 -13 -14 -15
leaf_value=0.0021641481086990435 -0.033715539447483601 0.035770204768495746 0.035577741614320438 0.042692594884976051 0.039543504465842615 0.0386695601283885 -0.034053245100761104 0.016954217394269895 -0.043876833249361688 -0.052128306288596507 -0.041749291094708159 0.037797299555880536 0.05410589129724544 0.053611951279125394
leaf_weight=442.04730558767915 49.149989085271955 7.2480145897716275 5.6347220018506041 12.234506998211144 13.530416183173655 3.5450083762407294 13.186977565288542 121.82514133676887 22.681892135180536 11.994124725461004 6.6441731192171565 3.3032049536705008 1.8007947988808144 6.9866603687405577
leaf_count=1777 140 37 22 113 42 13 73 423 178 36 22 18 7 25
internal_value=0.00180114 -0.0158451 -0.0223775 0.00357277 0.00281687 -0.0287061 0.00201619 0.00279861 -0.000101788 0.00175664 0.013857 -0.033236 -0.037683 0.00298531
internal_weight=721.813 65.5777 58.3297 656.235 644.001 52.695 630.47 617.283 488.814 462.829 128.469 25.9851 13.7949 449.034
internal_count=2926 212 175 2714 2601 153 2559 2486 2041 1845 445 196 43 1802
is_linear=0
shrinkage=0.04


Tree=112
num_leaves=15
num_cat=0
split_feature=53 12 14 20 55 12 1 16 17 25 49 31 6 13
split_gain=13.0995 12.9347 12.5902 11.5614 11.5877 14.6387 18.7746 16.4651 17.5696 12.8828 12.3277 17.3471 16.1103 21.2022
threshold=0.0011500000255182388 0.11964999884366991 0.41490000486373907 0.00014999499762780036 0.26219999790191656 1.0000000180025095e-35 0.0018500000005587938 0.77414998412132274 0.034549999982118614 0.056749999523162849 0.003249999950639904 0.013449999969452621 1.0000000180025095e-35 0.19305000454187396
decision_type=2 2 2 2 2 2 2 2 2 2 2 2 2 2
left_child=3 2 -2 -1 5 7 -7 8 10 -6 12 -12 13 -5
right_child=1 -3 -4 4 9 6 -8 -9 -10 -11 11 -13 -14 -15
leaf_value=-0.026619229376969845 -0.02794428359718586 0.034606609423022253 0.034808051262539205 -0.0013763664349289301 -0.049578927448865752 -0.04429323742218319 0.020147582774265146 0.043505891110152135 -0.031511260124679301 0.062812537826684361 0.012704396661549384 -0.018158914677441476 -0.024863426602673599 0.078789593248900655
leaf_weight=19.72102246619761 51.97360698133707 7.1964745391160241 5.5332356989383689 144.11169786378741 10.993716878816484 7.5262347012758246 131.49207841977477 14.630819641053675 25.731375435367227 1.7963265348225821 210.90593739040196 33.621233239769936 48.963068459182978 5.3771475367248049
leaf_count=193 153 37 22 557 60 21 507 43 194 11 703 160 249 16
internal_value=0.00173525 -0.0154093 -0.021787 0.00343739 0.00438097 0.00516324 0.0166008 0.00186256 0.000545127 -0.0331187 0.00242291 0.00843881 -0.0049701 0.00153122
internal_weight=719.574 64.7033 57.5068 654.871 635.15 622.36 139.018 483.341 468.71 12.79 442.979 244.527 198.452 149.489
internal_count=2926 212 175 2714 2521 2450 528 1922 1879 71 1685 863 822 573
is_linear=0
shrinkage=0.04


Tree=113
num_leaves=15
num_cat=0
split_feature=53 47 5 18 3 1 78 36 55 51 55 10 5 34
split_gain=12.1657 12.5536 11.4556 11.7355 13.4807 17.4159 13.0933 13.0463 12.6637 13.1851 11.8037 13.2019 21.3307 17.329
threshold=0.0011500000255182388 0.0049499999731779107 0.045350000262260444 1.0000000180025095e-35 0.0075499999802559623 0.014650000259280207 0.0018500000005587938 0.0016499999910593035 0.036650000140070922 0.0010500000207684936 0.24930000305175784 0.0042499999981373557 0.0013499999768100681 0.0046500000171363362
decision_type=2 2 2 2 2 2 2 2 2 2 2 2 2 2
left_child=2 -2 3 7 -5 6 -6 10 9 -9 11 13 -13 -1
right_child=1 -3 -4 4 5 -7 -8 8 -10 -11 -12 12 -14 -15
leaf_value=0.0030382862927106243 -0.025783151616030592 0.013828978039953293 0.028973157776135228 0.018950920529690135 -0.060160202564076282 0.012102084325334652 0.020687764351965621 -0.039119957484224283 0.055624555939002111 -0.00021108626905792059 -0.043447604736163763 0.04615770816435804 0.0052826921355682245 -0.022102617741839175
leaf_weight=155.96211077645421 46.617978844791651 17.414330927655101 26.614244237542152 113.53301860392094 12.331562623381616 28.139984980225563 4.1740204840898505 33.131097654812038 3.3800269644707432 24.358317858539522 8.987121067941187 23.438354603946209 157.80187007132918 60.824119336903095
leaf_count=719 147 65 205 441 29 126 20 157 18 116 62 74 582 165
internal_value=0.0016702 -0.014943 0.00330825 0.00220638 0.0116235 -0.00692142 -0.0394726 -0.000970544 -0.0182319 -0.0227327 0.00160493 0.00264288 0.0106133 -0.00400404
internal_weight=716.708 64.0323 652.676 626.062 158.179 44.6456 16.5056 467.883 60.8694 57.4894 407.014 398.026 181.24 216.786
internal_count=2926 212 2714 2509 616 175 49 1893 291 273 1602 1540 656 884
is_linear=0
shrinkage=0.04


Tree=114
num_leaves=15
num_cat=0
split_feature=53 12 32 27 7 7 67 7 6 25 10 6 47 9
split_gain=11.281 12.0779 12.7743 10.9619 10.7096 10.5676 9.05006 10.1657 18.7363 15.6842 9.41012 15.4639 14.5887 22.7149
threshold=0.0011500000255182388 0.11964999884366991 0.0022500000195577745 1.0000000180025095e-35 0.042249999940395362 0.030000000260770324 0.01625000033527613 0.0097500002011656779 0.0027499999850988392 0.051850000396370895 0.0043500000610947618 0.0013499999768100681 0.0013499999768100681 0.0036499999696388845
decision_type=2 2 2 2 2 2 2 2 2 2 2 2 2 2
left_child=3 2 -2 4 5 6 7 10 -9 -10 11 12 -1 -14
right_child=1 -3 -4 -5 -6 -7 -8 8 9 -11 -12 -13 13 -15
leaf_value=-0.0082234300925752152 -0.02803337113412302 0.033943363759250993 0.028602340620083062 -0.044834833425705316 0.036540490331736168 -0.042162039676873583 -0.050904072615875172 0.041882778986899592 -0.035678504533460172 0.066070909962265625 0.0074552145018698555 -0.026380352412921897 -0.031471176657433965 0.019405700845814493
leaf_weight=126.24079541675746 49.213992845267057 7.1614681202918282 7.1670218966901293 7.4077392295002928 15.469406384974716 8.0954261757433397 4.73904332704842 28.008793594315648 11.366726219654081 2.9591828286647788 299.69834888726473 38.174201684072614 16.39202556759119 92.981433480978012
leaf_count=533 150 37 25 212 131 29 37 126 30 8 1109 202 59 238
internal_value=0.00160566 -0.0144574 -0.0207253 0.00318036 0.00374564 0.00292661 0.00352795 0.00396152 0.0228653 -0.0140714 0.00255533 -0.0027944 0.00101959 0.0117224
internal_weight=715.076 63.5425 56.381 651.533 644.125 628.656 620.561 615.822 42.3347 14.3259 573.487 273.788 235.614 109.373
internal_count=2926 212 175 2714 2502 2371 2342 2305 164 38 2141 1032 830 297
is_linear=0
shrinkage=0.04


Tree=115
num_leaves=15
num_cat=0
split_feature=4 32 7 17 29 34 79 25 14 11 17 20 21 20
split_gain=12.5904 24.7583 24.2644 17.0532 22.0942 22.8737 15.2283 13.3841 12.9518 12.8078 14.864 14.0285 12.0163 11.492
threshold=0.0010500000207684936 0.0020500000100582842 0.00045000000682193791 0.0021499999566003685 0.0061500000301748523 0.0015499999863095584 0.028149999678134922 0.011649999767541887 0.0047500000800937423 0.11185236275196077 1.0000000180025095e-35 0.00034997001057490712 0.049149999395012862 1.0000000180025095e-35
decision_type=2 2 2 2 2 2 2 2 2 2 2 2 2 2
left_child=1 2 3 9 7 -6 8 -5 -2 10 11 13 -12 -1
right_child=6 -3 -4 4 5 -7 -8 -9 -10 -11 12 -13 -14 -15
leaf_value=-0.024343990795596092 0.038055741999170133 -0.024594197731598558 0.016233093483314798 -0.030996629802391859 0.049096049147029495 -0.032737598692850874 0.06493441078729012 0.087592799200016405 -0.0089274389114431894 0.035511515478223121 -0.042044057769566143 -0.0087610540213001551 0.07035803682437608 0.062600355860919249
leaf_weight=2.9553011115640428 9.583752077072857 41.899655394256115 223.48792665544897 62.779086709022522 14.073987901210787 8.7510852143168432 4.6278598122298709 1.4496095180511464 283.12500420864671 22.06560911051929 15.519690869376065 17.575990106910467 1.571229577064513 11.343503432348369
leaf_count=24 68 129 822 323 27 18 20 4 1232 72 69 66 4 42
internal_value=9.92857e-05 0.00453411 0.00774871 -0.00422321 -0.0161001 0.0175408 -0.00620284 -0.0281259 -0.007363 0.0102786 -0.00105984 0.0149846 -0.0311287 0.0443085
internal_weight=720.809 423.473 381.573 158.085 87.0538 22.8251 297.337 64.2287 292.709 71.0313 48.9657 31.8748 17.0909 14.2988
internal_count=2920 1600 1471 649 372 45 1320 327 1300 277 205 132 73 66
is_linear=0
shrinkage=0.04


Tree=116
num_leaves=15
num_cat=0
split_feature=4 61 33 47 17 38 74 52 15 3 78 24 35 23
split_gain=12.3705 16.2831 12.8866 14.2625 18.6964 14.0785 14.0329 14.563 13.6011 12.9258 14.1641 12.5974 12.4073 11.7849
threshold=0.35489998757839208 0.012149999849498274 0.0010500000207684936 0.0011500000255182388 1.0000000180025095e-35 0.000650000001769513 0.0021499999566003685 0.012500000186264517 0.014050000347197058 0.0011500000255182388 0.0034500000765547161 0.094900000840425505 0.0062500000931322583 0.0015499999863095584
decision_type=2 2 2 2 2 2 2 2 2 2 2 2 2 2
left_child=1 2 3 4 -1 13 8 9 -5 -8 -11 -4 -10 -6
right_child=-2 -3 11 6 5 -7 7 -9 12 10 -12 -13 -14 -15
leaf_value=0.018762594886149255 -0.044760930548071717 0.040347969665209253 -0.018865664901621074 0.021199679818158828 -0.0096026005489803987 0.015562160919975049 0.013984964370195602 0.022811822831752631 -0.045436508090681949 -0.025686357799305965 0.097390320989663659 0.0016203738454375726 0.046000018008998278 -0.041779916584398009
leaf_weight=47.80816275626421 9.6015242803841812 16.107475433498621 99.797415474429727 138.47123552672565 147.78469484951347 31.153729451820254 22.911077316850424 28.259048482403159 9.2968729846179468 50.049957007169724 1.4331385791301716 91.829914772883058 3.0496899113059035 20.829439930617809
leaf_count=212 56 123 491 462 636 132 104 75 16 149 5 389 10 60
internal_value=9.49675e-05 0.00071448 -0.000207076 0.00316117 -0.00365498 -0.00904664 0.0098334 -0.00153889 0.0175963 -0.0108606 -0.0220006 -0.00903194 -0.0223415 -0.0136237
internal_weight=718.383 708.782 692.674 501.047 247.576 199.768 253.471 102.653 150.818 74.3942 51.4831 191.627 12.3466 168.614
internal_count=2920 2864 2741 1861 1040 828 821 333 488 258 154 880 26 696
is_linear=0
shrinkage=0.04


Tree=117
num_leaves=15
num_cat=0
split_feature=54 61 53 41 70 26 15 77 4 36 25 50 22 47
split_gain=12.9417 14.307 13.6428 11.0361 10.6494 13.1281 11.9325 15.9969 17.3601 17.0298 12.942 12.6403 12.3329 11.7072
threshold=0.0031500000040978198 0.012149999849498274 0.0060500002000480899 0.0010500000207684936 0.010999999940395357 0.0014499999815598132 0.023449999280273918 0.0017499999958090486 0.015950000844895843 0.0037500000325962905 0.051200000569224365 0.0034500000765547161 0.0040500001050531873 0.0011500000255182388
decision_type=2 2 2 2 2 2 2 2 2 2 2 2 2 2
left_child=1 2 3 4 5 6 10 8 -8 -10 13 12 -12 -1
right_child=-2 -3 -4 -5 -6 -7 7 -9 9 -11 11 -13 -14 -15
leaf_value=-0.0037982920165278902 -0.021318295505149281 0.040628108371442283 -0.037490248664841304 -0.038900189427830544 -0.047175151363446889 0.034391560966188596 -0.026057070073363366 -0.029574671319090907 0.059311003719641681 -0.043908148655077674 -0.054251170807483186 0.061488520495818356 0.10800013361181154 0.0081946299423211483
leaf_weight=245.19782663881779 42.371922308579087 14.491341963410376 14.62195375189185 10.55639743991196 6.8229737300425759 20.131733428686857 11.97746096365154 41.746057274751365 12.183072856627403 3.1061296612024298 3.3464973643422118 11.308426298201082 0.85073494911193837 276.91239021718502
leaf_count=1076 234 117 47 48 40 160 55 108 64 9 13 39 2 908
internal_value=9.09338e-05 0.00144725 0.000573252 0.00144919 0.00213381 0.00268441 0.00162008 -0.0140139 0.00968488 0.0379322 0.00363666 0.0395491 -0.0186858 0.0025551
internal_weight=715.625 673.253 658.762 644.14 633.583 626.76 606.629 69.0127 27.2667 15.2892 537.616 15.5057 4.19723 522.11
internal_count=2920 2686 2569 2522 2474 2434 2274 236 128 73 2038 54 15 1984
is_linear=0
shrinkage=0.04


Tree=118
num_leaves=15
num_cat=0
split_feature=54 44 14 53 75 10 9 0 25 59 33 57 25 5
split_gain=12.0468 14.2081 12.405 11.5259 13.4069 11.899 11.4208 10.9661 10.9008 14.876 13.4363 12.0984 15.9803 11.8875
threshold=0.0031500000040978198 0.14389999955892566 0.41490000486373907 0.0012500000302679839 1.0000000180025095e-35 0.028450000099837783 0.099700000137090697 0.0010500000207684936 0.050249999389052398 0.013550000265240671 0.011549999937415125 0.0012500000302679839 0.020049999468028549 0.047049999237060554
decision_type=2 2 2 2 2 2 2 2 2 2 2 2 2 2
left_child=1 2 3 8 7 -6 -7 -5 9 11 -10 13 -13 -1
right_child=-2 -3 -4 4 5 6 -8 -9 10 -11 -12 12 -14 -15
leaf_value=-0.00090565525946709343 -0.020680007936556413 0.046141754585823043 0.035930720098041095 -0.03450142414918983 -0.064556221060478508 0.064666026122103079 -0.035901951610079717 0.024496010841770843 0.053717422226048479 -0.028495989243318198 -0.012822632443204885 0.030870247238452293 -0.068476546177603834 0.034380960357004157
leaf_weight=486.30785229708999 41.944455378688872 11.065292961895464 15.452187877148388 40.003835022449493 2.0121567398309699 7.200274705886839 2.273107536137104 5.6117344349622718 13.361376810818912 27.039603792130947 7.4125677905976763 35.288931528106332 2.6795043665915719 15.669234570115803
leaf_count=1807 234 59 104 102 10 14 5 26 45 247 32 142 7 86
internal_value=8.48002e-05 0.00139093 0.00062808 -0.000217082 -0.0173632 0.0209337 0.0399943 -0.0271182 0.00144454 0.000392195 0.0298353 0.00185128 0.0235926 0.000194479
internal_weight=713.322 671.378 660.312 644.86 57.1011 11.4855 9.47338 45.6156 587.759 566.985 20.7739 539.946 37.9684 501.977
internal_count=2920 2686 2627 2523 157 29 19 128 2366 2289 77 2042 149 1893
is_linear=0
shrinkage=0.04


Tree=119
num_leaves=15
num_cat=0
split_feature=4 61 33 76 78 34 34 14 11 1 23 1 22 29
split_gain=11.3422 14.2445 11.3701 13.5574 11.8953 11.4747 17.8054 16.9504 14.9369 14.8929 28.1734 16.0435 14.79 14.0332
threshold=0.35489998757839208 0.012149999849498274 0.0010500000207684936 0.0028499999316409235 0.003249999950639904 0.0062500000931322583 0.0075499999802559623 0.01264999993145466 0.039643950760364539 0.012249999679625036 0.0015499999863095584 0.32244999706745153 0.0017499999958090486 0.013349999673664572
decision_type=2 2 2 2 2 2 2 2 2 2 2 2 2 2
left_child=1 2 3 4 5 7 -7 13 -9 -8 12 -12 -11 -1
right_child=-2 -3 -4 -5 -6 6 9 8 -10 10 11 -13 -14 -15
leaf_value=-0.012551852111162833 -0.044086638654325293 0.038460804755450904 -0.0085559479915847669 -0.0297050168192197 0.049002215937179489 -0.044394701144068502 -0.016119263968877449 0.086703955325045309 0.012302936835720139 0.032002789649322634 -0.038610512336669491 0.034443738560469138 -0.02353284084280613 0.051046694533816543
leaf_weight=73.334536045789719 9.0797580014914256 15.500679086893795 188.5588636090979 19.385498214513063 9.2583300210535509 16.389858908951283 60.122032850980759 4.3296714611351481 216.29504375811666 54.970713909715414 22.819719279184941 5.9476354438811532 8.7555029559880477 5.8888954631984225
leaf_count=522 56 123 880 51 57 55 176 11 614 229 58 30 37 21
internal_value=8.13805e-05 0.000664919 -0.000188689 0.00297567 0.00431504 0.00341382 -0.00490472 0.00811586 0.0138198 -0.000611283 0.00943243 -0.023301 0.024285 -0.00771558
internal_weight=710.637 701.557 686.056 497.497 478.112 468.854 169.005 299.848 220.625 152.616 92.4936 28.7674 63.7262 79.2234
internal_count=2920 2864 2741 1861 1810 1753 585 1168 625 530 354 88 266 543
is_linear=0
shrinkage=0.04


Tree=120
num_leaves=15
num_cat=0
split_feature=21 58 7 14 13 22 43 49 29 32 15 48 1 8
split_gain=12.1546 11.0424 11.7921 20.5677 17.4042 17.4369 11.929 12.7827 9.28493 18.3215 17.6296 20.3577 15.2513 12.3152
threshold=0.19720000028610232 1.0000000180025095e-35 0.00045000000682193791 0.10244999825954439 0.011649999767541887 1.0000000180025095e-35 0.03394999913871289 0.42354999482631689 1.0000000180025095e-35 0.0011500000255182388 1.0000000180025095e-35 1.0000000180025095e-35 0.037949999794363982 0.0034500000765547161
decision_type=2 2 2 2 2 2 2 2 2 2 2 2 2 2
left_child=1 2 3 6 5 -4 7 -1 9 10 11 12 -6 -10
right_child=-2 -3 4 -5 8 -7 -8 -9 13 -11 -12 -13 -14 -15
leaf_value=-0.018300833479040889 0.041174589667017446 0.037237791760801955 0.033407996492569321 0.021722514859330664 -0.033121294398247542 -0.030947075748256423 0.034219683156304213 0.10092845112956988 0.011348743967288962 -0.039321492620425065 -0.02806039849938324 0.044162092003695988 0.055293451860252876 -0.0044852831684900254
leaf_weight=170.75556239113212 10.719567596912382 11.4380467813462 43.009289796464145 27.83339654840529 14.436877783387901 7.8390772789716712 7.3672133516520253 1.343184396624564 129.03365551121533 28.36204269528389 23.002616013400257 19.87610537186265 3.855941340327262 200.35376052558422
leaf_count=865 29 91 154 96 41 39 59 4 501 59 111 73 7 791
internal_value=-0.000879084 -0.00154552 -0.00221202 -0.0101583 0.00128743 0.0233669 -0.0151344 -0.017289 -0.00138795 -0.0128076 -0.000405157 0.0161866 -0.0140676 0.00170693
internal_weight=699.226 688.507 677.069 207.299 469.769 50.8484 179.466 172.099 418.921 89.5336 61.1715 38.1689 18.2928 329.387
internal_count=2920 2891 2800 1024 1776 193 928 869 1583 291 232 121 48 1292
is_linear=0
shrinkage=0.04


Tree=121
num_leaves=15
num_cat=0
split_feature=58 7 13 8 31 39 73 48 34 35 73 46 17 2
split_gain=10.0147 10.6711 15.1422 15.1243 14.2761 10.3926 10.2169 10.8831 10.3393 9.2975 9.01956 9.22883 9.83353 11.0205
threshold=1.0000000180025095e-35 0.00045000000682193791 0.011649999767541887 0.0039500000420957812 0.0089499996975064295 0.0011500000255182388 0.0031500000040978198 0.0011500000255182388 0.00035000000207219278 0.002650000038556755 0.0011500000255182388 0.0040500001050531873 0.0030500000575557355 0.003249999950639904
decision_type=2 2 2 2 2 2 2 2 2 2 2 2 2 2
left_child=1 3 9 10 5 6 7 -5 -9 -3 11 12 13 -1
right_child=-2 2 -4 4 -6 -7 -8 8 -10 -11 -12 -13 -14 -15
leaf_value=-0.014306934920251259 0.036446979570631616 0.032873781767888459 -0.00061260540984500852 -0.017976879030149662 -0.01545801108758686 -0.056558822874730907 -0.029178585686665648 -0.02756385633141378 0.056909545213209525 -0.0054637821130131894 0.028103833372670525 0.029633837350708493 -0.032189348165849493 0.04991840313741476
leaf_weight=72.820677186362445 11.225302239879964 37.066785487346351 423.24407757818699 4.5484692156314876 24.495040455833077 2.2679426074028006 3.9884507190436116 2.4567174427211311 22.499045040458441 13.643333833664654 7.0012102276086798 6.098930910229682 60.358285347931087 4.4208840876817694
leaf_count=314 91 141 1600 29 168 19 29 22 92 52 22 14 313 14
internal_value=-0.000846894 -0.00146919 0.00185502 -0.00895399 0.00793049 0.0240609 0.0297913 0.0379697 0.0483573 0.0224901 -0.0157324 -0.017914 -0.0200705 -0.0105195
internal_weight=696.135 684.91 473.954 210.956 60.2557 35.7606 33.4927 29.5042 24.9558 50.7101 150.7 143.699 137.6 77.2416
internal_count=2920 2829 1793 1036 359 191 172 143 114 193 677 655 641 328
is_linear=0
shrinkage=0.04


Tree=122
num_leaves=15
num_cat=0
split_feature=21 58 7 15 21 24 49 8 31 42 59 6 6 10
split_gain=11.0852 9.74328 10.1312 14.8452 17.7476 17.2898 15.1795 13.0857 12.1272 17.2006 15.8671 11.0595 17.0395 13.834
threshold=0.19720000028610232 1.0000000180025095e-35 0.00045000000682193791 0.0011500000255182388 1.0000000180025095e-35 0.082750000059604659 0.0011500000255182388 0.0013499999768100681 0.0029499999945983295 0.98102977871894848 1.0000000180025095e-35 0.0017499999958090486 0.016200000420212749 1.0000000180025095e-35
decision_type=2 2 2 2 2 2 2 2 2 2 2 2 2 2
left_child=1 2 7 4 11 6 -6 -1 10 -10 -8 13 -13 -4
right_child=-2 -3 3 -5 5 -7 8 -9 9 -11 -12 12 -14 -15
leaf_value=-0.017971674041577814 0.039532583882664007 0.035662523148457942 0.0032837007610820195 -0.0054318377877703976 0.012879800016987264 0.05314825196568556 -0.036276992735648904 0.0025430512715948661 0.0484389711002624 -0.053538190574375512 0.029859123137880077 -0.03295379367857719 0.16765413959775013 0.035326986778350618
leaf_weight=120.22767030261457 10.619001999497412 11.019742991775273 32.846740258857608 251.73229111824185 37.814676560461521 8.1451330538839084 44.410801492631435 84.253959747962654 8.3853279389440996 3.7244857102632514 6.5307877939194432 9.6091456003487075 0.62495556473732072 64.395719736814499
leaf_count=563 29 91 137 1005 112 25 106 461 21 16 46 54 2 252
internal_value=-0.000816885 -0.0014551 -0.00207429 0.00116243 0.00884768 -0.0024921 -0.00707297 -0.00950219 -0.0191043 0.0165657 -0.027678 0.0203782 -0.0188126 0.0245589
internal_weight=694.34 683.721 672.702 468.22 216.488 109.011 100.866 204.482 63.0514 12.1098 50.9416 107.477 10.2341 97.2425
internal_count=2920 2891 2800 1776 771 326 301 1024 189 37 152 445 56 389
is_linear=0
shrinkage=0.04


Tree=123
num_leaves=15
num_cat=0
split_feature=21 58 7 14 60 15 21 5 24 7 6 29 49 29
split_gain=10.3005 9.14281 9.38129 18.0986 23.2129 13.764 16.4271 17.4169 16.2497 15.7835 15.1358 15.0969 14.1436 12.3911
threshold=0.19720000028610232 1.0000000180025095e-35 0.00045000000682193791 0.10244999825954439 1.0000000180025095e-35 0.0011500000255182388 1.0000000180025095e-35 1.0000000180025095e-35 0.082750000059604659 0.0039500000420957812 0.0017499999958090486 0.0031500000040978198 0.0011500000255182388 1.0000000180025095e-35
decision_type=2 2 2 2 2 2 2 2 2 2 2 2 2 2
left_child=1 2 3 -1 -5 6 7 9 12 -4 -9 -12 -8 -7
right_child=-2 -3 5 4 -6 13 8 10 -10 -11 11 -13 -14 -15
leaf_value=-0.013896998190523131 0.038256535784405472 0.034884502597034885 -0.01644027815791434 0.039166040048991178 -0.051962417249456896 -0.027907629459624834 0.012353288238600135 0.038889010418931697 0.052093691741804352 0.045317703428324627 -0.054669018913093413 0.0481995443934796 -0.018585091594584848 -0.0017249067625021877
leaf_weight=176.05255254916847 10.539248429238794 10.821191700175403 28.909716085530818 22.144322853535417 5.4746634997427455 33.32373627088964 37.852792479097843 60.142684718593955 7.9829489439725867 8.4714855141937715 5.8604448139667493 3.5749161951243877 62.232564922422171 218.15399327874184
leaf_count=928 29 91 133 78 18 156 112 232 25 34 25 21 189 849
internal_value=-0.000784605 -0.00140021 -0.00199718 -0.00915949 0.0208359 0.00112253 0.00855783 0.0196673 -0.00240869 -0.00225414 0.0314885 -0.0151774 -0.00684346 -0.00522004
internal_weight=691.537 680.998 670.177 203.672 27.619 466.505 215.028 106.959 108.068 37.3812 69.578 9.43536 100.085 251.478
internal_count=2920 2891 2800 1024 96 1776 771 445 326 167 278 46 301 1005
is_linear=0
shrinkage=0.04


Tree=124
num_leaves=15
num_cat=0
split_feature=21 27 58 16 16 22 65 6 66 17 21 29 40 63
split_gain=9.5723 8.78221 8.46566 7.79059 8.75519 11.7685 11.5307 11.1421 10.4754 11.0923 10.1723 9.09234 8.66822 17.4136
threshold=0.19720000028610232 1.0000000180025095e-35 1.0000000180025095e-35 0.96325001120567333 0.77414998412132274 0.0014499999815598132 0.0013499999768100681 0.021049999631941322 1.0000000180025095e-35 0.0039500000420957812 0.0093499999493360537 0.0014499999815598132 0.0013499999768100681 0.0010500000207684936
decision_type=2 2 2 2 2 2 2 2 2 2 2 2 2 2
left_child=1 2 3 4 5 8 11 -8 12 -10 -6 -7 13 -1
right_child=-2 -3 -4 -5 10 6 7 -9 9 -11 -12 -13 -14 -15
leaf_value=-0.00084148820634870141 0.037020991929900979 -0.046204014176898824 0.034421651365608381 -0.044628840031798296 -0.031721423300272146 -0.042251484602490327 0.057011613776015116 -0.043472047422125459 -0.0030084331341813297 0.05781575430966765 0.05133128107779282 -0.011678886710769616 -0.013059951274832324 0.026981984292716581
leaf_weight=416.79612861201167 10.460310243070124 6.8164788819849482 10.586086878553031 6.5256346277892581 2.960062973201274 21.193201821297407 6.178633524104951 2.3281316012144089 8.7389290258288401 10.199996886774896 9.7969028092920762 60.752126036211848 75.629393713548779 39.272047145292163
leaf_count=1580 29 208 90 10 7 83 33 3 30 29 33 236 421 128
internal_value=-0.000755549 -0.00134984 -0.000881377 -0.00145848 -0.00101475 -0.00167586 -0.0150406 0.0288609 0.000514604 0.0296714 0.0316522 -0.0196764 -0.000521814 0.00155101
internal_weight=688.234 677.774 670.957 660.371 653.846 641.089 90.4521 8.50677 550.636 18.9389 12.757 81.9453 531.698 456.068
internal_count=2920 2891 2683 2593 2583 2543 355 36 2188 59 40 319 2129 1708
is_linear=0
shrinkage=0.04


Tree=125
num_leaves=15
num_cat=0
split_feature=10 11 20 40 24 11 13 24 19 26 45 57 35 20
split_gain=9.85742 12.9775 15.9794 13.2397 13.1367 13.2007 11.7831 13.1321 11.7885 13.0239 14.2952 11.5257 10.4024 10.6282
threshold=0.0071499999612569818 0.30972345173358923 0.02641791291534901 0.0012500000302679839 0.13840000331401828 0.10352134332060815 0.27369999885559088 0.13279999792575839 0.0015499999863095584 0.0012500000302679839 0.0056499999482184657 0.0015499999863095584 0.0059500001370906839 0.063865352421998992
decision_type=2 2 2 2 2 2 2 2 2 2 2 2 2 2
left_child=11 3 -3 4 5 -2 7 -4 9 10 -8 12 13 -1
right_child=1 2 6 -5 -6 -7 8 -9 -10 -11 -12 -13 -14 -15
leaf_value=-0.0053850018566016303 -0.0049684914189229556 -0.013836434236024792 0.010656095658863607 -0.016477980262104067 -0.048380252488324706 0.037845788709719344 -0.017421620943876344 0.051147986679135553 -0.030982740133010736 0.044943452743290681 0.034198202101396812 0.023860683249371045 -0.031313607405714518 0.024678265346837307
leaf_weight=307.39225156325847 14.170218952000139 77.055337875615805 56.656723193824291 14.038762504234908 3.5309079885482779 57.611559914425015 31.6680465079844 16.655475549399853 17.764564217999578 11.085399396717547 11.6431682780385 22.837099158205092 23.062540637329221 19.907405024394393
leaf_count=1321 56 360 280 47 2 194 126 73 75 115 50 70 102 73
internal_value=0.000799951 0.00605236 0.000860719 0.0189219 0.0255869 0.0293432 0.00867724 0.0199669 -0.00274889 0.0064381 -0.00340593 -0.00357918 -0.00538546 -0.00353726
internal_weight=685.079 311.88 222.529 89.3514 75.3127 71.7818 145.473 73.3122 72.1612 54.3966 43.3112 373.199 350.362 327.3
internal_count=2944 1378 1079 299 252 250 719 353 366 291 176 1566 1496 1394
is_linear=0
shrinkage=0.04


Tree=126
num_leaves=15
num_cat=0
split_feature=56 11 72 34 5 47 77 7 74 31 18 31 76 2
split_gain=9.68541 12.726 16.8596 12.0566 10.329 10.3006 12.2493 15.1519 14.878 19.2329 15.5043 12.8215 11.7823 11.3478
threshold=0.0012500000302679839 0.17850259691476825 1.0000000180025095e-35 0.0020500000100582842 0.047049999237060554 0.033499998971819885 0.0018500000005587938 0.002650000038556755 0.0015499999863095584 0.0049499999731779107 0.0041499999351799497 0.0037500000325962905 0.0028499999316409235 0.0092500001192092913
decision_type=2 2 2 2 2 2 2 2 2 2 2 2 2 2
left_child=4 -2 3 -3 5 6 7 13 11 -10 -11 12 -9 -1
right_child=1 2 -4 -5 -6 -7 -8 8 9 10 -12 -13 -14 -15
leaf_value=-0.0059520952425827648 0.054087798695867127 -0.032702931757525443 -0.0294497506836956 0.01925042473452386 0.034746388440605118 0.029869254700552059 -0.018222311850224118 0.032992375774989535 -0.02191398741386098 0.074195883655804679 -0.033912511574094036 -0.02688516399750716 -0.11405556263529913 0.031111446572091386
leaf_weight=350.42636946123093 10.147898966446517 7.7320409631356588 16.621523872483522 77.236117580905557 12.308107513934372 15.512886730954049 73.665673983283341 56.994274919852614 30.69758140668273 6.966416120529173 2.9059459194540977 6.7622351869940749 0.77812926471233268 13.608029776252804
leaf_count=1475 39 80 105 379 92 67 281 170 109 25 15 30 2 75
internal_value=0.000771273 0.0115387 0.00720012 0.0144428 -0.00133181 -0.0021404 -0.00306791 -0.000676414 0.0126847 -0.00620945 0.0419519 0.0246157 0.030749 -0.00454747
internal_weight=682.363 111.738 101.59 84.9682 570.626 558.318 542.805 469.139 105.105 40.5699 9.87236 64.5346 57.7724 364.034
internal_count=2944 603 564 459 2341 2249 2182 1901 351 149 40 202 172 1550
is_linear=0
shrinkage=0.04


Tree=127
num_leaves=15
num_cat=0
split_feature=56 11 72 34 65 22 15 47 43 40 38 31 73 16
split_gain=8.96564 12.3601 13.0879 13.4513 11.74 11.9991 11.6391 15.4836 15.7877 13.2538 16.1516 12.9206 13.2187 11.071
threshold=0.0013499999768100681 0.2952649593353272 1.0000000180025095e-35 0.002650000038556755 0.0030500000575557355 0.0011500000255182388 0.0086500002071261423 0.033749999478459365 0.0022500000195577745 0.0012500000302679839 0.00055000002612359833 0.028549999929964546 0.0028499999316409235 0.0066499998793005952
decision_type=2 2 2 2 2 2 2 2 2 2 2 2 2 2
left_child=4 -2 3 -3 5 6 7 8 9 10 -1 12 -10 -8
right_child=1 2 -4 -5 -6 -7 13 -9 11 -11 -12 -13 -14 -15
leaf_value=-0.001059757932617288 0.041210617203915299 -0.045741794182069445 -0.027995948807120943 0.017359356167682659 0.047465474089022214 -0.018074011263784457 -0.028060651741295066 0.049662511727951851 0.044654872928295501 -0.022756507499770619 0.02960777738920373 -0.029961821693826201 -0.061678625766291781 0.0042158240350396239
leaf_weight=315.16720823105425 18.334101856686175 5.7531031416729084 15.560698281042276 67.122466100379825 7.7059781346470109 64.960417247377336 41.593373510986567 10.828240178525446 27.611956110224131 39.756961042992771 29.984939705580473 5.2174918390810481 1.8897462524473656 28.348002752289176
leaf_count=1109 87 58 94 339 44 300 186 34 124 227 142 41 11 148
internal_value=0.000742482 0.0113825 0.00511396 0.0122672 -0.00123457 -0.00191372 0.000179373 0.00264724 0.00141297 -0.000910015 0.00160069 0.0272099 0.0375231 -0.0149342
internal_weight=679.835 106.77 88.4363 72.8756 573.064 565.358 500.398 430.457 419.628 384.909 345.152 34.7192 29.5017 69.9414
internal_count=2944 578 491 397 2366 2322 2022 1688 1654 1478 1251 176 135 334
is_linear=0
shrinkage=0.04


Tree=128
num_leaves=15
num_cat=0
split_feature=7 10 48 52 10 76 17 7 75 37 39 21 48 9
split_gain=9.05084 8.81315 12.9777 12.1478 12.6518 13.003 16.3828 11.8686 11.2167 16.136 15.2089 13.2717 12.6915 10.6127
threshold=0.081350002437829985 0.0071499999612569818 0.020450000651180748 0.027850000187754635 0.085900001227855696 1.0000000180025095e-35 0.0021499999566003685 0.0018500000005587938 1.0000000180025095e-35 0.14739999920129779 0.0019500000635161998 0.12774999439716342 0.0038499999791383748 0.0054500000551342973
decision_type=2 2 2 2 2 2 2 2 2 2 2 2 2 2
left_child=1 8 3 4 5 7 -7 -3 10 -10 11 -1 13 -12
right_child=-2 2 -4 -5 -6 6 -8 -9 9 -11 12 -13 -14 -15
leaf_value=-0.0046842207695024889 0.038653139250248915 0.002411224071403944 -0.0077712365432836238 0.043708057346991173 0.042425123129008695 0.059913548965302987 -0.022491333983324504 0.02713912222374992 -0.029440880425857578 0.055858945803849716 -0.052352923483230153 0.056258305062177778 -0.030146385203146761 0.062771056683137635
leaf_weight=294.52810882404447 9.8147342046722752 93.414642025716603 87.352750384248793 16.23010347224772 15.437117062509058 4.1649043262004843 39.080782192759216 46.753681933507323 42.736473208293319 3.7476973310112944 1.3077291958034063 5.7231642305850974 3.7210257453843942 12.894085356965659
leaf_count=1164 97 375 468 50 73 20 125 185 295 15 10 10 21 36
internal_value=0.000714819 0.000144939 0.00519828 0.0104854 0.00773313 0.00476994 -0.0143429 0.0107013 -0.00403542 -0.0223727 -0.00133765 -0.00349092 0.0343322 0.0515986
internal_weight=676.907 667.092 302.434 215.081 198.851 183.414 43.2457 140.168 364.658 46.4842 318.174 300.251 17.9228 14.2018
internal_count=2944 2847 1296 828 778 705 145 560 1551 310 1241 1174 67 46
is_linear=0
shrinkage=0.04


Tree=129
num_leaves=15
num_cat=0
split_feature=7 27 42 76 16 43 67 31 6 7 25 19 1 28
split_gain=8.54241 7.5159 7.64675 14.3815 10.6855 10.025 13.036 12.7689 10.9625 13.0761 16.6719 12.3257 12.7193 11.8278
threshold=0.081350002437829985 1.0000000180025095e-35 0.78155314922332775 0.00335000001359731 0.1134999990463257 0.0022500000195577745 0.0075499999802559623 0.0079499999992549437 0.0013499999768100681 0.002650000038556755 0.0016499999910593035 0.011599999852478506 0.28174999356269842 0.0011500000255182388
decision_type=2 2 2 2 2 2 2 2 2 2 2 2 2 2
left_child=1 2 -1 5 -5 6 8 -7 9 -4 -11 12 13 -10
right_child=-2 -3 3 4 -6 7 -8 -9 11 10 -12 -13 -14 -15
leaf_value=0.008982642573392827 0.037956263127700528 -0.043738974488934525 -0.0031905755544415766 -0.04349213135344325 0.06012055560548385 0.026590945668918266 -0.047779996239397299 -0.0059592487913250891 0.073794542479524688 0.03914721496405215 0.002057216117419236 0.13710264939385053 0.027563793138985097 -0.026784642448775254
leaf_weight=136.67888999916613 9.6013322127982956 6.085159300826489 254.24360656365752 18.527784124016765 1.6239205300807942 45.372861031442881 9.9447527527809125 33.135285122320056 1.8150902427732933 29.526213277131319 56.885630765929818 0.73028558492660423 8.649934094399212 61.683957505971193
leaf_count=638 97 217 873 51 5 198 60 232 14 98 186 3 36 236
internal_value=0.000690734 0.000140971 0.000558914 -0.00163978 -0.0346894 -0.000298431 -0.0027408 0.0128118 -0.00163673 0.00136612 0.0148074 -0.0157102 -0.0175 -0.0237352
internal_weight=674.505 664.903 658.818 522.139 20.1517 501.988 423.479 78.5081 413.535 340.655 86.4118 72.8793 72.149 63.499
internal_count=2944 2847 2630 1992 56 1936 1506 430 1446 1157 284 289 286 250
is_linear=0
shrinkage=0.04


Tree=130
num_leaves=15
num_cat=0
split_feature=19 1 49 34 54 37 48 17 45 31 19 18 16 16
split_gain=9.95189 19.3924 12.9758 14.4242 10.3563 15.0191 14.2007 14.1857 10.8935 10.8613 10.1417 9.95349 13.2306 12.3526
threshold=0.0012500000302679839 0.24144999682903293 0.088749997317790999 0.0018500000005587938 0.0011500000255182388 0.0023500000825151805 0.12440000101923944 0.0076500000432133683 0.0015499999863095584 0.025399999693036083 0.0011500000255182388 0.0031500000040978198 0.0013499999768100681 0.0014499999815598132
decision_type=2 2 2 2 2 2 2 2 2 2 2 2 2 2
left_child=1 10 3 -2 5 7 -6 8 -5 -7 11 12 -1 -14
right_child=2 -3 -4 4 6 9 -8 -9 -10 -11 -12 -13 13 -15
leaf_value=0.0046798606811727494 -0.050478268387969968 0.028478211117872649 -0.040071766694561452 -0.03207386777304691 -0.036401399767155083 -0.019325845041799034 0.054558543040373539 0.072783873787567635 0.05103673756352313 0.038679053599731283 0.061267275775998095 0.014553546162674721 -0.046527284853923011 -0.0064368398911548207
leaf_weight=242.37662567384541 9.1297008106484991 43.803726213052869 19.437288207933307 5.493280481547119 16.649067606776956 22.035622868686918 3.1629982367157927 9.9889615606516582 4.4788531810045242 6.6154181882739058 4.3052380718290797 68.410430399700999 13.017440516501663 209.7123904004693
leaf_count=1101 84 284 48 25 111 79 11 44 11 20 17 302 22 781
internal_value=0.000930106 0.00291405 -0.0109165 -0.00351563 0.00275664 0.0127394 -0.0214777 0.0393102 0.00499314 -0.00570566 0.00081959 0.000312919 -0.00177575 -0.0088177
internal_weight=678.617 581.626 96.9912 77.5539 68.4242 48.6121 19.8121 19.9611 9.97213 28.651 537.822 533.517 465.106 222.73
internal_count=2940 2507 433 385 301 179 122 80 36 99 2223 2206 1904 803
is_linear=0
shrinkage=0.04


Tree=131
num_leaves=15
num_cat=0
split_feature=29 17 24 50 7 25 50 51 14 48 25 17 11 51
split_gain=10.4484 12.9174 15.6234 14.4554 12.2511 21.2559 15.7098 15.219 12.2319 13.0801 11.34 10.5912 9.5867 8.43859
threshold=1.0000000180025095e-35 0.0019500000635161998 0.010850000195205213 1.0000000180025095e-35 0.00045000000682193791 0.003249999950639904 0.019450000487267975 0.0011500000255182388 0.10449999943375589 0.0019500000635161998 0.0029499999945983295 0.0084500000812113302 0.060978528112173087 0.0011500000255182388
decision_type=2 2 2 2 2 2 2 2 2 2 2 2 2 2
left_child=1 2 3 -1 8 7 -7 11 -3 -10 12 -6 -9 -2
right_child=13 4 -4 -5 5 6 -8 10 9 -11 -12 -13 -14 -15
leaf_value=-0.013889107738074507 0.00034712384694480819 -0.041716581291820133 0.048962139922599998 0.024003712547324554 0.0451687548484839 -0.039892154096849076 0.045810071842464856 0.05091663826307509 0.068789769825289462 -0.027050861373861427 0.057113435202133397 -0.0026967596743410487 -0.033916326121071906 0.011753272654085174
leaf_weight=47.01846182346344 298.70459518395364 35.567390682175756 11.583890646696089 24.363049522042274 20.384402355179194 30.29076730646193 3.7304690554738036 2.2757592387497487 3.5655990466475469 5.8711263220757246 3.0093788132071486 11.32129211630672 18.963264216668904 159.5630848063156
leaf_count=195 1210 309 47 87 64 75 12 6 8 34 4 95 91 703
internal_value=0.000895159 -0.00630549 0.00607761 -0.000884556 -0.0139453 -0.00535582 -0.0302709 0.00974865 -0.0309792 0.009084 -0.0139641 0.0279967 -0.024443 0.00432903
internal_weight=676.213 217.945 82.9654 71.3815 134.979 89.9753 34.0212 55.9541 45.0041 9.43673 24.2484 31.7057 21.239 458.268
internal_count=2940 1027 329 282 698 347 87 260 351 42 101 159 97 1913
is_linear=0
shrinkage=0.04


Tree=132
num_leaves=15
num_cat=0
split_feature=29 17 24 50 20 15 34 17 52 14 45 68 34 20
split_gain=9.67875 12.0763 14.2895 13.3699 9.25334 8.71288 11.7378 11.4779 14.7924 12.7523 8.1848 17.6128 10.7806 15.9595
threshold=1.0000000180025095e-35 0.0019500000635161998 0.010850000195205213 1.0000000180025095e-35 0.00049998000031337153 0.0011500000255182388 0.0047500000800937423 0.0039500000420957812 0.01925000082701445 0.12810000032186511 0.0038499999791383748 0.0045499999541789302 0.0046500000171363362 0.0079802158288657683
decision_type=2 2 2 2 2 2 2 2 2 2 2 2 2 2
left_child=1 2 3 -1 -3 6 7 8 9 -6 11 12 13 -2
right_child=10 4 -4 -5 5 -7 -8 -9 -10 -11 -12 -13 -14 -15
leaf_value=-0.013410033949158729 0.0066065008018991516 -0.046212451273235859 0.046691971545803915 0.023086186343522254 -0.032406398615484194 -0.026627994723174307 -0.021895019866665463 0.028734709330937153 0.071657716339007485 0.042873535843059134 0.014814443314347088 -0.043974122574665916 -0.001931799906148169 0.046961785919927397
leaf_weight=46.759211536496878 104.58840370178223 12.555871231481431 11.664380349218844 24.32287210226059 20.554611703380949 35.836864468175918 32.569709625095129 24.28948821220547 3.124567598104476 4.2301860302686682 92.083646575920284 13.049027919769285 230.09575854428113 18.442004233598709
leaf_count=195 445 238 47 87 58 163 100 128 5 6 409 41 950 68
internal_value=0.00086166 -0.00611154 0.00585118 -0.000850673 -0.013574 -0.0101075 -0.00305302 0.00864644 -0.00873372 -0.0192765 0.00415642 0.00146196 0.00316425 0.0127214
internal_weight=674.167 215.908 82.7465 71.0821 133.161 120.605 84.7686 52.1989 27.9094 24.7848 458.259 366.175 353.126 123.03
internal_count=2940 1027 329 282 698 460 297 197 69 64 1913 1504 1463 513
is_linear=0
shrinkage=0.04


Tree=133
num_leaves=15
num_cat=0
split_feature=29 17 24 42 36 7 25 51 11 14 60 48 25 17
split_gain=8.95879 11.248 13.0783 12.6635 12.1707 11.5427 19.3742 13.9158 12.5157 11.4599 18.958 10.5947 10.1251 9.68969
threshold=1.0000000180025095e-35 0.0019500000635161998 0.010850000195205213 0.95489367842674266 0.0014499999815598132 0.00045000000682193791 0.003249999950639904 0.0011500000255182388 0.66359540820121776 0.10449999943375589 1.0000000180025095e-35 1.0000000180025095e-35 0.0029499999945983295 0.0084500000812113302
decision_type=2 2 2 2 2 2 2 2 2 2 2 2 2 2
left_child=1 2 3 4 -1 9 7 13 -8 -3 -11 -5 -9 -7
right_child=-2 5 -4 11 -6 6 8 12 -10 10 -12 -13 -14 -15
leaf_value=0.02963450087968008 0.0039930638750138173 -0.040800741425126942 0.044554205310224852 -0.021096585892279189 -0.035182983718439705 0.043406211977267739 -0.036044257857892961 -0.023426242144861439 0.05524106710131603 0.054331178751079387 -0.061459579862636088 0.067494873773620789 0.054895293440791353 -0.0023938563658624564
leaf_weight=25.861037937924269 457.89030470885336 34.066139053553343 11.738328088074921 37.248812273144722 5.5029250662773839 20.361026780679826 30.726816304028034 20.739231406711045 2.4854305833578101 5.6935496209189278 3.5989745147526264 2.1777603551745406 2.9050170183181754 11.304022876545785
leaf_count=96 1913 309 47 154 20 64 78 97 9 27 15 12 4 95
internal_value=0.000828355 -0.00591024 0.00563322 -0.000817888 0.0180592 -0.0131631 -0.0048148 0.00963038 -0.0289475 -0.0300647 0.00888291 -0.0159436 -0.0134442 0.0269742
internal_weight=672.299 214.409 82.5289 70.7905 31.364 131.88 88.5215 55.3093 33.2122 43.3587 9.29252 39.4266 23.6442 31.665
internal_count=2940 1027 329 282 116 698 347 260 87 351 42 166 101 159
is_linear=0
shrinkage=0.04


Tree=134
num_leaves=15
num_cat=0
split_feature=19 1 76 19 57 51 7 34 40 55 20 45 8 17
split_gain=9.19003 17.3085 15.8948 12.0625 9.66951 9.63461 10.1275 11.2289 13.7252 13.8697 13.6932 13.4445 12.845 11.729
threshold=0.0012500000302679839 0.24144999682903293 0.0024500000290572648 0.024600000120699409 0.010850000195205213 0.0048500001430511483 0.0097500002011656779 0.0046500000171363362 0.0056499999482184657 0.0036499999696388845 0.0064871171489357957 0.0048500001430511483 0.034450000151991851 0.043400000780820853
decision_type=2 2 2 2 2 2 2 2 2 2 2 2 2 2
left_child=1 5 3 4 -2 6 7 10 9 11 -1 -9 -12 -11
right_child=2 -3 -4 -5 -6 -7 -8 8 -10 13 12 -13 -14 -15
leaf_value=0.0021058469358420625 -0.025119678994221292 0.027143821368468168 0.033059745523761251 0.024899091736787025 0.050700053433665425 -0.019267912723596767 0.021723194972245851 -0.014314243112381242 -0.04668749611082789 0.025008415656088856 0.036563034008593835 0.018643599395251537 -0.029635857600188893 -0.039968394151178491
leaf_weight=211.29074731934816 71.576166991144419 42.834018614143133 11.524582467507569 9.6578522399067861 2.6721341907978049 35.802153626456857 39.015002926811576 129.6165872272104 12.615211375057696 35.782566769048572 34.631284681148827 23.187730468809605 5.2778006717562667 4.9403949230909339
leaf_count=1044 314 284 62 53 4 156 175 405 58 171 114 68 16 16
internal_value=0.000796349 0.00271024 -0.0106842 -0.0167723 -0.0222727 0.000731308 0.0021855 0.000505643 -0.00640198 -0.00373252 0.00619046 -0.00927788 0.0276564 0.016949
internal_weight=670.424 574.993 95.4307 83.9062 74.2483 532.159 496.357 457.342 206.142 193.527 251.2 152.804 39.9091 40.723
internal_count=2940 2507 433 371 318 2223 2067 1892 718 660 1174 473 130 187
is_linear=0
shrinkage=0.04


Tree=135
num_leaves=15
num_cat=0
split_feature=36 68 35 39 7 49 67 21 52 17 76 1 34 20
split_gain=9.06249 10.5271 9.52053 11.0573 12.0918 12.1469 11.1077 10.7993 13.0198 18.9929 13.9144 12.4521 10.7703 22.5763
threshold=0.0016499999910593035 0.010449999943375589 0.051349999383091934 0.0011500000255182388 0.00045000000682193791 0.0012500000302679839 0.0082499999552965182 0.011450000107288362 0.0079499999992549437 0.011049999855458738 0.0034500000765547161 0.0031500000040978198 0.0041499999351799497 0.0062903387006372222
decision_type=2 2 2 2 2 2 2 2 2 2 2 2 2 2
left_child=1 2 3 6 -5 -6 7 8 12 -10 -11 -9 13 -1
right_child=-2 -3 -4 4 5 -7 -8 11 9 10 -12 -13 -14 -15
leaf_value=0.00094806034477565955 -0.010511850744006906 0.046542066185244264 -0.07680712505289565 -0.051791010871406348 0.089377312094335054 0.015435234392086952 -0.04600544916950651 -0.044676612269525455 -0.036717294889464867 0.040490416932055684 -0.048839275553743934 0.024207189290361506 -0.0072711488038035166 0.041036212185997692
leaf_weight=152.69286212418228 132.72664170525968 7.9578541610389939 2.4380740467458955 3.8819749327376476 3.7112688347697249 61.958834866993129 8.6754009611904603 4.5252183116972438 36.854399312287569 10.671052135527132 3.6403957251459351 42.873626336455345 165.46815169882029 26.305125318467617
leaf_count=803 606 36 24 42 16 328 55 19 88 57 10 113 621 96
internal_value=-0.00116304 0.0011649 0.000458975 0.000842706 0.0156823 0.0198043 -0.00143635 -0.000544388 -0.00271615 -0.0215235 0.0173089 0.0174664 7.12563e-05 0.00688128
internal_weight=664.381 531.654 523.696 521.258 69.5521 65.6701 451.706 443.031 395.632 51.1658 14.3114 47.3988 344.466 178.998
internal_count=2914 2308 2272 2248 386 344 1862 1807 1675 155 67 132 1520 899
is_linear=0
shrinkage=0.04


Tree=136
num_leaves=15
num_cat=0
split_feature=66 14 36 68 14 13 24 31 47 2 34 37 18 19
split_gain=10.7028 8.43657 7.77438 11.021 8.91432 8.74512 12.0182 25.6789 13.0357 11.1085 10.9786 10.2709 10.0387 9.27268
threshold=0.0031500000040978198 0.013249999843537809 0.0016499999910593035 0.010449999943375589 0.49985001981258398 0.013349999673664572 0.0059500001370906839 0.0018500000005587938 0.010549999773502352 0.0016499999910593035 0.00025000000459840527 0.0034500000765547161 0.0090999999083578604 0.024600000120699409
decision_type=2 2 2 2 2 2 2 2 2 2 2 2 2 2
left_child=2 -2 3 4 5 9 7 8 -7 11 -11 -1 -9 -8
right_child=1 -3 -4 -5 -6 6 13 12 -10 10 -12 -13 -14 -15
leaf_value=0.008339037118452285 -0.052906961834357329 0.048575494684212156 -0.010502566007411807 0.047560469668890833 0.04000663821196522 -0.034185812336975034 -0.0015758274527792695 0.055880585593526433 0.047635147998925494 -0.036538415950151844 0.043141486487952185 -0.026187880427280791 -0.049868179752628139 0.051954919992288393
leaf_weight=78.188337972387671 1.3742703720927227 10.570278335362671 131.51904619811103 7.7023206483572713 8.5108317742124182 54.783916579559445 310.6893014293164 8.6629862450063211 3.1779579296708098 3.0539089096710113 20.917339039966464 16.609709465876222 1.5974638015031803 5.1632551029324523
leaf_count=371 9 36 600 34 80 209 1269 38 10 79 93 60 5 21
internal_value=-0.00112143 0.0362251 -0.00181872 0.00037549 -0.000336577 -0.00103517 -0.00397572 -0.0191895 -0.0295565 0.00843563 0.0327146 0.00222615 0.0387079 -0.000671931
internal_weight=662.521 11.9445 650.576 519.057 511.355 502.844 384.075 68.2223 57.9619 118.769 23.9712 94.798 10.2605 315.853
internal_count=2914 45 2869 2269 2235 2155 1552 262 219 603 172 431 43 1290
is_linear=0
shrinkage=0.04


Tree=137
num_leaves=15
num_cat=0
split_feature=66 55 19 19 43 33 76 50 47 53 60 17 35 3
split_gain=10.0214 6.91939 7.30772 13.17 11.1602 10.856 9.24319 7.69672 10.09 13.7817 10.6307 15.8544 12.1613 13.4007
threshold=0.0031500000040978198 0.3907999992370606 0.024600000120699409 0.0015499999863095584 0.0053499999921768912 0.0031500000040978198 0.0016499999910593035 0.0037500000325962905 0.010750000365078451 0.0075000000651925811 1.0000000180025095e-35 0.036650000140070922 0.003249999950639904 0.0012500000302679839
decision_type=2 2 2 2 2 2 2 2 2 2 2 2 2 2
left_child=1 2 3 7 -5 -6 -7 -1 9 10 11 -9 13 -12
right_child=-2 -3 -4 4 5 6 -8 8 -10 -11 12 -13 -14 -15
leaf_value=-0.0032882147404380358 0.035374744528735749 -0.033657191392596167 0.030162925346669405 -0.028981512327187896 0.074276496832531069 -0.035874594175373489 0.026263436366530807 0.025517152766934018 -0.01281147044162609 -0.048529448873126893 0.039614228550020718 -0.03291338078224372 0.023346827119628686 -0.025527912389568422
leaf_weight=361.88568776473403 11.739447172731159 10.604909658432005 11.549452958628533 47.365354271605611 3.1322999298572567 7.9846371849998814 7.1345881964080036 92.416348550468683 35.323733775876462 5.9311678037047377 5.9207834289409211 7.9361376771703354 21.104047198779881 30.466186496429145
leaf_count=1487 45 63 57 174 12 59 37 403 167 26 27 78 165 114
internal_value=-0.00107925 -0.00175041 -0.00120872 -0.00179806 -0.0187404 0.00763184 -0.00630965 0.000179503 0.00650107 0.0106962 0.0129763 0.0208283 -0.000672588 -0.014739
internal_weight=660.495 648.755 638.15 626.601 65.6169 18.2515 15.1192 560.984 199.098 163.775 157.844 100.352 57.491 36.387
internal_count=2914 2869 2806 2749 282 108 96 2467 980 813 787 481 306 141
is_linear=0
shrinkage=0.04


Tree=138
num_leaves=15
num_cat=0
split_feature=66 14 36 68 35 39 13 11 11 34 10 55 7 2
split_gain=9.32475 7.99302 7.01631 9.96654 8.603 10.6796 11.5649 11.5876 13.8574 12.7149 17.2053 13.5008 11.1987 10.9559
threshold=0.0031500000040978198 0.013249999843537809 0.0016499999910593035 0.010449999943375589 0.051349999383091934 0.0011500000255182388 0.013349999673664572 0.24231437593698504 0.25442820787429815 0.0037500000325962905 0.0019500000635161998 0.0048500001430511483 0.00045000000682193791 0.0016499999910593035
decision_type=2 2 2 2 2 2 2 2 2 2 2 2 2 2
left_child=2 -2 3 4 5 6 13 9 -9 10 -8 -12 -7 -1
right_child=1 -3 -4 -5 -6 12 7 8 -10 -11 11 -13 -14 -15
leaf_value=0.0025064952854574759 -0.052642610423777353 0.046603588081074447 -0.0099680475707018233 0.045366978499220542 -0.073921539317251997 -0.051132226955807568 -0.025714712935962211 0.054272779492716125 -0.0020420629949265455 -0.030582936835999847 0.023897676889256349 -0.032687309268847914 0.018793664837205865 0.033564694450663062
leaf_weight=94.009330310858786 1.3634381592273701 10.270868197083471 130.57280949270353 7.6692968700081101 2.425548546947538 3.7629967508837572 34.649921984411776 7.1644654981791964 185.69073110073805 52.402411444112659 33.151711398735642 8.3224219344556314 64.401488937437534 22.542181620374322
leaf_count=418 9 36 600 34 23 42 188 28 756 144 104 40 338 154
internal_value=-0.00104024 0.0342824 -0.00168703 0.000401462 -0.000277608 8.19734e-05 -0.00220349 -0.00612496 5.63154e-05 -0.015424 -0.00490989 0.0123955 0.0148056 0.00857136
internal_weight=658.4 11.6343 646.765 516.193 508.523 506.098 437.933 321.382 192.855 128.526 76.1241 41.4741 68.1645 116.552
internal_count=2914 45 2869 2269 2235 2212 1832 1260 784 476 332 144 380 572
is_linear=0
shrinkage=0.04


Tree=139
num_leaves=15
num_cat=0
split_feature=66 14 7 67 7 74 19 19 6 56 44 14 22 36
split_gain=8.73264 7.53361 6.7188 7.87539 7.49967 6.09045 6.11842 10.7609 10.0431 8.67426 8.46197 10.038 7.91665 7.47487
threshold=0.0031500000040978198 0.013249999843537809 0.042249999940395362 0.01625000033527613 0.030000000260770324 0.051149999722838409 0.024600000120699409 0.0015499999863095584 0.034849999472498901 0.0045499999541789302 0.0073500000871717939 0.002650000038556755 0.076650001108646407 0.0016499999910593035
decision_type=2 2 2 2 2 2 2 2 2 2 2 2 2 2
left_child=2 -2 3 4 5 6 7 9 12 13 11 -11 -9 -1
right_child=1 -3 -4 -5 -6 -7 -8 8 -10 10 -12 -13 -14 -15
leaf_value=0.00057851288942105297 -0.051858731159258077 0.045514442763532455 0.027107028617517171 -0.053374565164347569 -0.038380415992510457 0.040206147762188317 0.026538380850225127 -0.026036457811544973 0.020391235208756783 0.20471578070666588 0.040766385454613106 -0.026141859548907607 0.081414312806844663 -0.013100623908365588
leaf_weight=439.86870063189417 1.3308583050966252 10.101829489693044 12.643828992731867 4.6827800031751385 8.7554293479770404 5.5020016878843299 11.940376400947569 55.388595910742879 9.4010445792227966 0.21523243188858288 15.067062206566332 5.9318535840138793 1.007128782570361 74.598205487243831
leaf_count=1805 9 36 140 39 29 24 63 229 70 1 59 51 3 356
internal_value=-0.00100311 0.0334812 -0.00162564 -0.00221066 -0.00181414 -0.00128428 -0.00166944 -0.00224038 -0.0174948 -0.000356321 0.0246388 -0.0142708 -0.0239061 -0.00139936
internal_weight=656.435 11.4327 645.002 632.358 627.676 618.92 613.418 601.478 65.7968 535.681 21.2141 6.14709 56.3957 514.467
internal_count=2914 45 2869 2729 2690 2661 2637 2574 302 2272 111 52 232 2161
is_linear=0
shrinkage=0.04


Tree=140
num_leaves=15
num_cat=0
split_feature=33 65 12 60 60 64 40 78 53 74 21 18 25 13
split_gain=12.132 10.485 8.13595 7.85999 9.30158 7.48867 12.1864 10.3292 10.414 10.006 9.1427 12.5394 10.7686 10.16
threshold=0.031749999150633819 0.0030500000575557355 0.18119999766349795 0.0060499999672174462 0.0056499999482184657 1.0000000180025095e-35 0.0059500001370906839 0.0043500000610947618 0.002549999975599349 0.0013499999768100681 0.033099999651312835 0.0036499999696388845 0.073049999773502364 0.26889999210834509
decision_type=2 2 2 2 2 2 2 2 2 2 2 2 2 2
left_child=1 3 -2 4 5 6 7 8 10 -9 13 12 -12 -1
right_child=2 -3 -4 -5 -6 -7 -8 9 -10 -11 11 -13 -14 -15
leaf_value=0.004942765720110846 -0.029749956619878032 0.046841288090313377 0.04753174467248196 0.044335130113669435 -0.070856597676661942 0.013709694331248521 -0.031820925786709461 0.013653600803149814 -0.027490495380508861 0.10210809818119822 -0.03661082818811872 0.035706715826064904 0.09667195765316311 -0.012447303127557752
leaf_weight=408.22750290948898 28.151437369175259 8.1516609732061607 2.235513847321271 6.6637780964374533 2.7701337933540335 69.038359854370356 18.798875970765948 6.8212845716625434 20.910553630441427 2.9345378167927265 24.705100744962699 5.2481467798352233 0.90007483959197898 61.713565954938531
leaf_count=1715 182 67 13 100 12 256 104 56 67 12 88 17 2 248
internal_value=0.000843858 0.00202931 -0.023796 0.00143459 0.000961545 0.00130063 -0.000251209 0.000863729 8.96372e-05 0.0414325 0.00125448 -0.0197876 -0.0314122 0.0026484
internal_weight=667.271 636.884 30.387 628.732 622.068 619.298 550.26 531.461 521.705 9.75582 500.794 30.8533 25.6052 469.941
internal_count=2939 2744 195 2677 2577 2565 2309 2205 2137 68 2070 107 90 1963
is_linear=0
shrinkage=0.04


Tree=141
num_leaves=15
num_cat=0
split_feature=33 65 43 55 77 25 10 4 34 60 60 53 47 14
split_gain=11.3408 10.0573 7.64111 11.877 12.5751 10.9271 9.08306 12.8569 15.2312 7.46442 8.38484 7.69919 10.3202 9.17428
threshold=0.031749999150633819 0.0030500000575557355 0.0054500000551342973 0.36855000257492071 0.012399999890476467 0.042750000953674323 0.097650002688169493 0.003249999950639904 0.0016499999910593035 0.0060499999672174462 0.0056499999482184657 0.0010500000207684936 0.026349999941885475 0.41490000486373907
decision_type=2 2 2 2 2 2 2 2 2 2 2 2 2 2
left_child=1 2 9 4 5 6 7 8 -4 10 11 -1 13 -13
right_child=-2 -3 3 -5 -6 -7 -8 -9 -10 -11 -12 12 -14 -15
leaf_value=0.0011781473111676071 -0.023206779150319674 0.046624244338655439 -0.044621146875491353 -0.047394146581150209 -0.16849868916580263 0.057472022601544465 0.052767188796542124 -0.013806567021121959 0.050073614750953725 0.044016515520458287 -0.069425242525330222 -0.027844416751552654 0.038909679445385009 0.042732067955153621
leaf_weight=509.16555881872773 29.908671595156193 7.8682142356410614 3.2526705972850349 4.4818263091146937 0.46179879456758399 10.756288446485994 7.5759713500738135 23.649005725048482 13.786321792751549 5.9676231117919079 2.7173109091818324 38.171253405511379 4.7785819191485635 3.0623799059540024
leaf_count=2092 195 67 17 28 5 50 26 157 51 95 12 117 16 11
internal_value=0.000812528 0.00195237 0.00137882 0.01447 0.0192702 0.0210895 0.0127964 0.0051448 0.0316085 -0.00010144 -0.000588328 -0.000231761 -0.0158891 -0.0224153
internal_weight=665.603 635.695 627.827 63.9639 59.4821 59.0203 48.264 40.688 17.039 563.863 557.895 555.178 46.0122 41.2336
internal_count=2939 2744 2677 334 306 301 251 225 68 2343 2248 2236 144 128
is_linear=0
shrinkage=0.04


Tree=142
num_leaves=15
num_cat=0
split_feature=33 65 12 12 53 75 75 34 35 37 55 8 16 1
split_gain=10.5517 9.64613 7.68651 7.62428 10.4526 11.3827 9.54506 13.028 20.4469 15.9677 12.4675 11.2423 10.4197 9.34832
threshold=0.031749999150633819 0.0030500000575557355 0.18119999766349795 1.0000000180025095e-35 0.0010500000207684936 1.0000000180025095e-35 0.0013499999768100681 0.0041499999351799497 0.003249999950639904 0.0014499999815598132 0.0113500002771616 0.0023500000825151805 0.93729999661445629 0.026050000451505188
decision_type=2 2 2 2 2 2 2 2 2 2 2 2 2 2
left_child=1 3 -2 -1 6 -6 7 9 11 10 -5 13 -10 -9
right_child=2 -3 -4 4 5 -7 -8 8 12 -11 -12 -13 -14 -15
leaf_value=-0.0013759256597838205 -0.028405288237010141 0.046407758685283768 0.047269128907542632 0.067777749423736822 -0.018356036021139395 0.033668600981322454 -0.0075080316356431337 -0.042785437845225129 0.041476149055223538 -0.0041784409431522371 -0.060041132008759733 0.013349211775693098 -0.045196588491649224 0.018902825893225238
leaf_weight=455.13917864020914 27.416968363337222 7.5947121921926728 2.2028100490570059 20.244164222851403 35.177262675017118 8.1809787824749929 25.491914508864284 16.307112742215399 28.9637396754697 8.4439436644315702 1.1906825751066197 20.271696651354432 2.2781997621059409 5.0026392210274926
leaf_count=2031 182 67 13 51 121 29 93 35 170 34 3 74 3 33
internal_value=0.000781807 0.00187882 -0.0225027 0.00132549 0.00851244 -0.00839292 0.0142635 0.0197084 0.010482 0.0419526 0.060246 -0.00781127 0.0349042 -0.0280961
internal_weight=663.906 634.286 29.6198 626.692 171.552 43.3582 128.194 102.702 72.8234 29.8788 21.4348 41.5814 31.2419 21.3098
internal_count=2939 2744 195 2677 646 150 496 403 315 88 54 142 173 68
is_linear=0
shrinkage=0.04


Tree=143
num_leaves=15
num_cat=0
split_feature=33 65 12 12 53 76 1 34 1 18 17 15 16 15
split_gain=9.85903 9.25049 7.24452 7.07745 9.71141 9.1886 9.1477 14.4231 13.2019 12.493 8.85857 9.87741 10.6673 10.2618
threshold=0.031749999150633819 0.0030500000575557355 0.18119999766349795 1.0000000180025095e-35 0.0010500000207684936 0.011049999855458738 0.0014499999815598132 0.0011500000255182388 0.042750000953674323 0.0023500000825151805 0.041850000619888313 0.11199999973177911 0.0075499999802559623 0.025349999777972702
decision_type=2 2 2 2 2 2 2 2 2 2 2 2 2 2
left_child=1 3 -2 5 6 10 -5 -8 9 -9 11 13 -13 -1
right_child=2 -3 -4 4 -6 -7 7 8 -10 -11 -12 12 -14 -15
leaf_value=0.0014862625595183311 -0.027670744128962216 0.046191194126267626 0.046764475757239972 -0.0431104340159442 -0.0080854402043782844 -0.037609721259265379 0.048710439000497187 -0.0087003133197360964 0.03041351400042169 0.032050340503115018 -0.032227998389183499 -0.021499132886130309 0.088427175568493957 -0.023697055736615128
leaf_weight=397.09089719969779 27.02960809040815 7.3309043878689399 2.139872394502162 4.2337760226801029 43.183859361335635 10.799514090642331 18.153321985155344 55.265406047925353 34.199071701616049 15.279970644973217 13.486707310192285 2.0277223810553542 3.9949704855680466 27.592140346765518
leaf_count=1713 182 67 13 13 150 27 45 170 214 54 138 18 20 115
internal_value=0.000753401 0.00180901 -0.0219324 0.00127499 0.00823118 -0.00132134 0.013807 0.0158338 0.0100567 0.00010244 -0.000421799 0.000572115 0.0510172 -0.000145703
internal_weight=661.808 632.638 29.1695 625.307 170.315 454.992 127.132 122.898 104.744 70.5454 444.192 430.706 6.02269 424.683
internal_count=2939 2744 195 2677 646 2031 496 483 438 224 2004 1866 38 1828
is_linear=0
shrinkage=0.04


Tree=144
num_leaves=15
num_cat=0
split_feature=33 65 60 60 12 49 49 51 15 17 51 55 43 19
split_gain=9.20778 8.87077 7.10632 8.16916 6.82787 6.79913 10.6379 7.35125 10.2607 9.92684 7.30282 6.87702 9.29657 9.27139
threshold=0.031749999150633819 0.0030500000575557355 0.0060499999672174462 0.0056499999482184657 0.18119999766349795 0.71544998884201061 0.21275000274181369 0.0047500000800937423 0.14389999955892566 0.0048500001430511483 0.032949998974800117 0.3486000001430512 0.0055499998852610597 0.0015499999863095584
decision_type=2 2 2 2 2 2 2 2 2 2 2 2 2 2
left_child=1 2 3 5 -2 6 7 11 10 -10 -9 12 13 -1
right_child=4 -3 -4 -5 -6 -7 -8 8 9 -11 -12 -13 -14 -15
leaf_value=0.0022825854426549593 -0.026945978632808273 0.045973934679071383 0.043687322134695707 -0.068097429950623123 0.046272352549920001 -0.034370849849995722 0.029664739242962236 -0.033734000007975586 0.1940523198739991 0.0048948130204320411 0.041882484585456785 -0.043904483839608634 0.019490038805742724 -0.01578741533093897
leaf_weight=458.7811486213468 26.656721357721839 7.076537416316568 6.1464574346318832 2.6403707079589358 2.0784336552023879 8.4156987480819208 20.78193674236536 22.863380610011525 0.55017477273940985 1.563969134353101 2.1129770074039689 5.1577234640717498 44.766835782676935 50.307910515926778
leaf_count=1854 182 67 100 12 13 23 92 114 2 13 7 35 230 195
internal_value=0.000724829 0.00174027 0.00122501 0.000789182 -0.0213692 0.0011023 0.00160638 0.000599782 -0.0196999 0.0624678 -0.0270359 0.00159403 0.0020328 0.000486312
internal_weight=659.9 631.165 624.089 617.942 28.7352 615.302 606.886 586.104 27.0905 2.11414 24.9764 559.014 553.856 509.089
internal_count=2939 2744 2677 2577 195 2565 2542 2450 136 15 121 2314 2279 2049
is_linear=0
shrinkage=0.04


Tree=145
num_leaves=15
num_cat=0
split_feature=6 60 5 10 40 2 37 39 53 5 14 76 73 10
split_gain=6.00767 9.81974 9.71405 14.9399 9.68551 10.3257 10.4501 10.6577 9.97698 11.6762 9.97776 11.789 10.7242 10.6561
threshold=0.0010500000207684936 0.0034500000765547161 0.012950000353157522 0.11354999989271165 0.0012500000302679839 1.0000000180025095e-35 0.24760000407695773 0.0021499999566003685 0.0050500000361353168 0.0063499999232590207 0.014949999749660494 0.0034500000765547161 0.0069500000681728133 0.0084500000812113302
decision_type=2 2 2 2 2 2 2 2 2 2 2 2 2 2
left_child=4 2 -2 -4 8 6 7 -6 9 10 -1 12 13 -12
right_child=1 -3 3 -5 5 -7 -8 -9 -10 -11 11 -13 -14 -15
leaf_value=-0.0083254614038781958 -0.0012632377832314016 0.04725950072647641 -0.03475211049892913 0.0030612027653497431 -0.020346781371347357 -0.029053023056294612 0.11668600909218908 0.057047045129309436 -0.062045160801036302 0.022765664353353695 0.0064776566547824158 -0.033344699380456956 -0.074263645685713808 0.030995975988534884
leaf_weight=89.691891442984343 191.74834848521277 5.5683911042287937 39.575721549801528 28.55127046443522 10.127394068054853 28.206130995415151 1.2781183123588551 3.8423586925491682 3.3765340596437445 55.511976672336459 150.83626921009272 10.447322687134145 2.2727724500000468 35.080626776441932
leaf_count=491 925 62 158 117 82 145 5 18 12 313 438 26 10 110
internal_value=-0.000102547 -0.0047509 -0.00589847 -0.0188651 0.00304597 -0.014712 0.0115725 0.000910134 0.00528348 0.00597413 0.00272062 0.00773013 0.0100481 0.0111397
internal_weight=656.115 265.444 259.875 68.127 390.671 43.454 15.2479 13.9698 347.217 343.841 288.329 198.637 188.19 185.917
internal_count=2912 1262 1200 275 1650 250 105 100 1400 1388 1075 584 558 548
is_linear=0
shrinkage=0.04


Tree=146
num_leaves=15
num_cat=0
split_feature=41 26 17 11 53 28 64 14 25 9 47 6 24 56
split_gain=7.27077 6.8241 11.2749 9.46438 9.14749 7.42907 7.60734 12.3334 13.9641 11.8398 10.4125 13.6952 10.5846 9.5431
threshold=0.003249999950639904 0.0014499999815598132 0.041850000619888313 0.51170113682746898 0.0060500002000480899 0.79333093762397777 0.0010500000207684936 0.019949999637901786 0.0022500000195577745 0.0093499999493360537 0.010250000283122064 0.0016499999910593035 0.023449999280273918 0.0045499999541789302
decision_type=2 2 2 2 2 2 2 2 2 2 2 2 2 2
left_child=1 2 4 -3 5 6 10 8 9 -8 13 12 -12 -1
right_child=-2 3 -4 -5 -6 -7 7 -9 -10 -11 11 -13 -14 -15
leaf_value=0.0015571822706833807 -0.042001084071617213 -0.013663930306728179 -0.025572524313879807 0.03267797977991712 -0.037467323325928906 -0.034940617525394325 -0.027382339079884514 0.035505707264426783 -0.044846868382224729 0.043018716104580718 0.020456402458024825 -0.033117138491250774 -0.028408016893096404 0.040399576702992247
leaf_weight=443.77521404717118 6.460776354186236 10.065065769478677 27.574800928123295 22.369409546256065 9.8489347808063012 8.8438435047864896 5.7934679798781934 26.354097508825362 8.5473373606801015 10.595142385922371 20.877516992390159 32.199437282979488 10.587352789938448 10.270539080724118
leaf_count=1834 56 54 198 239 36 16 17 93 32 33 72 158 33 41
internal_value=-9.93248e-05 0.000318886 -0.000618793 0.0181764 0.000549393 0.00121065 0.00178561 0.0164658 -0.00355855 0.0178738 0.000320606 -0.0148068 0.00384979 0.00245331
internal_weight=654.163 647.702 615.268 32.4345 587.693 577.844 569 51.29 24.9359 16.3886 517.71 63.6643 31.4649 454.046
internal_count=2912 2856 2563 293 2365 2329 2313 175 82 50 2138 263 105 1875
is_linear=0
shrinkage=0.04


Tree=147
num_leaves=15
num_cat=0
split_feature=41 26 17 11 31 18 75 39 51 10 60 48 31 1
split_gain=6.95307 6.34493 10.4361 8.84541 7.61751 10.6411 12.1775 10.2638 15.565 10.5494 10.664 11.5006 11.6893 9.68524
threshold=0.003249999950639904 0.0014499999815598132 0.041850000619888313 0.51170113682746898 0.0084500000812113302 0.0031500000040978198 0.0010500000207684936 0.0020500000100582842 0.0052499999292194852 0.17760000377893451 0.0010500000207684936 0.01480000000447035 0.0027499999850988392 0.046150000765919692
decision_type=2 2 2 2 2 2 2 2 2 2 2 2 2 2
left_child=1 2 4 -3 5 6 7 9 -9 10 13 12 -12 -1
right_child=-2 3 -4 -5 -6 -7 -8 8 -10 -11 11 -13 -14 -15
leaf_value=-0.0014907664719572928 -0.041793870110193428 -0.013138115970612554 -0.024653820015081648 0.03175509096114474 -0.01140188608074787 0.020954461420742039 -0.018749702555566922 0.044968194937733345 -0.034526486921614565 0.048292759708587048 -0.039871831208214685 0.013198950014808489 0.038782602202893278 0.013554767160466094
leaf_weight=251.41441612597555 6.2380897467955938 10.053420873358844 27.464289229828864 22.107062089256942 74.541236304678023 44.454085577279329 47.188028689473867 18.637859728187326 4.8533726073801509 7.3445500135421744 27.92674410156906 12.896625272929667 3.2577278129756442 93.789361998438835
leaf_count=994 56 54 198 239 388 166 257 75 15 32 100 47 11 280
internal_value=-9.75989e-05 0.0003053 -0.000597128 0.0176002 0.000526953 0.00227416 0.000484483 0.00265834 0.028298 0.00112294 0.00021055 -0.0182819 -0.0314295 0.00258815
internal_weight=652.167 645.929 613.768 32.1605 586.304 511.763 467.309 420.121 23.4912 396.629 389.285 44.0811 31.1845 345.204
internal_count=2912 2856 2563 293 2365 1977 1811 1554 90 1464 1432 158 111 1274
is_linear=0
shrinkage=0.04


Tree=148
num_leaves=15
num_cat=0
split_feature=41 32 64 42 13 1 32 50 79 38 35 7 17 28
split_gain=6.65034 6.06112 12.3602 9.21141 10.2543 10.9472 8.8221 8.40586 8.33495 7.89493 7.3479 6.85101 6.73109 6.62709
threshold=0.003249999950639904 0.0019500000635161998 0.0010500000207684936 0.98052638769149791 0.096249997615814223 0.0019500000635161998 0.0016499999910593035 0.0015499999863095584 0.0048500001430511483 0.0063499999232590207 0.0037500000325962905 0.042249999940395362 0.071249999105930342 0.012875440064817669
decision_type=2 2 2 2 2 2 2 2 2 2 2 2 2 2
left_child=1 6 3 11 -5 -6 9 -8 13 -1 -9 -3 -4 -7
right_child=-2 2 12 4 5 8 7 10 -10 -11 -12 -13 -14 -15
leaf_value=0.00026136372700561996 -0.041589311213493067 -0.031662958645706646 0.029291044210108978 -0.029470282566653232 0.17644407004102047 -0.02803667881688417 0.057084534864290999 -0.052678259625235889 0.046703004608239514 0.033673419296647501 0.030603783840994488 0.033595040427661961 -0.048674795187448917 0.05831142076308795
leaf_weight=527.46337152924389 6.0228597605600944 42.527682263404131 15.692604150623085 10.179783120751383 0.60277595743537205 7.2499463148415071 8.7832322530448419 2.664170052856206 6.968808449804782 11.470637788996099 4.2719723880290985 2.6008662739768615 1.870114542543887 1.6473292112350462
leaf_count=2314 56 141 61 40 3 45 27 12 32 137 16 19 7 2
internal_value=-9.40475e-05 0.000294218 -0.00936145 -0.0167504 0.00175741 0.0213627 0.00185811 0.0313086 0.0141522 0.00098604 -0.00111038 -0.0277476 0.020534 -0.0111344
internal_weight=650.016 643.993 89.3399 71.7772 26.6486 16.4689 554.653 15.7194 15.8661 538.934 6.93614 45.1285 17.5627 8.89728
internal_count=2912 2856 350 282 122 82 2506 55 79 2451 28 160 68 47
is_linear=0
shrinkage=0.04


Tree=149
num_leaves=15
num_cat=0
split_feature=41 26 17 53 11 31 10 43 13 16 34 29 78 45
split_gain=6.36152 5.81036 9.62461 8.5982 8.26195 8.03699 10.9624 9.41242 14.1121 13.9031 10.7563 10.9607 10.1291 12.4526
threshold=0.003249999950639904 0.0014499999815598132 0.041850000619888313 0.0060500002000480899 0.51170113682746898 0.0084500000812113302 0.15919999778270724 0.0034500000765547161 0.34829999506473547 0.0013499999768100681 0.0011500000255182388 0.010250000283122064 0.0038499999791383748 0.0015499999863095584
decision_type=2 2 2 2 2 2 2 2 2 2 2 2 2 2
left_child=1 2 3 5 -3 6 7 10 -9 -10 11 -1 13 -12
right_child=-2 4 -4 -5 -6 -7 -8 8 9 -11 12 -13 -14 -15
leaf_value=0.0059930407030209598 -0.041386970349210343 -0.012751021774432207 -0.023776305805615034 -0.036621626280104888 0.030770801332023423 -0.011302735041619187 0.050500732798828302 0.034368122776630955 0.072481191301776798 -0.025457862585639084 -0.011701488088492661 0.043682587246608666 0.051620534024449292 0.0043926940397027185
leaf_weight=114.75926785683259 5.8149024061858645 10.026156418025495 27.241637444123626 9.7083630524575693 21.780374095775187 72.324922089464962 7.5457674302160731 32.240611378103495 2.6364641226828125 14.792924150824545 173.00410944968462 13.812872149050234 5.1136456988751879 137.9066063631326
leaf_count=637 56 54 198 36 239 376 34 135 11 51 602 41 23 419
internal_value=-8.91437e-05 0.000284548 -0.000577884 0.000501567 0.0169294 0.00114254 0.0029461 0.00220195 0.0186997 -0.0100859 0.00034604 0.010104 -0.00361321 -0.00455082
internal_weight=648.709 642.894 611.087 583.846 31.8065 574.137 501.812 494.267 49.67 17.4294 444.597 128.572 316.024 310.911
internal_count=2912 2856 2563 2365 293 2329 1953 1919 197 62 1722 678 1044 1021
is_linear=0
shrinkage=0.04


end of trees

feature_importances:
Column_1=104
Column_0=73
Column_7=71
Column_17=68
Column_5=60
Column_13=54
Column_14=53
Column_21=52
Column_6=45
Column_10=45
Column_11=45
Column_12=43
Column_15=40
Column_20=40
Column_9=38
Column_18=35
Column_19=35
Column_22=35
Column_25=34
Column_27=34
Column_29=34
Column_4=32
Column_28=32
Column_16=31
Column_24=31
Column_41=30
Column_23=29
Column_34=29
Column_3=28
Column_33=27
Column_36=26
Column_35=25
Column_37=25
Column_8=24
Column_55=24
Column_60=24
Column_2=23
Column_49=23
Column_53=23
Column_31=22
Column_32=22
Column_45=21
Column_40=20
Column_26=19
Column_42=19
Column_47=19
Column_76=19
Column_48=18
Column_65=18
Column_50=17
Column_59=17
Column_74=17
Column_38=16
Column_39=16
Column_43=16
Column_51=15
Column_54=15
Column_66=15
Column_56=14
Column_64=14
Column_30=13
Column_52=13
Column_57=13
Column_62=12
Column_63=12
Column_67=12
Column_73=12
Column_77=12
Column_44=11
Column_58=11
Column_61=11
Column_68=10
Column_78=10
Column_46=9
Column_69=9
Column_70=9
Column_75=9
Column_71=7
Column_72=6
Column_79=6

parameters:
[boosting: gbdt]
[objective: binary]
[metric: auc]
[tree_learner: serial]
[device_type: cpu]
[data_sample_strategy: bagging]
[data: ]
[valid: ]
[num_iterations: 150]
[learning_rate: 0.04]
[num_leaves: 15]
[num_threads: 0]
[seed: 0]
[deterministic: 0]
[force_col_wise: 0]
[force_row_wise: 0]
[histogram_pool_size: -1]
[max_depth: -1]
[min_data_in_leaf: 3]
[min_sum_hessian_in_leaf: 0.001]
[bagging_fraction: 0.8]
[pos_bagging_fraction: 1]
[neg_bagging_fraction: 1]
[bagging_freq: 5]
[bagging_seed: 3]
[bagging_by_query: 0]
[feature_fraction: 0.8]
[feature_fraction_bynode: 1]
[feature_fraction_seed: 2]
[extra_trees: 0]
[extra_seed: 6]
[early_stopping_round: 0]
[early_stopping_min_delta: 0]
[first_metric_only: 0]
[max_delta_step: 0]
[lambda_l1: 0.1]
[lambda_l2: 0.1]
[linear_lambda: 0]
[min_gain_to_split: 0]
[drop_rate: 0.1]
[max_drop: 50]
[skip_drop: 0.5]
[xgboost_dart_mode: 0]
[uniform_drop: 0]
[drop_seed: 4]
[top_rate: 0.2]
[other_rate: 0.1]
[min_data_per_group: 100]
[max_cat_threshold: 32]
[cat_l2: 10]
[cat_smooth: 10]
[max_cat_to_onehot: 4]
[top_k: 20]
[monotone_constraints: ]
[monotone_constraints_method: basic]
[monotone_penalty: 0]
[feature_contri: ]
[forcedsplits_filename: ]
[refit_decay_rate: 0.9]
[cegb_tradeoff: 1]
[cegb_penalty_split: 0]
[cegb_penalty_feature_lazy: ]
[cegb_penalty_feature_coupled: ]
[path_smooth: 0]
[interaction_constraints: ]
[verbosity: -1]
[saved_feature_importance_type: 0]
[use_quantized_grad: 0]
[num_grad_quant_bins: 4]
[quant_train_renew_leaf: 0]
[stochastic_rounding: 1]
[linear_tree: 0]
[max_bin: 255]
[max_bin_by_feature: ]
[min_data_in_bin: 3]
[bin_construct_sample_cnt: 200000]
[data_random_seed: 1]
[is_enable_sparse: 1]
[enable_bundle: 1]
[use_missing: 1]
[zero_as_missing: 0]
[feature_pre_filter: 1]
[pre_partition: 0]
[two_round: 0]
[header: 0]
[label_column: ]
[weight_column: ]
[group_column: ]
[ignore_column: ]
[categorical_feature: ]
[forcedbins_filename: ]
[precise_float_parser: 0]
[parser_config_file: ]
[objective_seed: 5]
[num_class: 1]
[is_unbalance: 1]
[scale_pos_weight: 1]
[sigmoid: 1]
[boost_from_average: 1]
[reg_sqrt: 0]
[alpha: 0.9]
[fair_c: 1]
[poisson_max_delta_step: 0.7]
[tweedie_variance_power: 1.5]
[lambdarank_truncation_level: 30]
[lambdarank_norm: 1]
[label_gain: ]
[lambdarank_position_bias_regularization: 0]
[eval_at: ]
[multi_error_top_k: 1]
[auc_mu_weights: ]
[num_machines: 1]
[local_listen_port: 12400]
[time_out: 120]
[machine_list_filename: ]
[machines: ]
[gpu_platform_id: -1]
[gpu_device_id: -1]
[gpu_use_dp: 0]
[num_gpu: 1]

end of parameters

pandas_categorical:null
