tree
version=v4
num_class=1
num_tree_per_iteration=1
label_index=0
max_feature_idx=311
objective=binary sigmoid:1
feature_names=Column_0 Column_1 Column_2 Column_3 Column_4 Column_5 Column_6 Column_7 Column_8 Column_9 Column_10 Column_11 Column_12 Column_13 Column_14 Column_15 Column_16 Column_17 Column_18 Column_19 Column_20 Column_21 Column_22 Column_23 Column_24 Column_25 Column_26 Column_27 Column_28 Column_29 Column_30 Column_31 Column_32 Column_33 Column_34 Column_35 Column_36 Column_37 Column_38 Column_39 Column_40 Column_41 Column_42 Column_43 Column_44 Column_45 Column_46 Column_47 Column_48 Column_49 Column_50 Column_51 Column_52 Column_53 Column_54 Column_55 Column_56 Column_57 Column_58 Column_59 Column_60 Column_61 Column_62 Column_63 Column_64 Column_65 Column_66 Column_67 Column_68 Column_69 Column_70 Column_71 Column_72 Column_73 Column_74 Column_75 Column_76 Column_77 Column_78 Column_79 Column_80 Column_81 Column_82 Column_83 Column_84 Column_85 Column_86 Column_87 Column_88 Column_89 Column_90 Column_91 Column_92 Column_93 Column_94 Column_95 Column_96 Column_97 Column_98 Column_99 Column_100 Column_101 Column_102 Column_103 Column_104 Column_105 Column_106 Column_107 Column_108 Column_109 Column_110 Column_111 Column_112 Column_113 Column_114 Column_115 Column_116 Column_117 Column_118 Column_119 Column_120 Column_121 Column_122 Column_123 Column_124 Column_125 Column_126 Column_127 Column_128 Column_129 Column_130 Column_131 Column_132 Column_133 Column_134 Column_135 Column_136 Column_137 Column_138 Column_139 Column_140 Column_141 Column_142 Column_143 Column_144 Column_145 Column_146 Column_147 Column_148 Column_149 Column_150 Column_151 Column_152 Column_153 Column_154 Column_155 Column_156 Column_157 Column_158 Column_159 Column_160 Column_161 Column_162 Column_163 Column_164 Column_165 Column_166 Column_167 Column_168 Column_169 Column_170 Column_171 Column_172 Column_173 Column_174 Column_175 Column_176 Column_177 Column_178 Column_179 Column_180 Column_181 Column_182 Column_183 Column_184 Column_185 Column_186 Column_187 Column_188 Column_189 Column_190 Column_191 Column_192 Column_193 Column_194 Column_195 Column_196 Column_197 Column_198 Column_199 Column_200 Column_201 Column_202 Column_203 Column_204 Column_205 Column_206 Column_207 Column_208 Column_209 Column_210 Column_211 Column_212 Column_213 Column_214 Column_215 Column_216 Column_217 Column_218 Column_219 Column_220 Column_221 Column_222 Column_223 Column_224 Column_225 Column_226 Column_227 Column_228 Column_229 Column_230 Column_231 Column_232 Column_233 Column_234 Column_235 Column_236 Column_237 Column_238 Column_239 Column_240 Column_241 Column_242 Column_243 Column_244 Column_245 Column_246 Column_247 Column_248 Column_249 Column_250 Column_251 Column_252 Column_253 Column_254 Column_255 Column_256 Column_257 Column_258 Column_259 Column_260 Column_261 Column_262 Column_263 Column_264 Column_265 Column_266 Column_267 Column_268 Column_269 Column_270 Column_271 Column_272 Column_273 Column_274 Column_275 Column_276 Column_277 Column_278 Column_279 Column_280 Column_281 Column_282 Column_283 Column_284 Column_285 Column_286 Column_287 Column_288 Column_289 Column_290 Column_291 Column_292 Column_293 Column_294 Column_295 Column_296 Column_297 Column_298 Column_299 Column_300 Column_301 Column_302 Column_303 Column_304 Column_305 Column_306 Column_307 Column_308 Column_309 Column_310 Column_311
feature_infos=[0:0.17520000040531158] [0:0.19419999420642853] [0:0.61659997701644897] [0:0.15569999814033508] [0:0.02370000071823597] [0:0.043600000441074371] [0:0.98930001258850098] [0:0.0043000001460313797] [0:0.0063000000081956387] [0:0.0017000000225380063] [0:0.0035000001080334187] [0:0.012600000016391277] [0:0.00559999980032444] [0:0.076700001955032349] [0:0.055399999022483826] [0:0.0348999984562397] [0:0.28049999475479126] [0:0.16570000350475311] [0:0.035100001841783524] [0:0.017899999395012856] [0:0.11599999666213989] [0:0.019300000742077827] [0:0.11640000343322754] [0:0.037000000476837158] [0:0.067000001668930054] [0:0.18529999256134033] [0:0.024599999189376831] [0:0.64109998941421509] none [0:0.089299999177455902] [0:0.12259999662637711] none [0:0.93760001659393311] [0:0.25360000133514404] [0:0.010200000368058681] [0:0.055199999362230301] [0:0.59140002727508545] [0:0.026599999517202377] [0:0.0625] [0:0.59460002183914185] [0:0.0062000001780688763] none [0:0.089000001549720764] [0:0.17090000212192535] [0:0.37439998984336853] [0:0.021500000730156898] [0:0.19539999961853027] [0:0.14030000567436218] [0:0.25940001010894775] [0:0.63999998569488525] [0:0.74360001087188721] [0:0.2484000027179718] [0:0.023199999704957008] [0:0.39440000057220459] [0:0.68290001153945923] [0:0.086999997496604919] [0:0.0097000002861022949] [0:0.021299999207258224] none [0:0.048500001430511475] [0:0.0012000000569969416] [0:0.80180001258850098] [0:0.90439999103546143] [0:0.05469999834895134] [0:0.72229999303817749] none [0:0.10339999943971634] [0:0.16990000009536743] [0:0.53179997205734253] [0:0.033300001174211502] [0:0.17010000348091125] [0:0.11550000309944153] [0:0.013799999840557575] [0:0.0098000001162290573] [0:0.0052000000141561031] [0:0.15489999949932098] none [0:0.042199999094009399] [0:0.0082999998703598976] [0:0.20749999582767487] none none none [0:0.0035000001080334187] [0:0.011500000022351742] [0:0.0086000002920627594] [0:0.11069999635219574] [0:0.0062000001780688763] [0:0.10119999945163727] [0:0.0038999998942017555] [0:0.63249999284744263] [0:0.10899999737739563] [0:0.87309998273849487] [0:0.073799997568130493] [0:0.035799998790025711] [0:0.10320000350475311] [0:0.34610000252723694] [0:0.01940000057220459] [0:0.12160000205039978] [0:0.62510001659393311] none [0:0.098700001835823059] [0:0.95279997587203979] [0:0.033799998462200165] [0:0.035500001162290573] [0:0.68049997091293335] [0:0.0068000000901520252] none [0:0.29359999299049377] [0:0.030300000682473183] [0:0.0024000001139938831] [0:0.61879998445510864] [0:0.14460000395774841] [0:0.27900001406669617] [0:0.13470000028610229] [0:0.013000000268220901] [0:0.71100002527236938] none [0:0.0082000000402331352] [0:0.55000001192092896] [0:0.95779997110366821] [0:0.086400002241134644] [0:0.009100000374019146] [0:0.93699997663497925] [0:0.91960000991821289] [0:0.75760000944137573] [0:0.0086000002920627594] [0:0.4828999936580658] [0:0.021400000900030136] none [0:0.20640000700950623] [0:0.064699999988079071] none [0:0.14030000567436218] [0:0.92000001668930054] [0:0.3345000147819519] [0:0.12300000339746475] [0:0.064900003373622894] [0:0.037799999117851257] [0:0.01510000042617321] [0:0.0076999999582767487] [0:0.12839999794960022] [0:0.046799998730421066] [0:0.39629998803138733] [0:0.011599999852478504] [0:0.0063000000081956387] [0:0.1867000013589859] [0:0.50169998407363892] [0:0.0024000001139938831] [0:0.88650000095367432] none [0:0.11620000004768372] [0:0.0060000000521540642] [0:0.02070000022649765] [0:0.84859997034072876] [0:0.0094999996945261955] [0:0.08190000057220459] [0:0.26190000772476196] [0:0.99260002374649048] [0:0.0060000000521540642] [0:0.60250002145767212] [0:0.056699998676776886] [0:0.99900001287460327] [0:0.99900001287460327] [0:0.016000000759959221] [0:0.99900001287460327] [0:0.99900001287460327] [0:0.34790000319480896] [0:0.74570000171661377] [0:0.19329999387264252] [0:0.125] [0:0.061900001019239426] [0:0.63599997758865356] [0:0.52939999103546143] [0:0.52630001306533813] [0:0.67640000581741333] [0:0.088899999856948853] [0:0.50770002603530884] [0:0.99900001287460327] [0:0.15199999511241913] none [0:0.78990000486373901] [0:0.17980000376701355] [0:0.28529998660087585] [0:0.80159997940063477] [0:0.37439998984336853] [0:0.2840999960899353] [0:0.98989999294281006] [0:0.029600000008940697] [0:0.95260000228881836] [0:0.081200003623962402] [0:0.11129999905824661] [0:0.61150002479553223] [0:0.52100002765655518] [0:0.059099998325109482] [0:0.12259999662637711] [0:0.047699999064207077] [0:0.070000000298023224] [0:0.29030001163482666] [0:0.027400000020861626] [0:0.85379999876022339] [0:0.87379997968673706] [0:0.99390000104904175] [0:0.76660001277923584] [0:0.34920001029968262] [0:0.61580002307891846] [0:0.41969999670982361] [0:0.79640001058578491] [0:0.51639997959136963] [0:0.96410000324249268] [0:0.91100001335144043] [0:0.48769998550415039] [0:0.92059999704360962] [0:0.081799998879432678] [0:0.98720002174377441] [0:0.5964999794960022] [0:0.97509998083114624] [0:0.95630002021789551] [0:0.99390000104904175] [0:0.18250000476837158] [0:0.074500001966953278] [0:0.37349998950958252] [0:0.44980001449584961] [0:0.92360001802444458] [0:0.68620002269744873] [0:0.4984000027179718] [0:0.7304999828338623] [0:0.58550000190734863] [0:0.96429997682571411] [0:0.92820000648498535] [0:0.63569998741149902] [0:0.99519997835159302] [0:0.84229999780654907] [0:0.92140001058578491] [0:0.096799999475479126] [0:0.91530001163482666] [0:0.57910001277923584] [0:0.81690001487731934] [0:0.76359999179840088] [0:0.88730001449584961] [0:0.0074999998323619366] [0:0.43209999799728394] [0:0.64099997282028198] [0:0.92779999971389771] [0:0.63919997215270996] [0:0.22259999811649323] [0:0.2533000111579895] [0:0.94989997148513794] [0:0.40139999985694885] [0:0.68949997425079346] [0:0.59439998865127563] [0:0.48710000514984131] [0:0.91930001974105835] [0:0.19799999892711639] [0:0.99900001287460327] [0:0.99900001287460327] [0:0.78810000419616699] [0:0.034200001507997513] [0:0.40610000491142273] [0:0.85909998416900635] [0:0.90920001268386841] [0:0.98430001735687256] [0:0.15399999916553497] none [0:0.89899998903274536] [0:0.01360000018030405] [0:0.65880000591278076] [0:0.014899999834597111] [0:0.16079999506473541] [0:0.51429998874664307] [0:0.082000002264976501] [0:0.93349999189376831] [0:0.01080000028014183] [0:0.61299997568130493] [0:0.26050001382827759] [0:0.97990000247955322] [0:0.93229997158050537] [0:0.6370999813079834] [0:0.28009998798370361] [0:0.39660000801086426] [0:0.0060999998822808266] [0:0.0082000000402331352] [0:0.01810000091791153] [0:0.59350001811981201] [0:0.11800000071525574] [0:0.76770001649856567] [0:0.45519998669624329] [0:0.1031000018119812] [0:0.70459997653961182] [0:0.1988999992609024] [0:0.29030001163482666] [0:0.031599998474121094] [0:0.33559998869895935] [0:0.10209999978542328] [0:0.83009999990463257] [0:0.99229997396469116] [0:0.16809999942779541] [0:0.29809999465942383] [0:0.98680001497268677] [0:0.35760000348091125] [0:0.3986000120639801] [0:0.52249997854232788] [0:0.45910000801086426] none [0:0.038699999451637268] [0:0.17430000007152557] [0:0.1598999947309494] [0:0.99900001287460327] [0:0.12600000202655792] [0:0.89319998025894165] [0:0.9968000054359436] [0:0.86339998245239258]
tree_sizes=1749 1767 1764 1763 1767 1769 1763 1769 1766 1770 1775 1772 1769 1770 1771 1766 1752 1767 1778 1762 1768 1766 1759 1772 1772 1771 1770 1772 1775 1790 1775 1779 1772 1782 1782 1782 1785 1772 1773 1780 1772 1774 1775 1776 1778 1773 1769 1775 1774 1784 1786 1760 1764 1779 1776 1776 1765 1768 1768 1781 1777 1774 1774 1785 1771 1762 1777 1780 1776 1768 1778 1765 1789 1774 1781 1777 1779 1777 1775 1761 1763 1790 1786 1772 1764 1768 1770 1776 1773 1764 1761 1772 1764 1774 1772 1776 1759 1779 1775 1778 1768 1759 1768 1772 1763 1776 1794 1779 1788 1781 1769 1766 1771 1787 1761 1783 1779 1775 1772 1771 1777 1774 1773 1774 1780 1780 1767 1780 1782 1774 1787 1774 1782 1778 1776 1758 1783 1772 1767 1777 1747 1767 1772 1777 1780 1749 1769 1775 1777 1781

Tree=0
num_leaves=15
num_cat=0
split_feature=299 248 261 105 102 299 50 276 102 275 222 220 109 166
split_gain=507.661 129.82 87.9486 85.7635 83.1468 44.238 32.8706 28.4944 27.4038 23.6989 22.4446 20.133 25.6027 23.7955
threshold=1.0000000180025095e-35 0.0018500000005587938 0.016849999316036705 0.0044499998912215242 0.0059500001370906839 0.0023500000825151805 0.0013499999768100681 1.0000000180025095e-35 0.011049999855458738 0.0038499999791383748 0.0031500000040978198 0.0014499999815598132 1.0000000180025095e-35 1.0000000180025095e-35
decision_type=2 2 2 2 2 2 2 2 2 2 2 2 2 2
left_child=1 2 7 11 6 8 -4 10 -2 -6 -1 12 -3 -14
right_child=5 3 4 -5 9 -7 -8 -9 -10 -11 -12 -13 13 -15
leaf_value=-0.44931907267601023 -0.34612705864927029 -0.35547241955572928 -0.34966660995751392 -0.4606373225463361 -0.46204973329402732 -0.32177044006379546 -0.43214167789212354 -0.38948217797831008 -0.39506439714172553 -0.4109044150504822 -0.35768425445344482 -0.32545938330259394 -0.4295657409304609 -0.34280294832343172
leaf_weight=256.94226686656475 53.466497153043747 41.340418770909309 41.358915135264397 18.105346158146858 27.335240080952644 87.257824167609215 9.3727029711008054 13.985606774687765 28.440719738602638 30.452305361628532 4.230717569589614 16.72048582136631 18.869718626141552 6.7765466570854178
leaf_count=996 160 127 125 72 109 243 35 47 97 108 13 47 70 20
internal_value=-0.401327 -0.422116 -0.432779 -0.381995 -0.402318 -0.341676 -0.36498 -0.444809 -0.363022 -0.435062 -0.447797 -0.364908 -0.374938 -0.406592
internal_weight=654.655 485.49 383.678 101.813 108.519 169.165 50.7316 275.159 81.9072 57.7875 261.173 83.7072 66.9867 25.6463
internal_count=2269 1769 1433 336 377 500 160 1056 257 217 1009 264 217 90
is_linear=0
shrinkage=1


Tree=1
num_leaves=15
num_cat=0
split_feature=299 248 285 105 50 299 113 102 116 222 105 261 261 285
split_gain=459.942 119.267 87.1555 78.3869 46.9911 39.2772 38.6312 32.8466 29.7379 27.7279 24.1822 30.5193 23.2257 22.2064
threshold=1.0000000180025095e-35 0.0018500000005587938 0.0049499999731779107 0.0044499998912215242 0.0013499999768100681 0.0019500000635161998 1.0000000180025095e-35 0.0058500000741332778 0.0015499999863095584 0.0031500000040978198 1.0000000180025095e-35 0.013050000183284284 0.014849999919533731 0.068250000476837172
decision_type=2 2 2 2 2 2 2 2 2 2 2 2 2 2
left_child=1 2 9 6 7 8 -3 12 -2 10 11 -1 -4 -6
right_child=5 3 4 -5 13 -7 -8 -9 -10 -11 -12 -13 -14 -15
leaf_value=-0.024605185950764347 0.063708355093931343 0.060947257996304016 0.013330028787088071 -0.041070750880236713 -0.037720276576840892 0.088600200338489976 -0.020276819836106567 -0.0051135857985474499 0.0022570156445385959 0.063955276080409476 -0.045294787720857634 0.047287296469240493 0.062542165917958525 0.065181233537942473
leaf_weight=132.28530596196651 54.340597063302994 73.9494968354702 25.95117312669754 17.940190091729164 32.626191735267639 100.66203065216541 10.596480786800383 35.090015560388565 16.581648260354996 5.0027904808521262 99.24149689078331 10.047337904572485 38.544801265001297 3.6220050454139701
leaf_count=510 163 224 91 72 129 278 40 129 59 15 400 32 116 11
internal_value=0.0162027 -0.00370954 -0.0139876 0.0345787 0.0117146 0.0724674 0.0507079 0.0259239 0.0494207 -0.0281616 -0.0301115 -0.0194725 0.0428539 -0.027177
internal_weight=656.482 484.897 382.411 102.486 135.834 171.584 84.546 99.586 70.9222 246.577 241.574 142.333 64.496 36.2482
internal_count=2269 1769 1433 336 476 500 264 336 222 957 942 542 207 140
is_linear=0
shrinkage=0.04


Tree=2
num_leaves=15
num_cat=0
split_feature=299 248 285 158 50 299 102 113 273 105 310 158 201 222
split_gain=418.492 109.667 80.9012 72.4355 43.255 35.528 29.9557 27.6716 27.2282 26.1274 25.9103 25.2571 22.2982 24.471
threshold=1.0000000180025095e-35 0.0018500000005587938 0.0049499999731779107 0.031349999830126769 0.0013499999768100681 0.0023500000825151805 0.0058500000741332778 1.0000000180025095e-35 0.06840000301599504 1.0000000180025095e-35 0.0014499999815598132 0.010850000195205213 0.0073500000871717939 0.0014499999815598132
decision_type=2 2 2 2 2 2 2 2 2 2 2 2 2 2
left_child=1 2 9 7 6 11 -4 -3 -6 10 12 -2 13 -1
right_child=5 3 4 -5 8 -7 -8 -9 -10 -11 -12 -13 -14 -15
leaf_value=-0.02740009567757638 0.069490108203289602 0.060779322624611914 0.040847729276585198 -0.022982029019107411 -0.039657688722359696 0.086358972422221139 -0.0049151490212979519 -0.021769408656273043 0.063404771421044337 -0.04304036412014936 0.069499132993110696 0.024911937691795182 0.040394769721464767 0.061451879453736383
leaf_weight=126.0683811455965 46.468139916658401 68.876254707574844 64.956451609730721 27.083533942699432 31.423580810427666 89.902542605996132 35.051271006464958 7.0474195629358283 4.5973473340272895 99.439129263162613 5.2999660372734061 37.0371945053339 9.1031227856874448 5.0440191179513922
leaf_count=492 134 205 207 104 126 243 129 27 14 404 16 123 30 15
internal_value=0.0155255 -0.00357319 -0.013482 0.0330142 0.011227 0.0688252 0.0247797 0.0530458 -0.026254 -0.0272187 -0.0163572 0.0498196 -0.0196782 -0.0239072
internal_weight=657.398 483.99 380.983 103.007 136.029 173.408 100.008 75.9237 36.0209 244.955 145.515 83.5053 140.216 131.112
internal_count=2269 1769 1433 336 476 500 336 232 140 957 553 257 537 507
is_linear=0
shrinkage=0.04


Tree=3
num_leaves=15
num_cat=0
split_feature=299 248 285 113 50 158 299 105 127 261 158 310 285 177
split_gain=382.218 100.953 76.4315 51.3009 40.6046 32.4324 32.4045 29.2741 26.2063 25.4201 23.5038 21.7638 20.032 19.6269
threshold=1.0000000180025095e-35 0.0029499999945983295 0.0049499999731779107 1.0000000180025095e-35 0.0014499999815598132 0.53584998846054088 0.0019500000635161998 1.0000000180025095e-35 0.0018500000005587938 0.013050000183284284 0.0018500000005587938 0.0014499999815598132 0.068250000476837172 0.016599999740719799
decision_type=2 2 2 2 2 2 2 2 2 2 2 2 2 2
left_child=1 2 7 5 10 -3 8 9 -2 11 -4 -1 -6 -9
right_child=6 3 4 -5 12 -7 -8 13 -10 -11 -12 -13 -14 -15
leaf_value=-0.020518628795111855 0.062299888127437308 0.060371829115819238 0.043983123605153364 -0.034837229241652654 -0.035862835259068561 -0.062334523501241787 0.080065848643772905 -0.043429924008725154 0.011294615312742791 0.046222480214438331 0.0072409488559803141 0.075602716051125549 0.061306249153529592 0.078966443804076816
leaf_weight=137.28910285234451 47.088183224201202 60.045402228832245 48.618729025125504 12.510726585984228 32.355430945754051 3.5452580153942099 102.7297772616148 102.58044804632664 24.875812500715256 10.52130341529846 65.911160230636597 3.762506663799285 3.6726869344711295 2.028766766190528
leaf_count=530 137 177 152 50 130 15 278 422 85 33 232 11 11 6
internal_value=0.0148963 -0.00344288 -0.0113638 0.038799 0.0112316 0.0533809 0.0655805 -0.0246579 0.0447645 -0.0133714 0.0228979 -0.0178745 -0.0257045 -0.0409448
internal_weight=657.535 482.842 406.74 76.1014 150.558 63.5907 174.694 256.182 71.964 151.573 114.53 141.052 36.0281 104.609
internal_count=2269 1769 1527 242 525 192 500 1002 222 574 384 541 141 428
is_linear=0
shrinkage=0.04


Tree=4
num_leaves=15
num_cat=0
split_feature=276 248 307 149 275 105 261 113 25 250 242 216 310 248
split_gain=313.855 97.4649 68.6732 68.648 52.309 46.9855 50.9215 32.8849 30.5122 22.7549 20.2508 19.9242 16.9155 17.3163
threshold=1.0000000180025095e-35 0.0029499999945983295 0.0030000001424923543 0.035949999466538436 0.00335000001359731 0.0010500000207684936 0.011950000189244749 1.0000000180025095e-35 0.0013499999768100681 0.0011500000255182388 0.038599999621510513 0.0013499999768100681 0.0014499999815598132 0.0018500000005587938
decision_type=2 2 2 2 2 2 2 2 2 2 2 2 2 2
left_child=1 2 4 11 5 6 12 -3 -6 -5 -10 -2 13 -1
right_child=3 7 -4 9 8 -7 -8 -9 10 -11 -12 -13 -14 -15
leaf_value=-0.024513243468925198 0.041905706090145045 0.055263348689930582 0.079427294138608093 -0.045968664440227541 0.052536272501566707 -0.042357339842483202 0.038135552065224239 -0.020708425365704081 -0.011993081087538788 0.03516699521445809 0.055798605483424191 0.07206406417391556 0.066983623283888974 0.031071509333557745
leaf_weight=142.05702114105225 49.641131967306137 51.972410798072815 12.714833334088324 12.55471330881119 23.342469215393066 115.21727739274502 29.645989090204239 10.910184323787687 47.243823170661926 9.6890968978404981 8.1795821487903577 130.98525294661522 3.4622798264026633 9.4253870695829374
leaf_count=555 154 153 35 51 72 475 94 42 177 31 25 365 10 30
internal_value=0.0143082 -0.00416269 -0.0116015 0.0556609 -0.0146895 -0.0223145 -0.00976642 0.0420067 0.0142745 -0.0104489 -0.00183363 0.0638256 -0.0189761 -0.0210101
internal_weight=657.041 454.171 391.289 202.87 378.574 299.808 184.591 62.8826 78.7659 22.2438 55.4234 180.626 154.945 151.482
internal_count=2269 1668 1473 601 1438 1164 689 195 274 82 202 519 595 585
is_linear=0
shrinkage=0.04


Tree=5
num_leaves=15
num_cat=0
split_feature=299 149 261 275 276 299 116 158 285 59 250 310 301 276
split_gain=334.949 94.0901 77.263 53.1319 29.9338 26.0463 25.7595 22.0963 23.2319 21.8764 21.8212 20.8095 16.8647 15.6304
threshold=1.0000000180025095e-35 0.0012500000302679839 0.016150000505149368 0.0038499999791383748 1.0000000180025095e-35 0.0023500000825151805 0.0015499999863095584 0.0057500000111758718 0.0042499999981373557 0.0015499999863095584 0.0014499999815598132 0.0015499999863095584 0.0011500000255182388 0.0023500000825151805
decision_type=2 2 2 2 2 2 2 2 2 2 2 2 2 2
left_child=1 2 4 7 11 6 -2 8 -3 13 -8 -1 -9 -5
right_child=5 3 -4 9 -6 -7 10 12 -10 -11 -12 -13 -14 -15
leaf_value=-0.0054531087763291224 0.057328426174436453 -0.03137213008120443 0.057469917528818089 0.0099642937352583533 0.046581290933086932 0.076138973457869977 -0.034454541537011836 -0.047882921576657148 0.028920807547415044 -0.045674363781121732 0.051723050364511421 0.088749183870338547 0.024513468325883195 0.079780751305770017
leaf_weight=173.50358808040619 59.554981797933578 30.847429633140564 50.286042675375938 51.624724537134171 21.389867946505547 91.876772940158844 10.530539140105249 108.13625153899193 15.122570738196371 10.417014390230177 8.316976383328436 3.7317652702331534 5.2721858322620383 5.637323632836341
leaf_count=644 172 125 148 183 65 245 40 454 49 43 25 10 18 16
internal_value=0.0134746 -0.00374473 0.0132287 -0.0223671 0.00198471 0.0616039 0.0444445 -0.0349741 -0.0114313 0.00727025 0.00343482 -0.00339816 -0.0444635 0.0170344
internal_weight=646.248 475.969 248.911 227.058 198.625 170.279 78.4025 159.378 45.97 67.6791 18.8475 177.235 113.408 57.262
internal_count=2237 1755 867 888 719 482 237 646 174 242 65 654 472 199
is_linear=0
shrinkage=0.04


Tree=6
num_leaves=15
num_cat=0
split_feature=299 149 261 277 158 299 158 166 6 179 25 125 187 275
split_gain=308.507 87.1842 70.7351 49.717 32.475 24.3478 24.376 24.0487 21.2708 20.9029 17.7243 18.7046 16.0105 14.4412
threshold=1.0000000180025095e-35 0.0012500000302679839 0.016150000505149368 0.0011500000255182388 0.12050000205636026 0.0017499999958090486 0.010850000195205213 1.0000000180025095e-35 0.0023500000825151805 0.0031500000040978198 0.0014499999815598132 0.0050000001210719356 1.0000000180025095e-35 0.0041499999351799497
decision_type=2 2 2 2 2 2 2 2 2 2 2 2 2 2
left_child=1 2 7 9 -5 6 -2 8 12 -3 -6 -12 -1 -8
right_child=5 3 -4 4 10 -7 13 -9 -10 -11 11 -13 -14 -15
leaf_value=-0.0045383565972918821 0.061959006332431947 -0.036185159609900576 0.054894642331291196 0.03265564316027203 0.051616338064120193 0.070196624701514179 -0.020107945866358778 0.057301245820721311 -0.049538073909585693 0.084006054598278798 -0.050284832432732282 0.021924219214939998 0.024044943364945393 0.037795284898524441
leaf_weight=132.29289375245571 31.68279330432415 152.21439790725708 50.538436099886894 36.052678912878036 4.5026098489761344 111.29194428026676 12.976130381226541 11.699034065008162 13.612369105219839 2.2397049665451041 22.979815259575847 7.4871472567319861 40.948207184672356 14.375792428851126
leaf_count=490 89 627 148 119 14 301 47 35 57 6 96 26 137 45
internal_value=0.0129621 -0.00360734 0.0126921 -0.0216292 0.00601691 0.0591266 0.0381064 0.00190771 -0.00156792 -0.0343632 -0.0213476 -0.0323952 0.00220465 0.0102063
internal_weight=644.894 474.567 249.091 225.476 71.0223 170.327 59.0347 198.553 186.853 154.454 34.9696 30.467 173.241 27.3519
internal_count=2237 1755 867 888 255 482 181 719 684 633 136 122 627 92
is_linear=0
shrinkage=0.04


Tree=7
num_leaves=15
num_cat=0
split_feature=299 149 261 248 275 299 116 158 285 261 158 277 59 200
split_gain=284.776 80.7665 64.9149 58.1386 48.0747 23.2571 23.1159 20.7056 20.6681 20.6194 20.5174 19.9522 19.6973 16.8655
threshold=1.0000000180025095e-35 0.0012500000302679839 0.016150000505149368 0.0015499999863095584 0.0038499999791383748 0.0023500000825151805 0.0015499999863095584 0.0057500000111758718 0.0042499999981373557 0.0029499999945983295 0.0020500000100582842 0.0028499999316409235 0.0015499999863095584 0.0021499999566003685
decision_type=2 2 2 2 2 2 2 2 2 2 2 2 2 2
left_child=1 2 3 9 7 6 -2 8 -3 -1 -5 -8 -6 -11
right_child=5 4 -4 10 12 -7 11 -9 -10 13 -12 -13 -14 -15
leaf_value=-0.026736073307122323 0.052877942758999742 -0.02931911338409187 0.052527807253332288 0.045999344633636231 0.016409009479860279 0.070655709145623954 -0.066891538592042277 -0.042411314504877347 0.027690244040152471 0.018689158954819495 -0.016160626743233479 0.026315910819357392 -0.043602780566740724 -0.023714945016736474
leaf_weight=73.63898865878582 59.746248185634613 30.276804983615875 50.703797116875648 48.613663911819458 57.340277820825577 91.415556877851486 4.8620234727859524 110.94449929893017 15.149865582585333 43.276718690991402 10.13115134835243 14.035980850458143 10.203318342566488 22.806618750095367
leaf_count=295 172 125 148 147 199 245 20 472 49 150 37 45 43 90
internal_value=0.0124776 -0.00347556 0.0121796 0.00183016 -0.020912 0.0568567 0.0406967 -0.0330917 -0.0101995 -0.0121872 0.035202 0.00189935 0.00723328 0.00398054
internal_weight=643.146 473.086 249.171 198.467 223.915 170.06 78.6443 156.371 45.4267 139.722 58.7448 18.898 67.5436 66.0833
internal_count=2237 1755 867 719 888 482 237 646 174 535 184 65 242 240
is_linear=0
shrinkage=0.04


Tree=8
num_leaves=15
num_cat=0
split_feature=299 149 261 248 277 59 299 116 310 179 250 261 243 225
split_gain=263.457 74.8849 59.6765 53.5208 44.6284 31.7468 22.0019 21.3 19.9305 19.0255 18.7608 16.9458 14.5388 13.4823
threshold=1.0000000180025095e-35 0.0012500000302679839 0.016150000505149368 0.0015499999863095584 0.0011500000255182388 1.0000000180025095e-35 0.0023500000825151805 0.0015499999863095584 0.0015499999863095584 0.0031500000040978198 0.0014499999815598132 0.0029499999945983295 0.0014499999815598132 0.0071499999612569818
decision_type=2 2 2 2 2 2 2 2 2 2 2 2 2 2
left_child=1 2 3 8 9 13 7 -2 11 -3 -9 -1 -13 -6
right_child=6 4 -4 -5 5 -7 -8 10 -10 -11 -12 12 -14 -15
leaf_value=-0.027661640088122233 0.050769218692227149 -0.034260960373136938 0.050341526068860241 0.033706269272378679 0.012755513868628084 -0.042829444243191843 0.068265401004696344 -0.033573887970039289 0.074829204193860896 0.08014181965381402 0.046209388456249278 0.018339934239166408 -0.020092651409375269 0.071839354254282228
leaf_weight=71.973913624882698 59.742664217948914 149.22159031033516 50.791844680905342 58.891533449292183 47.44932933151722 16.28905813395977 90.846327006816864 10.469773575663568 4.0164679884910575 2.2504881322383872 8.4067923873662931 34.230126217007637 28.98447485268116 7.0808076113462439
leaf_count=292 172 627 148 184 166 69 245 40 11 6 25 119 113 20
internal_value=0.0120231 -0.00335501 0.0117031 0.00175564 -0.0202305 0.00592853 0.0547805 0.0390805 -0.011747 -0.0324831 0.00180355 -0.0144022 0.000651162 0.0206183
internal_weight=640.645 471.18 248.888 198.097 222.291 70.8192 169.466 78.6192 139.205 151.472 18.8766 135.189 63.2146 54.5301
internal_count=2237 1755 867 719 888 255 482 237 535 633 65 524 232 186
is_linear=0
shrinkage=0.04


Tree=9
num_leaves=15
num_cat=0
split_feature=276 105 212 261 149 248 201 223 252 279 261 165 252 209
split_gain=228.472 54.1295 58.6078 54.866 52.7806 52.0796 22.2473 26.9456 22.4709 20.6856 20.6112 20.8485 17.9359 15.4846
threshold=1.0000000180025095e-35 1.0000000180025095e-35 0.012349999975413086 0.014349999837577345 0.035949999466538436 0.0018500000005587938 0.0029499999945983295 1.0000000180025095e-35 0.0066499998793005952 0.036050001159310348 0.060450000688433654 0.0050000001210719356 0.0013499999768100681 0.0099499998614192026
decision_type=2 2 2 2 2 2 2 2 2 2 2 2 2 2
left_child=1 3 10 5 -2 6 7 12 -8 -6 11 -3 -1 -9
right_child=4 2 -4 -5 9 -7 8 13 -10 -11 -12 -13 -14 -15
leaf_value=0.029711703552955548 0.054657638994807675 -0.040000855177776441 0.023380085268169478 0.044333542497338022 -0.045469332194705052 0.038921257589783556 -0.015314117116126871 -0.030547650768669707 0.074345389104615175 0.028638187058097082 0.014295299850724476 0.038495307624077282 -0.050032688368410919 0.031647475806626919
leaf_weight=25.332177847623829 175.61757498979568 130.61139242351055 38.172544613480568 51.602363288402557 12.023093178868296 39.803024619817734 8.7025294601917285 103.76697029173374 8.9152218550443632 11.839350879192351 13.773380994796751 5.5195913016796103 5.3629745393991461 6.6839435845613471
leaf_count=88 504 558 130 156 50 121 34 419 27 38 48 18 23 23
internal_value=0.0115967 -0.00454967 -0.0207629 0.00762687 0.0470739 -0.00190962 -0.0121894 -0.0175006 0.0299946 -0.00856789 -0.0320385 -0.0367629 0.0155319 -0.0267225
internal_weight=637.726 438.246 188.077 250.169 199.48 198.567 158.764 141.146 17.6178 23.8624 149.904 136.131 30.6952 110.451
internal_count=2237 1645 754 891 592 735 614 553 61 88 624 576 111 442
is_linear=0
shrinkage=0.04


Tree=10
num_leaves=15
num_cat=0
split_feature=276 248 307 97 242 105 310 113 36 250 275 214 248 178
split_gain=185.22 64.3009 56.6589 46.9064 41.7204 31.5049 43.7088 23.5256 22.4202 21.6598 18.1037 17.8131 18.635 17.9922
threshold=1.0000000180025095e-35 0.0029499999945983295 0.0030000001424923543 1.0000000180025095e-35 0.037350000813603408 1.0000000180025095e-35 0.0011500000255182388 0.0010500000207684936 0.0014499999815598132 0.0011500000255182388 0.0046500000171363362 0.0011500000255182388 0.0011500000255182388 0.0012500000302679839
decision_type=2 2 2 2 2 2 2 2 2 2 2 2 2 2
left_child=1 2 4 8 5 6 11 -3 -2 -10 -7 12 -1 -14
right_child=3 7 -4 -5 -6 10 -8 -9 9 -11 -12 -13 13 -15
leaf_value=-0.017434413923125482 0.054041606216855574 0.046756666632759417 0.072035789447010237 -0.037389301888282669 0.035985933434958407 -0.036816377740725707 0.064793280888325949 -0.016883278725604491 -0.053988447437068973 0.038122130766983377 -0.003665800728361617 0.066352178885974666 0.040162161490979155 -0.026532007536015097
leaf_weight=141.72510772943497 171.98498526215553 52.962572425603867 13.631734713912008 10.343273460865019 28.071557521820068 108.93884408473969 13.629269093275068 11.110146000981329 6.0535954087972668 11.995923981070517 35.156263887882233 4.7288721501827231 19.17580242455006 9.5867778211832029
leaf_count=558 493 156 37 42 90 474 38 43 26 37 131 14 60 36
internal_value=0.0132099 -0.00133645 -0.00768049 0.0450633 -0.0107207 -0.0146804 -0.00390333 0.0356501 0.0495894 0.00688169 -0.0287642 -0.00930365 -0.0114633 0.017779
internal_weight=639.095 438.717 374.644 200.378 361.012 332.941 188.846 64.0727 190.035 18.0495 144.095 175.217 170.488 28.7626
internal_count=2235 1637 1438 598 1401 1311 706 199 556 63 605 668 654 96
is_linear=0
shrinkage=0.04


Tree=11
num_leaves=15
num_cat=0
split_feature=299 248 36 277 284 299 105 158 96 237 273 6 174 248
split_gain=203.603 59.4476 50.3169 41.5724 30.3717 25.8479 23.0075 21.9653 20.2811 19.4512 18.2298 17.0001 15.8481 14.3837
threshold=1.0000000180025095e-35 0.0010500000207684936 1.0000000180025095e-35 0.0012500000302679839 0.0011500000255182388 0.0021499999566003685 1.0000000180025095e-35 0.015000000130385162 0.0017499999958090486 0.0016499999910593035 0.060399999842047698 0.0012500000302679839 0.0020500000100582842 0.0057500000111758718
decision_type=2 2 2 2 2 2 2 2 2 2 2 2 2 2
left_child=1 3 8 4 6 -2 11 -5 9 -3 -9 -1 -8 -11
right_child=5 2 -4 7 -6 -7 12 10 -10 13 -12 -13 -14 -15
leaf_value=-0.0034769351692769475 0.032278463745391332 -0.0048705667771143536 -0.041531861468283034 0.051088548014054123 0.066039902517131516 0.063459540731403474 -0.041579964602083644 -0.014834212576816453 -0.033987882280735078 0.027581013115975828 0.068181945646962255 -0.0360029499509033 0.011526574866112497 0.058902506606830177
leaf_weight=115.40425296127796 78.164468720555305 20.367960214614868 19.369574472308159 21.995031267404556 6.5236702412366858 96.304061621427536 85.359103098511696 25.70578354597092 8.0578917860984784 76.220332965254784 4.9607022404670706 33.124957829713821 9.8778380304574949 34.711060553789139
leaf_count=439 239 74 84 65 18 266 381 100 33 246 14 139 38 99
internal_value=0.0127406 -0.00116467 0.0186485 -0.0115614 -0.0183663 0.0495394 -0.0206678 0.0206788 0.0270656 0.0308659 -0.0010973 -0.0107771 -0.0360236 0.0374619
internal_weight=636.147 461.678 158.727 302.951 250.29 174.469 243.766 52.6615 139.357 131.299 30.6665 148.529 95.2369 110.931
internal_count=2235 1730 536 1194 1015 505 997 179 452 419 114 578 419 345
is_linear=0
shrinkage=0.04


Tree=12
num_leaves=15
num_cat=0
split_feature=299 166 149 174 50 261 299 229 6 120 127 111 181 53
split_gain=189.3 56.6746 46.3979 30.3969 30.1024 28.2853 24.8651 19.2504 17.8215 16.2462 14.86 12.8672 15.2347 12.7938
threshold=1.0000000180025095e-35 1.0000000180025095e-35 0.0012500000302679839 0.0017499999958090486 0.0011500000255182388 0.017150000669062141 0.0021499999566003685 0.0038499999791383748 0.0023500000825151805 0.0087500000372529047 0.010650000069290401 0.037100000306963928 0.0014499999815598132 0.0030500000575557355
decision_type=2 2 2 2 2 2 2 2 2 2 2 2 2 2
left_child=1 2 4 11 5 8 10 -6 -1 -3 -2 -4 -13 -5
right_child=6 9 3 13 7 -7 -8 -9 -10 -11 -12 12 -14 -15
leaf_value=0.0084907468931425742 0.038926181985390357 0.049845982774582145 -0.033421826449178037 0.013001492550608371 -0.042030148524806119 0.047202006534865372 0.06170723353278651 0.033500063468474645 -0.058222826793681348 -0.007497431078686884 -0.0072384790638853501 -0.055938107309128675 0.067369058642106058 -0.049072342651795275
leaf_weight=149.46136765182018 64.796241343021393 40.807186171412468 129.42458546161652 44.788790583610535 28.393574416637421 31.433807894587517 95.104205772280693 6.5225948691368094 6.5831754654645911 9.6240102648735029 13.268420994281767 2.3912864774465552 4.3300565928220749 5.9116884171962729
leaf_count=534 193 122 564 160 119 91 266 22 30 38 46 11 13 26
internal_value=0.0122959 -0.00112575 -0.00606766 -0.0207613 0.00626308 0.0126306 0.0479266 -0.0277509 0.00561515 0.0388305 0.0310293 -0.0306054 0.0227361 0.00560258
internal_weight=632.841 459.672 409.241 186.846 222.395 187.478 173.169 34.9162 156.045 50.4312 78.0647 136.146 6.72134 50.7005
internal_count=2235 1730 1570 774 796 655 505 141 564 160 239 588 24 186
is_linear=0
shrinkage=0.04


Tree=13
num_leaves=15
num_cat=0
split_feature=299 248 158 277 179 299 113 105 158 212 310 273 174 127
split_gain=176.328 52.6861 45.096 37.2184 28.4712 23.9559 21.5331 20.5006 19.4667 16.8271 16.4171 16.3544 14.2477 13.7652
threshold=1.0000000180025095e-35 0.0010500000207684936 0.014200000092387201 0.0012500000302679839 0.0013499999768100681 0.0021499999566003685 0.0010500000207684936 1.0000000180025095e-35 0.015000000130385162 0.020750000141561035 0.0014499999815598132 0.060399999842047698 0.0020500000100582842 0.010650000069290401
decision_type=2 2 2 2 2 2 2 2 2 2 2 2 2 2
left_child=1 3 6 4 7 13 -3 10 -5 -4 -1 -10 -9 -2
right_child=5 2 9 8 -6 -7 -8 12 11 -11 -12 -13 -14 -15
leaf_value=-0.012903142890341477 0.037487749892075081 0.038306641408123066 -0.022622525810878123 0.048208415418190799 0.073846856612883732 0.060094644956342168 -0.028349276051469786 -0.03947785932264674 -0.014087439958408677 0.035124737273624272 0.054612237948835844 0.064578534545493504 0.010816129979416356 -0.0069541329946863229
leaf_weight=142.39149361848831 64.59898978471756 95.917097359895706 44.136541545391083 21.968922480940819 5.2338517904281607 93.77936464548111 8.2944031655788404 83.892269030213356 25.531653344631199 9.7392622083425504 5.8884536772966376 4.9618955403566352 9.9178323894739133 13.262719541788099
leaf_count=563 193 291 180 65 14 266 33 383 100 32 17 14 38 46
internal_value=0.0118671 -0.00108838 0.0175803 -0.0109489 -0.0174483 0.0464312 0.0329409 -0.0194683 0.0195903 -0.0120636 -0.01016 -0.000986959 -0.0341122 0.0298671
internal_weight=629.515 457.874 158.087 299.786 247.324 171.641 104.212 242.09 52.4625 53.8758 148.28 30.4935 93.8101 77.8617
internal_count=2235 1730 536 1194 1015 505 324 1001 179 212 580 114 421 239
is_linear=0
shrinkage=0.04


Tree=14
num_leaves=15
num_cat=0
split_feature=299 248 276 307 105 275 261 112 113 113 102 273 127 248
split_gain=165.151 54.2697 38.6441 33.2464 31.7967 26.5533 23.76 20.7557 19.6434 17.323 15.1135 14.1554 13.8695 13.5955
threshold=0.0011500000255182388 0.0055499998852610597 0.0013499999768100681 0.0030000001424923543 1.0000000180025095e-35 0.0042499999981373557 0.017150000669062141 0.0011500000255182388 0.0013499999768100681 0.0010500000207684936 0.106649998575449 0.03824999928474427 0.068599998950958266 0.0015499999863095584
decision_type=2 2 2 2 2 2 2 2 2 2 2 2 2 2
left_child=1 2 3 4 6 -6 9 -4 -3 13 -2 -12 -7 -1
right_child=10 8 7 -5 5 12 -8 -9 -10 -11 11 -13 -14 -15
leaf_value=-0.0059776774562428159 0.053395996432092252 0.051846632647384212 0.035242805092704568 0.06515599549142824 -0.033828679152296821 0.0098019854931720093 0.031949213423024467 -0.048052692374372423 -0.023763365001759761 -0.035080216453692442 -0.037553252975297623 0.044996692248992089 -0.059204756928328564 0.025812410583089473
leaf_weight=124.58729368448257 129.59887737035751 39.877924919128418 49.734791919589043 9.4220702052116376 117.15899448096752 41.007739320397377 31.250991240143776 5.1696674376726142 6.236682564020156 27.28680881857872 5.8657828122377378 7.3605071753263474 5.1518996357917777 25.909932315349579
leaf_count=483 376 115 154 26 527 146 97 23 25 115 22 22 23 81
internal_value=0.0114667 0.000277249 -0.00407587 -0.00859796 -0.010492 -0.0237104 -0.000138939 0.0272541 0.0415051 -0.00581669 0.049236 0.00807904 0.00190231 -0.00046456
internal_weight=625.62 482.795 436.68 381.776 372.354 163.319 209.035 54.9045 46.1146 177.784 142.825 13.2263 46.1596 150.497
internal_count=2235 1815 1675 1498 1472 696 776 177 140 679 420 44 169 564
is_linear=0
shrinkage=0.04


Tree=15
num_leaves=15
num_cat=0
split_feature=299 113 248 261 275 102 127 261 127 102 223 1 212 201
split_gain=156.766 56.1003 52.7568 32.7389 29.9636 25.4811 22.9348 27.2268 21.6299 18.8402 15.3651 15.0264 14.9376 14.4576
threshold=0.0010500000207684936 0.0013499999768100681 0.0018500000005587938 0.044949999079108245 0.0091500002890825289 0.061699999496340759 0.0010500000207684936 0.002549999975599349 0.03354999981820584 0.106649998575449 1.0000000180025095e-35 0.0020500000100582842 0.0022500000195577745 0.0036499999696388845
decision_type=2 2 2 2 2 2 2 2 2 2 2 2 2 2
left_child=1 2 3 6 11 -4 7 10 -5 -2 -1 -3 -11 -12
right_child=9 4 5 8 -6 -7 -8 -9 -10 12 13 -13 -14 -15
leaf_value=0.011132566082157578 0.049625749588763632 -0.047654417578850312 0.039640738675614101 0.042066830710323154 0.0078129973856375084 -0.030275755462601507 -0.027524323705919548 0.011537679816019759 -0.040832161550844973 -0.060589754431774646 -0.037234658864686673 0.062549621869383801 0.027524061119197994 0.06127686645981939
leaf_weight=17.477678403258324 136.64010782539845 63.666236072778702 77.938978716731071 34.577750027179718 23.98399506509304 9.1987797617912275 73.241947069764137 108.08620445430279 5.7615734189748755 4.230232521891593 47.120105355978012 1.9291689097881306 10.524908810853956 2.3927719593048087
leaf_count=67 403 293 233 108 87 38 325 387 24 17 203 7 33 8
internal_value=0.00964778 -0.00184859 0.00492471 -0.00329971 -0.0302818 0.0321878 -0.00874435 -0.000853839 0.030056 0.0449909 -0.020894 -0.0442621 0.00175514 -0.0322794
internal_weight=616.77 465.375 375.796 288.658 89.5794 87.1378 248.319 175.077 40.3393 151.395 66.9906 65.5954 14.7551 49.5129
internal_count=2233 1780 1393 1122 387 271 990 665 132 453 278 300 50 211
is_linear=0
shrinkage=0.04


Tree=16
num_leaves=15
num_cat=0
split_feature=166 237 124 105 174 223 310 158 275 134 237 90 187 223
split_gain=137.796 83.5431 30.0665 29.1697 26.8708 21.2527 20.2274 18.7381 18.3708 16.9401 16.2714 12.2734 12.0683 11.5266
threshold=1.0000000180025095e-35 0.0060499999672174462 0.0091500002890825289 1.0000000180025095e-35 0.014349999837577345 0.092950001358985915 0.0014499999815598132 0.084800001233816161 0.0075999998953193435 1.0000000180025095e-35 0.0016499999910593035 0.0041499999351799497 0.0064499999862164268 0.0028499999316409235
decision_type=2 2 2 2 2 2 2 2 2 2 2 2 2 2
left_child=1 3 9 6 -5 -4 10 -2 -9 11 -1 12 -3 -12
right_child=7 2 5 4 -6 -7 -8 8 -10 -11 13 -13 -14 -15
leaf_value=-0.017260288470906448 0.053783849657939829 0.027794343318884352 -0.029142297305666452 -0.033877162301874597 0.025171053475581472 0.04568441950782666 0.057584935738571055 -0.029767376581707677 0.044690728280283497 -0.010565909437738106 0.035410689278057385 0 0.054574272916364769 -0.00087646306452682221
leaf_weight=88.159098237752914 103.76100730895996 77.261773690581322 27.365615859627724 116.11716942489147 13.642321601510046 7.6724247932434073 8.4205915480852109 9.2291164696216601 12.100887209177015 15.754145056009291 18.466941893100739 15.972515627741812 42.653461039066315 56.191001772880554
leaf_count=356 308 250 114 528 46 24 24 38 37 59 62 58 125 204
internal_value=0.00932256 -0.00027904 0.0207286 -0.0133239 -0.0276237 -0.01256 -0.00245474 0.0467574 0.0122988 0.0284497 -0.00561787 0.0330068 0.0373907 0.00808116
internal_weight=612.768 487.677 186.68 300.997 129.759 35.038 171.238 125.091 21.33 151.642 162.817 135.888 119.915 74.6579
internal_count=2233 1850 630 1220 574 138 646 383 75 492 622 433 375 266
is_linear=0
shrinkage=0.04


Tree=17
num_leaves=15
num_cat=0
split_feature=299 166 50 237 124 223 127 277 102 299 127 154 285 248
split_gain=138.557 49.6065 43.269 33.1808 29.0893 19.3296 18.0811 17.5342 17.6204 16.0505 13.4165 13.2891 13.2206 12.5571
threshold=0.0010500000207684936 1.0000000180025095e-35 1.0000000180025095e-35 0.0028499999316409235 0.0082499999552965182 0.12185000255703927 0.0018500000005587938 0.0011500000255182388 0.0016499999910593035 0.0019500000635161998 0.0024500000290572648 0.0018500000005587938 0.106649998575449 0.0010500000207684936
decision_type=2 2 2 2 2 2 2 2 2 2 2 2 2 2
left_child=1 2 3 7 -5 -4 -2 8 13 -8 -9 -3 -13 -1
right_child=6 11 5 4 -6 -7 9 10 -10 -11 -12 12 -14 -15
leaf_value=-0.015108591399961973 0.05141276677966812 0.048972013348696039 -0.030958925169265225 0.023320801242710062 -0.035299533633878846 0.029501789581969532 -0.006227456439036794 0.071477175489465833 -0.039590854664198365 0.043340885185300312 0.0011371605736622214 -0.013308775751646096 0.062138583347990911 0.01871761713645986
leaf_weight=72.741902366280556 106.50113037228584 34.79832424223423 113.31243480741978 117.68126441538334 15.165151014924048 8.997295528650282 19.480647593736649 6.3672218173742321 36.706551849842072 22.095180600881577 13.556477591395376 13.668294221162798 4.9731659591197959 22.959321320056915
leaf_count=302 319 105 502 393 64 30 67 18 173 67 51 53 14 75
internal_value=0.00900756 -0.00180062 -0.00656344 0.00196147 0.0165774 -0.0264582 0.0426563 -0.0107611 -0.0160453 0.0200601 0.0240609 0.0343864 0.00682979 -0.00694065
internal_weight=609.004 460.927 407.488 285.178 132.846 122.31 148.077 152.331 132.408 41.5758 19.9237 53.4398 18.6415 95.7012
internal_count=2233 1780 1608 1076 457 532 453 619 550 134 69 172 67 377
is_linear=0
shrinkage=0.04


Tree=18
num_leaves=15
num_cat=0
split_feature=299 113 248 261 275 158 0 127 261 127 299 149 223 307
split_gain=129.61 48.6007 44.8242 28.3743 26.9529 25.2673 21.4885 19.5885 23.3439 18.8983 17.9654 16.2241 15.5929 13.3602
threshold=0.0010500000207684936 0.0013499999768100681 0.0018500000005587938 0.044949999079108245 0.0091500002890825289 0.11019999906420709 0.0010500000207684936 0.0010500000207684936 0.0018500000005587938 0.03354999981820584 0.0023500000825151805 0.0019500000635161998 1.0000000180025095e-35 1.0000000180025095e-35
decision_type=2 2 2 2 2 2 2 2 2 2 2 2 2 2
left_child=1 2 3 7 6 -4 -3 8 12 -5 11 -2 -1 -10
right_child=10 4 5 9 -6 -7 -8 -9 13 -11 -12 -13 -14 -15
leaf_value=0.010432046995839972 0.044295316051973802 -0.045793594442040723 0.037853331568479552 0.039318200010519944 0.0074590068875816451 -0.028245777761727826 0.11007564186909187 -0.025806958388281148 0.0057018251692740798 -0.038893400555713754 0.054614088337507048 0.0049273228200810157 -0.037452660382413183 0.069250620572716984
leaf_weight=15.225904464721678 36.681989744305611 61.951568201184273 75.845152795314789 34.336477220058441 23.857523664832115 10.392511382699011 1.3413109183311451 71.377055212855339 116.45897501707077 5.6390720307826987 78.236558854579926 31.264498129487038 36.735511928796768 5.4657731652259818
leaf_count=59 109 296 228 108 87 43 4 325 428 24 240 104 163 15
internal_value=0.00871002 -0.00173811 0.00456136 -0.00306833 -0.0286097 0.0298179 -0.0422589 -0.00817678 -0.000906251 0.0281161 0.0414955 0.0262734 -0.0233514 0.00863786
internal_weight=604.81 458.627 371.476 285.239 87.1504 86.2377 63.2929 245.263 173.886 39.9755 146.183 67.9465 51.9614 121.925
internal_count=2233 1780 1393 1122 387 271 300 990 665 132 453 213 222 443
is_linear=0
shrinkage=0.04


Tree=19
num_leaves=15
num_cat=0
split_feature=299 113 237 158 212 294 178 299 149 223 1 298 105 223
split_gain=121.36 45.3295 38.0955 24.958 24.2077 24.0016 18.0112 17.5045 15.2458 14.4032 13.2208 12.5979 15.5344 12.5385
threshold=0.0010500000207684936 0.0013499999768100681 0.0028499999316409235 0.014449999667704107 0.064349997788667693 0.0010500000207684936 0.01124999998137355 0.0023500000825151805 0.0015499999863095584 0.12185000255703927 0.0014499999815598132 0.36904999613761907 1.0000000180025095e-35 1.0000000180025095e-35
decision_type=2 2 2 2 2 2 2 2 2 2 2 2 2 2
left_child=1 2 5 -4 10 11 9 8 -2 -5 -3 12 13 -1
right_child=7 4 3 6 -6 -7 -8 -9 -10 -11 -12 -13 -14 -15
leaf_value=0.018113204514513485 0.044023272903258408 -0.038784660944430276 0.0254417913115585 -0.018657012551114249 0.03366715444561607 0.057989245767055352 0.054102378725512094 0.053531162061180505 0.0058595091661099033 0.067478853656620943 0.038751563708437325 0.061148627229366953 -0.031924085375358617 -0.013681431313178748
leaf_weight=26.566022858023643 34.383797064423561 73.491231858730316 140.29705841839314 50.120301812887192 9.0252075195312482 7.8991968333721152 7.0867708176374427 76.660454869270325 33.163618385791779 3.1972339153289786 3.5663643777370444 3.4745164960622779 54.403112500905991 76.872824147343636
leaf_count=94 103 344 462 209 30 23 22 240 110 9 13 10 257 307
internal_value=0.00842877 -0.00167993 0.00439628 0.0161867 -0.027812 -0.00956562 -0.00524997 0.0404003 0.0253816 -0.0133003 -0.0350987 -0.0129322 -0.014626 -0.00546743
internal_weight=600.208 456 369.917 200.701 86.0828 169.216 60.4043 144.208 67.5474 53.3175 77.0576 161.316 157.842 103.439
internal_count=2233 1780 1393 702 387 691 240 453 213 218 357 668 658 401
is_linear=0
shrinkage=0.04


Tree=20
num_leaves=15
num_cat=0
split_feature=276 127 261 212 102 221 166 134 237 223 102 99 93 193
split_gain=108.586 43.5102 49.7926 39.6196 19.7183 19.02 18.304 16.6863 21.6564 16.0374 13.608 13.6057 12.4901 12.3676
threshold=0.0015499999863095584 0.0010500000207684936 0.016449999995529655 0.051500000059604652 0.51644998788833629 0.0011500000255182388 1.0000000180025095e-35 0.0014499999815598132 0.0016499999910593035 0.0068500000052154073 0.010049999691545965 0.0019500000635161998 0.0015499999863095584 0.062649998813867583
decision_type=2 2 2 2 2 2 2 2 2 2 2 2 2 2
left_child=1 2 6 5 -2 11 7 8 -1 -10 -4 12 13 -3
right_child=4 3 10 -5 -6 -7 -8 -9 9 -11 -12 -13 -14 -15
leaf_value=-0.014578911881695134 0.042198963677126826 -0.038047836186545551 0.044073294085046288 0.049726960041453258 -0.059465615672359869 0.0082120449365882878 0.044507453420773072 -0.040625242483069791 0.027497784416521648 -0.0023816244776421894 -0.01095699824338613 0.025751231326775374 0.067029016083775469 0.087203831916360497
leaf_weight=91.519242569804192 136.89612239599228 102.99553161859512 62.347518533468246 12.463676929473875 3.0058260113000861 23.360162228345871 13.515247240662573 17.516107589006424 53.446113958954811 61.535028710961342 7.9579288810491553 6.168516442179679 1.7823395878076542 1.1666058152914036
leaf_count=382 433 492 190 39 14 87 42 77 182 226 28 22 6 4
internal_value=0.00913346 -0.000322257 0.00823609 -0.0181516 0.0399452 -0.0244581 -0.000504055 -0.00325616 -4.88908e-05 0.0114841 0.0377808 -0.0313022 -0.034683 -0.0365244
internal_weight=595.676 455.774 307.837 147.937 139.902 135.473 237.532 224.016 206.5 114.981 70.3054 112.113 105.944 104.162
internal_count=2224 1777 1127 650 447 611 909 867 790 408 218 524 502 496
is_linear=0
shrinkage=0.04


Tree=21
num_leaves=15
num_cat=0
split_feature=299 166 53 47 285 275 109 120 225 202 127 187 111 218
split_gain=103.277 41.0854 31.003 26.7609 26.1803 15.7126 18.3494 14.5688 18.7394 17.5984 13.976 15.8754 14.1728 13.4731
threshold=0.0012500000302679839 1.0000000180025095e-35 0.0011500000255182388 0.0020500000100582842 0.0030500000575557355 0.19785000383853915 0.0020500000100582842 0.0014499999815598132 0.0041499999351799497 0.0020500000100582842 1.0000000180025095e-35 0.013449999969452621 0.0012500000302679839 0.0012500000302679839
decision_type=2 2 2 2 2 2 2 2 2 2 2 2 2 2
left_child=1 2 4 -4 13 6 10 -3 9 -9 -6 12 -12 -1
right_child=-2 7 3 -5 5 -7 -8 8 -10 -11 11 -13 -14 -15
leaf_value=-0.011574836581232888 0.042615776137521183 0.052177442461944723 -0.032801382185726806 0.050315397067198189 0.024655795276053764 0.08040926312424837 -0.020945604052355352 -0.043196598639501385 0.053530516077421 0.067111378640051414 -0.029396394734440379 0.041525702608038555 0.025825681392575676 0.055555303056698875
leaf_weight=163.02696317434311 116.20433840155602 29.896178171038628 74.135066539049149 6.6383537650108329 96.336473450064659 5.210183084011077 25.259497046470642 10.878175243735315 9.1811517626047117 2.8163532912731162 26.874786466360092 10.403076872229574 10.108045637607573 4.8121531456708899
leaf_count=686 374 89 343 23 313 14 98 48 27 8 112 34 38 17
internal_value=0.00882772 0.000556175 -0.00359157 -0.0258672 0.00166334 0.0125327 0.0103699 0.0338072 0.00950246 -0.0198991 0.0159122 -0.00179388 -0.0141664 -0.00959438
internal_weight=591.781 475.576 422.805 80.7734 342.031 174.192 168.982 52.7719 22.8757 13.6945 143.722 47.3859 36.9828 167.839
internal_count=2224 1850 1678 366 1312 609 595 172 83 56 497 184 150 703
is_linear=0
shrinkage=0.04


Tree=22
num_leaves=15
num_cat=0
split_feature=299 248 294 105 285 127 298 165 158 229 97 273 201 298
split_gain=96.8618 39.4455 33.6249 27.0252 22.4307 19.8383 20.8629 14.7896 13.1121 14.1426 11.9313 11.5934 11.0472 10.7273
threshold=0.0012500000302679839 0.0028499999316409235 0.0012500000302679839 0.0027499999850988392 0.0023500000825151805 0.0010500000207684936 0.47544999420642858 1.0000000180025095e-35 0.0021499999566003685 0.0028499999316409235 0.0010500000207684936 0.021550000645220283 0.0066499998793005952 0.1110999993979931
decision_type=2 2 2 2 2 2 2 2 2 2 2 2 2 2
left_child=1 2 4 -3 7 12 -7 13 -9 -10 -2 -8 -6 -1
right_child=10 3 -4 -5 5 6 11 8 9 -11 -12 -13 -14 -15
leaf_value=-0.022875311530459741 0.043525991263569735 0.038324187927054901 0.061181383327261543 -0.018221119112787683 0.0093360022939665763 -0.01791008218715474 -0.038752967819387911 0.066316494536413514 -0.053371975372827216 0.056010516165189234 -0.04105274734393359 0.062767970402770809 0.059289281920623521 0.077099217430752404
leaf_weight=146.78301113843918 111.90234418213367 62.722948208451271 11.92349663376808 17.061999619007111 112.52865509688854 89.157032534480095 2.1618570238351813 5.8613713234662992 4.9184914529323578 2.9173804968595505 2.6103087067604056 8.3503309637308103 7.5117468088865271 1.6245894730091084
leaf_count=666 364 191 35 70 394 380 9 18 25 11 10 24 22 5
internal_value=0.00853325 0.000538317 -0.00465158 0.0261742 -0.0067334 0.00157842 -0.0115852 -0.0180176 0.0214895 -0.011951 0.041529 0.0413446 0.012542 -0.0217028
internal_weight=588.036 473.523 393.738 79.7849 381.814 219.71 99.6692 162.105 13.6972 7.83587 114.513 10.5122 120.04 148.408
internal_count=2224 1850 1589 261 1554 829 413 725 54 36 374 33 416 671
is_linear=0
shrinkage=0.04


Tree=23
num_leaves=15
num_cat=0
split_feature=276 165 105 285 275 102 112 220 275 222 261 310 193 273
split_gain=92.0802 37.6465 39.6613 30.0478 18.6512 18.5753 17.7975 14.0248 12.5542 11.683 12.0926 11.1915 11.1539 11.817
threshold=0.0015499999863095584 1.0000000180025095e-35 0.0013499999768100681 0.0023500000825151805 0.0040500001050531873 0.0073500000871717939 0.0011500000255182388 0.0019500000635161998 0.0024500000290572648 0.0010500000207684936 0.011450000107288362 0.0018500000005587938 0.0023500000825151805 0.0053499999921768912
decision_type=2 2 2 2 2 2 2 2 2 2 2 2 2 2
left_child=1 2 3 9 -4 -3 -2 -5 -7 10 11 -1 -6 -14
right_child=6 5 4 7 12 8 -8 -9 -10 -11 -12 -13 13 -15
leaf_value=-0.019102819409992689 0.041687667861242179 0.042428008698143151 -0.034394781809079233 0.01224944318607315 -0.012178106746217207 -0.026638636679301681 -0.0091391007369136853 0.056931697186307216 0.028951349815194538 0.036418876870224971 0.049514216443671634 0.069644325287319897 -0.055470170250687983 0.063081978152013315
leaf_weight=104.59704501926899 123.3221597969532 43.701177030801773 85.49031525850296 124.24612055718899 29.898045346140862 13.627014711499216 11.92960314452648 12.351750776171682 12.243923917412756 7.5938583314418784 4.4130564182996741 2.209681808948516 1.5569527149200419 6.7412091195583344
leaf_count=447 401 142 430 430 118 60 46 37 41 24 14 6 7 21
internal_value=0.00825378 -0.000460934 -0.00543503 0.00355592 -0.0240215 0.0265544 0.0371716 0.0163578 -0.000165404 -0.0111298 -0.0144421 -0.0171659 -0.000670402 0.0399666
internal_weight=583.922 448.67 379.098 255.412 123.687 69.5721 135.252 136.598 25.8709 118.814 111.22 106.807 38.1962 8.29816
internal_count=2224 1777 1534 958 576 243 447 467 101 491 467 453 146 28
is_linear=0
shrinkage=0.04


Tree=24
num_leaves=15
num_cat=0
split_feature=299 166 50 158 248 261 230 209 53 109 201 120 211 36
split_gain=86.9679 40.4855 30.613 24.1738 27.0545 23.8021 15.0527 18.8507 16.0049 14.407 12.9257 12.298 11.9079 12.7262
threshold=0.0014499999815598132 1.0000000180025095e-35 0.0011500000255182388 0.015000000130385162 0.0010500000207684936 0.0029499999945983295 0.0020500000100582842 0.018999999389052395 0.0012500000302679839 0.0021499999566003685 0.0073500000871717939 0.0014499999815598132 1.0000000180025095e-35 1.0000000180025095e-35
decision_type=2 2 2 2 2 2 2 2 2 2 2 2 2 2
left_child=1 2 3 4 5 10 7 -5 -8 -6 -1 -3 -4 -14
right_child=-2 11 12 6 9 -7 8 -9 -10 -11 -12 -13 13 -15
leaf_value=-0.022537263536328896 0.042058474414564576 0.049879514738901919 -0.031110188600806991 -0.031816671088454269 0.033820389495348449 0.012842992016802954 0.037049281893902386 0.063541596681708751 -0.035387031512493602 -0.013760654776556603 0.074952326262950286 0.011214839828472867 0.017905708385264091 -0.030734457395194401
leaf_weight=62.446360975503922 99.216516137123108 31.052115187048912 71.597890183329582 56.253347232937813 74.333289042115211 87.678733825683594 14.38596521317959 3.4068194031715384 7.2232939898967734 11.610061571002005 2.1412709057331076 23.459540262818336 20.265510454773903 14.780512541532515
leaf_count=277 335 95 338 267 231 314 48 11 32 41 7 86 73 69
internal_value=0.00798219 0.000932276 -0.00321403 0.00297056 0.00940764 -0.00069762 -0.0158364 -0.0262072 0.0126004 0.0273377 -0.0191325 0.0333641 -0.0217644 -0.00252335
internal_weight=579.851 480.635 426.123 319.479 238.21 152.266 81.2694 59.6602 21.6093 85.9434 64.5876 54.5117 106.644 35.046
internal_count=2224 1889 1708 1228 870 598 358 278 80 272 284 181 480 142
is_linear=0
shrinkage=0.04


Tree=25
num_leaves=15
num_cat=0
split_feature=299 59 277 237 127 158 273 222 125 258 223 242 248 201
split_gain=105.081 39.9616 30.687 25.6569 21.8196 15.0799 16.4781 13.9141 13.4326 12.7123 18.9717 15.4174 13.0425 12.3957
threshold=0.0017499999958090486 1.0000000180025095e-35 1.0000000180025095e-35 0.0028499999316409235 0.0013499999768100681 0.010850000195205213 0.051249999552965171 0.0014499999815598132 0.003249999950639904 0.0022500000195577745 0.0027499999850988392 0.029250000603497032 0.0018500000005587938 0.010650000069290401
decision_type=2 2 2 2 2 2 2 2 2 2 2 2 2 2
left_child=1 2 3 7 -5 -4 -7 9 -2 10 12 13 -1 -11
right_child=8 -3 5 4 -6 6 -8 -9 -10 11 -12 -13 -14 -15
leaf_value=-0.012930364411251593 0.049019891157236602 -0.040661359689790955 0.034160654681805923 0.014960151257289929 -0.020459947692392406 -0.0049688698454535473 0.044345504160325747 0.033008721163606806 -0.025651847571570522 -0.016644040058891797 -0.035740855244736525 0.083672763884215975 0.039665152976192684 0.10536880827448265
leaf_weight=59.818102598190308 88.930472895503044 36.663701966404915 59.943506121635437 132.6022812128067 35.040808215737343 48.471579104661942 13.826091066002844 9.1600544005632383 3.898246392607688 13.894625723361971 72.433067932724953 3.8442991971969596 8.5082880705594999 1.3693634271621693
leaf_count=269 306 184 190 463 157 182 42 31 15 62 338 12 26 4
internal_value=0.00678385 -0.000527306 0.00267856 -0.00354499 0.007525 0.0198407 0.00596519 -0.0145459 0.0458169 -0.0173146 -0.0214803 0.0131156 -0.0062741 -0.0048231
internal_weight=588.404 495.576 458.912 336.671 167.643 122.241 62.2977 169.028 92.8287 159.868 140.759 19.1083 68.3264 15.264
internal_count=2281 1960 1776 1362 620 414 224 742 321 711 633 78 295 66
is_linear=0
shrinkage=0.04


Tree=26
num_leaves=15
num_cat=0
split_feature=299 237 53 127 261 310 134 258 50 127 212 212 211 149
split_gain=99.361 38.4424 30.1063 22.7244 21.9079 21.5927 18.8737 13.8693 15.4093 13.4984 10.1849 16.5848 12.8443 9.72237
threshold=0.0019500000635161998 0.0052499999292194852 1.0000000180025095e-35 0.012050000019371511 0.044949999079108245 0.0011500000255182388 0.0012500000302679839 0.0043500000610947618 0.0012500000302679839 0.0053499999921768912 0.0094499997794628161 0.0038499999791383748 0.0028499999316409235 0.0012500000302679839
decision_type=2 2 2 2 2 2 2 2 2 2 2 2 2 2
left_child=1 2 5 4 6 7 9 8 13 10 11 -3 -13 -1
right_child=-2 3 -4 -5 -6 -7 -8 -9 -10 -11 -12 12 -14 -15
leaf_value=0.0010181114431899716 0.046732212538354488 0.020284928024962744 -0.032609831016374081 -0.023937314851090727 0.040948459624958307 0.031880520812161077 -0.022341601431945274 0.027113392291359128 -0.035813450906075892 -0.059532933092977441 0.051395392113973613 -0.051851452766375379 0.05648766450733083 -0.022739244477364039
leaf_weight=111.08484989404678 84.215511575341225 84.651980444788933 69.255412250757217 23.590366184711456 47.769185721874237 25.839812025427818 24.373721644282341 17.279962942004204 31.14225734770298 3.5102376937866202 13.513612538576124 9.104563891887663 2.0423952937126151 36.430798098444939
leaf_count=424 299 287 340 98 151 90 101 64 152 17 41 37 6 174
internal_value=0.00656682 -0.00020383 -0.00960331 0.012892 0.0176212 -0.00238948 0.009446 -0.00694329 -0.010273 0.0163624 0.0188883 0.0142122 -0.0313197 -0.00483339
internal_weight=583.805 499.589 291.033 208.556 184.966 221.778 137.197 195.938 178.658 112.823 109.313 95.7989 11.147 147.516
internal_count=2281 1982 1244 738 640 904 489 814 750 388 371 330 43 598
is_linear=0
shrinkage=0.04


Tree=27
num_leaves=15
num_cat=0
split_feature=299 59 261 50 158 158 248 261 207 116 203 252 310 229
split_gain=94.0482 36.5211 27.9211 26.0519 19.0763 18.4291 24.6495 20.4595 16.1197 14.3273 13.3846 13.717 11.86 11.5111
threshold=0.0019500000635161998 1.0000000180025095e-35 0.048350000753998763 0.0012500000302679839 0.14154999703168872 0.014449999667704107 0.0013499999768100681 0.0072500000242143878 0.0021499999566003685 0.0065500000491738328 0.0015499999863095584 0.67465001344680797 0.0014499999815598132 0.0010500000207684936
decision_type=2 2 2 2 2 2 2 2 2 2 2 2 2 2
left_child=1 2 3 5 -4 6 7 12 9 -7 11 -5 13 -1
right_child=-2 -3 4 10 -6 8 -8 -9 -10 -11 -12 -13 -14 -15
leaf_value=-0.017231987066383878 0.045936506451742951 -0.03917864419134947 0.039160457507897546 -0.027842956864681755 -0.0041298416789028371 -0.034260291769497332 0.027114414815861243 0.019104562223445021 0.027828250788460757 0.045011138267036468 0.053557098099278277 0.096071483324356555 0.05513306491662693 0.021458392393073126
leaf_weight=97.141330301761627 82.288179963827133 35.608981803059578 50.481161057949066 74.630132153630257 23.761148393154144 41.470386803150177 77.625775143504143 59.314897090196609 10.272895172238348 3.8713773041963568 3.4686759114265433 1.3478138744831074 4.2150344103574744 13.912634596228598
leaf_count=416 299 184 160 350 89 200 247 201 39 14 12 4 13 53
internal_value=0.00635375 -0.000198226 0.00280856 -0.00149152 0.0252647 0.00376948 0.00837666 1.15863e-05 -0.0170296 -0.0273197 -0.0219052 -0.0254688 -0.00978661 -0.012334
internal_weight=579.41 497.122 461.513 387.271 74.2423 307.824 252.21 174.584 55.6147 45.3418 79.4466 75.9779 115.269 111.054
internal_count=2281 1982 1798 1549 249 1183 930 683 253 214 366 354 482 469
is_linear=0
shrinkage=0.04


Tree=28
num_leaves=15
num_cat=0
split_feature=299 59 277 179 105 248 298 209 50 165 243 160 116 279
split_gain=89.0311 34.2639 26.2806 23.6232 22.2011 28.2918 16.6877 14.8053 16.785 14.1882 13.9763 13.6806 12.2331 10.8255
threshold=0.0019500000635161998 1.0000000180025095e-35 0.0015499999863095584 0.0012500000302679839 0.0011500000255182388 0.0014499999815598132 0.13920000195503238 0.021249999292194847 0.0012500000302679839 1.0000000180025095e-35 0.0036499999696388845 0.0017499999958090486 0.037000000476837165 0.044150000438094146
decision_type=2 2 2 2 2 2 2 2 2 2 2 2 2 2
left_child=1 2 3 4 5 6 7 8 9 -1 -7 -4 13 -13
right_child=-2 -3 11 -5 -6 10 -8 -9 -10 -11 -12 12 -14 -15
leaf_value=-0.0088649967486188232 0.045172042651551517 -0.038297051103791245 0.030267710508304534 0.053979087788519182 -0.019272803980691977 0.03515226080750089 0.053536059582270756 0.041249453902377005 -0.0404075515313446 0.039674064776259996 -0.010720317066206703 -0.037153443634199215 0.053650049382335016 0.025362983125100675
leaf_weight=128.90911042690277 80.374107867479324 34.98655766248703 71.026105374097824 11.484814271330832 106.80606718361378 50.298976704478264 7.2423465251922599 9.1279614716768247 25.702626094222069 10.29361906647682 13.260399505496023 14.034297272562986 4.6486198157072058 6.2966066002845755
leaf_count=520 299 184 231 35 505 156 23 31 122 34 47 59 14 21
internal_value=0.00615623 -0.000189909 0.00271291 -0.00219927 -0.00406029 0.0025648 -0.00547042 -0.00797826 -0.0107507 -0.00522106 0.0255172 0.021317 -0.00399278 -0.0175666
internal_weight=574.492 494.118 459.132 363.126 351.641 244.835 181.276 174.033 164.905 139.203 63.5594 96.0056 24.9795 20.3309
internal_count=2281 1982 1798 1473 1438 933 730 707 676 554 203 325 94 80
is_linear=0
shrinkage=0.04


Tree=29
num_leaves=15
num_cat=0
split_feature=299 59 237 166 53 134 229 109 248 154 223 99 261 310
split_gain=84.3117 32.1505 25.2011 21.2587 13.3369 14.4437 11.6899 16.4291 18.6806 15.562 12.4883 12.5688 12.3637 12.8897
threshold=0.0019500000635161998 1.0000000180025095e-35 0.0062500000931322583 1.0000000180025095e-35 1.0000000180025095e-35 0.0024500000290572648 1.0000000180025095e-35 0.0020500000100582842 0.0021499999566003685 0.018849999643862251 0.0023500000825151805 0.0010500000207684936 0.0090499999932944792 0.0015499999863095584
decision_type=2 2 2 2 2 2 2 2 2 2 2 2 2 2
left_child=1 2 3 4 5 6 7 8 9 10 11 12 13 -1
right_child=-2 -3 -4 -5 -6 -7 -8 -9 -10 -11 -12 -13 -14 -15
leaf_value=-0.016006961438103432 0.044435877659156804 -0.037439945920407454 0.014223075624574316 0.031842719993486077 -0.029374742910015721 -0.047261073823644813 0.017508499076081679 -0.049865741079588785 0.028788203024261209 0.089977678547059112 -0.022373552642160361 0.094056081739157457 0.045635421643901247 0.065039281557374443
leaf_weight=38.365637630224228 78.477606117725372 34.370860204100609 180.92260210216045 22.858517184853554 40.446655318140984 11.730591997504233 40.141093447804451 12.819275900721548 24.792048662900925 2.3731727302074423 69.019223943352699 2.2453600466251364 7.6590527147054663 3.3068640679121009
leaf_count=172 299 184 640 78 202 57 153 58 79 9 307 7 25 11
internal_value=0.00596569 -0.000182102 0.00262084 -0.0049792 -0.00833447 -0.00429807 -0.00174502 -0.00659071 -0.00277807 -0.00919293 -0.0112505 0.00357113 -0.000648378 -0.00933959
internal_weight=569.529 491.051 456.68 275.757 252.899 212.452 200.722 160.581 147.761 122.969 120.596 51.5769 49.3316 41.6725
internal_count=2281 1982 1798 1158 1080 878 821 668 610 531 522 215 208 183
is_linear=0
shrinkage=0.04


Tree=30
num_leaves=15
num_cat=0
split_feature=299 248 50 276 273 214 229 102 310 178 207 127 102 149
split_gain=71.5114 31.32 22.1751 25.2759 18.6864 15.5351 14.9146 16.0624 23.7852 14.6153 13.1354 12.7288 12.4019 11.0565
threshold=0.0016499999910593035 0.0057500000111758718 0.0013499999768100681 0.0016499999910593035 0.06345000118017198 0.0019500000635161998 0.0048500001430511483 0.0077499998733401307 0.0014499999815598132 0.08924999833106996 0.0014499999815598132 0.038049999624490745 0.30110000073909765 0.0027499999850988392
decision_type=2 2 2 2 2 2 2 2 2 2 2 2 2 2
left_child=1 2 3 5 9 6 7 8 13 -4 -9 -7 -2 -1
right_child=12 -3 4 -5 -6 11 -8 10 -10 -11 -12 -13 -14 -15
leaf_value=-0.002170212135085958 0.042472144599719854 0.032405188245889928 -0.028459441003182442 0.034216163691558457 0.031752219135333312 0.054284158803644317 0.026601450060132148 -0.036654865248862654 0.047059414082063537 0.045387925060005899 0.017467406892730013 -0.034658181019609713 -0.041560007481740636 -0.029532464887603166
leaf_weight=164.1455834954977 79.967688962817192 41.592519149184227 92.896904945373535 33.374466329813004 10.09264090657234 12.498936399817465 22.326764091849327 42.278921499848366 14.351209431886671 4.3675576150417319 8.4657029062509519 3.1040770113468161 2.7879539132118216 27.594950094819069
leaf_count=638 308 137 456 108 34 41 77 212 47 14 33 15 11 136
internal_value=0.00524376 -0.000704964 -0.00388307 0.00126971 -0.0196565 -0.00245737 -0.00464605 -0.00738726 -0.0023972 -0.0250591 -0.0275304 0.0362271 0.0395462 -0.00614233
internal_weight=559.846 477.09 435.498 328.141 107.357 294.766 279.163 256.836 206.092 97.2645 50.7446 15.603 82.7556 191.741
internal_count=2267 1948 1811 1307 504 1199 1143 1066 821 470 245 56 319 774
is_linear=0
shrinkage=0.04


Tree=31
num_leaves=15
num_cat=0
split_feature=276 124 248 275 163 50 242 223 105 273 237 207 229 134
split_gain=67.1408 27.797 24.3743 23.2503 20.1558 18.8231 19.7928 14.2915 22.9656 13.8993 11.5082 17.1596 11.7064 10.468
threshold=1.0000000180025095e-35 0.0023500000825151805 0.0057500000111758718 0.0051500000990927228 0.05100000090897084 0.0012500000302679839 0.037699999287724502 1.0000000180025095e-35 0.0010500000207684936 0.0079499999992549437 0.0011500000255182388 1.0000000180025095e-35 1.0000000180025095e-35 0.0012500000302679839
decision_type=2 2 2 2 2 2 2 2 2 2 2 2 2 2
left_child=2 -2 4 -3 5 6 7 8 13 -10 11 12 -9 -1
right_child=1 3 -4 -5 -6 -7 -8 10 9 -11 -12 -13 -14 -15
leaf_value=0.036026839428445083 0.037851032444994805 -0.03062036427388232 0.030368577344180681 0.025032376218959752 0.053086087839938914 -0.024523550146798665 0.035051219870851302 -0.038888294814294844 -0.040772433000112122 0.083816392845977195 -0.0051610436749748188 0.10553737035514159 0.014417881917850144 -0.031303335312902685
leaf_weight=34.300545960664749 111.84544523060322 20.541935667395592 30.661425232887268 28.600451692938805 8.6889840364456159 85.590261340141296 20.127468183636665 43.919136166572571 14.258638724684713 1.4798541516065586 142.45269142091274 1.4089219421148289 7.5786180049180976 3.9982993006706229
leaf_count=119 405 88 102 103 29 428 67 224 80 5 564 5 31 17
internal_value=0.00507673 0.0268402 -0.00379972 0.00167289 -0.00669798 -0.00818658 -0.00297659 -0.00607447 0.012081 -0.0283499 -0.0111204 -0.0270508 -0.0309533 0.0288304
internal_weight=555.453 160.988 394.465 49.1424 363.803 355.114 269.524 249.397 54.0373 15.7385 195.359 52.9067 51.4978 38.2988
internal_count=2267 596 1671 191 1569 1540 1112 1045 221 85 824 260 255 136
is_linear=0
shrinkage=0.04


Tree=32
num_leaves=15
num_cat=0
split_feature=276 248 307 127 50 214 105 223 201 250 209 212 298 127
split_gain=62.9848 28.4431 24.196 21.8997 19.0253 16.572 16.6776 18.0103 22.0375 15.199 14.3475 14.3527 13.1542 12.6726
threshold=0.0015499999863095584 0.0057500000111758718 0.0030000001424923543 0.0040500001050531873 0.0012500000302679839 0.0019500000635161998 0.0010500000207684936 1.0000000180025095e-35 0.0015499999863095584 0.0012500000302679839 0.027749999426305298 0.026899999938905243 0.13314999639987948 0.038049999624490745
decision_type=2 2 2 2 2 2 2 2 2 2 2 2 2 2
left_child=1 2 4 -2 5 6 7 -1 -9 -5 11 -8 -6 -7
right_child=3 -3 -4 9 12 13 10 8 -10 -11 -12 -13 -14 -15
leaf_value=0.027230509696879852 0.041120177665572348 0.031451197554294825 0.049617210173822236 -0.017999577545304072 -0.030340523367389929 0.054586105902986105 -0.025535577683548475 -0.011987681223299807 0.025574491405478027 0.03539653732287637 0.088785295587323662 0.041714540389895971 0.0081154734435993706 -0.03417855069911932
leaf_weight=37.001027688384056 86.517281338572502 36.472201928496361 12.261636868119238 20.916636437177658 74.678816989064217 12.959561511874201 80.52935753762722 116.52218043804169 31.672357425093651 14.228020355105398 1.8269371688365925 5.2874933630228034 17.341580390930176 3.0736481845378867
leaf_count=132 323 123 41 84 389 43 395 464 115 50 6 17 70 15
internal_value=0.00491307 -0.00227488 -0.00542096 0.0303099 -0.00721579 -0.00215205 -0.00449288 0.00229262 -0.00392103 0.003543 -0.0188628 -0.0213018 -0.023049 0.0372152
internal_weight=551.289 429.627 393.155 121.662 380.893 288.873 272.839 185.196 148.195 35.1447 87.6438 85.8169 92.0204 16.0332
internal_count=2267 1810 1687 457 1646 1187 1129 711 579 134 418 412 459 58
is_linear=0
shrinkage=0.04


Tree=33
num_leaves=15
num_cat=0
split_feature=299 166 50 134 53 174 237 133 200 201 251 193 158 254
split_gain=63.098 29.1943 22.562 15.4775 17.8559 16.3774 13.5464 12.2609 12.1249 24.5498 11.9137 10.9019 10.8431 17.5965
threshold=0.0022500000195577745 1.0000000180025095e-35 0.0012500000302679839 0.0011500000255182388 0.0019500000635161998 0.0089499996975064295 0.0094499997794628161 0.0023500000825151805 0.0014499999815598132 0.0012500000302679839 0.0010500000207684936 0.0030500000575557355 0.015000000130385162 1.0000000180025095e-35
decision_type=2 2 2 2 2 2 2 2 2 2 2 2 2 2
left_child=1 2 3 4 5 8 11 -8 10 -10 -1 -4 -11 -14
right_child=-2 -3 6 -5 -6 -7 7 -9 9 12 -12 -13 13 -15
leaf_value=0.0029970332517131027 0.043272350053832023 0.025979380033754523 -0.032723403184962314 -0.02669571752172566 -0.037536603503716709 0.046966228973849944 0.017218098743491429 -0.053246820332432575 -0.026709963142874341 0.028169228320385056 0.026084354895727628 0.029947405073944389 -0.030027862502658664 0.033253045938481086
leaf_weight=100.29747571051121 60.427811905741692 60.360919088125229 70.646758913993835 28.4426239579916 15.459884285926817 15.030162468552588 21.707305699586872 4.7150945514440528 49.975248381495476 30.012605279684067 55.916111573576927 4.5958309620618811 18.341184377670292 11.234463542699812
leaf_count=391 255 216 372 124 85 47 80 25 221 109 190 21 90 41
internal_value=0.00475653 -2.48676e-05 -0.00372084 0.00141779 0.00413837 0.00645958 -0.0201578 0.00433942 0.00413701 -0.00603759 0.011298 -0.0288077 0.0112485 -0.00582444
internal_weight=547.163 486.736 426.375 324.71 296.267 280.807 101.665 26.4224 265.777 109.564 156.214 75.2426 59.5883 29.5756
internal_count=2267 2012 1796 1298 1174 1089 498 105 1042 461 581 393 240 131
is_linear=0
shrinkage=0.04


Tree=34
num_leaves=15
num_cat=0
split_feature=299 166 50 124 168 276 286 237 237 223 273 133 223 200
split_gain=59.9129 27.0612 21.0493 13.1335 15.8066 15.7725 13.3404 12.7062 12.1091 15.5828 22.4498 11.5161 11.2777 14.4594
threshold=0.0022500000195577745 1.0000000180025095e-35 0.0012500000302679839 0.0061500000301748523 0.003249999950639904 0.0021499999566003685 0.0024500000290572648 0.0094499997794628161 0.0011500000255182388 1.0000000180025095e-35 0.0080500002950429934 0.0023500000825151805 0.0052499999292194852 0.016449999995529655
decision_type=2 2 2 2 2 2 2 2 2 2 2 2 2 2
left_child=1 2 3 5 -5 6 8 -4 9 -1 -11 -9 13 -10
right_child=-2 -3 7 4 -6 -7 -8 11 12 10 -12 -13 -14 -15
leaf_value=0.011105221972925357 0.042672671454501661 0.025077416866056954 -0.02803239674306731 -0.02908110376468382 0.018346549529853255 0.036627885378067965 0.046710595760894126 0.016515096453541163 0.022861133520432026 -0.040810171238416404 0.046023583037949609 -0.052460405299885431 -0.0030346941415911616 -0.046903502875363413
leaf_weight=23.805276289582253 58.859163701534271 60.040843591094017 74.249488785862923 41.094602212309837 15.277335226535795 23.069902002811432 10.1598714441061 21.729852184653286 66.258572056889534 35.987901866436005 5.3621565103530875 4.5982111990451804 97.646961197257042 4.9936360865831366
leaf_count=94 255 216 393 210 60 76 31 80 240 182 19 25 363 23
internal_value=0.00460138 -2.54368e-05 -0.00359269 0.00136413 -0.0161472 0.00507699 0.00206637 -0.0195688 9.22409e-05 -0.0145259 -0.0293695 0.00416421 0.00576033 0.0178568
internal_weight=543.134 484.275 424.234 323.656 56.3719 267.284 244.214 100.578 234.055 65.1553 41.3501 26.3281 168.899 71.2522
internal_count=2267 2012 1796 1298 270 1028 952 498 921 295 201 105 626 263
is_linear=0
shrinkage=0.04


Tree=35
num_leaves=15
num_cat=0
split_feature=299 255 124 277 168 248 149 113 261 252 223 209 201 298
split_gain=56.8792 21.7714 27.7028 27.5947 23.2848 23.1482 17.8882 15.9309 15.3171 10.6475 10.4367 12.5999 11.3943 11.1637
threshold=0.0019500000635161998 0.009000000078231098 0.0079499999992549437 0.0012500000302679839 0.0016499999910593035 0.0017499999958090486 0.0045499999541789302 1.0000000180025095e-35 0.002549999975599349 0.44904999434947973 1.0000000180025095e-35 0.0088499998673796671 0.0029499999945983295 0.0027499999850988392
decision_type=2 2 2 2 2 2 2 2 2 2 2 2 2 2
left_child=1 2 3 5 -4 6 8 -7 10 -10 -1 12 -12 -13
right_child=-2 -3 4 -5 -6 7 -8 -9 9 -11 11 13 -14 -15
leaf_value=0.0069163603773762586 0.040070618641393815 0.043956246586562414 -0.036121594616740617 0.026529658358563905 0.0058364264809919499 0.025666528826181031 -0.034270754158790981 -0.027083170430161632 0.0034690462872930083 0.086562985379778606 -0.040098993812423551 0.11867450141197411 0.031205566022105252 -0.020340575447604311
leaf_weight=18.38256262242794 65.117540866136551 17.434591442346573 58.935523480176926 67.574503302574158 32.715739727020264 61.760458022356033 35.253138706088066 10.597915276885031 118.82117789983749 2.4263417124748221 41.405177012085915 1.5941009819507592 3.7879430651664725 1.8946504741907118
leaf_count=74 282 61 315 229 138 201 189 48 462 7 212 5 15 10
internal_value=0.00505296 0.000211946 -0.00146419 0.00348286 -0.0211107 -0.00177358 -0.00815072 0.0178587 -0.00322407 0.00523481 -0.0185617 -0.0282588 -0.0339785 0.0436013
internal_weight=537.701 472.584 455.149 363.498 91.6513 295.923 223.565 72.3584 188.312 121.248 67.0644 48.6819 45.1931 3.48875
internal_count=2248 1966 1905 1452 453 1223 974 249 785 469 316 242 227 15
is_linear=0
shrinkage=0.04


Tree=36
num_leaves=15
num_cat=0
split_feature=276 220 275 102 127 307 134 151 248 193 109 201 223 298
split_gain=46.0382 24.8814 30.1585 27.0809 24.6019 16.1495 18.2248 14.3578 13.2407 12.2037 15.2291 11.9651 13.9054 15.6234
threshold=0.0024500000290572648 0.0014499999815598132 0.0041499999351799497 1.0000000180025095e-35 0.054000001400709159 1.0000000180025095e-35 0.0012500000302679839 0.0015499999863095584 0.0013499999768100681 0.0020500000100582842 0.0029499999945983295 0.0084500000812113302 1.0000000180025095e-35 0.0016499999910593035
decision_type=2 2 2 2 2 2 2 2 2 2 2 2 2 2
left_child=1 2 3 5 9 6 8 -2 11 10 -4 12 -1 -14
right_child=7 -3 4 -5 -6 -7 -8 -9 -10 -11 -12 -13 13 -15
leaf_value=0.017253655625261443 0.036207008637549616 0.035951875254732306 0.025006656743000108 -0.021846127870106688 -0.051691111595921171 0.050231911023005255 -0.044931612973761997 -0.026390237590189613 0.02431188044409277 0.051688063991231319 -0.018207837024201805 0.059174027833481517 -0.042616587783374661 -0.0040426570266323385
leaf_weight=29.761395394802094 79.999370709061623 28.314962863922119 56.024331569671631 140.48864044249058 7.6578278690576544 10.194441750645636 13.989300817251204 6.1802441924810401 34.724514454603195 18.231626465916634 16.811363115906715 4.5489000529050818 22.923187017440796 63.315680086612701
leaf_count=115 317 102 204 702 38 36 64 26 113 60 70 16 117 268
internal_value=0.00489481 -0.000259881 -0.00272645 -0.00869824 0.0165755 0.00157876 -0.00135585 0.0316462 0.00257073 0.0224103 0.0149661 -0.00367367 -0.00622151 -0.0143798
internal_weight=533.166 446.986 418.671 319.946 98.7251 179.457 169.263 86.1796 155.274 91.0673 72.8357 120.549 116 86.2389
internal_count=2248 1905 1803 1431 372 729 693 343 629 334 274 516 500 385
is_linear=0
shrinkage=0.04


Tree=37
num_leaves=15
num_cat=0
split_feature=299 275 113 124 248 160 203 209 158 307 25 261 307 193
split_gain=52.0092 25.0231 32.3215 22.9229 24.5463 16.8394 16.1849 14.4233 13.7879 13.327 12.0334 13.1043 11.4808 11.23
threshold=0.0019500000635161998 0.0041499999351799497 0.0011500000255182388 0.0061500000301748523 0.0013499999768100681 0.00335000001359731 0.0037500000325962905 0.0077499998733401307 0.042449999600648887 0.0030000001424923543 0.0012500000302679839 0.0029499999945983295 1.0000000180025095e-35 0.0018500000005587938
decision_type=2 2 2 2 2 2 2 2 2 2 2 2 2 2
left_child=1 2 3 4 7 13 9 10 -9 -4 11 -1 -12 -3
right_child=-2 5 6 -5 -6 -7 -8 8 -10 -11 12 -13 -14 -15
leaf_value=-0.015997032502281686 0.039013072363772119 0.01766335347705349 -0.042267351767542004 -0.025810456883026526 0.023897022503897629 -0.01388969025478139 0.050077137705126659 0.035369661500788435 -0.036717378161897629 0.036627900546920451 -0.02662398996224119 0.01448043380264003 0.053550703938507464 0.053845385464132783
leaf_weight=40.577165365219116 62.366644009947777 67.921543762087822 52.323071293532848 45.152764454483986 77.233065903186798 22.082057788968086 3.5014948844909659 23.941341981291774 5.0187890529632559 3.5359528213739386 54.673877984285355 50.575894743204117 2.8926310986280432 17.412045776844025
leaf_count=188 282 244 302 234 259 96 13 87 25 12 258 184 10 54
internal_value=0.00473555 0.00014038 -0.00491419 0.000411354 0.00508002 0.0170796 -0.0318573 -0.00308562 0.022656 -0.0371452 -0.00813701 0.000866765 -0.0224401 0.0251474
internal_weight=529.208 466.842 359.426 300.066 254.913 107.416 59.3605 177.68 28.9601 55.859 148.72 91.1531 57.5665 85.3336
internal_count=2248 1966 1572 1245 1011 394 327 752 112 314 640 372 268 298
is_linear=0
shrinkage=0.04


Tree=38
num_leaves=15
num_cat=0
split_feature=301 113 275 248 275 1 258 102 307 124 149 216 209 248
split_gain=45.7948 22.4948 24.3869 19.4519 14.4873 13.3674 13.3147 11.8377 11.6749 11.3504 11.3248 14.844 12.5906 10.1724
threshold=0.0017499999958090486 0.0013499999768100681 0.0043500000610947618 0.0018500000005587938 0.0037500000325962905 0.0023000000510364775 0.02680000010877848 0.21860000491142276 0.0030000001424923543 0.0056499999482184657 0.0034500000765547161 0.0013499999768100681 0.0083499997854232805 0.0014499999815598132
decision_type=2 2 2 2 2 2 2 2 2 2 2 2 2 2
left_child=1 3 5 4 6 8 10 13 -3 -5 11 12 -1 -6
right_child=-2 2 -4 9 7 -7 -8 -9 -10 -11 -12 -13 -14 -15
leaf_value=-0.0098043988495581848 0.036123546834798605 -0.044956352825539732 0.0085596601781562504 0.025699258039074479 0.030198084238928568 0.062215907048246394 0.088887594586578147 -0.02641226328840177 0.032786628503496569 -0.014421587193561812 -0.021808325875643662 0.031659281506293976 0.026639715554051608 -0.035677963376072631
leaf_weight=129.60670402646065 64.506966754794121 46.348604664206505 32.339981839060783 80.804558008909225 44.674550339579582 2.0261518955230704 2.2629364132881156 8.3622906506061536 3.180589333176612 12.909348681569098 57.206133902072906 19.342378854751587 17.036132916808128 3.9559154957532874
leaf_count=553 270 280 127 283 162 6 7 34 11 54 310 70 65 16
internal_value=0.00458822 0.000150904 -0.0185563 0.00433764 -0.000890072 -0.0356269 -0.00545934 0.0170931 -0.0398274 0.0201204 -0.00647322 -0.001154 -0.005528 0.024695
internal_weight=524.563 460.056 83.8953 376.161 282.447 51.5553 225.454 56.9928 49.5292 93.7139 223.191 165.985 146.643 48.6305
internal_count=2248 1978 424 1554 1217 297 1005 212 291 337 998 688 618 178
is_linear=0
shrinkage=0.04


Tree=39
num_leaves=15
num_cat=0
split_feature=250 33 193 276 127 220 49 109 127 229 223 277 111 212
split_gain=41.8349 21.9802 20.9746 25.578 22.7213 15.1966 13.936 13.6341 13.5494 12.1107 11.6606 11.4145 10.4765 11.8448
threshold=0.0012500000302679839 0.0020500000100582842 0.0018500000005587938 1.0000000180025095e-35 0.0010500000207684936 0.0015499999863095584 0.0021499999566003685 0.0027499999850988392 0.0095500000752508658 0.0020500000100582842 0.0010500000207684936 0.0034500000765547161 0.0018500000005587938 0.0099499998614192026
decision_type=2 2 2 2 2 2 2 2 2 2 2 2 2 2
left_child=1 2 3 4 5 7 -2 9 -5 10 -1 -6 13 -4
right_child=6 -3 12 8 11 -7 -8 -9 -10 -11 -12 -13 -14 -15
leaf_value=0.013588705507718917 0.042504382000958893 -0.041229062781380145 0.005880852315653955 0.023845295836597807 -0.031298370545410958 0.035912361365734294 -0.0056059923005153016 -0.038118019231412517 -0.026074073565895389 0.020613194505688121 -0.010581617723496098 0.014889184665080313 0.086053579695430552 0.06609024950624931
leaf_weight=42.483181923627853 54.771242529153824 19.590038061141968 18.834011554718025 79.724463135004044 64.360175676643848 17.508671626448631 11.485503897070883 16.02007520198822 9.6064588427543622 37.494306221604347 126.69887100160122 9.6861992180347425 5.0519629865884772 7.2459483593702307
leaf_count=163 235 121 80 299 365 61 47 74 41 144 544 35 16 23
internal_value=0.00444055 9.83779e-05 0.00197902 -0.00045502 -0.00583434 0.000123824 0.0341084 -0.00268682 0.0184092 5.73174e-05 -0.00448415 -0.0251906 0.0335614 0.0229505
internal_weight=520.561 454.304 434.714 403.582 314.251 240.205 66.2567 222.696 89.3309 206.676 169.182 74.0464 31.1319 26.08
internal_count=2248 1966 1845 1726 1386 986 282 925 340 851 707 400 119 103
is_linear=0
shrinkage=0.04


Tree=40
num_leaves=15
num_cat=0
split_feature=299 36 184 310 243 158 187 229 248 109 154 111 244 158
split_gain=46.1184 23.7175 22.1064 16.1263 13.322 12.5844 15.7859 12.2314 14.1032 19.677 11.8215 11.7733 11.74 11.3308
threshold=0.0023500000825151805 1.0000000180025095e-35 1.0000000180025095e-35 0.0024500000290572648 0.012749999761581423 0.061650000512599952 0.010850000195205213 0.0035500000230968003 0.0018500000005587938 0.0021499999566003685 0.13750000298023227 0.0052499999292194852 0.0057500000111758718 0.0042499999981373557
decision_type=2 2 2 2 2 2 2 2 2 2 2 2 2 2
left_child=1 2 3 5 12 6 7 8 10 13 -1 -6 -3 -10
right_child=-2 4 -4 -5 11 -7 -8 -9 9 -11 -12 -13 -14 -15
leaf_value=-0.0089844989316996502 0.04068908977264199 -0.035755158649290179 0.035073045564739343 0.034560422921219788 0.031897239521492406 -0.024568141002758656 0.036821058638950077 0.024405268849014297 0.031488140678258461 -0.039101687830015247 0.09484424059911524 -0.045077501902731257 0.027435076384417393 -0.017837206146422809
leaf_weight=200.22899180650711 51.985176667571068 49.454889670014381 35.094834476709366 22.547374814748764 11.895008377730848 30.967721939086914 19.560771703720093 29.007334858179092 44.159341856837273 9.4382109194993955 1.6645367443561543 4.2011859118938437 5.051945522427558 8.7816766500473005
leaf_count=890 259 290 121 79 44 156 72 108 145 37 5 21 18 33
internal_value=0.004967 0.00101683 0.00478614 0.00186514 -0.0203355 -0.000276855 0.00212201 -0.000190426 -0.00291346 0.0136727 -0.00806214 0.0114052 -0.0297856 0.0232126
internal_weight=524.039 472.054 401.451 366.356 70.603 343.809 312.841 293.28 264.273 62.3792 201.894 16.0962 54.5068 52.941
internal_count=2278 2019 1646 1525 373 1446 1290 1218 1110 215 895 65 308 178
is_linear=0
shrinkage=0.04


Tree=41
num_leaves=15
num_cat=0
split_feature=299 36 184 294 243 255 124 217 229 220 50 111 279 237
split_gain=43.8982 22.1031 20.4168 15.6462 12.495 11.4884 13.4154 14.5331 13.9364 13.9087 12.9669 10.9317 10.3442 10.2626
threshold=0.0023500000825151805 1.0000000180025095e-35 1.0000000180025095e-35 1.0000000180025095e-35 0.012749999761581423 0.009000000078231098 0.011049999855458738 0.0015499999863095584 0.0043500000610947618 0.0014499999815598132 0.013900000136345627 0.0052499999292194852 0.041399998590350158 0.0023500000825151805
decision_type=2 2 2 2 2 2 2 2 2 2 2 2 2 2
left_child=1 2 3 5 -3 6 7 8 9 -1 -7 -6 -8 -4
right_child=-2 4 13 -5 11 10 12 -9 -10 -11 -12 -13 -14 -15
leaf_value=-0.0058988834595988249 0.040184165119831868 -0.029033907652619605 0.0016673648713638677 0.048801028247957109 0.030531637237638503 0.054804805392764867 -0.032729338107662737 0.02931192982972743 0.035171499114243943 0.029907458855963378 -0.062476973175866438 -0.044062420795934365 0.067129202051523937 0.048514617563628203
leaf_weight=250.85982395708561 50.562964215874672 53.695997856557369 11.151204496622084 10.892232462763785 11.933612547814848 10.557500183582304 27.797444477677349 27.152897074818611 15.752802550792692 18.523702517151833 1.641258344054221 4.1298100203275672 1.6485959589481343 23.860846281051636
leaf_count=1073 259 308 43 39 44 37 147 97 54 65 8 21 5 78
internal_value=0.00480765 0.000982298 0.00461636 0.0018005 -0.0197665 0.000329396 -0.00102586 0.00139892 -0.0012545 -0.00341169 0.0383204 0.0109525 -0.0267949 0.0337551
internal_weight=520.161 469.598 399.838 364.826 69.7594 353.934 341.735 312.289 285.136 269.384 12.1988 16.0634 29.446 35.0121
internal_count=2278 2019 1646 1525 373 1486 1441 1289 1192 1138 45 65 152 121
is_linear=0
shrinkage=0.04


Tree=42
num_leaves=15
num_cat=0
split_feature=299 36 184 294 109 248 200 229 174 158 243 243 212 244
split_gain=41.7818 20.5804 18.9403 14.7755 11.8528 15.0433 14.837 12.9479 13.3178 12.1644 12.0113 11.689 11.2609 11.1764
threshold=0.0023500000825151805 1.0000000180025095e-35 1.0000000180025095e-35 1.0000000180025095e-35 0.0015499999863095584 0.0011500000255182388 0.083450000733137145 0.0010500000207684936 0.0056499999482184657 0.015549999661743643 0.018250000663101677 0.012749999761581423 0.065000001341104521 0.0057500000111758718
decision_type=2 2 2 2 2 2 2 2 2 2 2 2 2 2
left_child=1 2 3 4 5 7 12 8 -1 -7 -9 13 -6 -3
right_child=-2 11 -4 -5 6 9 -8 10 -10 -11 -12 -13 -14 -15
leaf_value=-0.0089680029534891428 0.039688728176672551 -0.034240589710421564 0.032602046000944573 0.047932290486770709 -0.029369823956468932 0.024433471324715017 0.060828389208088626 0.032591592386805882 0.056910070091113901 -0.012974383891057371 -0.020678476827874818 0.010520736359543256 0.021866405385770952 0.027501999881654051
leaf_weight=165.20819612592459 49.175778657197952 47.960274547338486 34.816591337323189 10.65273831784725 45.646344587206841 72.328182771801949 3.609863653779029 27.139028668403625 4.9476474225521079 16.995863102376461 8.8401335775852186 16.025454938411713 7.9082562476396552 5.0511556714773169
leaf_count=759 259 290 121 39 200 253 11 103 18 73 39 65 30 18
internal_value=0.00465507 0.000950738 0.0044564 0.00173967 0.000319658 0.00355779 -0.016324 -0.00236782 -0.00699666 0.0172645 0.0193712 -0.0191836 -0.0217027 -0.0282415
internal_weight=516.306 467.13 398.093 363.276 352.624 295.459 57.1645 206.135 170.156 89.324 35.9792 69.0369 53.5546 53.0114
internal_count=2278 2019 1646 1525 1486 1245 241 919 777 326 142 373 230 308
is_linear=0
shrinkage=0.04


Tree=43
num_leaves=15
num_cat=0
split_feature=299 158 216 275 248 201 299 160 189 311 93 261 178 258
split_gain=39.9122 18.9927 22.3357 18.1729 13.5804 15.4612 13.5939 10.7397 10.1288 10.6003 10.0221 9.96774 10.3754 11.0992
threshold=0.0038499999791383748 0.034150000661611564 0.0010500000207684936 0.0046500000171363362 0.0018500000005587938 0.0073500000871717939 0.0017499999958090486 0.0037500000325962905 0.0014000000082887711 0.0020500000100582842 0.0015499999863095584 0.0029499999945983295 1.0000000180025095e-35 0.0015499999863095584
decision_type=2 2 2 2 2 2 2 2 2 2 2 2 2 2
left_child=1 2 4 10 5 6 11 -5 9 -9 -3 -1 -13 -14
right_child=-2 3 -4 7 -6 -7 -8 8 -10 -11 -12 12 13 -15
leaf_value=-0.016036859737477326 0.045307698753659524 -0.028507452328742581 0.027407586452572352 0.019803520037980429 0.017540733493236284 0.035484554197150041 -0.11141927968659905 0.067231448270402533 0.043148639918661524 -0.036149253662712634 0.086692215576304077 0.019024418706837323 -0.013466157775217695 0.019720180301817391
leaf_weight=80.982239849865437 35.592230632901192 64.912936575710773 64.447401843965054 31.860985949635506 64.695960581302643 15.266733735799788 1.8448301106691349 1.6209902465343535 3.7842260599136344 18.257426410913467 1.1201175451278675 39.128025487065315 68.431576833128929 20.92079521715641
leaf_count=404 194 381 257 115 226 60 10 7 13 86 4 151 292 78
internal_value=0.00450341 0.00144325 0.00611524 -0.0121896 0.00138251 -0.00321937 -0.00605006 0.0046138 -0.0156676 -0.0272245 -0.0263647 -0.00505022 0.00185073 -0.0056379
internal_weight=512.866 477.274 355.718 121.557 291.27 226.574 211.307 55.5236 23.6626 19.8784 66.0331 209.463 128.48 89.3524
internal_count=2278 2084 1478 606 1221 995 935 221 106 93 385 925 521 370
is_linear=0
shrinkage=0.04


Tree=44
num_leaves=15
num_cat=0
split_feature=299 255 53 276 127 134 178 214 252 165 108 6 201 285
split_gain=38.2007 20.2807 26.4255 18.1364 12.5089 13.3655 13.2899 10.3539 11.0839 15.4823 12.623 10.6691 16.7117 15.0433
threshold=0.0038499999791383748 0.009000000078231098 0.0031500000040978198 0.0021499999566003685 0.052350001409649856 0.0011500000255182388 0.010249999817460777 0.0022500000195577745 0.0041499999351799497 1.0000000180025095e-35 1.0000000180025095e-35 0.0082499999552965182 0.0018500000005587938 0.0013499999768100681
decision_type=2 2 2 2 2 2 2 2 2 2 2 2 2 2
left_child=1 2 3 4 5 7 -7 8 9 -1 11 12 13 -10
right_child=-2 -3 -4 -5 -6 6 -8 -9 10 -11 -12 -13 -14 -15
leaf_value=-0.0064902443276717162 0.044969624810266666 0.04137955054715417 -0.038684008765780604 0.025385740012408564 -0.054545384778974193 -0.028144714228571458 0.023206123181881942 0.035167708420316073 -0.023910785997930294 0.041813406690636636 -0.009747953525646804 -0.022770271338582084 0.055584822343928843 0.027004627362732563
leaf_weight=191.9303143247962 34.449265286326408 19.364923357963562 26.915553919970989 47.498196944594383 6.7040037065744391 42.787007890641689 9.7658855468034726 15.379725456237791 12.859556593000887 11.12422504276037 29.499744832515717 7.767986685037612 21.189242668449879 32.243575416505337
leaf_count=847 194 74 161 185 42 202 36 58 66 40 146 36 75 116
internal_value=0.00435604 0.00139347 -0.000305795 0.0021026 -0.000793536 0.000172191 -0.0185003 0.00323695 0.00161133 -0.00380499 0.0122633 0.0210861 0.0263119 0.0123786
internal_weight=509.479 475.03 455.665 428.749 381.251 374.547 52.5529 321.994 306.615 203.055 103.56 74.0604 66.2924 45.1031
internal_count=2278 2084 2010 1849 1664 1622 238 1384 1326 887 439 293 257 182
is_linear=0
shrinkage=0.04


Tree=45
num_leaves=15
num_cat=0
split_feature=276 50 212 102 310 248 208 298 214 96 275 187 298 273
split_gain=35.122 15.2483 16.8616 12.9899 17.2215 15.4984 14.8863 12.1405 12.7442 10.8988 10.529 10.4519 16.372 11.596
threshold=0.0024500000290572648 1.0000000180025095e-35 0.0021499999566003685 0.0077499998733401307 0.0013499999768100681 0.0013499999768100681 0.0011500000255182388 0.050650000572204597 0.0011500000255182388 0.0030500000575557355 0.36954998970031744 0.0012500000302679839 0.025449999608099464 0.0094499997794628161
decision_type=2 2 2 2 2 2 2 2 2 2 2 2 2 2
left_child=1 3 -3 4 5 7 10 8 -1 -2 -5 -4 -13 -14
right_child=9 2 11 6 -6 -7 -8 -9 -10 -11 -12 12 13 -15
leaf_value=-0.0081734247978625888 0.035135609334978217 -0.033050771695443161 -0.01808199330019878 -0.023059201758175975 0.039898942079835797 0.020541467150289604 0.042250933236010688 0.031988037631445893 0.058741404979766383 -0.010024594409750264 0.047843445478291127 0.05467798556026874 -0.055668355176746273 0.0084197085560484362
leaf_weight=132.37413370609283 66.60920187830925 40.970966666936874 32.832015737891197 52.777971215546131 25.312837675213814 70.809758052229881 7.1455114334821692 14.940970495343207 4.6056646704673758 9.6116339564323408 3.4519294351339331 10.625803850591181 5.3382668495178249 26.413151666522026
leaf_count=587 307 251 164 270 104 251 27 51 16 44 11 44 30 109
internal_value=0.00438686 -6.51986e-05 -0.012435 0.00453924 0.00867771 0.00509522 -0.0115833 -0.00208668 -0.00585316 0.0293827 -0.0185583 -0.00112227 0.0119348 -0.00237058
internal_weight=503.82 427.599 116.18 311.419 248.043 222.731 63.3754 151.921 136.98 76.2208 56.2299 75.2092 42.3772 31.7514
internal_count=2266 1915 598 1317 1009 905 308 654 603 351 281 347 183 139
is_linear=0
shrinkage=0.04


Tree=46
num_leaves=15
num_cat=0
split_feature=299 294 237 105 184 113 149 134 177 187 275 212 177 53
split_gain=33.0351 16.9789 18.4088 17.2125 14.4949 13.0639 10.9709 10.943 11.98 11.4269 10.819 16.355 10.6214 10.6099
threshold=0.0038499999791383748 1.0000000180025095e-35 0.0019500000635161998 0.017849999479949478 0.0010500000207684936 0.0010500000207684936 0.10884999856352807 0.0011500000255182388 0.0042499999981373557 0.017150000669062141 0.0015499999863095584 0.0099499998614192026 0.016599999740719799 1.0000000180025095e-35
decision_type=2 2 2 2 2 2 2 2 2 2 2 2 2 2
left_child=1 2 12 4 5 7 -6 9 -9 10 -4 -12 13 -1
right_child=-2 -3 3 -5 6 -7 -8 8 -10 -11 11 -13 -14 -15
leaf_value=-0.0068729488739122995 0.044309311202821562 0.043584314706086737 0.014814958573178714 -0.033981126413067213 0.040248592739652062 -0.019802205864826207 -0.041542524463375467 -0.016498456351639594 0.050887603193955411 0.04158230733825076 -0.029287319259819894 0.030757209189704128 0.051739730594263116 -0.032180743402610498
leaf_weight=118.16880046576262 30.803257420659065 14.821916148066519 121.38247036933899 16.109981127083302 30.318122088909149 29.640232399106026 2.7438121736049643 39.597898796200752 4.6052858382463446 19.732218474149704 23.396613612771034 10.359115630388258 4.097152665257453 34.36348719894886
leaf_count=565 184 58 466 87 105 144 13 177 16 80 98 37 14 222
internal_value=0.00424547 0.00159862 0.000211365 0.00605682 0.00837135 0.00503803 0.0332353 0.00842462 -0.00928857 0.0129277 0.0092329 -0.010706 -0.0108771 -0.012618
internal_weight=500.14 469.337 454.515 297.886 281.776 248.714 33.0619 219.074 44.2032 174.87 155.138 33.7557 156.629 152.532
internal_count=2266 2082 2024 1223 1136 1018 118 874 193 681 601 135 801 787
is_linear=0
shrinkage=0.04


Tree=47
num_leaves=15
num_cat=0
split_feature=299 294 237 33 184 217 311 149 158 248 311 154 177 109
split_gain=31.6413 15.9665 17.0553 16.1211 13.0939 11.9574 11.1464 10.6105 10.0243 10.2143 10.6626 10.0325 9.83687 10.3631
threshold=0.0038499999791383748 1.0000000180025095e-35 0.0019500000635161998 1.0000000180025095e-35 0.0010500000207684936 0.0015499999863095584 0.022450000047683719 0.10884999856352807 0.041449999436736114 0.0029499999945983295 0.086599998176097884 0.075750000774860396 0.016599999740719799 0.0014499999815598132
decision_type=2 2 2 2 2 2 2 2 2 2 2 2 2 2
left_child=1 2 12 4 5 8 -5 -6 9 10 11 -4 13 -1
right_child=-2 -3 3 6 7 -7 -8 -9 -10 -11 -12 -13 -14 -15
leaf_value=-0.0070170271681221554 0.044003602041338977 0.042640477379267273 -0.00069961335970920022 -0.045483631957634704 0.039398538163455829 0.02642829862629701 0.018946665490563959 -0.047080915547547807 -0.019720936396771992 0.022399961011293254 -0.099321865171760296 0.065899841474698309 0.049787944499848524 -0.03355706612301685
leaf_weight=122.39606733620167 29.797584980726242 14.551724672317503 130.50253191590309 15.377195082604887 29.103192761540416 36.322200588881969 5.7801063805818549 2.337044656276702 30.113522462546825 42.014837771654129 1.6126431971788395 3.6200202256441107 4.091484695672988 29.284265518188477
leaf_count=627 184 58 525 93 101 143 22 11 154 155 7 12 14 160
internal_value=0.00410558 0.00154298 0.000203543 0.0058375 0.00843449 0.00527981 -0.027687 0.0327146 0.00155415 0.00519002 -0.000120186 0.00111589 -0.0105017 -0.0121861
internal_weight=496.904 467.107 452.555 296.783 275.626 244.186 21.1573 31.4402 207.864 177.75 135.735 134.123 155.772 151.68
internal_count=2266 2082 2024 1223 1108 996 115 112 853 699 544 537 801 787
is_linear=0
shrinkage=0.04


Tree=48
num_leaves=15
num_cat=0
split_feature=301 202 105 179 184 109 200 252 273 200 217 105 286 149
split_gain=29.3384 15.1595 15.7962 15.9866 13.4244 16.5042 22.3723 25.2418 16.4625 14.175 13.2575 14.1478 11.2911 10.5864
threshold=0.0024500000290572648 0.012200000230222942 0.017649999819695953 0.0017499999958090486 0.0010500000207684936 0.0010500000207684936 0.0047500000800937423 0.064150001853704466 0.0080500002950429934 0.077950000762939467 0.0015499999863095584 0.0017499999958090486 0.0024500000290572648 0.26560001075267797
decision_type=2 2 2 2 2 2 2 2 2 2 2 2 2 2
left_child=1 2 3 4 5 6 8 -8 10 12 11 -1 -7 -6
right_child=-2 -3 -4 -5 13 9 7 -9 -10 -11 -12 -13 -14 -15
leaf_value=0.0070094004669060761 0.03559703332026206 0.039430299190370922 -0.030192520858669834 0.050094268582050287 0.025470716847563881 -0.028945064948353881 -0.023466106101976681 0.045114254756576565 0.04457423373774911 0.036621534316296243 0.043232029718292271 -0.030179147331110882 0.014284746833013782 -0.063224715757613403
leaf_weight=136.41298678517342 42.762462735176086 15.711912028491495 26.696761414408684 10.456049054861067 42.173184491693974 66.60562989115715 70.910135671496391 9.6411599069833738 19.667488649487495 6.8887469545006743 13.893738105893133 18.479325450956821 11.110186107456682 2.1511953622102729
leaf_count=564 221 67 170 44 159 332 353 36 84 26 50 108 41 11
internal_value=0.00397044 0.000954259 -0.000434743 0.00150767 0.0002087 -0.00238424 0.00245034 -0.0151624 0.0100039 -0.017788 0.00592792 0.00253023 -0.0227031 0.0209434
internal_weight=493.561 450.798 435.087 408.39 397.934 353.609 269.005 80.5513 188.454 84.6046 168.786 154.892 77.7158 44.3244
internal_count=2266 2045 1978 1808 1764 1594 1195 389 806 399 722 672 373 170
is_linear=0
shrinkage=0.04


Tree=49
num_leaves=15
num_cat=0
split_feature=299 294 237 179 134 237 212 223 187 90 273 166 286 102
split_gain=29.4588 14.6537 15.5218 10.6018 14.6276 13.3604 10.9105 14.2312 11.0918 16.5029 12.035 10.0837 9.95093 10.7247
threshold=0.0038499999791383748 1.0000000180025095e-35 0.068649999797344222 0.0012500000302679839 0.0011500000255182388 0.0019500000635161998 0.0088499998673796671 0.0056499999482184657 0.017150000669062141 0.0045499999541789302 0.0064499999862164268 1.0000000180025095e-35 0.0045499999541789302 0.18249999731779101
decision_type=2 2 2 2 2 2 2 2 2 2 2 2 2 2
left_child=1 2 3 4 5 -1 7 -7 9 10 -9 -12 -6 -14
right_child=-2 -3 -4 -5 12 6 -8 8 -10 -11 11 -13 13 -15
leaf_value=-0.0094409847763992673 0.043510085009244477 0.041418506801684948 0.028777434509264916 0.036536553045164399 -0.028705051203943455 0.01932424378892755 0.027633876754856665 0.00450680245195971 0.028783518756067949 -0.079063299078108773 -0.030413121465421931 0.038318082565792159 0.037818980369918508 -0.065595858797572917
leaf_weight=138.27218920737505 28.134702622890472 14.097065493464468 28.265740141272545 11.121975049376486 48.756934434175491 55.986779876053333 33.029042132198811 66.275213129818439 13.684511579573153 5.0712114870548239 34.472827211022377 3.6549831032752982 7.4911753535270673 1.9191725105047224
leaf_count=717 184 58 120 43 244 222 126 261 56 26 158 15 26 10
internal_value=0.00384114 0.00140837 0.000131498 -0.00179444 -0.00285623 0.000217998 0.00653299 0.00260706 -0.00496947 -0.00924758 -0.00574571 -0.0236368 -0.0214151 0.0158397
internal_weight=490.234 462.099 448.002 419.736 408.614 350.447 212.175 179.146 123.159 109.474 104.403 38.1278 58.1673 9.41035
internal_count=2266 2082 2024 1904 1861 1581 864 738 516 460 434 173 280 36
is_linear=0
shrinkage=0.04


Tree=50
num_leaves=15
num_cat=0
split_feature=299 193 127 166 134 201 113 102 200 242 174 111 248 43
split_gain=33.2893 14.0066 17.0132 12.1236 14.4536 11.4901 12.0312 12.0892 10.2884 11.3253 11.0886 11.3263 9.61276 11.4329
threshold=0.0023500000825151805 0.0022500000195577745 1.0000000180025095e-35 1.0000000180025095e-35 0.0014499999815598132 0.0022500000195577745 0.0010500000207684936 0.0087500000372529047 0.0013499999768100681 0.0043500000610947618 0.0049499999731779107 0.0017499999958090486 0.0018500000005587938 0.0010500000207684936
decision_type=2 2 2 2 2 2 2 2 2 2 2 2 2 2
left_child=1 2 3 4 5 6 7 12 9 -4 -10 -12 13 -1
right_child=-2 -3 8 -5 -6 -7 -8 -9 10 -11 11 -13 -14 -15
leaf_value=-0.0020335320088128088 0.039911488292281277 0.023269156195026716 -0.011424002206745106 0.028793646341558388 -0.031234545831952343 0.027017170492585445 -0.023336962562979846 -0.053688887596648811 -0.030632154071276674 0.033284398948914148 0.018113709585976571 -0.042564171611574657 0.02246965317267138 0.058588064505755114
leaf_weight=113.15428845584393 37.317010022699833 39.647053577005863 28.836835578083992 28.168755769729614 20.157542437314987 30.053415201604366 28.806860081851482 5.3935965299606314 61.544469706714153 13.080583475530146 17.611806780099872 6.7114846855401984 44.26124669611454 5.1049757301807395
leaf_count=477 242 161 156 114 97 113 149 25 370 52 66 33 155 19
internal_value=0.00368111 0.000608584 -0.00161669 0.00397443 0.00111648 0.00402223 0.00047699 0.00459771 -0.0136784 0.00247834 -0.0216058 0.00110146 0.0065885 0.000596854
internal_weight=479.85 442.533 402.886 275.101 246.932 226.774 196.721 167.914 127.785 41.9174 85.8678 24.3233 162.521 118.259
internal_count=2229 1987 1826 1149 1035 938 825 676 677 208 469 99 651 496
is_linear=0
shrinkage=0.04


Tree=51
num_leaves=15
num_cat=0
split_feature=276 105 255 193 134 166 33 97 64 6 202 136 285 201
split_gain=25.4202 14.7116 14.3038 14.9772 12.8132 12.0423 11.4244 10.6571 10.2051 10.1366 9.887 9.88321 9.53956 9.46064
threshold=0.0021499999566003685 0.0010500000207684936 0.009000000078231098 0.0018500000005587938 0.0011500000255182388 1.0000000180025095e-35 0.0022500000195577745 0.0010500000207684936 0.0021499999566003685 0.012149999849498274 0.0011500000255182388 0.010550000239163639 0.088250000029802336 0.0017499999958090486
decision_type=2 2 2 2 2 2 2 2 2 2 2 2 2 2
left_child=1 4 3 11 5 9 8 -2 -5 10 13 12 -3 -1
right_child=7 2 -4 6 -6 -7 -8 -9 -10 -11 -12 -13 -14 -15
leaf_value=0.0024293578977486732 0.0288592074954028 -0.022048928120609289 0.033900410923092636 0.014759027272787169 -0.022110661903328523 0.046525003390702056 -0.048698546388719254 -0.032074893555373664 0.092628113589473995 -0.044020752811850854 0.057182707315634185 0.073529246191399583 0.04324609625884334 0.026342690918633567
leaf_weight=161.24704624712467 70.354916512966156 119.47815278172493 10.985204130411146 17.317023441195495 23.584602043032646 12.703841492533682 3.6114134415984145 4.7703435868024817 3.1527386009693137 6.0516844913363448 6.2622852325439444 1.7174279540777195 3.5605276376008979 31.70336440205574
leaf_count=670 354 671 48 73 105 58 25 22 10 33 23 6 12 119
internal_value=0.00355982 -0.000429524 -0.00984994 -0.0131265 0.0057884 0.00883423 0.015616 0.0248993 0.0273388 0.00646055 0.00803546 -0.0187146 -0.0200933 0.00639085
internal_weight=476.501 401.375 159.822 148.837 241.553 217.968 24.0812 75.1253 20.4698 205.264 199.213 124.756 123.039 192.95
internal_count=2229 1853 845 797 1008 903 108 376 83 845 812 689 683 789
is_linear=0
shrinkage=0.04


Tree=52
num_leaves=15
num_cat=0
split_feature=299 36 310 53 1 113 298 202 2 301 123 276 258 25
split_gain=30.8984 13.2975 13.8497 11.4966 11.4538 10.057 18.0559 9.66322 10.9082 9.38917 8.37595 9.80803 8.53416 8.62533
threshold=0.0023500000825151805 1.0000000180025095e-35 0.0024500000290572648 1.0000000180025095e-35 0.0014499999815598132 0.0010500000207684936 0.13314999639987948 0.014950000215321781 0.007400000002235175 0.0011500000255182388 0.0015499999863095584 0.002549999975599349 0.02224999945610762 0.0045499999541789302
decision_type=2 2 2 2 2 2 2 2 2 2 2 2 2 2
left_child=1 2 4 -4 5 10 9 -3 -9 -7 11 12 13 -1
right_child=-2 7 3 -5 -6 6 -8 8 -10 -11 -12 -13 -14 -15
leaf_value=-0.00074847614871481475 0.03929627694523951 -0.021099578026964504 0.043950398336413059 -0.048898442297141971 0.077618594880771469 -0.03387364503078899 0.021644518600851762 -0.052279473552100997 0.071068005105735785 0.028051513182795987 -0.027793120092634693 0.030255695532570119 0.071288607790842104 0.020558336241281304
leaf_weight=216.28558156639338 35.472840458154678 58.355914235115051 19.822447970509533 2.2669055908918372 3.0328050851821891 39.031895063817501 16.159531652927399 1.5096831545233715 3.7696016281843185 4.2067349702119818 12.65718564391136 23.066028609871864 2.8011602684855452 35.215807385742664
leaf_count=912 242 346 77 11 9 221 60 8 12 16 68 93 9 145
internal_value=0.00344229 0.00052231 0.00340445 0.0340642 0.00146246 0.000768008 -0.0141988 -0.0163574 0.0347354 -0.0277058 0.00385087 0.0053188 0.00303022 0.00222604
internal_weight=473.654 438.181 374.546 22.0894 352.457 349.424 59.3982 63.6352 5.27928 43.2386 290.026 277.369 254.303 251.501
internal_count=2229 1987 1621 88 1533 1524 297 366 20 237 1227 1159 1066 1057
is_linear=0
shrinkage=0.04


Tree=53
num_leaves=15
num_cat=0
split_feature=299 53 202 255 220 258 113 294 134 239 136 276 177 114
split_gain=29.4745 12.6812 13.6709 11.6602 11.3285 10.1895 13.63 9.19734 8.26026 9.06736 8.62113 8.20656 8.09871 7.68852
threshold=0.0023500000825151805 0.0031500000040978198 0.012200000230222942 0.009000000078231098 0.002650000038556755 0.0015499999863095584 0.0013499999768100681 1.0000000180025095e-35 0.0011500000255182388 0.0038499999791383748 0.014899999834597112 0.0014499999815598132 0.0053499999921768912 0.0021499999566003685
decision_type=2 2 2 2 2 2 2 2 2 2 2 2 2 2
left_child=1 2 4 -3 5 6 7 8 9 13 11 12 -10 -1
right_child=-2 3 -4 -5 -6 -7 -8 -9 10 -11 -12 -13 -14 -15
leaf_value=0.003938591413331206 0.038919979781255838 -0.036713742032991957 0.047303695167266888 0.019547155735985658 0.036646148369795788 0.016094935334845004 -0.024341214503854555 0.045664497175317655 -0.032061172714554595 -0.054270610237766262 0.072821115802244582 0.040330218457937834 0.053185819551047946 -0.058998355539706233
leaf_weight=232.00293070077896 34.405765645205975 24.912379950284958 10.492146164178846 7.5394640341401091 13.840252190828322 53.483917906880379 40.737536877393723 6.8951822072267523 32.558439619839191 4.3898870870470992 1.4934086501598347 2.9868059754371634 1.7638951689004887 3.0415985509753218
leaf_count=981 242 161 41 31 52 216 244 29 164 23 5 12 7 21
internal_value=0.00333045 0.000505441 0.00245046 -0.0235 0.00123168 -5.91462e-05 -0.00272686 0.000354667 -0.000769819 0.00199195 -0.0178757 -0.021798 -0.0274222 0.0030824
internal_weight=470.544 436.138 403.686 32.4518 393.194 379.354 325.87 285.132 278.237 239.434 38.8025 37.3091 34.3223 235.045
internal_count=2229 1987 1795 192 1754 1702 1486 1242 1213 1025 188 183 171 1002
is_linear=0
shrinkage=0.04


Tree=54
num_leaves=15
num_cat=0
split_feature=276 220 193 109 255 134 33 97 92 258 223 200 242 175
split_gain=21.3753 12.52 11.608 13.1793 12.1394 12.3881 11.5317 9.55013 9.01436 9.92644 9.60258 15.1077 8.7813 11.9017
threshold=0.0021499999566003685 0.0021499999566003685 0.0022500000195577745 0.002650000038556755 0.009000000078231098 0.0014499999815598132 0.0021499999566003685 0.0010500000207684936 0.0011500000255182388 0.0015499999863095584 1.0000000180025095e-35 0.0011500000255182388 0.011750000063329937 0.011750000063329937
decision_type=2 2 2 2 2 2 2 2 2 2 2 2 2 2
left_child=1 2 3 4 5 8 -4 -2 9 10 11 -1 -11 -14
right_child=7 -3 6 -5 -6 -7 -8 -9 -10 12 -12 -13 13 -15
leaf_value=0.032315867268691005 0.02721154709381525 0.033477708967109852 0.029355804483187226 -0.02611578677809415 0.040459804103465127 -0.024818495438125809 -0.047918217005683536 -0.031136554323889617 -0.02281614060014692 -0.006194949111859682 -0.0048837590914454672 -0.02310037493855659 0.055089908208705955 -0.010642890226178049
leaf_weight=28.539843715727329 66.946734800934792 16.598062209784985 28.714988432824612 38.412947930395603 10.64808079600334 35.854215383529663 3.3349601700901976 4.6656678467988959 24.531544707715511 10.818009823560713 165.86523454636335 10.687848336994646 16.178238943219188 5.8743083402514449
leaf_count=112 354 71 111 195 47 185 24 22 157 51 755 62 60 23
internal_value=0.00322046 -0.000407978 -0.00190915 -0.00404571 -0.00128157 -0.00279778 0.0210666 0.0233162 0.000203101 0.00260153 -0.000654097 0.0170953 0.0229764 0.0374306
internal_weight=467.671 396.058 379.46 347.41 308.997 298.349 32.0499 71.6124 262.495 237.963 205.093 39.2277 32.8706 22.0525
internal_count=2229 1853 1782 1647 1452 1405 135 376 1220 1063 929 174 134 83
is_linear=0
shrinkage=0.04


Tree=55
num_leaves=15
num_cat=0
split_feature=166 137 105 248 154 201 109 275 217 36 158 242 310 269
split_gain=27.9187 13.1468 12.2174 13.2066 14.0383 14.7023 12.5137 12.1273 10.4612 10.0187 9.67189 11.6718 9.3395 9.17153
threshold=1.0000000180025095e-35 0.0011500000255182388 0.0012500000302679839 0.0017499999958090486 0.018849999643862251 0.0073500000871717939 0.0029499999945983295 0.012149999849498274 0.0012500000302679839 0.0099999997764825838 0.0020500000100582842 0.0074499999172985562 0.0018500000005587938 1.0000000180025095e-35
decision_type=2 2 2 2 2 2 2 2 2 2 2 2 2 2
left_child=2 -2 3 4 5 8 -5 13 12 -9 -7 -12 -1 -4
right_child=1 -3 7 6 -6 10 -8 9 -10 -11 11 -13 -14 -15
leaf_value=-0.011372755707751092 0.032993570685402353 -0.014144531077726457 -0.013533949799756995 0.027231463738821626 0.060049223836165989 0.072609832140904565 -0.032091875708993592 0.015468177697847743 0.037939112269953564 -0.042916900179119304 -0.052023317588987164 0.039848601670453614 0.036234154999498135 -0.047195688113410794
leaf_weight=152.68781412392855 58.970140874385834 11.084784008562563 85.093807883560658 49.702244758605957 5.6169531717896453 6.0485458970069876 6.2788711935281745 33.965448260307312 7.7423242330551139 5.3343769237399092 3.2788561284542066 6.2543023973703384 6.7589344531297675 15.39980375766754
leaf_count=690 315 55 526 187 20 19 25 130 31 30 15 24 27 92
internal_value=0.00226052 0.0254684 -0.00196672 0.00341595 -0.00163611 -0.00358551 0.020461 -0.0114003 -0.00707494 0.00735292 0.0334068 0.00762271 -0.00930819 -0.0187739
internal_weight=454.217 70.0549 384.162 244.369 188.388 182.771 55.9811 139.793 167.189 39.2998 15.5817 9.53316 159.447 100.494
internal_count=2186 370 1816 1038 826 806 212 778 748 160 58 39 717 618
is_linear=0
shrinkage=0.04


Tree=56
num_leaves=15
num_cat=0
split_feature=166 137 299 50 273 242 102 201 6 248 109 248 165 181
split_gain=26.062 12.3659 11.9185 12.2412 10.5048 9.07919 8.57557 18.0458 16.3793 9.23755 11.0342 10.0867 8.87653 8.82032
threshold=1.0000000180025095e-35 0.0011500000255182388 0.003249999950639904 0.0012500000302679839 0.06840000301599504 0.0046500000171363362 0.0018500000005587938 0.0084500000812113302 0.0012500000302679839 0.0017499999958090486 0.0021499999566003685 0.0073500000871717939 1.0000000180025095e-35 0.0037500000325962905
decision_type=2 2 2 2 2 2 2 2 2 2 2 2 2 2
left_child=2 -2 3 6 -5 -3 7 8 9 12 -11 -12 -1 -10
right_child=1 5 -4 4 -6 -7 -8 -9 13 10 11 -13 -14 -15
leaf_value=-0.0013168652428902181 0.032168108927795779 -0.072958495983594995 0.0438672816425641 -0.020683982628902024 0.029628590682695681 0.007782411843820957 -0.0083573780391668594 0.058265942587116537 -0.042048605365723135 0.030508451384141488 -0.075852245770228199 0.034945732458897115 0.048977240040324839 0.05211921655067811
leaf_weight=109.41653706133366 58.084778696298599 2.9214888140559188 8.7829631119966489 77.436757378280163 7.1124347746372214 8.1903572157025319 102.52049919962883 9.9243526160716993 16.336017526686195 37.9119883030653 3.117856189608573 2.0876016616821289 5.8138483315706244 1.6406748741865147
leaf_count=459 315 16 63 456 28 39 503 36 90 134 13 7 21 6
internal_value=0.00218631 0.0247598 -0.00189658 -0.00299542 -0.0163743 -0.0135503 0.000912278 0.00603796 0.0030443 0.00717888 0.0229549 -0.0308426 0.00122626 -0.0329922
internal_weight=451.298 69.1966 382.102 373.319 84.5492 11.1118 288.769 186.249 176.325 158.348 43.1174 5.20546 115.23 17.9767
internal_count=2186 370 1816 1753 484 55 1269 766 730 634 154 20 480 96
is_linear=0
shrinkage=0.04


Tree=57
num_leaves=15
num_cat=0
split_feature=299 237 59 248 233 181 294 273 109 120 310 221 298 273
split_gain=25.0558 11.1006 14.012 11.8046 11.5958 9.46667 10.3847 8.88354 11.3985 11.7421 8.79782 8.32282 7.39641 8.3198
threshold=0.003249999950639904 0.0016499999910593035 1.0000000180025095e-35 0.0057500000111758718 0.0010500000207684936 0.0027499999850988392 0.0010500000207684936 0.056549999862909324 0.0015499999863095584 0.13679999858140948 0.0065500000491738328 0.0022500000195577745 0.020049999468028549 0.003249999950639904
decision_type=2 2 2 2 2 2 2 2 2 2 2 2 2 2
left_child=1 4 3 7 5 6 11 8 9 -3 -6 -1 -10 -14
right_child=-2 2 -4 -5 10 -7 -8 -9 12 -11 -12 -13 13 -15
leaf_value=-0.019682165692869732 0.040757180160348482 0.006854658089021322 -0.041761248840742331 0.028553117967320379 0.090728682290462243 0.018065290237842774 0.050672893296570348 0.038464398269514373 -0.044430710106165082 -0.042792757157718408 -0.0108549847348505 0.11413141506711756 0.047828860496427116 -0.016394818778015189
leaf_weight=105.67864173650742 25.233051605522633 196.611318141222 10.167884506285189 32.188856013119221 3.0425156950950614 14.166691496968268 3.4419146105647078 10.623260512948034 12.342420391738413 7.8130405396223059 2.2639604136347771 0.64245066046714683 3.7145358622074154 20.401951558887959
leaf_count=604 200 827 70 133 13 62 14 39 65 42 11 3 13 90
internal_value=0.00211588 -0.000188271 0.00409872 0.00577061 -0.00996279 -0.0124809 -0.0164727 0.00282872 0.00122524 0.0049176 0.0472499 -0.0187295 -0.0193252 -0.00618095
internal_weight=448.332 423.099 293.863 283.695 129.236 123.93 109.763 251.507 240.883 204.424 5.30648 106.321 36.4589 24.1165
internal_count=2186 1986 1279 1209 707 683 621 1076 1037 869 24 607 168 103
is_linear=0
shrinkage=0.04


Tree=58
num_leaves=15
num_cat=0
split_feature=166 137 105 248 154 261 109 202 223 25 109 6 285 223
split_gain=23.5213 11.5575 10.9018 11.0742 12.9936 11.1154 10.8209 10.37 9.30647 12.4141 9.07918 11.512 9.06522 8.73509
threshold=1.0000000180025095e-35 0.0011500000255182388 0.0012500000302679839 0.0017499999958090486 0.018849999643862251 0.0024500000290572648 0.0029499999945983295 0.014250000007450582 1.0000000180025095e-35 0.0010500000207684936 1.0000000180025095e-35 0.0077499998733401307 0.013050000183284284 0.15395000576972964
decision_type=2 2 2 2 2 2 2 2 2 2 2 2 2 2
left_child=2 -2 3 4 5 8 -5 13 9 -1 11 -7 -12 -4
right_child=1 -3 7 6 -6 10 -8 -9 -10 -11 12 -13 -14 -15
leaf_value=0.033366237546477079 0.031102936816391976 -0.013531623587371089 -0.015896668578118642 0.025558804218176551 0.057863559658560132 0.012612522182978866 -0.029851804278976948 0.035531014027357449 -0.028570825157252497 -0.037597039206126073 -0.0038659658084887845 -0.044528465078650444 -0.05861580279207184 0.029899230812233508
leaf_weight=10.508206695318224 56.463080406188965 10.90816470980644 123.41638191789389 48.38389129191637 5.6428209841251364 91.785493716597557 6.2325487285852423 7.1772960722446433 39.513170294463634 6.1533079817891112 20.363621741533283 5.8877898231148711 6.3323401287198058 6.8964100554585448
leaf_count=39 315 55 721 187 20 363 25 30 219 30 92 33 30 27
internal_value=0.00204644 0.0238075 -0.00182373 0.00329449 -0.00133396 -0.0032373 0.0191195 -0.0108129 -0.0179998 0.00685201 0.00340753 0.00908511 -0.0171723 -0.0134213
internal_weight=445.665 67.3712 378.293 240.803 186.187 180.544 54.6164 137.49 56.1747 16.6615 124.369 97.6733 26.696 130.313
internal_count=2186 370 1816 1038 826 806 212 778 288 69 518 396 122 748
is_linear=0
shrinkage=0.04


Tree=59
num_leaves=15
num_cat=0
split_feature=299 179 202 127 154 237 109 248 248 90 158 261 273 120
split_gain=23.4644 12.0106 11.912 15.5045 11.1774 11.967 10.4024 14.9628 14.356 9.70358 9.57078 9.08592 11.2065 9.88414
threshold=0.003249999950639904 0.0012500000302679839 0.014250000007450582 0.021049999631941322 0.0099499998614192026 0.049799999222159393 0.0014499999815598132 0.0073500000871717939 0.0018500000005587938 0.0047500000800937423 0.0042499999981373557 0.0027499999850988392 0.0086500002071261423 0.079649999737739577
decision_type=2 2 2 2 2 2 2 2 2 2 2 2 2 2
left_child=1 2 3 4 6 -6 8 -8 9 11 -10 12 -1 -13
right_child=-2 -3 -4 -5 5 -7 7 -9 10 -11 -12 13 -14 -15
leaf_value=-0.016719215759693644 0.04035288170561542 0.038934127810238743 0.038592695149819674 -0.03426828415284125 0.034562217854738689 -0.02831551256070099 -0.025860957965913482 0.025477487154336422 0.029581621003865882 -0.047122798383982138 -0.0088252394879144973 0.0054053296226630222 0.092568287958807838 -0.050214870964266467
leaf_weight=66.572771809995174 24.005038939416409 12.062634922564028 11.464098483324049 23.159071944653988 24.950605556368831 5.8534789457917205 53.527819663286209 10.776306688785551 38.954893842339516 7.8656090870499602 13.892155721783636 143.27076106518507 1.4276005923748005 5.1919643878936759
leaf_count=363 200 55 46 155 110 31 276 40 149 41 63 623 4 30
internal_value=0.0019756 -0.000222806 -0.00140271 -0.00258177 -0.000591202 0.0224316 -0.00268571 -0.0171692 0.000664981 -0.00374034 0.0194123 -0.00212445 -0.0142335 0.00340079
internal_weight=442.975 418.97 406.907 395.443 372.284 30.8041 341.48 64.3041 277.176 224.329 52.847 216.463 68.0004 148.463
internal_count=2186 1986 1931 1885 1730 141 1589 316 1273 1061 212 1020 367 653
is_linear=0
shrinkage=0.04


Tree=60
num_leaves=15
num_cat=0
split_feature=299 179 134 286 217 127 112 187 123 50 298 261 209 113
split_gain=20.7029 11.3892 10.8897 13.9867 11.2845 10.5615 10.5143 10.7254 9.76205 9.55564 13.1401 10.2162 9.45477 11.9943
threshold=0.0038499999791383748 0.0012500000302679839 1.0000000180025095e-35 0.0015499999863095584 0.0046500000171363362 0.010850000195205213 0.0010500000207684936 0.0064499999862164268 0.0090999999083578604 1.0000000180025095e-35 0.092450000345706954 0.0087500000372529047 0.0027499999850988392 1.0000000180025095e-35
decision_type=2 2 2 2 2 2 2 2 2 2 2 2 2 2
left_child=1 2 6 4 -4 -5 7 9 -3 -1 12 -12 -11 -14
right_child=-2 8 3 5 -6 -7 -8 -9 -10 10 11 -13 13 -15
leaf_value=0.0043152416278080695 0.04125840587916587 0.043411566140375231 -0.035123736329249158 0.025713065356951482 0.031713531622672576 -0.033771796883170273 -0.024214675296324397 0.021732863490988293 -0.093628447336304904 -0.043052737401351716 0.10883550396335495 0.0067724023125205193 0.014722837818074673 -0.041077910408893942
leaf_weight=215.9028337970376 19.922993056476116 13.266888007521626 41.942412048578262 16.9893903285265 4.3312267288565627 6.4927663654088965 23.818121783435345 43.410497769713402 0.77735449373722154 21.650539390742779 1.7315142899751652 11.898771442472933 15.641519777476789 9.9850417971611005
leaf_count=937 176 62 233 67 18 33 151 196 4 141 6 52 73 67
internal_value=0.00150285 -0.000348296 -0.00156364 -0.015967 -0.0287266 0.00902254 0.00134889 0.00326977 0.0349352 0.00035306 -0.0136105 0.0207275 -0.0236176 -0.00693884
internal_weight=447.762 427.839 413.795 69.7558 46.2736 23.4822 344.039 320.221 14.0442 276.81 60.9074 13.6303 47.2771 25.6266
internal_count=2216 2040 1974 351 251 100 1623 1472 66 1276 339 58 281 140
is_linear=0
shrinkage=0.04


Tree=61
num_leaves=15
num_cat=0
split_feature=299 179 50 298 242 158 154 134 163 92 203 305 123 178
split_gain=19.7988 10.7227 10.1284 15.9718 10.5924 10.3757 10.8351 11.2739 10.5246 10.2464 9.82169 9.34636 9.17905 9.00139
threshold=0.0038499999791383748 0.0012500000302679839 1.0000000180025095e-35 0.092450000345706954 0.045049998909235008 0.11885000020265581 0.011649999767541887 1.0000000180025095e-35 0.023000000044703487 0.0023500000825151805 0.0011500000255182388 1.0000000180025095e-35 0.0090999999083578604 0.0032500000670552258
decision_type=2 2 2 2 2 2 2 2 2 2 2 2 2 2
left_child=1 2 5 10 9 6 7 11 -9 -5 -4 13 -3 -1
right_child=-2 12 3 4 -6 -7 -8 8 -10 -11 -12 -13 -14 -15
leaf_value=0.0067119621395136967 0.041027723366739925 0.042726369280007281 -0.026178070040649207 0.028783340774940061 -0.039638831095340582 -0.021067210160899078 0.044331094040308917 -0.033703048395335652 0.025505587432135237 -0.020179303579056378 0.033759477680145776 0.052401099797063103 -0.090028316487740484 -0.027449426053689323
leaf_weight=209.44484475255013 19.247814550995827 12.948538303375241 70.77542120218277 27.182717390358448 6.1826621741056433 27.10429747402668 10.591666258871554 21.848902508616451 5.9917748272418967 8.948104150593279 4.5211478471755973 6.6934984475374213 0.78003954887390214 12.979341208934782
leaf_count=914 176 62 443 112 28 147 40 109 26 49 21 29 4 56
internal_value=0.00145121 -0.000336811 -0.00150789 -0.0114324 0.00814991 0.0024424 0.00484598 0.00318625 -0.0207715 0.0165247 -0.0224861 0.00612267 0.0342977 0.00468909
internal_weight=445.241 425.993 412.264 117.61 42.3135 294.654 267.55 256.958 27.8407 36.1308 75.2966 229.118 13.7286 222.424
internal_count=2216 2040 1974 653 189 1321 1174 1134 135 161 464 999 66 970
is_linear=0
shrinkage=0.04


Tree=62
num_leaves=15
num_cat=0
split_feature=299 179 53 202 220 123 154 1 124 310 225 149 149 221
split_gain=18.9348 10.096 9.05497 11.2417 10.8807 8.6405 7.60923 12.2656 10.9227 11.1127 10.448 9.61745 9.54113 16.3832
threshold=0.0038499999791383748 0.0012500000302679839 0.0022500000195577745 0.012200000230222942 0.0021499999566003685 0.0090999999083578604 0.020149999298155311 0.0014499999815598132 0.0079499999992549437 0.002650000038556755 0.0047500000800937423 0.24065000563859942 0.0029499999945983295 0.0010500000207684936
decision_type=2 2 2 2 2 2 2 2 2 2 2 2 2 2
left_child=1 2 3 4 6 -3 7 8 9 12 -10 -8 -1 -14
right_child=-2 5 -4 -5 -6 -7 11 -9 10 -11 -12 -13 13 -15
leaf_value=-0.00011238777657650275 0.040800625461066206 0.042056098070521263 -0.019746542823514596 0.042608886318008514 0.038767420438584776 -0.086739411606502517 0.032525190644415315 0.056055864135488118 -0.02772200130388091 0.030574697052585208 0.056012127073445432 -0.045948337631752642 -0.03169727739536797 0.034886463774047256
leaf_weight=222.63930910825729 18.594506680965424 12.636646516621109 39.075247257947922 9.7608377486467344 10.747483327984808 0.78099799156189043 17.836385652422909 5.3540565297007552 41.518015421926975 16.182941637933254 2.408129781484603 2.7756377905607215 35.814042277634144 6.9381761401891699
leaf_count=964 176 62 249 44 44 4 75 18 252 68 8 14 211 27
internal_value=0.00140085 -0.0003249 -0.00145246 0.00046334 -0.000672792 0.0336772 -0.00190089 -0.00338277 -0.00438966 -0.00147698 -0.0229239 0.0215939 -0.00345726 -0.020742
internal_weight=443.062 424.468 411.05 371.975 362.214 13.4176 351.467 330.855 325.501 281.574 43.9261 20.612 265.392 42.7522
internal_count=2216 2040 1974 1725 1681 66 1637 1548 1530 1270 260 89 1202 238
is_linear=0
shrinkage=0.04


Tree=63
num_leaves=15
num_cat=0
split_feature=299 237 294 39 123 47 134 286 116 163 305 62 237 181
split_gain=18.1065 9.68683 9.30771 9.09562 8.67194 7.80507 9.25284 9.02536 13.2591 8.54625 7.71245 6.79431 6.53156 13.1004
threshold=0.0038499999791383748 0.068649999797344222 1.0000000180025095e-35 1.0000000180025095e-35 0.0071000000461936006 0.0046500000171363362 1.0000000180025095e-35 0.0013499999768100681 0.0011500000255182388 0.013000000268220903 1.0000000180025095e-35 0.0090499999932944792 0.0016499999910593035 0.0031500000040978198
decision_type=2 2 2 2 2 2 2 2 2 2 2 2 2 2
left_child=1 2 3 5 11 6 10 9 -9 -8 12 -3 13 -1
right_child=-2 4 -4 -5 -6 -7 7 8 -10 -11 -12 -13 -14 -15
leaf_value=-0.013618415835325205 0.040576686882612657 0.04233114242170867 0.033105322960752644 -0.041310448472461653 -0.058655721962691691 0.033975541018267282 -0.037094992135384433 0.027283211454953524 -0.044406383115730919 0.013827210030020038 0.052069875879176108 -0.010245033207454051 0.0033591557186131815 0.033285993520075455
leaf_weight=95.329802878201008 17.962562002241611 17.796412974596031 11.726872786879538 9.5293066725134832 1.7527872025966633 9.3386809676885587 32.068235374987125 13.105290025472643 5.8900126144289962 6.1260099261999121 4.3660661429166785 4.8504241108894339 200.15229760855436 10.448568373918532
leaf_count=538 176 84 59 74 9 38 184 53 30 31 19 25 856 40
internal_value=0.00135597 -0.00031131 -0.00182263 -0.00290142 0.0240894 -0.00190881 -0.00284059 -0.0176106 0.00472828 -0.0288083 -0.0001007 0.0308992 -0.00087509 -0.00892045
internal_weight=440.443 422.481 398.081 386.354 24.3996 376.825 367.486 57.1895 18.9953 38.1942 310.297 22.6468 305.931 105.778
internal_count=2216 2040 1922 1863 118 1789 1751 298 83 215 1453 109 1434 578
is_linear=0
shrinkage=0.04


Tree=64
num_leaves=15
num_cat=0
split_feature=299 179 50 298 158 154 134 136 203 261 61 136 90 299
split_gain=17.3156 9.20108 8.90603 14.53 9.45195 9.71326 9.80048 9.94606 9.03643 8.62568 8.51544 8.22125 9.79579 8.31591
threshold=0.0038499999791383748 0.0012500000302679839 1.0000000180025095e-35 0.092450000345706954 0.11885000020265581 0.011649999767541887 1.0000000180025095e-35 0.0021499999566003685 0.0014499999815598132 0.0087500000372529047 0.0014499999815598132 0.002650000038556755 0.0045499999541789302 0.0012500000302679839
decision_type=2 2 2 2 2 2 2 2 2 2 2 2 2 2
left_child=1 2 4 8 5 6 11 -8 -4 -5 -6 12 13 -1
right_child=-2 -3 3 9 10 -7 7 -9 -10 -11 -12 -13 -14 -15
leaf_value=0.0033235030800149376 0.040355502732816337 0.032756495317653865 -0.024718853861943474 0.087536841909487406 -0.024174807948520432 0.042039919983028751 -0.03826614091439845 0.011194297123387788 0.038619198543125836 0.0036987013891102518 0.11186890714719748 0.054818752267673236 -0.068554416723736716 0.032951212052725547
leaf_weight=203.00799045711756 17.351467370986938 12.945826783776281 70.021720811724663 1.9754126369953144 25.986683689057831 10.581344343721865 17.007029123604301 10.271262429654596 3.664488121867179 40.02623500674963 0.65059442818164726 5.2587349116802207 2.7842051088809958 16.343352846801281
leaf_count=879 176 66 448 7 144 40 88 47 16 182 3 21 14 85
internal_value=0.00131168 -0.00029903 -0.00136655 -0.0107598 0.00234508 0.00464065 0.00305516 -0.0195235 -0.0214667 0.00793532 -0.0202965 0.00578868 0.00458583 0.00556323
internal_weight=437.876 420.525 407.579 115.688 291.891 265.254 254.673 27.2783 73.6862 42.0016 26.6373 227.394 222.136 219.351
internal_count=2216 2040 1974 653 1321 1174 1134 135 464 189 147 999 978 964
is_linear=0
shrinkage=0.04


Tree=65
num_leaves=15
num_cat=0
split_feature=299 255 124 168 229 113 274 243 273 224 90 209 243 277
split_gain=17.5315 12.3181 12.6533 16.249 9.21605 10.3462 8.70715 8.70636 9.17493 8.31527 9.20293 9.37899 9.59201 9.508
threshold=0.0038499999791383748 0.009000000078231098 0.0079499999992549437 0.0016499999910593035 0.0035500000230968003 0.0010500000207684936 1.0000000180025095e-35 0.014650000259280207 0.0061500000301748523 0.0087500000372529047 0.0014499999815598132 0.021249999292194847 0.0016499999910593035 0.0010500000207684936
decision_type=2 2 2 2 2 2 2 2 2 2 2 2 2 2
left_child=1 2 4 -4 5 6 9 -6 -9 10 11 12 -1 -14
right_child=-2 -3 3 -5 7 -7 -8 8 -10 -11 -12 -13 13 -15
leaf_value=0.0047990605524283253 0.042532643436392348 0.037038480153688089 -0.029080713010632406 0.008864438605506909 0.054334643022173765 -0.01599235910618485 0.045690182604086166 -0.071764821044372359 0.018559275800087743 -0.11954692204315047 0.018189747384693308 0.050709217128631398 -0.022115733104917341 0.015701218635024928
leaf_weight=128.28459873050451 17.751758389174938 15.419546462595461 45.560893170535564 29.591245532035828 10.618254497647287 43.643206246197224 8.072282597422598 1.9129747822880769 16.212587989866734 0.77107474207878013 57.488205045461655 5.5724332183599463 50.457389973104 13.267402991652487
leaf_count=563 186 73 319 143 38 253 39 10 68 4 248 24 241 53
internal_value=0.00368513 0.00205068 0.000721084 -0.0140947 0.00404702 0.00200469 0.00500094 0.0256783 0.00846553 0.00368413 0.00411904 0 -0.00147886 -0.0141674
internal_weight=444.624 426.872 411.453 75.1521 336.3 307.557 263.913 28.7438 18.1256 255.841 255.07 197.582 192.009 63.7248
internal_count=2262 2076 2003 462 1541 1425 1172 116 78 1133 1129 881 857 294
is_linear=0
shrinkage=0.04


Tree=66
num_leaves=15
num_cat=0
split_feature=299 255 53 187 214 101 47 124 229 223 48 168 243 200
split_gain=16.8684 11.5278 14.7114 11.2357 10.2011 8.49131 11.0827 8.04551 10.5826 13.1052 9.98807 8.99547 8.86557 8.83223
threshold=0.0038499999791383748 0.009000000078231098 0.0024500000290572648 0.017150000669062141 0.0021499999566003685 1.0000000180025095e-35 0.0055499998852610597 0.0079499999992549437 1.0000000180025095e-35 0.015350000001490118 0.0011500000255182388 0.0027499999850988392 1.0000000180025095e-35 0.0017499999958090486
decision_type=2 2 2 2 2 2 2 2 2 2 2 2 2 2
left_child=1 2 3 4 7 6 -5 8 9 12 13 -9 -1 -10
right_child=-2 -3 -4 5 -6 -7 -8 11 10 -11 -12 -13 -14 -15
leaf_value=0.0091377545114873782 0.042392175801779217 0.03605923551820104 -0.026448976804375936 0.053307937332854161 0.030569274673729864 -0.0029080374152949439 -0.088391355635203159 -0.029186607825577211 0.035334507749310087 -0.018726685532841927 0.14776387876598229 0.010859918511603259 -0.010572524859014347 0.0034898487116771962
leaf_weight=122.19346614927053 17.111402653157711 15.211741231381891 29.513719029724598 15.616506405174736 17.60982321947813 8.7064546346664411 0.82694163918495256 29.20378827303648 20.944087542593479 57.727007061243057 0.81667430698871513 12.698294661939142 51.823404438793659 42.320126675069332
leaf_count=542 186 73 206 74 77 44 4 202 81 264 3 59 267 180
internal_value=0.00355893 0.0019772 0.000694457 0.00281684 0.000972827 0.0286049 0.0454489 -0.000567149 0.00174602 -0.00221866 0.0161274 -0.0169584 0.00324223 0.0141345
internal_weight=442.323 425.212 410 380.487 355.337 25.1499 16.4434 337.727 295.825 231.744 64.0809 41.9021 174.017 63.2642
internal_count=2262 2076 2003 1797 1675 122 78 1598 1337 1073 264 261 809 261
is_linear=0
shrinkage=0.04


Tree=67
num_leaves=15
num_cat=0
split_feature=166 187 101 274 120 114 193 102 201 310 207 178 178 202
split_gain=14.3982 8.9982 11.1495 9.17449 8.67688 8.26807 8.94095 9.65749 9.54208 8.30822 8.07992 11.7622 7.78191 10.094
threshold=1.0000000180025095e-35 0.017150000669062141 1.0000000180025095e-35 1.0000000180025095e-35 1.0000000180025095e-35 0.0030999999726191167 0.0020500000100582842 0.0077499998733401307 0.064399998635053649 0.0031500000040978198 0.0021499999566003685 0.0042499999981373557 0.0052499999292194852 0.0059500001370906839
decision_type=2 2 2 2 2 2 2 2 2 2 2 2 2 2
left_child=1 3 -3 5 -2 6 7 9 -8 10 -1 -12 13 -6
right_child=4 2 -4 -5 12 -7 8 -9 -10 -11 11 -13 -14 -15
leaf_value=-0.0025850929490255255 0.034814834989217149 0.044936562487493517 -0.0071309816074205772 0.048647307994771641 -0.029221821949730682 -0.047859969188810893 0.026116150813795824 -0.017992485596843553 -0.063853539400419351 0.048508685045205273 0.048004799310021905 -0.054609635551975177 0.029249016294591961 0.050664788068401675
leaf_weight=235.99366258829832 34.116361171007156 15.383343778550627 11.198365189135073 5.7082195132970801 12.870345503091814 6.0899211019277564 27.326991431415085 57.355353012681007 1.9083575457334507 5.4636667519807807 10.31682790070772 2.0365729033946982 11.65826980024576 3.0222739279270163
leaf_count=1096 242 80 62 25 69 62 119 343 11 29 42 10 56 16
internal_value=0.00343448 0.000503401 0.0229071 -0.00118215 0.0213435 -0.0020284 -0.00118289 -0.0031832 0.0199093 0.00015337 -0.000913449 0.030464 0.00445158 -0.013558
internal_weight=440.449 378.781 26.5817 352.2 61.6673 346.491 340.401 311.166 29.2353 253.811 248.347 12.3534 27.5509 15.8926
internal_count=2262 1879 142 1737 383 1712 1650 1520 130 1177 1148 52 141 85
is_linear=0
shrinkage=0.04


Tree=68
num_leaves=15
num_cat=0
split_feature=166 187 101 120 93 158 154 134 125 105 298 231 285 237
split_gain=13.5377 8.36564 10.484 8.28081 7.76697 10.0724 10.8556 9.11019 10.2467 9.36185 8.89607 7.89348 8.75855 9.09087
threshold=1.0000000180025095e-35 0.017150000669062141 1.0000000180025095e-35 1.0000000180025095e-35 0.0015499999863095584 0.27719999849796301 0.062950000166893019 0.0013499999768100681 0.0050000001210719356 0.0010500000207684936 0.49950000643730169 0.0039500000420957812 0.018649999983608726 0.062500000000000014
decision_type=2 2 2 2 2 2 2 2 2 2 2 2 2 2
left_child=1 4 -3 -2 5 6 7 8 9 11 -11 12 -1 -14
right_child=3 2 -4 -5 -6 -7 -8 -9 -10 10 -12 -13 13 -15
leaf_value=0.0058503373083912263 0.034195696490162457 0.043785504815056803 -0.006847211133287419 0.00431843020074066 0.070435302550989495 -0.039289499232567401 0.050230070446505862 -0.021962026631960816 0.089081909111915089 -0.012564738723829787 0.052835768200551601 0.047616078170766456 -0.040961996780836445 0.044819706547931916
leaf_weight=181.6262266933918 33.361909382045269 15.163384296000006 11.200072616338728 27.342212840914726 2.3067348450422278 10.91476836428046 6.5372192412614814 31.223223105072975 1.9842510521411885 92.671708844602108 3.3336760848760596 6.6262952610850325 11.817526511847971 2.2419229075312606
leaf_count=782 242 80 62 141 8 84 24 175 10 543 11 33 54 13
internal_value=0.0033153 0.000484022 0.0221793 0.0208335 -0.00113865 -0.00164326 -0.00040471 -0.00143007 0.000697985 6.70429e-05 -0.0101995 0.00496136 0.00347297 -0.0267808
internal_weight=438.351 377.647 26.3635 60.7041 351.284 348.977 338.062 331.525 300.302 298.317 96.0054 202.312 195.686 14.0594
internal_count=2262 1879 142 383 1737 1729 1645 1621 1446 1436 554 882 849 67
is_linear=0
shrinkage=0.04


Tree=69
num_leaves=15
num_cat=0
split_feature=255 124 275 187 229 209 243 47 48 42 193 181 200 258
split_gain=13.337 11.124 14.0369 11.2422 10.3054 12.7007 9.0621 8.79936 8.2945 7.28088 7.13858 6.96873 10.2921 7.04638
threshold=0.009000000078231098 0.0079499999992549437 0.0018500000005587938 0.017150000669062141 1.0000000180025095e-35 0.028949999250471595 1.0000000180025095e-35 0.0055499998852610597 0.0011500000255182388 0.0010500000207684936 0.0012500000302679839 0.002650000038556755 0.0017499999958090486 1.0000000180025095e-35
decision_type=2 2 2 2 2 2 2 2 2 2 2 2 2 2
left_child=1 3 -3 4 5 6 10 -5 11 -8 -1 12 -6 -14
right_child=-2 2 -4 7 8 -7 9 -9 -10 -11 -12 -13 13 -15
leaf_value=0.0036756227207490502 0.036461083253022379 -0.031036199021849471 0.0037271771678061968 0.036960756636118523 0.030675128986509634 -0.065463832558606272 -0.0067304101091847177 -0.07657442017412 0.13240967865625924 -0.06024008853156082 0.033796801465956816 0.039857855437232671 -0.034063661857160643 0.0060617005380010471
leaf_weight=134.06020285561681 18.38549093157053 34.302999574691057 39.99327826499939 22.387452043592933 20.21290135383606 4.6921487748622885 94.403937801718712 1.0348940491676319 0.88301557302474876 4.1824209392070761 13.868403047323225 13.977012038230894 9.6312757804989797 24.564387783408165
leaf_count=624 117 264 208 161 82 29 458 5 3 26 63 67 49 106
internal_value=0.00320094 0.00172076 -0.0122896 0.00476191 0.00278823 -0.00096506 0.000272433 0.03147 0.0164392 -0.00909978 0.00654745 0.0146922 0.00809279 -0.00518942
internal_weight=436.58 418.194 74.2963 343.898 320.476 251.207 246.515 23.4223 69.2686 98.5864 147.929 68.3856 54.4086 34.1957
internal_count=2262 2145 472 1673 1507 1200 1171 166 307 484 687 304 237 155
is_linear=0
shrinkage=0.04


Tree=70
num_leaves=15
num_cat=0
split_feature=299 248 247 114 109 275 200 252 32 201 229 178 154 243
split_gain=15.4164 9.54899 10.3915 9.63174 9.69985 12.7361 10.8289 11.0977 10.2967 9.5611 9.08174 9.03507 8.76607 9.74042
threshold=0.0038499999791383748 0.0057500000111758718 0.0012500000302679839 0.0021499999566003685 0.0016499999910593035 0.0047500000800937423 0.019100000150501732 0.11120000109076501 0.0017499999958090486 0.24739999324083331 0.0041499999351799497 0.00075000003562308859 0.0094499997794628161 0.015250000171363355
decision_type=2 2 2 2 2 2 2 2 2 2 2 2 2 2
left_child=1 3 -3 4 5 6 8 9 -1 -8 11 -6 -13 -14
right_child=-2 2 -4 -5 10 -7 7 -9 -10 -11 -12 12 13 -15
leaf_value=0.0044408259337250294 0.041974409253371418 0.031109776733885691 -0.018275913276097719 -0.04390421134063803 0.0067394945934339682 0.019270819633405913 -0.032526818238250058 0.056514101286592747 -0.025457132375768979 0.062490146239762727 0.011511299149886457 -0.044241956526389438 -0.025471425905642497 0.071378793269517515
leaf_weight=200.46149949729443 14.492425695061682 28.639690682291985 8.7540987879037839 8.3738059513270837 11.387680467218159 56.484162397682667 33.002554386854172 2.5790988802909842 20.177440240979195 1.6680376678705204 15.113946929574011 27.871635466814041 5.3296101242303839 2.2875570803880692
leaf_count=947 176 126 45 78 63 243 190 9 111 6 67 156 29 7
internal_value=0.00155234 0.000145501 0.0194237 -0.00172238 -0.000761822 0.00207982 -0.00167595 -0.021602 0.00167824 -0.0276738 -0.0152172 -0.0239264 -0.0338702 0.00364396
internal_weight=436.623 422.131 37.3938 384.737 376.363 314.373 257.889 37.2497 220.639 34.6706 61.9904 46.8765 35.4888 7.61717
internal_count=2253 2077 171 1906 1828 1506 1263 205 1058 196 322 255 192 36
is_linear=0
shrinkage=0.04


Tree=71
num_leaves=15
num_cat=0
split_feature=299 248 247 251 120 114 178 109 275 200 116 200 113 252
split_gain=14.7911 8.8766 9.71693 9.43973 9.57104 9.13221 9.374 12.1533 11.8745 10.596 10.2372 9.63978 11.2737 10.0926
threshold=0.0038499999791383748 0.0057500000111758718 0.0012500000302679839 0.0041499999351799497 0.0066499998793005952 0.0021499999566003685 0.081250000745058074 0.0016499999910593035 0.0047500000800937423 0.042700000107288368 0.0012500000302679839 0.017549999989569191 0.0010500000207684936 0.11120000109076501
decision_type=2 2 2 2 2 2 2 2 2 2 2 2 2 2
left_child=1 5 -3 -4 -5 6 7 8 11 -9 -11 12 -1 -13
right_child=-2 2 3 4 -6 -7 -8 9 -10 10 -12 13 -14 -15
leaf_value=0.0039473241824483354 0.04185024618234124 0.030266085289472344 -0.071514240949785382 0.04688827945326237 -0.065227829518146069 -0.043260137562921075 0.049002144819743014 -0.027592502681508424 0.018295237050585524 0.051437876092297143 -0.018154360865692169 -0.025916333432663478 -0.029586441516013334 0.053982070088936122
leaf_weight=199.0137145742774 13.964939609169958 28.27088637650013 3.1875622570514661 3.9928928390145302 1.6201454699039457 8.1642934009432775 5.8624966442584983 44.996865406632423 55.7923214584589 5.9669499322772008 7.4525010287761688 36.322777554392815 17.33585324883461 2.5963885486125937
leaf_count=916 176 126 16 21 8 78 27 249 240 22 37 207 121 9
internal_value=0.00149884 0.000139864 0.0188121 -0.0174595 0.0132517 -0.0016591 -0.00073227 -0.00154527 0.00158849 -0.0182748 0.0126455 -0.00205306 0.00122939 -0.0203589
internal_weight=434.541 420.576 37.0715 8.8006 5.61304 383.504 375.34 369.477 311.061 58.4163 13.4195 255.269 216.35 38.9192
internal_count=2253 2077 171 45 29 1906 1828 1801 1493 308 59 1253 1037 216
is_linear=0
shrinkage=0.04


Tree=72
num_leaves=15
num_cat=0
split_feature=299 193 105 255 109 220 266 285 237 311 261 175 174 32
split_gain=14.192 8.55704 11.0588 10.1048 7.46505 13.2517 9.09113 7.52872 9.12727 7.73581 6.85716 10.0086 10.7586 10.8151
threshold=0.0038499999791383748 0.0019500000635161998 0.01710000075399876 0.009000000078231098 0.0016499999910593035 0.0012500000302679839 0.0011500000255182388 0.03160000033676625 0.0050500000361353168 0.0011500000255182388 0.044949999079108245 0.0076500000432133683 0.0024500000290572648 0.0010500000207684936
decision_type=2 2 2 2 2 2 2 2 2 2 2 2 2 2
left_child=1 2 3 4 5 6 10 8 -6 -10 11 12 13 -1
right_child=-2 -3 -4 -5 7 -7 -8 -9 9 -11 -12 -13 -14 -15
leaf_value=-0.0013658648965156179 0.041729767770082353 0.017512109594895072 -0.030976259396862976 0.03553233932974053 -0.017866522755952515 0.039657580305961213 0.051053605411502188 -0.040336159205003497 0.066602461979331937 0.00028107794582996672 0.015149834362689563 -0.033772135530568896 0.025876673562955123 -0.031322473744741661
leaf_weight=176.07907845824957 13.455607250332831 40.844457406550646 19.524807523936033 12.171679221093653 32.240430936217308 13.59169854223728 5.2288848385214797 13.653549335896967 4.0706688463687888 9.0315767750143987 33.600985124707222 16.830260969698429 20.220261409878731 21.607896648347378
leaf_count=847 176 187 154 63 184 65 25 60 15 41 151 81 83 121
internal_value=0.00144747 0.000133716 -0.00173838 -0.000125886 -0.00140117 0.00124999 -0.0006574 -0.0143534 -0.00636995 0.0215375 -0.00169859 -0.00413278 -0.00181077 -0.00467463
internal_weight=432.152 418.696 377.852 358.327 346.155 287.159 273.567 58.9962 45.3427 13.1022 268.338 234.737 217.907 197.687
internal_count=2253 2077 1890 1736 1673 1373 1308 300 240 56 1283 1132 1051 968
is_linear=0
shrinkage=0.04


Tree=73
num_leaves=15
num_cat=0
split_feature=299 248 247 251 120 237 214 285 109 275 158 235 207 32
split_gain=13.6165 8.1107 9.08117 8.57626 8.95124 8.46778 8.82324 9.27269 8.50429 7.99463 11.8296 11.7391 10.2173 8.86575
threshold=0.0038499999791383748 0.0057500000111758718 0.0012500000302679839 0.0041499999351799497 0.0066499998793005952 0.070799998939037337 0.0021499999566003685 0.031349999830126769 0.0015499999863095584 0.0041499999351799497 0.038949999958276756 0.0018500000005587938 1.0000000180025095e-35 0.0053499999921768912
decision_type=2 2 2 2 2 2 2 2 2 2 2 2 2 2
left_child=1 5 -3 -4 -5 6 7 9 -8 10 12 -12 -1 -11
right_child=-2 2 3 4 -6 -7 8 -9 -10 13 11 -13 -14 -15
leaf_value=-0.0052315652672232284 0.041612730690423642 0.0293518416582981 -0.068359810908769206 0.046373167013564233 -0.063423070123624234 0.025086562644915746 0.030021420500191291 -0.027443671499901297 -0.045708684597856188 0.0052528782248745121 -0.03177749902827167 0.080415218026615623 0.0222391886454479 0.056082758488056841
leaf_weight=195.76485399901867 12.963909663259981 27.711177207529545 3.1969314962625486 3.825753279030323 1.5886616781353948 18.010446615517139 20.130324915051464 26.066453494131565 2.5599579960107794 52.018623434007168 34.479607731103897 1.4470850825309742 24.228298664093018 6.0836875140666953
leaf_count=941 176 126 16 21 8 88 93 125 15 230 282 5 106 21
internal_value=0.00139938 0.000130282 0.0181723 -0.0172681 0.0128662 -0.00158452 -0.0029262 -0.00454928 0.0211388 -0.00262799 -0.00567957 -0.0269368 -0.00217925 0.010731
internal_weight=430.076 417.112 36.3225 8.61135 5.41441 380.789 362.779 340.089 22.6903 314.022 255.92 35.9267 219.993 58.1023
internal_count=2253 2077 171 45 29 1906 1818 1710 108 1585 1334 287 1047 251
is_linear=0
shrinkage=0.04


Tree=74
num_leaves=15
num_cat=0
split_feature=299 193 105 310 111 179 6 201 6 175 75 261 209 127
split_gain=13.0653 7.69374 10.1498 9.28841 11.1455 9.57693 8.86656 9.5128 12.4588 10.2981 8.68448 9.50127 8.64955 8.44648
threshold=0.0038499999791383748 0.0019500000635161998 0.01710000075399876 0.0011500000255182388 0.0012500000302679839 0.0017499999958090486 0.014849999919533731 1.0000000180025095e-35 1.0000000180025095e-35 0.10875000059604646 0.0023500000825151805 0.071399997919797911 0.0043500000610947618 0.0018500000005587938
decision_type=2 2 2 2 2 2 2 2 2 2 2 2 2 2
left_child=1 2 3 5 -5 6 7 8 10 13 11 -1 -6 -9
right_child=-2 -3 -4 4 12 -7 -8 9 -10 -11 -12 -13 -14 -15
leaf_value=-0.0032898951007234198 0.04149890431252351 0.016641212759187264 -0.030011059570234734 0.037373592016191143 0.012931462247991765 0.040415686967829691 -0.033755498153888376 0.02020891089147657 -0.032648879478685999 -0.11152214238797858 -0.061190814734032255 0.041752296978977428 -0.047324747403921327 -0.013202239722973047
leaf_weight=186.85650621727109 12.489333216100929 40.655645146965981 19.068996377289295 21.656787030398846 12.472172114998104 8.0243752375245077 14.723462097346781 53.935732774436474 24.971207022666931 0.97889875620603461 3.8814475312829009 7.6997802853584281 5.3480232879519454 15.37447742000222
leaf_count=856 176 187 154 106 57 47 97 235 157 5 20 33 28 95
internal_value=0.00135216 0.000126521 -0.00165725 -0.000118927 0.0181388 -0.00241425 -0.00355428 -0.00201567 -0.00606501 0.0107884 -0.00268481 -0.00146622 -0.00509201 0.0127316
internal_weight=428.137 415.648 374.992 355.923 39.477 316.446 308.422 293.698 223.409 70.2891 198.438 194.556 17.8202 69.3102
internal_count=2253 2077 1890 1736 191 1545 1498 1401 1066 335 909 889 85 330
is_linear=0
shrinkage=0.04


Tree=75
num_leaves=15
num_cat=0
split_feature=250 33 217 36 215 179 250 90 311 121 237 75 124 125
split_gain=12.2259 9.50988 9.00829 8.41639 8.20479 8.17611 7.78172 7.32851 10.2957 9.2142 12.551 7.76282 7.26188 6.62879
threshold=0.0012500000302679839 0.002650000038556755 0.0015499999863095584 0.0017499999958090486 0.0014499999815598132 0.0012500000302679839 0.0020500000100582842 0.0041499999351799497 0.018450000323355201 0.0010500000207684936 0.0016499999910593035 0.0023500000825151805 0.0010500000207684936 0.0051500000990927228
decision_type=2 2 2 2 2 2 2 2 2 2 2 2 2 2
left_child=1 2 5 -2 -4 7 -5 9 -9 11 -11 13 -6 -1
right_child=3 -3 4 6 12 -7 -8 8 -10 10 -12 -13 -14 -15
leaf_value=-0.0031849527822566635 0.037153494135881912 -0.041843550343365107 0.030094041984650391 0.028921379066345988 0.030062428908128921 0.034051916528774796 -0.024557570415523044 -0.037110765578358865 0.048609847432009044 -0.062922652081883815 0.044388819990231768 -0.056858850100247812 -0.048989972867088886 0.11960575595879998
leaf_weight=292.86073166504502 23.064308241009712 9.1308325640857202 25.404825292527676 8.0262849405407923 2.9680225402116767 9.3170157186686975 9.2746199890971166 18.308861672878269 2.4276093244552603 1.9137785248458374 12.223965488374231 4.2361301705241194 4.5090508535504341 0.60364418476819892
leaf_count=1451 219 90 116 34 24 52 51 101 10 15 52 23 28 3
internal_value=0.000467553 -0.00172661 -0.000727643 0.0213873 0.019222 -0.00266308 4.62894e-05 -0.0037136 -0.0266984 -0.00216427 0.0292416 -0.00367848 -0.0170996 -0.0028781
internal_weight=424.27 383.904 374.774 40.3652 32.8819 341.892 17.3009 332.575 20.7365 311.838 14.1377 297.701 7.47707 293.464
internal_count=2269 1965 1875 304 168 1707 85 1655 111 1544 67 1477 52 1454
is_linear=0
shrinkage=0.04


Tree=76
num_leaves=15
num_cat=0
split_feature=299 109 200 261 237 248 298 214 221 47 149 273 261 50
split_gain=11.7479 7.98237 11.0824 12.054 10.7623 8.2929 8.06483 7.68768 11.7948 7.71147 10.2518 7.5902 10.9749 7.60843
threshold=0.0038499999791383748 0.0015499999863095584 0.088899999856948866 0.029849999584257606 0.0084500000812113302 0.0011500000255182388 0.0027499999850988392 0.0021499999566003685 0.002650000038556755 0.0017499999958090486 0.0070500001311302194 0.0077499998733401307 0.0035500000230968003 1.0000000180025095e-35
decision_type=2 2 2 2 2 2 2 2 2 2 2 2 2 2
left_child=1 5 4 -4 -3 7 -7 8 9 11 -11 13 -13 -1
right_child=-2 2 3 -5 -6 6 -8 -9 -10 10 -12 12 -14 -15
leaf_value=-0.0027697249370311019 0.038212436059018584 -0.02790916282927413 0.054996863972437089 -0.019796250648710649 0.0055966384217166487 0.036597288148227131 0.0064318640565884403 0.027143886279331068 -0.049906146573597092 0.0089089934517951122 0.11027920505653285 0.073238187458530432 0.005001710665440388 -0.024457222282930499
leaf_weight=134.62309283390641 12.687989458441733 50.653861049562693 7.527110852301119 6.1176124215126038 21.679508037865162 17.815430119633675 70.960275143384933 13.718739803880451 8.3673826456069929 6.3570552691817266 2.0901783183217049 4.1786894872784606 33.602794449776411 32.134236738085747
leaf_count=661 193 297 31 31 99 66 339 65 41 29 10 14 163 230
internal_value=0.000452301 -0.000716011 -0.0115503 0.0212723 -0.0178178 0.00215069 0.0125648 -0.00176889 -0.00359032 -0.00172941 0.0354567 -0.00330128 0.0128278 -0.00698504
internal_weight=422.514 409.826 85.9781 13.6447 72.3334 323.848 88.7757 235.072 221.353 212.986 8.44723 204.539 37.7815 166.757
internal_count=2269 2076 458 62 396 1618 405 1213 1148 1107 39 1068 177 891
is_linear=0
shrinkage=0.04


Tree=77
num_leaves=15
num_cat=0
split_feature=299 33 217 93 102 298 255 105 214 301 301 50 149 43
split_gain=11.2247 7.64512 9.55128 7.46592 9.06715 9.11273 6.9141 9.70899 10.6231 7.0193 8.00299 6.75535 6.58605 7.94294
threshold=0.0038499999791383748 0.002650000038556755 0.0013499999768100681 0.0015499999863095584 0.18840000033378604 0.49950000643730169 0.009000000078231098 1.0000000180025095e-35 1.0000000180025095e-35 0.0036499999696388845 1.0000000180025095e-35 0.013900000136345627 1.0000000180025095e-35 0.0010500000207684936
decision_type=2 2 2 2 2 2 2 2 2 2 2 2 2 2
left_child=1 2 3 4 5 6 7 8 -1 10 12 -8 13 -9
right_child=-2 -3 -4 -5 -6 -7 11 9 -10 -11 -12 -13 -14 -15
leaf_value=-0.00023659433715940602 0.038007234794862538 -0.031778463108175406 0.018038462581102015 0.06827002720351677 -0.049941162836579289 0.052284070490482892 0.040240653907548773 -0.037024872191296791 0.044740489152744471 0.062046236931370964 -0.047404980832907936 -0.05429947191564554 -0.0046776112097135971 0.031026585185810408
leaf_weight=208.68958692252636 12.255513325333593 12.175560805946587 43.06104201823473 2.3063370734453192 6.2046178989112368 4.861319661140441 9.755450524389742 21.790839068591598 8.6477999538183195 1.8463217467069615 10.527752615511416 1.2570664659142483 74.568310379981995 2.9961958900094023
leaf_count=928 193 106 212 8 40 17 53 114 40 6 50 7 482 13
internal_value=0.000439397 -0.000686403 0.000266015 -0.00189238 -0.0023839 -0.00150265 -0.00229841 -0.00335628 0.00155439 -0.0129372 -0.0142887 0.0286975 -0.0106954 -0.0285466
internal_weight=420.944 408.688 396.513 353.452 351.145 344.941 340.079 329.067 217.337 111.729 109.883 11.0125 99.3553 24.787
internal_count=2269 2076 1970 1758 1750 1710 1693 1633 968 665 659 60 609 127
is_linear=0
shrinkage=0.04


Tree=78
num_leaves=15
num_cat=0
split_feature=299 127 217 53 223 93 179 105 310 178 223 47 209 184
split_gain=10.7251 7.44134 10.1413 7.69175 6.89928 6.89922 6.96229 6.93398 10.3902 8.75556 11.3372 8.37825 8.35678 8.34866
threshold=0.0038499999791383748 0.066399998962879195 0.0013499999768100681 0.00335000001359731 0.098750002682209029 0.0015499999863095584 0.0012500000302679839 1.0000000180025095e-35 0.0014499999815598132 0.0027499999850988392 0.014849999919533731 0.0014499999815598132 0.014849999919533731 0.0010500000207684936
decision_type=2 2 2 2 2 2 2 2 2 2 2 2 2 2
left_child=1 2 5 -4 -3 6 7 8 9 12 -11 -12 -1 -9
right_child=-2 4 3 -5 -6 -7 -8 13 -10 10 11 -13 -14 -15
leaf_value=3.8832121788241537e-05 0.037800835578325136 -0.046708982466531455 0.024048716561750071 -0.04195970268559078 0.028925845794158318 0.065444785548758488 0.032747175713914806 -0.015843287972512603 0.035554422054789418 0.010848127368929584 -0.057756704401003812 0.0032074429141148286 0.038503573188277698 0.0097878546753994832
leaf_weight=166.43698568642139 11.838508535176514 9.5765235275030118 37.889918357133865 2.9201979003846636 2.2686525210738173 2.3138148784637442 8.6900867670774442 101.41950135678053 13.024569906294344 10.490027189254763 13.003875635564329 4.7951047942042342 9.4690193980932218 25.148716613650322
leaf_count=739 193 77 184 19 10 8 48 645 65 48 61 22 36 114
internal_value=0.000425727 -0.000659413 0.000269706 0.0191366 -0.0317672 -0.00189398 -0.0023658 -0.00327427 0.00104588 -0.00115199 -0.0217779 -0.0411831 0.00215282 -0.0107152
internal_weight=419.286 407.447 395.602 40.8101 11.8452 354.792 352.478 343.788 217.22 204.195 28.289 17.799 175.906 126.568
internal_count=2269 2076 1989 203 87 1786 1778 1730 971 906 131 83 775 759
is_linear=0
shrinkage=0.04


Tree=79
num_leaves=15
num_cat=0
split_feature=183 237 218 193 113 201 299 201 25 251 237 276 158 124
split_gain=10.3647 7.85001 7.73936 7.4282 9.92779 13.5441 11.339 8.36055 6.93544 6.60289 6.35996 7.85858 6.54674 6.27017
threshold=0.0010500000207684936 0.068649999797344222 0.77039998769760143 0.0020500000100582842 0.0011500000255182388 0.092549998313188567 0.0010500000207684936 0.088050000369548811 0.0027499999850988392 0.0038499999791383748 0.038300000131130225 0.0011500000255182388 0.0084500000812113302 0.0046500000171363362
decision_type=2 2 2 2 2 2 2 2 2 2 2 2 2 2
left_child=1 3 13 4 10 6 -6 8 -5 -10 -1 -12 -13 -3
right_child=-2 2 -4 7 5 -7 -8 -9 9 -11 11 12 -14 -15
leaf_value=0.00093654691730081139 0.043282364105714691 0.041242939740574344 -0.12208240251731142 0.0040452494649441031 -0.028532383351109924 0.084860002921541333 0.016433345751938697 -0.04318120370591122 0.053520864012925148 -0.0080071139663611627 -0.058687317568745581 0.04511689463890653 -0.027920614875011549 -0.0012857745684544712
leaf_weight=266.59977316483855 8.7355579622089845 14.646224252879625 0.47736803442239661 18.739315111190081 53.109543602913618 1.8848178163170803 10.604404937475918 3.4728855453431597 12.551661860197781 3.4111625105142585 6.4544411748647681 3.0955835841596109 4.9926850236952305 8.5954736955463868
leaf_count=1284 102 118 3 95 384 9 51 20 54 16 34 29 24 46
internal_value=0.000414688 -0.00050229 0.0217687 -0.00189035 -0.00374453 -0.0177455 -0.0209717 0.0148123 0.0208385 0.0401557 -0.00045833 -0.0261344 0 0.0254051
internal_weight=417.371 408.635 23.7191 384.916 346.741 65.5988 63.7139 38.175 34.7021 15.9628 281.142 14.5427 8.08827 23.2417
internal_count=2269 2167 167 2000 1815 444 435 185 165 70 1371 87 53 164
is_linear=0
shrinkage=0.04


Tree=80
num_leaves=15
num_cat=0
split_feature=149 250 2 184 59 243 229 225 243 163 200 178 248 105
split_gain=9.77754 13.4033 9.0885 7.49476 7.79942 7.94483 9.61003 7.93289 7.8647 7.43286 7.19369 6.64064 7.36253 8.81691
threshold=0.35489998757839208 0.0012500000302679839 0.01200000010430813 0.0010500000207684936 1.0000000180025095e-35 0.018050000071525577 0.0031500000040978198 0.0018500000005587938 0.0047500000800937423 0.013000000268220903 0.0024500000290572648 0.0017500000540167095 0.0018500000005587938 0.0017499999958090486
decision_type=2 2 2 2 2 2 2 2 2 2 2 2 2 2
left_child=1 2 3 4 5 6 9 -7 -8 11 -5 12 -1 -14
right_child=-2 -3 -4 10 -6 7 8 -9 -10 -11 -12 -13 13 -15
leaf_value=-0.0024086580728011442 -0.048602555380558139 0.026178455939195856 -0.049855524809729504 0.064558553190955978 -0.033376481594518233 -0.042683730215436304 0 0.00066478455847558931 0.050914973781884351 0.033310552210675283 0.010822164097216759 -0.015964958932199114 0.023570890834894782 -0.023440633056983708
leaf_weight=176.34362635016441 6.1151736229658118 33.388096272945404 5.7140501141548148 4.5474262610077849 11.614641163498161 13.34996607899666 8.8423455357551592 13.204942248761652 11.028805818408726 10.094316072762011 31.192712154239416 42.505451686680317 37.765847850590944 7.511274851858615
leaf_count=909 43 261 35 16 119 75 49 65 47 59 138 217 157 45
internal_value=0.0011653 0.00193445 -0.000227255 0.000545803 -0.00131717 -0.000133381 0.00174875 -0.0210562 0.0285391 -0.000187699 0.017932 -0.00149519 0.00126793 0.0156493
internal_weight=413.219 407.104 373.715 368.001 332.261 320.647 294.092 26.5549 19.8712 274.221 35.7401 264.126 221.621 45.2771
internal_count=2235 2192 1931 1896 1742 1623 1483 140 96 1387 154 1328 1111 202
is_linear=0
shrinkage=0.04


Tree=81
num_leaves=15
num_cat=0
split_feature=149 250 2 261 207 124 127 94 220 247 43 214 179 67
split_gain=9.21869 12.4858 8.42413 7.97837 8.30177 8.03808 7.85476 7.65931 8.9829 9.03159 7.08777 6.54073 6.73382 8.26901
threshold=0.35489998757839208 0.0012500000302679839 0.01200000010430813 0.071399997919797911 0.0021499999566003685 0.0080500002950429934 0.032950000837445266 0.0022500000195577745 0.0015499999863095584 0.0018500000005587938 0.0022500000195577745 0.0021499999566003685 1.0000000180025095e-35 1.0000000180025095e-35
decision_type=2 2 2 2 2 2 2 2 2 2 2 2 2 2
left_child=1 2 3 4 5 7 -5 8 9 11 -6 12 13 -1
right_child=-2 -3 -4 6 10 -7 -8 -9 -10 -11 -12 -13 -14 -15
leaf_value=-0.0018700810607468258 -0.047735314573364447 0.025384178540150987 -0.048097084514722201 0.026072629104884854 0.026338276659980092 -0.020573215369033112 -0.047426746514709732 -0.099944397120347458 0.031751270451895082 -0.056888327659106751 -0.04694766170860714 0.030570769667814721 0.051586858492025253 -0.050959729992247425
leaf_weight=234.40522164851427 5.9817539155483237 33.065300837159157 5.6901854798197737 28.249848283827308 24.587355256080631 37.020632687956095 2.4079818204045287 1.1390949487686146 13.235544253140686 4.596657656133174 2.1821914799511424 10.041457321494816 3.55978038907051 5.5328361466526976
leaf_count=1118 43 261 35 151 115 285 15 5 67 23 18 45 21 33
internal_value=0.00112264 0.00186443 -0.000218006 0.000526428 -0.00124548 -0.00310711 0.0200342 -0.000712988 -0.000245062 -0.00191278 0.0200628 -0.000878266 -0.00220361 -0.00303948
internal_weight=411.696 405.714 372.649 366.959 336.301 309.531 30.6578 272.511 271.371 258.136 26.7695 253.539 243.498 239.938
internal_count=2235 2192 1931 1896 1730 1597 166 1312 1307 1240 133 1217 1172 1151
is_linear=0
shrinkage=0.04


Tree=82
num_leaves=15
num_cat=0
split_feature=149 250 2 184 59 243 229 124 225 216 149 201 99 218
split_gain=8.6921 11.6309 7.80767 6.87299 7.10709 7.35246 8.85791 10.1142 7.49094 6.89597 8.84269 9.19845 9.03338 8.34945
threshold=0.35489998757839208 0.0012500000302679839 0.01200000010430813 0.0010500000207684936 1.0000000180025095e-35 0.018050000071525577 0.0031500000040978198 0.0065500000491738328 0.0018500000005587938 0.0012500000302679839 0.0061500000301748523 0.0073500000871717939 0.0018500000005587938 0.00335000001359731
decision_type=2 2 2 2 2 2 2 2 2 2 2 2 2 2
left_child=1 2 3 4 5 6 9 -8 -7 10 11 13 -12 -1
right_child=-2 -3 -4 -5 -6 8 7 -9 -10 -11 12 -13 -14 -15
leaf_value=-0.0011847084076916604 -0.046889928943412505 0.024607133626754884 -0.046403698761048905 0.017197792329070826 -0.032399414897094331 -0.041659366833565088 0.053016336444267322 -0.0039368442416148194 0.00065324839296976701 0.01229531827651101 -0.034549857980831218 0.041186309654566336 0.065694072725090299 -0.055838026831044316
leaf_weight=182.89547941833735 5.8504909574985495 32.754635818302631 5.6660665757954112 35.550326738506556 11.244175523519514 13.130259662866594 10.927297834306957 8.863924026489256 13.175807900726793 55.793428380042315 20.416804384440187 7.9217136129736891 1.4301278889179219 4.4918441921472541
leaf_count=862 43 261 35 154 119 75 44 52 65 308 159 33 6 19
internal_value=0.00107838 0.0017939 -0.000212792 0.000504157 -0.00128519 -0.000166288 0.00164397 0.027416 -0.0203927 -0.000219432 -0.00345741 -0.000730831 -0.0275361 -0.00254522
internal_weight=410.112 404.262 371.507 365.841 330.291 319.047 292.741 19.7912 26.3061 272.949 217.156 195.309 21.8469 187.387
internal_count=2235 2192 1931 1896 1742 1623 1483 96 140 1387 1079 914 165 881
is_linear=0
shrinkage=0.04


Tree=83
num_leaves=15
num_cat=0
split_feature=183 149 221 222 252 252 163 121 276 209 154 102 223 125
split_gain=8.43602 7.92046 8.50543 7.27903 6.96233 7.25091 8.9688 6.62064 7.07849 6.31739 5.96784 14.3622 8.26663 10.9279
threshold=0.0010500000207684936 0.35489998757839208 0.0011500000255182388 0.0082499999552965182 0.0020500000100582842 0.0015499999863095584 0.009000000078231098 1.0000000180025095e-35 0.002650000038556755 0.028949999250471595 0.010550000239163639 0.0090499999932944792 1.0000000180025095e-35 0.0021499999566003685
decision_type=2 2 2 2 2 2 2 2 2 2 2 2 2 2
left_child=1 2 4 -4 5 7 -7 8 10 -9 12 -12 -1 -14
right_child=-2 -3 3 -5 -6 6 -8 9 -10 -11 11 -13 13 -15
leaf_value=0.0045754909473078387 0.043006607395667092 -0.046064695418039453 0.017138600766699666 -0.034611424788094279 0.0045781925753402668 -0.050433180085510447 0.072765343330486509 0.031975648980755202 0.03820480748103703 -0.073507599297639295 0.057626278806098719 -0.036237626757371251 -0.019227184201593132 0.068907844105942473
leaf_weight=38.265942677855492 7.4226174689829341 5.7215060032904139 64.745825845748186 4.5225539654493323 149.4170613065362 9.8431916832923854 0.93195956945419389 11.110217623412606 5.156838495284318 0.87443110346794206 6.3631262294948083 4.2349621206521988 97.965664677321911 2.1892237327992907
leaf_count=196 90 43 351 40 787 55 4 56 22 4 25 34 518 10
internal_value=0.00103617 0.000239464 0.000930699 0.0136571 -0.00176159 -0.00713752 -0.0388386 -0.00503559 -0.00728594 0.0234037 -0.00891155 0.0197565 -0.0111481 -0.017194
internal_weight=408.765 401.343 395.621 69.2684 326.353 176.936 10.7752 166.16 154.176 11.9846 149.019 10.5981 138.421 100.155
internal_count=2235 2145 2102 391 1711 924 59 865 805 60 783 59 724 528
is_linear=0
shrinkage=0.04


Tree=84
num_leaves=15
num_cat=0
split_feature=202 127 275 113 311 113 269 0 298 200 200 277 168 200
split_gain=8.19689 9.17239 6.92492 8.42324 8.41038 8.06713 10.3112 9.02798 7.56497 10.6159 11.9648 10.7633 8.33787 7.69444
threshold=0.014250000007450582 0.050249999389052398 0.0050500000361353168 0.0011500000255182388 0.12014999985694887 0.026499999687075618 0.017450000159442428 0.0010500000207684936 0.10884999856352807 0.0028499999316409235 0.11354999989271165 0.0019500000635161998 0.057300001382827766 0.0022500000195577745
decision_type=2 2 2 2 2 2 2 2 2 2 2 2 2 2
left_child=1 2 3 4 -1 7 -7 -5 9 11 -11 13 -10 -4
right_child=-2 -3 8 5 -6 6 -8 -9 12 10 -12 -13 -14 -15
leaf_value=0.0012958444336895218 0.030258169791624035 -0.037106884100559165 -0.023889462244202658 -0.028445753727573412 -0.092533264157850445 -0.040414619429062902 0.10187797751089871 0.069188875889433746 0.029044628002965207 -0.033698255630993587 0.034866645960078893 0.050548319873159837 -0.048426787538658235 0.073310542722082192
leaf_weight=260.41285822167993 14.665321700274943 10.331598617136477 8.175884388387205 35.361150726675987 1.4368312396109093 1.3008612357079976 1.8032549507915971 1.4674710817635048 35.806223481893539 18.196048822253946 5.0979607738554469 9.9113687835633737 2.2438406832516185 1.4375192895531643
leaf_count=1316 113 93 44 282 7 16 7 5 163 98 22 51 12 6
internal_value=0.000998697 -9.04505e-05 0.000907978 -0.00186698 0.000730584 -0.0189591 0.0415979 -0.0242703 0.0113023 -0.000145429 -0.0184367 0.0214559 0.0242563 -0.00833797
internal_weight=407.648 392.983 382.651 301.782 261.85 39.9327 3.10412 36.8286 80.8688 42.8188 23.294 19.5248 38.0501 9.6134
internal_count=2235 2122 2029 1633 1323 310 23 287 396 221 120 101 175 50
is_linear=0
shrinkage=0.04


Tree=85
num_leaves=15
num_cat=0
split_feature=237 233 223 184 149 298 229 298 273 209 193 223 237 102
split_gain=9.34264 8.97911 8.66649 8.54737 11.2806 8.14156 8.98253 14.3766 10.3462 8.28183 8.16197 7.56532 7.55007 9.63485
threshold=0.0019500000635161998 0.0010500000207684936 0.0019500000635161998 0.0010500000207684936 0.12744999676942828 0.0010500000207684936 0.0010500000207684936 0.058350000530481345 0.015150000341236593 0.0011500000255182388 0.0037500000325962905 0.0047500000800937423 0.068649999797344222 0.031750001013278968
decision_type=2 2 2 2 2 2 2 2 2 2 2 2 2 2
left_child=1 5 -3 11 -5 9 7 -7 -8 -1 -10 -2 -13 -14
right_child=3 2 -4 4 -6 6 8 -9 10 -11 -12 12 13 -15
leaf_value=0.015199896041942731 0.014966740484652147 0.10285313278504943 0.0040585818995729989 0.031845263396946343 -0.039632825125661852 -0.028052867084191059 0.024227034035864486 0.035546365672617111 -0.040409595958656716 -0.040616101332780159 0.068626889376731767 -0.0041293951270134268 0.037540097697312591 -0.032784908155536516
leaf_weight=30.17808560281992 62.569992642849684 2.1365779004991046 4.1688370443880558 32.05567866191268 3.8355195447802535 65.047586906701326 16.460405141115192 6.0923485644161692 8.8693603724241239 4.8252951875329009 1.1360720247030247 155.42867698892951 14.736862730234863 3.8038766160607329
leaf_count=149 302 10 20 159 23 447 81 35 51 30 4 793 138 22
internal_value=0.00151761 -0.00690813 0.0392425 0.0058296 0.0240067 -0.00916059 -0.0151053 -0.0225079 0.00465218 0.0072978 -0.0270766 0.00304563 -0.00122509 0.0227989
internal_weight=411.345 138.915 6.30541 272.431 35.8912 132.609 97.6058 71.1399 26.4658 35.0034 10.0054 236.539 173.969 18.5407
internal_count=2264 827 30 1437 182 797 618 482 136 179 55 1255 953 160
is_linear=0
shrinkage=0.04


Tree=86
num_leaves=15
num_cat=0
split_feature=237 233 184 149 113 310 214 252 200 229 310 160 18 217
split_gain=8.63858 8.27435 7.9722 10.5086 9.53393 6.93236 6.67802 6.31527 8.46144 8.35175 7.75058 8.96051 6.59292 7.57629
threshold=0.0019500000635161998 0.0010500000207684936 0.0010500000207684936 0.12744999676942828 0.0017499999958090486 0.0017499999958090486 0.01625000033527613 0.059500001370906837 0.0047500000800937423 0.023149999789893631 0.0029499999945983295 0.0010500000207684936 0.0017499999958090486 0.0015499999863095584
decision_type=2 2 2 2 2 2 2 2 2 2 2 2 2 2
left_child=1 -1 4 6 7 -3 -4 8 9 10 11 12 13 -2
right_child=2 5 3 -5 -6 -7 -8 -9 -10 -11 -12 -13 -14 -15
leaf_value=-0.0088498225468979837 0.0033425603096321039 0.084743598736292669 0.034665634537919134 -0.038375359326055056 -0.024390298354521757 2.8022100046413151e-05 -0.056367939273888085 0.033538622430056612 -0.010160351803239846 0.057132121408595964 0.039692198807666015 -0.047592454673198843 -0.10866646435501597 0.034078220256254711
leaf_weight=131.80638305842876 117.16272344812751 2.7047430761158457 30.538536664098505 3.8066250160336486 18.668918084353209 3.6548452377319336 1.2260402254760254 11.908351562917231 52.618249498307705 5.3497662618756285 10.427506249397991 5.0676885470747939 0.6931704580783834 14.386705983430145
leaf_count=797 524 11 153 23 128 19 6 67 276 32 96 42 4 86
internal_value=0.00146282 -0.00666512 0.00560936 0.0232524 0.00292766 0.0374311 0.0308605 0.00529974 0.00363005 0.00839965 0.00657048 0.00399901 0.00604074 0.00675764
internal_weight=410.02 138.166 271.854 35.5712 236.283 6.35959 31.7646 217.614 205.706 153.088 147.738 137.31 132.243 131.549
internal_count=2264 827 1437 182 1255 30 159 1127 1060 784 752 656 614 610
is_linear=0
shrinkage=0.04


Tree=87
num_leaves=15
num_cat=0
split_feature=183 193 113 203 137 217 207 252 290 220 247 298 242 242
split_gain=7.91273 6.10647 6.84521 8.86295 7.61765 7.03563 7.3293 9.15484 6.81341 6.94716 7.10718 6.621 6.51435 7.73235
threshold=0.0010500000207684936 0.0019500000635161998 0.0011500000255182388 0.0037500000325962905 0.0011500000255182388 0.0011500000255182388 0.0028499999316409235 0.05034999921917916 0.0015499999863095584 0.0013499999768100681 0.0044500001240521678 0.039750000461936004 0.0072500000242143878 0.0036499999696388845
decision_type=2 2 2 2 2 2 2 2 2 2 2 2 2 2
left_child=1 2 4 -4 5 6 8 -8 9 10 -1 -5 13 -3
right_child=-2 12 3 11 -6 -7 7 -9 -10 -11 -12 -13 -14 -15
leaf_value=-0.0022824882607254955 0.042762461412858499 0.019769024044100369 -0.017270554157724546 -0.050047539665275843 -0.027014973759793896 0.022916427273722322 0.0023643845535602369 0.076835589585969491 0.077136592532974349 0.022437840789468828 -0.072351649862052586 0.054396868050216984 0.033985160782504235 -0.024947180234622484
leaf_weight=218.98027591407299 7.1750437691807738 15.567350480705501 60.336961075663567 1.0913157910108555 14.062345616519449 25.771298237144947 6.704364284873007 4.3942698314785957 1.6956203579902638 18.437753867357969 2.2461231835186473 4.760622426867485 17.103803817182779 10.103658050298689
leaf_count=1066 96 79 418 7 82 172 30 20 5 107 13 22 98 49
internal_value=0.00141067 0.000650798 -0.00104481 -0.0126567 0.00157443 0.00304296 0.000990144 0.0326297 -0.000461107 -0.00105874 -0.00304435 0.0337336 0.0149237 0.00198579
internal_weight=408.431 401.256 358.481 66.1889 292.292 278.23 252.458 11.0986 241.36 239.664 221.226 5.85194 42.7748 25.671
internal_count=2264 2168 1942 447 1495 1413 1241 50 1191 1186 1079 29 226 128
is_linear=0
shrinkage=0.04


Tree=88
num_leaves=15
num_cat=0
split_feature=255 237 133 187 233 25 67 298 286 298 242 261 168 209
split_gain=8.42133 7.11599 7.78376 9.6233 7.73625 7.57078 9.01631 8.9642 7.2772 6.81046 9.57585 10.5815 8.88625 8.28782
threshold=0.009000000078231098 0.0019500000635161998 1.0000000180025095e-35 0.016849999316036705 0.0010500000207684936 0.0031500000040978198 1.0000000180025095e-35 0.0017499999958090486 0.002650000038556755 0.0010500000207684936 0.011149999685585501 0.0013499999768100681 0.0016499999910593035 0.0011500000255182388
decision_type=2 2 2 2 2 2 2 2 2 2 2 2 2 2
left_child=1 4 3 5 9 6 -3 -7 -6 13 -11 -12 -13 -1
right_child=-2 2 -4 -5 8 7 -8 -9 -10 10 11 12 -14 -15
leaf_value=0.013673159703571672 0.031111678698373401 0.00093422058620407685 -0.020249171429322782 0.03221615311723601 0.057439705220979499 0.079698756410532867 -0.061872801356177211 0.01250623179687582 -0.043268619695627064 -0.023258396798438802 0.094622604909576538 -0.020055683394331749 0.028226693885359588 -0.044060554028081261
leaf_weight=29.502622924745083 14.577739804983137 164.3971047103405 19.217686861753464 20.585234388709068 5.050861742347478 3.348133221268653 3.6392663009464732 47.158925622701645 1.3516363725066183 66.027248967438936 1.8457621634006525 16.309022806584839 9.589610140770672 4.4785277694463721
leaf_count=146 114 772 122 180 23 12 23 230 7 458 6 102 40 29
internal_value=0.00136214 0.000239392 0.00413003 0.00611365 -0.00722062 0.00362307 -0.000438229 0.0171882 0.0352255 -0.00940504 -0.0149725 0.00461582 -0.00198428 0.00583985
internal_weight=407.079 392.502 258.346 239.129 134.155 218.543 168.036 50.5071 6.4025 127.753 93.7716 27.7444 25.8986 33.9812
internal_count=2264 2150 1339 1217 811 1037 795 242 30 781 606 148 142 175
is_linear=0
shrinkage=0.04


Tree=89
num_leaves=15
num_cat=0
split_feature=255 183 237 233 124 184 6 149 163 96 47 243 310 207
split_gain=7.8798 6.59329 7.18981 8.48622 7.86603 8.58997 7.9789 7.59828 7.58257 7.23929 8.59687 6.97435 6.7526 6.54935
threshold=0.009000000078231098 0.0010500000207684936 0.0018500000005587938 0.0010500000207684936 0.0079499999992549437 0.0010500000207684936 0.0016499999910593035 0.0024500000290572648 0.009000000078231098 0.0029499999945983295 0.0020500000100582842 0.01544999983161688 0.0054500000551342973 0.012249999679625036
decision_type=2 2 2 2 2 2 2 2 2 2 2 2 2 2
left_child=1 2 3 -1 5 6 -4 -6 -8 10 13 -12 -5 -9
right_child=-2 -3 4 12 7 -7 8 9 -10 -11 11 -13 -14 -15
leaf_value=-0.010725358823214841 0.030291686630109442 0.04270263979398016 0.0067145780209728039 0.072813752373102614 -0.042344993421311365 0.031715440262149092 -0.029330885907226451 -0.0099854108029777313 0.060257393504337675 -0.044509057995133057 0.091255737814856644 -0.038988177972407181 -0.010388771429289501 0.0473229563717424
leaf_weight=118.22709333524108 14.380235660821198 5.6637981273233882 174.83059590309858 3.5003330670297137 9.8376875668764097 19.843151193112135 16.470545262098316 26.099184632301334 1.5445397868752468 5.6441919244825831 2.774263277649879 0.74204737693071354 2.58403405174613 3.5241371728479853
leaf_count=730 114 73 838 14 52 93 95 157 7 44 11 5 13 18
internal_value=0.00131348 0.000230809 -0.000393533 -0.00831781 0.00336267 0.00669282 0.00408225 -0.0111064 -0.0211389 -0.00299122 0.0040722 0.0623462 0.0372342 -0.00289687
internal_weight=405.666 391.286 385.622 124.311 261.31 212.689 192.846 48.6215 18.0151 38.7838 33.1396 3.51631 6.08437 29.6233
internal_count=2264 2150 2077 757 1320 1033 940 287 102 235 191 16 27 175
is_linear=0
shrinkage=0.04


Tree=90
num_leaves=15
num_cat=0
split_feature=250 33 49 244 2 217 124 111 243 154 105 201 102 301
split_gain=11.1434 8.40505 7.0486 8.05453 5.83422 7.39468 6.27889 9.90184 8.0434 5.98056 7.48604 8.20762 7.129 6.81712
threshold=0.0012500000302679839 0.002650000038556755 0.0021499999566003685 0.0067499999422580012 0.011549999937415125 0.0015499999863095584 0.0015499999863095584 0.0021499999566003685 0.0060499999672174462 0.062950000166893019 1.0000000180025095e-35 0.0084500000812113302 0.21860000491142276 0.0035500000230968003
decision_type=2 2 2 2 2 2 2 2 2 2 2 2 2 2
left_child=1 4 -2 -4 5 9 -7 8 -8 10 11 -1 -11 -12
right_child=2 -3 3 -5 -6 6 7 -9 -10 12 13 -13 -14 -15
leaf_value=0.0005194612453527812 0.034391988408409062 -0.041072640221184717 -0.053181826895670463 0.02455172806592654 -0.041823269966190894 0.039334646512298475 -0.031808762902318877 0.06709961372316782 0.040421344111022599 0.039923557635274956 -0.012147089303336356 0.036648817915799332 -0.041121695586899598 0.055660914644641152
leaf_weight=201.44362219050527 24.460549753159285 7.985906282439827 3.5319223031401616 5.0141630619764328 5.1202612854540339 13.9424239769578 9.4554484635591489 2.9505366683006278 3.1945089921355239 10.259369142353533 105.1439861766994 10.505324512720106 1.9552627727389325 2.3101815320551387
leaf_count=928 230 87 21 27 33 86 52 9 13 43 662 39 15 13
internal_value=0.00122517 -0.000731887 0.0234725 -0.00735486 0.000147702 0.000765219 0.0199125 0.00215989 -0.0130807 -0.000933991 -0.00199963 0.00234553 0.0263968 -0.0106017
internal_weight=407.273 374.267 33.0066 8.54609 366.281 361.161 29.5429 15.6005 12.65 331.618 319.403 211.949 12.2146 107.454
internal_count=2258 1980 278 48 1893 1860 160 74 65 1700 1642 967 58 675
is_linear=0
shrinkage=0.04


Tree=91
num_leaves=15
num_cat=0
split_feature=250 33 149 216 109 200 261 310 113 200 165 105 242 105
split_gain=10.4415 7.95472 5.7954 6.67313 5.67834 15.024 7.13796 6.37514 6.24705 6.45514 8.6142 7.80228 8.33594 7.60348
threshold=0.0012500000302679839 0.002650000038556755 0.095900002866983428 0.0079499999992549437 0.0010500000207684936 0.068849999457597746 0.11895000189542772 1.0000000180025095e-35 0.047399999573826797 0.010850000195205213 1.0000000180025095e-35 0.037249999120831497 0.0018500000005587938 0.0018500000005587938
decision_type=2 2 2 2 2 2 2 2 2 2 2 2 2 2
left_child=1 4 -2 -4 8 6 -6 -7 9 10 13 12 -11 -1
right_child=2 -3 3 -5 5 7 -8 -9 -10 11 -12 -13 -14 -15
leaf_value=0.0073307436237676684 0.033552041965718378 -0.040431951648855761 -0.045747525201754007 0.023019084654803051 -0.017587362326307969 0.03859347755443461 0.026831700057659086 -0.035563163982574156 0.11702161788047361 -0.052910854206030117 0.032863012216313409 0.057602160806021339 -0.0060736085294375713 -0.014274322965966707
leaf_weight=155.6392823792994 23.220417376607656 7.7934593409299842 3.5940975993871671 5.6686165630817413 80.251127768307924 13.314444169402121 6.0821537338197222 2.0166521668434134 0.67183016985654731 6.903609160333871 17.726469628512859 2.5861748047173014 49.042468216270208 31.113472569733858
leaf_count=712 226 87 24 28 445 56 31 12 3 54 103 12 245 220
internal_value=0.0011836 -0.000702021 0.0229027 -0.00343998 0.000145369 -0.00786966 -0.0143844 0.0284124 0.00325258 0.0029024 0.00626635 -0.00877179 -0.0120087 0.00370417
internal_weight=405.624 373.141 32.4831 9.26271 365.348 101.664 86.3333 15.3311 263.683 263.011 204.479 58.5323 55.9461 186.753
internal_count=2258 1980 278 52 1893 544 476 68 1349 1346 1035 311 299 932
is_linear=0
shrinkage=0.04


Tree=92
num_leaves=15
num_cat=0
split_feature=250 49 244 50 255 67 24 242 220 43 154 102 149 201
split_gain=9.77507 6.47993 7.47022 5.90883 7.60637 7.78092 6.51456 7.51993 5.11358 6.93601 5.98404 10.4908 5.61618 8.48748
threshold=0.0012500000302679839 0.0021499999566003685 0.0067499999422580012 0.010250000283122064 0.009000000078231098 1.0000000180025095e-35 0.002650000038556755 0.0021499999566003685 0.0013499999768100681 0.002549999975599349 0.020149999298155311 0.14570000022649768 0.0012500000302679839 0.0060499999672174462
decision_type=2 2 2 2 2 2 2 2 2 2 2 2 2 2
left_child=3 -2 -3 4 5 8 7 -7 10 -10 12 -12 13 -1
right_child=1 2 -4 -5 -6 6 -8 -9 9 -11 11 -13 -14 -15
leaf_value=0.00013358245889566746 0.033046293364233231 -0.052501040128252373 0.023181639240348391 -0.027697346690302885 0.036162614921551615 0.02834285123492335 0.037914642749205446 -0.059775739309282441 0.027599004216177066 -0.072436945688395704 0.035841046085360574 -0.037037302381474978 -0.0091292491071782288 0.038931955698661667
leaf_weight=178.1950589902699 23.614138673990965 3.416802726685999 4.9736767560243607 12.414759777486323 9.1011358276009542 1.7569946125149716 1.68074021488428 8.5615536682307702 17.006326712667946 1.0716350525617588 15.294911526143553 3.8398610427975646 113.7261602524668 9.4149088338017446
leaf_count=822 230 21 27 93 56 8 9 49 97 5 74 27 703 37
internal_value=0.00114149 0.0223222 -0.00742239 -0.000675216 0.000253884 -0.000677039 -0.0322004 -0.0442594 0.00043762 0.0210831 -0.00072074 0.0208917 -0.00211287 0.00212163
internal_weight=404.069 32.0046 8.39048 372.064 359.649 350.548 11.9993 10.3185 338.549 18.078 320.471 19.1348 301.336 187.61
internal_count=2258 278 48 1980 1887 1831 66 57 1765 102 1663 101 1562 859
is_linear=0
shrinkage=0.04


Tree=93
num_leaves=15
num_cat=0
split_feature=250 33 49 244 223 237 209 200 251 275 102 158 6 242
split_gain=9.15631 7.40381 6.09829 7.04676 5.35082 8.26369 10.1165 8.63339 8.2417 7.76047 8.14346 9.9918 9.51089 8.15046
threshold=0.0012500000302679839 0.002650000038556755 0.0021499999566003685 0.0067499999422580012 0.0047500000800937423 0.0016499999910593035 0.0088499998673796671 0.0084500000812113302 0.0011500000255182388 0.0019500000635161998 0.0021499999566003685 0.0020500000100582842 1.0000000180025095e-35 0.0034500000765547161
decision_type=2 2 2 2 2 2 2 2 2 2 2 2 2 2
left_child=1 4 -2 -4 5 6 8 -7 9 10 11 13 -13 -1
right_child=2 -3 3 -5 -6 7 -8 -9 -10 -11 -12 12 -14 -15
leaf_value=-0.00095861944802536558 0.032287140656362741 -0.039611413811230824 -0.051762480763790857 0.022307276043669253 -0.0034602663778732063 0.020265765796431565 0.093009047545690601 -0.033620271882162683 -0.060499513604756208 0.033010721588051711 -0.04886421554980646 0.075843663132586267 -0.016591740761403528 -0.04945809632919735
leaf_weight=27.103087320923805 23.213169563561681 7.5433094874024382 3.3301153481006605 4.9659597799181938 233.08176588639617 63.496900137513876 1.5732858031988133 5.0001406520605078 4.1292552873492232 8.255864776670931 6.8287779763340941 4.4860307499766341 2.7620986551046371 6.9303942248225203
leaf_count=136 230 87 21 27 1201 288 8 29 32 41 66 24 24 44
internal_value=0.001101 -0.000648247 0.0217712 -0.00721093 0.000159655 0.00665013 -0.00386732 0.0162306 -0.00660209 -0.00248271 -0.00871228 -0.00187168 0.0403278 -0.0110679
internal_weight=402.7 371.191 31.5092 8.29608 363.648 130.566 62.0688 68.497 60.4955 56.3663 48.1104 41.2816 7.24813 34.0335
internal_count=2258 1980 278 48 1893 692 375 317 367 335 294 228 48 180
is_linear=0
shrinkage=0.04


Tree=94
num_leaves=15
num_cat=0
split_feature=250 2 271 101 108 102 111 244 217 124 221 298 102 286
split_gain=8.57942 7.17304 5.99327 5.76785 5.63914 6.16359 5.39617 5.42171 5.03432 7.76037 8.64366 5.91654 6.92922 10.3073
threshold=0.0012500000302679839 0.011549999937415125 0.0015499999863095584 0.0067499999422580012 0.038349999114871032 0.012800000142306091 0.0018500000005587938 0.01905000023543835 0.0015499999863095584 0.0015499999863095584 0.0039500000420957812 0.49950000643730169 0.0066499998793005952 0.0060499999672174462
decision_type=2 2 2 2 2 2 2 2 2 2 2 2 2 2
left_child=1 2 3 4 8 -6 -2 -8 11 -10 -11 12 -1 -14
right_child=6 -3 -4 -5 5 -7 7 -9 9 10 -12 -13 13 -15
leaf_value=0.00036659315495669235 0.03509427346590159 -0.04327899840680402 0.04474930958880402 -0.046981427671039987 0.10008362269944807 -0.014535738284383934 -0.011466758604074801 0.054131507719850237 0.038326141963928799 0.0095137778215658182 -0.068658838364279703 0.043712653954215322 -0.020557294632229075 0.029025152103600581
leaf_weight=256.14512778818607 18.292384285479788 6.1038548424839965 4.6466928869485846 4.1199087500572196 1.7536759749054902 1.1319408528506754 10.340920265763996 2.3953562304377547 13.038952339440586 14.551266843453051 2.5722366571426383 4.3824537470936766 54.761401381343603 7.4926209822297087
leaf_count=1251 197 42 35 33 6 9 63 18 80 75 14 17 388 30
internal_value=0.00105525 -0.000627813 8.69314e-05 -0.000490787 4.93066e-05 0.0548012 0.0212287 0.000884515 -0.000402402 0.0151832 -0.00232727 -0.00187545 -0.00252901 -0.0144886
internal_weight=401.729 370.7 364.596 359.95 355.83 2.88562 31.0287 12.7363 352.944 30.1625 17.1235 322.782 318.399 62.254
internal_count=2258 1980 1938 1903 1870 15 278 81 1855 169 89 1686 1669 418
is_linear=0
shrinkage=0.04


Tree=95
num_leaves=15
num_cat=0
split_feature=299 59 229 243 243 165 273 137 175 261 279 47 243 252
split_gain=9.62527 8.23032 8.34624 10.2992 7.88738 11.7903 7.37001 7.28797 6.81182 6.68959 6.37175 6.25719 6.15391 5.63236
threshold=0.0031500000040978198 0.0018500000005587938 0.0022500000195577745 0.016549999825656418 0.0014499999815598132 1.0000000180025095e-35 0.0044499998912215242 0.0010500000207684936 0.022450000047683719 0.0035500000230968003 0.0013499999768100681 0.0046500000171363362 0.0047500000800937423 0.0018500000005587938
decision_type=2 2 2 2 2 2 2 2 2 2 2 2 2 2
left_child=1 2 4 12 5 7 -5 13 11 -8 -11 -6 -4 -1
right_child=-2 -3 3 6 8 -7 9 -9 -10 10 -12 -13 -14 -15
leaf_value=-0.0037729393590539323 0.037691756268495066 -0.041183681162740716 0.0097508361428727836 -0.056065346687801797 -0.016591110937201652 0.039254814373737269 0.081142914496396851 -0.056372956852331423 0.010726212931089905 -0.03291969839976696 0.011543816778423366 0.059310365301609325 0.048083141498848674 0.012318929351600526
leaf_weight=131.02137760445476 10.296425580978392 8.010432902723549 12.551696028560402 3.5248734205961254 99.2881093993783 12.558232136070727 1.6119707524776483 3.581170827150344 18.960491251200438 6.9719615280628231 18.916912298649549 1.6509558632969845 15.243624854832886 47.248058881610632
leaf_count=690 200 90 66 20 539 68 5 26 83 43 87 8 69 246
internal_value=-0.000269038 -0.00131465 -0.000437212 0.013366 -0.00303656 0.0019225 -0.00236443 -0.000653771 -0.0111056 0.00455186 -0.000357041 -0.0152526 0.0310136 0.000474097
internal_weight=391.436 381.14 373.129 58.821 314.308 194.409 31.0257 181.851 119.9 27.5008 25.8889 100.939 27.7953 178.269
internal_count=2240 2040 1950 290 1660 1030 155 962 630 135 130 547 135 936
is_linear=0
shrinkage=0.04


Tree=96
num_leaves=15
num_cat=0
split_feature=229 243 187 243 165 237 92 237 273 175 33 193 223 261
split_gain=7.77694 8.54258 7.2714 8.18129 12.0841 8.18197 7.76847 7.32644 7.03977 6.24422 6.15406 6.76966 7.60963 6.15057
threshold=0.0022500000195577745 0.016549999825656418 0.017150000669062141 0.0014499999815598132 1.0000000180025095e-35 0.023650000803172592 0.0020500000100582842 0.067049998790025725 0.0043500000610947618 0.023900000378489498 1.0000000180025095e-35 1.0000000180025095e-35 0.01625000033527613 0.0035500000230968003
decision_type=2 2 2 2 2 2 2 2 2 2 2 2 2 2
left_child=2 -2 3 4 5 10 -4 -7 -3 -5 11 -1 -13 -10
right_child=1 8 6 9 -6 7 -8 -9 13 -11 -12 12 -14 -15
leaf_value=-0.00053366930863472082 0.027622731094326253 -0.054948160640164549 0.034042702467468378 -0.017041349883401249 0.038011972863794208 -0.043133769891105386 -0.0077272527289798925 0.012461727230547894 0.078329663474534073 0.0095388090051044174 -0.035729333349008061 0.03656698910958979 -0.043389492460677095 0
leaf_weight=131.84842636436224 30.805522605776787 3.4561103135347393 16.701071312651042 95.814259827136993 12.718734771013258 13.220050286501648 12.089258987456558 5.1114637814462176 1.6067588627338434 16.315657217055559 6.9562883563339701 14.732197821140291 2.0559683144092551 26.660981172695756
leaf_count=673 187 20 160 540 79 68 83 29 5 78 97 65 11 145
internal_value=-0.000256597 0.0126471 -0.00273514 -0.00459716 0.000513831 -0.00222561 0.0163987 -0.0274313 -0.00181038 -0.0131331 0.000734068 0.00249035 0.0263393 0.00471622
internal_weight=390.093 62.5294 327.563 298.773 186.643 173.924 28.7903 18.3315 31.7239 112.13 155.593 148.637 16.7882 28.2677
internal_count=2240 357 1883 1640 1022 943 243 97 170 618 846 749 76 150
is_linear=0
shrinkage=0.04


Tree=97
num_leaves=15
num_cat=0
split_feature=299 59 255 189 53 229 243 125 165 243 124 273 209 175
split_gain=8.98963 7.81591 7.41729 5.94519 6.28313 5.76196 7.42728 10.0384 8.33233 6.39797 7.9956 7.52976 6.34873 6.10733
threshold=0.0031500000040978198 0.0018500000005587938 0.009000000078231098 0.0027499999850988392 0.0031500000040978198 0.0022500000195577745 0.0014499999815598132 0.0051500000990927228 1.0000000180025095e-35 0.016549999825656418 0.01264999993145466 0.0044499998912215242 0.025449999608099464 0.023900000378489498
decision_type=2 2 2 2 2 2 2 2 2 2 2 2 2 2
left_child=1 2 3 4 5 6 8 13 -1 10 -7 -11 -12 -8
right_child=-2 -3 -4 -5 -6 9 7 -9 -10 11 12 -13 -14 -15
leaf_value=-4.1124352269858122e-05 0.037377007271960812 -0.040741560163607034 0.035182559533020248 0.058603705752821381 -0.028181203073147389 0.040174867279176948 -0.016971393405914997 0.054729348530507663 0.036185474454275376 -0.057478496927369928 -0.03580802549599299 0.0064141795882873207 0.066803634473754078 0.011522910418987998
leaf_weight=175.26942612230778 9.7964490521699172 7.7496572043746701 9.0389389619231206 2.5278692357242099 13.741878278553484 17.803741089999679 92.919390395283699 3.470415584743022 10.669487729668615 3.2635475844144848 4.4820526875555506 23.79513056203723 1.1078620404005048 13.579843714833258
leaf_count=903 200 90 57 12 108 73 502 12 57 19 31 113 4 59
internal_value=-0.000245985 -0.00123753 -0.000392335 -0.00129956 -0.00174733 -0.000679187 -0.00282135 -0.0110624 0.00203445 0.0117864 0.0270667 -0.0013279 -0.0139518 -0.0132931
internal_weight=389.216 379.419 371.67 362.631 360.103 346.361 295.909 109.97 185.939 50.4523 23.3937 27.0587 5.58991 106.499
internal_count=2240 2040 1950 1893 1881 1773 1533 573 960 240 108 132 35 561
is_linear=0
shrinkage=0.04


Tree=98
num_leaves=15
num_cat=0
split_feature=59 255 134 229 187 177 211 92 124 243 243 90 248 101
split_gain=7.14748 8.25197 8.54425 8.51742 8.02329 7.09469 8.36183 6.92824 6.49268 7.38125 10.3367 6.30536 7.57412 6.27975
threshold=0.0018500000005587938 0.009000000078231098 0.0010500000207684936 0.0030500000575557355 0.017150000669062141 0.0053499999921768912 0.0021499999566003685 0.0021499999566003685 0.0087500000372529047 0.019199999980628494 0.024799999780952934 0.003249999950639904 0.0057500000111758718 0.00335000001359731
decision_type=2 2 2 2 2 2 2 2 2 2 2 2 2 2
left_child=1 2 3 4 11 13 -7 -6 9 -5 -11 12 -1 -4
right_child=-2 -3 5 8 7 6 -8 -9 -10 10 -12 -13 -14 -15
leaf_value=-0.0027487091881799536 -0.038020334225829185 0.035453317923574333 -0.026289375108980648 0.050074198954378514 0.042278070539407554 0.064965084983928681 -0.054489785590438287 -0.0055759499226623833 -0.013680539930183661 -0.061676072683806586 0.026918808997836125 -0.029083956490906115 0.022374216802408583 0.016909863954364494
leaf_weight=232.82872426137328 7.7501399330794802 10.432266764342783 39.839984852820635 13.960615085437896 12.511916538700463 3.2495490312576285 1.1814294047653673 7.6021604426205149 6.5245807021856299 2.6103004589676848 9.240090396255253 13.059808216989039 20.815341759473085 6.03574464470148
leaf_count=1226 92 98 242 71 128 11 7 47 39 14 49 74 107 35
internal_value=-0.000233616 0.000536542 -0.000447888 0.00195751 -0.000225736 -0.0157611 0.0317324 0.0240555 0.0213873 0.0304248 0.00671638 -0.00208029 -0.000663223 -0.0204943
internal_weight=387.643 379.893 369.46 319.154 286.818 50.3067 4.43098 20.1141 32.3356 25.811 11.8504 266.704 253.644 45.8757
internal_count=2240 2148 2050 1755 1582 295 18 175 173 134 63 1407 1333 277
is_linear=0
shrinkage=0.04


Tree=99
num_leaves=15
num_cat=0
split_feature=299 59 255 285 109 175 158 127 137 247 38 6 53 248
split_gain=8.33682 7.04511 6.54412 5.71751 7.43807 7.07121 8.19226 6.07172 5.37864 6.28858 5.61353 8.49611 6.86237 6.50664
threshold=0.0031500000040978198 0.0018500000005587938 0.009000000078231098 0.031349999830126769 0.0015499999863095584 0.025549999438226226 1.0000000180025095e-35 1.0000000180025095e-35 0.0011500000255182388 0.0016499999910593035 1.0000000180025095e-35 0.0080500002950429934 0.0012500000302679839 0.0010500000207684936
decision_type=2 2 2 2 2 2 2 2 2 2 2 2 2 2
left_child=1 2 3 5 7 8 -7 -5 10 -10 11 -1 -12 -13
right_child=-2 -3 -4 4 -6 6 -8 -9 9 -11 12 13 -14 -15
leaf_value=0.0010701572562221966 0.037030676113538566 -0.039625927547320854 0.033695605375793726 0.024192920887480384 -0.038888929702420222 -0.040797242424144231 0.033633541834081397 -0.017381849390596761 -0.045096506053263589 0.040445987466933453 0.071327642348011241 -0.03368232194959192 -0.018196935868802278 0.036298485565566918
leaf_weight=266.97495798394084 9.2710142806172353 7.3697215206921092 8.698624733835457 8.7080019079148787 14.04222137853503 2.6059911325573948 17.311216361820698 15.3550643697381 7.9180025495588762 1.5296317040920255 3.6478560268878928 18.210202828049663 2.0100837051868439 2.2686425596475592
leaf_count=1352 200 90 57 60 69 15 73 79 53 6 15 137 23 11
internal_value=-0.000224096 -0.0011613 -0.000372316 -0.00121437 -0.0158492 0.000506921 0.0235399 -0.00213327 -0.00100338 -0.0305491 -2.7322e-05 -0.000823984 0.0390641 -0.0255968
internal_weight=385.921 376.65 369.28 360.582 38.1053 322.477 19.9172 24.0631 302.559 9.44763 293.112 287.454 5.65794 20.4788
internal_count=2240 2040 1950 1893 208 1685 88 139 1597 59 1538 1500 38 148
is_linear=0
shrinkage=0.04


Tree=100
num_leaves=15
num_cat=0
split_feature=307 36 201 227 158 223 242 223 251 25 225 134 53 25
split_gain=6.36248 6.18086 6.52915 8.64188 10.622 12.3632 8.98719 8.29655 9.02936 9.36617 11.9427 9.02596 8.70823 7.43744
threshold=0.0070000002160668382 1.0000000180025095e-35 0.0014499999815598132 0.0013499999768100681 0.007849999703466894 0.0014499999815598132 0.0076500000432133683 0.0014499999815598132 0.012300000060349705 0.0044499998912215242 0.002650000038556755 0.0084999999962747114 0.007400000002235175 0.002549999975599349
decision_type=2 2 2 2 2 2 2 2 2 2 2 2 2 2
left_child=1 2 7 4 5 -4 -6 13 9 12 -11 -12 -9 -1
right_child=-2 -3 3 -5 6 -7 -8 8 -10 10 11 -13 -14 -15
leaf_value=0.022358014556086329 0.043568154475183161 -0.011055360747039403 -0.045883941941386112 0.039716719172514951 -0.03443927609844151 0.033442673874441345 0.013619011297011763 -0.0080566028675170716 0.033800353206861117 0.058456740239290678 -0.020684695403579832 0.050533382495532714 0.1401317214733479 -0.017412645304088935
leaf_weight=43.616250447928905 6.0111045520752659 47.61011783964932 3.4614757969975498 17.218175003305078 13.26078373193741 25.221892779693007 11.434622641652821 170.12220673263073 10.399056559428571 8.0925146862864512 10.724514048546551 3.7583632394671431 0.53436560928821464 8.8951106145977956
leaf_count=216 67 392 25 104 89 119 59 891 78 33 60 17 2 57
internal_value=0.00304396 0.0023711 0.00434253 0.0151095 0.00703778 0.0236045 -0.0120605 0.00135464 -0.00228568 -0.00426487 0.0198445 -0.00170924 -0.00748737 0.0155248
internal_weight=380.361 374.349 326.739 70.5969 53.3788 28.6834 24.6954 256.142 203.631 193.232 22.5754 14.4829 170.657 52.5114
internal_count=2209 2142 1750 396 292 144 148 1354 1081 1003 110 77 893 273
is_linear=0
shrinkage=0.04


Tree=101
num_leaves=15
num_cat=0
split_feature=307 127 223 277 116 102 310 158 207 252 154 124 105 105
split_gain=6.09158 5.96332 7.54552 7.41064 6.02242 10.5351 6.00523 5.51275 5.50933 10.1605 5.75679 6.20477 8.01462 7.13492
threshold=0.0070000002160668382 0.054000001400709159 0.095399998128414168 0.012850000057369472 0.0024500000290572648 0.11199999973177911 0.0042499999981373557 0.40534999966621404 0.0031500000040978198 0.045749999582767494 0.080499999225139632 0.058150000870227821 0.032300001010298736 0.05269999988377095
decision_type=2 2 2 2 2 2 2 2 2 2 2 2 2 2
left_child=1 3 -3 4 6 -6 8 -7 10 -10 11 12 -1 -14
right_child=-2 2 -4 -5 5 7 -8 -9 9 -11 -12 -13 13 -15
leaf_value=0.000622431381973309 0.043228220635484947 -0.040622825744963044 0.035596578928722346 0.029553938620516411 -0.035668568288101006 0.053656870288983173 0.039998473310046412 -0.016697489298567483 -0.0011117536213258253 0.054755152237708764 0.038954463490929556 -0.037102101101973109 0.14237704941379739 -0.0016567296791275144
leaf_weight=278.98295158147812 5.8206798676401368 9.9059861972928029 2.4853918589651576 16.261634824797511 15.981721093878152 3.934684917330741 6.9302183203399172 3.0078281052410603 12.177864275872709 8.8226789496839029 6.2026200816035262 6.8228610251098862 1.111102826893329 0.9058408886194228
leaf_count=1477 67 92 14 121 105 15 82 22 64 43 26 68 5 8
internal_value=0.00293391 0.00228391 -0.0248524 0.00323269 0.0019718 -0.0177646 0.00339459 0.0228037 0.00256422 0.0223176 0.00113264 0.000290439 0.00122546 0.0787772
internal_weight=379.354 373.533 12.3914 361.142 344.88 22.9242 321.956 6.94251 315.026 21.0005 294.025 287.823 281 2.01694
internal_count=2209 2142 106 2036 1915 142 1773 37 1691 107 1584 1558 1490 13
is_linear=0
shrinkage=0.04


Tree=102
num_leaves=15
num_cat=0
split_feature=193 127 276 277 93 158 261 201 200 209 223 207 221 211
split_gain=5.95246 6.44011 8.81564 7.23308 5.69202 6.2823 9.27581 7.63553 9.25152 8.1034 7.89419 7.12021 8.50115 8.35278
threshold=0.05829999968409539 0.054000001400709159 0.0040500001050531873 0.012850000057369472 0.0015499999863095584 0.0018500000005587938 0.013950000051409008 0.003249999950639904 0.0020500000100582842 0.0075499999802559623 0.0042499999981373557 0.0021499999566003685 0.0012500000302679839 0.0016499999910593035
decision_type=2 2 2 2 2 2 2 2 2 2 2 2 2 2
left_child=1 3 -3 4 5 6 7 8 -1 -10 -9 12 -7 -14
right_child=-2 2 -4 -5 -6 11 -8 10 9 -11 -12 -13 13 -15
leaf_value=0.0053229450795914037 0.053892591586176472 -0.049617548740885385 0.023901204965806645 0.029078379185790759 0.075962847443450623 -0.012484762859646925 0.025870020744905929 -0.020908752875117252 -0.027636552463630917 0.0475614192248211 0.061323956970373052 0.014783201203584411 0.031055747542630678 -0.013329441941628493
leaf_weight=109.02273966372013 3.5246186275035134 8.1762277726083976 3.6556049846112719 16.518837386742234 1.5607528537511814 111.91827880032361 33.393561387434602 2.4678395986556989 24.807820737361912 2.3989656120538703 6.4444616734981537 27.054744461551309 15.909725472331049 11.545163206756113
leaf_count=498 20 83 21 138 5 724 227 16 134 12 22 155 75 79
internal_value=0.0028275 0.00232247 -0.0265578 0.00328177 0.00203247 0.00166447 0.00688253 0.00247163 8.31985e-05 -0.0207096 0.0381303 -0.00390996 -0.0075753 0.0122654
internal_weight=378.399 374.875 11.8318 363.043 346.524 344.963 178.535 145.142 136.23 27.2068 8.9123 166.428 139.373 27.4549
internal_count=2209 2189 104 2085 1947 1942 909 682 644 146 38 1033 878 154
is_linear=0
shrinkage=0.04


Tree=103
num_leaves=15
num_cat=0
split_feature=294 101 193 127 223 187 96 105 105 93 160 225 286 171
split_gain=7.689 7.51552 5.58927 6.06701 6.88131 6.37225 7.13769 6.11626 5.85567 5.56024 5.63053 6.84719 5.50485 6.25953
threshold=0.0010500000207684936 0.0064499999862164268 0.05829999968409539 0.054000001400709159 0.095399998128414168 0.014050000347197058 0.0030500000575557355 0.021300000138580803 0.054050000384449966 0.0015499999863095584 0.0010500000207684936 0.0022500000195577745 0.0024500000290572648 1.0000000180025095e-35
decision_type=2 2 2 2 2 2 2 2 2 2 2 2 2 2
left_child=1 2 3 5 -5 7 -7 9 -9 10 12 -12 13 -1
right_child=-2 -3 -4 4 -6 6 -8 8 -10 -11 11 -13 -14 -15
leaf_value=0.0011867406307536543 0.040075142519659365 -0.038251587951181061 0.052441957721291572 -0.050687185914527255 0.030795639766138583 0.034878615357390508 -0.013164079053367993 0.050458260558562111 -0.038292960496887046 0.074009661046090455 -0.03286474444899519 0.031294041051824165 0.023503848580600808 -0.034464376925054156
leaf_weight=270.91308723948896 8.5299882180988771 7.2185347322374573 3.4808952715247861 6.5964942686259729 2.0639888644218445 18.723238592967395 6.5100023038685313 6.8476223405450565 1.3060625232756136 1.5409035384654988 14.87945061735809 3.0913699753582469 17.044538279995322 8.0148149207234365
leaf_count=1370 94 62 20 65 12 185 47 47 21 5 140 20 81 40
internal_value=0.00273065 0.00184406 0.00266723 0.00215692 -0.0306815 0.00299213 0.022323 0.00146617 0.0354657 0.000563813 0.000167136 -0.0214946 0.00150272 0.000136009
internal_weight=376.761 368.231 361.012 357.532 8.66048 348.871 25.2332 323.638 8.15368 315.484 313.943 17.9708 295.972 278.928
internal_count=2209 2115 2053 2033 77 1956 232 1724 68 1656 1651 160 1491 1410
is_linear=0
shrinkage=0.04


Tree=104
num_leaves=15
num_cat=0
split_feature=294 101 193 127 298 276 97 116 102 310 105 105 220 187
split_gain=7.30803 7.04073 5.23288 5.7062 7.32479 6.6409 6.23243 5.57934 8.42479 6.19389 6.22772 9.61009 5.13233 4.86514
threshold=0.0010500000207684936 0.0064499999862164268 0.05829999968409539 0.054000001400709159 0.40760000050067907 0.0056499999482184657 0.0010500000207684936 0.0024500000290572648 0.11324999853968622 0.0041499999351799497 0.032300001010298736 0.043050000444054611 0.002650000038556755 0.017150000669062141
decision_type=2 2 2 2 2 2 2 2 2 2 2 2 2 2
left_child=1 2 3 4 7 -5 -6 9 -9 10 12 -12 13 -1
right_child=-2 -3 -4 5 6 -7 -8 8 -10 -11 11 -13 -14 -15
leaf_value=-0.00045344458761266296 0.039526214674497996 -0.037349769541466064 0.051023739661179242 -0.051501574053602929 0.040266950075334415 0.026652905061993457 -0.08227301543686466 -0.032943955808248257 0.02690876781910902 0.042817724917240327 0.10132139172594265 -0.019971464824977733 0.029747638843481007 0.024583764162193246
leaf_weight=282.90793128684163 8.3084098938852531 7.1019219029694787 3.4381984528154126 6.2084911502897722 11.524880880489942 2.2551845237612724 0.59267385303974229 15.471915436908604 4.8065773714333764 6.0648413803428403 2.3793157972395411 1.676875678822398 9.930464703589676 12.87879936955869
leaf_count=1482 94 62 20 64 67 13 4 101 26 80 11 24 71 90
internal_value=0.00263204 0.00177592 0.00256874 0.00207631 0.00287927 -0.0301418 0.0333217 0.00176028 -0.0184985 0.00307911 0.00227462 0.0509411 0.00159939 0.000631118
internal_weight=375.546 367.238 360.136 356.698 348.234 8.46368 12.1176 336.117 20.2785 315.838 309.773 4.05619 305.717 295.787
internal_count=2209 2115 2053 2033 1956 77 71 1885 127 1758 1678 35 1643 1572
is_linear=0
shrinkage=0.04


Tree=105
num_leaves=15
num_cat=0
split_feature=68 75 255 252 134 200 310 203 212 242 276 127 243 101
split_gain=8.43156 6.83709 6.20918 5.74878 6.92533 6.60313 9.4087 8.06005 9.86704 10.2286 10.8927 9.5396 7.51581 6.58901
threshold=0.0018500000005587938 0.002650000038556755 0.009000000078231098 0.0069500000681728133 0.0014499999815598132 0.00335000001359731 0.0024500000290572648 0.0017499999958090486 0.012349999975413086 0.00335000001359731 0.0010500000207684936 0.0015499999863095584 0.0039500000420957812 0.0047500000800937423
decision_type=2 2 2 2 2 2 2 2 2 2 2 2 2 2
left_child=1 2 3 5 -5 6 7 8 9 -1 12 -12 -11 -6
right_child=-2 -3 -4 4 13 -7 -8 -9 -10 10 11 -13 -14 -15
leaf_value=0.00083704938844742025 0.04293127143543958 -0.046419654859015759 0.034155318700999013 0.012815707174250788 -0.024994409828253052 -0.012726425004387601 0.032173260983602125 0.041837934716689208 0.036000726791212349 -0.044113374599342933 0.034517345550112565 -0.041544360890844081 -0.0017211927490216839 0.04859569858710204
leaf_weight=100.54531202092767 7.1864445358514777 5.0197471641004077 8.283579742535947 77.995017325505614 14.761088572442533 87.047031108289957 13.913596497848628 6.3395724035799494 9.2479591630399209 25.721439838409424 8.3817958366125804 3.7021224275231353 9.3127209022641164 2.1158989481627932
leaf_count=508 42 31 86 468 86 554 123 28 43 126 59 20 42 12
internal_value=0.000311097 -0.000511967 0.000116897 -0.000666478 0.00776104 -0.00370952 0.000702906 -0.00197283 -0.00379387 -0.0063359 -0.0216963 0.0107365 -0.0329956 -0.0153008
internal_weight=379.573 372.387 367.367 359.084 94.872 264.212 177.165 163.251 156.911 147.663 47.1181 12.0839 35.0342 16.877
internal_count=2228 2186 2155 2069 566 1503 949 826 798 755 247 79 168 98
is_linear=0
shrinkage=0.04


Tree=106
num_leaves=15
num_cat=0
split_feature=68 75 220 275 149 261 134 111 252 242 203 175 101 149
split_gain=7.91665 6.39943 7.52444 6.10257 8.39293 10.5111 10.2646 7.84607 7.01556 10.1443 7.16651 6.78794 6.85525 9.67032
threshold=0.0018500000005587938 0.002650000038556755 0.0014499999815598132 0.00335000001359731 0.022600000724196437 0.048350000753998763 0.0018500000005587938 0.0014499999815598132 0.012950000353157522 0.014050000347197058 0.0012500000302679839 0.0029499999945983295 1.0000000180025095e-35 0.014050000347197058
decision_type=2 2 2 2 2 2 2 2 2 2 2 2 2 2
left_child=1 2 3 4 5 6 7 8 9 10 11 12 13 -1
right_child=-2 -3 -4 -5 -6 -7 -8 -9 -10 -11 -12 -13 -14 -15
leaf_value=-5.4222631736177378e-05 0.04195763257419733 -0.045200542782298493 0.024268976297779212 0.0075272553989716362 -0.030287630756350898 0.030389361938997637 -0.031305098606973746 -0.04018089449994687 0.015121094994852154 -0.039022329332633936 0.040343949009243645 -0.042399524370344499 -0.040534491154833971 0.094745493966325492
leaf_weight=120.93223532289267 7.0639125630259505 4.9529959112405768 19.451198173686862 92.76558237709105 18.562407465651631 14.555437941104172 20.733450300991535 8.063771363347767 38.440168526023626 12.065509859472511 6.3159268237650386 6.5269991606473914 6.5130041241645804 1.6453502364456642
leaf_count=563 42 31 179 534 203 89 130 64 206 60 27 39 49 12
internal_value=0.000301709 -0.000490623 0.000114737 -0.00123385 -0.00444653 -0.00238329 -0.00457028 -0.00177154 -0.000121264 -0.00395926 -0.000925072 -0.00290482 -0.000845676 0.00126186
internal_weight=378.588 371.524 366.571 347.12 254.354 235.792 221.236 200.503 192.439 153.999 141.934 135.618 129.091 122.578
internal_count=2228 2186 2155 1976 1442 1239 1150 1020 956 750 690 663 624 575
is_linear=0
shrinkage=0.04


Tree=107
num_leaves=15
num_cat=0
split_feature=255 193 239 133 187 154 68 67 220 75 178 242 252 156
split_gain=7.54414 6.01045 6.04723 5.25871 6.8256 6.32565 6.03012 5.89337 5.44564 6.49526 5.31378 5.28553 5.20402 5.09756
threshold=0.009000000078231098 0.05829999968409539 0.0038499999791383748 1.0000000180025095e-35 0.014650000259280207 0.062950000166893019 0.0018500000005587938 1.0000000180025095e-35 0.0018500000005587938 0.002650000038556755 0.0027499999850988392 0.0016499999910593035 0.67465001344680797 0.0027499999850988392
decision_type=2 2 2 2 2 2 2 2 2 2 2 2 2 2
left_child=1 2 3 4 5 6 7 8 12 -10 -6 -9 -1 -7
right_child=-2 -3 -4 -5 10 13 -8 11 9 -11 -12 -13 -14 -15
leaf_value=-0.0022129692231885982 0.032304541458382352 0.053671180112257577 -0.030818928586038942 -0.021621664607296753 0.037029413584617712 0.064150578447827206 0.051848714381111022 0.038615865966900052 0.039735114892895322 -0.073509813549778646 -0.020508332899002037 -0.050032308611843969 0.073239185256348052 -0.042012472932592415
leaf_weight=292.15839564427733 11.324364081025122 3.121210014447569 10.601990342140196 17.469864036887884 13.227504402399065 3.8841439336538306 3.2915828824043265 1.1538468915969122 8.5081884935498202 0.78050725162029344 3.0161999408155671 6.5916076954454184 1.3673855364322651 0.76354051753878582
leaf_count=1572 111 19 68 131 141 14 16 6 58 4 35 44 4 5
internal_value=0.000287901 -0.000700523 -0.00119395 -0.000282359 0.000825495 -0.000455716 -0.001161 -0.00175222 -0.000851618 0.0291118 0.0260407 -0.0359926 -0.00182303 0.0453496
internal_weight=377.26 365.936 362.815 352.213 334.743 318.499 313.852 310.56 302.814 9.2887 16.2437 7.74545 293.526 4.64768
internal_count=2228 2117 2098 2030 1899 1723 1704 1688 1638 62 176 50 1576 19
is_linear=0
shrinkage=0.04


Tree=108
num_leaves=15
num_cat=0
split_feature=255 193 239 245 36 68 67 248 109 108 201 120 149 111
split_gain=7.07319 5.64623 5.58909 5.34358 6.94924 5.46283 6.46223 5.8398 7.41218 6.18512 6.74063 11.9061 5.88505 5.66864
threshold=0.009000000078231098 0.05829999968409539 0.0038499999791383748 0.0018500000005587938 0.010699999984353782 0.0018500000005587938 1.0000000180025095e-35 0.0018500000005587938 1.0000000180025095e-35 0.02224999945610762 0.0073500000871717939 0.0011500000255182388 0.040249999612569816 0.0014499999815598132
decision_type=2 2 2 2 2 2 2 2 2 2 2 2 2 2
left_child=1 2 3 4 5 6 7 9 -9 10 -1 12 -12 -13
right_child=-2 -3 -4 -5 -6 -7 -8 8 -10 -11 11 13 -14 -15
leaf_value=-0.005773793980270875 0.031538912762332498 0.052465452199807666 -0.029654965398570626 0.037302835651592731 -0.044305425924278136 0.046577499698860915 -0.035509769969835382 0.020898438101859523 -0.005259212370266159 0.050432875197606426 0.062021315377576658 -0.014574336309361785 -0.045996048358489701 0.035288496540822001
leaf_weight=223.96706304326653 11.141484277322887 3.0685979928821316 10.581738535314797 5.8488940615206948 5.7104957122355691 3.8498786240816107 8.2390739526599628 42.452913206070662 28.847795924171805 3.3535255007445803 8.4084320366382599 15.280044093728067 0.77637636661529619 4.667857624590396
leaf_count=1230 111 19 68 75 71 19 54 246 159 18 33 100 4 21
internal_value=0.000279947 -0.000671505 -0.00114737 -0.00026935 -0.000927483 -0.000174003 -0.000735293 0.000137231 0.0102667 -0.00266633 -0.00340532 0.0146237 0.0520629 -0.00258897
internal_weight=376.194 365.053 361.984 351.402 345.553 339.843 335.993 327.754 71.3007 256.453 253.1 29.1327 9.18481 19.9479
internal_count=2228 2117 2098 2030 1955 1884 1865 1811 405 1406 1388 158 37 121
is_linear=0
shrinkage=0.04


Tree=109
num_leaves=15
num_cat=0
split_feature=255 193 127 230 113 124 237 258 273 261 30 135 109 6
split_gain=6.6293 5.30338 6.21781 5.71426 5.00177 4.60225 6.33118 6.93202 5.84223 10.6564 6.01776 5.96289 5.84516 5.63209
threshold=0.009000000078231098 0.05829999968409539 0.050750000402331359 0.026149999350309375 0.0091500002890825289 0.0089499996975064295 0.070050001144409194 1.0000000180025095e-35 0.0016499999910593035 0.0041499999351799497 0.0012500000302679839 0.0052499999292194852 0.0010500000207684936 0.0016499999910593035
decision_type=2 2 2 2 2 2 2 2 2 2 2 2 2 2
left_child=1 2 3 5 -2 6 7 -1 -7 12 11 -11 -10 -9
right_child=4 -3 -4 -5 -6 8 -8 13 9 10 -12 -13 -14 -15
leaf_value=-0.0032027456525615902 0.040598841346897958 0.051276008635475705 -0.032688692098636937 0.037217748464556846 -0.041352172777903047 -0.045540938324185036 0.030217959077563129 0.022198169411382498 0.066077882703331883 -0.020729646392216413 0.073677431780156968 0.088762127401401353 -0.040890444757521224 -0.0054603430986330534
leaf_weight=235.56064456701279 9.7392067927867156 3.0175542905926696 9.6060501672327501 6.2994092646986237 1.2266713809221972 7.23097826167941 11.222211027517913 34.770680909976363 4.2628803048282853 31.807292679324746 1.0759845674037922 0.70638760924339195 0.88522060960531224 17.431781366467476
leaf_count=1215 101 19 97 51 10 75 116 179 25 228 3 2 11 96
internal_value=0.000272028 -0.000644559 -0.00110389 -0.000219671 0.0307793 -0.000925518 0.00087503 -0.000265492 -0.0126998 -0.00636501 -0.0146991 -0.0179633 0.0464937 0.012893
internal_weight=374.843 363.877 360.86 351.253 10.9659 344.954 298.985 287.763 45.9687 38.7378 33.5897 32.5137 5.1481 52.2025
internal_count=2228 2117 2098 2001 111 1950 1606 1490 344 269 233 230 36 275
is_linear=0
shrinkage=0.04


Tree=110
num_leaves=15
num_cat=0
split_feature=99 90 261 90 92 121 47 220 154 90 105 187 229 223
split_gain=5.80737 7.82422 7.63418 6.96869 7.69309 6.51527 10.1808 7.46491 6.58194 6.44019 6.12375 5.77944 5.94431 6.76542
threshold=0.0013499999768100681 0.0039500000420957812 1.0000000180025095e-35 0.0095000001601874846 0.0012500000302679839 0.0010500000207684936 1.0000000180025095e-35 0.0013499999768100681 0.023149999789893631 0.0030500000575557355 0.0081500001251697558 0.014750000089406969 0.0035500000230968003 0.002650000038556755
decision_type=2 2 2 2 2 2 2 2 2 2 2 2 2 2
left_child=1 2 -1 4 -2 6 9 8 -8 11 -7 12 13 -4
right_child=3 -3 5 -5 -6 10 7 -9 -10 -11 -12 -13 -14 -15
leaf_value=-0.018163499396987751 0.0093105839415923482 -0.023682288247395045 0.012136562459201502 -0.028746815534960789 0.047346885270588536 0.05245737892765396 -0.035077095152639445 0.021662645394728487 0.034351481709189835 0.051134348914460052 -0.02266498941278897 0.030281274901880924 0.020273311202288837 -0.0046737099639832195
leaf_weight=29.12483448907733 32.410636361688375 21.458648344501853 52.992484677582979 5.2078051250427952 11.670874284580348 7.5063479878008348 23.15396533720196 5.6322671063244334 2.2741611301898947 4.6602010931819668 2.1029123328626156 12.604634709656237 26.265362210571766 137.43926309421659
leaf_count=170 172 160 327 40 68 41 125 48 11 26 23 126 131 754
internal_value=0.00154122 -0.000387549 0.00125218 0.0143234 0.0195559 0.00333164 0.00213572 -0.0193178 -0.0286008 0.00500798 0.0355413 0.00403121 0.00247261 0
internal_weight=374.504 325.215 303.756 49.2893 44.0815 274.632 265.022 31.0604 25.4281 233.962 9.60926 229.302 216.697 190.432
internal_count=2222 1942 1782 280 240 1612 1548 184 136 1364 64 1338 1212 1081
is_linear=0
shrinkage=0.04


Tree=111
num_leaves=15
num_cat=0
split_feature=99 90 261 90 92 134 116 121 187 105 120 310 201 261
split_gain=5.35465 7.2265 7.08501 6.43494 7.11286 7.96759 6.40116 6.0843 5.95704 7.84277 7.935 7.48497 8.51123 6.32624
threshold=0.0013499999768100681 0.0039500000420957812 1.0000000180025095e-35 0.0095000001601874846 0.0011500000255182388 0.0014499999815598132 0.0019500000635161998 0.0010500000207684936 0.014750000089406969 0.0010500000207684936 0.0037500000325962905 0.0015499999863095584 0.0073500000871717939 0.0012500000302679839
decision_type=2 2 2 2 2 2 2 2 2 2 2 2 2 2
left_child=1 2 -1 4 5 -2 -7 8 9 10 11 12 -4 -11
right_child=3 -3 7 -5 -6 6 -8 -9 -10 13 -12 -13 -14 -15
leaf_value=-0.017569673131326451 0.026646499041822466 -0.022773396402948315 -0.0014340004975151668 -0.027588922986042021 0.044759009566515788 -0.021310809039555258 0.076786118653078508 0.034520427636281784 0.02654921053605841 0.077491388209680753 0.043161964023998307 0.038754618036820614 0.035581074470620554 -0.0093382678958536629
leaf_weight=28.912603951990604 17.618430638685826 21.427113268524408 121.83952787332237 5.2134009078145018 12.17361914552748 13.208989681676028 1.0458442717790593 9.4976930692791921 14.895795149728654 1.2531712185591448 8.7391830906271917 9.184233630076049 10.710698179900644 98.147471383213997
leaf_count=170 94 160 563 40 71 71 4 64 161 9 39 79 46 651
internal_value=0.0014847 -0.00036965 0.00120752 0.0137612 0.0187974 0.00864765 -0.0133502 0.00320723 0.00205626 0.000570124 0.0063432 0.00401596 0.00155141 -0.0081266
internal_weight=373.868 324.607 303.18 49.2603 44.0469 31.8733 14.2548 274.268 264.77 249.874 150.474 141.734 132.55 99.4006
internal_count=2222 1942 1782 280 240 169 75 1612 1548 1387 727 688 609 660
is_linear=0
shrinkage=0.04


Tree=112
num_leaves=15
num_cat=0
split_feature=99 90 261 90 92 121 47 220 154 90 105 248 269 285
split_gain=4.95767 6.6751 6.577 5.95895 6.54224 5.62317 9.30561 6.86504 6.10452 5.89193 5.78733 5.18019 5.09087 5.08674
threshold=0.0013499999768100681 0.0039500000420957812 1.0000000180025095e-35 0.0095000001601874846 0.0012500000302679839 0.0010500000207684936 1.0000000180025095e-35 0.0013499999768100681 0.023149999789893631 0.0030500000575557355 0.0081500001251697558 0.0018500000005587938 0.0022500000195577745 0.0015499999863095584
decision_type=2 2 2 2 2 2 2 2 2 2 2 2 2 2
left_child=1 2 11 4 -2 6 9 8 -8 -4 -7 12 -1 -13
right_child=3 -3 5 -5 -6 10 7 -9 -10 -11 -12 13 -14 -15
leaf_value=-0.028554248582581918 0.0086357666835278155 -0.021898042087870957 0.0037979959607684945 -0.026476820556217376 0.043787568219195896 0.050016791038723113 -0.033718655050578986 0.020944481608099651 0.033161470542110598 0.048977421718466363 -0.022986653187550526 0.039329387440106098 0.058866532929168137 -0.070106621456458379
leaf_weight=23.056689895689495 32.211011171340942 21.396922281011939 228.58650144375861 5.2191651295870534 11.646689275279639 7.3604154102504236 23.081615302711732 5.572552664205431 2.2714310288429251 4.6340725496411315 2.1156001035124063 3.9507119655609122 0.99767626821994682 0.70165614783763874
leaf_count=148 172 160 1338 40 68 41 125 48 11 26 23 13 6 3
internal_value=0.00143401 -0.000351453 0.00116699 0.0132695 0.0181399 0.00309228 0.00198379 -0.0185719 -0.0274628 0.00473346 0.0332306 -0.0169924 -0.0245341 0.020855
internal_weight=372.803 323.726 302.329 49.0769 43.8577 273.622 264.146 30.9256 25.353 233.221 9.47602 28.7067 24.0544 4.65237
internal_count=2222 1942 1782 280 240 1612 1548 184 136 1364 64 170 154 16
is_linear=0
shrinkage=0.04


Tree=113
num_leaves=15
num_cat=0
split_feature=274 22 99 90 154 102 1 158 121 47 248 252 261 256
split_gain=4.58537 5.85123 5.44462 6.50713 6.75203 8.36253 7.34235 6.99418 7.01166 7.8032 7.87668 8.87135 7.02025 7.70066
threshold=1.0000000180025095e-35 0.0011500000255182388 0.0013499999768100681 0.0039500000420957812 0.0075499999802559623 0.12725000083446505 0.0018500000005587938 0.12050000205636026 0.0010500000207684936 1.0000000180025095e-35 0.0018500000005587938 0.0011500000255182388 0.0020500000100582842 0.0049499999731779107
decision_type=2 2 2 2 2 2 2 2 2 2 2 2 2 2
left_child=1 2 3 4 6 -6 7 8 9 10 12 -12 13 -1
right_child=-2 -3 -4 -5 5 -7 -8 -9 -10 -11 11 -13 -14 -15
leaf_value=-0.018777148542095088 0.032518875729408876 -0.048825791587580401 0.013752656330496216 -0.022240415670996119 0.031037548002156412 -0.029179488467826951 0.044821227765739213 -0.028134437247486214 0.038154335104669375 -0.021167113467905535 -0.0066962362890420893 0.034253556612493331 0.0021784120931600042 0.11084350273354997
leaf_weight=41.814416274428368 7.321794379502534 3.6679833885282269 48.299278432503343 20.769934963434935 21.056136533617977 4.3200724851340047 5.3754680138081303 15.283269384875892 7.2474229857325545 28.388181984424591 13.582397758960722 21.637408966198564 132.8280169274658 0.63992902636527915
leaf_count=263 92 27 275 147 121 32 25 133 40 162 72 114 716 3
internal_value=0.00138037 0.000735887 0.00126357 -0.000654983 0.000872878 0.0205548 -0.000991174 -0.00196526 -0.000313349 -0.00151259 0.0011278 0.0183739 -0.00232318 -0.0164735
internal_weight=372.232 364.91 361.242 312.943 292.173 25.3762 266.797 261.421 246.138 238.89 210.502 35.2198 175.282 42.4543
internal_count=2222 2130 2103 1828 1681 153 1528 1503 1370 1330 1168 186 982 266
is_linear=0
shrinkage=0.04


Tree=114
num_leaves=15
num_cat=0
split_feature=183 99 242 241 242 285 90 92 134 311 252 200 109 286
split_gain=4.55753 4.60188 5.90026 5.56145 5.4757 7.15777 5.4357 6.04292 7.40123 5.94291 4.9502 5.00999 7.86722 6.71161
threshold=0.0010500000207684936 0.0013499999768100681 0.0080500002950429934 0.047650000080466277 0.0092500001192092913 0.0022500000195577745 0.0095000001601874846 0.0011500000255182388 0.0014499999815598132 0.0013499999768100681 0.037949999794363982 0.0047500000800937423 0.0016499999910593035 0.0031500000040978198
decision_type=2 2 2 2 2 2 2 2 2 2 2 2 2 2
left_child=1 2 10 4 5 -4 7 8 -3 -10 11 12 13 -1
right_child=-2 6 3 -5 -6 -7 -8 -9 9 -11 -12 -13 -14 -15
leaf_value=0.0012571640592047028 0.041364819079656563 0.02502412663912696 -0.04302396789341472 -0.10017744932360417 0.0042484342341185923 0.049858401537446112 -0.025638683043662985 0.040877677921273579 -0.042048002443078006 0.0092619725082412115 -0.041662767966631292 -0.014262219627314646 -0.030960922831401203 0.054939597830445948
leaf_weight=125.06203745119274 4.3985715042799702 17.394320869818333 1.4488448537886132 0.67662712931632896 106.47586347162724 8.3607197850942594 5.2391816712915888 12.118547553196548 6.4029494859278184 7.8507441822439432 5.675175178796052 54.553327929228544 11.906554834917186 3.7494701445102683
leaf_count=656 92 94 11 4 610 40 40 70 36 39 44 385 83 18
internal_value=0.00132962 0.000827642 -0.000920741 0.00620338 0.00694229 0.0354406 0.0122299 0.0169024 0.00749602 -0.0136408 -0.00508829 -0.00398407 0 0.0028922
internal_weight=371.313 366.914 317.909 116.962 116.285 9.80956 49.0057 43.7666 31.648 14.2537 200.947 195.271 140.718 128.812
internal_count=2222 2130 1851 665 661 51 279 239 169 75 1186 1142 757 674
is_linear=0
shrinkage=0.04


Tree=115
num_leaves=15
num_cat=0
split_feature=93 22 294 222 237 222 311 252 227 276 149 154 276 233
split_gain=4.62042 5.06305 5.70347 4.90104 6.03822 5.86135 5.68653 4.65087 6.36642 6.25742 5.91952 7.04458 8.36775 5.75204
threshold=0.0015499999863095584 0.0011500000255182388 0.0010500000207684936 0.018699999898672107 0.070799998939037337 0.048049999400973327 0.12014999985694887 1.0000000180025095e-35 1.0000000180025095e-35 0.0021499999566003685 0.042900001630187042 0.016950000077486042 0.007849999703466894 0.010950000025331976
decision_type=2 2 2 2 2 2 2 2 2 2 2 2 2 2
left_child=1 2 3 4 6 -5 7 8 10 -10 11 12 -1 -9
right_child=-2 -3 -4 5 -6 -7 -8 13 9 -11 -12 -13 -14 -15
leaf_value=-0.00092384039089793272 0.058219853834076296 -0.049105089608653854 0.037615947990244765 -0.066691274158720185 0.025086369389062387 0.013874786200487986 -0.054451058608165875 0.0058610587755807851 -0.056540670253111013 0.024796524533501545 -0.029021628865245189 0.045343737969052472 -0.12338584547972591 -0.051243979314532319
leaf_weight=126.96219965815544 2.1797218546271315 3.0874673109501591 6.7711145952343932 3.5639170054346314 16.351964309811592 2.2199222054332495 2.9102596286684266 185.72084240615368 6.5145448185503465 1.8219026830047367 12.137315843254326 5.1765331998467436 0.80005596578121085 2.7539271786808959
leaf_count=650 10 25 82 25 170 13 17 1081 40 13 104 22 4 16
internal_value=0.00141269 0.00105809 0.00149625 0.000808763 0.00140901 -0.0353787 0.000267574 0.00076084 -0.00439484 -0.0382073 -0.00239935 2.11847e-05 -0.00181789 0.00497872
internal_weight=378.972 376.792 373.704 366.933 361.15 5.78384 344.798 341.887 153.413 8.33645 145.076 132.939 127.762 188.475
internal_count=2272 2262 2237 2155 2117 38 1947 1930 833 53 780 676 654 1097
is_linear=0
shrinkage=0.04


Tree=116
num_leaves=15
num_cat=0
split_feature=93 137 237 174 166 237 247 276 90 15 114 75 279 127
split_gain=4.28313 4.75091 7.10749 6.60402 5.81905 7.34273 7.17479 7.11247 7.45204 6.21343 6.0176 6.1505 5.72955 5.74853
threshold=0.0015499999863095584 0.0011500000255182388 0.070799998939037337 0.0030500000575557355 1.0000000180025095e-35 0.038300000131130225 0.0015499999863095584 0.0014499999815598132 0.0040500001050531873 1.0000000180025095e-35 0.0019500000635161998 0.0023500000825151805 0.0011500000255182388 0.0019500000635161998
decision_type=2 2 2 2 2 2 2 2 2 2 2 2 2 2
left_child=1 2 4 -3 5 6 9 -7 -9 10 11 -1 -8 -14
right_child=-2 3 -4 -5 -6 7 12 8 -10 -11 -12 -13 13 -15
leaf_value=0.004138784271016503 0.056103145795914425 -0.043420998882025386 0.029532563194023739 0.001840274982059501 0.017563601130678584 -0.057570660705139415 -0.066327411067102326 0.030040704998422263 -0.085021137108529515 -0.028370962084135191 -0.048673950575352051 -0.058227783886345551 0.043945703402986355 -0.035925981489248665
leaf_weight=272.23911851085722 2.1753412298858157 8.8822957705706376 14.411691347137092 11.722222447395323 30.544854152947664 6.8741346392780525 4.3791311997920257 3.9830755554139614 1.0513356178998945 10.461722007021306 3.4681613296270362 2.4466435201466075 2.1942501589655876 3.7320925667881966
leaf_count=1429 10 76 167 78 236 39 24 33 6 68 51 15 14 26
internal_value=0.00135492 0.00101306 0.0021065 -0.0175935 0.000928636 -0.000698321 0.000520386 -0.0313722 0.00404537 0.00170945 0.00286498 0.00354774 -0.0320926 -0.00545094
internal_weight=378.566 376.391 355.786 20.6045 341.375 310.83 298.921 11.9085 5.03441 288.616 278.154 274.686 10.3055 5.92634
internal_count=2272 2262 2108 154 1941 1705 1627 78 39 1563 1495 1444 64 40
is_linear=0
shrinkage=0.04


Tree=117
num_leaves=15
num_cat=0
split_feature=93 22 166 275 189 160 53 124 25 154 134 299 90 187
split_gain=3.97237 4.61551 5.43204 4.7057 4.65653 6.35186 5.89782 6.56055 5.6585 5.6398 5.24472 6.86387 6.16104 9.5282
threshold=0.0015499999863095584 0.0011500000255182388 0.0050000001210719356 0.32709999382495886 0.0027499999850988392 0.0015499999863095584 1.0000000180025095e-35 0.017849999479949478 0.0058500000741332778 0.062950000166893019 0.0014499999815598132 0.0014499999815598132 0.0039500000420957812 0.014250000007450582
decision_type=2 2 2 2 2 2 2 2 2 2 2 2 2 2
left_child=1 2 3 4 5 9 7 8 -7 10 12 -12 13 -1
right_child=-2 -3 -4 -5 -6 6 -8 -9 -10 -11 11 -13 -14 -15
leaf_value=0.0022293963775376303 0.054087608584369617 -0.047028652683992263 0.025245206233909006 0.040958575767792736 0.054829690977266476 -0.044835925356415895 -0.030887219781075701 0.031589359946091453 0.046927652269980136 0.035086496064662694 -0.0096447095925451358 -0.085203098018937495 -0.023487844395717841 0.046389470792997108
leaf_weight=254.60126359574497 2.1699816063046447 3.0736771672964087 14.575523428618906 4.4197062849998465 2.350210601463913 4.9405153226107341 19.867555228993297 6.5529861003160477 1.2401780933141706 7.5757030546665183 32.49528693780303 1.9708443284034718 14.028192298486827 7.9815139248967162
leaf_count=1285 10 25 196 25 16 36 223 41 4 32 196 9 87 87
internal_value=0.00129961 0.000969734 0.00138893 0.00039977 -0.000107303 -0.000501767 -0.0172985 0.00366682 -0.0253324 0.00120904 0.000360155 -0.014315 0.00220767 0.00360407
internal_weight=377.843 375.673 372.599 358.024 353.604 351.254 32.6012 12.7337 6.18069 318.653 311.077 34.4661 276.611 262.583
internal_count=2272 2262 2237 2041 2016 2000 304 81 40 1696 1664 205 1459 1372
is_linear=0
shrinkage=0.04


Tree=118
num_leaves=15
num_cat=0
split_feature=39 274 311 256 151 187 218 187 276 200 299 121 134 127
split_gain=4.12054 4.03841 5.50465 5.31648 4.30715 5.75347 6.09354 5.27936 5.18012 5.71995 4.91848 4.87527 5.9532 4.18376
threshold=0.0029499999945983295 0.0034500000765547161 0.086599998176097884 0.0028499999316409235 0.0047500000800937423 0.016749999485909942 0.015099999960511925 0.022650000639259819 0.0028499999316409235 0.32524999976158148 1.0000000180025095e-35 0.0022500000195577745 0.0050500000361353168 0.021249999292194847
decision_type=2 2 2 2 2 2 2 2 2 2 2 2 2 2
left_child=1 2 3 4 5 6 8 -7 13 -10 -8 12 -9 -1
right_child=-2 -3 -4 -5 -6 7 10 11 9 -11 -12 -13 -14 -15
leaf_value=0.00074627747742653065 -0.043587790274661815 0.044393380819143381 -0.037937584576707789 0.038953798605649917 -0.045693903281465997 0.052246677899449423 -0.074262410454246072 0.03034179880900012 0.034162440847665947 -0.083878408565207549 0.016364112745335207 -0.046779722636835108 -0.031563577807461857 -0.026643714869237296
leaf_weight=308.16770889610052 3.1443794742226592 3.4092653747647992 5.5426982380449763 5.9836400188505641 2.9994778539985409 6.2230501193553236 2.9841830357909194 11.633133606985213 10.93890191428363 0.586735740303994 1.2505143992602823 2.0662380103021851 3.0081018842756739 9.0883427634835225
leaf_count=1646 46 60 51 29 35 39 15 140 76 3 8 20 20 84
internal_value=0.00125262 0.00165198 0.00123599 0.00185216 0.00121186 0.00163108 0.000281632 0.0209689 0.000914478 0.0271395 -0.0468173 0.00883926 0.0172239 -3.38999e-05
internal_weight=377.026 373.882 370.473 364.93 358.946 355.947 333.016 22.9305 328.782 11.5256 4.2347 16.7075 14.6412 317.256
internal_count=2272 2226 2166 2115 2086 2051 1832 219 1809 79 23 180 160 1730
is_linear=0
shrinkage=0.04


Tree=119
num_leaves=15
num_cat=0
split_feature=39 88 252 223 50 275 43 154 279 42 279 252 187 102
split_gain=3.95483 3.92411 5.16548 5.78596 8.59551 7.27762 6.00761 5.76594 12.1857 6.44207 5.66428 5.4553 7.45319 6.63396
threshold=0.0011500000255182388 0.0011500000255182388 0.059500001370906837 0.0052499999292194852 0.0013499999768100681 0.0041499999351799497 0.0013499999768100681 0.0013499999768100681 0.002549999975599349 0.0010500000207684936 0.0036499999696388845 0.0012500000302679839 0.0011500000255182388 0.0063499999232590207
decision_type=2 2 2 2 2 2 2 2 2 2 2 2 2 2
left_child=1 2 3 4 6 -5 11 9 -9 -7 -10 13 -13 -1
right_child=-2 -3 -4 5 -6 7 -8 8 10 -11 -12 12 -14 -15
leaf_value=0.0070442961650188252 -0.030746721594853109 -0.047149077265725738 0.018795374593196718 -0.0084803760896235512 -0.027854482494138823 0.02626449880956952 0.050003798435478343 -0.047388604277571085 0.052796351565957238 -0.056349120920848747 0.001929761398809873 0.011513305623227743 0.057370034898828928 -0.026915020631336023
leaf_weight=72.340830098837614 5.9855094384402028 2.5017912834882727 27.341838641092181 142.7654226757586 10.106357237324117 26.087448597885672 5.7452361918985835 7.6233441904187194 3.965417072176936 1.4818970561027516 26.842791514471173 25.670110056176782 7.3462584912776938 10.419709362089632
leaf_count=378 75 20 169 848 96 178 29 42 17 9 158 130 43 80
internal_value=0.00120317 0.00173865 0.00209485 0.000736522 0.00731079 -0.00339096 0.0102887 0.00755354 -0.0023712 0.0214917 0.008756 0.00824192 0.0219798 0.00269316
internal_weight=376.224 370.238 367.737 340.395 131.629 208.766 121.522 66.0009 38.4316 27.5693 30.8082 115.777 33.0164 82.7605
internal_count=2272 2197 2177 2008 756 1252 660 404 217 187 175 631 173 458
is_linear=0
shrinkage=0.04


Tree=120
num_leaves=15
num_cat=0
split_feature=202 36 36 248 149 310 54 193 310 2 207 298 102 251
split_gain=6.04857 5.20125 5.41911 5.88506 6.88665 6.50985 7.01913 4.89474 4.68797 5.99857 8.46515 5.19233 7.38541 6.25609
threshold=0.014250000007450582 0.0012500000302679839 0.0028499999316409235 0.0015499999863095584 0.049550000578165061 1.0000000180025095e-35 0.0012500000302679839 0.0037500000325962905 0.002650000038556755 0.0060499999672174462 0.0021499999566003685 0.13920000195503238 0.0012500000302679839 0.0010500000207684936
decision_type=2 2 2 2 2 2 2 2 2 2 2 2 2 2
left_child=1 8 -3 4 5 7 -7 -4 9 10 11 12 13 -1
right_child=-2 2 3 -5 -6 6 -8 -9 -10 -11 -12 -13 -14 -15
leaf_value=-0.0019865561300330824 0.031084444557099668 -0.034328441048963251 -0.034120925468513467 -0.041375470902909356 -0.014506490719094991 0.085948790643815776 -0.039627517016451709 0.078510636571571313 0.024455398168552508 -0.063190428577198601 0.023288486275190767 0.017695756687757344 -0.012126233726422098 0.015799444094205525
leaf_weight=136.49607703089714 10.126057177782057 13.637982890009878 2.5395813006907759 4.7135798130184403 9.3018494583666307 4.0230598002672195 0.75172015652060498 0.69853743910789479 13.51712759491056 2.2492709308862677 24.88742265291512 21.834844717755914 86.570055328309536 40.993701146915555
leaf_count=673 112 127 38 44 100 15 6 2 140 15 128 115 527 219
internal_value=0.000745136 -0.000100333 -0.0145921 -0.00209247 0.008548 0.035653 0.0649507 -0.00700133 0.00147423 0.000461602 0.000955325 -0.000982276 -0.002548 0.00210542
internal_weight=372.341 362.215 35.6663 22.0283 17.3147 8.0129 4.77478 3.23812 326.548 313.031 310.782 285.895 264.06 177.49
internal_count=2261 2149 332 205 161 61 21 40 1817 1677 1662 1534 1419 892
is_linear=0
shrinkage=0.04


Tree=121
num_leaves=15
num_cat=0
split_feature=202 33 25 252 252 154 102 301 201 248 178 179 184 105
split_gain=5.65236 4.96892 4.76719 4.67485 4.26748 4.17979 7.55145 7.51742 6.71328 5.86697 6.61218 7.42611 6.04126 6.0369
threshold=0.014250000007450582 0.0010500000207684936 0.0080500002950429934 0.0011500000255182388 0.67465001344680797 0.0071499999612569818 0.0012500000302679839 0.0024500000290572648 0.092549998313188567 0.01124999998137355 0.0012500000302679839 0.0012500000302679839 0.0011500000255182388 0.0017499999958090486
decision_type=2 2 2 2 2 2 2 2 2 2 2 2 2 2
left_child=1 4 -3 -4 5 6 8 -8 9 10 13 12 -12 -1
right_child=-2 2 3 -5 -6 -7 7 -9 -10 -11 11 -13 -14 -15
leaf_value=0.0081169451736333963 0.030229859168783159 -0.038122485413189168 -0.038571140296199874 0.038959858537555909 0.068479854428106821 0.013004695475242956 -0.01126002595090545 0.03464246875979498 0.085435137948897899 0.038274792188537472 -0.022430815830734536 0.039253467649793566 0.046408512465278155 -0.025672828844855913
leaf_weight=130.72412090189755 10.001222279854117 10.170271105132995 1.8975703604519356 3.126127190887928 1.3886300846934307 38.389049181714654 112.17858924344182 5.8807897679507724 1.5092826765030611 7.2656364273279896 33.901923414319754 3.8535644877701989 2.0429416075348845 8.9007990565150958
leaf_count=642 112 134 26 29 5 217 687 53 8 53 185 37 10 63
internal_value=0.000716491 -9.77049e-05 -0.0224198 0.00871263 0.000877067 0.000573298 -0.000975643 -0.00891229 0.00398397 0.00325868 0.00179791 -0.0125331 -0.0182894 0.00591746
internal_weight=371.231 361.229 15.194 5.0237 346.035 344.647 306.258 118.059 188.198 186.689 179.423 39.7984 35.9449 139.625
internal_count=2261 2149 189 55 1960 1955 1738 740 998 990 937 232 195 705
is_linear=0
shrinkage=0.04


Tree=122
num_leaves=15
num_cat=0
split_feature=202 36 231 181 37 273 212 214 252 200 193 242 273 50
split_gain=5.27838 4.69278 5.1314 9.87181 5.79078 6.90156 5.29653 4.63478 4.38762 8.91499 10.1187 7.62884 6.06677 7.60778
threshold=0.014250000007450582 0.0012500000302679839 0.0011500000255182388 0.0018500000005587938 0.0011500000255182388 0.012050000019371511 0.059699999168515212 0.01625000033527613 0.0045499999541789302 0.0014499999815598132 0.0017499999958090486 0.023550000041723255 0.011549999937415125 0.0012500000302679839
decision_type=2 2 2 2 2 2 2 2 2 2 2 2 2 2
left_child=1 8 6 4 5 -4 -3 -2 9 10 12 -10 13 -1
right_child=7 2 3 -5 -6 -7 -8 -9 11 -11 -12 -13 -14 -15
leaf_value=0.0019559512536763196 0.052054197578355534 -0.044160765626762556 0.081571220141655382 -0.022857930051349843 -0.028674988285811796 -0.0019074982223372908 0.025243011960173836 -0.0024583597911663952 0.0012545215079741931 -0.013525449240459609 0.06780588680539347 0.024991043941729768 0.024038390033319871 -0.032846126411768359
leaf_weight=115.55891199409962 5.8091079173609597 11.275889883749185 4.0230698250234145 13.636092284694312 1.7947144908830521 2.4174150563776493 1.9360431432723988 4.0718648750334978 76.624602252617478 70.643008715473115 3.7449551895260802 30.332203312776983 17.452848698943853 10.89821871370077
leaf_count=567 82 136 24 111 30 20 11 30 447 422 13 171 114 83
internal_value=0.000694427 -8.9276e-05 -0.0139771 -0.00185641 0.0322957 0.0500761 -0.0335768 0.0293897 0.00140026 -0.00183703 0.00373339 0.00804045 0.00199234 -0.00103531
internal_weight=370.219 360.338 35.0832 21.8713 8.2352 6.44048 13.2119 9.88097 325.255 218.298 147.655 106.957 143.91 126.457
internal_count=2261 2149 332 185 74 44 147 112 1817 1199 777 618 764 650
is_linear=0
shrinkage=0.04


Tree=123
num_leaves=15
num_cat=0
split_feature=202 33 214 25 252 252 154 102 301 201 298 102 6 252
split_gain=4.95901 4.49361 4.48047 4.39112 4.25965 3.95479 3.8601 6.99176 6.99026 6.12195 5.61471 5.92263 5.61045 5.34668
threshold=0.014250000007450582 0.0010500000207684936 0.01625000033527613 0.0080500002950429934 0.0011500000255182388 0.67465001344680797 0.0071499999612569818 0.0012500000302679839 0.0024500000290572648 0.092549998313188567 0.013550000265240671 0.0017499999958090486 0.0010500000207684936 0.0028499999316409235
decision_type=2 2 2 2 2 2 2 2 2 2 2 2 2 2
left_child=1 5 -2 -3 -5 6 7 9 10 12 11 -9 -1 -14
right_child=2 3 -4 4 -6 -7 -8 8 -10 -11 -12 -13 13 -15
leaf_value=0.0059551236073032863 0.051551180330356397 -0.037073154789766506 -0.0023615311119655233 -0.037729737164717246 0.037041499043015881 0.066379189445251771 0.012505316285658836 -0.061211977411586106 0.033865720039963729 0.081470162238208438 -0.0054190297395653765 -0.016393650717235121 -0.035912866703368268 0.00064491164303082267
leaf_weight=159.90021659154445 5.6356476638466102 9.8160428041592223 4.0733403600752354 1.8350281361490477 3.1153531987220049 1.3675172850489605 38.265949307009578 6.0130707696080234 5.7506422000005832 1.5150643102824677 82.234927855432034 23.446941850706935 10.500778622925283 15.62259143963456
leaf_count=827 82 134 30 26 29 5 217 38 53 8 483 166 72 91
internal_value=0.000669223 -8.55431e-05 0.0287312 -0.0216276 0.0083347 0.00083191 0.000539862 -0.000951923 -0.00861158 0.00382563 -0.0108626 -0.0258529 0.00312833 -0.0139785
internal_weight=369.093 359.384 9.70899 14.7664 4.95038 344.618 343.25 304.984 117.446 187.539 111.695 29.46 186.024 26.1234
internal_count=2261 2149 112 189 55 1960 1955 1738 740 998 687 204 990 163
is_linear=0
shrinkage=0.04


Tree=124
num_leaves=15
num_cat=0
split_feature=202 36 36 248 149 310 54 310 2 207 251 102 275 275
split_gain=4.65835 4.25772 4.94013 5.4456 6.27677 5.45604 5.912 4.34577 5.53474 7.60081 4.93157 4.78783 5.33435 7.37829
threshold=0.014250000007450582 0.0012500000302679839 0.0028499999316409235 0.0015499999863095584 0.049550000578165061 1.0000000180025095e-35 0.0012500000302679839 0.002650000038556755 0.0060499999672174462 0.0021499999566003685 0.014650000259280207 1.0000000180025095e-35 0.0041499999351799497 0.0060499999672174462
decision_type=2 2 2 2 2 2 2 2 2 2 2 2 2 2
left_child=1 7 -3 4 5 -4 -7 8 9 10 11 -1 -13 -14
right_child=-2 2 3 -5 -6 6 -8 -9 -10 -11 -12 12 13 -15
leaf_value=0.0022581432577771917 0.028083350006925922 -0.032715939877031218 -0.005711164399439546 -0.04006684751878483 -0.013553279050164561 0.079222062556781103 -0.0382683938937603 0.023759934405911398 -0.061196172107920818 0.022088377882895339 0.027228472566969249 -0.01392011381613723 0.050303387157804746 -0.0029465309321680534
leaf_weight=165.86164587922394 9.5413903128355724 13.076214790344237 3.0734273530542913 4.5188477560877791 9.0350849628448469 4.1399334594607353 0.70529332756996144 13.162473073229192 2.2178252786397925 24.68249349296093 9.4482256323099119 79.40823688171804 4.8924438208341625 24.410344634205103
leaf_count=833 112 127 40 44 100 15 6 140 15 128 56 510 19 116
internal_value=0.000644499 -8.19839e-05 -0.0134201 -0.00138685 0.00886285 0.0347883 0.0608827 0.00133128 0.000361597 0.000836476 -0.00100344 -0.00199904 -0.00852714 0.00594897
internal_weight=368.174 358.632 34.5488 21.4726 16.9537 7.91865 4.84523 324.084 310.921 308.703 284.021 274.573 108.711 29.3028
internal_count=2261 2149 332 205 161 61 21 1817 1677 1662 1534 1478 645 135
is_linear=0
shrinkage=0.04


Tree=125
num_leaves=15
num_cat=0
split_feature=124 261 275 223 285 102 193 200 178 108 223 242 251 201
split_gain=6.28115 8.16077 7.55877 6.62176 7.18357 6.20216 7.57918 6.18769 6.09573 6.0855 6.20216 6.42535 8.99104 7.1214
threshold=0.0079499999992549437 0.0052499999292194852 0.0018500000005587938 0.016549999825656418 0.0015499999863095584 0.0017499999958090486 0.0011500000255182388 0.016699999570846561 0.0022500000195577745 0.002549999975599349 0.045050000771880157 0.0046500000171363362 0.0010500000207684936 0.002549999975599349
decision_type=2 2 2 2 2 2 2 2 2 2 2 2 2 2
left_child=1 5 -2 7 -5 6 9 -3 -9 10 11 -1 13 -13
right_child=2 3 -4 4 -6 -7 -8 8 -10 -11 -12 12 -14 -15
leaf_value=-0.0021264460805119154 -0.028756401451341684 0.021623977905285079 -0.00022521491846978615 0.060140013580494839 -0.0018128838885663999 -0.035237478946775196 0.047772690356815736 -0.016567315072979955 0.05899942197469267 0.05863607727788181 0.044006304751324235 -0.043645842305191591 0.025482828833532884 0.0088757904248352709
leaf_weight=78.112899230793118 25.661860318854451 63.074608745984733 35.779064110480249 2.998466156423091 88.758328291587532 10.419528277590869 4.3918406665325156 13.199145394377409 1.8481925427913655 2.2334171980619422 3.638380602002143 20.659598413854845 4.8093916252255431 4.9689906165003768
leaf_count=382 267 383 238 13 572 89 16 79 7 10 13 119 20 22
internal_value=-0.000587817 0.00179438 -0.0122341 0.00756535 0.00023136 -0.00576065 -0.00311457 0.0161169 -0.00669351 -0.00514269 -0.00649908 -0.00826767 -0.0238383 -0.0333123
internal_weight=360.554 299.113 61.4409 169.879 91.7568 129.234 118.815 78.1219 15.0473 114.423 112.189 108.551 30.438 25.6286
internal_count=2230 1725 505 1054 585 671 582 469 86 566 556 543 161 141
is_linear=0
shrinkage=0.04


Tree=126
num_leaves=15
num_cat=0
split_feature=124 261 275 298 252 113 223 193 209 298 6 222 310 223
split_gain=5.83353 7.53396 7.12782 6.53232 6.64549 5.99454 6.40982 6.46921 6.52528 11.4016 6.43359 6.05269 6.41677 5.97558
threshold=0.0079499999992549437 0.0052499999292194852 0.0018500000005587938 0.0027499999850988392 0.039650000631809242 0.0010500000207684936 0.045050000771880157 0.0011500000255182388 0.007849999703466894 0.0063499999232590207 0.0017499999958090486 0.0015499999863095584 0.0014499999815598132 0.04800000041723252
decision_type=2 2 2 2 2 2 2 2 2 2 2 2 2 2
left_child=1 5 -2 -3 13 6 7 8 11 10 -10 12 -1 -5
right_child=2 3 -4 4 -6 -7 -8 -9 9 -11 -12 -13 -14 -15
leaf_value=-0.013374810310349719 -0.0280504965366036 0.040489554064802612 -0.00021623653209491221 0.0075169527141148874 0.027846192956229129 -0.030983898490851706 0.063576921427762015 0.040288737497575007 0.037208794014294576 -0.05449728719376979 0.15310837701292926 0.02215022624143969 0.049524601078360674 -0.010740574306079853
leaf_weight=90.558960676193237 25.265994924120605 8.9091559303924424 35.778205319307745 102.69291506428272 18.562752588652074 13.221761859953402 2.190246805548667 4.9331788122653952 3.4825476855039588 1.589631415903568 0.99242021143436421 9.2163931578397733 2.5502974539995185 39.574959497898817
leaf_count=456 267 65 238 610 118 107 7 23 14 11 4 40 9 261
internal_value=-0.000564734 0.00172887 -0.0118292 0.00727168 0.00538272 -0.00554835 -0.0025781 -0.00394689 -0.00603235 0.033819 0.0665712 -0.00846401 -0.0115578 0.00240614
internal_weight=359.519 298.475 61.0442 169.74 160.831 128.735 115.514 113.323 108.39 6.0646 4.47497 102.326 93.1093 142.268
internal_count=2230 1725 505 1054 989 671 564 557 534 29 18 505 465 871
is_linear=0
shrinkage=0.04


Tree=127
num_leaves=15
num_cat=0
split_feature=154 25 237 109 90 220 149 209 53 200 209 310 200 105
split_gain=4.56516 5.85578 5.93616 5.74624 5.46767 6.79737 8.03008 5.79306 5.45729 5.37119 7.51978 7.14998 8.25445 8.15911
threshold=0.1941500008106232 0.0046500000171363362 0.0023500000825151805 0.0020500000100582842 0.0045499999541789302 0.0011500000255182388 0.0054500000551342973 0.024249999783933166 0.0016499999910593035 0.010850000195205213 0.017549999989569191 0.0010500000207684936 0.0093499999493360537 0.0010500000207684936
decision_type=2 2 2 2 2 2 2 2 2 2 2 2 2 2
left_child=1 3 -3 4 5 7 -7 9 -4 11 -11 12 13 -1
right_child=-2 2 8 -5 -6 6 -8 -9 -10 10 -12 -13 -14 -15
leaf_value=0.0021558228741204184 -0.03773074060051558 -0.0057506496012017629 0.033317135462193531 -0.019603452148821338 -0.025178964467610521 0.043020660208399432 -0.069398708237562654 0.023564756586885709 -0.0030615400169955948 -0.0093346038983604281 -0.086077417062896289 0.02620956947408903 0.053418191193360692 -0.020405379604558568
leaf_weight=121.65407015383244 5.1042106617242089 17.519257116131485 22.987675047479573 27.136955562978983 13.389586040750144 9.9133587675169093 1.0165045056492079 15.04584110714495 8.9444836694747192 60.124587653204799 2.0347416363656512 16.98760508839041 4.2297375053167334 32.328418873250484
leaf_count=567 41 140 130 181 100 110 11 100 78 367 13 137 19 236
internal_value=-0.000539881 0 0.0127585 -0.00207066 -0.000330399 0.000926951 0.0316683 -0.000400412 0.0230245 -0.00194566 -0.0120452 0.00161958 -0.00101033 -0.00256508
internal_weight=358.417 353.313 49.4514 303.861 276.724 263.335 10.9299 252.405 31.9322 237.359 62.1593 175.2 158.212 153.982
internal_count=2230 2189 348 1841 1660 1560 121 1439 208 1339 380 959 822 803
is_linear=0
shrinkage=0.04


Tree=128
num_leaves=15
num_cat=0
split_feature=301 154 154 1 113 275 113 134 177 252 222 120 116 273
split_gain=4.45598 4.18711 4.74027 4.12276 5.03743 8.69543 5.4046 5.19982 6.89012 6.05476 9.27419 6.5458 7.02165 6.14279
threshold=0.0099499998614192026 0.1941500008106232 0.13750000298023227 0.0014499999815598132 0.0012500000302679839 0.0015499999863095584 0.011950000189244749 0.0014499999815598132 0.0047500000800937423 0.0066499998793005952 0.011549999937415125 0.0021499999566003685 1.0000000180025095e-35 0.0016499999910593035
decision_type=2 2 2 2 2 2 2 2 2 2 2 2 2 2
left_child=1 2 3 4 7 -6 -7 9 -9 -1 11 12 13 -11
right_child=-2 -3 -4 -5 5 6 -8 8 -10 10 -12 -13 -14 -15
leaf_value=-0.00074310935474066202 0.045281354651066349 -0.0367811149744426 0.060822491773579845 0.02773139268463987 -0.033989945166270463 -0.0071597287543600716 0.039575710419828998 -0.019179703426504002 0.036270007166420141 -0.008785462852505815 -0.068969660418586418 0.043196438034725011 -0.040189148513473757 0.025485220848830037
leaf_weight=197.58461672998965 3.2629525270313016 5.0497967964038244 1.9084230512380589 7.8091045785695306 19.483148815110326 23.020773230120543 4.6729874853044739 33.966946439817548 3.8711174186319104 11.824244678020476 1.9603029135614622 12.069508265703915 3.9527225214987984 27.050306286662817
leaf_count=1100 90 40 8 51 212 145 27 218 25 63 16 57 27 151
internal_value=-0.000521016 -0.000966876 -0.000427092 -0.000792621 -0.00146856 -0.0135854 0.000696412 0.00047751 -0.0133207 0.00254959 0.0140435 0.0172006 0.00969771 0.0149629
internal_weight=357.487 354.224 349.174 347.266 339.457 47.1769 27.6938 292.28 37.8381 254.442 56.8571 54.8968 42.8273 38.8746
internal_count=2230 2140 2100 2092 2041 384 172 1657 243 1414 314 298 241 214
is_linear=0
shrinkage=0.04


Tree=129
num_leaves=15
num_cat=0
split_feature=124 261 275 298 252 102 193 223 273 187 223 149 261 25
split_gain=5.14133 6.84569 6.5728 6.07564 6.01844 5.85509 6.41575 5.39002 9.60246 6.39444 5.67267 5.63713 6.51121 9.20898
threshold=0.0079499999992549437 0.0052499999292194852 0.0018500000005587938 0.0027499999850988392 0.039650000631809242 0.0017499999958090486 0.0011500000255182388 0.04800000041723252 0.011549999937415125 0.0064499999862164268 0.098750002682209029 0.0016499999910593035 0.013349999673664572 1.0000000180025095e-35
decision_type=2 2 2 2 2 2 2 2 2 2 2 2 2 2
left_child=1 5 -2 -3 7 6 -1 11 9 -9 -10 12 13 -5
right_child=2 3 -4 4 -6 -7 -8 8 10 -11 -12 -13 -14 -15
leaf_value=-0.0046605571145672091 -0.027018542159199174 0.039292497138919996 -5.5725207779221325e-05 -0.021827507136848095 0.026655450982278468 -0.034471344277590306 0.043691488635414506 -0.05228192694129475 0.023175680982074943 0.0028860971500968453 -0.015387860668520808 -0.0028964864590163221 0.03047895553316755 0.023164430262310028
leaf_weight=113.11676956340671 24.586830993182957 8.7460734164342266 35.662109083496034 13.13753265887499 18.331771051511168 10.068203287199138 4.4579792320728293 10.502771146595476 13.112413426861169 4.7120010126382104 11.149844413623212 47.167879533953965 25.82618011534214 16.017462842166424
leaf_count=566 267 65 238 58 118 89 16 51 82 34 94 281 201 70
internal_value=-0.000501188 0.00165366 -0.0111517 0.00695033 0.00513351 -0.00531552 -0.00275767 0.00230269 -0.0101915 -0.035028 0.005299 0.00717563 0.0158786 0.00274857
internal_weight=356.596 296.347 60.2489 168.704 159.958 127.643 117.575 141.626 39.477 15.2148 24.2623 102.149 54.9812 29.155
internal_count=2230 1725 505 1054 989 671 582 871 261 85 176 610 329 128
is_linear=0
shrinkage=0.04


Tree=130
num_leaves=15
num_cat=0
split_feature=245 138 177 93 256 39 306 187 275 202 168 158 261 137
split_gain=5.13405 4.38787 5.11617 4.68273 4.77243 5.87202 4.56914 6.92723 4.95649 4.38344 4.31328 5.26639 4.22121 4.72162
threshold=0.0018500000005587938 0.0011500000255182388 0.015399999916553499 0.0015499999863095584 0.002549999975599349 0.0023000000510364775 0.0024500000290572648 0.016849999316036705 0.29460000991821295 0.0032000000355765228 0.018350000493228439 0.0044499998912215242 0.14649999886751178 0.0010500000207684936
decision_type=2 2 2 2 2 2 2 2 2 2 2 2 2 2
left_child=1 2 3 4 6 -6 7 8 10 -8 12 -12 13 -1
right_child=-2 -3 -4 -5 5 -7 9 -9 -10 -11 11 -13 -14 -15
leaf_value=-0.0020680016963405645 0.035413580087305857 -0.042337231728852398 0.04564236682229271 0.070247671421570707 0.04656252650442036 -0.041997610177829402 -0.064838851564486627 0.021787378492073767 0.043678967413405274 0.027188007485763024 0.011872300620826448 -0.052324159139562225 0.036372391254830216 -0.036169821592512287
leaf_weight=288.63996451720595 6.3786154966801396 3.8693788424134246 3.7784871272742739 1.3867645561695088 6.3042916338890782 1.3446491248905657 3.2359077446162692 19.829557751305401 3.5598562844097605 0.96857467480003823 2.9283866155892593 5.8587332461029291 4.3442225418984881 6.5668747760355464
leaf_count=1646 109 45 33 5 25 14 18 184 21 19 16 38 22 50
internal_value=0.000119078 -0.000517898 -3.04386e-05 -0.000555374 -0.000873145 0.0301368 -0.00159988 -0.00105587 -0.00252752 -0.0425705 -0.00308794 -0.0305872 -0.00225798 -0.00285213
internal_weight=358.994 352.616 348.746 344.968 343.581 7.64894 335.932 331.728 311.898 4.20448 308.338 8.78712 299.551 295.207
internal_count=2245 2136 2091 2058 2053 39 2014 1977 1793 37 1772 54 1718 1696
is_linear=0
shrinkage=0.04


Tree=131
num_leaves=15
num_cat=0
split_feature=93 237 124 212 53 230 116 230 154 285 285 237 298 261
split_gain=4.84135 3.73192 5.63807 6.85433 4.43663 3.65476 6.03476 5.68673 5.13901 8.39676 7.01306 7.87415 5.66075 6.92396
threshold=0.0015499999863095584 0.070799998939037337 0.0048500001430511483 0.0091500002890825289 0.003249999950639904 0.029099999926984314 0.01415000017732382 0.067399997264146819 0.0099499998614192026 0.018450000323355201 0.014349999837577345 0.031549999490380294 0.013550000265240671 0.11895000189542772
decision_type=2 2 2 2 2 2 2 2 2 2 2 2 2 2
left_child=1 5 -3 4 -4 6 8 -7 9 10 11 -1 -11 -14
right_child=-2 2 3 -5 -6 7 -8 -9 -10 12 -12 -13 13 -15
leaf_value=-0.00040026971681184602 0.057793733957608881 0.038842330818314619 -0.068514526777914447 0.039862414119763059 0.017660181728974784 0.049514053320056817 -0.042074151603336815 -0.017862224981943578 0.014761822102325189 0.0098857982049285458 0.030805431931259928 -0.041982605843432746 -0.038621504794640334 0.018548947088949368
leaf_weight=244.49118408933282 2.2141073178499928 9.2143981764093024 2.8355624526739112 2.6504005808383226 1.2706379070878027 5.327330884523688 5.7589439190924159 3.0026093097403646 29.589723843149841 6.9820564966648808 11.015506260097025 7.4182745274156323 22.455191927030686 3.8253812193870536
leaf_count=1428 10 142 18 19 9 38 51 41 172 37 58 45 140 37
internal_value=0.000117015 -0.000246762 0.0185743 -0.00864646 -0.0411114 -0.00114817 -0.00182021 0.0248293 -0.00108366 -0.0026846 -0.000270397 -0.00165684 -0.0215898 -0.0301094
internal_weight=358.051 355.837 15.971 6.7566 4.1062 339.866 331.536 8.32994 325.777 296.188 262.925 251.909 33.2626 26.2806
internal_count=2245 2235 188 46 27 2047 1968 79 1917 1745 1531 1473 214 177
is_linear=0
shrinkage=0.04


Tree=132
num_leaves=15
num_cat=0
split_feature=245 184 149 175 137 187 50 252 273 154 101 25 285 6
split_gain=4.65997 3.73333 7.30622 5.37328 4.71477 5.95363 4.89491 5.5078 7.51035 5.15313 5.54619 5.75791 5.53531 4.90863
threshold=0.0018500000005587938 1.0000000180025095e-35 0.12744999676942828 0.10875000059604646 0.0010500000207684936 0.016849999316036705 0.0059500001370906839 0.060450000688433654 0.0017499999958090486 0.0099499998614192026 0.0011500000255182388 0.0081500001251697558 0.0037500000325962905 0.0061500000301748523
decision_type=2 2 2 2 2 2 2 2 2 2 2 2 2 2
left_child=1 3 -3 4 5 6 7 9 -9 10 13 -12 -11 -1
right_child=-2 2 -4 -5 -6 -7 -8 8 -10 12 11 -13 -14 -15
leaf_value=-0.00039351090849231568 0.034286492712707943 0.015634652598918376 -0.039443306403097206 -0.085586378793029966 -0.026547872967333734 0.025623832216373765 -0.032102120489532003 -0.038869425334653519 0.032134521122080269 0.057231626403654472 -0.024809555088248066 0.035473945553741948 0.0046711930760626871 -0.033257800335420321
leaf_weight=199.71037883125246 6.1765136271715155 40.217534963972867 4.1316730938851824 1.1294425763189782 11.66971351765096 13.007703669369219 8.2653709929436427 2.7073218971490887 14.676371669396756 4.3487000279128578 29.095155633986 2.637080503627657 12.282150605693458 7.4592848289757958
leaf_count=1044 109 223 37 7 96 145 81 20 79 29 233 14 62 66
internal_value=0.000115152 -0.000483783 0.0103363 -0.00206279 -0.00171342 -0.000706021 -0.00194696 -0.00100762 0.0206886 -0.00250676 -0.00402196 -0.0195784 0.0189139 -0.00161159
internal_weight=357.514 351.338 44.3492 306.989 305.859 294.19 281.182 272.916 17.3837 255.533 238.902 31.7322 16.6309 207.17
internal_count=2245 2136 260 1876 1869 1773 1628 1547 99 1448 1357 247 91 1110
is_linear=0
shrinkage=0.04


Tree=133
num_leaves=15
num_cat=0
split_feature=230 230 306 125 273 127 285 25 184 223 261 248 25 109
split_gain=4.00668 4.01978 3.86454 5.14303 6.51143 6.30173 5.11665 4.77851 4.33407 5.50097 7.62009 8.87956 6.44044 6.16855
threshold=0.029099999926984314 0.067399997264146819 0.0024500000290572648 0.0018500000005587938 0.0039500000420957812 0.021249999292194847 0.002650000038556755 0.0023500000825151805 1.0000000180025095e-35 1.0000000180025095e-35 0.0023500000825151805 0.0017499999958090486 1.0000000180025095e-35 0.0010500000207684936
decision_type=2 2 2 2 2 2 2 2 2 2 2 2 2 2
left_child=2 -2 3 5 -5 8 7 -6 9 13 11 12 -11 -1
right_child=1 -3 -4 4 6 -7 -8 -9 -10 10 -12 -13 -14 -15
leaf_value=0.015301866430011557 0.048091397251792553 -0.0037902830564480045 -0.036424823442203144 -0.027598384552775065 0.14192150483646063 -0.036485112105283705 0.022797964733155967 0.01018461346103329 0.013671189326212353 -0.042803810587166743 -0.00055288802426765404 0.0097517562436469172 -0.0090785235105108435 -0.046230387866527077
leaf_weight=40.230907591991127 5.3786856001242977 3.9766123173758388 4.6471900064498177 3.3009337112307575 1.1568942964076985 7.8026358652859917 11.46960706822574 0.8107939027249812 31.7663833796978 20.80848728120327 192.48850111383945 13.369808405637739 16.728758577257395 2.663401683792471
leaf_count=219 43 52 58 33 6 79 84 10 172 134 1156 57 123 19
internal_value=0.00010796 0.0258084 -0.000580165 -7.17874e-05 0.0214725 -0.00119696 0.0339373 0.0926912 -0.000307498 -0.00187676 -0.0042172 -0.0179659 -0.0279442 0.0112895
internal_weight=356.6 9.3553 347.244 342.597 16.7382 325.859 13.4373 1.96769 318.056 286.29 243.396 50.9071 37.5372 42.8943
internal_count=2245 95 2150 2092 133 1959 100 16 1880 1708 1470 314 257 238
is_linear=0
shrinkage=0.04


Tree=134
num_leaves=15
num_cat=0
split_feature=93 183 22 256 311 261 275 298 223 225 154 212 207 207
split_gain=4.47799 3.50323 3.58993 4.32311 4.15525 4.69845 4.30657 4.15637 4.08927 5.38868 5.72866 6.21711 5.09955 5.66945
threshold=0.0015499999863095584 0.0010500000207684936 0.0011500000255182388 0.002549999975599349 0.086599998176097884 0.16899999976158145 0.29460000991821295 0.64885002374649059 0.098750002682209029 0.0011500000255182388 0.016449999995529655 0.077550001442432417 0.0021499999566003685 0.0018500000005587938
decision_type=2 2 2 2 2 2 2 2 2 2 2 2 2 2
left_child=1 2 3 4 5 6 8 -7 12 -10 11 -11 13 -1
right_child=-2 -3 -4 -5 -6 7 -8 -9 9 10 -12 -13 -14 -15
leaf_value=-0.001631244016049564 0.056211990809443724 0.040302678107973534 -0.043927603178625249 0.029048295095560613 -0.041227593161961298 0.046373409204958776 0.044979300718213086 -0.0097605177154335438 0.0069761241329931003 -0.065468369994654899 0.030592203537152193 0.017826562919269272 0.015826860947588808 -0.055143447998401617
leaf_weight=275.73848104756325 2.1618865951895705 3.2735255081206551 2.9409038946032515 7.7635029843077055 3.950922328978776 6.1434921920299512 3.0857468210160723 2.9843541802838445 6.7265932876616743 7.5325199943035823 1.5227920450270165 1.6327467560768125 27.264744289219379 3.1112092845141879
leaf_count=1641 10 96 22 45 38 65 16 24 42 47 9 12 156 22
internal_value=0.000101671 -0.0002458 -0.000647419 -0.00025705 -0.00094693 -0.000448874 -0.00125546 0.02768 -0.00172256 -0.0205275 -0.038112 -0.0501658 -0.000633344 -0.00226219
internal_weight=355.833 353.672 350.398 347.457 339.694 335.743 326.615 9.12785 323.529 17.4147 10.6881 9.16527 306.114 278.85
internal_count=2245 2235 2139 2117 2072 2034 1945 89 1929 110 68 59 1819 1663
is_linear=0
shrinkage=0.04


Tree=135
num_leaves=15
num_cat=0
split_feature=201 261 200 252 201 223 154 113 158 158 209 201 261 96
split_gain=4.79393 6.19982 7.70343 6.52925 9.23517 5.65617 5.43639 8.33383 6.0789 6.0778 5.21881 4.88735 4.70596 4.66207
threshold=0.0014499999815598132 0.0040500001050531873 0.0089499996975064295 0.0041499999351799497 0.092549998313188567 0.0014499999815598132 0.0099499998614192026 0.0022500000195577745 0.37205000221729284 0.0010500000207684936 1.0000000180025095e-35 0.0056499999482184657 0.034150000661611564 0.0030500000575557355
decision_type=2 2 2 2 2 2 2 2 2 2 2 2 2 2
left_child=6 2 5 4 -4 11 7 -1 9 -8 -5 -2 13 -11
right_child=1 -3 3 10 -6 -7 8 -9 -10 12 -12 -13 -14 -15
leaf_value=-0.0019722122041556829 -0.042028703264066623 0.0033181033111654369 -0.042887611875049164 -0.01614252546497167 0.10531742292627357 0.087324175522308853 -0.059581849403255206 -0.03156383242362934 -0.048439427100484059 0.056704474731244535 0.064524796650816937 0.078761224266252497 0.0062148600793135236 -0.038451540985097989
leaf_weight=221.24688606709242 1.2281725667417078 81.78077526204288 4.75399177148938 1.7514555379748342 0.6730637028813361 4.6183215528726578 1.1682803770527304 16.296917466446757 1.9083258155733336 9.1741285314783454 3.8309736251831055 0.79046813398599614 7.7076302561908951 0.78383072093129236
leaf_count=1277 12 574 41 11 3 17 7 154 22 43 14 4 43 9
internal_value=0.000560366 0.0080282 0.0294896 0.00837114 -0.0222106 0.0632832 -0.00230089 -0.00403163 0.0172522 0.0243403 0.0386733 0.00486774 0.0304197 0.0485088
internal_weight=357.713 99.4272 17.6464 11.0095 5.42706 6.63696 258.286 237.544 20.7422 18.8339 5.58243 2.01864 17.6656 9.95796
internal_count=2231 676 102 69 44 33 1555 1431 124 102 25 16 95 52
is_linear=0
shrinkage=0.04


Tree=136
num_leaves=15
num_cat=0
split_feature=271 109 271 252 223 261 273 25 248 105 200 269 201 154
split_gain=4.74873 4.50936 5.88738 5.84467 7.55702 5.78691 7.5607 5.50538 5.41164 5.98418 8.34114 7.5094 7.36909 8.48884
threshold=0.0014499999815598132 1.0000000180025095e-35 0.0012500000302679839 0.0069500000681728133 0.0014499999815598132 0.0046500000171363362 0.002549999975599349 1.0000000180025095e-35 0.0011500000255182388 0.015350000001490118 0.0047500000800937423 0.0017499999958090486 0.0013499999768100681 0.021500000730156902
decision_type=2 2 2 2 2 2 2 2 2 2 2 2 2 2
left_child=1 2 3 8 -5 -3 7 -7 9 10 12 -12 13 -1
right_child=-2 5 -4 4 -6 6 -8 -9 -10 -11 11 -13 -14 -15
leaf_value=-0.0056923114449871203 0.038718533332663368 -0.026714526984898127 -0.10936873653816985 -0.051281021743956962 0.018397555563726898 -0.047183327051588286 -0.0073594162353865294 0.037534375772717177 0.010816784745172186 0.024316353067211617 -0.027236074732810308 0.037315728159772223 0.042131053814335198 0.054071307965187651
leaf_weight=83.673624589107931 5.0369741935282937 19.437665931880474 0.64373595733195443 2.4966611247509709 50.684388982132077 1.2674738466739643 70.634761125780642 10.199128126725553 53.92073346208781 10.843215953558682 35.604516873136163 3.0004810579121104 6.1151245012879363 3.8765354342758647
leaf_count=445 98 136 7 18 292 7 451 51 312 105 242 14 36 17
internal_value=0.000536796 -8.43333e-06 0.00285897 0.00320726 0.0149612 -0.00712774 -0.00241501 0.0274972 8.50295e-06 -0.0040405 -0.00641196 -0.0220321 6.98437e-09 -0.0029418
internal_weight=357.435 352.398 250.859 250.215 53.1811 101.539 82.1014 11.4666 197.034 143.113 132.27 38.605 93.6653 87.5502
internal_count=2231 2133 1488 1481 310 645 509 58 1171 859 754 256 498 462
is_linear=0
shrinkage=0.04


Tree=137
num_leaves=15
num_cat=0
split_feature=1 307 134 223 269 114 187 102 99 75 90 247 279 105
split_gain=4.62727 4.13121 4.65684 5.97305 7.79726 5.31 4.76627 6.97422 5.01454 4.86433 5.91678 4.64324 6.92548 4.51886
threshold=0.0014499999815598132 0.009000000078231098 0.0011500000255182388 0.13120000064373019 0.0011500000255182388 0.0021499999566003685 0.014949999749660494 0.088500000536441817 0.0010500000207684936 0.0021499999566003685 0.0046500000171363362 0.0027499999850988392 0.0010500000207684936 0.0020500000100582842
decision_type=2 2 2 2 2 2 2 2 2 2 2 2 2 2
left_child=1 2 5 4 -4 6 8 -8 11 10 -10 -1 -13 -14
right_child=-2 -3 3 -5 -6 -7 7 -9 9 -11 -12 12 13 -15
leaf_value=-6.9960809951813397e-05 0.030203767630123838 0.041055704304544749 -0.009768586293519059 0.030438186999712308 -0.059308811647050784 -0.045462479393180905 0.042432244004998794 -0.011477595274071216 0.032186064090324311 -0.025048713209058947 -0.047176141828684348 -0.074956404679472871 0.039459915833978877 -0.057227136346645939
leaf_weight=242.49236493837088 8.1083502899855358 3.7430232036858788 41.784782934002578 4.7476886417716733 5.7661447320133439 3.7256764099001876 10.438063580542805 5.8295276314020148 18.625107351690538 3.369545390829443 1.5079956799745549 3.2155902907252303 2.1898652538657193 1.0562039315700529
leaf_count=1351 61 56 278 28 36 66 154 37 94 21 12 17 13 7
internal_value=0.000515769 -0.000171973 -0.000642967 -0.0116323 -0.0159718 0.00131187 0.00194483 0.0229171 0.00067001 0.0182997 0.0258403 -0.000984947 -0.0341885 0.00603444
internal_weight=356.6 348.492 344.749 52.2986 47.5509 292.45 288.724 16.2676 272.457 23.5026 20.1331 248.954 6.46166 3.24607
internal_count=2231 2170 2114 342 314 1772 1706 191 1515 127 106 1388 37 20
is_linear=0
shrinkage=0.04


Tree=138
num_leaves=15
num_cat=0
split_feature=202 214 109 252 242 200 25 134 200 209 105 209 242 242
split_gain=4.51988 3.957 3.79682 5.46368 6.40925 6.13906 5.97321 6.38639 5.22363 5.39757 5.06367 5.88485 5.54812 6.35476
threshold=0.012200000230222942 0.01480000000447035 1.0000000180025095e-35 0.0068500000052154073 0.0034500000765547161 0.0047500000800937423 0.0045499999541789302 0.0012500000302679839 0.042700000107288368 0.0068500000052154073 0.014250000007450582 0.002650000038556755 0.0011500000255182388 0.0012500000302679839
decision_type=2 2 2 2 2 2 2 2 2 2 2 2 2 2
left_child=2 -2 3 5 -5 6 7 -1 -4 -10 12 -12 -7 -14
right_child=1 -3 8 4 -6 10 -8 -9 9 -11 11 -13 13 -15
leaf_value=0.0037358749427914518 0.051484764168034554 -0.0013753073844780946 -0.011261215819816648 -0.017626257836056505 0.019656945778683502 -0.054721800141299827 0.034776480236786207 -0.032869187235142115 0.024907578493930264 -0.02074338387766388 0.043957505613652074 -0.033532188136235319 0.10036711644388829 -0.014210070737953467
leaf_weight=122.0912393219769 5.040544066578148 3.78642697352916 81.26972077973187 8.6030304655432683 45.651930479332805 5.5267910212278357 9.1300707347691041 8.0239574275910837 14.084306912496688 5.6785371014848343 4.7600664077326647 2.1729981089010835 0.68366871774196525 39.118172349408269
leaf_count=659 88 27 530 57 268 47 68 59 80 43 37 26 3 239
internal_value=0.000493893 0.0286004 -0.00021801 0.00245368 0.0136499 -0.000702877 0.00366322 0.00142428 -0.00675244 0.0115507 -0.012397 0.0189701 -0.0173139 -0.0118952
internal_weight=355.621 8.82697 346.794 245.762 54.255 191.507 139.245 130.115 101.033 19.7628 52.2617 6.93306 45.3286 39.8018
internal_count=2231 115 2116 1463 325 1138 786 718 653 123 352 63 289 242
is_linear=0
shrinkage=0.04


Tree=139
num_leaves=15
num_cat=0
split_feature=271 201 261 252 261 154 113 158 158 237 223 109 248 175
split_gain=4.36013 4.19424 6.15133 5.30213 5.16715 5.13864 7.41019 5.57586 5.47727 5.04913 5.03785 4.78325 7.78204 5.74131
threshold=0.0014499999815598132 0.0014499999815598132 0.0040500001050531873 0.0041499999351799497 0.0034500000765547161 0.0099499998614192026 0.0022500000195577745 0.37205000221729284 0.0010500000207684936 0.049799999222159393 0.0048500001430511483 0.0021499999566003685 0.0018500000005587938 1.0000000180025095e-35
decision_type=2 2 2 2 2 2 2 2 2 2 2 2 2 2
left_child=1 5 3 4 -3 6 11 8 -7 -10 -6 12 -1 -14
right_child=-2 2 -4 -5 10 7 -8 -9 9 -11 -12 -13 13 -15
leaf_value=-0.0047249034835252146 0.038103080166327984 -0.01202799842071239 0.0022106109462518677 0.049823136599388092 0.099614816252362459 -0.057532554117127294 -0.030913917183141022 -0.047789912125916295 0.038934784577098445 -0.015193852534415275 -0.022875059485387764 -0.0196549573622237 0.023662712745308838 -0.0088004274449521268
leaf_weight=151.03567764814943 4.7597938748076549 6.4949379116296786 79.289229250513017 8.9537183791398984 1.4320322871208193 1.1404681568965376 15.72487307153642 1.8392063183709968 14.388310182839634 3.228943331167101 0.7072182074189185 23.174315494485199 30.931467775255442 11.846995167434214
leaf_count=826 98 51 524 38 6 7 153 22 70 24 7 135 177 93
internal_value=0.000474423 -3.63433e-05 0.00702647 0.0283758 0.00536101 -0.00275497 -0.00446545 0.0163057 0.0230225 0.0287584 0.0581212 -0.00251698 -0.000438088 0.0145796
internal_weight=354.947 350.187 96.8771 17.5879 8.63419 253.31 232.713 20.5969 18.7577 17.6173 2.13925 216.988 193.814 42.7785
internal_count=2231 2133 626 102 64 1507 1384 123 101 94 13 1231 1096 270
is_linear=0
shrinkage=0.04


Tree=140
num_leaves=15
num_cat=0
split_feature=179 67 24 162 275 135 92 125 189 6 200 223 178 154
split_gain=4.18306 3.90127 5.90742 4.88786 4.14812 3.77706 3.75288 4.6393 4.25322 5.96244 8.28511 6.11838 5.69731 6.94338
threshold=0.0031500000040978198 1.0000000180025095e-35 0.0013499999768100681 1.0000000180025095e-35 0.027150000445544723 0.0054999999701976785 0.0040500001050531873 0.0020500000100582842 0.0027499999850988392 0.0081500001251697558 0.39790000021457678 0.026549999602139 0.0032500000670552258 0.075750000774860396
decision_type=2 2 2 2 2 2 2 2 2 2 2 2 2 2
left_child=1 3 4 6 5 -3 7 8 9 12 11 -11 -1 -14
right_child=-2 2 -4 -5 -6 -7 -8 -9 -10 10 -12 -13 13 -15
leaf_value=0.0032186485237185765 0.042582243979204674 -0.050750550375826507 0.036044398051633786 0.03927009703019517 0.03905015899665349 0.029836370123062009 -0.026070030133912962 0.02517542688028607 0.05296651662607052 -0.039770408761613224 0.048476924877018067 0 -0.020533130492599673 0.055238636997282951
leaf_weight=251.63223843835294 3.6166367745026937 8.6970672616735047 2.1929881386458865 5.0887688901275387 0.98384963348507959 0.91004088334739286 8.4138453071936947 11.960430935025213 2.2969542481005183 16.25724849104882 2.6063729114830485 9.9849155712872726 27.819066468626264 1.9591917991638172
leaf_count=1431 60 59 16 74 9 7 83 84 23 162 14 54 170 8
internal_value=0.00036765 -6.81768e-05 -0.0216817 0.000743592 -0.0342341 -0.0424761 0.000131097 0.000830566 -9.59873e-05 -0.000518655 -0.017814 -0.0247089 0.00124585 -0.0152458
internal_weight=354.42 350.803 12.7839 338.019 10.591 9.60711 332.93 324.516 312.556 310.259 28.8485 26.2422 281.41 29.7783
internal_count=2254 2194 91 2103 75 66 2029 1946 1862 1839 230 216 1609 178
is_linear=0
shrinkage=0.04


Tree=141
num_leaves=15
num_cat=0
split_feature=177 178 276 252 223 36 209 200 208 193 301 25 193 25
split_gain=4.11668 3.89643 5.60575 5.03988 7.24924 7.12563 5.01256 6.85998 8.20088 6.86801 5.84746 6.61711 8.27532 7.09776
threshold=0.015399999916553499 0.0017500000540167095 0.002650000038556755 0.014050000347197058 0.0016499999910593035 1.0000000180025095e-35 0.0039500000420957812 0.0020500000100582842 0.0011500000255182388 0.0017499999958090486 0.0018500000005587938 0.0046500000171363362 0.05829999968409539 0.0059500001370906839
decision_type=2 2 2 2 2 2 2 2 2 2 2 2 2 2
left_child=1 2 3 6 -5 -6 7 9 10 -1 11 12 -9 -13
right_child=-2 -3 -4 4 5 -7 -8 8 -10 -11 -12 13 -14 -15
leaf_value=0.0048989534763676781 0.0343794290758365 -0.007775560498436797 0.023012798392403888 -0.049100554881720396 0.026291458297627412 -0.030189636158089204 -0.014503925122131929 -0.025712907137321901 0.061827983171018612 0.052480746155148153 0.036936779307961756 0.056492587505150862 0.066577446645349786 -0.012249795356283844
leaf_weight=104.59739196952432 5.5018784170970312 82.507645646110177 19.065910628065467 2.54015327990055 29.431701516732574 3.9181100083515039 40.218034818768501 43.507811018265784 2.3537970893084994 5.0198292769491664 3.4398749992251387 3.7152678947895748 1.4956680238246907 6.2572301644831896
leaf_count=540 55 559 200 18 151 36 263 307 9 20 15 23 5 53
internal_value=0.000358328 -0.000177671 0.00216991 0.000532858 0.0143788 0.0194658 -0.0018134 0.00116535 -0.00957659 0.00716023 -0.0126229 -0.0158579 -0.0224162 0.0132698
internal_weight=353.57 348.068 265.561 246.495 35.89 33.3498 210.605 170.387 60.7696 109.617 58.4159 54.976 45.0035 9.9725
internal_count=2254 2199 1640 1440 205 187 1235 972 412 560 403 388 312 76
is_linear=0
shrinkage=0.04


Tree=142
num_leaves=15
num_cat=0
split_feature=179 162 67 15 220 94 298 229 243 243 193 178 237 254
split_gain=3.92217 3.61034 4.0589 7.89459 3.9935 7.92287 3.99784 3.95613 7.70396 6.50785 5.07785 4.72698 8.89087 10.2435
threshold=0.0031500000040978198 0.0070000002160668382 1.0000000180025095e-35 0.0011500000255182388 0.0012500000302679839 0.0011500000255182388 0.53865000605583202 0.0035500000230968003 0.018250000663101677 0.0035500000230968003 0.002549999975599349 1.0000000180025095e-35 0.0024500000290572648 0.0030000001424923543
decision_type=2 2 2 2 2 2 2 2 2 2 2 2 2 2
left_child=1 2 4 -4 7 6 -6 11 9 -9 -10 -1 13 -13
right_child=-2 -3 3 -5 5 -7 -8 8 10 -11 -12 12 -14 -15
leaf_value=0.0043260866834889181 0.041973297951514853 0.045307992869386908 -0.053028215995749473 0.010926085851742045 0.032949013607176045 -0.06312318821850163 -0.069249092584646746 -0.0040972084889548867 -0.014524063544332942 0.046669579431430144 0.055623012471783806 -0.024819522649892387 8.3314268636246124e-05 0.02922000737314218
leaf_weight=108.44592315983027 3.4853389095515004 2.6814895882271221 6.4667247366160137 5.6162399491295218 14.45931986393407 1.5536876022815693 0.52397885173559267 5.7784274611622122 15.485154174268247 12.240780470892785 1.7337244525551785 52.165320905856788 115.90131581947207 6.1376961767673484
leaf_count=641 60 35 46 38 149 7 6 36 90 56 8 393 649 40
internal_value=0.000347718 -6.82023e-05 -0.000443862 -0.0231278 0.000370434 0.0194818 0.0286744 -0.000617003 0.011984 0.0302361 -0.00694979 -0.0022058 -0.00629514 -0.0190219
internal_weight=352.675 349.19 346.508 12.083 334.425 16.537 14.9833 317.888 35.2381 18.0192 17.2189 282.65 174.204 58.303
internal_count=2254 2194 2159 84 2075 162 155 1913 190 92 98 1723 1082 433
is_linear=0
shrinkage=0.04


Tree=143
num_leaves=15
num_cat=0
split_feature=261 305 248 201 285 225 178 237 298 285 212 134 223 218
split_gain=3.76192 6.85052 4.13342 5.12615 5.10784 4.14688 4.05368 6.02838 5.56991 5.6407 6.73115 5.79735 5.20705 5.99122
threshold=1.0000000180025095e-35 1.0000000180025095e-35 1.0000000180025095e-35 0.0036499999696388845 0.0010500000207684936 1.0000000180025095e-35 1.0000000180025095e-35 0.0024500000290572648 0.0059500001370906839 0.0045499999541789302 0.0088499998673796671 0.0059500001370906839 0.017749999649822715 0.0014499999815598132
decision_type=2 2 2 2 2 2 2 2 2 2 2 2 2 2
left_child=1 2 3 -1 -4 -6 -2 -8 -9 11 -11 12 -10 -14
right_child=6 -3 4 -5 5 -7 7 8 9 10 -12 -13 13 -15
leaf_value=-0.031157031831173968 0.0086256936547709859 0.059140941862720238 0.03971698197810701 0.057216929549967745 -0.076446156406162522 0.0084867315519431431 -0.011433453611524836 0.018738040338549197 0.044058795492369178 -0.011319654045878421 0.010880752215722584 -0.046724618049643132 -0.0033707251842492003 0.068601362414649633
leaf_weight=20.670811109244834 93.820952896028757 1.8543813973665226 3.7923088595271102 0.9858931340277185 1.4292801767587664 2.0885239243507385 65.955675992183387 29.044315179809928 9.6515538599342161 74.291750239208341 30.693438339512795 2.0652037039399138 13.345938995480536 2.0337432771921149
leaf_count=148 552 6 14 6 7 8 469 146 52 491 254 18 75 8
internal_value=0.000336267 -0.0129744 -0.0179163 -0.0267056 0.00759187 -0.026075 0.0016308 -0.00124412 0.0029065 -0.000556088 -0.00478691 0.0156465 0.021117 0.00626984
internal_weight=351.724 30.8212 28.9668 21.6567 7.31011 3.5178 320.903 227.082 161.126 132.082 104.985 27.0964 25.0312 15.3797
internal_count=2254 189 183 154 29 15 2065 1513 1044 898 745 153 135 83
is_linear=0
shrinkage=0.04


Tree=144
num_leaves=15
num_cat=0
split_feature=179 162 67 15 92 125 258 243 221 102 252 15 298 178
split_gain=3.73905 3.40906 3.79802 7.37482 3.43823 4.12699 3.85772 4.34932 3.81795 6.5623 7.67414 7.36848 5.03929 6.71252
threshold=0.0031500000040978198 0.0070000002160668382 1.0000000180025095e-35 0.0011500000255182388 0.0040500001050531873 0.0020500000100582842 0.0012500000302679839 0.0083499997854232805 0.0012500000302679839 0.0018500000005587938 0.039650000631809242 0.0019500000635161998 0.0016499999910593035 0.0012500000302679839
decision_type=2 2 2 2 2 2 2 2 2 2 2 2 2 2
left_child=1 2 4 -4 5 8 -6 -8 9 12 11 -11 -1 -14
right_child=-2 -3 3 -5 6 -7 7 -9 -10 10 -12 -13 13 -15
leaf_value=-0.0077207127784007278 0.041602586058904927 0.044618070431718115 -0.05172572882630979 0.010414451170821211 -0.042843934117112896 0.023973595430156421 0.052903809469521113 -0.050852709393084554 0.01078553945171808 -0.019531806796165955 0.010509869665797594 0.049052496088228092 0.012729976002894564 -0.008067938712444064
leaf_weight=51.580143387429416 3.3767867339774957 2.6075863824225953 6.3610223587602359 5.5783455139026046 5.7934874519705755 11.963413140736519 1.6652536978945138 0.89753645658493031 45.798157829325646 66.624984350986779 21.037557013332844 2.4796796888113013 91.633417963981628 33.719097512774169
leaf_count=291 60 35 46 38 71 84 9 5 344 481 125 15 459 191
internal_value=0.000324947 -7.62325e-05 -0.000438325 -0.0225148 0.000347263 0.00101429 -0.0248146 0.0145191 0.000116227 -0.00170173 -0.0104892 -0.0169457 0.00275602 0.0071016
internal_weight=351.116 347.74 345.132 11.9394 333.193 324.836 8.35628 2.56279 312.873 267.075 90.1422 69.1047 176.933 125.353
internal_count=2254 2194 2159 84 2075 1990 85 14 1906 1562 621 496 941 650
is_linear=0
shrinkage=0.04


Tree=145
num_leaves=15
num_cat=0
split_feature=214 214 149 223 223 178 168 251 92 200 261 290 174 311
split_gain=3.91025 5.03777 4.51229 3.66564 7.41203 7.50128 6.0635 4.00445 4.50073 5.24176 7.83867 3.92587 3.85705 3.68474
threshold=0.0023500000825151805 0.013950000051409008 0.32684999704360967 0.13120000064373019 0.098750002682209029 0.0027499999850988392 0.0028499999316409235 0.010850000195205213 0.0024500000290572648 0.0056499999482184657 0.017649999819695953 0.0019500000635161998 0.00335000001359731 0.003249999950639904
decision_type=2 2 2 2 2 2 2 2 2 2 2 2 2 2
left_child=2 -2 3 4 7 6 -6 13 9 -9 -11 12 -5 -1
right_child=1 -3 -4 11 5 -7 -8 8 -10 10 -12 -13 -14 -15
leaf_value=0.00055974279528053577 0.030322318765766406 -0.010958295525833979 -0.049416511110624714 0 -0.035042154955017606 -0.069200804639100069 0.050870210759882142 0.049151474697957519 -0.023126255583237158 -0.058192040831660109 0.047367826665079826 -0.064541373777329589 0.043452004247564055 -0.010433237647176305
leaf_weight=223.07106739841402 13.84683431312442 6.918000071309506 3.0133036104962221 5.9814270772039855 3.2635452672839147 5.084200594574213 2.0542450249195099 7.9435786828398687 3.0427654525265089 2.1477479338645935 2.1407416183501482 0.73105806857347566 7.3374676741659641 62.140678761992604
leaf_count=1352 105 50 35 48 25 30 7 65 30 14 16 5 57 402
internal_value=-0.000384058 0.016391 -0.00146306 -0.000990997 -0.00190834 -0.0349486 -0.000789801 -0.000740026 0.0191229 0.0300592 -0.00470822 0.0188947 0.0242194 -0.00182416
internal_weight=348.717 20.7648 327.952 324.939 310.889 10.402 5.31779 300.487 15.2748 12.2321 4.28849 14.05 13.3189 285.212
internal_count=2241 155 2086 2051 1941 62 32 1879 125 95 30 110 105 1754
is_linear=0
shrinkage=0.04


Tree=146
num_leaves=15
num_cat=0
split_feature=294 223 223 178 203 252 273 208 244 258 36 237 181 269
split_gain=4.82462 3.20377 5.68534 7.61519 4.32949 6.67242 7.08439 5.35552 4.83484 4.22962 4.19452 4.77276 4.68141 3.95028
threshold=0.0010500000207684936 0.13120000064373019 0.098750002682209029 0.0012500000302679839 0.0017499999958090486 0.0015499999863095584 0.0010500000207684936 0.0011500000255182388 0.0012500000302679839 0.0013499999768100681 0.0046500000171363362 0.0094499997794628161 0.0011500000255182388 0.020250000059604648
decision_type=2 2 2 2 2 2 2 2 2 2 2 2 2 2
left_child=1 2 4 -4 7 6 -6 8 13 -3 11 12 -7 -1
right_child=-2 9 3 -5 5 10 -8 -9 -10 -11 -12 -13 -14 -15
leaf_value=-0.0023276003402197139 0.034110863802711382 -0.002820647502327613 0.018524267940692347 -0.05140493960116195 -0.030087912594013121 -0.03669376840399495 0.073793143581956863 0.061214915904864928 -0.037890940060970872 0.039659821351422729 -0.041933667212195262 0.05243801990632762 0.022318580125919526 0.040491283855129581
leaf_weight=284.11891508009285 6.2673049638979128 7.6615945464000088 3.4682785086333734 7.8317429758608341 1.215813204646113 3.7196550630032998 4.7909855376929045 2.0180958602577439 5.9796406440436831 6.9341390673071146 2.7009787224233142 3.3127478412352493 4.7843511216342449 3.3817359395325175
leaf_count=1745 93 65 22 45 7 26 22 14 40 56 30 35 25 16
internal_value=-0.000370217 -0.00102373 -0.00185453 -0.0296167 -0.000840131 0.016858 0.0519636 -0.00208821 -0.00255784 0.0172213 0.00180306 0.0124037 -0.00315501 -0.00179613
internal_weight=348.186 341.919 327.323 11.3 316.023 20.5245 6.0068 295.498 293.48 14.5957 14.5177 11.8168 8.50401 287.501
internal_count=2241 2148 2027 67 1960 145 29 1815 1801 121 116 86 51 1761
is_linear=0
shrinkage=0.04


Tree=147
num_leaves=15
num_cat=0
split_feature=294 201 269 251 154 223 50 25 165 252 158 256 167 43
split_gain=4.54298 3.142 6.04904 5.94181 5.68188 6.3305 7.75598 5.1009 6.83016 6.57811 7.95657 5.28512 5.05767 5.01492
threshold=0.0010500000207684936 0.0014499999815598132 0.0066499998793005952 0.013150000013411047 0.066150002181530013 0.0030500000575557355 0.0010500000207684936 0.0068500000052154073 0.0050000001210719356 0.0011500000255182388 1.0000000180025095e-35 1.0000000180025095e-35 1.0000000180025095e-35 0.0010500000207684936
decision_type=2 2 2 2 2 2 2 2 2 2 2 2 2 2
left_child=1 3 7 4 5 6 13 8 9 11 -11 12 -3 -1
right_child=-2 2 -4 -5 -6 -7 -8 -9 -10 10 -12 -13 -14 -15
leaf_value=0.0057206885956490663 0.033452364483539901 -0.02452650127352091 0.061583781654332433 0.027358185644415056 0.033945413610400696 -0.01016441243834963 -0.038018449647628481 -0.019029498133191582 -0.06630250576882038 0.059105164935910039 0.01141765356788077 0.028516192188385418 0.024956230768685802 0.058431348774472425
leaf_weight=62.656502339988947 6.1396284876391283 17.972287817858167 2.8510666778311125 9.5200400138273817 5.8161888755857936 157.85017655137926 6.2425053408369413 13.766614096239207 1.860732216387986 6.4052223102189592 44.271008317358792 5.3147688824683419 3.8835010007023802 2.955876173451542
leaf_count=333 93 138 19 86 27 949 70 125 21 34 279 29 21 17
internal_value=-0.000353131 -0.000982471 0.00511836 -0.00339812 -0.00466938 -0.00567887 0.00411976 0.00328938 0.0072133 0.00910463 0.0176284 -0.0066529 -0.0154782 0.00824151
internal_weight=347.506 341.366 96.3252 245.041 235.521 229.705 71.8549 93.4741 79.7075 77.8468 50.6762 27.1706 21.8558 65.6124
internal_count=2241 2148 666 1482 1396 1369 420 647 522 501 313 188 159 350
is_linear=0
shrinkage=0.04


Tree=148
num_leaves=15
num_cat=0
split_feature=294 88 32 273 54 201 93 125 123 149 127 276 221 218
split_gain=4.27586 3.0766 3.22931 6.75429 6.21308 4.41757 3.50276 3.38407 4.48179 4.13174 5.51972 5.88967 6.20337 6.04239
threshold=0.0010500000207684936 0.0011500000255182388 0.0079499999992549437 0.0021499999566003685 0.0013499999768100681 0.0046500000171363362 0.0015499999863095584 0.0050000001210719356 0.0013499999768100681 0.0011500000255182388 0.0013499999768100681 0.0021499999566003685 0.0023500000825151805 0.0022500000195577745
decision_type=2 2 2 2 2 2 2 2 2 2 2 2 2 2
left_child=1 2 6 -4 -5 -6 7 9 -9 10 11 12 13 -1
right_child=-2 -3 3 4 5 -7 -8 8 -10 -11 -12 -13 -14 -15
leaf_value=0.0026578290381099835 0.03279457104741005 -0.045793926915379195 -0.028680649340619441 0.04610607977249729 -0.033211436197908298 0.046537001630424284 0.054326078524651447 0.075158850279399503 0.006351396596666635 -0.0079749938958405715 -0.034571220664418222 0.028764779227962025 -0.051024586459435792 -0.078420860985654872
leaf_weight=152.92362680379301 6.0167859513312569 2.3318169005215159 4.1820065751671818 9.9728705771267396 3.4535696916282168 1.4976657647639511 1.6787576284259547 1.9072690904140452 6.9395549595355988 131.87310406845063 6.4712788173928848 12.794300435576586 3.5311721060425034 1.3826793730258931
leaf_count=747 93 20 29 48 32 9 9 6 65 948 40 166 22 7
internal_value=-0.000334866 -0.000940696 -0.000606577 0.0153046 0.0280051 -0.00785324 -0.00157507 -0.00189991 0.0223068 -0.00261295 0.00135936 0.00276492 0.000615171 0.00185509
internal_weight=346.956 340.94 338.608 19.1061 14.9241 4.95124 319.502 317.823 8.84682 308.976 177.103 170.632 157.837 154.306
internal_count=2241 2148 2128 118 89 41 2010 2001 71 1930 982 942 776 754
is_linear=0
shrinkage=0.04


Tree=149
num_leaves=15
num_cat=0
split_feature=294 149 154 90 179 273 203 252 149 298 261 298 120 301
split_gain=4.02395 3.05527 5.49441 6.52295 6.46652 5.93414 4.77957 5.98386 5.71299 6.75121 6.11422 6.91002 5.64727 5.06203
threshold=0.0010500000207684936 0.32684999704360967 0.0072500000242143878 0.0045499999541789302 0.0013499999768100681 0.0010500000207684936 0.0010500000207684936 0.0012500000302679839 0.0011500000255182388 0.13314999639987948 0.019150000065565113 0.47544999420642858 0.0037500000325962905 0.0013499999768100681
decision_type=2 2 2 2 2 2 2 2 2 2 2 2 2 2
left_child=1 2 3 6 -5 -4 8 13 9 12 -10 -12 -1 -8
right_child=-2 -3 5 4 -6 -7 7 -9 10 -11 11 -13 -14 -15
leaf_value=-0.0020853187418784901 0.032137769865664065 -0.034336815737809896 -0.050480518296520248 -0.046519436249180861 0.027356391610482932 0.016477273130930933 0.058804037452964711 0.0027475332285272695 -0.0026378927284824152 0.037507533040465384 -0.031260247193138725 0.020544322555400979 0.033425143123480223 -0.022269144559552517
leaf_weight=149.46488181967288 5.8986240592785171 4.2213038057088843 2.1130039878189555 9.3072057077661139 2.2303402666002503 40.403050973080099 6.4396991766989258 20.730867370497435 54.162004861049354 7.8042284431867293 30.084774201735854 4.6033697947859755 7.4234601734206072 1.38185971789062
leaf_count=781 93 48 17 67 27 263 26 159 433 65 192 23 36 11
internal_value=-0.000320606 -0.000904133 -0.000462308 -0.00242097 -0.0317823 0.012945 -0.00119509 0.0142674 -0.00295708 0.00143241 -0.0111309 -0.0242311 -0.000359375 0.0438753
internal_weight=346.269 340.37 336.149 293.633 11.5375 42.5161 282.095 28.5524 253.543 164.693 88.8501 34.6881 156.888 7.82156
internal_count=2241 2148 2100 1820 94 280 1726 196 1530 882 648 215 817 37
is_linear=0
shrinkage=0.04


end of trees

feature_importances:
Column_299=80
Column_261=66
Column_248=63
Column_223=57
Column_237=48
Column_105=47
Column_158=46
Column_149=43
Column_102=41
Column_127=41
Column_252=41
Column_275=40
Column_201=39
Column_154=37
Column_200=37
Column_298=37
Column_310=36
Column_273=34
Column_113=33
Column_109=32
Column_276=32
Column_134=31
Column_193=31
Column_243=29
Column_50=28
Column_124=28
Column_187=28
Column_285=27
Column_242=26
Column_209=25
Column_229=24
Column_25=22
Column_90=22
Column_178=22
Column_166=21
Column_255=21
Column_179=20
Column_53=19
Column_220=19
Column_36=18
Column_212=18
Column_6=17
Column_202=17
Column_294=17
Column_214=16
Column_250=16
Column_184=15
Column_59=14
Column_93=14
Column_207=14
Column_277=14
Column_116=13
Column_120=13
Column_33=12
Column_217=12
Column_301=12
Column_307=12
Column_47=11
Column_92=11
Column_111=11
Column_165=11
Column_251=11
Column_258=11
Column_311=11
Column_101=10
Column_125=10
Column_174=10
Column_175=10
Column_222=10
Column_99=9
Column_137=9
Column_177=9
Column_203=9
Column_221=9
Column_225=9
Column_286=9
Column_1=8
Column_2=8
Column_67=8
Column_168=8
Column_247=8
Column_279=8
Column_75=7
Column_121=7
Column_181=7
Column_244=7
Column_269=7
Column_43=6
Column_114=6
Column_123=6
Column_160=6
Column_163=6
Column_183=6
Column_218=6
Column_230=6
Column_233=6
Column_96=5
Column_97=5
Column_216=5
Column_256=5
Column_15=4
Column_22=4
Column_32=4
Column_39=4
Column_49=4
Column_68=4
Column_108=4
Column_133=4
Column_136=4
Column_189=4
Column_211=4
Column_271=4
Column_274=4
Column_54=3
Column_112=3
Column_162=3
Column_208=3
Column_239=3
Column_245=3
Column_305=3
Column_0=2
Column_24=2
Column_42=2
Column_48=2
Column_88=2
Column_94=2
Column_135=2
Column_151=2
Column_227=2
Column_231=2
Column_254=2
Column_290=2
Column_306=2
Column_18=1
Column_30=1
Column_37=1
Column_38=1
Column_61=1
Column_62=1
Column_64=1
Column_138=1
Column_156=1
Column_167=1
Column_171=1
Column_215=1
Column_224=1
Column_235=1
Column_241=1
Column_266=1
Column_284=1

parameters:
[boosting: gbdt]
[objective: binary]
[metric: auc]
[tree_learner: serial]
[device_type: cpu]
[data_sample_strategy: bagging]
[data: ]
[valid: ]
[num_iterations: 150]
[learning_rate: 0.04]
[num_leaves: 15]
[num_threads: 0]
[seed: 0]
[deterministic: 0]
[force_col_wise: 0]
[force_row_wise: 0]
[histogram_pool_size: -1]
[max_depth: -1]
[min_data_in_leaf: 3]
[min_sum_hessian_in_leaf: 0.001]
[bagging_fraction: 0.8]
[pos_bagging_fraction: 1]
[neg_bagging_fraction: 1]
[bagging_freq: 5]
[bagging_seed: 3]
[bagging_by_query: 0]
[feature_fraction: 0.8]
[feature_fraction_bynode: 1]
[feature_fraction_seed: 2]
[extra_trees: 0]
[extra_seed: 6]
[early_stopping_round: 0]
[early_stopping_min_delta: 0]
[first_metric_only: 0]
[max_delta_step: 0]
[lambda_l1: 0.1]
[lambda_l2: 0.1]
[linear_lambda: 0]
[min_gain_to_split: 0]
[drop_rate: 0.1]
[max_drop: 50]
[skip_drop: 0.5]
[xgboost_dart_mode: 0]
[uniform_drop: 0]
[drop_seed: 4]
[top_rate: 0.2]
[other_rate: 0.1]
[min_data_per_group: 100]
[max_cat_threshold: 32]
[cat_l2: 10]
[cat_smooth: 10]
[max_cat_to_onehot: 4]
[top_k: 20]
[monotone_constraints: ]
[monotone_constraints_method: basic]
[monotone_penalty: 0]
[feature_contri: ]
[forcedsplits_filename: ]
[refit_decay_rate: 0.9]
[cegb_tradeoff: 1]
[cegb_penalty_split: 0]
[cegb_penalty_feature_lazy: ]
[cegb_penalty_feature_coupled: ]
[path_smooth: 0]
[interaction_constraints: ]
[verbosity: -1]
[saved_feature_importance_type: 0]
[use_quantized_grad: 0]
[num_grad_quant_bins: 4]
[quant_train_renew_leaf: 0]
[stochastic_rounding: 1]
[linear_tree: 0]
[max_bin: 255]
[max_bin_by_feature: ]
[min_data_in_bin: 3]
[bin_construct_sample_cnt: 200000]
[data_random_seed: 1]
[is_enable_sparse: 1]
[enable_bundle: 1]
[use_missing: 1]
[zero_as_missing: 0]
[feature_pre_filter: 1]
[pre_partition: 0]
[two_round: 0]
[header: 0]
[label_column: ]
[weight_column: ]
[group_column: ]
[ignore_column: ]
[categorical_feature: ]
[forcedbins_filename: ]
[precise_float_parser: 0]
[parser_config_file: ]
[objective_seed: 5]
[num_class: 1]
[is_unbalance: 1]
[scale_pos_weight: 1]
[sigmoid: 1]
[boost_from_average: 1]
[reg_sqrt: 0]
[alpha: 0.9]
[fair_c: 1]
[poisson_max_delta_step: 0.7]
[tweedie_variance_power: 1.5]
[lambdarank_truncation_level: 30]
[lambdarank_norm: 1]
[label_gain: ]
[lambdarank_position_bias_regularization: 0]
[eval_at: ]
[multi_error_top_k: 1]
[auc_mu_weights: ]
[num_machines: 1]
[local_listen_port: 12400]
[time_out: 120]
[machine_list_filename: ]
[machines: ]
[gpu_platform_id: -1]
[gpu_device_id: -1]
[gpu_use_dp: 0]
[num_gpu: 1]

end of parameters

pandas_categorical:null
