tree
version=v4
num_class=1
num_tree_per_iteration=1
label_index=0
max_feature_idx=314
objective=binary sigmoid:1
feature_names=Column_0 Column_1 Column_2 Column_3 Column_4 Column_5 Column_6 Column_7 Column_8 Column_9 Column_10 Column_11 Column_12 Column_13 Column_14 Column_15 Column_16 Column_17 Column_18 Column_19 Column_20 Column_21 Column_22 Column_23 Column_24 Column_25 Column_26 Column_27 Column_28 Column_29 Column_30 Column_31 Column_32 Column_33 Column_34 Column_35 Column_36 Column_37 Column_38 Column_39 Column_40 Column_41 Column_42 Column_43 Column_44 Column_45 Column_46 Column_47 Column_48 Column_49 Column_50 Column_51 Column_52 Column_53 Column_54 Column_55 Column_56 Column_57 Column_58 Column_59 Column_60 Column_61 Column_62 Column_63 Column_64 Column_65 Column_66 Column_67 Column_68 Column_69 Column_70 Column_71 Column_72 Column_73 Column_74 Column_75 Column_76 Column_77 Column_78 Column_79 Column_80 Column_81 Column_82 Column_83 Column_84 Column_85 Column_86 Column_87 Column_88 Column_89 Column_90 Column_91 Column_92 Column_93 Column_94 Column_95 Column_96 Column_97 Column_98 Column_99 Column_100 Column_101 Column_102 Column_103 Column_104 Column_105 Column_106 Column_107 Column_108 Column_109 Column_110 Column_111 Column_112 Column_113 Column_114 Column_115 Column_116 Column_117 Column_118 Column_119 Column_120 Column_121 Column_122 Column_123 Column_124 Column_125 Column_126 Column_127 Column_128 Column_129 Column_130 Column_131 Column_132 Column_133 Column_134 Column_135 Column_136 Column_137 Column_138 Column_139 Column_140 Column_141 Column_142 Column_143 Column_144 Column_145 Column_146 Column_147 Column_148 Column_149 Column_150 Column_151 Column_152 Column_153 Column_154 Column_155 Column_156 Column_157 Column_158 Column_159 Column_160 Column_161 Column_162 Column_163 Column_164 Column_165 Column_166 Column_167 Column_168 Column_169 Column_170 Column_171 Column_172 Column_173 Column_174 Column_175 Column_176 Column_177 Column_178 Column_179 Column_180 Column_181 Column_182 Column_183 Column_184 Column_185 Column_186 Column_187 Column_188 Column_189 Column_190 Column_191 Column_192 Column_193 Column_194 Column_195 Column_196 Column_197 Column_198 Column_199 Column_200 Column_201 Column_202 Column_203 Column_204 Column_205 Column_206 Column_207 Column_208 Column_209 Column_210 Column_211 Column_212 Column_213 Column_214 Column_215 Column_216 Column_217 Column_218 Column_219 Column_220 Column_221 Column_222 Column_223 Column_224 Column_225 Column_226 Column_227 Column_228 Column_229 Column_230 Column_231 Column_232 Column_233 Column_234 Column_235 Column_236 Column_237 Column_238 Column_239 Column_240 Column_241 Column_242 Column_243 Column_244 Column_245 Column_246 Column_247 Column_248 Column_249 Column_250 Column_251 Column_252 Column_253 Column_254 Column_255 Column_256 Column_257 Column_258 Column_259 Column_260 Column_261 Column_262 Column_263 Column_264 Column_265 Column_266 Column_267 Column_268 Column_269 Column_270 Column_271 Column_272 Column_273 Column_274 Column_275 Column_276 Column_277 Column_278 Column_279 Column_280 Column_281 Column_282 Column_283 Column_284 Column_285 Column_286 Column_287 Column_288 Column_289 Column_290 Column_291 Column_292 Column_293 Column_294 Column_295 Column_296 Column_297 Column_298 Column_299 Column_300 Column_301 Column_302 Column_303 Column_304 Column_305 Column_306 Column_307 Column_308 Column_309 Column_310 Column_311 Column_312 Column_313 Column_314
feature_infos=[0:0.39419999718666077] [0:0.47269999980926514] [0:0.75249999761581421] [0:0.15569999814033508] [0:0.02370000071823597] [0:0.008999999612569809] [0:0.98930001258850098] [0:0.0040000001899898052] none none none [0:0.012600000016391277] none [0:0.076700001955032349] none [0:0.0348999984562397] [0:0.28049999475479126] none [0:0.035100001841783524] none [0:0.11599999666213989] [0:0.019300000742077827] [0:0.11640000343322754] none [0:0.067000001668930054] [0:0.21349999308586121] [0:0.013700000010430813] none none [0:0.089299999177455902] [0:0.096900001168251038] none [0:0.93760001659393311] [0:0.25360000133514404] [0:0.010200000368058681] none [0:0.59140002727508545] [0:0.026599999517202377] [0:0.0625] [0:0.59460002183914185] none none [0:0.089000001549720764] [0:0.35839998722076416] [0:0.37439998984336853] [0:0.021500000730156898] [0:0.12269999831914902] [0:0.1793999969959259] [0:0.25940001010894775] [0:0.63999998569488525] [0:0.81309998035430908] [0:0.23440000414848328] none [0:0.930899977684021] [0:0.68290001153945923] [0:0.086999997496604919] none none none [0:0.048500001430511475] none [0:0.80180001258850098] [0:0.90439999103546143] [0:0.05469999834895134] [0:0.72229999303817749] none [0:0.10339999943971634] [0:0.16990000009536743] [0:0.53179997205734253] [0:0.033300001174211502] [0:0.17010000348091125] [0:0.11550000309944153] [0:0.013799999840557575] [0:0.0098000001162290573] [0:0.0052000000141561031] [0:0.15489999949932098] none [0:0.042199999094009399] none [0:0.20749999582767487] none none none none none [0:0.11069999635219574] none [0:0.10119999945163727] none [0:0.63249999284744263] [0:0.10899999737739563] [0:0.87309998273849487] [0:0.073799997568130493] [0:0.035799998790025711] none [0:0.34610000252723694] [0:0.018300000578165054] [0:0.12160000205039978] [0:0.62510001659393311] none [0:0.098700001835823059] [0:0.96119999885559082] [0:0.033799998462200165] [0:0.035500001162290573] [0:0.68049997091293335] none none [0:0.29359999299049377] [0:0.038499999791383743] none [0:0.5023999810218811] [0:0.069499999284744263] [0:0.98430001735687256] [0:0.13470000028610229] [0:0.013000000268220901] [0:0.71100002527236938] none [0:0.0082000000402331352] none [0:0.95779997110366821] [0:0.086400002241134644] none [0:0.93699997663497925] [0:0.91960000991821289] [0:0.75760000944137573] [0:0.0086000002920627594] [0:0.5349000096321106] none none [0:0.20640000700950623] none none [0:0.2143000066280365] [0:0.92000001668930054] [0:0.3345000147819519] [0:0.12300000339746475] [0:0.064900003373622894] [0:0.037799999117851257] [0:0.01510000042617321] [0:0.0076999999582767487] [0:0.12839999794960022] [0:0.046799998730421066] none [0:0.39629998803138733] none none none [0:0.36629998683929443] none [0:0.88650000095367432] none [0:0.11620000004768372] none [0:0.013399999588727951] [0:0.84859997034072876] [0:0.0094999996945261955] [0:0.049899999052286148] [0:0.26190000772476196] [0:0.99599999189376831] none [0:0.60250002145767212] [0:0.031399998813867569] [0:0.99900001287460327] [0:0.86089998483657837] [0:0.99900001287460327] none [0:0.99900001287460327] [0:0.8320000171661377] [0:0.99900001287460327] [0:0.62470000982284546] [0:0.85970002412796021] [0:0.20170000195503235] [0:0.085799999535083771] [0:0.13379999995231628] [0:0.63599997758865356] [0:0.77730000019073486] [0:0.78299999237060547] [0:0.67640000581741333] [0:0.088899999856948853] [0:0.50770002603530884] [0:0.99900001287460327] [0:0.15199999511241913] none [0:0.78990000486373901] [0:0.17980000376701355] [0:0.28529998660087585] [0:0.80159997940063477] [0:0.37439998984336853] [0:0.2840999960899353] [0:0.96979999542236328] [0:0.018400000408291817] [0:0.95260000228881836] [0:0.081200003623962402] [0:0.15410000085830688] [0:0.61150002479553223] [0:0.34869998693466187] [0:0.059099998325109482] none [0:0.022500000894069672] none none [0:0.22010000050067902] [0:0.85680001974105835] [0:0.98669999837875366] none [0:0.98960000276565552] [0:0.76660001277923584] [0:0.34920001029968262] [0:0.61580002307891846] [0:0.90789997577667236] [0:0.87989997863769531] [0:0.54430001974105835] [0:0.91509997844696045] [0:0.96569997072219849] [0:0.70709997415542603] [0:0.92170000076293945] [0:0.081799998879432678] [0:0.98720002174377441] [0:0.5964999794960022] [0:0.95730000734329224] [0:0.97390002012252808] [0:0.99390000104904175] [0:0.18250000476837158] [0:0.13580000400543213] [0:0.62089997529983521] [0:0.44980001449584961] [0:0.95279997587203979] [0:0.88609999418258667] [0:0.4984000027179718] [0:0.69450002908706665] [0:0.92640000581741333] [0:0.96429997682571411] [0:0.97740000486373901] [0:0.89209997653961182] [0:0.99519997835159302] [0:0.84229999780654907] [0:0.92140001058578491] none [0:0.91530001163482666] [0:0.57910001277923584] [0:0.97229999303817749] [0:0.76359999179840088] [0:0.68709999322891235] none [0:0.40810000896453857] [0:0.65689998865127563] [0:0.92779999971389771] [0:0.63919997215270996] [0:0.22259999811649323] [0:0.2533000111579895] [0:0.95109999179840088] [0:0.57499998807907104] [0:0.68949997425079346] [0:0.59439998865127563] [0:0.67170000076293945] [0:0.99720001220703125] [0:0.19799999892711639] [0:0.9968000054359436] [0:0.99900001287460327] [0:0.99900001287460327] [0:0.33360001444816589] none [0:0.78359997272491455] [0:0.81879997253417969] [0:0.78719997406005859] [0:0.98549997806549072] [0:0.23399999737739563] [0:0.85710000991821289] [0:0.011800000444054604] [0:0.6403999924659729] none [0:0.16079999506473541] [0:0.49090000987052917] [0:0.082000002264976501] [0:0.90149998664855957] [0:0.01080000028014183] [0:0.94090002775192261] [0:0.26050001382827759] [0:0.97990000247955322] [0:0.93229997158050537] [0:0.82499998807907104] [0:0.28009998798370361] [0:0.76569998264312744] none [0:0.0082000000402331352] [0:0.10899999737739563] [0:0.59350001811981201] [0:0.11800000071525574] [0:0.92460000514984131] [0:0.45519998669624329] [0:0.1031000018119812] [0:0.69050002098083496] [0:0.28139999508857727] [0:0.55330002307891846] none none [0:0.10209999978542328] [0:0.83009999990463257] [0:0.99229997396469116] [0:0.25049999356269836] [0:0.29809999465942383] [0:0.98680001497268677] [0:0.54070001840591431] [0:0.33629998564720154] [0:0.49230000376701355] [0:0.66009998321533203] none [0:0.038699999451637268] [0:0.46200001239776611] [0:0.31389999389648438] [0:0.99900001287460327] [0:0.15199999511241913] [0:0.89319998025894165] [0:0.9968000054359436] [0:0.86339998245239258]
tree_sizes=3477 3514 3506 3523 3527 3520 3528 3534 3524 3533 3510 3539 3520 3527 3510 3526 3528 3534 3528 3526 3538 3530 3537 3533 3537 3514 3527 3524 3515 3535 3525 3533 3534 3521 3539 3528 3521 3531 3540 3537 3528 3539 3524 3539 3533 3528 3530 3540 3545 3538 3536 3531 3527 3524 3529 3541 3547 3517 3537 3548 3563 3539 3555 3539 3533 3540 3527 3554 3520 3516 3533 3524 3538 3536 3554 3548 3547 3539 3515 3534 3547 3527 3534 3538 3528 3551 3526 3537 3514 3544 3548 3532 3546 3541 3552 3536 3544 3535 3532 3539 3542 3514 3514 3543 3520 3502 3514 3563 3562 3521 3535 3533 3546 3525 3550 3541 3522 3541 3541 3539 3513 3520 3531 3505 3554 3520 3532 3518 3542 3522 3540 3520 3510 3503 3516 3527 3512 3528 3534 3528 3514 3528 3532 3534 3533 3552 3516 3552 3516 3537 3535 3514 3516 3537 3551 3519 3511 3525 3536 3538 3546 3532 3509 3551 3520 3516 3532 3515 3524 3540 3526 3544 3525 3543 3525 3537 3523 3556 3542 3531 3523 3518 3522 3540 3524 3521 3536 3512 3505 3523 3528 3517 3512 3533 3524 3515 3531 3532 3515 3537

Tree=0
num_leaves=31
num_cat=0
split_feature=302 288 279 302 251 251 126 126 265 149 240 254 101 288 228 108 310 189 259 278 280 126 154 149 189 166 227 183 101 203
split_gain=2042.67 504.91 139.71 104.02 98.8042 89.159 59.7333 52.8487 50.7423 46.9872 42.3522 35.1833 33.9899 33.6173 32.2256 29.6309 28.1049 27.6193 26.3175 27.8289 22.717 20.8147 20.6431 20.1567 19.1148 18.9586 18.7292 18.4415 18.2416 17.9923
threshold=1.0000000180025095e-35 0.0035500000230968003 0.0021499999566003685 0.0018500000005587938 0.0015499999863095584 0.0028499999316409235 0.0029499999945983295 0.0010500000207684936 0.015150000341236593 0.0017499999958090486 0.0010500000207684936 0.0053499999921768912 0.0010500000207684936 0.084849998354911818 0.0041499999351799497 0.0013499999768100681 0.0030000001424923543 0.0012500000302679839 0.015000000596046449 0.0050500000361353168 0.003249999950639904 0.036949999630451209 1.0000000180025095e-35 0.12069999799132348 0.0019500000635161998 0.0030000001424923543 0.0013499999768100681 0.0013499999768100681 1.0000000180025095e-35 0.0013499999768100681
decision_type=2 2 2 2 2 2 2 2 2 2 2 2 2 2 2 2 2 2 2 2 2 2 2 2 2 2 2 2 2 2
left_child=1 4 5 9 10 7 -4 8 11 17 26 25 -6 -8 15 -7 22 -2 19 -11 -9 -22 27 24 -5 -3 -1 -12 -10 -30
right_child=3 2 6 23 12 14 13 20 28 18 16 -13 -14 -15 -16 -17 -18 -19 -20 -21 21 -23 -24 -25 -26 -27 -28 -29 29 -31
leaf_value=-0.73900672633978681 -0.63094246188073477 -0.69775148661049868 -0.56385222785931832 -0.59246975989744144 -0.63982303481644287 -0.61375246543777362 -0.67956638185128826 -0.71749947099014622 -0.58757088023760606 -0.68242394335026824 -0.71099242337972623 -0.60770835223062003 -0.71236667551920096 -0.54968570373781322 -0.57777006064828285 -0.69279731734568883 -0.57044610090496428 -0.55367808780841921 -0.52573139931417745 -0.59923501836752568 -0.63613806990871291 -0.73575499769514607 -0.73656237572669592 -0.6428413320519526 -0.53382810345736897 -0.5629936506398332 -0.61172121006569069 -0.64436224026932631 -0.67319477690081497 -0.58615667173415975
leaf_weight=485.52265529334545 15.207526743412016 95.047042146325111 48.529901519417763 14.983886644244192 43.386179238557816 28.402292594313622 24.376770809292797 106.89996740221977 21.022169321775436 26.165891602635384 198.3687679618597 13.418405950069426 25.718611404299736 6.2619227766990653 25.94225150346756 20.351249024271965 3.354601487517356 48.306261420249939 4.6964420825242987 16.325727239251137 18.114848032593731 7.3801232725381842 86.325078278779984 4.6964420825242987 191.43592488765717 2.6836811900138846 2.9073212891817084 10.958364859223364 21.02216932177544 8.2746836692094785
leaf_count=2171 68 425 217 67 194 127 109 478 94 117 887 60 115 28 116 91 15 216 21 73 81 33 386 21 856 12 13 49 94 37
internal_value=-0.673817 -0.701654 -0.658625 -0.561 -0.724146 -0.67157 -0.598361 -0.683968 -0.664768 -0.600256 -0.729176 -0.683627 -0.666821 -0.653021 -0.622792 -0.646748 -0.714356 -0.572178 -0.638048 -0.650462 -0.707385 -0.664975 -0.715989 -0.540415 -0.538085 -0.694051 -0.738249 -0.707504 -0.62311 -0.648611
internal_weight=1626.09 1304.27 447.727 321.818 856.542 368.559 79.1686 293.863 161.468 110.702 787.437 111.149 69.1048 30.6387 74.6958 48.7535 299.007 63.5138 47.1881 42.4916 132.395 25.495 295.652 211.116 206.42 97.7307 488.43 209.327 50.319 29.2969
internal_count=7271 5832 2002 1439 3830 1648 354 1314 722 495 3521 497 309 137 334 218 1337 284 211 190 592 114 1322 944 923 437 2184 936 225 131
is_linear=0
shrinkage=1


Tree=1
num_leaves=31
num_cat=0
split_feature=279 302 288 302 149 232 154 149 240 304 228 101 254 259 254 265 276 314 257 228 245 104 89 68 205 265 257 262 254 124
split_gain=1813.15 311.729 202.84 200.202 93.1512 66.3078 53.5839 46.0805 38.4088 35.3661 30.7421 30.387 29.857 27.2022 25.2506 24.284 24.2046 23.6732 24.5754 22.1014 21.9763 20.1164 19.33 19.2435 18.7766 18.4149 16.7251 16.0704 15.8967 15.8468
threshold=1.0000000180025095e-35 1.0000000180025095e-35 0.0020500000100582842 0.0010500000207684936 0.0067499999422580012 0.0039500000420957812 1.0000000180025095e-35 0.084400001913309111 0.0010500000207684936 0.0035500000230968003 0.0022500000195577745 0.0034500000765547161 0.014050000347197058 0.0030000001424923543 0.0044499998912215242 0.068050000816583647 0.050300000235438354 0.0030500000575557355 0.010049999691545965 0.0012500000302679839 0.0065500000491738328 0.0027499999850988392 0.0010500000207684936 1.0000000180025095e-35 0.0030500000575557355 0.048499999567866332 0.0058500000741332778 0.0011500000255182388 0.0021499999566003685 0.0017499999958090486
decision_type=2 2 2 2 2 2 2 2 2 2 2 2 2 2 2 2 2 2 2 2 2 2 2 2 2 2 2 2 2 2
left_child=1 2 8 4 10 6 9 29 -1 12 11 -2 21 20 -13 23 -6 18 -7 22 -3 25 26 -8 -9 27 28 -4 -10 -5
right_child=3 13 5 7 16 17 15 24 19 -11 -12 14 -14 -15 -16 -17 -18 -19 -20 -21 -22 -23 -24 -25 -26 -27 -28 -29 -30 -31
leaf_value=-0.0628736356454829 0.078138677217308092 0.0047066941285992068 -0.0084295167433452774 0.12458173808349722 -0.030006150856463739 -0.014299022304458243 -0.046779635937288733 -0.024814979098270892 -0.03967827223054908 0.12453939021738403 0.11252561500116308 -0.014882130576186346 0.10061638374779858 0.12709390204313104 0.06006460999460083 0.031603324455627115 0.080572340536199522 0.083939379086367019 0.067588165351700494 -0.0026092792077344624 0.070733733956943892 -0.048635916386613812 -0.061587408325449455 0.10006266173515921 0.12283225567944916 0.09288268040430292 0.067962606815781604 0.065186072931993341 0.038151426980932879 0.038976027984767903
leaf_weight=473.45021556317806 64.493223607540131 17.74421451985836 142.85711449384689 228.13232932984829 37.477985396981239 24.547323480248451 153.79424686729908 7.7088629752397519 88.65946601331234 5.4581396281719199 30.992181465029716 21.315208345651627 6.5142129212617865 14.820302471518515 23.772508725523949 11.189853295683859 5.7016229927539817 19.286238506436348 14.61897039413452 37.186128944158554 43.489346146583557 26.453751936554909 89.885390937328339 2.2639578133821479 2.9879279732704163 5.0045219361782065 4.2051807790994635 7.8193354010581961 7.0850940197706214 5.5372013449668875
leaf_count=2162 284 78 641 982 168 110 695 34 401 24 135 95 29 64 105 50 25 85 65 167 190 119 408 10 13 22 19 35 32 24
internal_value=-4.51234e-05 -0.0316453 -0.0382954 0.0882581 0.0488282 -0.0108131 -0.0188052 0.117908 -0.0547662 -0.000932907 0.0685586 0.0561237 -0.00456317 0.0663116 0.0246336 -0.0395476 -0.0154049 0.0385944 0.0162657 -0.0378581 0.0516005 -0.00832501 -0.0447628 -0.0446494 0.0164272 -0.00147527 -0.0296324 -0.00460924 -0.0339189 0.122553
internal_weight=1624.45 1196.33 1120.28 428.119 183.753 419.808 361.355 244.366 700.471 194.107 140.573 109.581 188.649 76.0539 45.0877 167.248 43.1796 58.4525 39.1663 227.021 61.2336 182.135 189.835 156.058 10.6968 155.681 99.9497 150.676 95.7446 233.67
internal_count=7271 5406 5074 1865 812 1885 1625 1053 3189 870 619 484 846 332 200 755 193 260 175 1027 268 817 860 705 47 698 452 676 433 1006
is_linear=0
shrinkage=0.05


Tree=2
num_leaves=31
num_cat=0
split_feature=279 302 288 302 126 126 265 154 288 240 309 176 50 232 68 228 96 254 258 238 89 304 101 186 262 301 149 219 149 98
split_gain=1614.73 282.333 190.115 170.313 97.2346 64.4586 62.9508 39.8135 39.2598 36.7863 27.5972 26.152 25.5231 23.5919 23.0127 20.5842 19.9374 19.9098 21.8869 18.4428 18.342 18.1994 16.9175 22.0238 16.3878 16.1677 16.1014 20.1351 15.7356 15.1767
threshold=1.0000000180025095e-35 1.0000000180025095e-35 0.0020500000100582842 0.0010500000207684936 0.0015499999863095584 0.0010500000207684936 0.018450000323355201 0.17905000597238543 0.044150000438094146 0.0010500000207684936 0.0012500000302679839 0.0057500000111758718 0.0012500000302679839 0.007849999703466894 0.0018500000005587938 0.0012500000302679839 0.0012500000302679839 0.015649999491870407 1.0000000180025095e-35 0.002549999975599349 0.0010500000207684936 0.0020500000100582842 1.0000000180025095e-35 0.0013499999768100681 0.0031500000040978198 0.0020500000100582842 0.0079499999992549437 0.0045499999541789302 0.0015499999863095584 0.0043500000610947618
decision_type=2 2 2 2 2 2 2 2 2 2 2 2 2 2 2 2 2 2 2 2 2 2 2 2 2 2 2 2 2 2
left_child=1 2 9 4 28 6 12 16 11 -1 14 26 17 21 -7 20 -5 18 -4 -9 -11 24 -8 29 -3 -20 27 -6 -2 -24
right_child=3 13 5 7 8 10 22 19 -10 15 -12 -13 -14 -15 -16 -17 -18 -19 25 -21 -22 -23 23 -25 -26 -27 -28 -29 -30 -31
leaf_value=-0.06115565427507328 0.088410734492095772 0.021126925922563017 -0.0082795174994832205 0.11363128023283467 -0.022033499308465043 -0.042319913367792755 0.097730230651497052 -0.077043139471763444 0.066007438575592867 -0.028459877402915501 0.055778077084172518 0.070123212519126593 -0.040041350523446234 0.11673703298834377 0.11688393564625177 -0.0024810094690697806 -0.034426767294318372 0.10027349556158849 0.11202326625742394 0.085867831833108213 -0.059846179674807765 0.095835483287193685 0.0016312986927335257 0.12762128685352259 0.10911832943481672 0.018786226867693517 -0.050467521108193136 0.067025136862133128 0.025052888283930742 0.12137897436528207
leaf_weight=462.68707223236561 84.196313321590424 40.638958320021629 136.45047560334206 241.87080729007721 23.767809823155403 150.34971477091312 16.695425271987915 4.0872382223606101 22.520034179091454 98.915127485990524 7.925232619047164 8.84297928214073 44.808864146471024 15.634257093071936 2.304660201072692 37.154088586568832 2.2953407913446418 5.0482085049152365 6.3520924746990231 3.0215732604265213 87.925560131669044 15.031262487173079 22.375290274620063 5.3269329071044913 6.0836752504110327 17.347456008195877 27.106385260820389 8.6586879938840848 11.090821653604506 3.0008153170347205
leaf_count=2162 361 176 615 1012 105 688 72 18 98 452 35 39 203 66 10 167 10 22 28 13 408 64 99 23 26 77 123 38 48 13
internal_value=-8.0272e-05 -0.0304526 -0.0369203 0.0819887 0.0457452 -0.0103339 0.00517448 0.108843 0.0087491 -0.0531035 -0.0351935 -0.0101093 -0.00657251 0.0618705 -0.0399164 -0.0364709 0.112239 0.00250567 -0.000576139 -0.00779845 -0.04323 0.0479799 0.0572216 0.0351941 0.0325841 0.0437762 -0.022027 0.00174739 0.0810363 0.0157919
internal_weight=1619.51 1182.06 1104.67 437.458 186.183 417.985 257.406 251.275 90.8959 686.682 160.58 68.3759 210.007 77.3882 152.654 223.995 244.166 165.198 160.15 7.10881 186.841 61.7539 47.3985 30.703 46.7226 23.6995 59.5329 32.4265 95.2871 25.3761
internal_count=7271 5406 5074 1865 812 1885 1152 1053 403 3189 733 305 945 332 698 1027 1022 742 720 31 860 266 207 135 202 105 266 143 409 112
is_linear=0
shrinkage=0.05


Tree=3
num_leaves=31
num_cat=0
split_feature=302 288 251 251 302 259 50 149 240 149 240 254 265 101 158 163 189 108 228 278 112 149 189 262 149 227 276 108 176 245
split_gain=1419.67 401.305 106.304 84.2167 68.9601 64.5309 48.3477 40.5488 37.9133 36.1228 33.3264 30.2738 32.6923 39.0566 28.953 24.0362 21.5931 21.5064 20.8661 20.0929 20.0063 18.5142 19.6659 18.0513 18.0086 17.3696 16.9976 16.8552 16.7803 15.8909
threshold=1.0000000180025095e-35 0.003249999950639904 0.0018500000005587938 0.0015499999863095584 0.0019500000635161998 0.0030000001424923543 0.0015499999863095584 0.018050000071525577 0.013449999969452621 0.0017499999958090486 0.0010500000207684936 0.011049999855458738 0.013950000051409008 0.0058500000741332778 0.0019500000635161998 0.0011500000255182388 0.0012500000302679839 1.0000000180025095e-35 0.0036499999696388845 0.0050500000361353168 1.0000000180025095e-35 1.0000000180025095e-35 0.0014499999815598132 1.0000000180025095e-35 0.0080500002950429934 0.0013499999768100681 0.068849999457597746 0.0016499999910593035 0.0012500000302679839 0.0029499999945983295
decision_type=2 2 2 2 2 2 2 2 2 2 2 2 2 2 2 2 2 2 2 2 2 2 2 2 2 2 2 2 2 2
left_child=1 3 5 10 9 6 11 8 20 16 25 12 21 27 17 -12 -2 -5 19 -11 -4 22 -3 -15 -7 -1 -8 28 -14 -17
right_child=4 2 7 14 -6 24 26 -9 -10 18 15 -13 13 23 -16 29 -18 -19 -20 -21 -22 -23 -24 -25 -26 -27 -28 -29 -30 -31
leaf_value=-0.0603210551316469 0.032407202696101825 -0.023717599773553963 0.046368914789166833 0.068657500258770932 0.10640475661858723 0.088917771509247678 -0.044930263859302183 -0.032550470192995271 0.089745861087905443 -0.0094914915610344319 -0.040787311401012522 0.066197944223075275 0.042443407861233566 -0.022540540171033598 -0.032612109341240827 -0.04319121864158839 0.097229753257511403 -0.0065952741551129502 0.10348554866526877 0.059571225649759044 -0.022189743875633897 -0.050583272978106324 0.035830501207514222 0.09023311958224961 0.0007625024085568384 0.062509741170864885 0.091945008304056122 -0.05945195994605712 0.11583279641800059 0.071113854355801823
leaf_weight=451.34205473959446 16.536250829696655 48.127492696046829 59.067351743578911 21.769339457154274 219.76922565698624 22.426511704921726 86.877484515309334 13.84731315076351 52.951400950551033 28.830953702330589 262.43521513044834 17.155247524380684 30.34056468307972 42.378382727503777 25.754414647817612 4.8298548310995093 57.584422171115875 16.837744832038879 7.9623507112264624 16.592821136116982 12.979168385267256 36.935240492224693 19.475575938820839 3.8726788759231559 7.8110155016183844 2.8966387063264838 2.3289815634489051 3.1110219508409491 10.478967562317846 8.2076485604047758
leaf_count=2160 71 218 258 97 902 96 397 62 225 125 1219 74 131 193 119 22 238 76 33 70 58 170 86 17 35 13 10 14 45 37
internal_value=-0.000107935 -0.0247043 0.0119056 -0.0463807 0.0894335 -0.00348519 -0.0104782 0.048632 0.0576254 0.0601819 -0.0512166 0.00252275 -0.00308717 0.0189708 0.00844718 -0.0374954 0.0827679 0.0358374 0.0288239 0.0157364 0.0340181 -0.0221159 -0.00656256 -0.0130978 0.0661453 -0.0595378 -0.0413568 0.0527334 0.0612835 0.0287686
internal_weight=1611.51 1264.24 470.164 794.073 347.276 331.319 301.082 138.845 124.998 127.507 729.711 211.875 194.72 90.1816 64.3615 275.473 74.1207 38.6071 53.3861 45.4238 72.0465 104.538 67.6031 46.2511 30.2375 454.239 89.2065 43.9306 40.8195 13.0375
internal_count=7271 5832 2089 3743 1439 1486 1355 603 541 537 3451 948 874 400 292 1278 309 173 228 195 316 474 304 210 131 2173 407 190 176 59
is_linear=0
shrinkage=0.05


Tree=4
num_leaves=31
num_cat=0
split_feature=279 240 228 302 126 280 189 251 278 149 288 166 50 126 158 215 176 104 186 251 302 91 254 154 126 205 53 219 276 133
split_gain=1314.85 246.253 128.289 127.245 79.775 50.9014 46.5283 43.3187 38.9562 33.9378 33.3376 28.3869 27.8299 25.2387 25.1179 26.2936 22.4756 22.3402 22.0168 20.476 19.6369 17.3595 18.0423 16.5709 16.4461 14.7006 14.3171 15.6075 14.2941 14.0984
threshold=1.0000000180025095e-35 0.0016499999910593035 0.0010500000207684936 0.0010500000207684936 0.0015499999863095584 0.0011500000255182388 0.0011500000255182388 0.0015499999863095584 0.0049499999731779107 0.084400001913309111 0.044150000438094146 1.0000000180025095e-35 0.0014499999815598132 0.0024500000290572648 1.0000000180025095e-35 0.054549999535083778 0.0057500000111758718 1.0000000180025095e-35 0.0010500000207684936 1.0000000180025095e-35 0.0014499999815598132 1.0000000180025095e-35 0.012249999679625036 1.0000000180025095e-35 0.017350000329315666 0.0030500000575557355 1.0000000180025095e-35 0.0051500000990927228 0.00335000001359731 0.0087500000372529047
decision_type=2 2 2 2 2 2 2 2 2 2 2 2 2 2 2 2 2 2 2 2 2 2 2 2 2 2 2 2 2 2
left_child=1 5 7 4 28 11 12 8 20 -5 16 19 18 -7 -8 -16 26 -9 23 -1 21 22 -3 29 -10 -11 27 -6 -2 -4
right_child=3 2 6 9 10 13 14 17 24 25 -12 -13 -14 -15 15 -17 -18 -19 -20 -21 -22 -23 -24 -25 -26 -27 -28 -29 -30 -31
leaf_value=-0.058152156058313691 0.051620332944328863 -0.027880787484845061 0.032039129456354142 0.099052032920346048 -0.022001694948927453 0.075785865642148856 0.10320213967912316 0.061854590296098279 0.076723742511032339 -0.027554812232093558 0.059608396526628041 -0.0052679807120825789 -0.040331433130071787 -0.022210087653105403 0.020821330592882877 0.10371241645450785 0.063242843129628384 -0.006991713094945293 0.11659005976467625 -0.025688257162219931 0.049694432377345714 -0.0518055281724654 0.071113957154771548 -0.042171392869326071 -0.046160812236661387 0.099835231449983464 -0.049057562549694247 0.052880114631413837 0.090005029994011887 -0.054852922132767316
leaf_weight=515.91694858670235 44.285104185342789 178.31812500953674 59.650320947170258 248.43763041496277 23.076431348919868 10.985378712415697 24.111025795340538 21.048892334103584 12.074792951345442 7.8202688843011838 23.046477913856506 30.093722268939018 22.072386205196381 16.348361119627953 38.649012997746468 12.714138671755789 9.0837251096963865 26.768231555819511 5.8310518115758887 53.619887620210648 7.1416334658861151 93.513930633664131 4.7245857715606681 10.611482366919516 3.5154659301042548 3.1878112107515335 25.929242476820946 9.9628535509109479 53.620307475328445 5.0645488649606696
leaf_count=2510 186 827 264 1006 103 48 100 92 52 34 98 141 101 75 169 53 39 120 25 249 30 442 21 48 16 13 119 44 223 23
internal_value=-0.000130487 -0.0283901 -0.00315556 0.072513 0.0413083 -0.0495533 0.0312647 -0.0208765 -0.0279368 0.0952454 0.00763276 -0.0525951 0.0094495 0.0171743 0.0611023 0.0413397 -0.00996923 0.0233141 0.0229884 -0.0550958 -0.0321655 -0.0342794 -0.0253256 0.0157427 0.0490144 0.00933585 -0.0212471 0.000578591 0.0726427 0.025239
internal_weight=1601.22 1152.77 525.81 448.45 189.004 626.964 178.704 347.106 299.289 259.446 91.0987 599.631 103.23 27.3337 75.4742 51.3632 68.0523 47.8171 81.1574 569.537 283.698 276.557 183.043 75.3264 15.5903 11.0081 58.9685 33.0393 97.9054 64.7149
internal_count=7271 5406 2383 1865 812 3023 783 1600 1388 1053 403 2900 461 123 322 222 305 212 360 2759 1320 1290 848 335 68 47 266 147 409 287
is_linear=0
shrinkage=0.05


Tree=5
num_leaves=31
num_cat=0
split_feature=279 240 228 302 126 280 189 251 278 154 228 310 251 50 126 228 304 186 253 149 132 149 210 123 189 238 154 91 254 212
split_gain=1185.25 229.874 115.923 113.713 70.3593 47.5746 41.2435 39.5233 35.3873 30.8918 30.4206 27.2885 25.7679 25.2206 22.3577 21.5547 20.4673 19.1875 18.4406 18.1968 18.0737 17.6073 16.0192 20.8464 17.2196 15.5291 15.2911 15.1728 18.1618 15.9744
threshold=1.0000000180025095e-35 0.0016499999910593035 0.0010500000207684936 0.0010500000207684936 0.0015499999863095584 0.0011500000255182388 0.0011500000255182388 0.0015499999863095584 0.0049499999731779107 0.17905000597238543 0.0039500000420957812 0.010999999940395357 1.0000000180025095e-35 0.0014499999815598132 0.0024500000290572648 0.0083499997854232805 0.0028499999316409235 0.0010500000207684936 1.0000000180025095e-35 0.0014499999815598132 0.0010500000207684936 0.0039500000420957812 0.019350000657141212 1.0000000180025095e-35 0.0056499999482184657 0.002549999975599349 0.018350000493228439 1.0000000180025095e-35 0.012249999679625036 0.024349999614059929
decision_type=2 2 2 2 2 2 2 2 2 2 2 2 2 2 2 2 2 2 2 2 2 2 2 2 2 2 2 2 2 2
left_child=1 5 7 4 -2 11 13 8 16 -5 22 12 18 17 -7 20 27 -4 -1 -14 -8 -9 23 24 -6 -11 -10 28 29 -3
right_child=3 2 6 9 10 14 15 21 26 25 -12 -13 19 -15 -16 -17 -18 -19 -20 -21 -22 -23 -24 -25 -26 -27 -28 -29 -30 -31
leaf_value=-0.056582074305163259 0.068107305679871083 -0.029382601233854042 0.01488280588078802 0.092672800664484509 -0.024569575848653043 0.070579782321516502 0.048239681544570256 0.040193590025551618 0.069369383468643506 -0.077012347230286549 0.097668588493104808 0.06680694773097684 -0.0059018876261207878 -0.038885131084715176 -0.021271045345082316 0.09789739913597828 0.061098017696649666 0.1079135256540355 0.062704390359082263 -0.065647813345332776 -0.062490004998136964 -0.028297707794601917 0.06996623553425721 -0.030298215751391494 0.052833399306656641 0.070968795967231241 -0.058114614981077839 -0.049301600699784724 0.068874208204500367 0.076008515430415494
leaf_weight=513.98604100942612 99.167279466986656 171.99185042083263 75.644144475460052 254.21298375725746 11.630454108119013 11.200021609663965 49.310706064105034 35.330744743347168 12.869111463427542 4.0550520569086066 8.4379591494798643 4.863579034805297 46.618383690714836 21.756820261478424 16.219921484589577 22.978437229990959 5.9100049287080756 5.9806956797838202 3.2604525834321967 17.53922113776207 3.982835888862609 12.776843875646589 7.0712590068578711 45.129620581865311 18.800070345401764 3.1500636786222458 2.878237083554267 93.473673909902573 5.063054919242858 3.6722444891929618
leaf_count=2563 409 806 335 1022 52 48 210 154 55 18 35 22 216 101 75 94 25 25 15 84 18 58 31 204 81 13 13 450 22 17
internal_value=-0.000148315 -0.0273617 -0.0030261 0.0683774 0.0389676 -0.0481256 0.0295266 -0.0200284 -0.0268628 0.0897792 0.00723671 -0.0511363 -0.052123 0.00894915 0.0162466 0.0574179 -0.0309629 0.0216992 -0.0558302 -0.0222351 0.0399644 0.0220031 -0.0019978 -0.00873252 0.0232502 -0.0123153 0.0460684 -0.0329471 -0.0244885 -0.0271794
internal_weight=1588.96 1137.31 523.619 451.655 190.237 613.688 179.654 343.966 295.858 261.418 91.0694 586.268 581.404 103.382 27.4199 76.272 280.111 81.6248 517.246 64.1576 53.2935 48.1076 82.6314 75.5601 30.4305 7.20512 15.7473 274.201 180.727 175.664
internal_count=7271 5406 2383 1865 812 3023 783 1600 1388 1053 403 2900 2878 461 123 322 1320 360 2578 300 228 212 368 337 133 31 68 1295 845 823
is_linear=0
shrinkage=0.05


Tree=6
num_leaves=31
num_cat=0
split_feature=279 288 302 304 251 126 302 245 251 149 158 265 101 149 181 310 53 265 254 112 212 280 203 126 126 107 232 158 244 104
split_gain=1071.41 215.76 102.781 87.6877 67.9586 63.2861 62.1997 49.2352 39.0713 28.4869 27.8029 24.9651 28.341 23.2615 20.7167 20.0965 20.5833 18.6502 17.7036 16.2611 17.8812 14.7544 17.9455 22.2993 15.8573 14.6415 17.7176 16.2738 13.4839 14.2921
threshold=1.0000000180025095e-35 0.0020500000100582842 0.0010500000207684936 0.0017499999958090486 0.0028499999316409235 0.0041499999351799497 0.0011500000255182388 0.0066499998793005952 1.0000000180025095e-35 0.084400001913309111 1.0000000180025095e-35 0.047450000420212753 0.0057500000111758718 0.0044499998912215242 0.0012500000302679839 0.0030000001424923543 0.045900000259280212 0.12174999713897706 0.0090499999932944792 1.0000000180025095e-35 0.021149999462068084 0.0034500000765547161 0.0023500000825151805 0.0010500000207684936 0.03354999981820584 0.0035500000230968003 0.0031500000040978198 0.0021499999566003685 0.0012500000302679839 0.0011500000255182388
decision_type=2 2 2 2 2 2 2 2 2 2 2 2 2 2 2 2 2 2 2 2 2 2 2 2 2 2 2 2 2 2
left_child=1 6 5 4 7 11 8 13 15 -4 -10 12 -2 14 18 19 -17 -7 -3 20 -1 22 28 -24 -23 26 27 -6 29 -9
right_child=2 3 9 -5 25 17 -8 21 10 -11 -12 -13 -14 -15 -16 16 -18 -19 -20 -21 -22 24 23 -25 -26 -27 -28 -29 -30 -31
leaf_value=-0.047372162179391185 0.058117154600718916 -0.025279583287380128 0.088484159597478684 0.064333244975628825 0.052916911535155965 -0.022236408163708345 0.060486762709192024 0.0025983062888819256 0.022234333795232143 0.0064008200007882737 -0.043822147281694583 0.094175085753686355 -0.0057733915708206088 -0.051936614682735797 0.12818418354045419 0.11636599777093022 -0.047274511100422439 0.042371172183728351 0.046090726201765332 -0.063765269801230193 0.053370314155389557 0.067803943363785257 0.093390561214753906 -0.026639423397504483 -0.075123052215543593 -0.062636632441779458 0.081462851951807649 -0.004009819201037235 0.094840382795648992 -0.04435702516331308
leaf_weight=356.62115827202797 76.842886134982109 145.08701458573341 251.15418966114521 46.837452948093414 25.921103149652481 44.501427590847015 13.673800766468046 52.055417209863663 32.488282188773155 11.034379214048384 31.25323674082756 32.499095469713211 22.421940892934799 79.682125777006149 2.3625483363866797 3.5860336720943442 4.1403166651725769 14.913431897759436 9.2424533367156965 204.80859479308128 4.4597321748733512 16.365453168749813 10.532628536224367 6.1165864616632453 2.2016932070255271 3.5794470459222785 19.530230239033699 24.345834851264954 3.0720315277576438 23.531386122107506
leaf_count=1803 317 681 1006 195 111 203 57 235 148 47 151 132 96 387 10 16 20 64 41 1050 22 70 45 28 10 16 81 107 13 109
internal_value=-0.000162863 -0.0263841 0.0647007 -0.000585632 -0.00776327 0.036821 -0.0450273 -0.0169295 -0.047291 0.0850296 -0.010154 0.0561386 0.0436856 -0.0299412 -0.0187559 -0.0514177 0.028676 -0.00601958 -0.0210054 -0.0525113 -0.0461279 0.0100792 0.00213552 0.049294 0.0508557 0.03599 0.0410479 0.0253455 -0.00784621 -0.0120196
internal_weight=1574.86 1121.49 453.367 470.463 423.626 191.179 651.031 350.249 637.357 262.189 63.7415 131.764 99.2648 236.374 156.692 573.616 7.72635 59.4149 154.329 565.889 361.081 113.875 95.308 16.6492 18.5671 73.3766 69.7972 50.2669 78.6588 75.5868
internal_count=7271 5406 1865 2139 1944 812 3267 1629 3210 1053 299 545 413 1119 732 2911 36 267 722 2875 1825 510 430 73 80 315 299 218 357 344
is_linear=0
shrinkage=0.05


Tree=7
num_leaves=31
num_cat=0
split_feature=279 240 228 302 126 280 302 189 91 254 297 189 149 154 183 310 53 226 89 123 223 101 126 214 186 108 258 123 278 221
split_gain=970.858 204.178 96.7784 94.545 72.109 42.7873 34.4154 34.1984 27.927 28.1909 26.0204 25.7327 28.8437 24.0736 21.6823 21.6576 24.4234 20.7362 19.3834 18.9795 18.927 16.8544 16.8354 16.724 15.7402 15.2044 14.9913 14.8593 14.7616 14.437
threshold=1.0000000180025095e-35 0.0016499999910593035 0.0010500000207684936 0.0018500000005587938 0.0041499999351799497 0.0011500000255182388 0.0014499999815598132 0.0019500000635161998 1.0000000180025095e-35 0.0022500000195577745 1.0000000180025095e-35 0.013550000265240671 0.0015499999863095584 1.0000000180025095e-35 1.0000000180025095e-35 0.015000000596046449 1.0000000180025095e-35 0.15235000103712085 0.012749999761581423 0.0081500001251697558 0.0015499999863095584 0.0050500000361353168 0.0011500000255182388 0.0065500000491738328 0.0011500000255182388 1.0000000180025095e-35 1.0000000180025095e-35 0.0046500000171363362 0.0049499999731779107 0.022049999795854095
decision_type=2 2 2 2 2 2 2 2 2 2 2 2 2 2 2 2 2 2 2 2 2 2 2 2 2 2 2 2 2 2
left_child=1 5 6 4 11 10 8 13 9 28 15 12 18 14 25 16 20 23 -2 -7 26 -9 -11 27 -15 -4 -1 29 -3 -6
right_child=3 2 7 -5 17 19 -8 21 -10 22 -12 -13 -14 24 -16 -17 -18 -19 -20 -21 -22 -23 -24 -25 -26 -27 -28 -29 -30 -31
leaf_value=-0.046051520047822279 0.062526755883330995 -0.024444477009067916 0.031081413564948715 0.086480931120806084 -0.019961826648794659 0.057446489927636984 0.062690207609585685 0.089671698228880714 -0.043348329673111724 0.039901291241391308 0.1219410106764723 0.088237950372795818 -0.0046724260707128656 -0.043686183401828421 0.063679825376359356 0.057109513441536634 -0.063256490730729698 0.073335623715951703 -0.042693946449327974 -0.025862452594596942 0.060413715053097707 0.032025840362986849 -0.024329410359912942 0.053953655928127411 0.057967359258862698 -0.014280675236504753 -0.0045457225850458194 -0.045773213241253968 0.04373392333010169 0.053008960487782468
leaf_weight=308.48750473558903 94.314441740512848 165.43106216192245 41.772031545639038 205.58564677834511 19.872547239065174 13.562947705388071 12.605501011013983 26.215854540467262 100.92197835445404 35.562588483095169 2.2278888374567023 51.03870253264904 22.861217424273491 23.761046364903454 26.453520387411118 4.7433587610721579 217.20247565209866 8.5126717239618284 4.5899052023887625 13.785382211208342 4.4733632057905188 24.558039650321007 14.305725723505018 8.9840756952762586 4.5348399132490149 33.117658361792564 23.405720636248589 27.746352776885033 8.3394561260938627 10.287100210785864
leaf_count=1594 385 787 185 825 89 58 52 107 500 158 10 206 96 109 111 21 1139 35 19 65 21 105 67 38 19 147 115 128 36 44
internal_value=-0.000174858 -0.0254529 -0.00255163 0.0614042 0.0406335 -0.0456154 -0.0183671 0.0270053 -0.0215153 -0.0116626 -0.0485948 0.0584358 0.045944 0.0133817 0.0247668 -0.0492753 -0.0501869 -0.000164686 0.0576437 0.0154532 -0.0417475 0.0617899 0.0214754 -0.0095186 -0.0273947 0.0110214 -0.0431245 -0.0193663 -0.0211725 0.00492765
internal_weight=1559.26 1105.47 517.579 453.793 248.207 587.889 337.166 180.413 324.561 223.639 560.54 172.804 121.766 129.639 101.343 558.312 553.569 75.4027 98.9043 27.3483 336.367 50.7739 49.8683 66.8901 28.2959 74.8897 331.893 57.906 173.771 30.1596
internal_count=7271 5406 2383 1865 1040 3023 1600 783 1548 1048 2900 706 500 571 443 2890 2869 334 404 123 1730 212 225 299 128 332 1709 261 823 133
is_linear=0
shrinkage=0.05


Tree=8
num_leaves=31
num_cat=0
split_feature=279 240 251 302 149 304 280 245 251 166 278 181 101 314 53 251 126 240 53 163 272 189 89 183 6 160 119 254 108 226
split_gain=881.487 190.909 91.168 87.0836 67.5674 61.8314 40.052 39.1966 29.2253 24.5728 24.5429 23.0406 21.3875 22.6258 20.2807 19.2493 17.5883 17.585 18.5058 17.055 15.9009 15.3401 14.741 14.5282 14.271 13.9878 13.2353 18.314 12.9551 12.3461
threshold=1.0000000180025095e-35 0.0016499999910593035 0.0018500000005587938 0.0020500000100582842 0.0067499999422580012 0.0028499999316409235 0.0011500000255182388 0.0051500000990927228 0.0020500000100582842 1.0000000180025095e-35 0.0044499998912215242 1.0000000180025095e-35 0.0034500000765547161 0.0015499999863095584 1.0000000180025095e-35 1.0000000180025095e-35 0.0024500000290572648 0.012850000057369472 0.0011500000255182388 0.0012500000302679839 1.0000000180025095e-35 0.19749999791383746 0.0010500000207684936 1.0000000180025095e-35 0.0015499999863095584 0.0041499999351799497 0.0016499999910593035 0.0080500002950429934 0.0013499999768100681 0.04774999991059304
decision_type=2 2 2 2 2 2 2 2 2 2 2 2 2 2 2 2 2 2 2 2 2 2 2 2 2 2 2 2 2 2
left_child=1 6 5 4 8 7 9 11 12 14 21 22 24 -14 15 29 -8 18 -4 23 28 -6 26 -9 -2 -12 27 -3 -17 -1
right_child=3 2 17 -5 10 -7 16 19 -10 -11 25 -13 13 -15 -16 20 -18 -19 -20 -21 -22 -23 -24 -25 -26 -27 -28 -29 -30 -31
leaf_value=-0.047550494331628307 0.058809118153042197 -0.012358489231357133 0.034738915004971865 0.084063253222315892 -0.043824398005467557 0.073946144946204731 0.061793460797182481 -0.015457369559892764 0.076910837399309206 -0.0026565187076001873 0.057993233985463813 0.1056387511316219 -0.027755927833675555 0.043077580308100508 -0.062259439092452198 0.030259440092704006 -0.019418795038712494 0.069720046878379724 -0.030943053747494009 0.051914126881809554 -0.071241691903692173 0.06964523372230208 -0.043095999062149698 0.02140463958777207 -0.054274523327417237 -0.021289799768947244 -0.047568186504123276 0.11861895673871625 -0.036440990773223846 0.075732122957100453
leaf_weight=275.07328008115292 72.075493827462196 77.271599233150482 73.432087913155556 191.40926663577557 32.251642808318138 19.125756174325943 11.48564885556698 79.93989609181881 80.652732461690903 29.157275125384331 16.562290146946911 3.0833620578050605 20.617716893553734 24.875645399093628 200.9502809792757 20.466128766536716 15.890508800745009 29.794592007994652 12.557889670133589 15.939183786511419 8.2858656495809537 3.2816525995731345 132.57464285194874 40.157257214188576 2.9022876322269431 8.3771323263645154 28.393750473856926 2.7643658220767966 11.298907190561293 2.0458967238664618
leaf_count=1468 293 369 315 772 148 78 48 374 326 141 70 13 90 103 1090 97 75 123 56 69 40 14 658 177 12 37 139 12 54 10
internal_value=-0.000183963 -0.024553 -0.00244667 0.0584349 0.0396827 -0.0137753 -0.0443659 -0.0181889 0.0536165 -0.0473182 -0.00665927 -0.0301752 0.0380215 0.0109756 -0.0498315 -0.0419575 0.0146538 0.0366167 0.0251468 0.00331794 -0.00955656 -0.033345 -0.0319128 -0.00313171 0.0544318 0.0313621 -0.0182394 -0.00783465 0.00653392 -0.0466403
internal_weight=1542.69 1089.69 515.034 453.006 261.597 399.25 574.654 380.124 201.124 547.278 60.4727 244.088 120.471 45.4934 518.12 317.17 27.3762 115.785 85.99 136.036 40.0509 35.5333 241.004 120.097 74.9778 24.9394 108.43 80.036 31.765 277.119
internal_count=7271 5406 2383 1865 1093 1889 3023 1811 824 2900 269 1191 498 193 2759 1669 123 494 371 620 191 162 1178 551 305 107 520 381 151 1478
is_linear=0
shrinkage=0.05


Tree=9
num_leaves=31
num_cat=0
split_feature=302 288 251 259 302 50 108 251 149 265 101 278 214 158 240 149 254 149 215 265 50 154 288 288 265 149 50 259 108 53
split_gain=803.726 262.233 87.7724 50.5346 44.1091 41.303 37.3648 34.6044 30.3938 27.8141 31.1606 25.5931 25.287 25.1717 23.9621 22.5215 24.8915 20.873 19.8696 18.2507 16.7624 16.6978 16.0586 15.4971 16.4495 19.9466 13.5967 13.5276 13.4888 12.7663
threshold=1.0000000180025095e-35 0.0021499999566003685 0.0018500000005587938 0.009000000078231098 0.0039500000420957812 0.0015499999863095584 0.0013499999768100681 1.0000000180025095e-35 0.0080500002950429934 0.013950000051409008 0.0058500000741332778 0.0030500000575557355 1.0000000180025095e-35 1.0000000180025095e-35 0.0099499998614192026 1.0000000180025095e-35 0.0053499999921768912 0.0058500000741332778 0.069350000470876708 0.1255999952554703 1.0000000180025095e-35 0.0021499999566003685 0.036450000479817397 1.0000000180025095e-35 0.0029499999945983295 0.0012500000302679839 0.0054500000551342973 0.0050000001210719356 0.0016499999910593035 0.0019500000635161998
decision_type=2 2 2 2 2 2 2 2 2 2 2 2 2 2 2 2 2 2 2 2 2 2 2 2 2 2 2 2 2 2
left_child=1 7 3 5 8 9 17 12 14 15 28 27 20 -9 26 16 -3 -4 29 -7 23 -12 -19 24 -1 -26 -2 -10 -11 -8
right_child=4 2 6 -5 -6 19 18 13 11 10 21 -13 -14 -15 -16 -17 -18 22 -20 -21 -22 -23 -24 -25 25 -27 -28 -29 -30 -31
leaf_value=-0.051974148242736579 0.044898781247339994 -0.011222237107649252 0.064427034711524264 0.066583805612386318 0.086995925891031042 -0.041968292542666347 0.0065434119078578911 0.020703983401631036 -0.041643000615671701 0.051969475506264295 -0.045824062954300519 0.046624436239382012 0.027731102938114528 -0.041005891415436896 0.076872651537551573 -0.041774960315363679 0.060099520936851739 -0.048705725064357164 0.073721004236722301 0.061204641489545256 -0.05828757459961436 0.011786995265542465 0.072566224307483537 -0.022310489816530853 0.053743906052066796 -0.051009066043644816 -0.031291649785860666 0.075005973229663903 -0.047499168766790355 -0.056018936513549403
leaf_weight=193.24032986164093 47.15790481865406 91.27804733812809 83.703125447034836 21.472816795110703 147.08918426930904 106.94866827130318 47.791622072458267 34.792796954512596 17.713471114635471 49.699454367160797 19.378232091665268 30.99400994181633 11.127258419990538 31.47364667057991 99.141672372817993 52.386885598301888 14.126721829175947 7.7756370455026609 9.5547499954700452 4.4653090685605994 238.44414846599102 35.837134122848511 4.2065855413675308 84.080253943800926 8.4884007722139376 9.7805846631526929 6.6858191341161719 2.891058385372161 3.659261316061019 9.8315692543983442
leaf_count=1059 195 427 345 90 598 525 207 158 77 209 91 127 55 158 402 260 59 36 39 19 1317 168 18 434 43 53 28 12 17 45
internal_value=-0.000191676 -0.0200608 0.00458961 -0.00802936 0.0661121 -0.0122703 0.0355245 -0.0427231 0.0510973 -0.00157802 0.0178999 0.017913 -0.0468703 -0.00860549 0.0622896 -0.0149805 -0.00166344 0.0555914 0.00694204 -0.0378333 -0.0484247 -0.00843202 -0.00613092 -0.0404685 -0.0476868 -0.00233722 0.0354382 -0.0252758 0.0451481 -0.00413087
internal_weight=1525.22 1173.54 562.116 399.253 351.673 377.78 162.863 611.427 204.584 266.366 108.574 51.5985 545.161 66.2664 152.985 157.792 105.405 95.6853 67.1779 111.414 534.034 55.2154 11.9822 295.59 211.509 18.269 53.8437 20.6045 53.3587 57.6232
internal_count=7271 5832 2555 1865 1439 1775 690 3277 841 1231 485 216 2961 316 625 746 486 399 291 544 2906 259 54 1589 1155 96 223 89 226 252
is_linear=0
shrinkage=0.05


Tree=10
num_leaves=31
num_cat=0
split_feature=279 240 166 126 251 253 189 280 91 126 53 251 288 304 240 297 232 186 212 104 265 310 254 53 154 126 276 301 115 251
split_gain=737.17 167.802 79.0395 70.2097 50.7767 45.0804 38.8759 36.6198 29.7992 28.6476 21.4343 26.2223 19.9056 19.0609 18.798 18.7587 18.3994 17.484 17.4634 18.7413 22.0004 17.0529 15.4786 14.3712 14.1239 13.7017 13.2191 12.8428 12.6042 12.2838
threshold=1.0000000180025095e-35 0.0015499999863095584 1.0000000180025095e-35 0.0051500000990927228 0.0028499999316409235 0.0015499999863095584 0.013550000265240671 0.0011500000255182388 1.0000000180025095e-35 0.0015499999863095584 1.0000000180025095e-35 0.0053499999921768912 0.050300000235438354 0.0028499999316409235 0.11305000260472299 1.0000000180025095e-35 0.029150000773370269 0.0010500000207684936 0.024349999614059929 0.0010500000207684936 0.013950000051409008 0.0050000001210719356 0.0022500000195577745 0.045900000259280212 0.0036499999696388845 0.0024500000290572648 0.0054500000551342973 0.017250000499188903 0.0020500000100582842 0.0023500000825151805
decision_type=2 2 2 2 2 2 2 2 2 2 2 2 2 2 2 2 2 2 2 2 2 2 2 2 2 2 2 2 2 2
left_child=1 7 4 6 8 12 9 10 17 29 11 15 -5 16 -10 -1 -4 18 19 20 22 -12 -3 -23 -16 -9 -11 -22 -6 -2
right_child=3 2 13 5 28 -7 -8 25 14 26 21 -13 -14 -15 24 -17 -18 -19 -20 -21 27 23 -24 -25 -26 -27 -28 -29 -30 -31
leaf_value=-0.040685233544229378 0.045365930451245033 -0.019283100511295961 0.017759230445604332 -0.023438178781037617 0.039872337467792743 0.066382915261053596 0.081316564982530759 0.058138770170246649 -0.044885539679744416 -0.027451835182436709 -0.060756550441000361 0.056853558745109473 0.033314103308131358 0.092862429518233133 0.10031766300557091 0.11121708573735245 0.083419063036738253 0.042447896120618528 0.077145705198701675 -0.038561989151711551 0.075069177779378077 0.12224674203511204 0.024000830004555065 -0.050496983755149528 -0.033240300281876356 -0.015596023068892576 0.037219453823204122 0.0063041496381584117 -0.076775447208614914 0.075253590549509766
leaf_weight=300.0621954202652 86.322679713368416 144.79751758277416 54.227996841073036 47.783101573586464 50.774493023753166 32.089899972081184 170.54367232322693 10.85480171442032 104.38065749406815 15.901274502277376 194.01813060045242 7.2061670720577231 22.834236726164818 15.07473763823509 4.0479072183370581 2.0462771207094184 13.282963290810583 15.751671195030211 5.40430063009262 58.376612111926079 11.580025732517244 2.3696794956922522 24.091203451156616 2.4475912302732468 3.8739025443792343 15.016332238912581 15.706695228815077 16.41465200483799 2.4264717400073996 57.131982386112213
leaf_count=1650 351 699 238 219 214 133 699 45 540 70 1115 33 95 61 18 9 54 68 24 283 50 10 109 12 19 72 66 72 11 232
internal_value=-0.000198141 -0.0229575 -0.00287018 0.0535397 -0.0112609 0.0172429 0.0643264 -0.0426869 -0.0175309 0.0477747 -0.0456413 -0.0374079 -0.00508723 0.0420288 -0.03925 -0.0396564 0.030678 -0.0087069 -0.0117981 -0.0136812 -0.006304 -0.0584493 -0.0131088 0.034478 0.0350055 0.015341 0.00468475 0.0347489 0.0345521 0.0572689
internal_weight=1506.84 1058.53 524.505 448.314 441.919 102.707 345.606 534.021 388.718 175.063 508.15 309.315 70.6173 82.5857 112.302 302.108 67.511 276.416 260.664 255.26 196.883 198.835 168.889 4.81727 7.92181 25.8711 31.608 27.9947 53.201 143.455
internal_count=7271 5406 2460 1865 2107 447 1418 2946 1882 719 2829 1692 314 353 577 1659 292 1305 1237 1213 930 1137 808 22 37 117 136 122 225 583
is_linear=0
shrinkage=0.05


Tree=11
num_leaves=31
num_cat=0
split_feature=302 288 251 181 302 50 108 251 228 50 279 214 158 276 110 176 259 149 149 50 288 265 149 149 189 288 176 230 180 189
split_gain=677.361 226.591 72.1277 42.8603 39.2791 33.1746 32.4872 32.2481 29.827 26.3787 26.2709 23.503 22.9206 22.6444 20.1985 18.9012 18.2731 17.5283 17.4835 16.3595 14.7509 15.7159 17.7981 14.7243 16.0289 14.1683 13.8431 12.8954 12.2911 12.0042
threshold=1.0000000180025095e-35 0.0021499999566003685 0.0018500000005587938 1.0000000180025095e-35 0.0039500000420957812 0.0015499999863095584 0.0013499999768100681 1.0000000180025095e-35 0.0096500003710389155 0.0050500000361353168 0.0020500000100582842 1.0000000180025095e-35 1.0000000180025095e-35 0.068849999457597746 0.0012500000302679839 0.0028499999316409235 0.067000001668930068 0.0058500000741332778 1.0000000180025095e-35 1.0000000180025095e-35 1.0000000180025095e-35 0.0029499999945983295 0.0012500000302679839 0.0016499999910593035 1.0000000180025095e-35 0.036450000479817397 0.0050500000361353168 0.0013499999768100681 0.1592499986290932 0.01794999931007624
decision_type=2 2 2 2 2 2 2 2 2 2 2 2 2 2 2 2 2 2 2 2 2 2 2 2 2 2 2 2 2 2
left_child=1 7 3 5 9 10 17 11 -8 14 15 19 -9 27 -2 23 18 -4 -11 20 21 -1 -23 24 -3 -19 -20 -7 -21 -25
right_child=4 2 6 -5 -6 13 8 12 -10 16 -12 -13 -14 -15 -16 -17 -18 25 26 28 -22 22 -24 29 -26 -27 -28 -29 -30 -31
leaf_value=-0.049873009156600416 0.060587250405806065 -0.017136349825062996 0.058683036801401904 0.069569133276675396 0.081109902298227052 -0.050148175696567127 -0.0149540257277966 0.020362979220601898 0.060090246320019816 0.070597758755167203 0.047969955806924619 0.027210972728694618 -0.039014950158501593 0.07812747415006141 0.0049861716455575807 0.029756647917578861 0.086806655039358596 -0.047077824394536893 -0.064586688259033825 -0.057470691642067931 -0.020365777597630332 0.050987937631643658 -0.048765381365630578 -0.033329696240591997 0.018939927653425972 0.066584386853073052 0.019639854581422523 -0.014019811189211846 0.060739778736635358 0.047401496862543441
leaf_weight=183.83772780001163 152.90885835886002 69.133709564805031 84.171107769012451 17.236585780978203 143.36464872956276 72.931672215461731 49.00648632645607 34.785580530762672 18.142676502466202 5.0512077659368577 24.578495025634766 11.131379351019858 30.504486560821533 4.3708149492740622 18.287495344877243 31.461988016963005 5.5926765650510779 7.6142989099025709 13.044597357511522 222.72913283109665 81.987353101372719 8.6112813949584979 9.3015679121017438 76.13888144493103 55.51217894256115 4.2844738662242889 7.792623206973075 37.346881449222565 2.2208911627531043 4.9009730964899054
leaf_count=1059 632 331 345 70 598 376 216 158 75 21 102 55 158 18 76 138 23 36 57 1306 434 43 53 381 248 18 32 178 11 23
internal_value=-0.000202287 -0.0187728 0.00405827 -0.00752978 0.0610805 -0.0110606 0.0320035 -0.0405005 0.00532179 0.0469126 -0.0012358 -0.0446605 -0.00737927 -0.0334891 0.0546478 -0.00633559 0.00484812 0.050653 -0.0128574 -0.0462333 -0.0382494 -0.0455169 -0.00081076 -0.0118563 -0.00106945 -0.00615068 -0.033088 -0.037913 -0.0563036 -0.0284474
internal_weight=1487.98 1141.94 556.831 393.612 346.042 376.376 163.219 585.109 67.1492 202.677 261.726 519.819 65.2901 114.649 171.196 237.148 31.4811 96.0699 25.8884 508.688 283.738 201.751 17.9128 205.686 124.646 11.8988 20.8372 110.279 224.95 81.0399
internal_count=7271 5832 2555 1865 1439 1795 690 3277 291 841 1223 2961 316 572 708 1121 133 399 110 2906 1589 1155 96 983 579 54 89 554 1317 404
is_linear=0
shrinkage=0.05


Tree=12
num_leaves=31
num_cat=0
split_feature=279 240 166 302 251 126 185 91 262 158 265 149 262 219 50 212 240 276 226 254 301 304 149 214 154 265 214 202 53 89
split_gain=619.265 149.687 75.0792 67.2292 53.1606 47.9748 32.9303 30.6416 23.9277 20.8818 20.8688 25.2824 18.7169 19.3886 17.9801 17.8878 17.7236 17.296 15.5242 14.1194 13.8508 14.2206 12.5503 12.346 12.3196 12.2356 12.1752 13.4704 11.955 10.8414
threshold=1.0000000180025095e-35 0.0010500000207684936 1.0000000180025095e-35 0.0018500000005587938 0.0028499999316409235 0.0041499999351799497 1.0000000180025095e-35 1.0000000180025095e-35 0.0039500000420957812 0.0014499999815598132 0.048499999567866332 0.0015499999863095584 0.0015499999863095584 0.0010500000207684936 0.0012500000302679839 0.023249999620020393 0.11305000260472299 0.0075499999802559623 0.15235000103712085 0.0021499999566003685 0.3583000004291535 0.0028499999316409235 0.12069999799132348 0.0065500000491738328 0.0036499999696388845 0.091850001364946379 0.0011500000255182388 0.0094499997794628161 1.0000000180025095e-35 0.0057500000111758718
decision_type=2 2 2 2 2 2 2 2 2 2 2 2 2 2 2 2 2 2 2 2 2 2 2 2 2 2 2 2 2 2
left_child=1 6 4 5 7 10 17 8 14 -4 11 -2 13 -11 15 19 25 26 23 20 21 -3 -5 28 -18 -9 -1 -28 -7 -6
right_child=3 2 9 22 29 18 -8 16 -10 12 -12 -13 -14 -15 -16 -17 24 -19 -20 -21 -22 -23 -24 -25 -26 -27 27 -29 -30 -31
leaf_value=-0.049974977488026269 0.046528738348451108 -0.018481666111606367 0.066803680616948455 0.073077852224074744 0.036980436046144281 0.006260719794490022 0.11056149256807656 -0.046562585019054303 0.055346457529119424 -0.024452146401689582 0.075210286960674555 -0.011400750911587345 0.068682564714654046 0.046199945570734292 -0.043710741471625056 0.12173455498127653 0.093147473026263958 -0.014770656258507998 0.061879185900235091 0.015829123503695034 0.10598788642601978 0.056020723343995209 -0.017724509193665718 0.044022417366637034 -0.031791933121622283 0.057546764918345754 -0.049254292939143345 0.13015904459580077 -0.039867742872726514 -0.052805259916565463
leaf_weight=372.212337911129 102.78149020671844 216.2743293941021 34.813933596014977 191.11910106241703 55.768065482378006 26.065786004066467 3.4005213081836692 118.42163349688053 13.199120879173277 26.943114146590233 46.182959690690041 23.060545474290848 13.490048557519911 15.182032376527784 42.272904768586159 2.6048995107412329 4.1112545281648627 40.863648787140846 8.5150476247072202 44.457552269101143 2.340782403945922 6.600468471646308 3.8827080875635138 9.1450008898973447 3.7937066406011581 2.8910963833332053 2.2102886736392966 1.9864292889833448 30.4595927298069 3.5777881592512122
leaf_count=2224 420 1070 145 809 235 116 14 647 58 123 189 97 56 66 217 11 18 214 35 202 10 27 16 38 19 13 11 10 145 16
internal_value=-0.000206376 -0.021483 -0.00559175 0.0493388 -0.0129525 0.0319692 -0.0444032 -0.0187343 -0.0106047 0.0364354 0.0464631 0.0359132 0.0174255 0.00101108 -0.0133721 -0.00866182 -0.0393545 -0.0456661 -0.00164015 -0.00992137 -0.0150045 -0.0162753 0.0712699 -0.00987629 0.0331872 -0.0440815 -0.0490201 0.0356673 -0.0185963 0.0315675
internal_weight=1468.63 1027.42 606.743 441.212 516.314 246.21 420.673 456.968 327.75 90.4291 172.025 125.842 55.6152 42.1251 314.551 272.278 129.218 417.273 74.1854 269.673 225.216 222.875 195.002 65.6704 7.90496 121.313 376.409 4.19672 56.5254 59.3459
internal_count=7271 5406 2933 1865 2543 1040 2473 2292 1595 390 706 517 245 189 1537 1320 697 2459 334 1309 1107 1097 825 299 37 660 2245 21 261 251
is_linear=0
shrinkage=0.05


Tree=13
num_leaves=31
num_cat=0
split_feature=302 240 251 251 245 302 259 297 108 123 149 278 254 310 240 50 43 149 108 195 89 219 123 228 279 180 189 254 50 160
split_gain=571.418 186.71 74.2606 42.4297 36.9275 36.0687 30.802 28.0555 24.9162 24.3877 23.9319 20.8589 20.8031 20.397 19.902 19.7702 18.7779 18.2405 17.1465 27.4662 14.8841 14.7587 14.7118 13.9343 13.3694 12.6914 12.2257 12.0828 12.0679 11.8143
threshold=1.0000000180025095e-35 0.0058500000741332778 0.0017499999958090486 0.002549999975599349 0.0043500000610947618 0.0039500000420957812 0.009000000078231098 0.0011500000255182388 0.0017499999958090486 0.0084500000812113302 0.0071499999612569818 0.0044499998912215242 0.011049999855458738 0.0050000001210719356 0.0061500000301748523 1.0000000180025095e-35 1.0000000180025095e-35 0.0056499999482184657 0.0010500000207684936 0.0018500000005587938 0.0057500000111758718 0.0093499999493360537 0.0065500000491738328 0.0037500000325962905 0.0013499999768100681 0.016750000417232517 0.0014499999815598132 0.0028499999316409235 0.0054500000551342973 0.0061500000301748523
decision_type=2 2 2 2 2 2 2 2 2 2 2 2 2 2 2 2 2 2 2 2 2 2 2 2 2 2 2 2 2 2
left_child=1 2 4 6 7 10 9 15 22 12 14 23 16 18 28 -1 26 -5 24 -20 -14 -18 -4 -12 -6 -10 27 -3 -2 -13
right_child=5 3 8 17 13 -7 -8 -9 25 -11 11 29 20 -15 -16 -17 21 -19 19 -21 -22 -23 -24 -25 -26 -27 -28 -29 -30 -31
leaf_value=-0.035955297686196812 0.030890544141323858 -0.013676041205219244 0.035965461935455592 0.056625392776086608 -0.0080901854032203162 0.076309847497722877 0.064645807634910332 0.082557194958665855 -0.032743428412032587 -0.031667863923694077 -0.033295410860186662 0.062023258619227042 0.061837609567642039 0.10239503071466233 0.063733242532901621 -0.055770747156269021 -0.035483853547726957 -0.0076030413385451126 -0.045329836366685965 0.11393520037297156 -0.040119801576789224 0.068041717884347527 -0.052163433512327523 0.080443704587758388 0.09675203757561987 0.038823136675905728 0.027029801594395903 0.091361602953512352 -0.062135625938661801 -0.011918743861323166
leaf_weight=293.63491769134998 30.311763525009155 44.391137763857841 56.621097654104233 66.178547471761703 86.952187210321426 138.34203845262527 19.277458369731903 4.3852218538522711 36.582402974367142 50.96459698677063 21.67684164643288 21.516776934266094 24.221247330307964 3.5711123645305625 112.25155466794968 220.32589825987816 41.358813107013702 13.270750209689139 61.12396727502346 2.8325072079896918 4.2002661228179923 3.7552316188812247 5.1677268892526618 3.0747632086276999 3.1509374529123297 7.4577342122793189 58.166359350085258 2.9178647249937049 3.9393363296985617 7.2131157815456381
leaf_count=1681 126 213 247 271 459 598 81 19 170 250 95 89 102 15 471 1348 202 59 328 13 20 17 26 13 13 32 253 13 17 30
internal_value=-0.000208038 -0.0175399 -0.0308336 0.0140786 -0.0369308 0.0566813 0.00393652 -0.0433753 0.00811249 -0.00115237 0.0431029 0.0144756 0.00753543 -0.015739 0.0535535 -0.0444498 0.000130509 0.045897 -0.0184774 -0.0382763 0.0467699 -0.0268665 0.0285948 -0.0191662 -0.00442382 -0.0206244 0.0116777 -0.00719766 0.0201913 0.0434589
internal_weight=1448.83 1110.51 781.806 328.702 675.977 338.326 249.253 518.346 105.829 229.976 199.984 53.4815 179.011 157.631 146.503 513.961 150.589 79.4493 154.06 63.9565 28.4215 45.114 61.7888 24.7516 90.1031 44.0401 105.475 47.309 34.2511 28.7299
internal_count=7271 5832 4351 1481 3876 1439 1151 3048 475 1070 841 227 820 828 614 3029 698 330 813 341 122 219 273 108 472 202 479 226 143 119
is_linear=0
shrinkage=0.05


Tree=14
num_leaves=31
num_cat=0
split_feature=302 288 149 265 302 251 53 251 288 214 126 240 108 232 313 254 259 50 89 253 180 265 195 215 126 228 50 202 89 258
split_gain=523.378 186.292 56.638 56.4634 34.7025 33.1223 30.4874 29.5222 26.7113 22.9155 22.3288 23.3848 21.9093 20.3235 18.287 17.4237 17.195 20.4658 16.063 15.4944 14.8295 13.9957 13.4277 19.9177 13.3386 13.1285 12.8435 12.5855 11.997 11.3977
threshold=1.0000000180025095e-35 0.0021499999566003685 0.0049499999731779107 0.047450000420212753 0.0039500000420957812 0.0018500000005587938 1.0000000180025095e-35 1.0000000180025095e-35 0.081450000405311598 0.0010500000207684936 0.0075499999802559623 0.010049999691545965 0.0020500000100582842 0.066550001502037062 0.0015499999863095584 0.0053499999921768912 0.0030000001424923543 0.0010500000207684936 0.0044499998912215242 0.0014499999815598132 0.18625000119209292 0.0067499999422580012 0.0013499999768100681 0.0061500000301748523 0.0015499999863095584 0.0039500000420957812 0.0054500000551342973 0.0029499999945983295 0.0056499999482184657 0.0030000001424923543
decision_type=2 2 2 2 2 2 2 2 2 2 2 2 2 2 2 2 2 2 2 2 2 2 2 2 2 2 2 2 2 2
left_child=1 6 3 5 10 15 7 9 13 14 11 26 28 22 29 16 17 21 24 -12 -8 -3 -4 -24 -17 -14 -2 -27 -7 -1
right_child=4 2 8 -5 -6 12 20 -9 -10 -11 19 -13 25 -15 -16 18 -18 -19 -20 -21 -22 -23 23 -25 -26 27 -28 -29 -30 -31
leaf_value=-0.039742439313838571 0.034138276670325401 -0.018426930665752843 -0.038179050494563958 0.062592791228718553 0.074122327126100632 0.04885647091317083 -0.055107202985965546 0.0056010545918886148 0.062620817002930637 0.064085286457319354 -0.021470914045960496 0.064531750019096432 -0.035102911177881752 0.068803669445353308 0.077735388991848176 0.061424384460450433 0.051322384345849417 -0.040960965267366138 -0.0457360413111398 0.04505742989760627 0.072865850648519762 0.01377367845292967 -0.024971416273663404 0.086599146728327081 -0.014227628810808832 -0.0047769790818266693 -0.033692981256272708 0.08462387068376423 -0.02580231945888764 0.021206211858286663
leaf_weight=286.59957939386368 55.997455626726151 73.861494600772858 114.93940597772598 51.183939725160599 135.37858325242996 72.250198483467102 189.5218340754509 52.929405137896538 8.6586302667856199 5.7405120134353629 21.369052276015282 98.228088334202766 17.409115076065063 5.2327403724193564 3.4464321285486212 22.794532045722011 10.712665572762488 50.608855202794075 6.273173213005065 14.822623759508131 2.2911267578601828 62.129480987787247 14.219018176198007 5.5660801976919165 7.827229991555213 11.302916526794435 7.9720201939344397 6.0404880344867697 5.8138326853513709 7.881538286805152
leaf_count=1715 234 363 598 214 598 297 1209 254 36 27 92 418 77 22 19 96 46 266 30 62 11 281 72 24 36 48 35 25 24 42
internal_value=-0.000208774 -0.0169131 0.00373794 0.0135685 0.0546054 0.0063377 -0.0375045 -0.0288582 -0.0226025 -0.0348645 0.0412872 0.0492109 0.0285946 -0.0278749 -0.0367711 -0.00438334 -0.0102805 -0.0138171 0.0271546 0.00577636 -0.0535786 -0.00371561 -0.0316299 0.00641638 0.042087 -0.00442946 0.025685 0.0263602 0.0432962 -0.0381112
internal_weight=1429 1095.23 546.824 398.208 333.768 347.024 548.41 356.597 148.616 303.668 198.389 162.198 112.817 139.957 297.928 234.207 197.312 186.6 36.8949 36.1917 191.813 135.991 134.725 19.7851 30.6218 34.7525 63.9695 17.3434 78.064 294.481
internal_count=7271 5832 2555 1803 1439 1589 3277 2057 752 1803 841 687 471 716 1776 1118 956 910 162 154 1220 644 694 96 132 150 269 73 321 1757
is_linear=0
shrinkage=0.05


Tree=15
num_leaves=31
num_cat=0
split_feature=279 240 166 126 251 253 279 91 280 262 158 297 50 262 240 163 163 158 189 254 265 149 181 53 280 149 163 158 265 123
split_gain=482.856 127.216 59.29 50.2942 40.6645 32.2702 31.6364 26.8277 22.1407 19.9041 17.3086 17.2679 15.8166 15.6864 15.1627 14.6895 14.5377 12.8284 12.8123 12.4816 15.5778 12.8378 11.552 12.9351 11.2613 11.2425 11.0052 11.0028 10.7981 10.5316
threshold=1.0000000180025095e-35 0.0010500000207684936 1.0000000180025095e-35 0.0051500000990927228 0.0028499999316409235 0.0015499999863095584 0.0021499999566003685 1.0000000180025095e-35 0.0011500000255182388 0.0039500000420957812 0.0014499999815598132 0.0011500000255182388 0.0012500000302679839 0.0015499999863095584 0.11305000260472299 0.010950000025331976 0.0062500000931322583 0.0113500002771616 0.0084500000812113302 0.0010500000207684936 0.002549999975599349 0.0011500000255182388 1.0000000180025095e-35 1.0000000180025095e-35 0.014549999963492157 0.19725000113248828 0.0014499999815598132 0.0041499999351799497 0.091850001364946379 0.0027499999850988392
decision_type=2 2 2 2 2 2 2 2 2 2 2 2 2 2 2 2 2 2 2 2 2 2 2 2 2 2 2 2 2 2
left_child=1 8 4 6 7 15 17 9 11 12 -4 22 19 16 28 24 -12 -2 -19 20 26 -22 23 -1 29 -7 -3 -10 -9 -5
right_child=3 2 10 5 -6 25 -8 14 27 -11 13 -13 -14 -15 -16 -17 -18 18 -20 -21 21 -23 -24 -25 -26 -27 -28 -29 -30 -31
leaf_value=-0.037891999469713576 0.042669634456271345 -0.034298681133803029 0.06052587032570203 0.005423067222227497 0.027192567207473428 0.067129157205422577 0.064654452288025327 -0.043805868532929129 0.085785527519589178 0.050972579921325215 -0.014271919140294978 0.11964094384646838 -0.040998019462787159 0.062581463209677321 0.030476463320388864 0.093056851634158014 0.060485282714018956 -0.024214712697988638 0.039587874999123834 0.009287351900117544 0.010934643126684419 -0.024677341000729165 0.055399624087943293 -0.056939612581889634 0.035709599445481931 -0.026960653069052872 0.088875305675450239 -0.0085018535242799252 0.053573563293282091 -0.039145127945101672
leaf_weight=221.04661023616791 76.998814299702644 76.489497661590576 34.352042987942696 22.757433354854584 59.725648656487465 26.742807269096378 218.44801276922226 111.36896428465843 4.12845350801945 13.197128266096113 33.603496417403221 1.6033150553703297 40.144079983234406 13.289847359061239 7.8602283149957648 3.552495911717414 8.0638020485639554 17.25162157416344 14.466754123568533 79.340121060609818 68.910462200641632 39.994530573487282 2.8544936478137961 149.35444556176662 10.635830760002134 3.602470636367797 1.8574628978967656 12.349809676408766 2.9214369356632224 31.745550319552422
leaf_count=1370 324 411 145 102 251 118 958 647 17 58 154 7 217 56 37 15 35 74 62 372 327 201 14 1005 46 15 9 60 13 151
internal_value=-0.000209545 -0.0194904 -0.00485105 0.0442357 -0.0115314 0.0130176 0.0536858 -0.0167631 -0.0416034 -0.00915231 0.0326847 -0.0440969 -0.0117392 0.015282 -0.0366969 -0.00595247 0.000195716 0.0316461 0.00488565 -0.00733328 -0.0143756 -0.00214359 -0.0448003 -0.0455724 -0.0113522 0.0559592 -0.0313785 0.0151208 -0.0413167 -0.0205359
internal_weight=1408.66 982.456 591.119 426.202 501.81 99.0366 327.165 442.084 391.337 319.933 89.3092 374.859 306.736 54.9571 122.151 68.6913 41.6673 108.717 31.7184 266.592 187.252 108.905 373.256 370.401 65.1388 30.3453 78.347 16.4783 114.29 54.503
internal_count=7271 5406 2933 1865 2543 447 1418 2292 2473 1595 390 2396 1537 245 697 314 189 460 136 1320 948 528 2389 2375 299 133 420 77 660 253
is_linear=0
shrinkage=0.05


Tree=16
num_leaves=31
num_cat=0
split_feature=302 288 149 265 53 251 280 189 302 149 214 149 158 104 203 313 251 298 310 219 149 251 33 91 219 206 228 108 265 314
split_gain=447.523 170.852 50.9274 47.7015 28.8587 27.5149 27.4233 26.1704 25.5731 25.2471 20.5109 19.0572 17.5872 16.838 21.0972 16.4227 15.3188 14.7467 13.9424 13.5551 14.263 13.3344 13.2635 12.8971 11.957 11.5321 11.4398 11.205 11.5885 11.0891
threshold=0.0010500000207684936 0.0021499999566003685 0.0049499999731779107 0.047450000420212753 1.0000000180025095e-35 1.0000000180025095e-35 0.0015499999863095584 1.0000000180025095e-35 0.0039500000420957812 1.0000000180025095e-35 0.0010500000207684936 0.014349999837577345 1.0000000180025095e-35 0.0010500000207684936 0.0023500000825151805 0.0015499999863095584 0.0018500000005587938 1.0000000180025095e-35 0.0030000001424923543 1.0000000180025095e-35 1.0000000180025095e-35 0.0023500000825151805 0.0020500000100582842 0.041650000959634788 0.0046500000171363362 0.0011500000255182388 0.0071499999612569818 0.0020500000100582842 0.017150000669062141 0.0019500000635161998
decision_type=2 2 2 2 2 2 2 2 2 2 2 2 2 2 2 2 2 2 2 2 2 2 2 2 2 2 2 2 2 2
left_child=1 4 3 7 5 10 -4 13 11 21 15 19 -7 14 16 -1 17 -3 -6 20 -2 -9 26 -20 25 -11 27 28 -8 -30
right_child=8 2 6 -5 18 12 22 9 -10 24 -12 -13 -14 -15 -16 -17 -18 -19 23 -21 -22 -23 -24 -25 -26 -27 -28 -29 29 -31
leaf_value=-0.036298065843111807 0.04463796656683048 -0.020550718368076499 -0.03891198862025938 0.057174214465030716 -0.054317864961029742 0.029596279682568366 -0.066864370254736766 0.020799465305519058 0.070670081336335983 -0.019299659029562946 0.059664165898645906 0.0072669624616762381 -0.02905684161257225 -0.040088546958529814 0.10761607068389711 0.071966045279825794 0.023042434823083227 0.11537431703504458 0.096663019087823515 0.062400590914110411 -0.014749078761581208 0.055339377866535283 -0.053294400893051569 -0.050357567617566969 0.048299272057060735 0.061667732097262895 0.082649442889993152 -0.040204547191693883 0.10486813500388026 0.016623352577618978
leaf_weight=284.46711717545986 41.938862845301628 74.493005782365799 87.332872420549393 53.706030368804932 174.47699385881424 31.779037639498711 3.6697117835283271 94.303514033555984 129.42283077538013 58.752873510122299 5.8424683809280387 33.317778587341309 21.378681138157845 34.202732235193253 4.3692146986722937 3.5464643388986579 34.947546362876892 2.0503566265106192 2.9937988370656958 81.490282937884331 13.32192689180374 39.709016814827919 8.7088504433631879 2.973017543554306 9.0139153897762281 4.753530651330947 5.3393959105014792 10.524746865034102 4.0028256028890601 32.185700058937073
leaf_count=1764 178 377 480 227 1192 144 20 415 598 279 27 143 112 171 19 19 146 10 14 358 57 164 44 17 38 21 22 49 18 148
internal_value=-0.000209957 -0.0150898 0.0040908 0.0132443 -0.0355289 -0.0270953 -0.020656 0.00662807 0.0539216 0.018174 -0.0330835 0.0411759 0.00600749 -0.00926272 -0.000162714 -0.034965 -0.00438645 -0.0169097 -0.0517476 0.0494374 0.0303213 0.0310339 0.0040889 0.0234087 -0.00559023 -0.0132392 0.0130573 0.00568222 0.0177988 0.0263841
internal_weight=1389.02 1089.52 562.066 410.302 527.458 347.014 151.764 356.596 299.492 206.533 293.856 170.069 53.1577 150.063 115.86 288.014 111.491 76.5434 180.444 136.751 55.2608 134.013 64.4312 5.96682 72.5203 63.5064 55.7224 50.383 39.8582 36.1885
internal_count=7271 5937 2648 1867 3289 2066 781 1640 1334 917 1810 736 256 723 552 1783 533 387 1223 593 235 579 301 31 338 300 257 235 186 166
is_linear=0
shrinkage=0.05


Tree=17
num_leaves=31
num_cat=0
split_feature=240 245 302 302 251 228 53 149 244 50 254 288 126 313 262 251 176 107 149 210 288 149 189 253 112 158 265 108 189 108
split_gain=411.624 93.6361 86.6433 43.769 32.6208 30.1846 28.5152 27.1679 26.6079 26.3837 24.2323 21.2743 18.2273 17.6892 16.7411 16.4328 16.3533 16.3406 13.0612 12.844 12.3666 11.9173 16.2027 11.8846 11.8289 11.3385 13.5921 11.0085 10.7788 10.4628
threshold=0.0083499997854232805 0.0018500000005587938 0.0010500000207684936 0.0014499999815598132 0.0031500000040978198 0.0046500000171363362 1.0000000180025095e-35 1.0000000180025095e-35 0.0010500000207684936 0.0010500000207684936 0.0014499999815598132 0.0011500000255182388 0.012050000019371511 0.0015499999863095584 0.014650000259280207 1.0000000180025095e-35 0.0021499999566003685 1.0000000180025095e-35 1.0000000180025095e-35 0.027950000017881397 0.026850000023841861 0.0015499999863095584 1.0000000180025095e-35 0.0014499999815598132 1.0000000180025095e-35 1.0000000180025095e-35 0.0022500000195577745 0.0053499999921768912 0.002549999975599349 0.0031500000040978198
decision_type=2 2 2 2 2 2 2 2 2 2 2 2 2 2 2 2 2 2 2 2 2 2 2 2 2 2 2 2 2 2
left_child=1 6 5 4 8 7 11 10 9 16 25 13 -4 15 -11 -1 21 27 24 20 -9 22 -3 -14 28 26 -2 -6 -13 -5
right_child=2 3 12 29 17 -7 -8 19 -10 14 -12 18 23 -15 -16 -17 -18 -19 -20 -21 -22 -23 -24 -25 -26 -27 -28 -29 -30 -31
leaf_value=-0.04678020855590579 -0.038766412384521665 -0.012999208443299763 0.063233701225163724 0.055756204233120846 0.046298585834992072 0.058831184446483401 -0.054239612265103834 -0.023440214807512478 0.07893468600010034 -0.042071087287076994 0.047230246131792504 -0.00084396610951951382 -0.017180957702815601 0.090469223184034483 0.034479284773749813 0.01020171263259625 0.024586181963124776 -0.046664874972254439 -0.038966961688275639 0.075188055299188317 0.01218439343958759 -0.032450905179527534 0.034939386725319425 0.04823774098303147 -0.068999978998320083 -0.026078407597441223 0.033534033970062771 -0.012052426359614364 0.075778061188378459 -0.051951435253025237
leaf_weight=143.0403560847044 8.1327728033065778 97.753387868404388 203.60761806368828 33.260450184345245 41.219533666968346 36.610842525959015 161.10799065232277 71.063072577118874 7.294659122824668 106.61654371023178 65.116766527295113 73.662105992436409 12.05600816011429 2.5714925974607459 7.6549572497606269 13.8803284317255 34.153481602668762 6.9843918383121482 31.46553461253643 4.4779104739427558 37.067755371332169 55.21984501183033 21.503438770771027 16.368543118238449 5.9834019392728797 21.239611655473709 32.388256639242172 10.054668754339216 4.8948945105075827 2.4186872243881217
leaf_count=947 43 529 941 145 174 157 1117 354 30 638 276 370 52 13 37 68 161 33 181 19 163 306 98 72 33 97 142 44 21 10
internal_value=-0.000209605 -0.021276 0.0354756 -0.00454395 -0.00941182 0.0165481 -0.0375301 0.0100842 -0.0154979 -0.0176313 0.0259496 -0.0277585 0.0579976 -0.0396083 -0.036943 -0.0417399 -0.00705377 0.0250829 -0.0114668 -0.00779158 -0.0112279 -0.0132472 -0.0043553 0.020491 -0.00123133 0.00351252 0.019023 0.0348562 0.00393036 0.0484547
internal_weight=1368.87 860.74 508.129 424.134 388.455 276.097 436.606 239.486 330.196 322.902 126.877 275.498 232.032 159.492 114.272 156.921 208.63 58.2586 116.006 112.609 108.131 174.477 119.257 28.4246 84.5404 61.7606 40.521 51.2742 78.557 35.6791
internal_count=7271 4955 2316 2205 2050 1251 2750 1094 1799 1769 558 1633 1065 1028 675 1015 1094 251 605 536 517 933 627 124 424 282 185 218 391 155
is_linear=0
shrinkage=0.05


Tree=18
num_leaves=31
num_cat=0
split_feature=302 288 149 265 53 302 251 280 251 206 108 154 254 265 149 226 313 110 181 310 228 158 279 167 108 202 91 234 119 232
split_gain=378.374 148.171 43.3329 42.2806 27.603 25.2209 24.6004 24.3312 23.4101 18.341 17.7791 17.1586 16.229 15.5633 16.6404 18.9501 15.4539 15.1141 14.6949 13.2942 12.403 11.9152 11.7547 11.9973 11.3542 12.0939 11.3241 10.892 10.5794 14.3556
threshold=0.0010500000207684936 0.0021499999566003685 0.0061500000301748523 0.047450000420212753 1.0000000180025095e-35 0.0039500000420957812 0.0021499999566003685 0.0015499999863095584 0.0018500000005587938 0.0017499999958090486 0.0021499999566003685 0.1941500008106232 0.0090499999932944792 0.0028499999316409235 0.0012500000302679839 0.002549999975599349 0.002650000038556755 1.0000000180025095e-35 0.0012500000302679839 0.0030000001424923543 0.0036499999696388845 1.0000000180025095e-35 1.0000000180025095e-35 0.0029499999945983295 0.0012500000302679839 0.013150000013411047 0.041650000959634788 0.0011500000255182388 0.002650000038556755 0.0020500000100582842
decision_type=2 2 2 2 2 2 2 2 2 2 2 2 2 2 2 2 2 2 2 2 2 2 2 2 2 2 2 2 2 2
left_child=1 4 3 8 6 11 13 -4 9 12 -10 17 16 22 15 -15 18 -2 24 -6 -9 -8 23 -1 28 -26 -21 -16 29 -3
right_child=5 2 7 -5 19 -7 21 20 10 -11 -12 -13 -14 14 27 -17 -18 -19 -20 26 -22 -23 -24 -25 25 -27 -28 -29 -30 -31
leaf_value=-0.038087172573233581 0.046194625010535451 -0.0084412105395617974 -0.039842100392642243 0.052205347087111491 -0.052783982484577469 0.0676447334856599 0.050570980534030543 -0.0062316418108143683 0.036492047287453665 0.06051932581170151 -0.0054675005791135732 -0.054544467734006868 0.032142551730062106 0.076188777743331465 -0.044464847347438476 -0.0066783532448473296 0.095293818296158433 -0.0010812827973437995 0.07120828794954287 0.091347110409032262 0.059628619666289212 -0.023932415151452571 0.087267359920788379 0.017838764831290124 -0.042502308140170558 0.056299302190447723 -0.047995059815150939 0.04321750919935477 -0.039419367902948768 0.043563856241917581
leaf_weight=234.56936436891556 142.20033839344978 115.35613529384136 75.034611955285072 55.850866138935089 163.16414467990398 122.97750094532967 15.088903069496157 51.555016845464706 82.695156171917915 10.751590564846991 36.339673534035683 4.88474516570568 24.61867992579937 9.661772668361662 27.87198738753796 24.126985982060432 3.379298359155654 19.187244638800621 5.1129949390888205 3.0168089717626563 8.2993791997432691 8.3286303132772428 1.955768734216689 9.9982288777828199 45.124212384223938 3.3255314826965323 2.8219873160123825 4.0573848485946646 22.737961679697037 14.99493834376335
leaf_count=1528 632 563 432 239 1192 598 65 249 343 48 158 22 107 49 170 127 14 82 21 14 35 41 8 56 241 16 17 22 115 67
internal_value=-0.000209547 -0.0140429 0.00378156 0.0116952 -0.0336515 0.0504771 -0.025354 -0.0208759 0.00548696 -0.00333895 0.0236824 0.0377796 -0.00626492 -0.029061 -0.00744062 0.0170172 -0.0107668 0.040574 -0.0125012 -0.0501312 0.00290051 0.0240733 -0.0348245 -0.0358009 -0.0146249 -0.0357207 0.0240007 -0.0333227 -0.00794847 -0.00245881
internal_weight=1349.09 1059.84 555.176 420.287 504.662 289.25 335.659 134.889 364.436 245.401 119.035 166.272 234.65 312.241 65.7181 33.7888 210.031 161.388 206.652 169.003 59.8544 23.4175 246.523 244.568 201.539 48.4497 5.8388 31.9294 153.089 130.351
internal_count=7271 5937 2648 1932 3289 1334 2066 716 1693 1192 501 736 1144 1960 368 176 1037 714 1023 1223 284 106 1592 1584 1002 257 31 192 745 630
is_linear=0
shrinkage=0.05


Tree=19
num_leaves=31
num_cat=0
split_feature=240 245 302 302 251 251 50 244 50 179 149 126 158 288 254 158 262 107 101 313 280 149 189 257 149 104 108 251 210 308
split_gain=350.298 83.8628 76.4951 36.2988 27.9703 26.2529 25.2825 22.822 24.2429 20.8073 19.3355 17.077 15.9366 15.6798 15.2848 15.0587 15.043 14.3078 13.8541 13.5491 13.1061 15.0341 12.7742 12.5978 13.9811 13.6289 12.5123 11.3685 11.3191 10.7445
threshold=0.0083499997854232805 0.0018500000005587938 0.0010500000207684936 0.0014499999815598132 0.0031500000040978198 0.0022500000195577745 1.0000000180025095e-35 0.0010500000207684936 0.0010500000207684936 0.0027499999850988392 1.0000000180025095e-35 0.012050000019371511 0.43829999864101415 0.0011500000255182388 0.0113500002771616 0.0010500000207684936 0.014650000259280207 1.0000000180025095e-35 0.0035500000230968003 0.0015499999863095584 0.0014499999815598132 0.014349999837577345 0.0014499999815598132 0.0058500000741332778 0.0014499999815598132 1.0000000180025095e-35 1.0000000180025095e-35 1.0000000180025095e-35 0.019350000657141212 0.003249999950639904
decision_type=2 2 2 2 2 2 2 2 2 2 2 2 2 2 2 2 2 2 2 2 2 2 2 2 2 2 2 2 2 2
left_child=1 6 5 4 7 9 13 8 20 10 14 -4 -7 19 18 -15 -10 -6 22 27 23 -22 -2 25 26 -3 -25 -1 29 -12
right_child=2 3 11 -5 17 12 -8 -9 16 -11 28 -13 -14 15 -16 -17 -18 -19 -20 -21 21 -23 -24 24 -26 -27 -28 -29 -30 -31
leaf_value=-0.043942123861484703 -0.011793261650172858 -0.0088187827696798015 0.060056871059582462 0.044648825567536576 0.032362889313619948 0.049174638398635534 -0.051247117314315999 0.073488505696282735 -0.040361965680617007 0.065524750546550145 -0.024697951500037861 0.018243645420584192 -0.022462866283798903 0.0068866932939953621 0.061038100313249445 -0.030303536667445841 0.032163407792125863 -0.044685990628151546 -0.051356262765093509 0.060078358599420449 0.065796828698690191 -0.00694493702360462 0.030694452497212921 0.063497189581697214 -0.037195737598590503 -0.044838221488490447 -0.034526690722820649 0.0024584221474681194 0.055900592248305347 0.062800747158075584
leaf_weight=127.49460934102535 28.294574648141861 115.63609036803246 194.72242496907711 34.941367045044899 51.333266571164131 65.546899959445 162.68760298192501 7.2292523980140677 102.3854137212038 13.617996022105215 76.251632079482079 27.920097142457962 8.8064754009246808 54.587073177099228 16.071681097149849 54.288966581225395 7.6866042762994757 6.826584815979003 8.8487107604742032 3.5263364911079398 12.676555857062342 16.155792146921158 47.205483689904213 15.284123405814176 7.6474031656980506 33.978799194097519 4.1365530490875235 14.725361943244932 5.1363550126552573 3.6777379512786856
leaf_count=898 140 631 941 155 218 278 1180 30 638 59 385 124 40 278 67 301 37 33 40 19 54 78 203 73 43 193 22 74 22 17
internal_value=-0.00020952 -0.0200146 0.0330542 -0.00412549 -0.00859885 0.0153383 -0.0358506 -0.0143493 -0.0163614 0.00587108 0.00149143 0.0548134 0.0406898 -0.0260132 0.0163494 -0.0116575 -0.0352973 0.0233192 0.00783443 -0.0367373 -0.00621956 0.025037 0.0147717 -0.0113202 0.0200689 -0.0169991 0.0426184 -0.0391378 -0.0160484 -0.0206719
internal_weight=1329.33 833.228 496.1 415.918 380.976 273.458 417.31 322.817 315.587 199.104 185.486 222.643 74.3534 254.622 100.42 108.876 110.072 58.1599 84.3488 145.746 205.515 28.8323 75.5001 176.683 27.0681 149.615 19.4207 142.22 85.0657 79.9294
internal_count=7271 4955 2316 2205 2050 1251 2750 1799 1769 933 874 1065 318 1570 450 579 675 251 383 991 1094 132 343 962 138 824 95 972 424 402
is_linear=0
shrinkage=0.05


Tree=20
num_leaves=31
num_cat=0
split_feature=240 245 302 168 112 53 228 195 149 254 302 251 288 251 149 313 179 108 203 149 6 108 251 149 112 276 215 101 219 124
split_gain=320.974 78.3838 72.0292 33.7889 29.4859 27.0794 24.7444 24.3603 21.4885 19.85 19.4967 20.9863 18.8369 17.7574 16.7345 15.9373 13.6389 12.1161 12.0257 15.351 12.8093 15.4358 11.673 11.4259 11.4539 11.2383 11.0032 10.8262 10.6157 10.3924
threshold=0.0083499997854232805 0.0018500000005587938 0.0010500000207684936 1.0000000180025095e-35 0.0010500000207684936 1.0000000180025095e-35 0.0046500000171363362 0.002549999975599349 1.0000000180025095e-35 0.0014499999815598132 0.0015499999863095584 0.0055499998852610597 1.0000000180025095e-35 1.0000000180025095e-35 0.084400001913309111 0.0015499999863095584 0.0075499999802559623 1.0000000180025095e-35 0.0022500000195577745 0.014349999837577345 1.0000000180025095e-35 0.0016499999910593035 0.0013499999768100681 1.0000000180025095e-35 1.0000000180025095e-35 0.012749999761581423 0.0029499999945983295 0.0024500000290572648 0.0010500000207684936 0.0017499999958090486
decision_type=2 2 2 2 2 2 2 2 2 2 2 2 2 2 2 2 2 2 2 2 2 2 2 2 2 2 2 2 2 2
left_child=1 5 6 4 10 12 8 16 9 -2 11 18 13 15 29 -1 -6 -5 20 -20 21 22 25 24 28 -3 -16 -27 -14 -4
right_child=2 3 14 17 7 -7 -8 -9 -10 -11 -12 -13 23 -15 26 -17 -18 -19 19 -21 -22 -23 -24 -25 -26 27 -28 -29 -30 -31
leaf_value=-0.045842051215079387 0.0025287912114283044 -0.010987240500116721 0.058399031853018785 0.057298723581438817 -0.040393817354585859 -0.052122352224350903 0.053513135221504887 0.07490192921027157 -0.0072651317399452563 0.04228490331076637 0.056516644362937955 0.04877200495828303 -0.00025279969731009839 0.023153696157324613 -0.047446318381905064 0.077258536731548325 0.028794613724497709 0.0049991219129008032 0.046340498031998301 -0.022480539486255488 -0.039245169962258797 -0.034702922932659606 0.029916154794376305 -0.036108733296336293 -0.067465018056784481 0.13161135295980411 0.048769405111386568 -0.014552953444292136 0.10117846370181881 -0.012609378070780365
leaf_weight=124.21406465768814 61.135727345943451 80.334905758500099 200.63830055296421 27.664158001542091 99.797852635383606 146.13945084065199 35.598591417074203 5.2445868402719489 110.69883719086647 64.546327635645866 14.596543267369269 18.08470955491066 81.585196003317833 10.940243035554884 6.6035816967487317 2.6861208826303473 7.6702916249632827 18.466103851795197 21.141511410474777 13.138194963335989 35.579256191849709 35.537084981799126 29.831438407301903 33.357453688979149 6.1993267536163321 2.7992105633020392 5.4023454338312149 2.3142878264188766 2.663783147931098 5.2885375916957846
leaf_count=898 282 450 989 128 605 1117 157 24 536 276 65 75 416 54 29 13 38 84 105 69 220 188 130 204 36 13 23 11 12 24
internal_value=-0.000208362 -0.0193396 0.0318123 -0.00396361 -0.00904537 -0.034882 0.0146507 -0.0303207 0.00879806 0.0229463 0.000419511 -0.00300997 -0.0252526 -0.0379671 0.05323 -0.0432364 -0.0354557 0.036363 -0.00725357 0.0199638 -0.0122591 -0.00589277 0.00298848 -0.0110967 -0.00187228 -0.00641242 -0.00415182 0.0654597 0.00295425 0.0565754
internal_weight=1309.9 819.986 489.912 412.2 366.07 407.786 271.979 112.713 236.381 125.682 253.357 238.761 261.646 137.84 217.933 126.9 107.468 46.1303 220.676 34.2797 186.396 150.817 115.28 123.806 90.4483 85.4484 12.0059 5.1135 84.249 205.927
internal_count=7271 4955 2316 2205 1993 2750 1251 667 1094 558 1326 1261 1633 965 1065 911 643 212 1186 174 1012 792 604 668 464 474 52 24 428 1013
is_linear=0
shrinkage=0.05


Tree=21
num_leaves=31
num_cat=0
split_feature=279 240 304 166 126 149 185 278 203 251 265 276 108 176 288 257 89 255 259 101 219 251 226 288 89 50 251 53 276 100
split_gain=297.45 91.329 40.7675 39.5533 29.0156 26.3925 21.0723 19.3122 18.9573 16.1546 17.4549 15.191 15.147 12.9783 18.647 12.7703 13.5028 12.4753 11.772 11.3601 14.7627 12.7819 11.4117 11.3535 11.2052 10.8855 10.8411 10.2181 13.0198 9.9719
threshold=1.0000000180025095e-35 0.0010500000207684936 0.0012500000302679839 1.0000000180025095e-35 0.0015499999863095584 0.0011500000255182388 1.0000000180025095e-35 0.012349999975413086 0.0063499999232590207 0.0028499999316409235 0.0027499999850988392 0.0075499999802559623 0.0047500000800937423 0.0049499999731779107 0.044150000438094146 0.0010500000207684936 0.0011500000255182388 0.0012500000302679839 0.0030000001424923543 0.068649999797344222 0.0055499998852610597 0.0071499999612569818 0.0047500000800937423 0.0041499999351799497 0.0057500000111758718 1.0000000180025095e-35 0.0062500000931322583 1.0000000180025095e-35 0.012149999849498274 0.0030500000575557355
decision_type=2 2 2 2 2 2 2 2 2 2 2 2 2 2 2 2 2 2 2 2 2 2 2 2 2 2 2 2 2 2
left_child=1 6 4 5 -2 8 11 -7 9 10 15 25 18 14 19 -3 -17 -9 23 20 21 22 -6 -5 -11 26 -1 -22 -29 -19
right_child=2 3 -4 12 13 7 -8 17 -10 24 -12 -13 -14 -15 -16 16 -18 29 -20 -21 27 -23 -24 -25 -26 -27 -28 28 -30 -31
leaf_value=-0.034549955986811202 0.041017966505720246 -0.032141779084735311 0.057759399352362843 -0.0013956979084558082 0.03672064166290908 -0.031461505446080971 0.089807862242862857 -0.024802668258345081 0.083713254717748778 0.030501452590996677 0.0056801307400457281 -0.0073991679898178274 -0.022228245474371203 0.037021270646230495 0.031377319268124752 0.034905963120542574 -0.023786294278841977 0.070441685374118906 0.072955018759236198 -0.049964237446103676 0.06476471306038753 0.089907930886718126 -0.047355918513003484 0.044330152229459012 -0.079713927737156395 -0.052536556845296456 0.088973182568916731 -0.05710350674105983 0.078468115734691049 -0.034940928820719558
leaf_weight=168.00828900933266 126.51432904601097 81.838354267179966 140.01254507899284 23.200116202235222 4.8410017937421861 150.19896404445171 3.265594169497489 10.176054224371912 6.5569335073232642 44.205739140510559 126.44834204018116 36.551649749279022 12.970782145857809 28.12933748960495 29.873002365231514 17.711056709289551 21.937130086123943 10.742125779390333 16.923324584960938 18.091222018003464 10.351241871714594 2.2662056982517234 24.267705887556076 32.72162538766861 2.4330048710107794 128.40543033182621 1.7952757328748692 5.1862300634384146 2.6892532855272293 2.8378426283597937
leaf_count=1198 566 488 714 110 23 892 14 48 30 183 617 214 58 126 134 90 124 47 78 92 47 10 114 144 11 1039 8 27 12 13
internal_value=-0.000207299 -0.0160596 0.0361243 -0.00368749 0.0241138 -0.00933056 -0.0365892 -0.024836 -0.000373498 -0.00224519 -0.00732357 -0.0378222 0.0275532 0.00709942 -0.00152738 -0.0208584 0.00243185 0.0170543 0.0364172 -0.0160483 -0.00367812 -0.0244688 -0.0333733 0.02536 0.0247518 -0.0415512 -0.033244 0.0321102 -0.0108097 0.0484196
internal_weight=1291.15 898.928 392.222 560.901 252.21 475.086 338.026 173.955 301.131 294.574 247.935 334.761 85.8158 125.695 97.5659 121.487 39.6482 23.756 72.8451 67.6929 49.6016 31.3749 29.1087 55.9217 46.6387 298.209 169.804 18.2267 7.87548 13.58
internal_count=7271 5406 1865 2933 1151 2543 2473 1000 1543 1513 1319 2459 390 585 459 702 214 108 332 325 233 147 137 254 194 2245 1206 86 39 60
is_linear=0
shrinkage=0.05


Tree=22
num_leaves=31
num_cat=0
split_feature=302 288 149 265 112 302 245 251 112 265 189 104 154 89 89 163 110 154 123 246 226 203 251 254 179 279 251 298 236 189
split_gain=275.941 111.614 32.5826 33.7124 26.3859 25.0404 20.9875 19.0373 18.0662 17.7938 16.4626 15.3351 15.1314 14.8053 14.4739 14.0149 13.6321 13.436 13.2784 16.2337 17.0472 12.1655 11.2647 11.7903 11.1116 13.0886 10.2826 12.4728 10.0304 9.98412
threshold=0.0010500000207684936 0.0021499999566003685 0.0049499999731779107 0.047450000420212753 1.0000000180025095e-35 0.0039500000420957812 0.0068500000052154073 1.0000000180025095e-35 0.0016499999910593035 0.002650000038556755 1.0000000180025095e-35 0.0010500000207684936 0.1941500008106232 0.0011500000255182388 0.0047500000800937423 0.0018500000005587938 1.0000000180025095e-35 0.0020500000100582842 0.014050000347197058 0.0012500000302679839 0.0047500000800937423 0.0023500000825151805 0.0018500000005587938 0.0091500002890825289 0.0017499999958090486 0.01124999998137355 0.0018500000005587938 1.0000000180025095e-35 0.0010500000207684936 0.0039500000420957812
decision_type=2 2 2 2 2 2 2 2 2 2 2 2 2 2 2 2 2 2 2 2 2 2 2 2 2 2 2 2 2 2
left_child=1 4 3 8 7 12 -4 9 10 -1 11 21 16 -9 18 28 -2 -11 19 20 29 26 23 -22 25 -16 27 -3 -6 -12
right_child=5 2 6 -5 15 -7 -8 13 -10 17 14 -13 -14 -15 24 -17 -18 -19 -20 -21 22 -23 -24 -25 -26 -27 -28 -29 -30 -31
leaf_value=-0.034298176779371567 0.040374436913715887 -0.015507456586984176 -0.032169788461874058 0.048394559653443629 -0.051540335591268895 0.063098231478599581 0.0075813592101543247 0.028453320789885536 -0.030624492621287854 0.009702011042086036 0.027983364186543947 -0.039185478474108644 -0.055210130138103011 -0.028130956259939152 -0.034109184456976964 0.037376612574351875 -0.0051236437875095738 -0.046356955418205094 -0.042704795009339075 0.049382095777423821 -0.027692073416044894 0.088858926360855114 0.028987024497690986 0.04098962055584128 0.07832783741906621 0.073918705222809813 0.022864936525493092 0.10947860830216825 0.085064807395132114 0.091672140032016902
leaf_weight=204.94807647168636 134.51500470936298 62.478656478226185 89.19222865998745 51.192683473229408 143.75030223280191 110.38217510282993 52.897895380854607 30.047198615968227 32.391689881682396 45.999692179262638 22.244458511471752 26.412137627601624 4.8151982575654975 18.789070300757885 25.639809399843223 4.7097366675734511 18.759222581982613 13.923967510461805 7.0580969899892798 53.926248952746391 33.977052628993988 4.0172382295131674 22.283091768622398 7.6567472219467154 3.0326161682605735 3.1481676697731009 32.804320186376572 2.0619748681783667 1.3564493283629406 8.5067708790302259
leaf_count=1508 632 323 527 227 1142 598 254 143 174 262 103 138 22 99 121 25 82 101 33 235 159 17 95 33 13 13 136 10 9 37
internal_value=-0.000205159 -0.0122406 0.00318823 0.0105128 -0.0302458 0.0448238 -0.0173711 -0.0220018 0.00493441 -0.0272907 0.00858809 -0.00525206 0.0320642 0.00668331 0.018021 -0.0475082 0.0348059 -0.00332395 0.0243026 0.0274854 0.0150122 0.00359003 0.000295269 -0.015061 -0.0127058 -0.0222956 7.11468e-05 -0.0115143 -0.0502634 0.0456017
internal_weight=1272.92 1004.45 540.922 398.832 463.524 268.472 142.09 313.708 347.639 264.872 315.247 127.774 158.089 48.8363 187.473 149.816 153.274 59.9237 155.652 148.594 94.6681 101.362 63.9169 41.6338 31.8206 28.788 97.345 64.5406 145.107 30.7512
internal_count=7271 5937 2648 1867 3289 1334 781 2113 1640 1871 1466 624 736 242 842 1176 714 363 695 662 427 486 287 192 147 134 469 333 1151 140
is_linear=0
shrinkage=0.05


Tree=23
num_leaves=31
num_cat=0
split_feature=302 240 251 310 112 302 50 176 163 280 126 279 258 101 265 276 53 219 279 170 166 158 304 186 100 258 177 149 179 89
split_gain=253.924 101.831 42.0081 31.576 25.14 24.7131 19.1105 23.4215 16.7205 16.6784 14.2185 13.7148 13.3615 12.5208 13.7219 12.3564 12.0184 11.9383 11.6247 10.8775 10.6138 10.1818 10.1613 9.606 9.47359 9.44127 9.39359 9.25367 14.5583 9.24325
threshold=0.0010500000207684936 0.0010500000207684936 0.0010500000207684936 0.0050000001210719356 0.0010500000207684936 0.0039500000420957812 0.0015499999863095584 0.0028499999316409235 0.0011500000255182388 0.0010500000207684936 0.0095500000752508658 0.0015499999863095584 1.0000000180025095e-35 1.0000000180025095e-35 0.0028499999316409235 0.042950000613927848 1.0000000180025095e-35 1.0000000180025095e-35 0.0023500000825151805 0.002549999975599349 1.0000000180025095e-35 0.16569999605417254 0.0048500001430511483 0.0010500000207684936 0.0024500000290572648 1.0000000180025095e-35 0.026000000536441806 1.0000000180025095e-35 0.0014499999815598132 0.0011500000255182388
decision_type=2 2 2 2 2 2 2 2 2 2 2 2 2 2 2 2 2 2 2 2 2 2 2 2 2 2 2 2 2 2
left_child=1 9 3 6 11 10 7 8 18 16 17 13 -8 25 -15 -6 20 27 22 -16 29 -11 -3 -12 -17 -4 -18 -2 -29 -1
right_child=5 2 4 -5 15 -7 12 -9 -10 21 23 -13 -14 14 19 24 26 -19 -20 -21 -22 -23 -24 -25 -26 -27 -28 28 -30 -31
leaf_value=-0.026159370526600546 0.033270936517476757 -0.017646894636684816 0.019551300688668439 0.069633860646990162 -0.037774649674537593 0.061975686991671101 -0.040057056168985743 0.040273227574532632 0.039831831213411856 0.034995777289255507 -0.025765465232211928 0.042187416182497696 0.0021722914021071278 -0.05484502430275609 0.00043479474797157548 0.062588624456417372 -0.051915976502071998 0.050696104627026443 0.027719476996391351 0.061675360178612498 0.025066985841714792 -0.054133711511335808 0.086059151030373815 0.036394901771713499 -0.04578644152440442 0.062970195909207285 0.082409065986628879 -0.045945514300996117 0.052873573477588191 -0.052940775735263949
leaf_weight=136.78175323456526 39.146599784493446 231.54172609001398 67.284602284431458 11.888618260622023 29.666061967611313 106.85209438204765 85.730953328311443 24.667629465460777 15.439667314290999 12.93155097961426 16.641888454556469 59.009410053491592 23.968045011162758 10.031059861183165 60.782346233725548 6.3621265739202482 114.36226643621922 74.372265070676804 15.802935391664503 8.2330080866813642 8.3918832838535291 4.2597051560878745 2.3863520622253409 9.920001804828642 2.9521925747394562 15.382621228694914 1.3165233135223378 10.680905371904375 5.724729359149932 42.144855335354805
leaf_count=1000 178 1304 293 54 150 598 557 110 74 62 74 262 125 50 273 27 1001 368 68 36 47 24 10 44 13 66 9 47 25 322
internal_value=-0.000203059 -0.0117964 -0.000727583 -0.0106662 0.0150173 0.0434394 -0.0130556 -0.00632815 -0.0106633 -0.0349973 0.0307824 0.0215548 -0.0308304 0.014026 -0.000201807 -0.0220008 -0.0377155 0.037597 -0.0137851 0.00774033 -0.02989 0.012911 -0.016589 -0.00255059 0.0282389 0.0276306 -0.0503872 0.0200602 -0.0114627 -0.0324675
internal_weight=1254.66 991.318 671.129 411.426 259.703 263.338 399.537 289.838 265.171 320.189 156.486 220.723 109.699 161.714 79.0464 38.9804 302.997 129.924 249.731 69.0154 187.318 17.1913 233.928 26.5619 9.31432 82.6672 115.679 55.5522 16.4056 178.927
internal_count=7271 5937 3472 2302 1170 1334 2248 1566 1456 2465 736 980 682 718 359 190 2379 618 1382 309 1369 86 1314 118 40 359 1010 250 72 1322
is_linear=0
shrinkage=0.05


Tree=24
num_leaves=31
num_cat=0
split_feature=240 245 302 112 53 228 123 302 176 310 112 251 251 89 189 259 89 297 108 288 255 108 135 279 278 246 47 126 149 313
split_gain=236.003 62.7261 58.3917 25.7452 25.4285 23.2321 20.7485 20.3251 19.8572 17.0818 16.861 16.4417 15.4987 15.1053 19.8735 14.5647 13.7192 13.297 13.2246 12.8194 12.4244 10.6399 10.365 10.2566 10.155 9.94156 9.9296 9.87588 9.71903 9.10016
threshold=0.0083499997854232805 0.0018500000005587938 0.0019500000635161998 0.0011500000255182388 1.0000000180025095e-35 0.0046500000171363362 0.0076500000432133683 0.0015499999863095584 0.0049499999731779107 0.0050000001210719356 1.0000000180025095e-35 0.0044499998912215242 1.0000000180025095e-35 0.0021499999566003685 0.016549999825656418 0.009000000078231098 0.003249999950639904 0.0011500000255182388 0.0031500000040978198 1.0000000180025095e-35 0.040149999782443054 0.0016499999910593035 0.0042000000830739745 0.0011500000255182388 0.0021499999566003685 0.0042499999981373557 0.0031500000040978198 0.033099999651312835 0.12069999799132348 0.0011500000255182388
decision_type=2 2 2 2 2 2 2 2 2 2 2 2 2 2 2 2 2 2 2 2 2 2 2 2 2 2 2 2 2 2
left_child=1 4 5 7 10 6 13 11 9 -5 12 18 17 22 -15 24 -13 19 20 29 23 -16 25 -3 26 -2 -8 -26 -4 -1
right_child=2 3 28 8 -6 -7 15 -9 -10 -11 -12 16 -14 14 21 -17 -18 -19 -20 -21 -22 -23 -24 -25 27 -27 -28 -29 -30 -31
leaf_value=-0.04067055850348969 0.025185556553781543 -0.0075450279175977662 0.056911410049291705 -0.04160755029904438 -0.049776088429461046 0.051095631288187476 -0.044343358650355866 0.049784824409574636 0.01421631590516192 0.050735445762799106 -0.055647354515730031 0.050454350991192443 0.0092808684865532658 -0.014061850007586208 0.048212831736960296 0.043222701845374613 -0.028627075749138371 0.068222357821750526 -0.042035915309175331 -0.010821395465144761 0.035133106000874187 -0.045706730241474168 -0.054020422743908919 0.039612264910504513 0.045984384828481689 0.060888799799558746 0.032473796155498169 -0.029492687577759708 -0.022751663054293464 0.09959031953253844
leaf_weight=89.401196084916592 98.292790919542313 175.81896317005157 137.76822203397751 78.559246741235256 129.29885157197714 41.578749746084213 36.918301776051521 22.87955442070961 26.099173873662949 5.348994553089141 32.961921378970146 25.938967168331146 43.816628575325012 58.133081361651421 25.063966840505604 9.9391684681177122 6.9547443389892569 3.8120682686567298 20.843586005270481 74.167800709605217 22.155756548047066 3.4279626458883277 3.5819023251533499 12.339741989970205 9.0695267319679278 24.322075948119164 4.7478483915328971 8.3004079610109311 3.9381215423345557 1.1715755462646473
leaf_count=707 450 988 774 524 1117 196 197 111 131 25 256 109 204 279 115 45 30 17 117 443 114 15 17 56 40 110 24 37 17 6
internal_value=-0.000199577 -0.0171579 0.0279342 -0.00330801 -0.0318325 0.0162063 0.0110584 0.00457657 -0.0238733 -0.0357209 -0.0223756 0.000659368 -0.0172115 0.0187822 0.00270436 -0.0127734 0.0337341 -0.0240984 -0.00404716 -0.0262347 -0.000282212 0.036913 0.0298186 -0.00445238 -0.0222008 0.0322677 -0.0355901 0.00991686 0.0546975 -0.0388563
internal_weight=1236.65 771.569 465.082 396.939 374.63 323.376 281.797 286.931 110.007 83.9082 245.331 264.052 212.369 212.822 86.625 68.9753 32.8937 168.553 231.158 164.741 210.314 28.4919 126.197 188.159 59.0361 122.615 41.6662 17.3699 141.706 90.5728
internal_count=7271 4955 2316 2205 2750 1525 1329 1525 680 549 1633 1414 1377 986 409 343 139 1173 1275 1156 1158 130 577 1044 298 560 221 77 791 713
is_linear=0
shrinkage=0.05


Tree=25
num_leaves=31
num_cat=0
split_feature=302 288 126 189 53 302 214 251 36 183 149 89 257 279 225 255 310 98 251 225 176 189 251 257 176 158 240 232 254 43
split_gain=217.072 90.0595 27.5385 26.7586 24.9185 23.9605 19.8554 17.9666 17.0153 16.8541 13.3226 12.9916 14.6637 15.0951 12.5169 12.3462 11.806 10.7479 10.7288 10.7137 10.5012 11.969 11.6619 10.454 10.2113 10.1412 12.3049 10.919 9.97138 15.336
threshold=0.0010500000207684936 0.0021499999566003685 0.0010500000207684936 1.0000000180025095e-35 1.0000000180025095e-35 0.0039500000420957812 0.0012500000302679839 0.0021499999566003685 1.0000000180025095e-35 0.0018500000005587938 1.0000000180025095e-35 0.0011500000255182388 0.014449999667704107 0.0012500000302679839 0.0036499999696388845 0.010350000113248827 0.0030000001424923543 0.0019500000635161998 0.0024500000290572648 0.0031500000040978198 0.0035500000230968003 0.0073500000871717939 0.0067499999422580012 0.049750000238418586 0.0049499999731779107 0.030600000172853473 0.0043500000610947618 0.0020500000100582842 0.0057500000111758718 1.0000000180025095e-35
decision_type=2 2 2 2 2 2 2 2 2 2 2 2 2 2 2 2 2 2 2 2 2 2 2 2 2 2 2 2 2 2
left_child=1 4 3 9 7 10 -4 11 20 14 -2 12 13 19 -3 -14 -6 24 25 -1 21 22 -8 -13 -12 27 -27 28 29 -5
right_child=5 2 6 18 16 -7 8 -9 -10 -11 17 23 15 -15 -16 -17 -18 -19 -20 -21 -22 -23 -24 -25 -26 26 -28 -29 -30 -31
leaf_value=-0.020971329074481512 0.044767365602924464 -0.013401043316612366 -0.024163465362359613 0.016363962689138901 -0.048508345743258602 0.060067442426557704 -0.038750414578900237 0.022535797880032279 -0.034306112041144636 0.041315805917967872 -0.0031179850506191913 -0.043781061337791027 0.15730379215197371 0.10523299407598696 0.069134034326601021 -0.015296166385926563 0.02696428145991607 0.065786051988825908 0.045133045607021555 0.11422978262081329 0.050136864261004645 0.024804409281749817 0.067212976653264297 0.04599867717518781 0.038008885933408759 0.070794534380259885 -0.053896845350588335 0.052417116761209949 0.045278502259020414 -0.04494718291824646
leaf_weight=186.86428809911013 69.329615876078606 119.98068553209305 122.28260492533445 54.273174524307251 131.06907977163792 100.20900796353817 17.780719920992855 23.178355634212494 20.129532545804977 18.158861346542835 52.558576360344887 78.133157961070538 2.2148582264780989 2.4408898502588263 4.7765333801507941 1.9467291235923765 5.3948719874024382 9.2805220782756788 49.863550767302513 1.4768536612391461 18.523915156722069 34.21129085868597 3.0405855029821387 3.3827862665057173 21.172827214002609 2.5278697013854972 9.104672357439993 23.623648017644882 19.75127437710762 12.559706836938856
leaf_count=1330 345 616 708 242 1192 598 86 106 107 81 244 570 13 10 20 12 31 48 223 7 80 161 13 18 99 12 43 106 88 62
internal_value=-0.000197333 -0.0109808 0.00285509 0.0122927 -0.0278143 0.0410786 -0.0108935 -0.0197485 0.00642692 -0.00369026 0.0285878 -0.0232936 -0.0162847 -0.0183101 -0.0102411 0.0765641 -0.0455247 0.015075 0.025596 -0.0199112 0.0175739 0.00661331 -0.0232763 -0.0400553 0.00869207 0.0176004 -0.0268001 0.0222869 0.0140662 0.00484194
internal_weight=1219.24 966.69 530.589 314.62 436.102 252.551 215.969 299.638 93.686 142.916 152.342 276.46 194.944 190.782 124.757 4.16159 136.464 83.0119 171.704 188.341 73.5565 55.0326 20.8213 81.5159 73.7314 121.84 11.6325 110.208 86.5842 66.8329
internal_count=7271 5937 2648 1493 3289 1334 1155 2066 447 717 736 1960 1372 1347 636 25 1223 391 776 1337 340 260 99 588 343 553 55 498 392 304
is_linear=0
shrinkage=0.05


Tree=26
num_leaves=31
num_cat=0
split_feature=240 245 302 112 112 251 179 278 310 302 149 254 205 149 254 101 0 251 265 297 108 126 25 180 101 265 301 251 158 25
split_gain=201.483 55.6329 53.1488 24.686 23.1478 20.5568 18.95 18.0424 19.026 17.2001 16.8936 18.2631 18.618 16.7826 15.6744 14.2159 13.8968 13.715 11.8524 11.2542 10.6389 13.7055 10.5796 10.4028 10.1339 10.6795 10.0107 9.83675 9.77911 9.93229
threshold=0.0083499997854232805 0.0018500000005587938 0.0019500000635161998 1.0000000180025095e-35 0.0011500000255182388 0.0022500000195577745 0.0029499999945983295 0.0057500000111758718 0.0030000001424923543 0.0015499999863095584 1.0000000180025095e-35 1.0000000180025095e-35 1.0000000180025095e-35 0.0015499999863095584 1.0000000180025095e-35 0.080199997872114195 0.0010500000207684936 0.0055499998852610597 0.0067499999422580012 0.0011500000255182388 0.0015499999863095584 0.0011500000255182388 0.0011500000255182388 0.0012500000302679839 0.0031500000040978198 0.011549999937415125 0.0074499999172985562 1.0000000180025095e-35 0.0010500000207684936 0.0011500000255182388
decision_type=2 2 2 2 2 2 2 2 2 2 2 2 2 2 2 2 2 2 2 2 2 2 2 2 2 2 2 2 2 2
left_child=1 3 5 10 9 6 13 8 16 17 11 12 19 14 24 -7 -6 18 -3 27 21 -20 26 28 25 -2 -16 -1 -13 -30
right_child=2 4 -4 -5 7 15 -8 -9 -10 -11 -12 23 -14 -15 22 -17 -18 -19 20 -21 -22 -23 -24 -25 -26 -27 -28 -29 29 -31
leaf_value=-0.032057042923026427 -0.015476644169824753 -0.011683606533587191 0.052582116504095978 -0.051884729578561807 -0.045676962088856903 0.043164450670788251 0.059787976484818553 0.010627537934231516 0.052094423161607555 0.046853345045167916 -0.041177609068146583 0.057788362696826537 0.10380005001974542 -0.015018581011156896 -0.038429574027948353 -0.0076459134683424983 0.1073636233004738 0.034984568046324556 0.043078828913552518 0.11748731779547035 -0.017392056236716733 -0.0031499695405033997 0.051993734361243771 -0.048107335945838464 -0.062218575029674289 0.031645548222178098 0.02555465992163802 0.0037860087452149336 -0.020003744601882683 0.061609453915678437
leaf_weight=114.87035222351551 31.337107628583908 146.70212562382221 133.80730810761452 96.826546639204025 70.417428940534592 79.507444098591805 15.6374284774065 29.22643768787384 5.7459377646446219 22.049822941422462 81.901455283164978 14.625875689089296 2.8787807673215857 81.22342537343502 7.6800477951765052 16.648569226264954 1.5152655839920033 26.469768539071083 35.130547188222408 1.3786083608865727 23.358367875218391 29.492507547140121 30.858540505170822 5.3137940242886534 6.8404762595891944 19.509178221225739 29.961376488208771 22.969310477375984 13.215014502406122 5.1928251609206191
leaf_count=882 158 871 791 890 499 371 74 147 27 111 649 78 15 416 35 75 7 112 162 6 115 154 140 26 33 86 137 107 67 30
internal_value=-0.000193808 -0.0161092 0.0261302 -0.0303081 -0.00303626 0.0150419 0.00671073 -0.0228598 -0.0354594 0.00444686 -0.0223446 -0.0137965 -0.02206 0.00270904 0.0141199 0.0343671 -0.0424532 0.000866371 -0.00298179 -0.0246625 0.0115278 0.021981 0.0302914 0.0168238 -0.00508296 0.00260364 0.0124998 -0.0260842 0.0272686 0.00301922
internal_weight=1202.29 749.281 453.011 359.173 390.108 319.204 223.048 106.905 77.6786 283.203 262.346 180.445 142.097 207.41 126.187 96.156 71.9327 261.153 234.684 139.218 87.9814 64.6231 68.5 38.3475 57.6868 50.8463 37.6414 137.84 33.0337 18.4078
internal_count=7271 4955 2316 2750 2205 1525 1079 680 533 1525 1860 1211 1010 1005 589 446 506 1414 1302 995 431 316 312 201 277 244 172 989 175 97
is_linear=0
shrinkage=0.05


Tree=27
num_leaves=31
num_cat=0
split_feature=279 240 302 304 149 262 181 112 278 278 89 276 104 257 133 309 189 101 89 297 313 111 251 240 212 123 124 254 180 215
split_gain=185.748 63.5338 38.5437 27.0889 25.4999 21.3397 20.8844 19.2049 16.749 15.8597 15.8596 21.8579 20.825 21.6925 17.7102 15.5038 14.4601 20.9573 12.2377 11.8606 11.7489 11.7457 11.542 11.1219 10.5915 11.6182 9.78124 9.6384 9.18248 9.57742
threshold=1.0000000180025095e-35 0.0010500000207684936 0.003249999950639904 0.0028499999316409235 0.0087500000372529047 0.0037500000325962905 1.0000000180025095e-35 0.0013499999768100681 0.0010500000207684936 0.0044499998912215242 0.0016499999910593035 0.0021499999566003685 0.0028499999316409235 0.0058500000741332778 0.0014499999815598132 0.0012500000302679839 0.011549999937415125 0.0057500000111758718 0.012749999761581423 0.0011500000255182388 0.0027499999850988392 0.0011500000255182388 0.0084500000812113302 0.03264999948441983 0.023249999620020393 0.0067499999422580012 0.0016499999910593035 0.014050000347197058 1.0000000180025095e-35 0.048450000584125526
decision_type=2 2 2 2 2 2 2 2 2 2 2 2 2 2 2 2 2 2 2 2 2 2 2 2 2 2 2 2 2 2
left_child=1 8 4 5 16 6 7 10 19 20 12 -12 13 14 22 -14 17 18 -2 -1 -6 -11 24 -9 25 27 -18 -3 -10 -30
right_child=2 3 -4 -5 9 -7 -8 23 28 21 11 -13 15 -15 -16 -17 26 -19 -20 -21 -22 -23 -24 -25 -26 -27 -28 -29 29 -31
leaf_value=-0.037410155762261831 0.033222426319325295 0.0045282819329623041 0.05715233290140237 0.047275040459980017 -0.052345320063740611 0.035471718839323291 0.051529561340711474 -0.038990366888816949 0.03400936619208484 0.034792313165023007 -0.036764988764623328 0.0036162435973840115 -0.045021767655008912 0.051761026081250751 -0.033819227303941921 0.077798624015249895 0.049755004904378314 -0.016362257077563221 -0.054437852548380641 0.11210172095520035 0.021288859618866708 -0.049494530488757543 0.068128233274875633 0.065559938568773027 0.11307767520578441 -0.052102961885540637 -0.061689434542296619 0.077039358413370049 -0.03493408983551672 0.033216416895788956
leaf_weight=252.28438664972782 98.661948889493942 149.75705566257238 95.357213884592056 25.579351097345352 22.721105329692367 29.971097007393837 14.284349799156187 63.489749029278755 12.375456489622591 21.272556513547901 78.352274343371391 58.555078409612179 31.283775106072426 24.165292046964169 29.996932581067085 2.799350604414939 68.437403842806816 32.527382105588913 4.148791015148162 1.3334799706935871 7.113227352499961 5.1301395446062079 7.5798373520374289 2.6498843878507605 2.2375649064779273 8.8679583072662336 2.0271909683942786 4.727529063820838 20.582900434732441 6.8779253512620917
leaf_count=2217 458 788 606 122 120 141 65 423 77 100 487 307 185 110 166 12 346 152 17 6 33 23 31 13 11 52 10 20 134 39
internal_value=-0.000191573 -0.0131984 0.029933 -0.0029324 0.0200277 -0.00545693 -0.0080192 -0.0098506 -0.0318899 -0.00981032 -0.00570761 -0.019494 0.00151255 0.00697687 0.00165011 -0.0349342 0.0281812 0.0186179 0.029685 -0.036624 -0.0347891 0.0184151 0.0077942 -0.0348016 0.00503242 0.00355245 0.0465489 0.00674726 -0.00174975 -0.0178649
internal_weight=1185.15 827.751 357.397 534.297 262.04 508.718 478.747 464.462 293.454 56.237 398.323 136.907 261.415 227.332 203.167 34.0831 205.803 135.338 102.811 253.618 29.8343 26.4027 173.17 66.1396 165.59 163.353 70.4646 154.485 39.8363 27.4608
internal_count=7271 5406 1865 2933 1259 2811 2670 2605 2473 276 2169 794 1375 1178 1068 197 983 627 475 2223 153 123 902 436 871 860 356 808 250 173
is_linear=0
shrinkage=0.05


Tree=28
num_leaves=31
num_cat=0
split_feature=302 240 240 112 302 276 89 123 186 50 163 154 110 64 149 254 53 203 223 277 232 183 104 226 104 228 189 279 215 225
split_gain=171.621 73.5083 26.903 28.3316 23.0237 21.9604 24.3838 17.7796 17.603 14.9031 14.2831 12.8592 11.9656 11.9029 11.5578 16.061 11.3654 11.4189 11.1156 10.9855 10.3175 11.4265 9.93342 9.66015 11.1351 11.0727 9.47247 9.4315 11.1342 9.25052
threshold=0.0010500000207684936 0.0010500000207684936 0.085650000721216216 0.0015499999863095584 0.0039500000420957812 0.00335000001359731 0.0019500000635161998 0.0011500000255182388 1.0000000180025095e-35 1.0000000180025095e-35 0.01124999998137355 0.17905000597238543 1.0000000180025095e-35 0.0066499998793005952 0.0012500000302679839 0.0070500001311302194 1.0000000180025095e-35 0.012349999975413086 0.0015499999863095584 0.0012500000302679839 0.002549999975599349 0.0017499999958090486 0.016749999485909942 0.0095500000752508658 0.0010500000207684936 0.020149999298155311 0.0015499999863095584 0.0010500000207684936 0.0087500000372529047 0.047499999403953559
decision_type=2 2 2 2 2 2 2 2 2 2 2 2 2 2 2 2 2 2 2 2 2 2 2 2 2 2 2 2 2 2
left_child=1 9 3 5 11 6 7 -3 10 13 -5 12 -2 16 15 23 17 18 19 -1 -11 -22 -10 26 27 -26 -7 28 -25 -8
right_child=4 2 -4 8 -6 14 29 -9 22 20 -12 -13 -14 -15 -16 -17 -18 -19 -20 -21 21 -23 -24 24 25 -27 -28 -29 -30 -31
leaf_value=-0.022589482956883393 0.033921786332454483 0.0092278938047445514 0.037014394441774699 -0.047260773528634836 0.057565760211680632 0.01737161286103028 -0.028903536519946767 -0.027144372011527185 0.043870767313054414 -0.049527349822446678 0.081901445424392177 -0.051955779079036403 -0.009583204368162769 0.11535508210291164 0.0015072136744492608 0.065662215182256817 -0.050931021576712969 0.070966251395149588 0.096693406420656214 0.092060393423699594 -0.019070919212782894 0.12957383152838206 -0.071809548045165136 -0.016690541392232593 -0.038836501758624367 0.073713791439170714 0.081765606028888493 0.063815663297094247 0.049266066716480358 0.068462164687426649
leaf_weight=125.93526084721088 123.34954024851322 178.64845734089613 44.424605920910835 60.71444546431303 90.706691592931747 14.637769527733328 105.22437847405672 41.381308645009995 10.079498097300528 107.26100623607635 2.2186005115509024 5.1673353910446158 18.127757892012596 1.5799611881375302 96.560784228146076 20.122988194227219 28.985644787549973 3.6386576741933814 2.0491569936275473 2.1246109306812277 11.925937093794344 1.4500734657049168 2.2745163440704337 18.350780300796036 17.837205760180954 2.490347519516944 9.3646926581859571 9.5447002500295621 9.8239475041627866 2.4973596334457389
leaf_count=979 630 927 214 407 598 73 622 253 47 1066 10 24 82 9 494 90 271 22 11 10 90 7 12 87 83 12 42 43 45 11
internal_value=-0.000188474 -0.00986297 -0.000534053 -0.00330599 0.0377653 0.000796583 -0.00715512 0.00238731 -0.0319954 -0.0310186 -0.0427074 0.0255178 0.0283474 -0.0212209 0.0139106 0.0256327 -0.0225469 -0.0163955 -0.0188387 -0.0206874 -0.0443637 -0.00295656 0.0225727 0.0158153 0.00478306 -0.0250479 0.0424953 0.0208594 0.00630717 -0.0266463
internal_weight=1168.5 931.147 646.196 601.772 237.351 526.485 327.752 220.03 75.2871 284.95 62.933 146.645 141.477 164.313 198.733 102.172 162.733 133.748 130.109 128.06 120.637 13.376 12.354 82.0494 58.047 20.3276 24.0025 37.7194 28.1747 107.722
internal_count=7271 5937 3472 3258 1334 2782 1813 1180 476 2465 417 736 712 1302 969 475 1293 1022 1000 989 1163 97 59 385 270 95 115 175 132 633
is_linear=0
shrinkage=0.05


Tree=29
num_leaves=31
num_cat=0
split_feature=240 245 302 112 228 50 254 149 279 149 254 205 43 203 149 203 164 89 254 280 257 108 158 158 288 164 223 297 289 180
split_gain=159.453 47.3065 46.9452 23.4396 21.8186 19.7916 18.3842 21.1183 16.2606 15.6252 15.8261 16.1145 15.3908 15.3182 16.2293 14.853 12.9168 12.2419 12.1284 12.0932 11.5439 18.4506 11.3665 10.6487 9.83402 9.56357 9.38867 9.33797 9.23383 9.19785
threshold=0.0083499997854232805 0.0018500000005587938 0.003249999950639904 1.0000000180025095e-35 0.0040500001050531873 0.0010500000207684936 0.0070500001311302194 0.0087500000372529047 0.0012500000302679839 1.0000000180025095e-35 1.0000000180025095e-35 1.0000000180025095e-35 1.0000000180025095e-35 0.0028499999316409235 0.0015499999863095584 1.0000000180025095e-35 0.018999999389052395 0.012249999679625036 1.0000000180025095e-35 0.0021499999566003685 0.014449999667704107 1.0000000180025095e-35 1.0000000180025095e-35 0.028549999929964546 0.013150000013411047 0.031000000424683097 0.0027499999850988392 0.0011500000255182388 0.0048500001430511483 0.0012500000302679839
decision_type=2 2 2 2 2 2 2 2 2 2 2 2 2 2 2 2 2 2 2 2 2 2 2 2 2 2 2 2 2 2
left_child=1 3 4 9 6 8 12 17 13 10 11 27 18 14 19 16 28 -8 22 20 26 -22 -2 -15 -25 -24 -3 -1 -7 -12
right_child=2 5 -4 -5 -6 15 7 -9 -10 -11 29 -13 -14 23 -16 -17 -18 -19 -20 -21 21 -23 25 24 -26 -27 -28 -29 -30 -31
leaf_value=-0.0240231543819108 0.013340934645623741 -0.0070696076048103315 0.056126607597910064 -0.050441395360164704 0.046304395603620679 -0.040970089031623184 0.047103479646749553 -0.0097320359134562603 0.046883148009965105 -0.039245855284751455 0.025969632126102572 0.098065138426723181 -0.021985920217563175 0.052794742693230569 -0.027965835722096516 0.0056854228441276661 0.038531666150249638 -0.050532249967356162 0.024985765659419554 0.065866208372436369 0.073342834431340168 -0.035358164714730501 -0.033139811599607015 -0.031464805413536315 0.062044884319694051 0.058070715529961806 0.061585835743134192 0.10676478839245795 0.04733452954967815 -0.045905535712094048
leaf_weight=131.46553748846054 43.657628394663334 119.50120940804482 88.883078783750534 87.987111568450928 48.981617599725723 71.544657804071903 67.209504991769791 26.747374400496483 21.499980539083481 76.673434853553772 33.038254484534264 2.8226285576820365 51.374574795365334 22.336813852190971 51.891612976789474 39.886736042797565 6.0696761161088935 3.3715387582778922 69.535182274878025 7.6132767349481574 12.234585560858251 5.7330307438969603 31.837520480155945 9.4181478396058065 4.0082091838121405 3.1590490490198126 5.1961169987916938 1.3790783137083042 3.088217854499816 5.1441631764173499
leaf_count=989 211 660 603 890 254 520 331 129 109 649 175 15 268 113 313 234 30 16 330 35 58 27 159 52 18 15 22 6 14 26
internal_value=-0.000185372 -0.014647 0.0237157 -0.0282403 0.0153867 -0.00253855 0.0102858 0.028102 0.00524088 -0.020443 -0.0121503 -0.0201536 0.00159681 0.00147802 -0.00385787 -0.019275 -0.0316116 0.0424396 0.00977251 0.0044667 0.00119013 0.038659 -0.00367695 0.0316419 -0.00354909 -0.0249065 -0.00420875 -0.0226654 -0.0373162 0.0162862
internal_weight=1153.29 718.532 434.757 338.51 345.874 380.022 296.892 97.3284 259.433 250.523 173.85 135.667 199.564 237.933 202.17 120.589 80.7026 70.581 148.189 150.278 142.665 17.9676 78.6542 35.7632 13.4264 34.9966 124.697 132.845 74.6329 38.1824
internal_count=7271 4955 2316 2750 1713 2205 1459 476 1407 1860 1211 1010 983 1298 1115 798 564 347 715 802 767 85 385 183 70 174 682 995 534 201
is_linear=0
shrinkage=0.05


Tree=30
num_leaves=31
num_cat=0
split_feature=214 240 302 149 111 189 183 236 149 203 53 104 168 203 313 265 183 251 251 166 101 246 108 212 149 259 36 240 245 89
split_gain=147.993 53.7729 39.6129 30.8376 25.1178 24.6517 19.141 15.4766 14.9795 19.5876 13.579 13.4797 13.9714 14.3114 12.7395 11.1094 10.8636 10.3239 10.2244 10.1872 10.1379 10.1729 10.05 10.006 9.56755 9.45392 9.28084 9.02122 8.85025 8.84953
threshold=0.0010500000207684936 0.0010500000207684936 0.0039500000420957812 0.0011500000255182388 0.0010500000207684936 1.0000000180025095e-35 0.0014499999815598132 0.0010500000207684936 1.0000000180025095e-35 0.0013499999768100681 1.0000000180025095e-35 0.0010500000207684936 1.0000000180025095e-35 0.0071499999612569818 0.0015499999863095584 0.067050002515316023 0.0018500000005587938 0.0049499999731779107 1.0000000180025095e-35 0.0030000001424923543 0.0055499998852610597 0.015150000341236593 0.0053499999921768912 0.0013499999768100681 0.0058500000741332778 0.009000000078231098 0.0014499999815598132 0.018250000663101677 0.036100000143051154 0.0023500000825151805
decision_type=2 2 2 2 2 2 2 2 2 2 2 2 2 2 2 2 2 2 2 2 2 2 2 2 2 2 2 2 2 2
left_child=1 7 4 5 8 11 19 10 22 15 14 12 13 16 18 25 17 29 28 27 -8 -22 -2 -20 -16 -10 -11 -5 -1 -3
right_child=2 3 -4 6 -6 -7 20 -9 9 26 -12 -13 -14 -15 24 -17 -18 -19 23 -21 21 -23 -24 -25 -26 -27 -28 -29 -30 -31
leaf_value=-0.032424107948969709 0.041637519631563598 -0.0072312687856124344 0.057240182825149859 -0.038410404555605043 -0.034520278748226711 0.020424852797163232 0.049304075175206623 0.097035027929983531 -0.021743542094239142 0.037186637726523107 -0.046961276653793488 -0.038237848255383421 0.086337001433782867 0.12037315817679506 0.10216460072136367 0.022069708961981269 0.045907030072134876 0.031343773931850061 -0.010057714632108717 0.035281674515346202 -0.046377076902844913 0.062661637096541212 -0.026994421116141438 0.078486201188727497 -0.018440588575698923 0.060835241343412054 -0.012213231139265611 -0.0042856666202979428 0.084483412655798826 -0.042581183151855384
leaf_weight=138.22044537961483 89.167954407632351 122.16624313592911 80.105551451444626 102.39875617623329 21.518909387290478 151.37131210416555 13.077155724167826 2.3487602397799483 54.22391040623188 69.053776957094669 95.287471145391464 28.319928288459778 4.4573170989751807 2.3060334473848334 3.4568014889955512 27.621894136071205 9.8486779332160932 14.928767889738081 17.656611144542698 5.8964069038629523 7.7561136409640294 2.9536408483982086 5.6733926832675925 3.8944494426250449 3.1363889873027802 3.7025506347417823 11.02579629421234 23.884612575173378 1.6380498409271229 20.70511469990015
leaf_count=1218 456 684 572 712 115 730 65 16 269 341 1024 177 20 11 17 133 47 62 98 28 44 13 28 22 19 18 56 127 10 139
internal_value=-0.00018182 -0.012502 0.0262116 -0.00300181 0.0173972 0.00515737 -0.0215262 -0.030744 0.0216864 0.0126129 -0.0318839 -0.0062422 -0.00104696 -0.00333873 -0.0233323 -0.00402307 -0.0050404 -0.00822015 -0.026115 -0.0289568 0.0197643 -0.0163053 0.037532 0.00594288 0.0447926 -0.0164653 0.030385 -0.0319562 -0.0310549 -0.0123542
internal_weight=1137.8 775.709 362.094 510.07 281.988 354.103 155.967 265.639 260.469 165.628 263.29 202.732 174.412 169.955 168.003 85.5484 167.649 157.8 161.41 132.18 23.7869 10.7098 94.8413 21.5511 6.59319 57.9265 80.0796 126.283 139.858 142.871
internal_count=7271 5283 1988 2859 1416 1870 989 2424 1301 817 2408 1140 963 943 1384 420 932 885 1348 867 122 57 484 120 36 287 397 839 1228 823
is_linear=0
shrinkage=0.05


Tree=31
num_leaves=31
num_cat=0
split_feature=302 288 149 265 265 302 251 276 112 310 278 251 126 280 154 133 257 265 149 308 177 110 50 189 158 226 126 206 226 279
split_gain=137.049 62.2141 24.905 23.9566 22.2601 21.4368 20.0055 16.3459 14.73 13.7998 13.8354 12.7399 12.4984 12.0987 11.6715 11.1776 10.8674 10.6592 19.3137 12.0195 10.4126 10.2793 10.1799 10.0203 14.7725 13.831 12.0479 10.6553 9.9325 9.68968
threshold=0.0010500000207684936 1.0000000180025095e-35 0.0027499999850988392 0.01625000033527613 0.047450000420212753 0.0039500000420957812 1.0000000180025095e-35 0.0079499999992549437 0.0015499999863095584 0.0070000002160668382 0.0044499998912215242 0.0049499999731779107 0.034150000661611564 0.0028499999316409235 0.1941500008106232 0.0013499999768100681 0.019650000147521499 0.0029499999945983295 0.0010500000207684936 0.0012500000302679839 0.019949999637901786 1.0000000180025095e-35 0.0012500000302679839 0.0010500000207684936 0.0018500000005587938 0.0046500000171363362 0.0020500000100582842 0.0017499999958090486 0.0034500000765547161 0.0012500000302679839
decision_type=2 2 2 2 2 2 2 2 2 2 2 2 2 2 2 2 2 2 2 2 2 2 2 2 2 2 2 2 2 2
left_child=1 6 4 20 8 14 7 17 11 10 16 15 13 -5 21 23 -10 19 28 -1 -4 -2 -9 24 29 -25 27 -27 -19 -3
right_child=5 2 3 12 -6 -7 -8 22 9 -11 -12 -13 -14 -15 -16 -17 -18 18 -20 -21 -22 -23 -24 25 -26 26 -28 -29 -30 -31
leaf_value=-0.042060383724738942 0.031076878824649254 0.0029158309441024168 -0.036891515840414467 -0.0059793610571322502 0.042200498677679686 0.055332991414245504 0.017160593611527716 0.12078416558616344 -0.055577155577596384 0.10689954206323807 0.022233121206989129 0.029706063379993521 -0.031996189465878087 0.032117996389699123 -0.05511326842742497 -0.020583308401671978 0.088677526253031352 0.088915226887481769 -0.045408937097250815 0.096952275088798612 0.081254137469391807 -0.0095304693146609568 -0.0085093616050178223 0.046127463935197781 -0.033267956525747655 0.010325587772151333 -0.037355141835396344 0.09898224233955083 -0.0030306208049779228 0.094048456376902595
leaf_weight=191.57510844618082 119.33521497249603 122.30996108800173 89.082081831991673 53.374827779829502 38.283152118325233 81.413034453988075 20.364451184868813 2.5965132117271414 28.458362296223644 1.856033220887183 8.849121578037737 47.300097808241844 23.756273902952671 34.188030026853085 4.6095113456249228 47.126638188958168 1.3683610782027233 5.5883836448192614 14.645979374647139 1.5676837563514698 1.9048079177737225 17.925591215491295 3.6802013143897057 29.807223930954933 31.390406399965286 74.535937525331974 13.161900140345095 3.5505191832780829 6.1913010999560356 2.9880218356847754
leaf_count=1907 632 684 678 291 189 598 119 14 215 8 45 210 136 159 22 248 8 30 137 11 10 82 33 141 191 340 65 17 38 13
internal_value=-0.000179904 -0.00888326 -0.000810675 -0.0153866 0.00572789 0.0348817 -0.030303 -0.0345828 0.00234462 -0.0262791 -0.0326702 0.00546193 0.000168825 0.00889537 0.0231457 0.00193206 -0.0489592 -0.0368571 -0.00707378 -0.0409321 -0.0344181 0.0257738 0.044976 0.00575239 -0.00259522 0.0165571 0.00689767 0.0143567 0.0405893 0.0050891
internal_weight=1122.78 899.501 653.292 202.306 450.986 223.283 246.21 225.845 412.703 40.5319 38.6758 372.171 111.319 87.5629 141.87 324.871 29.8267 219.568 26.4257 193.143 90.9869 137.261 6.27671 277.744 156.688 121.056 91.2484 78.0865 11.7797 125.298
internal_count=7271 5937 3648 1274 2374 1334 2289 2170 2185 276 268 1909 586 450 736 1699 223 2123 205 1918 688 714 47 1451 888 563 422 357 68 697
is_linear=0
shrinkage=0.05


Tree=32
num_leaves=31
num_cat=0
split_feature=279 245 112 126 304 253 251 310 50 251 177 217 313 100 245 104 203 6 108 186 254 206 181 158 133 215 265 314 89 254
split_gain=128.182 56.1594 27.1306 25.47 19.988 18.1001 17.4983 16.0333 16.7678 15.9038 12.6594 11.9714 12.4396 11.3958 10.4931 10.6705 11.1391 15.9329 12.2857 12.4077 11.4445 11.0339 9.25388 9.20946 9.02041 9.26426 9.005 8.81165 8.75864 11.4141
threshold=0.0021499999566003685 0.0019500000635161998 1.0000000180025095e-35 0.0049499999731779107 0.0044499998912215242 0.0018500000005587938 0.0028499999316409235 0.0050000001210719356 0.0012500000302679839 0.0010500000207684936 0.11005000025033952 0.0012500000302679839 0.0018500000005587938 1.0000000180025095e-35 0.032449999824166305 0.0011500000255182388 0.0016499999910593035 1.0000000180025095e-35 1.0000000180025095e-35 1.0000000180025095e-35 0.0056499999482184657 0.0022500000195577745 0.0019500000635161998 0.042549999430775649 0.0014499999815598132 0.0043500000610947618 0.12990000098943713 1.0000000180025095e-35 0.0016499999910593035 1.0000000180025095e-35
decision_type=2 2 2 2 2 2 2 2 2 2 2 2 2 2 2 2 2 2 2 2 2 2 2 2 2 2 2 2 2 2
left_child=1 2 9 -2 6 -5 7 8 14 11 26 12 22 -8 15 16 17 18 -3 20 21 -20 28 -15 25 -16 -10 -13 29 -1
right_child=3 4 -4 5 -6 -7 13 -9 10 -11 -12 27 -14 23 24 -17 -18 -19 19 -21 -22 -23 -24 -25 -26 -27 -28 -29 -30 -31
leaf_value=-0.024700250749425584 0.045806571544588087 0.013919157207186041 -0.047761581419714629 -0.0098008393555343229 0.052526498269857017 0.052601298252100664 0.027766003129648359 0.054556548010077158 -0.026994900032385069 0.0071865236468323769 0.083634423062937696 0.086782329184873386 0.064936725391004424 0.021778389351769234 0.0047134646104926153 -0.01994940996958762 0.034726595602904468 -0.047624569258321231 -0.043771535615453785 0.081458554136223479 0.054788131507331521 0.068510590165819049 0.11345973879909627 -0.047890960745003062 -0.053596600762721359 0.064594094222961349 0.091190810754968363 -0.029183306649756331 -0.039783458847265009 0.012857306315515949
leaf_weight=130.81058444082737 151.41590386629105 96.549451589584351 84.9223727658391 43.001976892352104 19.186988338828087 15.923465847969053 79.063389256596565 11.278801605105398 105.13651457428932 60.357646010816097 2.7413594871759406 4.3432619571685782 3.9154806286096564 8.9102467596530932 11.493816569447523 65.520789057016373 24.815441265702248 16.609675765037537 31.322897344827652 2.8608831465244284 3.8769268393516532 2.3523176014423361 1.2015040814876545 10.143184773623942 2.9682391285896292 14.746014118194578 1.6368287205696095 2.6300262808799744 74.239552959799767 23.930300772190094
leaf_count=1093 950 516 929 212 113 99 369 56 728 295 13 29 21 42 56 376 128 118 182 13 18 13 7 51 15 70 7 19 592 141
internal_value=-0.0001793 -0.00841235 -0.022799 0.0349526 0.00246036 0.00706214 0.000507988 -0.00419795 -0.00592985 -0.0157662 -0.0224592 -0.0215129 -0.023436 0.0194009 0.000698116 -0.00269333 0.00364473 -0.00137773 0.0042307 -0.0189157 -0.0265626 -0.0359283 -0.0249392 -0.0153104 0.0290192 0.0383646 -0.0251831 0.043045 -0.0256654 -0.0188921
internal_weight=1107.91 897.564 386.351 210.341 511.214 58.9254 492.027 393.91 382.631 301.428 109.515 241.071 234.097 98.1168 273.116 243.908 178.388 153.572 136.962 40.413 37.5521 33.6752 230.182 19.0534 29.2081 26.2398 106.773 6.97329 228.98 154.741
internal_count=7271 6010 3126 1261 2884 311 2771 2309 2253 2197 748 1902 1854 462 1505 1364 988 860 742 226 213 195 1833 93 141 126 735 48 1826 1234
is_linear=0
shrinkage=0.05


Tree=33
num_leaves=31
num_cat=0
split_feature=302 288 149 265 302 265 251 276 112 310 278 177 308 50 110 126 265 257 254 255 101 276 265 149 104 89 98 98 226 226
split_gain=118.196 54.8426 21.47 21.7796 20.8952 19.5406 18.3219 14.7564 12.8512 12.3188 12.7713 11.95 11.7113 11.191 11.7535 11.1839 11.6598 11.1074 11.1016 10.6607 13.4866 15.1884 10.6499 17.4851 10.2349 10.2234 9.99186 9.53194 9.264 8.91706
threshold=0.0010500000207684936 1.0000000180025095e-35 0.0027499999850988392 0.01625000033527613 0.0039500000420957812 0.047450000420212753 1.0000000180025095e-35 0.0079499999992549437 0.0015499999863095584 0.0070000002160668382 0.0044499998912215242 0.025449999608099464 0.0017499999958090486 0.0050500000361353168 0.0010500000207684936 0.034150000661611564 0.0835000015795231 0.023550000041723255 0.014050000347197058 0.059400001540780074 1.0000000180025095e-35 0.0014499999815598132 0.0029499999945983295 0.0010500000207684936 0.0018500000005587938 0.0095500000752508658 0.0021499999566003685 0.0012500000302679839 0.013550000265240671 0.0071499999612569818
decision_type=2 2 2 2 2 2 2 2 2 2 2 2 2 2 2 2 2 2 2 2 2 2 2 2 2 2 2 2 2 2
left_child=1 6 5 11 13 8 7 12 18 10 17 -4 22 14 -2 16 25 -10 19 20 24 -22 -1 -24 -3 -5 -15 -21 -9 -23
right_child=4 2 3 15 -6 -7 -8 28 9 -11 -12 -13 -14 26 -16 -17 -18 -19 -20 27 21 29 23 -25 -26 -27 -28 -29 -30 -31
leaf_value=-0.040599396410561824 0.034326211276369992 0.011392427144417707 -0.035235949087181744 0.0050142431310074868 0.054113587946279684 0.039994519505615791 0.016276452528754169 0.084369594435021025 -0.054467503925958588 0.10163311753102458 0.021148967868275068 0.12202625055595794 0.13638251487034794 -0.025625238863829482 -0.011752226248713395 -0.030486846186133884 0.042131416952214396 0.096134463434538228 0.038352914918494539 0.094661295839965687 -0.041956595181740663 0.021441255030210781 0.038375583887892917 -0.044304038049180851 -0.03458918507508775 -0.060774058790812525 0.058822697151871321 0.0030034252078285253 -0.043988902874297103 -0.01267082198578429
leaf_weight=182.0312155559659 99.256769105792046 202.61660570651293 86.493134669959545 60.477152906358242 76.154170319437981 37.278064206242561 20.455222181975842 4.2449613735079756 27.103513993322853 1.8278147876262654 8.8431930467486364 1.2250833809375752 0.98603145778179069 19.024900391697887 16.081389307975769 23.20895890891552 19.953099206089973 1.2822254672646511 23.452861338853836 5.8791301250457746 31.720785140991211 28.421285361051559 11.85039319843054 13.889324776828287 12.870678342878817 6.5442856252193442 4.2931727468967429 5.4808061420917511 2.1016280725598335 58.777878031134605
leaf_count=1912 543 1042 682 319 598 189 119 30 216 8 45 6 6 93 74 136 93 7 107 27 184 149 68 137 80 38 26 28 17 292
internal_value=-0.000176686 -0.00830176 -0.000745261 -0.0144494 0.0330715 0.00534171 -0.0289432 -0.0332434 0.0021777 -0.0250969 -0.0313189 -0.0330396 -0.0355268 0.0215146 0.0279016 0.000350404 0.00857925 -0.0476646 0.00506286 0.00280485 0.00118669 -0.0123299 -0.0363426 -0.0062389 0.00864603 -0.00140963 -0.0100772 0.0504393 0.0418646 -0.00155249
internal_weight=1093.83 879.015 643.457 197.902 214.81 445.555 235.559 215.104 408.277 39.0567 37.2289 87.7182 208.757 138.656 115.338 110.183 86.9745 28.3857 369.22 345.767 334.407 118.92 207.771 25.7397 215.487 67.0214 23.3181 11.3599 6.34659 87.1992
internal_count=7271 5937 3648 1274 1334 2374 2289 2170 2185 276 268 688 2123 736 617 586 450 223 1909 1802 1747 625 2117 205 1122 357 119 55 47 441
is_linear=0
shrinkage=0.05


Tree=34
num_leaves=31
num_cat=0
split_feature=279 245 112 126 304 253 149 254 251 310 50 168 177 186 219 108 206 6 257 104 36 25 164 205 219 276 50 254 158 25
split_gain=110.75 48.8621 25.1109 23.6532 17.9651 16.565 16.5255 20.6884 16.4354 14.2837 15.4486 13.7844 11.2945 10.532 17.7622 12.6981 14.4402 13.861 11.0772 14.7374 10.3412 10.1374 9.81276 9.79731 9.46984 9.45967 9.41323 9.08557 8.43928 10.0168
threshold=0.0021499999566003685 0.0018500000005587938 1.0000000180025095e-35 0.0049499999731779107 0.0044499998912215242 0.0018500000005587938 1.0000000180025095e-35 1.0000000180025095e-35 0.0028499999316409235 0.0050000001210719356 0.0014499999815598132 1.0000000180025095e-35 0.11005000025033952 0.0010500000207684936 0.0019500000635161998 1.0000000180025095e-35 0.0022500000195577745 1.0000000180025095e-35 0.0058500000741332778 0.0011500000255182388 1.0000000180025095e-35 0.00335000001359731 0.023000000044703487 0.0014499999815598132 0.0012500000302679839 0.0028499999316409235 0.041850000619888313 0.0075499999802559623 0.0010500000207684936 0.0011500000255182388
decision_type=2 2 2 2 2 2 2 2 2 2 2 2 2 2 2 2 2 2 2 2 2 2 2 2 2 2 2 2 2 2
left_child=1 2 6 -2 8 -5 7 11 9 10 13 23 -12 15 -15 17 21 18 19 -3 -10 27 -4 -1 -23 -19 -11 -17 -9 -30
right_child=3 4 22 5 -6 -7 -8 28 20 26 12 -13 -14 14 -16 16 -18 25 -20 -21 -22 24 -24 -25 -26 -27 -28 -29 29 -31
leaf_value=-0.022138116053684431 0.043940563008542849 0.011474737422695275 -0.049511922741897599 -0.0098374772465420566 0.050713558895213562 0.05096936384829065 -0.033024157864464589 0.042464649578951588 0.02196091940908072 0.072281723771356568 -0.025737977363643014 0.04472339269884569 0.086308165636820186 0.048991132289267103 -0.040938463270357293 -0.045288014273722692 0.045622734117459693 -0.046329601805746495 0.037592647070853094 -0.036708176117303801 -0.059411472421907668 -0.0097628123228035713 0.081899163811587392 0.085791179554981042 0.098866647474230379 0.0038411043009626772 -0.046779943242215946 0.024427563241710575 -0.021589300082487231 0.038626190823454414
leaf_weight=136.14999377727509 144.77802976220846 97.029093012213707 76.256623156368732 42.678417317569256 18.318427123129368 15.185399480164049 88.354963652789593 23.211434625089169 94.209218695759773 9.3147363066673261 95.136599116027355 8.612757094204424 2.3035890385508528 23.255669027566913 7.1878140941262236 47.037764340639114 7.2979852557182303 20.499680526554585 30.193604156374931 18.973059758543968 4.0732353627681723 10.465646170079706 1.4475515037775029 2.1356378346681586 2.482072874903678 17.344941906630993 2.0201365649700156 5.1889366135001174 17.625599220395092 11.356283754110335
leaf_count=1061 950 527 901 212 113 99 770 119 445 48 681 47 11 116 38 285 41 149 149 109 22 63 11 11 12 97 10 27 89 58
internal_value=-0.000175484 -0.00786946 -0.0218452 0.0331411 0.00209141 0.00612027 -0.015028 -0.00704149 0.000288458 -0.00425648 -0.00588768 -0.0166489 -0.0230891 -4.66974e-05 0.0277584 -0.00334667 -0.0210745 0.00363429 0.0106157 0.00359404 0.0185885 -0.028543 -0.0470639 -0.0204713 0.0110614 -0.0233354 0.0510622 -0.0383615 0.0199986 0.00200559
internal_weight=1080.12 877.483 365.151 202.642 512.332 57.8638 287.447 199.092 494.014 395.731 384.396 146.898 97.4402 286.956 30.4435 256.513 72.4724 184.04 146.196 116.002 98.2825 65.1744 77.7042 138.286 12.9477 37.8446 11.3349 52.2267 52.1933 28.9819
internal_count=7271 6010 3067 1261 2943 311 2155 1385 2830 2363 2305 1119 692 1613 154 1459 428 1031 785 636 467 387 912 1072 75 246 58 312 266 147
is_linear=0
shrinkage=0.05


Tree=35
num_leaves=31
num_cat=0
split_feature=214 240 302 149 111 189 183 236 53 104 203 168 163 149 203 89 225 257 101 123 108 183 215 313 265 166 246 176 149 255
split_gain=102.885 39.2592 33.8864 22.7246 19.96 17.6759 15.6 14.4604 13.2922 11.8647 11.7555 12.1923 11.549 11.4385 17.6819 11.1929 11.9097 9.48355 9.11186 9.07283 9.04741 9.02937 8.90154 8.77217 8.71318 8.52393 8.5062 17.5682 10.1834 10.8171
threshold=0.0010500000207684936 0.0010500000207684936 0.0039500000420957812 0.0011500000255182388 0.0010500000207684936 1.0000000180025095e-35 0.0014499999815598132 0.0010500000207684936 1.0000000180025095e-35 0.0010500000207684936 0.0071499999612569818 1.0000000180025095e-35 0.010250000283122064 1.0000000180025095e-35 0.0013499999768100681 0.0011500000255182388 0.0015499999863095584 0.088750001043081297 0.0055499998852610597 0.0021499999566003685 0.0053499999921768912 0.0018500000005587938 0.38940000534057623 0.0015499999863095584 0.067050002515316023 0.0030000001424923543 0.0013499999768100681 0.0059500001370906839 0.0093499999493360537 0.060450000688433654
decision_type=2 2 2 2 2 2 2 2 2 2 2 2 2 2 2 2 2 2 2 2 2 2 2 2 2 2 2 2 2 2
left_child=1 7 4 5 12 9 25 8 15 10 11 19 13 20 24 16 23 -17 -8 21 -2 -3 -10 -1 -15 -5 -16 28 29 -28
right_child=2 3 -4 6 -6 -7 18 -9 22 -11 -12 -13 -14 14 26 17 -18 -19 -20 -21 -22 -23 -24 -25 -26 -27 27 -29 -30 -31
leaf_value=-0.018127976549079394 0.035040034632683285 -0.0036556569301630956 0.054407923431502719 -0.029159054536536139 -0.03237905184351527 0.017428188445633843 0.046229928331234321 0.096570572766592352 -0.04656915132103559 -0.036436112780524194 0.11147509906634555 0.079275465840176654 0.059131750354637504 -0.020240888378037336 0.055979195386752348 -0.050919112931401722 0.10884473036104714 0.097398384817266009 -0.016759748052342864 -0.039700927736221379 -0.031950976805342222 0.047203293906053496 0.10520661451666123 0.042279491334566391 0.015575199348106568 0.033436045531380486 -0.0079239510632853945 0.046238511199145627 -0.042942936466051664 0.087695128178320716
leaf_weight=112.53361991047859 77.651141703128815 137.62495540827513 67.292744502425194 117.33837416768074 20.739621669054031 147.81213101744652 12.984995074570181 2.3301656767725936 81.622346043586731 26.704857803881168 2.308479130268096 4.4768953472375861 16.472119644284248 53.412996344268322 17.376205027103424 31.572611480951309 1.9766741469502438 1.11586184054613 10.291722998023031 16.343947157263756 5.3898401260375968 9.3178089410066587 0.97762274742126365 6.3489488437771788 24.895608708262444 5.7030987590551367 11.49721132963896 25.216203719377518 13.331770099699495 3.9822241663932791
leaf_count=1006 418 770 572 839 115 730 65 16 1019 177 11 20 99 272 88 325 11 6 57 118 27 44 5 36 122 28 59 125 71 20
internal_value=-0.000173491 -0.0107329 0.0226632 -0.00264776 0.0147504 0.00436222 -0.0191567 -0.0273761 -0.0285992 -0.00545249 -0.000587412 -0.00212943 0.0186723 0.015809 0.00755387 -0.0198986 -0.012878 -0.0458561 0.0183793 -0.00436134 0.0306919 -0.000430633 -0.0447728 -0.0149019 -0.00885436 -0.0262577 0.0255488 0.0157619 -0.010912 0.0166749
internal_weight=1066.64 729.385 337.258 490.907 269.965 344.589 146.318 238.478 236.148 196.777 170.072 167.764 249.225 232.753 149.712 153.548 120.859 32.6885 23.2767 163.287 83.041 146.943 82.6 118.883 78.3086 123.041 71.4036 54.0274 28.8112 15.4794
internal_count=7271 5283 1988 2859 1416 1870 989 2424 2408 1140 963 952 1301 1202 757 1384 1053 331 122 932 445 814 1024 1042 394 867 363 275 150 79
is_linear=0
shrinkage=0.05


Tree=36
num_leaves=31
num_cat=0
split_feature=302 288 240 50 251 265 279 302 154 251 149 89 203 62 310 104 308 100 176 154 25 276 164 265 133 154 25 177 225 215
split_gain=96.0736 47.6457 22.1115 21.194 16.8204 14.1249 13.9511 13.1414 14.3297 12.9365 12.7946 12.4906 13.8446 11.9562 11.4941 11.1249 10.5988 10.5279 10.1161 9.51239 8.52337 8.39231 8.16006 8.09717 10.9112 9.4734 10.435 9.51711 8.06644 8.05218
threshold=0.0014499999815598132 1.0000000180025095e-35 0.085650000721216216 0.0014499999815598132 1.0000000180025095e-35 0.0029499999945983295 0.0018500000005587938 0.0039500000420957812 0.10840000212192537 0.0034500000765547161 0.0010500000207684936 0.0018500000005587938 0.0021499999566003685 0.0018500000005587938 0.009000000078231098 1.0000000180025095e-35 0.0017499999958090486 0.0024500000290572648 0.038850000128149993 0.0010500000207684936 0.0021499999566003685 0.0080500002950429934 0.040999999269843108 0.014449999667704107 0.0024500000290572648 0.0014499999815598132 0.0019500000635161998 0.0010500000207684936 0.0013499999768100681 0.099950000643730177
decision_type=2 2 2 2 2 2 2 2 2 2 2 2 2 2 2 2 2 2 2 2 2 2 2 2 2 2 2 2 2 2
left_child=1 4 3 6 5 16 11 8 -2 14 -7 15 13 19 29 23 21 -11 22 -13 -6 -1 -17 24 25 26 -3 -28 -8 -5
right_child=7 2 -4 9 20 10 28 -9 -10 17 -12 12 -14 -15 -16 18 -18 -19 -20 -21 -22 -23 -24 -25 -26 -27 27 -29 -30 -31
leaf_value=-0.038652349487643234 0.028228812998093225 0.0079885109380616239 0.033187732253333879 -0.02858584161453841 0.045370890270173908 0.036517599286085126 0.043701769000187449 0.052395983655352453 -0.057715209781874811 0.033743734709658184 -0.029231456798255347 -0.010138587018852745 0.034721892336219411 0.085491004209962973 0.054211018606048392 -0.01370457052345375 0.12250824669848651 -0.075201873494462265 0.074752377845396206 -0.043158060827453909 -0.020214408375178752 0.044033471355699245 0.066628369160469228 0.032980062354101357 -0.037760829589413146 -0.033301436029798508 0.069015415311914408 0.0065391107580853444 0.0040059132568713973 0.035966299353037648
leaf_weight=169.91726138442755 82.654924422502518 120.35981471836567 47.164307154715061 129.12164416909218 11.484425224363806 13.721940800547602 30.904361486434937 68.575840324163437 5.1523884385824195 17.229268245399002 16.058424212038517 48.635433822870255 12.265239782631395 2.5207924991846076 4.5998449921607962 98.7881004139781 1.0456423386931408 2.5450542718172064 3.5476845502853385 39.54786978662014 8.7114894539117795 3.1251758262515059 3.2656549140810958 36.759028680622578 12.554132737219332 11.3565556704998 14.853503175079824 10.338118471205233 21.843044579029083 5.0187186524271956
leaf_count=1917 477 628 249 953 60 78 152 598 25 82 160 254 62 13 24 576 6 14 15 255 59 23 17 175 68 72 75 49 107 28
internal_value=-0.000170372 -0.00647343 0.000173575 -0.00231358 -0.0264448 -0.0307566 0.00304311 0.0359948 0.0231858 -0.0181131 0.00106383 -3.68918e-05 -0.0151358 -0.0218777 -0.0235057 0.00494905 -0.0362 0.0197219 -0.00824861 -0.0249469 0.0170807 -0.037159 -0.011134 0.0117073 0.00709288 0.0106816 0.0141134 0.0433764 0.0272635 -0.0261707
internal_weight=1053.67 897.283 673.218 626.054 224.064 203.868 467.539 156.383 87.8073 158.515 29.7804 414.792 102.969 90.7041 138.74 311.823 174.088 19.7743 105.601 88.1833 20.1959 173.042 102.054 206.221 169.462 156.908 145.551 25.1916 52.7474 134.14
internal_count=7271 6171 3868 3619 2303 2184 2518 1100 502 1101 238 2259 584 522 1005 1675 1946 96 608 509 119 1940 593 1067 892 824 752 124 259 981
is_linear=0
shrinkage=0.05


Tree=37
num_leaves=31
num_cat=0
split_feature=279 288 232 50 126 112 253 276 89 304 251 101 313 92 265 265 276 254 282 214 186 177 149 183 246 278 89 225 180 276
split_gain=88.8824 37.6796 24.9559 22.8721 21.5336 15.7196 15.3736 14.8271 13.8099 12.6653 12.6695 11.4903 12.083 11.4323 10.6567 10.4496 10.407 10.0679 12.0295 9.89688 9.35729 9.35528 8.92186 8.64186 13.2881 8.43981 8.09458 7.97029 7.62692 7.5524
threshold=0.0021499999566003685 0.0010500000207684936 0.0035500000230968003 0.0010500000207684936 0.0036499999696388845 1.0000000180025095e-35 0.0018500000005587938 0.0079499999992549437 0.0017499999958090486 1.0000000180025095e-35 1.0000000180025095e-35 0.0083499997854232805 0.0024500000290572648 0.0015499999863095584 0.016849999316036705 0.0030500000575557355 0.011950000189244749 1.0000000180025095e-35 0.0012500000302679839 0.0069500000681728133 0.0015499999863095584 0.0095500000752508658 0.0012500000302679839 0.0014499999815598132 0.016449999995529655 0.31489999592304235 0.0031500000040978198 0.0063499999232590207 0.035749999806284911 0.0023500000825151805
decision_type=2 2 2 2 2 2 2 2 2 2 2 2 2 2 2 2 2 2 2 2 2 2 2 2 2 2 2 2 2 2
left_child=1 5 3 8 -2 7 -6 9 11 10 15 12 17 25 29 -1 -9 20 -19 -5 27 -16 -17 24 -4 -13 -12 -3 -26 -10
right_child=4 2 23 19 6 -7 -8 16 14 -11 26 13 -14 -15 21 22 -18 18 -20 -21 -22 -23 -24 -25 28 -27 -28 -29 -30 -31
leaf_value=-0.030664571073793313 0.042685740425601082 -0.0037737754483259376 0.030179399652297562 -0.024982653885481178 -0.0064299436157016915 -0.043301645944271244 0.049713695231177968 0.15766104356637553 -0.037690169228298515 0.078990025675810177 0.036404641349626274 -0.024064805907186904 0.053801472798478835 0.11298239409189577 0.024530444347481622 0.038263026161786895 0.012897993455123054 0.03198835231910549 -0.018076144420824804 0.060159914190873458 0.076524046342247964 -0.080113982302446402 -0.035482121134579922 0.046472686062697409 -0.026549240953002942 0.068763699247306617 -0.052076291336781183 0.065236374041265949 0.045072983537084527 -0.0018856276327844153
leaf_weight=119.14909271150827 125.99101178348064 138.01399880647659 44.095003627240658 130.40818120539188 49.55960875749588 73.375155832618475 16.171789638698101 1.9759966209530819 44.975243806838989 3.2822841703891745 14.060111232101919 47.19683463871479 15.514392174780367 1.6900705769658078 20.445623897016052 10.969873748719694 3.3400835171341896 63.958782069385052 14.769219830632208 3.5047971233725539 3.9304610416293135 2.3849599361419669 6.5503989905118933 27.253658726811409 22.177149951457981 2.5825362354516974 3.1670934408903113 4.3147699981927863 4.4654423967003813 21.899733558297157
leaf_count=1244 890 753 244 967 254 921 117 12 276 19 71 283 82 9 102 57 20 311 73 16 19 11 61 151 119 11 20 20 22 116
internal_value=-0.000167976 -0.00710836 -0.000579243 -0.00497529 0.0305823 -0.0240929 0.00738299 -0.0154191 0.00126255 -0.0181968 -0.0202696 0.00653433 0.0111229 -0.0149069 -0.0158959 -0.0253629 0.0667067 0.00817996 0.0225964 -0.0227543 0.000419945 0.0135989 0.0106915 0.0225509 0.0133344 -0.0192489 0.0201381 -0.0016817 -0.014545 -0.0259652
internal_weight=1041.17 849.451 613.581 515.59 191.722 235.87 65.7314 162.495 381.677 157.179 153.897 291.971 240.502 51.4694 89.7056 136.669 5.31608 224.987 78.728 133.913 146.259 22.8306 17.5203 97.9913 70.7376 49.7794 17.2272 142.329 26.6426 66.875
internal_count=7271 6010 3585 3049 1261 2425 371 1504 2066 1472 1453 1561 1258 303 505 1362 32 1176 384 983 792 113 118 536 385 294 91 773 141 392
is_linear=0
shrinkage=0.05


Tree=38
num_leaves=31
num_cat=0
split_feature=302 240 240 112 254 50 43 126 302 154 278 265 162 133 228 232 115 232 64 53 203 149 223 36 89 203 158 53 262 101
split_gain=83.6741 41.0868 19.0154 20.1747 14.7635 13.724 13.685 13.5427 12.9305 12.8814 12.3604 11.2971 10.2203 10.8573 14.7485 11.4018 9.91326 9.83649 9.61325 11.0983 9.20696 9.51824 8.57157 8.43744 8.24093 8.22465 10.5894 9.71224 8.6284 9.34479
threshold=0.0014499999815598132 0.0010500000207684936 0.085650000721216216 0.0016499999910593035 0.0064499999862164268 1.0000000180025095e-35 0.0021499999566003685 0.0015499999863095584 0.0039500000420957812 0.10840000212192537 0.0044499998912215242 0.049249999225139625 0.0030000001424923543 0.0011500000255182388 0.0011500000255182388 0.01625000033527613 0.0022500000195577745 0.002549999975599349 0.0066499998793005952 1.0000000180025095e-35 0.012349999975413086 0.0015499999863095584 0.0011500000255182388 0.0018500000005587938 0.0045499999541789302 0.0069500000681728133 0.0016499999910593035 0.0015499999863095584 0.0012500000302679839 0.036049999296665199
decision_type=2 2 2 2 2 2 2 2 2 2 2 2 2 2 2 2 2 2 2 2 2 2 2 2 2 2 2 2 2 2
left_child=1 5 3 4 6 18 12 24 9 -2 -5 -9 13 15 -15 25 -12 -7 19 20 21 22 -1 -13 -6 27 -27 -3 29 -28
right_child=8 2 -4 10 7 17 -8 11 -10 -11 16 23 -14 14 -16 -17 -18 -19 -20 -21 -22 -23 -24 -25 -26 26 28 -29 -30 -31
leaf_value=-0.0063815176731498282 0.026544138279479202 0.0017958647420665075 0.031274170027984591 -0.042413341837985889 0.047260735801147175 -0.045357272453210404 -0.027707335061350466 -0.02191532637550235 0.051359489086448051 -0.055448679733617605 0.018881844710783982 0.051935375184777199 0.063976721451220617 -0.042933347683688047 0.0021121422996624615 0.051047872113738436 -0.069087431792621098 0.0030796975593284826 0.10807705483290997 -0.047677177359540038 0.067689587827069547 -0.037645180146835593 0.089994001535663892 -0.055329258621465011 -0.018370724958526482 0.10149267542580849 -0.034705034563803992 -0.03906696943219122 0.088882998043540606 0.051470811613288862
leaf_weight=82.493373513221741 80.572322577238083 274.12722650170326 46.384118407964706 45.848742574453354 39.444648183882236 80.334655903279781 47.259699620306492 24.115825124084949 64.122156627476215 5.0929426401853553 18.013524360954765 11.547445833683012 6.2882877290248862 32.262829825282097 41.603509925305843 12.226790346205233 3.8950141370296469 12.054340600967405 1.5888557359576214 22.587184734642506 3.7511802315711966 27.262676045298576 2.3734808042645446 2.1793120950460425 5.4428954347968093 4.3489965051412609 8.6373324170708674 15.355826757848261 3.1202224493026725 4.9479883611202231
leaf_count=735 477 1463 249 367 196 1068 330 132 598 25 92 55 32 217 217 62 20 98 9 272 23 255 13 10 28 20 51 119 14 24
internal_value=-0.000164944 -0.00604821 0.000429112 -0.00195278 0.00131467 -0.0240789 -0.00225295 0.020728 0.0343794 0.0216695 -0.0276511 -0.00130448 0.00073268 -0.000270007 -0.0175625 0.00368747 0.00324221 -0.0390375 -0.0142114 -0.0156146 -0.00936503 -0.0119428 -0.00368617 0.0349056 0.0393025 0.00182275 0.0319952 -0.000371732 0.0139027 -0.00331843
internal_weight=1029.28 879.496 647.05 600.666 532.909 232.446 450.179 82.7301 149.787 85.6653 67.7573 37.8426 402.919 396.631 73.8663 322.764 21.9085 92.389 140.057 138.468 115.881 112.13 84.8669 13.7268 44.8875 310.538 21.0545 289.483 16.7055 13.5853
internal_count=7271 6171 3698 3449 2970 2473 2549 421 1100 502 479 197 2219 2187 434 1753 112 1166 1307 1298 1026 1003 748 65 224 1691 109 1582 89 75
is_linear=0
shrinkage=0.05


Tree=39
num_leaves=31
num_cat=0
split_feature=189 304 126 50 219 189 89 104 289 181 203 6 149 158 276 257 251 180 301 95 246 251 176 234 258 126 240 225 228 313
split_gain=78.3603 42.8108 30.5292 26.6343 17.0848 15.4645 15.4174 14.5031 14.7337 14.4038 13.2545 12.772 12.1707 11.1438 12.8153 10.8446 11.3703 10.1292 10.1038 10.0756 9.70861 9.67559 9.57324 9.1917 8.94137 8.42914 8.38673 8.19292 7.77385 7.51768
threshold=0.0011500000255182388 0.0028499999316409235 0.0018500000005587938 1.0000000180025095e-35 0.0014499999815598132 0.013849999755620958 0.0016499999910593035 1.0000000180025095e-35 0.0013499999768100681 0.0014499999815598132 0.0084500000812113302 1.0000000180025095e-35 1.0000000180025095e-35 0.027749999426305298 0.00335000001359731 0.0058500000741332778 0.0081500001251697558 1.0000000180025095e-35 0.041050000116229064 0.0017499999958090486 0.0020500000100582842 0.0085500003769993799 0.0018500000005587938 0.0024500000290572648 0.0030000001424923543 0.027300000190734867 0.0035500000230968003 0.0031500000040978198 0.0015499999863095584 0.0011500000255182388
decision_type=2 2 2 2 2 2 2 2 2 2 2 2 2 2 2 2 2 2 2 2 2 2 2 2 2 2 2 2 2 2
left_child=3 2 4 6 13 22 7 10 -9 18 11 12 15 14 -2 16 17 28 -5 25 27 -17 -4 -14 26 -7 -8 -19 29 -1
right_child=1 -3 5 9 -6 19 24 8 -10 -11 -12 -13 23 -15 -16 21 -18 20 -20 -21 -22 -23 -24 -25 -26 -27 -28 -29 -30 -31
leaf_value=0.0098555305754751965 0.0017476561951905421 0.048631315080514159 -0.027498132007007133 -0.040181619194311402 0.039032884511057429 0.029041133429286117 -0.052254769370328115 -0.035730219388344038 0.03608078273447661 0.069060911845533673 0.073395207783586977 -0.035820481139701738 -0.031899305298951013 -0.020055468422713447 0.030915684354548223 0.061681481470549374 0.064313481889524876 -0.027616480139979263 0.0037975633103784195 -0.031272380846554752 0.015768016458629762 -0.035741052149835896 0.0046296096333034295 0.080727095545973626 0.033364364320616173 -0.010687821346316056 -0.013032042077904591 0.056888346133042167 0.12537115641955929 0.094788461600029766
leaf_weight=74.705583341419697 78.580376088619232 73.938954658806324 85.306870300322771 121.31686336547136 75.178800724446774 47.05812781304121 32.47553913667798 48.431609895080328 8.3785133287310583 3.3789207488298407 6.4980995133519164 21.393458694219589 28.25277399644256 25.427166435867548 72.310838118195534 15.581859271973373 7.8164672702550879 48.953129775822163 14.635040856897829 12.459216125309466 24.022843670099974 3.0469413101673117 31.84121398627758 1.9356886819005001 5.0994636341929427 18.638876549899578 23.484259210526943 3.0467562600970259 1.5651348531246174 2.6995298266410819
leaf_count=540 406 611 602 1430 466 269 292 399 45 19 34 182 234 141 385 84 33 333 93 70 123 13 163 10 25 100 131 14 10 14
internal_value=-0.000162381 0.0133896 0.00755767 -0.0143698 0.0190752 -0.0072737 -0.0071406 -0.00242655 -0.0251393 -0.0329129 0.00296058 0.000996415 0.00471825 0.0105656 0.0157257 0.00960928 0.00547437 0.00250705 -0.0354473 0.00995165 -0.0105205 0.045747 -0.0187657 -0.0246777 -0.0300185 0.0177696 -0.0357944 -0.0226652 0.0150483 0.0128176
internal_weight=1017.46 520.74 446.801 496.718 251.497 195.304 357.388 296.328 56.8101 139.331 239.518 233.02 211.627 176.318 150.891 181.438 162.809 154.993 135.952 78.1562 76.0227 18.6288 117.148 30.1885 61.0593 65.697 55.9598 51.9999 78.9702 77.4051
internal_count=7271 3213 2602 4058 1398 1204 2516 2068 444 1542 1624 1590 1408 932 791 1164 1067 1034 1523 439 470 97 765 244 448 369 423 347 564 554
is_linear=0
shrinkage=0.05


Tree=40
num_leaves=31
num_cat=0
split_feature=302 288 259 53 280 230 53 251 254 158 251 189 245 126 89 313 179 245 167 50 186 302 154 265 308 246 158 108 251 47
split_gain=72.7493 36.56 19.9501 21.1297 19.3124 16.7194 13.8622 13.6832 13.5329 12.7414 12.5621 12.3009 10.4314 10.3929 10.8457 10.3705 9.77528 9.43128 8.86908 8.96796 8.70766 8.48944 8.7463 8.33425 8.14524 8.13432 12.0113 8.16042 7.84633 10.0179
threshold=0.0018500000005587938 1.0000000180025095e-35 0.009000000078231098 0.0011500000255182388 0.0059500001370906839 0.0048500001430511483 1.0000000180025095e-35 1.0000000180025095e-35 0.0053499999921768912 0.0040500001050531873 0.014349999837577345 0.013550000265240671 0.035749999806284911 0.0013499999768100681 0.0045499999541789302 0.0015499999863095584 0.0027499999850988392 0.0013499999768100681 0.0035500000230968003 0.0011500000255182388 1.0000000180025095e-35 0.0039500000420957812 0.10840000212192537 0.047450000420212753 0.0017499999958090486 0.0018500000005587938 1.0000000180025095e-35 1.0000000180025095e-35 0.0049499999731779107 1.0000000180025095e-35
decision_type=2 2 2 2 2 2 2 2 2 2 2 2 2 2 2 2 2 2 2 2 2 2 2 2 2 2 2 2 2 2
left_child=1 5 3 4 8 6 7 12 9 18 11 20 15 14 -10 24 -8 -5 19 28 -11 22 -2 -15 -1 26 27 -9 29 -3
right_child=21 2 -4 17 -6 -7 16 25 13 10 -12 -13 -14 23 -16 -17 -18 -19 -20 -21 -22 -23 -24 -25 -26 -27 -28 -29 -30 -31
leaf_value=-0.02662545463174797 0.028301159095660888 0.0071982266022052599 0.039752321697338416 -0.038280799558748163 0.043170825215098345 0.13877703389740542 -0.049959036702385891 0.069782359933331081 0.040843413031418724 -0.027733598642071013 0.068811903692262116 0.031208373841808426 0.10620522005504048 -0.017319791321222435 -0.031260003848698141 0.080520923974942024 0.031126239503416343 -0.0097654847988805499 0.029829379586097202 -0.028600083220267469 0.012555670350645682 0.050318302066985926 -0.053400337819863891 0.037596788495178245 0.11032691991297545 0.10289822348558127 -0.062421429436871262 -0.025330560919909512 0.033448333800526302 -0.018658612374618851
leaf_weight=122.92629208415747 51.80237677693367 144.22367360442877 31.042295426130295 43.483963668346405 28.604350596666336 1.577669322490691 56.831344690173864 6.9783463925123232 46.696816764771938 106.67213233560324 4.3023483455181113 11.601767159998415 1.5707893446087826 25.430311568081379 5.871107578277587 2.3540376871824256 3.9770497530698767 87.037932422012091 28.429883286356926 24.150475338101387 15.339564099907873 59.760111473500729 3.4968207627534857 9.485795393586157 1.095361441373824 2.8432619124650946 4.0671905949711791 3.3318800702691078 19.89280740916729 50.603528521955013
leaf_count=1285 330 774 182 427 145 10 857 31 246 657 20 56 8 135 31 13 36 549 141 175 78 598 16 50 6 15 28 18 89 265
internal_value=-0.000160524 -0.00499512 0.000590492 -0.00127453 0.00322996 -0.0233723 -0.0246143 -0.0162192 0.000911143 -0.00293916 -0.0152824 -0.0179902 -0.0218509 0.0187453 0.0327905 -0.0234426 -0.0446558 -0.0192655 0.00342942 0.000287347 -0.0226683 0.0372535 0.0231348 -0.00240039 -0.0254159 0.0256235 0.0103417 0.0390454 0.00353644 0.000482289
internal_weight=1005.48 890.422 682.869 651.826 521.305 207.553 205.976 145.167 492.7 405.216 137.916 133.613 127.946 87.484 52.5679 126.376 60.8084 130.522 267.3 238.87 122.012 115.059 55.2992 34.9161 124.022 17.2207 14.3774 10.3102 214.72 194.827
internal_count=7271 6327 4020 3838 2862 2307 2297 1404 2717 2255 811 791 1312 462 277 1304 893 976 1444 1303 735 944 346 185 1291 92 77 49 1128 1039
is_linear=0
shrinkage=0.05


Tree=41
num_leaves=31
num_cat=0
split_feature=189 304 126 53 183 219 164 278 149 219 112 133 95 149 162 278 158 232 25 254 154 123 126 226 215 163 288 255 232 104
split_gain=67.5482 38.7021 26.7609 22.8925 15.9386 15.3875 14.5913 13.884 12.562 15.2849 12.2185 12.7897 12.2558 14.6943 10.2531 10.0974 9.70785 13.124 8.85592 8.71164 9.53974 11.3112 7.79263 10.0223 7.71667 7.54141 7.59017 13.1125 7.42367 7.14015
threshold=0.0011500000255182388 0.0028499999316409235 0.0018500000005587938 0.0015499999863095584 0.0013499999768100681 0.0014499999815598132 0.010999999940395357 0.0040500001050531873 0.0047500000800937423 0.0072500000242143878 0.0010500000207684936 0.0051500000990927228 1.0000000180025095e-35 1.0000000180025095e-35 1.0000000180025095e-35 0.0014499999815598132 0.027749999426305298 0.0083499997854232805 0.0058500000741332778 0.0053499999921768912 0.0011500000255182388 0.0070500001311302194 0.051400000229477889 0.096200000494718566 0.0015499999863095584 0.028599999845027927 0.051799999549984939 0.0054500000551342973 0.0011500000255182388 0.0010500000207684936
decision_type=2 2 2 2 2 2 2 2 2 2 2 2 2 2 2 2 2 2 2 2 2 2 2 2 2 2 2 2 2 2
left_child=3 2 5 4 10 16 -5 8 9 -4 11 12 13 14 29 -12 17 19 -15 20 21 -2 -9 -24 -17 26 -10 -28 -22 -1
right_child=1 -3 7 6 -6 -7 -8 22 25 -11 15 -13 -14 18 -16 24 -18 -19 -20 -21 28 -23 23 -25 -26 -27 27 -29 -30 -31
leaf_value=-0.00024093342099324968 0.013783805578633099 0.047175309918734649 -0.012210275065706398 -0.044448488431747521 0.018129873803268217 0.037207449753333517 0.03777794024719551 0.022329925446902387 -0.037829149419913485 0.051620164828170806 -0.045017534572422371 -0.04994047534029708 0.13440125661723282 -0.039395192291088565 0.080607210560595763 0.082287527017704393 -0.018892605074834135 0.052851854250848609 0.041463175164005911 0.032551443744317995 -0.043790266980072143 -0.072466285395854868 -0.044552860509718177 0.049565867190120919 -0.015135584554644194 0.092825818484020203 0.041152096787194503 -0.068960192549195318 0.036569981769638174 -0.030070388704772091
leaf_weight=212.80895125493407 76.226291164755821 69.678685426712036 40.072790317237377 72.300889570266008 48.527058757841587 73.011495515704155 5.8303296305239192 47.497924275696278 64.260801184922457 12.244541086256502 43.546125665307045 17.52812771499157 1.5472401306033123 41.603850413113832 3.7203289717435828 2.6815768666565409 25.113220538944006 19.591373778879642 3.6863326430320731 30.051668062806129 16.090414680540565 4.0007827952504149 10.646873064339159 3.8517568781971923 8.3982318043708784 1.2507711797952641 8.2532686740159971 4.0208368673920623 3.4988670647144309 22.149155166000128
leaf_count=1459 395 611 223 974 261 466 43 259 502 76 496 137 12 391 18 18 141 101 32 158 95 24 59 19 56 6 39 21 18 161
internal_value=-0.000157878 0.0125539 0.00706733 -0.0135268 -0.00875925 0.0179329 -0.0383126 -0.00693655 -0.0162156 0.00272884 -0.0124074 -0.00848384 -0.00593878 -0.00670344 -0.00174889 -0.0341741 0.0098717 0.0147049 -0.0328138 0.00895018 0.00184455 0.00948267 0.0125361 -0.0195489 0.00844312 -0.0289573 -0.0309476 0.00508075 -0.029437 -0.00305291
internal_weight=993.691 509.362 439.684 484.328 406.197 247.584 78.1312 192.1 130.103 52.3173 357.67 303.044 285.516 283.969 238.678 54.6259 174.573 149.459 45.2902 129.868 99.8164 80.2271 61.9966 14.4986 11.0798 77.7857 76.5349 12.2741 19.5893 234.958
internal_count=7271 3213 2602 4058 3041 1398 1017 1204 867 299 2780 2210 2073 2061 1638 570 932 791 423 690 532 419 337 78 74 568 562 60 113 1620
is_linear=0
shrinkage=0.05


Tree=42
num_leaves=31
num_cat=0
split_feature=302 240 304 254 50 89 96 228 223 124 168 262 245 164 205 185 215 262 265 89 126 25 189 221 276 25 149 189 115 104
split_gain=63.4827 31.5615 17.4898 14.486 13.6838 12.5108 12.2974 11.706 11.2418 10.1814 9.97756 10.0073 9.34399 9.28003 9.07416 8.4909 8.6716 8.1196 8.10223 17.8032 11.8395 8.02687 8.01992 7.88753 9.6727 7.59718 10.127 9.77713 8.45372 8.35672
threshold=0.0018500000005587938 0.0010500000207684936 0.0028499999316409235 0.0064499999862164268 0.0014499999815598132 1.0000000180025095e-35 0.0012500000302679839 0.0021499999566003685 0.0015499999863095584 0.003249999950639904 0.018999999389052395 0.02094999980181456 0.029050000011920932 0.031000000424683097 0.020150000229477886 0.0010500000207684936 0.38940000534057623 0.0082499999552965182 0.048499999567866332 0.0076500000432133683 0.0015499999863095584 0.0014499999815598132 0.0019500000635161998 0.019949999637901786 0.0077499998733401307 0.0052499999292194852 0.0012500000302679839 0.0044499998912215242 0.045350000262260444 0.002549999975599349
decision_type=2 2 2 2 2 2 2 2 2 2 2 2 2 2 2 2 2 2 2 2 2 2 2 2 2 2 2 2 2 2
left_child=1 5 3 4 10 8 18 17 12 22 11 25 14 -7 15 16 21 -6 19 20 -5 -1 -2 24 -22 26 29 28 -28 -3
right_child=9 2 -4 6 7 13 -8 -9 -10 -11 -12 -13 -14 -15 -16 -17 -18 -19 -20 -21 23 -23 -24 -25 -26 -27 27 -29 -30 -31
leaf_value=-0.0096593482476027212 -1.6516823303340263e-05 0.0037847457990091795 0.042292670801244353 0.033099066084007249 -0.032555884251720298 -0.042891867176676236 -0.072196051077053097 0.0063115705223704124 0.11368310506480017 -0.064023653284181678 0.068568653982809175 0.077106838366772262 0.050500012364784755 0.056590845990112708 0.1324646131321707 0.073794453037546712 0.13113813791608583 0.047166092974177093 0.039742294330556961 -0.063638184419532076 -0.058899955906149076 -0.033761081383442956 0.043003327472038264 0.044049512944242891 0.011206908190829581 0.022554846749196222 -0.03043764037643519 0.0047995496855840862 0.095087786534544583 -0.033950834092369007
leaf_weight=74.769046127796173 12.233617030084131 246.12757939472795 24.462922118604183 44.567939773201942 80.03142474591732 64.05710431188345 3.8656898364424697 31.726717457175255 1.7254807353019703 2.4985972940921775 5.2378921955823889 4.0701835751533499 5.3025677800178519 2.4332423955202094 1.0071412101387966 2.4676256254315367 0.94553706049919028 3.3266383931040755 31.899546518921852 7.4583312049508086 10.024591214954858 64.214018043130636 94.665723033249378 5.334755338728427 9.662152059376238 29.84585153311491 66.985601082444191 34.269594758749008 1.3687016665935505 15.601476281881331
leaf_count=737 69 1310 144 231 639 877 24 189 9 14 31 20 33 16 6 13 5 18 172 45 61 782 861 27 50 158 459 179 6 86
internal_value=-0.000156527 -0.00465692 0.000811192 -0.000795952 -0.00432825 -0.0211899 0.0154417 -0.0195364 -0.0132068 0.0357481 9.29798e-06 -0.00089237 -0.0146791 -0.0392513 -0.0170892 -0.018147 -0.0197684 -0.0293744 0.0185513 0.00977771 0.0176461 -0.020795 0.0380801 -0.00987838 -0.0244919 -0.00169773 -0.00368437 -0.0169966 -0.0279242 0.00153536
internal_weight=982.187 872.789 655.868 631.405 518.592 216.922 112.813 115.085 150.431 109.398 403.507 398.269 148.706 66.4903 143.403 142.396 139.929 83.3581 108.947 77.0478 69.5894 138.983 106.899 25.0215 19.6867 394.199 364.353 102.624 68.3543 261.729
internal_count=7271 6327 3849 3705 3095 2478 610 846 1585 944 2249 2218 1576 893 1543 1537 1524 657 586 414 369 1519 930 138 111 2198 2040 644 465 1396
is_linear=0
shrinkage=0.05


Tree=43
num_leaves=31
num_cat=0
split_feature=279 245 126 112 259 112 278 255 278 89 0 122 238 149 254 254 91 251 104 92 115 167 297 176 245 226 101 265 257 255
split_gain=59.2052 28.9768 18.1264 17.083 16.9542 13.3175 18.0162 14.0286 12.201 11.8249 10.8197 10.7652 10.4254 9.72351 15.3738 9.46516 10.3495 9.26734 14.4005 8.95799 8.893 8.45121 8.36968 8.01718 7.92555 7.51744 10.1776 14.8216 8.11209 9.08545
threshold=0.0021499999566003685 1.0000000180025095e-35 0.0049499999731779107 1.0000000180025095e-35 0.010999999940395357 0.0010500000207684936 0.0044499998912215242 0.059400001540780074 0.0057500000111758718 0.0045499999541789302 0.0010500000207684936 0.0074499999172985562 0.0015499999863095584 1.0000000180025095e-35 1.0000000180025095e-35 0.014849999919533731 0.0040500001050531873 0.0018500000005587938 0.0010500000207684936 0.0015499999863095584 1.0000000180025095e-35 0.015150000341236593 0.0011500000255182388 0.047800000756978996 0.0047500000800937423 0.0024500000290572648 0.0040500001050531873 0.0028499999316409235 0.013849999755620958 0.0013499999768100681
decision_type=2 2 2 2 2 2 2 2 2 2 2 2 2 2 2 2 2 2 2 2 2 2 2 2 2 2 2 2 2 2
left_child=1 3 24 13 5 7 10 9 -4 15 21 -6 -11 14 22 16 17 19 -19 23 -9 -7 -1 25 -2 26 27 28 29 -3
right_child=2 4 8 -5 11 6 -8 20 -10 12 -12 -13 -14 -15 -16 -17 -18 18 -20 -21 -22 -23 -24 -25 -26 -27 -28 -29 -30 -31
leaf_value=-0.01866001313541758 0.020365595256840188 0.0077306401293867864 -0.017571234599683998 -0.048818819682403113 0.051756605713185883 -0.037253123580562424 0.011375972831614727 0.045504649602190604 0.031366824873338799 -0.034558405921445511 0.099609581873637151 -0.053330249046821834 0.10024536464340128 -0.032552482125231479 0.024000187337833875 0.042641984806477767 0.099335526631181129 0.02683922460844226 -0.01590883637570541 0.11349713861038734 -0.069458493776509825 0.044410051838414441 0.088690608186348094 0.072200808432036925 0.047095672826562532 -0.011419348532509293 -0.037549478971061506 0.046378200999467316 0.0927383901351687 -0.046741348400482767
leaf_weight=95.03900109231472 43.889123313128948 23.617751304060221 31.676900073885918 44.643987189978361 22.318220693618063 71.560155306011438 37.527550842612982 24.483937766402963 21.300598852336407 32.031614430248737 1.5551219880580891 2.7357807084918013 1.501493141055106 51.660737797617912 30.68788605183363 14.108601003885267 2.6507012955844393 64.489401392638683 28.366636633872986 1.5972614437341679 1.8062757104635228 3.3149141371250144 1.8510447070002545 3.2981723845005027 75.325285375118256 190.80759507417679 10.618699479848145 23.701010152697563 2.0363050065934649 11.325790822505949
leaf_count=844 247 206 170 710 150 716 209 147 141 198 7 15 7 573 165 71 17 307 138 8 10 18 10 15 703 1139 77 129 14 110
internal_value=-0.000153234 -0.00588204 0.0264406 -0.0211445 5.59069e-05 -0.00177516 -0.0169958 0.00219906 0.00210523 -7.04842e-05 -0.0309265 0.0402816 -0.0285224 -0.0142516 -0.00684087 0.0024628 0.000899055 0.000173977 0.0137801 -0.00455785 0.0376061 -0.0336377 -0.0166091 -0.00526833 0.0372549 -0.00624315 0.00760909 0.0155115 -0.00427148 -0.00992465
internal_weight=971.528 799.336 172.192 223.883 575.453 550.399 113.958 436.441 52.9775 410.151 76.4302 25.054 33.5331 179.239 127.578 376.618 362.509 359.859 92.856 267.003 26.2902 74.8751 96.89 265.405 119.214 262.107 71.2996 60.6809 36.9798 34.9435
internal_count=7271 6010 1261 2302 3708 3543 950 2593 311 2436 741 165 205 1592 1019 2231 2160 2143 445 1698 157 734 854 1690 950 1675 536 459 330 316
is_linear=0
shrinkage=0.05


Tree=44
num_leaves=31
num_cat=0
split_feature=304 189 126 50 89 219 226 176 288 104 289 203 110 6 133 53 38 149 89 232 254 158 203 265 219 226 189 181 255 164
split_gain=55.4206 32.5118 22.7187 20.2365 13.4395 13.1741 12.75 11.6318 11.8454 11.1609 12.3232 11.4491 10.9844 10.9614 10.1259 10.0283 11.3673 9.98507 9.86504 12.3256 11.4672 10.1639 9.19975 9.08524 8.95774 11.7159 10.6393 8.72348 8.57155 8.09342
threshold=0.0028499999316409235 0.0011500000255182388 0.0018500000005587938 1.0000000180025095e-35 0.0016499999910593035 0.0014499999815598132 0.0069500000681728133 0.0051500000990927228 0.051799999549984939 1.0000000180025095e-35 0.0013499999768100681 0.0084500000812113302 0.0057500000111758718 1.0000000180025095e-35 0.0014499999815598132 1.0000000180025095e-35 0.0011500000255182388 1.0000000180025095e-35 0.0045499999541789302 0.0034500000765547161 0.0053499999921768912 0.014250000007450582 0.0017499999958090486 0.016849999316036705 0.0045499999541789302 0.0065500000491738328 0.003249999950639904 0.0014499999815598132 0.0054500000551342973 0.0050000001210719356
decision_type=2 2 2 2 2 2 2 2 2 2 2 2 2 2 2 2 2 2 2 2 2 2 2 2 2 2 2 2 2 2
left_child=1 3 5 4 9 18 -5 8 15 11 -11 13 -9 14 17 16 24 -1 20 -20 21 -3 -23 -15 25 26 -4 -8 -10 -6
right_child=-2 2 7 6 29 -7 27 12 28 10 -12 -13 -14 23 -16 -17 -18 -19 19 -21 -22 22 -24 -25 -26 -27 -28 -29 -30 -31
leaf_value=0.012479310972980781 0.043216714991514138 0.014947816872924166 -0.015405944707247838 -0.042490873440065538 -0.034087329963488698 0.034907643729337627 -0.013977637459310757 0.029424769179350458 0.029793502259175833 -0.03284893457893534 0.033336527520706642 0.069295582454196022 -0.064109603845686092 -0.042884555430463996 -0.033154619394674907 -0.034459221151605129 0.11867616032175475 -0.021086875569620692 -0.042656771116658422 0.03659094739279143 0.040897200667219587 -0.037258515233237116 0.029354657179105178 0.094463102568640406 0.018381382839245133 -0.041648840867931511 0.071869578337673531 0.0939313943163472 -0.039560533371011591 0.032683204232420722
leaf_weight=161.00484810397029 68.422478333115578 88.711731739342213 11.238031134009363 76.800087992101908 52.656620986759663 69.854787915945053 45.593190021812916 30.510345913469791 23.12791379541159 44.861442606896162 8.3404753468930704 6.322357825934886 3.498839557170867 18.857704427093271 16.367647152394056 57.759045355021954 1.7809956967830647 25.691135309636593 17.455622363835577 6.8249570056796065 31.251052170991898 20.073307313025001 6.9874053895473471 1.2861374765634526 19.997438095510006 27.867949262261391 5.0661426261067382 1.9531290903687466 5.5180082321166983 4.9664492011070243
leaf_count=1050 634 471 80 1145 421 466 384 170 128 399 45 33 17 176 117 458 9 223 101 35 169 120 36 6 111 168 30 10 33 26
internal_value=-0.000150482 -0.0034762 0.00647465 -0.012631 -0.00632426 0.016607 -0.0298933 -0.00663683 -0.0125386 -0.0018388 -0.022473 0.00294393 0.019802 0.00106452 0.00455434 -0.0192474 -0.00592499 0.00786029 0.00914438 -0.0203813 0.0140205 0.0067655 -0.0200582 -0.0341152 -0.00938324 -0.0219527 0.0117129 -0.0095449 0.016434 -0.0283325
internal_weight=960.647 892.225 427.524 464.701 340.355 241.159 124.346 186.365 152.356 282.732 53.2019 229.53 34.0092 223.207 203.064 123.71 65.9506 186.696 171.304 24.2806 147.023 115.772 27.0607 20.1438 64.1696 44.1721 16.3042 47.5463 28.6459 57.6231
internal_count=7271 6637 2602 4035 2496 1398 1539 1204 1017 2049 444 1605 187 1572 1390 856 398 1273 932 136 796 627 156 182 389 278 110 394 161 447
is_linear=0
shrinkage=0.05


Tree=45
num_leaves=31
num_cat=0
split_feature=302 288 163 230 149 278 189 53 257 133 254 313 255 158 206 195 100 124 179 265 301 173 254 234 189 75 108 276 226 203
split_gain=52.05 25.9819 16.6067 13.9546 13.7422 18.7069 14.8669 12.7619 12.4424 10.33 9.71322 9.99927 10.3822 11.6029 12.3244 11.7011 9.34291 9.29271 9.1161 9.11375 11.2919 7.68094 7.66144 7.54246 7.44228 7.41716 7.3033 7.30292 10.1943 7.13205
threshold=0.0018500000005587938 1.0000000180025095e-35 0.010250000283122064 0.0048500001430511483 0.0027499999850988392 0.0031500000040978198 0.014349999837577345 1.0000000180025095e-35 0.017450000159442428 1.0000000180025095e-35 0.014050000347197058 0.0023500000825151805 0.059400001540780074 0.0010500000207684936 0.0017499999958090486 0.011900000274181368 0.0063499999232590207 0.003249999950639904 0.0027499999850988392 0.0020500000100582842 1.0000000180025095e-35 0.003249999950639904 0.0011500000255182388 0.06424999982118608 0.0019500000635161998 0.002650000038556755 0.0016499999910593035 0.0011500000255182388 0.0086500002071261423 0.0017499999958090486
decision_type=2 2 2 2 2 2 2 2 2 2 2 2 2 2 2 2 2 2 2 2 2 2 2 2 2 2 2 2 2 2
left_child=1 3 4 7 6 23 10 8 19 -10 11 12 13 29 15 21 -7 24 -9 -1 -21 22 -15 -6 26 27 -2 -24 -29 -3
right_child=17 2 -4 -5 5 16 -8 18 9 -11 -12 -13 -14 14 -16 -17 -18 -19 -20 20 -22 -23 25 -25 -26 -27 -28 28 -30 -31
leaf_value=-0.02390950551878146 0.021102680561716849 0.0035660112780721669 0.059959861963439803 0.12435576952206616 -0.024878947793049867 0.015411499704439537 0.038866260423301796 -0.048591033506468338 0.079310975497261627 -0.062064403510284444 0.033940261832820735 0.052674304675534793 0.037608045650530289 -0.030534592883859669 0.047101619422294239 0.10803974744695222 -0.044941160133817409 -0.061389270956174184 0.031627190633805577 0.085703574980322772 -0.0051228315012421533 0.055483682327754261 -0.03898309690154142 0.055955605412729606 0.041060986505298706 -0.08979606936088369 -0.069920013598906941 0.027993860923643463 -0.012153902153462065 0.05271225000221063
leaf_weight=103.51456867530942 9.1225977092981321 189.62910426035523 11.535746559500692 1.6485043540596951 124.14947844296694 62.58603299036622 29.027797944843769 48.521539341658354 5.9353148266673079 1.6516382098197935 22.355589479207993 8.8335566446185094 16.567390568554401 70.644701085984707 8.348740488290785 1.9058246016502369 7.1445601955056182 2.5117067769169799 3.820491235703229 4.0887637957930592 20.985557708889246 3.6184084713459006 14.174987964332102 2.9544254317879668 87.481416493654251 2.7284048050642005 2.9056531786918631 22.823198970407248 51.468104086816311 7.6810100376605979
leaf_count=1153 55 1072 73 10 988 337 183 857 37 14 116 47 87 462 43 10 44 14 36 27 173 19 83 14 861 13 14 123 265 41
internal_value=-0.000149127 -0.00420697 0.000496467 -0.0204858 -0.000564329 -0.011583 0.00425741 -0.0217524 -0.013687 0.0485343 0.00186989 7.04204e-05 -0.00112232 -0.00284249 -0.012187 -0.0151446 0.0092278 0.0335932 -0.0427358 -0.0173582 0.00968785 -0.0165635 -0.0181743 -0.023 0.0359907 -0.00859934 -0.000885585 -0.00609513 0.000179983 0.00547921
internal_weight=950.365 848.343 658.177 190.166 646.641 196.834 449.807 188.518 136.176 7.58695 420.779 398.423 389.59 373.022 175.712 167.364 69.7306 102.021 52.342 128.589 25.0743 165.458 161.839 127.104 99.5097 91.1947 12.0283 88.4663 74.2913 197.31
internal_count=7271 6327 4020 2307 3947 1383 2564 2297 1404 51 2381 2265 2218 2131 1018 975 381 944 893 1353 200 965 946 1002 930 484 69 471 388 1113
is_linear=0
shrinkage=0.05


Tree=46
num_leaves=31
num_cat=0
split_feature=304 251 265 217 310 149 278 108 228 126 186 25 257 282 253 149 25 298 254 313 89 254 219 255 180 163 167 255 167 301
split_gain=48.8601 29.1982 21.1558 14.9958 14.2116 13.8458 15.7109 11.2083 10.3222 9.79648 9.5679 9.79937 15.1798 8.70201 8.6176 12.8442 9.44046 8.65087 8.35332 8.33924 8.00088 9.87966 7.8119 8.73087 8.32811 7.60809 7.46376 16.1238 9.95542 7.63819
threshold=0.0028499999316409235 0.0018500000005587938 0.0020500000100582842 0.0014499999815598132 0.0070000002160668382 0.0015499999863095584 0.0055499998852610597 0.0016499999910593035 0.026250000111758712 0.067450001835823073 0.0014499999815598132 0.002549999975599349 0.021049999631941322 0.0027499999850988392 0.0015499999863095584 0.0089499996975064295 0.0031500000040978198 1.0000000180025095e-35 0.17300000041723254 0.0021499999566003685 0.0012500000302679839 1.0000000180025095e-35 0.0011500000255182388 0.059400001540780074 0.0072500000242143878 0.0018500000005587938 0.0012500000302679839 1.0000000180025095e-35 0.0015499999863095584 0.0016499999910593035
decision_type=2 2 2 2 2 2 2 2 2 2 2 2 2 2 2 2 2 2 2 2 2 2 2 2 2 2 2 2 2 2
left_child=1 2 3 10 5 19 18 14 -9 13 11 12 20 -8 15 17 -17 -3 -7 22 21 26 23 24 -4 -13 29 -28 -29 -1
right_child=-2 7 4 -5 -6 6 9 8 -10 -11 -12 25 -14 -15 -16 16 -18 -19 -20 -21 -22 -23 -24 -25 -26 -27 27 28 -30 -31
leaf_value=-0.032595148974920087 0.041720933019489009 0.023948709266019753 -0.0014064632340423939 0.13536983802854427 0.049665188504486688 -0.022704243854631701 -0.016651105055671789 -0.0098619785892208357 0.050666634548754808 -0.046367621872059089 0.10396709509875988 -0.047471491398871066 0.07539395465670877 0.032618207300672379 0.055949529044408745 -0.062177618447294115 0.02819539529172306 -0.053712828650559763 0.10008278215135087 0.066939610948822489 -0.039354539801286365 0.022542298525885032 0.025148482423738735 0.044442975724191258 -0.060279372156774619 0.075099842820206056 0.13108854687643437 0.10782848928944588 -0.058308246520219265 0.00025302972197160061
leaf_weight=65.366586782038212 64.881176345050335 114.51991711556911 176.6664668880403 1.5084891244769085 12.728409245610235 150.13016974553466 12.424747399985788 65.85810836404562 7.8870249837636939 6.6034865863621226 1.4766678437590588 44.948497656732798 4.2464065141975871 32.157223585993052 15.358103103935717 8.4225332178175432 4.3989852890372267 3.7017225101590148 1.398041084408759 5.2117673307657233 41.035466179251671 16.213095542043447 33.786420203745365 10.056803621351717 6.2184053249657145 1.3027038238942612 2.5288203805685034 1.1512097604572771 4.1606104336678982 24.267504476010799
leaf_count=748 634 617 1024 11 85 1266 75 357 44 41 11 716 31 173 134 48 24 18 6 31 474 101 197 54 43 10 18 9 35 236
internal_value=-0.000145695 -0.0032475 -0.00853807 -0.0217043 -0.00241066 -0.00393565 -0.0134813 0.0125076 -0.00338846 0.0104685 -0.0228506 -0.0237632 -0.0178698 0.0188871 0.0205148 0.0163619 -0.0311712 0.021517 -0.0215714 0.00440713 -0.0204294 -0.0135984 0.0029697 -0.00091407 -0.00340825 -0.0440192 -0.0196098 0.0271706 -0.0223021 -0.0237018
internal_weight=940.616 875.734 655.588 208.206 447.382 434.654 202.714 220.146 73.7451 51.1855 206.698 205.221 158.97 44.582 146.401 131.043 12.8215 118.222 151.528 231.94 154.723 113.688 226.728 192.942 182.885 46.2512 97.4747 7.84064 5.31182 89.6341
internal_count=7271 6637 5395 2400 2995 2910 1561 1242 401 289 2389 2378 1652 248 841 707 72 635 1272 1349 1621 1147 1318 1121 1067 726 1046 62 44 984
is_linear=0
shrinkage=0.05


Tree=47
num_leaves=31
num_cat=0
split_feature=302 189 228 53 149 280 164 183 226 254 255 203 211 112 133 154 149 189 251 278 111 301 162 104 89 6 32 32 89 108
split_gain=45.501 27.6136 21.7493 18.7303 17.2127 12.7691 12.2434 12.156 10.9001 13.2217 12.0365 10.5944 12.0373 9.99562 11.4765 11.4281 10.9972 9.86034 9.25771 9.09174 8.60867 8.40692 8.27014 7.89881 7.76104 7.72271 7.67758 7.45938 7.39872 7.19568
threshold=0.0039500000420957812 0.0011500000255182388 0.0036499999696388845 0.0015499999863095584 0.0073500000871717939 0.0064499999862164268 0.010999999940395357 0.0013499999768100681 0.0047500000800937423 0.0046500000171363362 0.059400001540780074 0.0020500000100582842 0.0013499999768100681 0.0010500000207684936 0.0051500000990927228 0.020650000311434272 1.0000000180025095e-35 0.002549999975599349 0.0011500000255182388 0.0014499999815598132 0.00335000001359731 0.015950000844895843 1.0000000180025095e-35 0.022049999795854095 0.0053499999921768912 1.0000000180025095e-35 0.0023500000825151805 0.011950000189244749 0.0042499999981373557 0.0052499999292194852
decision_type=2 2 2 2 2 2 2 2 2 2 2 2 2 2 2 2 2 2 2 2 2 2 2 2 2 2 2 2 2 2
left_child=1 3 4 7 5 8 -5 13 17 10 26 12 -6 14 15 16 22 28 -11 -15 -13 23 24 27 25 -1 -10 -18 -3 -21
right_child=-2 2 -4 6 11 -7 -8 -9 9 18 -12 20 -14 19 -16 -17 21 -19 -20 29 -22 -23 -24 -25 -26 -27 -28 -29 -30 -31
leaf_value=0.0022906717766437712 0.047337586819332395 0.018265254360309152 0.037079890608780038 -0.042036698721161836 -0.033610163863037307 0.056243924017331165 0.035299695576340398 0.01667121392892738 -0.01687372440644749 -0.0040050982195399673 0.041818626358789419 0.0092239149565246769 0.073120613604885726 -0.042669815037851118 -0.047950631663752595 0.12854249067105517 -0.047695729842055508 0.046785522169610932 0.03304067654656883 0.03230948032060614 -0.050377907469724974 0.024884065699635336 0.073438515053775466 0.11354547329951054 -0.051018103275277442 -0.032199889800777474 0.046328986343542516 0.064213082301153745 -0.042856849672526294 -0.06293967183099862
leaf_weight=202.45217530056834 47.860747650265694 24.302378296852115 50.835942529141903 61.835638638585806 56.488179221749306 13.721351355314253 5.5794576518237582 47.299583066254854 105.33414139598608 28.167897671461105 10.587954215705393 48.546549778431654 2.7713491246104232 38.311607293784618 16.047082129865885 1.6059634163975705 32.170581415295601 28.299791432917118 42.024338640272617 8.1922571137547475 6.922255963087081 6.1042247079312792 3.6702200733125201 0.83076322451233764 7.8663783334195605 17.644093196839094 5.0346561074256888 1.5613354519009579 6.2178255766630164 2.6160292476415625
leaf_count=1374 598 138 329 973 440 94 43 259 576 156 57 293 14 496 137 16 355 151 259 54 41 42 18 8 72 172 31 12 43 20
internal_value=-0.000144443 -0.00271796 0.00637299 -0.0113174 0.00224789 0.00928179 -0.0356361 -0.00707426 0.00670393 0.000912076 -0.00910536 -0.0139187 -0.0286188 -0.0103867 -0.00685327 -0.00444554 -0.00522987 0.0255259 0.0181743 -0.0312442 0.00178588 -0.0292108 -0.00101962 -0.0387647 -0.00221841 -0.000474276 -0.0139906 -0.0425159 0.00581296 0.00925545
internal_weight=930.903 883.042 429.255 453.787 378.419 263.69 67.4151 386.372 249.969 191.149 120.957 114.728 59.2595 339.073 289.953 273.906 272.3 58.82 70.1922 49.1199 55.4688 40.6669 231.633 34.5627 227.963 220.096 110.369 33.7319 30.5202 10.8083
internal_count=7271 6673 2622 4051 2293 1505 1016 3035 1411 1079 664 788 454 2776 2206 2069 2053 332 415 570 334 417 1636 375 1618 1546 607 367 181 74
is_linear=0
shrinkage=0.05


Tree=48
num_leaves=31
num_cat=0
split_feature=302 189 228 53 149 186 164 112 95 89 6 133 265 280 308 257 101 278 112 215 258 203 246 276 158 135 167 119 226 225
split_gain=42.6903 25.2145 20.0184 17.6721 16.2334 11.5437 11.4296 9.95996 10.6857 10.7149 12.4884 9.52761 10.4846 9.42747 8.69693 8.70157 10.2249 8.31801 10.8021 8.48595 8.76813 8.2963 7.57415 8.06514 7.55085 7.52216 7.24403 7.15356 7.09713 7.06266
threshold=0.0039500000420957812 0.0011500000255182388 0.0036499999696388845 0.0015499999863095584 0.0010500000207684936 1.0000000180025095e-35 0.010999999940395357 1.0000000180025095e-35 1.0000000180025095e-35 0.0015499999863095584 1.0000000180025095e-35 0.0014499999815598132 0.025449999608099464 0.0045499999541789302 0.0012500000302679839 0.0058500000741332778 0.0013499999768100681 0.0040500001050531873 0.0012500000302679839 0.0020500000100582842 0.009000000078231098 0.0029499999945983295 0.032050000503659255 0.0014499999815598132 0.0090499999932944792 0.0014499999815598132 0.0013499999768100681 0.018200000748038295 0.0066499998793005952 0.0081500001251697558
decision_type=2 2 2 2 2 2 2 2 2 2 2 2 2 2 2 2 2 2 2 2 2 2 2 2 2 2 2 2 2 2
left_child=1 3 4 5 22 7 -5 8 9 10 11 14 -13 21 15 26 -17 18 19 29 27 -9 23 24 25 -3 -1 -21 -25 -6
right_child=-2 2 -4 6 17 -7 -8 13 -10 -11 -12 12 -14 -15 -16 16 -18 -19 -20 20 -22 -23 -24 28 -26 -27 -28 -29 -30 -31
leaf_value=0.003269596225080035 0.046773520997864491 0.012513009632341067 0.035813523469378258 -0.041290533514478145 -0.012129596106136216 0.030850764784561183 0.033259806741801193 -0.039407953927205065 0.12175242815595366 -0.024700485814330091 -0.035017555454953879 -0.03836361300096628 0.12003926424225619 0.12020099828940374 0.071804014022535653 0.053404906516583153 -0.038863431962714405 0.0093195854762626127 -0.040213440999149919 0.039063273071406342 -0.043723814975071849 0.0224936542208443 -0.045423161649758424 0.047421887432664567 -0.048549991723815883 -0.085033528562223792 -0.036532815147368607 -0.017493934724230331 0.016843444410398551 -0.099003435434713127
leaf_weight=166.2482644058764 46.061766602098942 38.617197133600712 50.022870317101479 59.856033388525248 91.79237862303853 19.349416896700859 5.6243826001882544 45.143481738865376 1.6437508761882771 61.793143935501575 24.907449699938297 19.663678202778105 1.1032499074935902 1.0382053554058064 4.8436657860875121 15.711825255304577 3.7119275256991378 58.942585468292236 29.086671654134989 22.503322221338752 5.4904018789529792 6.1502010375261298 5.1352433562278739 24.779725506901741 7.0433697625994673 2.0829254537820807 12.275528728961943 7.4392476677894583 81.010352872312069 2.4007265716791144
leaf_count=1181 598 198 329 973 623 106 43 551 12 518 255 160 5 5 22 81 20 323 254 125 31 53 27 130 39 10 66 44 477 12
internal_value=-0.000143351 -0.00261199 0.00609688 -0.0108803 0.00214679 -0.00678216 -0.0348871 -0.00878136 -0.00539462 -0.00606824 -0.00143442 0.0023072 -0.0299484 -0.0289666 0.00561035 0.00399063 0.0357722 -0.00671975 -0.0126764 -0.00649741 0.0143609 -0.0319858 0.0143095 0.0163074 -0.000751028 0.00752083 0.000532731 0.0250116 0.024006 -0.0143438
internal_weight=921.473 875.411 426.347 449.064 376.324 383.584 65.4804 364.234 311.902 310.259 248.466 223.558 20.7669 52.3319 202.791 197.948 19.4238 217.655 158.713 129.626 35.433 51.2937 158.669 153.534 47.7435 40.7001 178.524 29.9426 105.79 94.1931
internal_count=7271 6673 2622 4051 2293 3035 1016 2929 2320 2308 1790 1535 165 609 1370 1348 101 1412 1089 835 200 604 881 854 247 208 1247 169 607 635
is_linear=0
shrinkage=0.05


Tree=49
num_leaves=31
num_cat=0
split_feature=304 254 245 50 219 36 232 112 119 310 104 278 265 206 251 108 112 124 254 158 276 214 122 154 251 108 108 101 292 6
split_gain=40.6356 24.5685 16.7588 14.3795 12.983 11.6762 10.6054 11.6888 10.4255 9.64417 9.79504 14.2675 8.94425 8.21011 8.14698 7.93966 7.88319 7.77395 9.20194 10.1635 9.63577 7.6985 7.2989 7.23159 7.19386 7.65166 7.04001 6.84868 8.51656 7.71546
threshold=0.0028499999316409235 1.0000000180025095e-35 0.0018500000005587938 1.0000000180025095e-35 1.0000000180025095e-35 1.0000000180025095e-35 0.024199999868869785 1.0000000180025095e-35 0.0043500000610947618 0.0050000001210719356 0.0010500000207684936 0.028849999420344833 0.010350000113248827 0.0010500000207684936 0.0010500000207684936 0.0063499999232590207 0.002549999975599349 0.0016499999910593035 0.0051500000990927228 0.0010500000207684936 0.0011500000255182388 0.029099999926984314 0.0074499999172985562 0.0095500000752508658 0.0028499999316409235 0.0020500000100582842 1.0000000180025095e-35 0.0018500000005587938 0.0013499999768100681 1.0000000180025095e-35
decision_type=2 2 2 2 2 2 2 2 2 2 2 2 2 2 2 2 2 2 2 2 2 2 2 2 2 2 2 2 2 2
left_child=1 2 3 4 -1 6 7 13 -6 10 12 -12 24 14 27 17 -14 18 19 -16 -21 -20 -11 -19 25 -4 -2 29 -29 -3
right_child=26 5 9 -5 8 -7 -8 -9 -10 22 11 -13 16 -15 15 -17 -18 23 21 20 -22 -23 -24 -25 -26 -27 -28 28 -30 -31
leaf_value=-0.016260425416478347 0.048385681884270164 0.017710675246322118 -0.0022189053730945962 -0.041365747796823296 0.08582680081554861 -0.026150465866673668 0.045162563990320065 -0.01494779167977256 -0.028965599018259541 0.068478084104912573 -0.028600043253466323 0.025465273072773711 0.034637609177735396 0.044942184088251222 0.034259671541349582 -0.046177690219522921 -0.036097146553461475 -0.12278072784069774 0.038141639481999862 -0.07255487951020767 0.0026921945317293877 -0.060255617486969885 -0.045852120391223855 0.0087842634394480531 0.032009309169615661 -0.042200386436597993 0.0061105773327631624 -0.01806252761615804 0.040983022483130571 -0.042754017895844182
leaf_weight=147.33394967019558 47.573088929057121 52.59694504737854 102.47795084118843 61.034958213567734 5.7539411298930627 25.613411650061607 18.983849637210369 52.421178214251995 3.0139995813369751 7.7154604122042638 63.777594897896051 15.089656010270117 30.631567843258381 16.52760012447834 25.685777768492699 4.8599622249603263 4.5201591104269019 1.829241283237933 60.909877859055996 4.7200511172413817 43.133534990251064 2.0548974424600592 1.7043343931436536 2.4345435127615929 13.24372475594282 13.548962689936159 12.418634325265883 58.575583580881357 6.8178502433001986 5.8641409277915946
leaf_count=1389 535 314 739 1029 34 175 119 384 26 55 481 76 164 111 131 25 27 10 395 24 229 14 11 15 64 127 99 393 38 38
internal_value=-0.000141102 -0.00293894 -0.0106012 -0.0207884 -0.0127428 0.00646001 0.00879697 0.00675709 0.0463667 -0.00184792 -0.0037699 -0.0182557 0.00317841 0.0107353 0.00863731 0.0166548 0.0255418 0.018824 0.0209007 0.0088884 -0.00472982 0.0349304 0.0477922 -0.0476595 -0.00290273 -0.00688772 0.0396345 -0.000789597 -0.0119065 0.0116456
internal_weight=912.866 852.875 469.846 217.137 156.102 383.028 357.415 338.431 8.76794 252.709 243.29 78.8673 164.422 286.01 269.482 145.628 35.1517 140.768 136.504 73.5394 47.8536 62.9648 9.41979 4.26378 129.271 116.027 59.9917 123.855 65.3934 58.4611
internal_count=7271 6637 4222 2478 1449 2415 2240 2121 60 1744 1678 557 1121 1737 1626 843 191 818 793 384 253 409 66 25 930 866 634 783 431 352
is_linear=0
shrinkage=0.05


Tree=50
num_leaves=31
num_cat=0
split_feature=302 251 265 112 310 53 96 240 89 254 240 98 257 180 126 280 206 262 255 189 101 234 220 225 101 302 186 30 100 75
split_gain=38.2432 21.9232 18.2147 12.8966 11.2143 10.1072 8.88614 9.44416 8.70441 9.06894 10.2359 8.29811 7.98397 9.49362 7.83329 10.0999 8.33913 10.5625 9.8697 8.98597 10.9479 8.6766 7.76205 7.58225 10.0024 7.84366 7.31832 7.3019 7.21643 7.01416
threshold=0.0039500000420957812 0.0018500000005587938 0.0029499999945983295 1.0000000180025095e-35 0.0050000001210719356 0.0081500001251697558 1.0000000180025095e-35 0.061249999329447753 0.0012500000302679839 0.0021499999566003685 0.0021499999566003685 0.03355000168085099 0.014449999667704107 0.0012500000302679839 0.065099999308586134 0.0035500000230968003 0.0017499999958090486 0.002650000038556755 0.029250000603497032 0.017649999819695953 0.0044499998912215242 0.0062500000931322583 0.0080500002950429934 0.0023500000825151805 1.0000000180025095e-35 0.0014499999815598132 0.0011500000255182388 0.0011500000255182388 0.0024500000290572648 0.0030500000575557355
decision_type=2 2 2 2 2 2 2 2 2 2 2 2 2 2 2 2 2 2 2 2 2 2 2 2 2 2 2 2 2 2
left_child=1 2 3 8 5 14 7 23 9 12 -11 -6 26 -14 15 16 19 -18 -19 20 21 -4 -7 25 -25 28 -1 -22 29 -3
right_child=-2 6 4 -5 11 22 -8 -9 -10 10 -12 -13 13 -15 -16 -17 17 18 -20 -21 27 -23 -24 24 -26 -27 -28 -29 -30 -31
leaf_value=-0.012346662563593826 0.0458556428223389 0.014806619846806854 -0.0012107828029661672 -0.040802034655621738 0.055576433986280843 -0.047139089340495127 -0.071664043307388764 0.039696864500956386 -0.028980844312029425 -0.020506989695706031 0.085050263436398377 -0.078794025614087618 0.11671636264404334 -0.035457527367789593 -0.047378903466038652 0.024664551772129825 0.043357455347801145 -0.13529133172646837 0.025038184509343787 0.027293246360452245 -0.023244306630501074 0.088327688754962941 0.086573119768746667 0.033556066408717548 -0.024675025818669649 0.050218275527965865 0.11825287804858971 0.079384886530482757 -0.038093428213411329 -0.058969335262884462
leaf_weight=123.50362869724631 43.047576703131199 122.90230287984014 185.52066422253847 49.065414771437645 12.723829701542853 16.964148037135605 3.1842112764716139 27.758349195122719 54.701222233474255 3.8942290656268579 5.5980562940239906 1.2630305290222157 2.6521566286683074 1.6704804897308347 8.6418302394449693 39.449093669652939 18.269115153700117 1.7536626309156411 2.1206135079264641 20.866425193846226 87.052867047488689 2.7456857338547698 1.1595481634140004 9.699315205216406 30.766913920640945 13.383014358580111 1.0820724219083775 1.7683485262095917 7.349896438419818 3.3084309175610533
leaf_count=1202 598 622 1144 904 91 176 22 209 589 28 27 7 15 17 64 218 107 9 12 121 661 16 7 50 165 103 8 15 44 20
internal_value=-0.000135732 -0.00243566 -0.00708744 -0.0179115 -0.000539252 -0.00213166 0.0112515 0.0124785 -0.0120952 -0.00542139 0.0417452 0.0434426 -0.00889454 0.0579089 -0.000337325 0.000793337 -0.00214857 0.0274548 -0.0475338 -0.00434864 -0.00673148 9.50507e-05 -0.0385842 0.00844703 -0.0107177 0.0137247 -0.0112124 -0.0212011 0.010068 0.0128727
internal_weight=903.866 860.819 642.466 242.167 400.299 386.312 218.352 215.168 193.102 138.401 9.49229 13.9869 128.908 4.32264 368.188 359.546 320.097 22.1434 3.87428 297.954 277.088 188.266 18.1237 187.41 40.4662 146.944 124.586 88.8212 133.561 126.211
internal_count=7271 6673 5438 2790 2648 2550 1235 1213 1886 1297 55 98 1242 32 2367 2303 2085 128 21 1957 1836 1160 183 1004 215 789 1210 676 686 642
is_linear=0
shrinkage=0.05


Tree=51
num_leaves=31
num_cat=0
split_feature=302 189 228 53 126 53 219 154 164 183 149 310 226 135 110 189 254 245 177 195 189 89 89 313 314 314 183 176 226 183
split_gain=35.865 20.3298 17.4317 15.588 14.2526 11.0955 13.2123 10.8166 10.5346 9.57727 10.5976 10.5621 8.98757 9.83087 9.7556 10.685 9.28513 8.34877 9.70801 8.07457 7.97588 7.91645 7.83572 7.66329 7.45666 7.44951 15.2619 8.40972 7.48875 7.43101
threshold=0.0039500000420957812 0.0011500000255182388 0.0036499999696388845 0.0015499999863095584 0.0018500000005587938 1.0000000180025095e-35 0.0011500000255182388 0.076400000602006926 0.010999999940395357 0.0013499999768100681 0.0015499999863095584 1.0000000180025095e-35 0.0047500000800937423 0.0024500000290572648 0.0018500000005587938 0.014050000347197058 0.0073500000871717939 0.0029499999945983295 0.0048500001430511483 0.0034500000765547161 0.0017499999958090486 0.0046500000171363362 0.0010500000207684936 0.0015499999863095584 0.012950000353157522 0.0029499999945983295 0.0093499999493360537 0.0042499999981373557 0.0016499999910593035 0.0022500000195577745
decision_type=2 2 2 2 2 2 2 2 2 2 2 2 2 2 2 2 2 2 2 2 2 2 2 2 2 2 2 2 2 2
left_child=1 3 4 7 12 6 -6 9 -5 10 11 19 20 14 15 16 17 -14 21 23 22 24 -3 -1 -19 26 -11 28 -27 -20
right_child=-2 2 -4 8 5 -7 -8 -9 -10 25 -12 -13 13 -15 -16 -17 -18 18 29 -21 -22 -23 -24 -25 -26 27 -28 -29 -30 -31
leaf_value=-0.0082666543230197169 0.045290889516895805 0.030992482594187739 0.033946423882243643 -0.039845477696288101 -0.02735049848621738 -0.023184930023578795 0.015606310027955487 0.14856621598961223 0.032950732675296301 0.054737526481242353 -0.031636365805602681 0.11282928440466325 -0.028422466148886869 -0.091031506835245912 -0.067916231878365804 0.043930952954126995 0.030670508200138242 0.023730236873104719 -0.053651235967797244 0.072644338376196937 0.040851322256629581 -0.04724108015706683 -0.035414093638926246 0.09619304045734739 -0.041403054752032563 0.038908435700853575 -0.051719235785337769 0.038610270496038081 -0.042727554771130168 0.030635401170174242
leaf_weight=274.22345205023885 41.445884466171265 9.6048548221588153 47.85480822622776 55.522069562226534 25.316247951239347 75.820064134895802 61.104227181524038 1.1274044662713993 5.4584052003920069 18.442163527011875 46.616029813885689 1.8609105125069607 25.45056402310729 2.6587233319878569 4.3380207866430274 18.264052838087082 24.49208740144968 52.794522531330585 10.612051025032995 3.1711418107151976 37.609323095530272 5.0064130723476401 8.2644335217773897 1.76704442501068 4.7931263446807852 3.5968075394630494 4.1185379773378363 7.6520932987332335 12.829384073615072 3.4700770154595366
leaf_count=2172 598 54 329 973 168 570 359 8 43 107 560 10 129 15 22 143 144 296 54 18 209 27 56 9 27 18 28 39 66 20
internal_value=-0.000131732 -0.00233657 0.00555165 -0.00988259 0.00187516 -0.00922509 0.00302243 -0.0060739 -0.0333294 -0.00653971 -0.00955737 -0.00589491 0.0105602 0.00426884 0.00596684 0.00817902 0.003022 -0.00360867 0.00462759 -0.00668633 0.0277835 0.0130662 0.000279859 -0.00759785 0.0183091 0.0146594 0.0353035 -0.00468358 -0.0248519 -0.0328816
internal_weight=895.285 853.839 417.454 436.385 369.599 162.241 86.4205 375.405 60.9805 374.278 327.639 281.023 207.358 151.88 149.221 144.883 126.619 102.127 76.6762 279.162 55.4786 62.5941 17.8693 275.99 57.5876 46.639 22.5607 24.0783 16.4262 14.0821
internal_count=7271 6673 2622 4051 2293 1097 527 3035 1016 3027 2769 2209 1196 877 862 840 697 553 424 2199 319 350 110 2181 323 258 135 123 84 74
is_linear=0
shrinkage=0.05


Tree=52
num_leaves=31
num_cat=0
split_feature=304 254 245 50 219 149 215 119 123 310 278 108 177 226 123 177 107 279 251 246 226 226 219 53 225 133 215 108 238 149
split_gain=33.7182 20.2225 14.2843 13.3727 11.4525 10.3326 11.1536 9.25748 8.5459 9.77842 8.32517 11.4987 11.389 9.31541 8.49706 9.62014 8.29301 7.87737 7.7167 8.11663 7.66553 7.21314 7.1458 12.3359 15.4491 8.06011 7.0467 6.84004 6.74704 6.66518
threshold=0.0028499999316409235 1.0000000180025095e-35 0.0018500000005587938 1.0000000180025095e-35 1.0000000180025095e-35 1.0000000180025095e-35 0.0019500000635161998 0.0043500000610947618 0.058100000023841865 0.0050000001210719356 0.022950000129640106 0.0013499999768100681 0.0081500001251697558 0.036300001665949828 0.0030500000575557355 0.0053499999921768912 0.005200000014156104 0.0027499999850988392 0.0048500001430511483 0.0035500000230968003 0.002650000038556755 0.0075499999802559623 0.0013499999768100681 1.0000000180025095e-35 0.0024500000290572648 0.0036499999696388845 0.0011500000255182388 1.0000000180025095e-35 0.0015499999863095584 0.18109999597072604
decision_type=2 2 2 2 2 2 2 2 2 2 2 2 2 2 2 2 2 2 2 2 2 2 2 2 2 2 2 2 2 2
left_child=1 2 3 4 -1 17 22 -6 9 10 11 12 13 14 15 20 -8 21 -13 -20 26 -3 25 24 29 -7 -4 -2 -25 -24
right_child=27 5 8 -5 7 6 16 -9 -10 -11 -12 18 -14 -15 -16 -17 -18 -19 19 -21 -22 -23 23 28 -26 -27 -28 -29 -30 -31
leaf_value=-0.014982430930385177 0.046866211601743479 0.020517245805747875 0.01107833494377404 -0.040063210748206686 0.081213525083766308 -0.033614191457600459 0.015396586210664682 -0.028263619143393617 -0.037645583666751664 0.057597327744857756 0.030048822257065455 -0.0350098150352052 -0.053683841599183192 0.04045703591719526 -0.023923767689109102 0.11186163836297201 -0.058077190527764978 0.036826421661269336 0.061887843249052978 -0.03603517202490393 -0.0031222843559564404 -0.001967322481787825 0.031560087721734 -0.040561289352444435 -0.05265265313384089 0.10122887915124107 0.064875437781063999 0.0042152113923356006 0.015832525846715347 -0.053456137410272331
leaf_weight=143.58507890999317 43.42597034573555 74.201414730399847 20.314779430627826 56.713476464152336 5.7256936952471715 37.255819384008646 80.788905467838049 2.9136622250080109 15.409374807029961 7.3398576341569415 19.642564408481121 38.992027722299099 8.5396999679505807 17.0610934458673 26.825179245322943 2.1668612994253627 4.032174624502658 32.957022044807673 4.6653374433517438 3.87281633913517 74.096503268927336 68.688643921166658 35.802544321864843 23.521180685609583 7.4411718957126132 1.1421899273991574 8.6913003474473935 11.997283540666102 6.8480120822787276 2.4640800207853308
leaf_count=1389 535 414 157 1029 34 328 500 26 109 57 103 345 54 96 216 14 32 273 22 20 490 379 206 184 41 7 61 99 38 13
internal_value=-0.000127662 -0.00264403 -0.00971137 -0.0193394 -0.0116184 0.00595705 -0.00183757 0.0442919 -0.00158735 0.000805488 -0.00104824 -0.0040246 0.00247301 0.00568819 0.00119751 0.00759902 0.0119038 0.0147911 -0.0255823 0.017471 0.00540777 0.00970869 -0.0120194 -0.00314437 0.0132672 -0.0296031 0.0271979 0.0376337 -0.0278449 0.0260857
internal_weight=887.122 831.698 456.555 208.938 152.224 375.143 199.296 8.63936 247.617 232.208 224.868 205.226 157.695 149.156 132.095 105.269 84.8211 175.847 47.5302 8.53815 103.103 142.89 114.475 76.077 45.7078 38.398 29.0061 55.4233 30.3692 38.2666
internal_count=7271 6637 4222 2478 1449 2415 1349 60 1744 1635 1578 1475 1088 1034 938 722 532 1066 387 42 708 793 817 482 260 335 218 634 222 219
is_linear=0
shrinkage=0.05


Tree=53
num_leaves=31
num_cat=0
split_feature=302 251 265 217 108 149 203 211 226 112 186 133 149 202 301 276 310 291 124 25 167 108 301 265 189 89 226 276 240 276
split_gain=32.1128 18.4253 15.1842 12.3075 11.1908 10.5399 12.9853 11.2061 11.0926 8.73651 10.5718 8.44968 9.17369 8.73322 8.18915 22.4102 8.05101 7.69584 9.44944 7.67054 8.34726 11.5618 9.18016 8.16175 8.75792 8.05085 9.12712 8.00622 7.58495 9.11987
threshold=0.0039500000420957812 0.0018500000005587938 0.0020500000100582842 0.0014499999815598132 0.0016499999910593035 0.0015499999863095584 0.0021499999566003685 0.0013499999768100681 0.0046500000171363362 1.0000000180025095e-35 0.0014499999815598132 0.0040500001050531873 0.016350000165402893 0.021049999631941322 0.0050500000361353168 0.0080500002950429934 0.009000000078231098 1.0000000180025095e-35 0.0050000001210719356 0.0027499999850988392 0.0012500000302679839 1.0000000180025095e-35 0.0016499999910593035 0.0012500000302679839 0.0013499999768100681 1.0000000180025095e-35 0.0016499999910593035 0.0013499999768100681 0.0016499999910593035 0.0013499999768100681
decision_type=2 2 2 2 2 2 2 2 2 2 2 2 2 2 2 2 2 2 2 2 2 2 2 2 2 2 2 2 2 2
left_child=1 2 3 9 -3 8 7 16 -4 10 19 12 13 -6 15 -10 -7 18 -8 20 22 28 -1 25 -25 26 -24 -28 29 -22
right_child=-2 4 5 -5 11 6 17 -9 14 -11 -12 -13 -14 -15 -16 -17 -18 -19 -20 -21 21 -23 23 24 -26 -27 27 -29 -30 -31
leaf_value=-0.026005649471417341 0.044350670548697076 0.018754309014688195 0.020908050843714009 0.1186434795086011 -0.013562888144578948 -0.023868938934978243 0.011481745581052666 0.076905537584545922 -0.039786010242429601 -0.041256176994165297 0.13264876816210522 0.041706561081868876 -0.063722894218520496 0.037970961195049092 0.0039161385413493026 0.083833872977231744 0.050668467533233702 -0.023913869329887979 0.11104625343455032 -0.045369615562358773 0.12837555937315834 -0.037305291145175778 0.11413909997933121 -0.036462700915252763 0.047394349750599529 -0.02110059409642337 -0.013564558913320486 0.086852579602425511 0.012487291027221733 -0.023599838184942209
leaf_weight=76.290012206882238 38.794036321341991 140.53674586117268 79.945187989622355 1.6261670030653466 47.738721504807472 121.37246281281114 53.157236635684967 2.95267429947853 28.857562340795994 37.06157660856843 1.2163221836090077 8.4550015255808812 7.4283036515116683 9.9313748031854612 124.43615474924445 4.1996792182326308 3.7342379316687575 15.477853424847124 2.4949208945035926 18.638994470238686 4.1579895876348036 5.7884673960506907 3.888174012303355 14.815950978547336 3.9420128464698783 5.7151752561330786 5.6105532348155958 3.0716972425580025 6.55793122574687 1.294466260820627
leaf_count=895 598 820 490 11 263 1085 376 15 174 774 7 52 46 54 744 25 25 88 15 285 36 52 33 119 23 52 42 24 37 11
internal_value=-0.000125472 -0.00217857 -0.00650712 -0.0183191 0.0104842 -0.00137586 -0.00985742 -0.0193718 0.0057394 -0.0195035 -0.0141641 -0.00531716 -0.0114246 -0.00468824 -0.00196035 -0.024081 -0.0216441 0.00727195 0.0159453 -0.0153564 -0.0110904 0.0207421 -0.0160896 0.00433216 -0.01884 0.0281029 0.0504735 0.0219621 0.0487183 0.0922951
internal_weight=879.188 840.394 626.303 189.675 214.09 436.628 199.189 128.059 237.439 188.049 150.988 73.5534 65.0984 57.6701 157.493 33.0572 125.107 71.13 55.6522 149.771 131.132 17.7989 113.334 37.0436 18.758 18.2856 12.5704 8.68225 12.0104 5.45246
internal_count=7271 6673 5438 2401 1235 3037 1604 1125 1433 2390 1616 415 363 317 943 199 1110 479 391 1609 1324 136 1188 293 142 151 99 66 84 47
is_linear=0
shrinkage=0.05


Tree=54
num_leaves=31
num_cat=0
split_feature=302 276 50 112 278 251 108 162 101 195 257 310 123 265 310 123 123 255 276 226 189 43 301 101 212 101 180 108 265 262
split_gain=30.107 17.019 14.464 12.7396 16.7973 11.3861 10.917 9.92263 9.8209 9.78584 9.14736 9.19507 11.8693 9.05646 8.93188 8.48929 7.88904 8.39637 8.55286 9.63004 9.0451 9.44649 9.00609 12.0489 8.13459 7.86672 7.84266 7.7375 8.19094 7.71322
threshold=0.0039500000420957812 1.0000000180025095e-35 1.0000000180025095e-35 0.0010500000207684936 0.0041499999351799497 0.0055499998852610597 0.0016499999910593035 0.0030000001424923543 0.0012500000302679839 1.0000000180025095e-35 0.023550000041723255 1.0000000180025095e-35 0.007849999703466894 0.012149999849498274 0.0070000002160668382 0.0019500000635161998 0.0084500000812113302 0.059400001540780074 0.010149999987334015 0.0088499998673796671 0.0012500000302679839 0.0068500000052154073 0.025249999947845939 0.002549999975599349 0.0014499999815598132 0.062899999320507063 0.039250001311302192 0.0047500000800937423 0.026250000111758712 0.0048500001430511483
decision_type=2 2 2 2 2 2 2 2 2 2 2 2 2 2 2 2 2 2 2 2 2 2 2 2 2 2 2 2 2 2
left_child=1 2 7 5 14 6 16 8 9 13 11 -4 -13 15 -5 -1 17 18 19 20 -3 -22 23 24 -21 -24 -8 -7 -29 -20
right_child=-2 3 10 4 -6 27 26 -9 -10 -11 -12 12 -14 -15 -16 -17 -18 -19 29 22 21 -23 25 -25 -26 -27 -28 28 -30 -31
leaf_value=-0.0059052809782046654 0.043779381060715605 0.0030359299246419304 -0.049171741026938602 -0.029386003818095502 0.01309112963250925 0.034978137643455982 -0.01884851773081991 0.08442229571495849 -0.03414460273819913 0.045455890434166348 0.04876732317574544 0.13887522821646026 -0.050411597471722948 0.034288986980450895 0.040087497777042749 -0.044195529306266745 -0.0086516470940579179 0.049945245369789393 0.038561714092912355 -0.039876057367325135 0.03858785031604102 -0.046852587230606729 0.015889525824371434 -0.057579096854120992 0.0087650254323645132 -0.058997036241013018 0.058440938953546684 -0.067543604056901657 0.033382352363635813 -0.041201116539963764
leaf_weight=139.01790788024664 37.371469456702471 60.636960417032242 42.167990196496248 75.269375715404749 44.857044357806444 48.961616136133671 63.216863360255957 2.922632932662963 31.354041047394276 9.5457005836069566 2.8977337777614585 1.540491092950105 1.7910683080554006 12.536043427884577 4.9294012561440459 16.15804847702384 62.220105696469545 13.239647310227154 33.503074109554291 12.076227203011511 43.584848318248987 3.4944428764283648 45.828654631972313 14.92028037086129 29.82129629701376 3.7975183054804793 3.4619242921471587 4.0900121033191663 3.9536330997943878 3.3323942944407454
leaf_count=1197 598 430 828 824 271 307 421 19 276 55 32 14 26 63 35 172 431 77 215 65 244 33 269 93 173 22 20 20 21 20
internal_value=-0.00012699 -0.00209178 -0.0127097 0.00270647 -0.0114111 0.00662856 0.00360046 -0.00706804 -0.00834981 -0.00378712 -0.0373681 -0.0428538 0.0371134 -0.0065899 -0.0251158 -0.00989234 0.00736606 0.0111378 0.00909075 0.00526288 0.0158027 0.0322461 -0.00540294 -0.0189952 -0.00525491 0.010159 -0.0148357 0.0275117 -0.0179362 0.0313458
internal_weight=872.498 835.127 259.932 575.195 125.056 450.139 393.134 211.534 208.612 177.258 48.3973 45.4995 3.33156 167.712 80.1988 155.176 326.455 264.235 250.996 214.16 107.716 47.0793 106.444 56.8178 41.8975 49.6262 66.6788 57.0053 8.04365 36.8355
internal_count=7271 6673 2682 3991 1130 2861 2513 1782 1763 1487 900 868 40 1432 859 1369 2072 1641 1564 1329 707 277 622 331 238 291 441 348 41 235
is_linear=0
shrinkage=0.05


Tree=55
num_leaves=31
num_cat=0
split_feature=304 276 50 163 108 251 133 101 240 246 195 265 123 119 167 163 195 180 89 220 25 162 203 149 202 133 301 265 108 219
split_gain=28.3737 17.2186 14.0113 10.5975 10.2999 10.3359 9.80519 8.37637 8.18029 7.88174 7.80074 7.74395 7.74561 7.70572 7.68647 12.6333 7.49634 7.48865 6.97407 6.90904 6.90734 6.79803 6.66884 7.4986 6.64779 7.7925 7.44777 6.69349 6.58895 6.49274
threshold=0.0028499999316409235 1.0000000180025095e-35 1.0000000180025095e-35 0.010250000283122064 0.0016499999910593035 0.0018500000005587938 0.0018500000005587938 0.0012500000302679839 0.0058500000741332778 0.0022500000195577745 1.0000000180025095e-35 0.012149999849498274 0.0042499999981373557 0.0070500001311302194 0.0019500000635161998 0.0018500000005587938 0.0028499999316409235 0.0027499999850988392 0.0021499999566003685 0.0014499999815598132 0.0013499999768100681 0.0030000001424923543 0.0036499999696388845 1.0000000180025095e-35 1.0000000180025095e-35 0.0019500000635161998 0.0048500001430511483 0.0035500000230968003 1.0000000180025095e-35 0.0012500000302679839
decision_type=2 2 2 2 2 2 2 2 2 2 2 2 2 2 2 2 2 2 2 2 2 2 2 2 2 2 2 2 2 2
left_child=1 2 7 4 5 18 9 10 16 13 11 12 21 19 15 -4 -6 -16 29 -7 -8 22 23 24 25 -1 -26 -28 -2 -3
right_child=28 3 14 -5 8 6 20 -9 -10 -11 -12 -13 -14 -15 17 -17 -18 -19 -20 -21 -22 -23 -24 -25 26 -27 27 -29 -30 -31
leaf_value=0.0044631272476682903 0.045458568388476388 0.00064816870454498807 -0.048063376923285585 0.049909695759155166 -0.024116145921859632 0.011853463327860823 -0.080770054142980621 -0.032193560974211603 0.0044052066452851335 0.043630394375272406 0.041455007802661648 0.034962700773416538 -0.054160854974691287 -0.044404380303903757 0.084023271808368882 0.14441406413107208 0.048183069516358173 -0.058328446466303412 -0.011508874762402676 0.061832817404940434 0.0016170381184713763 0.08923578484781268 0.082301848877058797 -0.040323357605953243 -0.054541353211692761 -0.040345522118200812 0.07540788837188997 -0.045646346937827396 0.0027519234837528506 0.020884207388156568
leaf_weight=98.636523619294167 39.980000987648964 171.02272259443998 41.869764471426606 11.5272642634809 76.331156810745597 49.57538041844964 3.7171258926391593 29.719066962599754 54.397177148610353 33.270248305052519 9.1516490802168828 10.806923702359198 8.877118729054926 5.2584253773093215 2.3978446573019023 0.87022139877080817 3.7619730308651915 1.5029824711382387 84.838441437110305 8.0355447269976121 8.0617188699543458 1.8477891981601704 2.0481500849127761 16.443539179861546 12.04167263954878 10.761282604187725 2.5052369013428679 2.0983696281909943 11.667287979274986 51.59733247756958
leaf_count=806 535 1270 854 94 658 294 18 271 311 220 52 56 99 39 20 6 20 18 600 68 47 10 16 228 98 91 16 11 99 346
internal_value=-0.000124989 -0.00240796 -0.0132779 0.00246321 0.00146855 0.00536242 0.0186752 -0.00764876 -0.0105578 0.0239506 -0.00348568 -0.00596228 -0.00881088 0.0135361 -0.0380122 -0.0441444 -0.0207203 0.0291754 0.000689608 0.0188246 -0.0243824 -0.00606071 -0.00727902 -0.00856669 -0.00442372 5.5374e-05 -0.0338617 0.0202302 0.035811 0.00533834
internal_weight=864.62 812.973 251.578 561.395 549.867 415.377 107.918 204.937 134.49 96.1396 175.218 166.067 155.26 62.8694 46.6408 42.74 80.0931 3.90083 307.458 57.6109 11.7788 146.383 144.535 142.487 126.043 109.398 16.6453 4.60361 51.6473 222.62
internal_count=7271 6637 2652 3985 3891 2902 686 1754 989 621 1483 1431 1375 401 898 860 678 38 2216 362 65 1276 1266 1250 1022 897 125 27 634 1616
is_linear=0
shrinkage=0.05


Tree=56
num_leaves=31
num_cat=0
split_feature=302 163 112 278 254 276 101 240 168 104 195 217 0 108 202 206 276 251 177 258 301 230 158 123 220 251 89 301 206 176
split_gain=26.9552 16.4303 16.438 21.741 12.3646 9.86162 11.9495 9.34784 9.17633 9.16326 8.62814 8.275 7.99073 7.72389 12.2301 11.9546 11.4982 9.00361 9.61124 10.5588 7.69828 7.22925 7.74301 7.08427 8.55063 8.18406 7.43424 8.70747 6.8995 7.17597
threshold=0.0039500000420957812 0.010750000365078451 0.0010500000207684936 0.0041499999351799497 0.031850000843405731 1.0000000180025095e-35 0.0011500000255182388 0.1090499982237816 1.0000000180025095e-35 0.0014499999815598132 1.0000000180025095e-35 0.0017499999958090486 0.0010500000207684936 0.0012500000302679839 0.020149999298155311 0.0023500000825151805 0.007849999703466894 0.0028499999316409235 0.0079499999992549437 1.0000000180025095e-35 0.002650000038556755 0.003249999950639904 0.0019500000635161998 0.0020500000100582842 0.0014499999815598132 0.0013499999768100681 0.0011500000255182388 0.0047500000800937423 0.012349999975413086 0.036799998953938491
decision_type=2 2 2 2 2 2 2 2 2 2 2 2 2 2 2 2 2 2 2 2 2 2 2 2 2 2 2 2 2 2
left_child=1 2 4 7 5 6 8 12 10 11 23 13 -4 16 15 -15 17 18 19 21 -18 22 -7 24 26 -25 -1 -28 29 -11
right_child=-2 -3 3 -5 -6 9 -8 -9 -10 28 -12 -13 -14 14 -16 -17 20 -19 -20 -21 -22 -23 -24 25 -26 -27 27 -29 -30 -31
leaf_value=0.00019917231994859725 0.042843038449505662 0.052669309688839538 -0.035314374930773537 0.011446342510975503 0.036558916756447998 0.0067490057332568569 -0.036558794974890466 0.04388455928917441 0.063638435139368593 -0.0059930521699738809 0.040588482624123692 0.063979029093767653 0.065212567656269899 -0.019329152412773574 0.060522184787834027 0.088120936100633651 0.11402948745974158 0.035598443068093524 -0.066529885821838136 0.034381853710725212 0.032892910732248898 0.07633031565797084 -0.021925863620249474 -0.046991220047959019 0.081710881111068459 0.091263655089984755 -0.037447657098515878 0.013584149717687389 -0.095290234027638615 0.071225685112432227
leaf_weight=108.40990803018212 35.013428419828415 13.541375361382959 98.62473900616169 44.442075949162245 22.97444761544466 63.131684463471174 34.038512818515301 4.0819074958562842 4.8344998545944682 153.45429924502969 9.3650433085858804 6.8073194287717333 2.0172270685434333 54.288640089333057 6.0570009574294081 2.7181909084320059 3.2969041652977493 24.737815290689468 4.8240776993334284 25.198801547288895 25.811163365840912 2.8850312978029242 37.54170760512352 16.972050493583087 2.7776831910014144 1.142458252608775 32.321208847686648 11.274805948138235 2.1199310794472686 3.0688429176807395
leaf_count=938 598 111 1447 269 146 394 346 26 32 1039 54 45 10 337 31 15 21 150 27 141 169 16 237 182 15 6 370 71 12 16
internal_value=-0.000122933 -0.0019514 -0.00286542 -0.0178559 0.0005223 -0.000777261 -0.00930894 -0.030291 -0.00435139 0.00375862 -0.00615481 0.00958597 -0.0332995 0.00810779 -0.00702845 -0.0142057 0.0132007 0.00789053 0.00275932 0.00535534 0.0420828 -0.00170766 -0.00394402 -0.00868667 -0.0052243 -0.0382717 -0.00681291 -0.0242498 -0.00569258 -0.00447908
internal_weight=857.773 822.759 809.218 149.166 660.052 637.078 221.136 104.724 187.098 415.941 182.263 257.298 100.642 250.491 63.0638 57.0068 187.427 158.319 133.581 128.757 29.1081 103.558 100.673 172.898 154.784 18.1145 152.006 43.596 158.643 156.523
internal_count=7271 6673 6562 1752 4810 4664 2014 1483 1668 2650 1636 1583 1457 1538 383 352 1155 965 815 788 190 647 631 1582 1394 188 1379 441 1067 1055
is_linear=0
shrinkage=0.05


Tree=57
num_leaves=31
num_cat=0
split_feature=253 163 112 278 149 276 53 111 186 108 202 276 255 240 162 163 289 251 0 226 43 189 314 177 245 314 240 89 206 245
split_gain=25.3004 17.915 17.8265 14.5112 11.937 10.2859 10.3247 9.16253 8.90499 9.06583 15.8047 9.88834 9.27927 8.71611 8.15955 8.15713 8.05671 7.85792 7.8231 7.7698 7.6496 9.77777 7.28744 7.26761 8.84015 7.20176 8.39513 10.6517 7.51997 7.19066
threshold=0.0015499999863095584 0.010850000195205213 0.0010500000207684936 0.0041499999351799497 0.16444999724626544 1.0000000180025095e-35 1.0000000180025095e-35 0.0010500000207684936 1.0000000180025095e-35 1.0000000180025095e-35 0.0024500000290572648 0.010149999987334015 0.059400001540780074 0.1053999997675419 0.0030000001424923543 0.002650000038556755 0.0046500000171363362 0.0056499999482184657 0.0010500000207684936 0.0088499998673796671 0.0068500000052154073 0.0012500000302679839 0.0068500000052154073 0.039349999278783805 0.019049999304115776 0.067149996757507338 0.011649999767541887 0.014750000089406969 0.0031500000040978198 0.0090499999932944792
decision_type=2 2 2 2 2 2 2 2 2 2 2 2 2 2 2 2 2 2 2 2 2 2 2 2 2 2 2 2 2 2
left_child=1 2 5 13 -2 6 14 8 9 10 11 19 16 18 -1 -14 23 25 -4 20 21 29 -23 24 -12 26 28 -28 -11 -7
right_child=4 -3 3 -5 -6 7 -8 -9 -10 17 12 -13 15 -15 -16 -17 -18 -19 -20 -21 -22 22 -24 -25 -26 -27 27 -29 -30 -31
leaf_value=-0.0061357447198062288 0.041380714554903802 0.05479118482272119 -0.034458355740834133 0.0073030952757499575 -0.022200567219762633 0.0021789234191572611 -0.040445084885232623 -0.048738084591779238 0.031582268002793561 -0.025075112375562165 -0.02949104779209823 0.048526967609086334 0.060196806913295847 0.042018437219894844 0.081958779526505265 -0.062649770681374048 0.067356725693195091 0.017307590612928435 0.061462265006184985 0.00033219917109475884 -0.047856479683911157 0.050404914470619039 -0.0096396043695451388 -0.1262368593551306 0.020050003324824473 -0.11928728339661135 0.024715501665459657 -0.057878961014318858 0.069037810087786547 0.064584640006360633
leaf_weight=196.52824763581157 49.0971923135221 13.438002616167067 95.980295229703188 36.697837121784687 8.6884246021509153 41.625586587935686 22.846469137817621 7.8683728501200667 30.81355170533061 64.548181559890509 44.487865015864372 21.234533093869686 7.038544334471224 4.1065007485449305 2.6641347035765639 1.6723684072494505 2.6070081405341616 25.017946612089872 2.1738076955080023 74.972949545830488 3.766343154013156 36.877432569861412 5.8555955737829199 1.6405724883079518 11.289850160479544 1.6016700416803349 23.064407978206876 4.6987654492259017 2.1947182044386855 5.1916526146233073
leaf_count=1612 632 123 1448 224 48 292 401 62 176 470 311 159 44 28 17 10 19 139 11 470 36 217 36 9 70 7 127 32 12 29
internal_value=-0.000119588 -0.00244854 -0.00343586 -0.0196689 0.0318209 8.8113e-05 -0.00860897 0.00470719 0.00573237 0.00363286 0.00892611 0.0163751 -0.0116126 -0.0293482 -0.00495751 0.0366121 -0.018611 -0.00765324 -0.032334 0.0123182 0.021948 0.0248839 0.0421772 -0.0225143 -0.0194635 -0.0141508 -0.012369 0.0107368 -0.0219804 0.00909921
internal_weight=850.289 792.503 779.065 138.958 57.7856 640.107 222.039 418.068 410.2 379.386 258.26 189.524 68.7362 102.261 199.192 8.71091 60.0253 121.126 98.1541 168.29 93.3166 89.5503 42.733 57.4183 55.7777 96.1077 94.5061 27.7632 66.7429 46.8172
internal_count=7271 6591 6468 1711 680 4757 2030 2727 2665 2489 1702 1239 463 1487 1629 54 409 787 1459 1080 610 574 253 390 381 648 641 159 482 321
is_linear=0
shrinkage=0.05


Tree=58
num_leaves=31
num_cat=0
split_feature=302 163 112 278 254 89 288 251 232 240 53 225 212 133 110 91 154 226 89 255 180 228 133 211 101 212 215 276 246 265
split_gain=23.9832 14.0661 13.8925 18.7148 11.0252 9.23577 10.5241 9.10109 7.99077 7.94189 7.40228 7.19882 7.19204 9.29666 9.23632 7.86796 11.3353 9.37481 7.45856 8.93423 7.94714 10.5997 9.59382 7.43722 7.34575 12.9654 7.22897 7.16279 7.08996 6.70681
threshold=0.0039500000420957812 0.010750000365078451 0.0010500000207684936 0.0041499999351799497 0.031850000843405731 0.0046500000171363362 0.018550000153481964 0.0049499999731779107 0.0072500000242143878 0.1090499982237816 0.0019500000635161998 0.044900000095367439 0.013749999925494196 0.0014499999815598132 1.0000000180025095e-35 0.0045499999541789302 0.010750000365078451 0.0034500000765547161 0.0010500000207684936 0.040149999782443054 1.0000000180025095e-35 0.0019500000635161998 1.0000000180025095e-35 0.0011500000255182388 0.0020500000100582842 1.0000000180025095e-35 0.014750000089406969 0.0022500000195577745 0.0020500000100582842 0.013749999925494196
decision_type=2 2 2 2 2 2 2 2 2 2 2 2 2 2 2 2 2 2 2 2 2 2 2 2 2 2 2 2 2 2
left_child=1 2 4 9 5 7 8 12 11 -4 -9 -7 15 14 -14 18 17 -17 20 24 21 22 -1 26 25 -20 27 28 -22 -28
right_child=-2 -3 3 -5 -6 6 -8 10 -10 -11 -12 -13 13 -15 -16 16 -18 -19 19 -21 23 -23 -24 -25 -26 -27 29 -29 -30 -31
leaf_value=0.012637822696581095 0.041841429025418653 0.050134632003732749 -0.031516761186546012 0.010354139267238945 0.034837933400611885 -0.043321375749649782 0.0073984410790888105 0.024525256528556298 0.024844114902068119 0.040133996369165863 -0.06602600764285467 0.054708586985143595 0.038275061938329732 -0.034476244902656675 -0.04667369446244863 0.0018556424446755022 -0.056645452556428527 0.1467929707307663 -0.029794379255505057 0.034579456166287673 -0.010137908251147 0.15251807153858443 -0.034147797747672584 0.082593863063475173 -0.032819228429057483 0.0087728246639048116 -0.019220120810560352 -0.024367656833862616 0.022787150343276694 0.043833619758074989
leaf_weight=126.49665412679315 32.735865697264671 12.8256947286427 96.214133443310857 44.408738844096661 22.517161153256893 40.344062231481075 27.636958904564381 53.117036908864975 5.5884493216872206 4.0293948426842681 2.3570720106363288 1.9639328867197026 31.351214170455933 6.7548742033541194 3.5635211132466784 1.7899362519383419 1.7503306269645689 2.9618146792054176 38.232002459466457 9.3170709498226625 66.213669011369348 1.2910474464297284 11.99655172228813 2.3261261582374564 43.848054949194193 50.675921741873026 6.4597492255270508 60.432497009634972 21.711936924606562 12.148625805974005
leaf_count=1006 598 111 1457 269 146 366 171 305 35 26 14 11 200 45 21 32 20 21 404 56 536 8 113 13 311 322 51 385 149 69
internal_value=-0.000116249 -0.00181128 -0.00264669 -0.0166664 0.000459673 -0.000768417 -0.0171713 0.00146477 -0.0313484 -0.0286367 0.0206778 -0.0387708 -0.00066977 0.019217 0.0296049 -0.00248048 0.052129 0.0921966 -0.00326752 -0.0127498 0.0010912 0.00991453 0.00858516 -0.00619418 -0.0160715 -0.00781176 -0.00743115 -0.0111158 -0.00200755 0.021945
internal_weight=843.06 810.324 797.499 144.652 652.846 630.329 75.5334 554.796 47.8964 100.244 55.4741 42.308 499.322 41.6696 34.9147 457.652 6.50208 4.75175 451.15 142.073 309.077 139.784 138.493 169.293 132.756 88.9079 166.966 148.358 87.9256 18.6084
internal_count=7271 6673 6562 1752 4810 4664 583 4081 412 1483 319 377 3762 266 221 3496 73 53 3423 1093 2330 1127 1119 1203 1037 726 1190 1070 685 120
is_linear=0
shrinkage=0.05


Tree=59
num_leaves=31
num_cat=0
split_feature=304 254 181 91 149 203 92 278 202 53 177 36 254 108 166 133 112 176 25 53 240 108 176 227 272 228 180 108 288 301
split_gain=22.795 13.5643 12.2493 15.1339 9.45383 12.3039 9.55684 8.83543 10.9932 10.0586 8.39123 7.92222 6.92632 6.87704 6.7786 9.08391 7.20301 7.35305 6.66523 11.3238 7.90276 6.56374 6.37738 6.20432 6.18192 9.69122 8.39081 11.1422 7.54499 8.99295
threshold=0.0044499998912215242 1.0000000180025095e-35 0.0013499999768100681 0.0016499999910593035 1.0000000180025095e-35 0.0015499999863095584 0.0015499999863095584 0.0012500000302679839 0.0011500000255182388 0.0017499999958090486 0.0079499999992549437 0.0010500000207684936 0.022149999625980858 0.0044499998912215242 0.0030000001424923543 0.0014499999815598132 0.0010500000207684936 0.0050500000361353168 0.0062500000931322583 0.0015499999863095584 0.022650000639259819 0.0056499999482184657 0.0053499999921768912 0.014849999919533731 0.0015499999863095584 0.0013499999768100681 0.00075000003562308859 1.0000000180025095e-35 0.0051500000990927228 0.0014499999815598132
decision_type=2 2 2 2 2 2 2 2 2 2 2 2 2 2 2 2 2 2 2 2 2 2 2 2 2 2 2 2 2 2
left_child=1 2 3 7 12 6 18 9 13 10 14 23 -3 -9 15 16 24 -18 -6 -20 -21 -4 -10 -7 25 28 27 -27 29 -1
right_child=-2 4 21 -5 5 11 -8 8 22 -11 -12 -13 -14 -15 -16 -17 17 -19 19 20 -22 -23 -24 -25 -26 26 -28 -29 -30 -31
leaf_value=-0.012969396662591543 0.041869706605273969 0.01083257907338523 0.061301584132487819 -0.036564066481174481 -0.018700841255036845 0.026903651750719067 0.1192369265647678 0.055499734936074289 -0.013733516247431455 -0.04469054401973746 -0.071869649504984312 -0.016998256042939051 0.047128247071559416 -0.046342655486347861 0.038844759953767981 -0.03230251583513092 -0.03636248476296481 0.09542429853210746 0.059594937959266417 -0.056870540482891918 0.030996952293928584 -0.055383120520179754 0.019927257177217609 -0.037428952417614368 -0.037827156605620582 0.070061551540475275 0.0049532006916487683 -0.053126036983002861 -0.032208993352759757 0.011875625687894568
leaf_weight=72.542017988860607 31.128343138843775 159.03748461976647 9.0652658119797689 44.570426961407065 100.37306951358914 53.928819449618459 1.368822507560252 15.394042957574131 36.623047217726707 19.126371439546347 4.9362644590437403 16.326621282845736 14.328378610312937 1.8576473370194424 8.1429492905735952 32.411702029407024 22.705227650702003 1.1101873219013203 7.8301881067454842 6.0746871680021268 4.4215075299143791 1.3900110572576512 22.851182911545038 4.0276588909327975 10.973129872232674 12.835864618420599 24.536388576030731 2.1418974101543418 21.525228291749954 73.148438356816769
leaf_count=803 493 1001 72 813 764 356 7 97 248 364 34 103 119 17 48 276 385 9 46 56 25 10 130 36 64 72 147 15 123 538
internal_value=-0.000113854 -0.00173609 -0.00768152 -0.00898943 0.00534389 -0.00222801 -0.0121233 -0.00577936 0.00939285 -0.00958193 -0.00724228 0.0137663 0.0138324 0.0445334 -0.00611131 -0.00744769 -0.00411218 -0.0302191 -0.0136381 0.0140902 -0.0198565 0.0457886 -0.000800377 0.0224329 -0.00125624 0.000684928 0.0229549 0.0524451 -0.00457761 -0.000495178
internal_weight=836.733 805.605 437.887 427.432 367.717 194.351 120.068 382.862 76.7259 306.136 287.009 74.2831 173.366 17.2517 282.073 273.93 241.518 23.8154 118.699 18.3264 10.4962 10.4553 59.4742 57.9565 217.703 206.73 39.5142 14.9778 167.216 145.69
internal_count=7271 6778 4265 4183 2513 1393 898 3370 492 2878 2514 495 1120 114 2480 2432 2156 394 891 127 81 82 378 392 1762 1698 234 87 1464 1341
is_linear=0
shrinkage=0.05


Tree=60
num_leaves=31
num_cat=0
split_feature=302 163 112 278 251 110 186 254 277 104 189 133 217 259 181 250 91 25 149 255 245 180 163 50 149 160 123 91 301 101
split_gain=21.5984 12.8834 12.0579 16.5527 9.69081 10.6534 7.97442 7.48395 7.32303 7.17404 8.61832 7.65352 7.09989 7.05438 6.68447 6.49892 6.37256 8.1605 9.45188 10.4183 9.09123 8.80043 9.38188 7.84946 8.99852 12.4974 7.69449 8.93471 7.31649 8.74999
threshold=0.0039500000420957812 0.010750000365078451 0.0010500000207684936 0.0041499999351799497 0.0010500000207684936 1.0000000180025095e-35 1.0000000180025095e-35 0.011049999855458738 1.0000000180025095e-35 1.0000000180025095e-35 0.0012500000302679839 0.0012500000302679839 1.0000000180025095e-35 0.58500000834465038 0.0031500000040978198 1.0000000180025095e-35 0.0081500001251697558 0.0054500000551342973 0.0027499999850988392 0.059400001540780074 0.03354999981820584 0.0052499999292194852 0.0011500000255182388 1.0000000180025095e-35 0.017050000838935379 0.0011500000255182388 0.0099499998614192026 0.0042499999981373557 0.0076500000432133683 1.0000000180025095e-35
decision_type=2 2 2 2 2 2 2 2 2 2 2 2 2 2 2 2 2 2 2 2 2 2 2 2 2 2 2 2 2 2
left_child=1 2 4 13 8 6 7 9 14 -6 -11 -12 -7 -4 16 -13 17 18 19 21 -20 22 26 24 -19 -26 27 28 29 -1
right_child=-2 -3 3 -5 5 12 -8 -9 -10 10 11 15 -14 -15 -16 -17 -18 23 20 -21 -22 -23 -24 -25 25 -27 -28 -29 -30 -31
leaf_value=-0.0045589541118141721 0.040931576862872208 0.049033468166464714 -0.029656464979438898 0.0095939978297344252 0.012570436312998381 -0.037317283200846686 0.050463744545715374 0.030837086381595463 0.061771208481138144 -0.042578579469065743 0.017486014803716445 -0.002331551761154902 0.01683778471435611 0.051588732204674616 0.072715297084756339 -0.073930629494427594 -0.041578824214219899 0.017965739769924296 -0.026840962225158041 0.051312993929718713 0.034597022033896439 -0.05398203092499413 0.040830662174025006 -0.0098456984039622941 0.15346040221472654 -0.012987581366353709 -0.043182683668496216 0.090034140628923898 0.0098522182180810717 -0.037975494150736616
leaf_weight=140.27278988622129 30.862066943198442 12.322645142674444 93.863665452226996 44.207406178116798 112.27121361345053 19.556544486433271 12.720743156969545 34.571471966803074 4.1428622528910628 14.468937546014784 27.514621287584305 8.7654101178050023 8.7646008431911451 2.7500775009393683 2.7443785406649104 4.9642520546913138 11.928665643557904 9.6979574449360388 72.190441008657217 8.8382313773035985 6.5692051500082007 8.4804566297680122 12.067128762602804 10.686035461723803 3.4919494502246371 1.6656432561576364 12.112055834382771 2.5897906925529233 72.647857900708914 22.769373089075089
leaf_count=1294 598 111 1466 269 602 111 82 243 30 90 160 51 50 17 23 25 127 75 718 61 36 68 69 119 23 11 104 30 423 185
internal_value=-0.000111985 -0.00169607 -0.00249006 -0.0157481 0.000397851 0.00827062 0.0120632 0.0096516 -0.00436217 0.00529159 -0.00937646 0.00227119 -0.0205578 -0.0273438 -0.00504927 -0.0282197 -0.00558819 -0.0044704 -0.00641564 -0.00210832 -0.0217165 -0.00385096 -0.00223115 0.0228358 0.0463446 0.0997061 -0.00430643 -0.0023303 -0.00334521 -0.00922568
internal_weight=830.498 799.636 787.314 140.821 646.493 243.598 215.277 202.556 402.895 167.984 55.7132 41.2443 28.3211 96.6137 398.752 13.7297 396.008 384.079 358.537 279.778 78.7596 270.939 262.459 25.5416 14.8556 5.15759 250.392 238.28 235.69 163.042
internal_count=7271 6673 6562 1752 4810 1414 1253 1171 3396 928 326 236 161 1483 3366 76 3343 3216 2988 2234 754 2173 2105 228 109 34 2036 1932 1902 1479
is_linear=0
shrinkage=0.05


Tree=61
num_leaves=31
num_cat=0
split_feature=304 276 50 108 251 224 183 167 310 255 246 228 100 101 226 308 278 123 151 302 279 126 183 177 219 119 180 158 214 226
split_gain=20.4478 12.6592 11.2477 9.53387 9.72711 8.45281 9.55723 7.80158 11.6786 7.34444 7.34115 7.12889 7.05649 7.04721 6.90163 7.71762 7.40298 8.64701 11.2209 10.4449 7.22086 6.80356 6.39991 6.35113 6.77204 6.34114 6.30135 6.26763 7.20993 6.56607
threshold=0.0060499999672174462 1.0000000180025095e-35 1.0000000180025095e-35 0.0016499999910593035 0.0018500000005587938 0.0023500000825151805 0.0013499999768100681 0.0019500000635161998 1.0000000180025095e-35 0.059400001540780074 0.026499999687075618 0.002650000038556755 0.0048500001430511483 0.0010500000207684936 0.0046500000171363362 0.003249999950639904 0.0045499999541789302 0.0011500000255182388 0.0014499999815598132 0.0015499999863095584 0.0012500000302679839 0.035749999806284911 0.010250000283122064 0.0077499998733401307 0.0097500002011656779 0.0090499999932944792 0.0027499999850988392 0.011950000189244749 0.0013499999768100681 0.027749999426305298
decision_type=2 2 2 2 2 2 2 2 2 2 2 2 2 2 2 2 2 2 2 2 2 2 2 2 2 2 2 2 2 2
left_child=1 2 5 4 9 6 13 8 -4 14 -5 -10 -12 -1 15 20 17 18 19 23 -3 -18 -8 24 27 -23 -9 28 29 -16
right_child=-2 3 7 10 -6 -7 22 26 11 -11 12 -13 -14 -15 16 -17 21 -19 -20 -21 -22 25 -24 -25 -26 -27 -28 -29 -30 -31
leaf_value=-0.0036263458682811384 0.046477817113788268 0.004548472589206206 -0.049452195896674621 -0.014119674360148099 0.018900788501082552 -0.094228781836956196 0.056878714728990178 0.080104882618700121 -0.020295583172493758 0.030500424513290915 0.028004250132548467 0.14420173943697165 -0.051890953518475447 -0.030892604547071819 -0.0048353809143388635 0.10234494319579289 0.023406397962029417 -0.025931719134385946 0.12608636704040779 0.044342517188072188 0.056667997730821533 -0.11139098557768341 -0.034559033290870206 -0.068312873303757599 0.067421125056011819 -0.00299721880279825 -0.056782043092883094 -0.037360858807359495 -0.065935642777915165 0.040418105860752014
leaf_weight=158.57571698538959 22.898300793021917 82.35333183594048 34.692296423017979 112.42141994647682 113.64597113803029 2.6857119351625434 9.5171426311135274 2.4876358136534686 1.3542642258107656 20.793226137757301 19.822009099647406 1.2822393402457235 3.2114275172352782 27.861319152638316 51.843061149120331 2.2582427561283103 32.62552947178483 57.137480949983001 1.6925555914640416 10.128779686987398 7.2288325540721408 1.8090782165527333 2.3952806964516631 4.3301554434001437 3.0101972818374625 5.3085734844207764 1.2698836997151373 15.666647490113972 4.1500365212559691 9.4817196466028673
leaf_count=1405 408 723 825 885 832 14 58 21 28 149 137 9 19 280 335 10 197 471 9 96 49 10 16 26 20 34 18 111 22 54
internal_value=-0.000109924 -0.00144167 -0.0109917 0.00269535 0.0063887 -0.00611976 -0.00492673 -0.0348298 -0.0417424 0.00179906 -0.0088509 0.0597062 0.0168649 -0.00770104 -0.000265795 0.0110555 -0.00553882 -0.0104064 -0.0015624 -0.00375336 0.00875426 0.0137437 0.0384929 -0.00925904 -0.00622034 -0.0305474 0.0338429 -0.0089523 -0.00215477 0.00216148
internal_weight=823.938 801.04 242.121 558.918 423.463 201.035 198.349 41.0863 37.3288 309.817 135.455 2.6365 23.0334 186.437 289.024 91.8404 197.184 157.441 100.303 98.6106 89.5822 39.7432 11.9124 88.4818 84.1517 7.11765 3.75752 81.1415 65.4748 61.3248
internal_count=7271 6863 2674 4189 3148 1773 1759 901 862 2316 1041 37 156 1685 2167 782 1385 1144 673 664 772 241 74 568 542 44 39 522 411 389
is_linear=0
shrinkage=0.05


Tree=62
num_leaves=31
num_cat=0
split_feature=307 254 50 164 126 240 278 202 32 166 104 212 203 254 226 251 108 6 210 289 180 301 265 288 158 53 214 50 219 225
split_gain=19.2898 12.0188 9.40977 11.4902 8.59332 8.53371 8.25815 7.65344 7.57205 7.40146 8.17365 7.26729 6.96742 7.08069 11.3898 8.63635 6.87389 7.02592 8.89703 6.81771 6.75588 6.70569 7.2384 7.74427 7.57424 6.48864 7.77654 9.00196 7.74082 7.74544
threshold=1.0000000180025095e-35 1.0000000180025095e-35 1.0000000180025095e-35 1.0000000180025095e-35 0.0019500000635161998 0.10119999945163728 0.0011500000255182388 0.0011500000255182388 0.0063499999232590207 0.0030000001424923543 0.0010500000207684936 0.0014499999815598132 0.0048500001430511483 0.0073500000871717939 0.012850000057369472 0.052500000223517425 1.0000000180025095e-35 1.0000000180025095e-35 0.0039500000420957812 0.0066499998793005952 0.0027499999850988392 0.0056499999482184657 0.0017499999958090486 0.0036499999696388845 0.0047500000800937423 0.0010500000207684936 0.0013499999768100681 1.0000000180025095e-35 0.0072500000242143878 0.0024500000290572648
decision_type=2 2 2 2 2 2 2 2 2 2 2 2 2 2 2 2 2 2 2 2 2 2 2 2 2 2 2 2 2 2
left_child=1 2 6 8 5 12 9 20 19 10 16 -5 13 14 -3 -15 17 21 -19 -4 -8 -1 -23 24 -24 28 -27 -28 -6 -30
right_child=-2 4 3 11 25 -7 7 -9 -10 -11 -12 -13 -14 15 -16 -17 -18 18 -20 -21 -22 22 23 -25 -26 26 27 -29 29 -31
leaf_value=-0.0027331813894790158 0.055181224590156078 0.012765455932680015 -0.03799905996283328 -0.030976832733744148 -0.0060790108619522666 0.046248004800760321 0.062621854878721323 0.0032095364297719193 0.065922504130130358 0.036957231785418966 -0.027494188331470777 0.013542318862519455 0.045427448977889764 0.027122449226576053 -0.014107791651391394 -0.098854282020912454 -0.025117154136954964 -0.045387345981543883 0.11185081554376611 0.056108446899428094 -0.010150990090387521 -0.043491162041989835 0.070282929051753359 0.0088133114698335426 -0.039445764886789053 -0.039089657692089719 -0.051857272867866538 0.010736508013509637 0.045294677920884749 -0.020921847032107851
leaf_weight=124.80736006982625 15.477591365575789 93.702923998236656 63.623005412518978 12.969983857125042 49.186694599688053 16.1287841796875 12.104146838188173 42.065555308014154 1.9068194031715382 9.5498765297234041 43.925751321017742 31.261713990941644 12.124820090830324 46.13492688909173 68.073270440101624 1.401810236275195 31.977730574086308 12.758787307888266 0.96788810938596803 1.984584867954253 4.3301140852272502 3.9221726953983298 12.508277975022791 21.054966907948256 1.7988441064953793 23.915187941864133 7.2307200990617266 27.936218895018101 17.692711226642135 5.8852567672729483
leaf_count=1080 286 619 1188 221 322 180 75 272 20 65 462 251 91 347 441 7 263 153 5 13 27 32 68 114 13 238 49 181 132 56
internal_value=-0.000107523 -0.00117329 -0.00682024 -0.0193203 0.00545357 0.0111347 -0.00247915 0.0145136 -0.0322977 -0.00625498 -0.00788145 0.000488045 0.00857719 0.00644258 0.00145755 0.0234075 -0.00377506 6.29642e-05 -0.0343003 -0.0351524 0.0434476 0.00293753 0.0209536 0.0281014 0.0564867 -0.00478294 -0.0170926 -0.00213348 0.00521199 0.0287665
internal_weight=818.408 802.931 433.518 111.746 369.413 237.567 321.771 58.4998 67.5144 263.272 253.722 44.2317 221.438 209.313 161.776 47.5367 209.796 177.818 13.7267 65.6076 16.4343 164.092 39.2843 35.3621 14.3071 131.847 59.0821 35.1669 72.7647 23.578
internal_count=7271 6985 4322 1693 2663 1685 2629 374 1221 2255 2190 472 1505 1414 1060 354 1728 1465 158 1201 102 1307 227 195 81 978 468 230 510 188
is_linear=0
shrinkage=0.05


Tree=63
num_leaves=31
num_cat=0
split_feature=253 163 112 232 149 202 167 180 133 304 308 89 288 212 110 314 183 251 67 257 151 279 257 254 255 89 6 176 110 313
split_gain=18.3922 13.6296 12.3961 10.7773 10.2746 9.0064 7.94522 7.62211 8.91854 13.4816 9.16944 8.95405 11.7453 10.3342 10.1477 8.72536 8.71412 8.02029 8.07383 7.59044 7.58753 6.83973 6.76886 6.30064 6.92061 7.7435 8.73614 8.47988 7.12556 9.07495
threshold=0.0015499999863095584 0.010850000195205213 0.0010500000207684936 0.0034500000765547161 0.32684999704360967 0.026950000785291198 0.026499999687075618 0.031250000000000007 0.0014499999815598132 0.0029499999945983295 0.0040500001050531873 0.0046500000171363362 0.017350000329315666 0.024349999614059929 0.0012500000302679839 0.0090499999932944792 0.0023500000825151805 0.0049499999731779107 1.0000000180025095e-35 0.05060000158846379 0.0015499999863095584 0.0013499999768100681 0.013849999755620958 0.014650000259280207 0.029250000603497032 0.0023500000825151805 1.0000000180025095e-35 0.047800000756978996 0.0012500000302679839 0.0023500000825151805
decision_type=2 2 2 2 2 2 2 2 2 2 2 2 2 2 2 2 2 2 2 2 2 2 2 2 2 2 2 2 2 2
left_child=1 2 7 5 -2 6 -4 8 11 10 16 13 -13 17 -15 -14 -10 18 20 -19 22 -18 23 24 25 26 28 -28 29 -1
right_child=4 -3 3 -5 -6 -7 -8 -9 9 -11 -12 12 15 14 -16 -17 21 19 -20 -21 -22 -23 -24 -25 -26 -27 27 -29 -30 -31
leaf_value=0.0025197819599884915 0.035362733623429524 0.051084050405123385 -0.035369479990836984 0.0088592637053677061 -0.046519835249330926 0.0041300040992234425 0.07470076101271457 0.047761804408402352 -0.032825701658840821 0.052434953009594235 0.031361907025739773 -0.036306786955768625 0.031112496188817753 0.048090471465099933 -0.098734684466850658 -0.048805946162870158 0.080879973123721832 0.029532137064032245 -0.065888676112853081 -0.029613866186776749 0.12212898639616515 -0.019862769581228332 0.025361088822883862 0.025712743663130946 0.031061435367673404 -0.025954118075830618 -0.029416929610509946 0.075524156660590716 -0.026941878421765389 0.067663483226293508
leaf_weight=240.68323057889938 47.508677657693624 11.873769294470547 75.571766823530197 30.612957950681448 4.1671274006366721 20.736939962953329 1.6758366748690594 8.249037638306616 63.755506729707122 6.6881155073642722 7.4130091592669478 32.493497405201197 14.961271293461325 18.923549782484773 1.2548500895500172 4.4255517199635497 3.1393687203526488 41.457890268415213 4.579831574112176 6.2410524748265734 1.2860505022108544 3.6363272070884705 25.607093628495932 20.551065601408482 14.507928628474472 36.523452825844288 36.418682770803571 2.0324681103229514 20.174855863675475 5.4675788059830657
leaf_count=1798 656 123 1286 243 24 173 9 67 526 59 41 303 103 145 6 31 16 237 29 39 10 23 172 127 101 331 387 10 156 40
internal_value=-0.00010558 -0.00206583 -0.00290833 -0.0170368 0.0287597 -0.0251275 -0.0329816 1.99149e-05 -0.000623356 -0.0156909 -0.0215365 0.00179368 -0.0179306 0.00394478 0.0389597 0.012869 -0.0270963 0.00239374 0.000124823 0.0217933 0.000874554 0.0268142 0.000486613 -0.00120582 -0.00276061 -0.00419831 -0.00159116 -0.0238699 0.00162536 0.00396677
internal_weight=812.618 760.943 749.069 128.598 51.6758 97.9845 77.2476 620.471 612.222 84.6323 77.9442 527.59 51.8803 475.71 20.1784 19.3868 70.5312 455.531 407.832 47.6989 403.252 6.7757 401.966 376.359 355.808 341.3 304.777 38.4512 266.326 246.151
internal_count=7271 6591 6468 1711 680 1468 1295 4757 4690 665 606 4025 437 3588 151 134 565 3437 3161 276 3132 39 3122 2950 2823 2722 2391 397 1994 1838
is_linear=0
shrinkage=0.05


Tree=64
num_leaves=31
num_cat=0
split_feature=307 232 112 202 279 126 206 254 104 217 101 301 92 6 246 67 228 195 203 126 189 265 203 234 50 168 308 301 251 276
split_gain=17.6072 10.616 13.4317 10.0201 9.8614 8.54507 7.42542 7.3662 7.16715 10.0497 8.71524 8.12919 7.69894 7.41938 6.7976 7.32126 7.20747 7.75535 7.27986 6.92285 6.90119 6.7484 6.34956 6.46564 6.47519 6.32525 7.25519 7.06503 6.9495 9.96704
threshold=1.0000000180025095e-35 0.0022500000195577745 0.0010500000207684936 0.026000000536441806 0.0021499999566003685 0.0015499999863095584 0.0029499999945983295 0.072150003165006651 0.0010500000207684936 0.0010500000207684936 0.0018500000005587938 0.076049998402595534 0.0015499999863095584 1.0000000180025095e-35 0.018949999473989013 1.0000000180025095e-35 0.0055499998852610597 0.0020500000100582842 0.0021499999566003685 0.012450000271201135 0.0011500000255182388 0.037250000983476646 0.0012500000302679839 0.0027499999850988392 0.0031500000040978198 1.0000000180025095e-35 0.0021499999566003685 0.0052499999292194852 0.0021499999566003685 0.0080500002950429934
decision_type=2 2 2 2 2 2 2 2 2 2 2 2 2 2 2 2 2 2 2 2 2 2 2 2 2 2 2 2 2 2
left_child=1 2 4 6 7 -6 -4 8 9 10 11 13 -10 25 15 -3 17 18 21 -20 -18 -16 23 24 -12 27 -27 28 29 -1
right_child=-2 14 3 -5 5 -7 -8 -9 12 -11 22 -13 -14 -15 16 -17 20 -19 19 -21 -22 -23 -24 -25 -26 26 -28 -29 -30 -31
leaf_value=-0.0096015959536174967 0.054836074614644695 0.025649604738960465 -0.032504662668487241 0.0059791582639528579 0.031372740939029836 0.00066504056918203168 0.07147749982008865 0.073160016776984291 -0.014571784245024961 0.055484942248946151 -0.037868531550485487 0.073225394943568042 0.098593208266989016 -0.028171516412262562 -0.031376583502308902 -0.045739506036445957 -0.010897589796801109 0.075022588306059013 0.032227522772181334 -0.064576976549963708 0.052396751797166755 -0.12776533138958132 0.027726307396732704 0.063535319719148511 0.030715632353101693 0.067669647277815256 -0.041989542731682698 0.015845510640989928 0.017794891627341221 0.10016950925471857
leaf_weight=142.1567210201174 14.324573140591381 70.086725756525993 71.557024866342545 26.271056478843093 41.021564498543739 50.598956122994423 1.7590999677777279 3.1137656196951857 141.18950762413442 7.973814506083726 37.422886975109577 3.9624410942196837 1.5191284492611874 20.063310153782368 16.628144830465327 3.785352185368537 7.8677771650254753 2.1596842035651198 8.0988482274115068 2.3924295157194129 9.514629013836382 2.0384997166693202 5.9351936243474475 1.8684290908277024 3.790013598278164 7.1319986470043641 1.9128955006599424 65.986772809177637 31.867545392364264 2.0984282642602912
leaf_count=1313 286 572 1256 214 428 349 15 17 1190 49 264 22 8 245 117 29 50 13 54 13 83 14 37 13 30 47 12 367 151 13
internal_value=-0.00010293 -0.00109687 -0.00357468 -0.0205159 -0.000612796 0.0144139 -0.0300098 -0.00349308 -0.00399569 3.05211e-05 -0.00133341 0.00212652 -0.0133671 0.00108778 0.0124311 0.0219915 -0.0020709 -0.0164013 -0.0231729 0.0101522 0.0237479 -0.0419028 -0.0207576 -0.0274371 -0.0315614 0.00342514 0.0444779 0.00189146 -0.00333661 -0.00800479
internal_weight=806.097 791.773 669.201 99.5872 569.613 91.6205 73.3161 477.993 474.879 332.17 324.197 275.18 142.709 271.218 122.572 73.8721 48.7 31.3176 29.1579 10.4913 17.3824 18.6666 49.0165 43.0813 41.2129 251.154 9.04489 242.109 176.123 144.255
internal_count=7271 6985 6040 1485 4555 777 1271 3778 3761 2563 2514 2170 1198 2148 945 601 344 211 198 67 133 131 344 307 294 1903 59 1844 1477 1326
is_linear=0
shrinkage=0.05


Tree=65
num_leaves=31
num_cat=0
split_feature=304 310 53 189 123 232 89 179 149 91 313 254 154 123 108 183 177 119 304 123 259 265 120 98 92 236 278 244 254 104
split_gain=16.8887 10.3981 11.5206 10.328 9.99363 8.4681 11.531 10.9454 10.5951 11.3345 8.20369 7.32983 11.1486 7.07316 7.87496 8.68506 8.40611 8.02675 7.0357 6.85307 6.60425 6.59417 6.63142 6.59332 6.50321 6.45815 6.18471 6.00857 6.07407 6.71949
threshold=0.0060499999672174462 0.0070000002160668382 0.0077499998733401307 0.017050000838935379 0.0034500000765547161 0.0022500000195577745 0.0047500000800937423 0.0018500000005587938 0.0012500000302679839 0.0045499999541789302 0.0015499999863095584 0.0053499999921768912 0.0011500000255182388 0.0084500000812113302 0.0030500000575557355 0.0028499999316409235 0.011149999685585501 0.0016499999910593035 0.0019500000635161998 0.0070500001311302194 0.010999999940395357 0.0011500000255182388 1.0000000180025095e-35 0.054800000041723258 0.0015499999863095584 0.0014499999815598132 0.027050000615417961 0.0038499999791383748 1.0000000180025095e-35 0.0010500000207684936
decision_type=2 2 2 2 2 2 2 2 2 2 2 2 2 2 2 2 2 2 2 2 2 2 2 2 2 2 2 2 2 2
left_child=1 2 3 5 -5 6 8 -8 9 10 11 12 19 14 16 -16 -7 26 -6 27 -15 -11 -23 -3 -10 -4 -18 28 29 -1
right_child=-2 23 25 4 18 13 7 -9 24 21 -12 -13 -14 20 15 -17 17 -19 -20 -21 -22 22 -24 -25 -26 -27 -28 -29 -30 -31
leaf_value=-0.00076322442036630585 0.045048487214634621 0.054329475853359725 -0.042826957555437264 0.036655006188902432 -0.010395996256349602 0.041297326418807845 -0.036152718214961542 0.067896557508982949 -0.0146638348618231 -0.051474162361381741 0.049189191996273932 0.020069057137717186 -0.035175945493300366 -0.015725790333186464 -0.031860805575170861 0.05230772271554901 -0.082712147372202671 0.053737469574327582 0.058183001966097804 -0.052895564639406971 0.055534120410308474 0.21295945013026685 0.062579905414636899 -0.062491314406035149 0.090152611118643894 0.033130739585747929 0.011214376357141162 0.088461351134254851 0.012181071519408511 -0.02803309288479627
leaf_weight=180.18618945963681 20.191734287887812 11.970012988895176 24.036608956754211 34.407562017440796 29.374010134488344 38.317832177504897 41.009270681068301 2.6935215555131427 160.0425001103431 0.70400371029972975 8.5400865040719491 38.947399489581585 24.694647036492825 29.591790674254298 11.811874810606239 4.1387911662459365 3.8255955800414068 3.4099243655800819 4.2855911850929251 6.0401009302586308 3.6527718976140013 1.1580416746437552 1.9978991728276012 1.3433771319687355 1.4936320036649693 3.1670826785266391 3.2343211695551872 1.9468916282057751 78.257505929097533 25.827674567699432
leaf_count=1591 408 125 433 353 191 268 418 15 1625 27 78 241 170 223 94 24 21 19 38 73 24 16 15 10 8 21 22 10 453 257
internal_value=-9.88953e-05 -0.00126746 -0.00202809 -0.00085269 0.0177058 -0.00273383 -0.00505457 -0.0297399 -0.00301844 0.00166414 0.000761436 -0.000400622 -0.00291595 0.0108505 0.0204773 -0.0100212 0.0304485 -0.00925626 -0.00166441 -0.000190112 -0.00789605 0.0868941 0.11776 0.0425418 -0.0136947 -0.0339839 -0.0396821 0.000922138 0.000322608 -0.00418201
internal_weight=800.298 780.107 766.793 739.589 68.0672 671.522 573.539 43.7028 529.837 368.3 364.44 355.9 316.953 97.9829 64.7383 15.9507 48.7877 10.4698 33.6596 292.258 33.2446 3.85994 3.15594 13.3134 161.536 27.2037 7.05992 286.218 284.271 206.014
internal_count=7271 6863 6728 6274 582 5692 4997 433 4564 2931 2873 2795 2554 695 448 118 330 62 229 2384 247 58 31 135 1633 454 43 2311 2301 1848
is_linear=0
shrinkage=0.05


Tree=66
num_leaves=31
num_cat=0
split_feature=307 269 232 112 202 123 189 89 6 278 289 101 276 254 215 206 167 164 226 278 110 119 203 126 167 297 104 126 158 226
split_gain=16.009 9.92395 8.94888 12.1872 8.09001 8.01763 10.623 10.9108 8.34457 8.54596 7.35359 9.00715 6.95991 6.89933 6.72613 6.63145 6.40573 6.07261 6.01446 5.86659 7.28447 6.98662 5.79073 7.87333 5.6754 5.20096 5.2241 10.4012 6.49459 7.05392
threshold=1.0000000180025095e-35 0.0011500000255182388 0.0022500000195577745 0.0010500000207684936 0.026000000536441806 0.0031500000040978198 0.017050000838935379 0.0021499999566003685 1.0000000180025095e-35 0.019199999980628494 0.0012500000302679839 0.0068500000052154073 0.039049999788403518 0.0010500000207684936 0.0059500001370906839 0.0029499999945983295 0.0011500000255182388 0.023000000044703487 0.0019500000635161998 0.0084500000812113302 0.0011500000255182388 0.018550000153481964 0.0021499999566003685 0.012050000019371511 0.026499999687075618 0.0011500000255182388 0.0016499999910593035 0.0039500000420957812 0.010350000113248827 0.0047500000800937423
decision_type=2 2 2 2 2 2 2 2 2 2 2 2 2 2 2 2 2 2 2 2 2 2 2 2 2 2 2 2 2 2
left_child=1 2 3 5 15 6 7 8 12 -10 -7 -12 13 25 -9 17 22 24 -18 20 21 -20 -4 -24 -5 26 27 -1 -28 -30
right_child=-2 -3 16 4 -6 10 -8 14 9 -11 11 -13 -14 -15 -16 -17 18 -19 19 -21 -22 -23 23 -25 -26 -27 28 -29 29 -31
leaf_value=0.0022435712921603963 0.05452831575027061 0.040683922132487858 -0.0081990688466210184 -0.037050218875972034 0.0038097266196250364 -0.025945654965177006 0.029869170144920257 -0.019480785703921078 -0.030810492957892073 0.06331382983406536 0.082531925649165089 -0.0050107786948650106 -0.063896070783712511 0.016877127381742889 0.036323229057452923 0.068309682018944259 0.075449490661483709 0.036735099442367157 0.02077035169683758 0.053408499654672495 -0.07394291018963034 -0.071307695281281086 0.040035645846522715 -0.058928738902573156 0.061655672384333886 0.090891599102003562 -0.041979438628824285 0.15462965212020627 0.067510139924396514 -0.038817857653538165
leaf_weight=183.71996561810374 13.190692529082297 14.010528177022932 49.385183526203036 64.47981071472168 25.153693763539195 55.855160543695092 30.432315699756145 86.228399178013206 26.458255663514141 2.6533996425569049 3.3456889912486103 24.126986984163523 3.5480094365775576 106.38893784955144 5.7604902014136306 1.7016116064041842 5.0752068161964408 3.1045185588300219 34.197010545060039 9.5201469957828504 2.444400578737258 2.1921944841742507 14.17295962944627 2.3418156653642646 1.4899485297501076 1.6041595004498947 14.313078777864577 1.1266439780592907 3.4179811701178542 2.8692074157297611
leaf_count=1442 286 168 396 1219 201 547 313 735 293 17 20 147 22 645 46 13 35 25 266 79 19 14 97 14 9 11 132 10 28 22
internal_value=-9.54467e-05 -0.00101788 -0.00177952 -0.00409738 -0.0205465 -0.00123797 0.00130367 -0.00068067 0.00338736 -0.0222315 -0.0155286 0.00565038 0.00574015 0.0065284 -0.0159862 -0.0292027 0.010803 -0.0316049 0.0236687 0.0182338 0.00961068 0.0152233 0.00037194 0.0260024 -0.0348209 0.00121092 0.000510683 0.00317237 -0.0233727 0.0189865
internal_weight=794.308 781.118 767.107 647.778 95.9296 551.849 468.521 438.089 346.1 29.1117 83.3278 27.4727 316.988 313.44 91.9889 70.7759 119.329 69.0743 53.429 48.3538 38.8336 36.3892 65.9 16.5148 65.9698 207.051 205.447 184.847 20.6003 6.28719
internal_count=7271 6985 6817 5897 1467 4430 3716 3403 2622 310 714 167 2312 2290 781 1266 920 1253 413 378 299 280 507 111 1228 1645 1634 1452 182 50
is_linear=0
shrinkage=0.05


Tree=67
num_leaves=31
num_cat=0
split_feature=163 253 149 186 219 149 89 257 53 25 50 225 219 149 279 246 254 255 163 245 304 245 230 112 91 206 101 104 108 225
split_gain=15.5292 11.3795 10.4425 11.3081 9.74189 8.79153 8.40376 9.2177 8.76969 7.81243 8.04064 7.76452 10.6125 9.42365 7.29664 7.06696 7.91171 7.64613 7.91766 7.63883 7.71188 7.22015 9.6947 8.06832 11.5664 10.6806 8.78166 8.41137 7.15745 7.74452
threshold=0.010850000195205213 0.0015499999863095584 0.0027499999850988392 0.0010500000207684936 0.0012500000302679839 0.16444999724626544 0.0046500000171363362 0.014449999667704107 0.0011500000255182388 0.0034500000765547161 0.0061500000301748523 0.002650000038556755 0.0013499999768100681 0.0054500000551342973 0.0011500000255182388 0.015749999321997169 0.022349999286234382 0.014250000007450582 0.0029499999945983295 0.0017499999958090486 0.0010500000207684936 0.051999999210238464 0.0041499999351799497 1.0000000180025095e-35 0.0045499999541789302 0.0041499999351799497 1.0000000180025095e-35 0.0014499999815598132 0.0010500000207684936 0.0031500000040978198
decision_type=2 2 2 2 2 2 2 2 2 2 2 2 2 2 2 2 2 2 2 2 2 2 2 2 2 2 2 2 2 2
left_child=1 2 4 9 6 -3 7 15 -9 11 -11 12 -4 14 -14 16 17 18 21 -19 -21 22 23 24 26 -25 27 28 29 -1
right_child=-2 5 3 -5 -6 -7 -8 8 -10 10 -12 -13 13 -15 -16 -17 -18 19 -20 20 -22 -23 -24 25 -26 -27 -28 -29 -30 -31
leaf_value=0.006953800303904416 0.047672150162533851 0.03522395252041851 -0.035728344539168143 0.01751941397797218 0.019008446912214635 -0.022575784752694904 -0.025145808837192109 0.032025763819131491 -0.038416459753642156 0.0094721179225865058 -0.029744761551888002 -0.067890840401811203 0.080470227828344607 -0.017524191786027453 0.00061499615105296563 -0.025887576016560245 0.048487185959378343 -0.043112714421464256 0.075646384160821867 0.037445156408519073 -0.061867936311251218 -0.071716166112307619 0.064138131338964774 -0.033193236406787549 0.10708069922217676 0.12416123993535662 -0.020214193771430175 -0.034222866472950704 -0.017425448665320149 0.092432619256604689
leaf_weight=173.85644854232669 16.656929073855281 34.151828598231077 54.378347616642714 26.646640146151185 65.669224865734577 8.1486149318516237 34.924691433086991 35.124540898948908 5.0540828872472039 40.393908862024546 19.322429383173585 9.9640219733118993 5.1701299473643285 27.391468411311507 6.4037353545427322 28.644588964059949 8.1896959543228132 4.020187994465231 3.1278889328241339 27.388157017529014 2.1049654856324187 3.9219864010810843 5.2175279073417178 32.073624787852168 2.4162263572216025 1.1159148067235936 57.490692580118775 15.194083251059054 32.055051676928997 2.6908393278717986
leaf_count=1348 278 479 760 165 528 46 343 227 45 431 258 63 27 212 38 198 48 58 17 202 14 23 36 615 25 6 389 139 237 16
internal_value=-9.32632e-05 -0.00112353 -0.00258462 -0.012678 0.000958744 0.0240896 -0.00153869 0.000336445 0.0231648 -0.0176138 -0.0032173 -0.0259356 -0.0214571 -0.00154069 0.0362869 -0.00195941 -0.000111257 -0.00120868 -0.00352521 0.0215438 0.030357 -0.00428477 -0.00346373 -0.00457677 -0.00184796 -0.0279026 -0.00278364 0.00169406 0.00431017 0.00825662
internal_weight=788.908 772.252 729.951 189.671 540.28 42.3004 474.611 439.687 40.1786 163.024 59.7163 103.308 93.3437 38.9653 11.5739 399.508 370.863 362.674 329.16 33.5133 29.4931 326.032 322.11 316.893 283.703 33.1895 281.287 223.796 208.602 176.547
internal_count=7271 6993 6468 1954 4514 525 3986 3643 272 1789 689 1100 1037 277 65 3371 3173 3125 2851 274 216 2834 2811 2775 2154 621 2129 1740 1601 1364
is_linear=0
shrinkage=0.05


Tree=68
num_leaves=31
num_cat=0
split_feature=304 163 53 254 180 124 162 133 183 288 43 89 257 276 126 42 265 265 276 156 1 110 96 163 6 154 280 180 293 149
split_gain=14.4963 9.37734 9.3228 8.61627 8.35765 8.06027 7.09341 6.89169 13.1898 7.23078 8.21367 6.97847 10.9948 8.65478 10.0712 6.9127 6.80933 7.09955 16.0179 6.80604 6.49849 6.44182 5.93222 5.82376 5.78057 6.7007 5.57914 5.27208 5.24725 5.93461
threshold=0.0069500000681728133 0.0062500000931322583 0.0022500000195577745 0.014650000259280207 0.031250000000000007 0.0050000001210719356 0.0050000001210719356 0.0014499999815598132 0.0024500000290572648 0.024950000457465652 0.0010500000207684936 0.0010500000207684936 0.016849999316036705 0.0030500000575557355 0.011049999855458738 0.0010500000207684936 0.0029499999945983295 0.0034500000765547161 0.003249999950639904 1.0000000180025095e-35 0.0015499999863095584 0.0038499999791383748 0.0014499999815598132 0.0018500000005587938 0.0031500000040978198 0.027250000275671486 0.003249999950639904 0.0022500000195577745 1.0000000180025095e-35 0.0053499999921768912
decision_type=2 2 2 2 2 2 2 2 2 2 2 2 2 2 2 2 2 2 2 2 2 2 2 2 2 2 2 2 2 2
left_child=1 2 3 4 5 6 7 11 9 -9 -11 12 15 26 19 20 -4 18 -18 21 23 28 -5 24 25 -1 -13 -14 29 -15
right_child=-2 -3 16 22 -6 -7 -8 8 -10 10 -12 13 27 14 -16 -17 17 -19 -20 -21 -22 -23 -24 -25 -26 -27 -28 -29 -30 -31
leaf_value=0.0043712453127709638 0.045800036087302487 0.035230459735019884 -0.043079239982958678 0.024154659313509852 0.057175887772905436 0.077931124506118665 0.075749859791207658 -0.031274789428625209 0.058815594217284217 0.040750935560506511 -0.057969136821499623 -0.018184018695474438 0.07149429981713927 0.01195924045069517 -0.0426636880851822 -0.055898404781735925 0.0011156266387797023 -0.012809816953964654 0.3143416225478568 0.10562145222688875 0.068943791593163023 -0.10487292425751078 -0.076627437193217907 -0.06909204557012498 -0.017739479723448536 0.12036318401748809 0.074425367402756334 0.0033736616620821422 0.072545763041566375 -0.031778243440254067
leaf_weight=272.05816639401019 16.838104940950871 17.360080102458596 20.037341075018048 44.71130359172821 6.006873730570077 3.1308433823287478 2.8825083822011939 53.896706352010369 5.2164605408906928 7.7321383319795114 2.8962329626083374 117.8225765991956 8.5847691521048528 63.761265562847257 10.360976457595823 5.1177558191120616 1.6446602828800672 61.643124520778656 0.54289176873862732 1.8095602467656124 3.6573714576661578 1.2541172578930844 1.50942027196288 2.8619656749069682 31.43220611102879 1.2508250549435604 1.6490493826568116 4.2446692548692218 3.1511467993259421 8.8297943435609323
leaf_count=2104 378 186 618 382 49 23 26 458 33 49 15 1120 69 432 69 39 29 597 11 11 25 9 11 19 353 8 10 33 30 75
internal_value=-9.19373e-05 -0.00109934 -0.0019406 3.82736e-05 -0.00151522 -0.00208977 -0.00250017 -0.0028714 -0.0176595 -0.023842 0.0138497 -0.000953857 0.00358016 -0.00810802 0.00367974 0.00174012 -0.0176509 -0.00966853 0.0788499 0.00977273 0.00268781 0.0075201 0.0208634 0.00190003 0.00256675 0.00490209 -0.0169057 0.0489563 0.00938107 0.00663912
internal_weight=783.895 767.057 749.697 665.829 619.608 613.601 610.47 607.588 69.7415 64.5251 10.6284 537.846 329.208 208.638 89.1669 316.378 83.868 63.8307 2.18755 78.8059 311.261 76.9963 46.2207 307.603 304.741 273.309 119.472 12.8294 75.7422 72.5911
internal_count=7271 6893 6707 5452 5059 5010 4987 4961 555 522 64 4406 2650 1756 626 2548 1255 637 40 557 2509 546 393 2484 2465 2112 1130 102 537 507
is_linear=0
shrinkage=0.05


Tree=69
num_leaves=31
num_cat=0
split_feature=307 269 228 180 53 215 180 254 206 219 92 265 126 245 214 314 233 176 183 25 186 100 223 232 96 101 245 25 149 38
split_gain=14.1902 8.51437 8.11007 11.4226 8.7091 8.53782 7.91841 7.11616 6.64404 6.61008 6.42373 6.05042 7.91795 6.14999 8.4223 6.9796 6.10026 5.99543 5.87299 7.60908 5.43808 7.05299 6.10352 6.0428 5.3406 5.32017 5.35502 5.29329 8.61947 10.0995
threshold=1.0000000180025095e-35 0.0011500000255182388 0.0021499999566003685 0.0012500000302679839 0.0020500000100582842 0.072999998927116408 0.039250001311302192 0.014650000259280207 0.0017499999958090486 0.0014499999815598132 0.0015499999863095584 0.0029499999945983295 0.0018500000005587938 0.042249999940395362 0.0013499999768100681 0.0022500000195577745 1.0000000180025095e-35 0.0068500000052154073 0.012450000271201135 0.0014499999815598132 0.0010500000207684936 0.0034500000765547161 0.0031500000040978198 0.003249999950639904 0.0014499999815598132 0.025850000791251663 0.017150000669062141 0.0052499999292194852 0.0049499999731779107 1.0000000180025095e-35
decision_type=2 2 2 2 2 2 2 2 2 2 2 2 2 2 2 2 2 2 2 2 2 2 2 2 2 2 2 2 2 2
left_child=1 2 4 -4 7 6 9 8 10 20 27 -6 -13 14 -14 16 -16 -17 -10 -20 21 22 -5 -22 -9 -11 -27 28 -1 -30
right_child=-2 -3 3 5 11 -7 -8 24 18 25 -12 12 13 -15 15 17 -18 -19 19 -21 23 -23 -24 -25 -26 26 -28 -29 29 -31
leaf_value=-0.0036916152569871023 0.054276583958214192 0.038618563761234653 0.03886390984617303 -0.027776643442473537 -0.045244922661216012 0.032030100910055245 0.048219135896206779 0.021063155078812387 0.029063737235372075 0.04325831585658943 0.10734437988152379 0.021855482466167295 -0.041627501827432474 -0.10470289796365895 -0.023177924887461843 -0.031613827457259505 0.094525940609219178 0.047342533714265139 -0.12090687531385694 0.048993730910764345 0.072974707388134594 0.088633922254681738 0.015635484090116659 -0.01382682879124008 -0.085207226068539393 -0.050005658317715945 0.045823323427428252 0.015500731188989354 -0.027585472365809501 0.062171908823118321
leaf_weight=375.21813998557627 11.820080086588858 13.373554224148391 26.274312244728208 54.668895922601223 18.437232527881861 20.123240964487195 6.8143468908965579 40.201357031241059 23.300066104158763 10.195866839960219 1.2692969068884838 13.025680473074315 19.044876962900162 2.1808667927980414 1.6332348808646227 10.222641993314026 3.3766416572034359 3.1436439380049697 1.5539848133921617 1.1442236527800558 3.5902092456817609 1.4916101917624462 9.5040845014154893 4.5411646813154221 1.2180600091814984 4.0115726478397837 2.2900500781834126 28.748668050393462 63.657869333401322 3.29630123078823
leaf_count=3094 286 168 192 411 609 168 63 325 164 119 7 137 281 12 15 73 21 17 13 11 18 8 53 30 9 23 23 253 644 24
internal_value=-9.05137e-05 -0.000927752 -0.00162901 0.00906684 -0.00414249 0.0023886 -0.00375388 -0.00197558 -0.00363119 -0.00767623 -0.00498608 -0.0205962 -0.0119609 -0.0230837 -0.018327 0.00582148 0.0561541 -0.0130439 0.0209768 -0.0488575 -0.0140727 -0.018849 -0.0213473 0.0244983 0.017938 0.0209361 -0.0151808 -0.00528885 -0.00664052 -0.0231665
internal_weight=779.372 767.552 754.178 143.505 610.673 117.231 97.1078 539.608 498.189 90.2935 472.19 71.0648 52.6276 39.6019 37.421 18.3762 5.00988 13.3663 25.9983 2.69821 73.796 65.6646 64.173 8.13137 41.4194 16.4975 6.30162 470.921 442.172 66.9542
internal_count=7271 6985 6817 1108 5709 916 748 4544 4210 685 4022 1165 556 419 407 126 36 90 188 24 520 472 464 48 334 165 46 4015 3762 668
is_linear=0
shrinkage=0.05


Tree=70
num_leaves=31
num_cat=0
split_feature=307 163 53 203 149 25 257 219 245 156 230 313 124 211 149 292 126 206 219 226 112 251 278 310 163 154 43 202 217 186
split_gain=13.4428 8.05033 8.37052 8.49931 8.43676 12.7601 9.29419 10.4843 11.6189 9.29165 8.73448 8.97693 7.88909 7.79157 8.73184 8.78683 7.68879 7.56491 7.30565 9.76485 7.24098 6.91223 6.71292 6.49986 6.41417 6.40323 6.50264 7.03515 6.22786 6.13485
threshold=1.0000000180025095e-35 0.010850000195205213 0.0022500000195577745 0.0028499999316409235 1.0000000180025095e-35 0.0057500000111758718 0.014449999667704107 0.0012500000302679839 0.051500000059604652 1.0000000180025095e-35 0.0044499998912215242 0.0010500000207684936 0.0050000001210719356 0.0013499999768100681 0.0049499999731779107 0.0014499999815598132 1.0000000180025095e-35 0.0034500000765547161 0.0046500000171363362 0.018550000153481964 1.0000000180025095e-35 0.003249999950639904 0.0046500000171363362 0.0050000001210719356 0.0029499999945983295 0.0020500000100582842 0.0013499999768100681 0.0028499999316409235 0.0039500000420957812 0.0014499999815598132
decision_type=2 2 2 2 2 2 2 2 2 2 2 2 2 2 2 2 2 2 2 2 2 2 2 2 2 2 2 2 2 2
left_child=1 2 3 4 6 9 7 8 10 13 11 20 16 14 15 17 -5 18 28 -20 24 -21 -18 -22 29 -7 27 -27 -6 -1
right_child=-2 -3 -4 12 5 25 -8 -9 -10 -11 -12 -13 -14 -15 -16 -17 22 -19 19 21 23 -23 -24 -25 -26 26 -28 -29 -30 -31
leaf_value=-0.0028464210410232885 0.054096544183756902 0.042955702514661964 -0.016400921452921751 0.030675656552145904 -0.023012167117956752 -0.0078977863352274 0.025211862992691826 0.028210220017227707 -0.067420607648067774 0.05123021186173235 0.064417119234851133 0.065088975545767452 0.10760855544708786 0.060542176186405006 -0.034138922394027854 0.05677113382554333 -0.019364211171104314 0.059857767732553552 0.07123863110487362 -0.078615589280094586 -0.031833221558166924 0.057176639742135951 0.016717031596813248 0.13654284742329162 0.082134036054099566 0.12830166101898646 0.010587684638930072 0.014244106117654637 0.083949205668582619 0.054397269143490405
leaf_weight=281.51871942915022 11.280084664002059 10.328041467815636 83.661488803103566 34.539801189675927 75.472151467576623 7.0265461429953602 39.553578775376081 29.579460434615612 6.8245678916573516 5.0861957594752303 4.9490756019949904 4.8360006846487513 2.2315580919384947 3.1388568095862857 58.921760968863964 4.7354660946875802 23.729261523112655 3.4163073040544978 5.213944770395754 2.7072972990572453 26.626812301576141 1.4332907050848005 28.223803207278252 0.5857793539762487 2.2891991361975661 3.8721433617174608 4.8753405213356018 2.0772346407175064 1.3858863711357106 4.7595931142568579
leaf_count=2037 286 127 1274 268 702 71 302 315 41 47 33 40 12 26 614 41 207 20 33 16 411 17 205 3 12 24 39 13 8 27
internal_value=-8.79425e-05 -0.00088837 -0.00148951 0.000373529 -0.00182801 -0.0108438 0.00219937 -0.000315281 -0.00285377 -0.0152775 -0.00150031 -0.00251782 0.0147872 -0.01744 -0.0190368 -0.00960696 0.0123924 -0.013114 -0.0160056 0.0257147 -0.00355318 -0.0316103 0.000237133 -0.0282088 -0.0012281 0.0292705 0.0533972 0.0884783 -0.0210835 -0.0018947
internal_weight=774.879 763.599 753.271 669.61 580.885 179.362 401.523 361.969 332.39 161.511 325.565 320.616 88.7244 156.425 153.286 94.3643 86.4929 89.6289 86.2126 9.35453 315.78 4.14059 51.9531 27.2126 288.568 17.8513 10.8247 5.94938 76.858 286.278
internal_count=7271 6985 6858 5584 4892 1671 3221 2919 2604 1524 2563 2530 692 1477 1451 837 680 796 776 66 2490 33 412 414 2076 147 76 37 710 2064
is_linear=0
shrinkage=0.05


Tree=71
num_leaves=31
num_cat=0
split_feature=302 310 53 254 89 212 226 234 189 206 158 124 220 143 278 2 232 89 101 126 276 226 254 215 177 251 302 314 98 297
split_gain=12.7597 8.80289 8.63035 7.46167 8.1176 8.64563 7.41043 10.3068 8.20912 8.09607 6.76443 10.8662 6.70262 6.66909 6.25776 6.25181 7.18318 6.31963 9.5167 7.13872 6.26303 7.06966 8.31153 6.51932 6.38616 7.26924 6.18556 6.19758 6.16907 5.79036
threshold=0.0076500000432133683 0.009000000078231098 0.0077499998733401307 1.0000000180025095e-35 0.0010500000207684936 0.0010500000207684936 0.0066499998793005952 0.12590000033378604 0.014050000347197058 0.0017499999958090486 0.47179999947547918 0.00335000001359731 0.0080500002950429934 0.0016499999910593035 0.003249999950639904 0.0015499999863095584 0.030700000002980236 0.0045499999541789302 0.022800000384449962 0.0081500001251697558 0.0021499999566003685 0.013050000183284284 0.0069500000681728133 0.0084500000812113302 0.0049499999731779107 0.0016499999910593035 0.0014499999815598132 0.0095500000752508658 0.054800000041723258 0.0011500000255182388
decision_type=2 2 2 2 2 2 2 2 2 2 2 2 2 2 2 2 2 2 2 2 2 2 2 2 2 2 2 2 2 2
left_child=1 2 3 4 29 13 -5 8 9 15 11 -10 -4 -6 -12 16 17 19 -19 20 -8 -22 23 26 -24 -26 -23 -28 -3 -1
right_child=-2 28 12 6 5 -7 7 -9 10 -11 14 -13 -14 -15 -16 -17 -18 18 -20 -21 21 22 24 -25 25 -27 27 -29 -30 -31
leaf_value=-0.0014639404750976725 0.048218614125515445 0.057995656409971258 -0.039716749898983522 0.015585453706780925 -0.036355153571245129 -0.005521161149301259 -0.021486850009202266 -0.10204814017999547 0.032347627498785711 0.038772626891606807 -0.03912453617563294 -0.13540810550796528 0.038067942364515245 0.095155656203803451 0.024097856809586898 -0.046400664430772322 0.047611932624711785 -0.059747532476474047 0.021293020481617748 -0.051686353789608647 0.033165430912169523 -0.031395459127769219 0.047278215105573472 0.018379225949667548 -0.077005593750262447 0.041680533419966193 0.063234578933870592 -0.07376368717945303 -0.064104028663163171 0.056355415681015458
leaf_weight=269.22448917105794 13.433698814362286 9.3514769803732616 22.434334687888626 109.69849290512502 43.981656910851598 71.897822760045528 26.435687897726893 2.4621481336653224 39.215745594352484 9.9640880692750198 8.616076320409773 0.98966464400291343 3.1594986803829661 0.98561748117208381 7.1718838922679415 9.7893381230533105 6.1842024847865096 12.194446396082641 5.1535918824374667 7.1780001726001492 19.095972061157227 30.632941318675876 12.487352494150402 12.795790933072565 2.6322888359427443 2.5301950946450233 3.4986592866480342 1.0804724395275114 1.163176055997609 4.4008956886827937
leaf_count=2520 413 113 440 779 720 618 155 17 400 79 58 7 20 6 44 64 45 86 35 55 129 185 85 79 15 17 32 9 9 37
internal_value=-8.39745e-05 -0.000941824 -0.00158224 -0.00056843 -0.00524532 -0.0162763 0.00496899 -0.000322082 0.000828705 -0.00488633 0.017328 0.0282183 -0.0301144 -0.0334726 -0.010405 -0.00775418 -0.00508805 -0.00748945 -0.0356728 -0.00335888 -0.000239023 0.00638843 -0.00139943 -0.012186 0.0279401 -0.0188361 -0.0232931 0.0309091 0.0444885 -0.000533994
internal_weight=769.84 756.406 745.891 720.298 390.49 116.865 329.807 220.109 217.646 161.653 55.9934 40.2054 25.5938 44.9673 15.788 151.689 141.9 135.715 17.348 118.367 111.189 84.7537 65.6577 48.0079 17.6498 5.16248 35.2121 4.57913 10.5147 273.625
internal_count=7271 6858 6736 6276 3901 1344 2375 1596 1579 1070 509 407 460 726 102 991 927 882 121 761 706 551 422 305 117 32 226 41 122 2557
is_linear=0
shrinkage=0.05


Tree=72
num_leaves=31
num_cat=0
split_feature=302 259 123 232 112 276 189 89 276 246 67 272 164 288 215 246 257 119 53 180 282 301 89 50 177 278 251 101 254 272
split_gain=12.0604 8.39214 9.32368 10.2433 9.87616 7.59479 7.54095 9.20133 7.45599 7.21867 6.56052 6.49561 6.30095 6.11914 8.69206 6.86355 5.92031 5.90653 5.85029 5.67684 6.00744 10.3309 7.87266 8.37143 8.22125 10.4685 7.07623 6.95265 9.04631 6.94992
threshold=0.0076500000432133683 0.009000000078231098 0.0079499999992549437 0.0022500000195577745 0.0010500000207684936 0.0062500000931322583 0.017050000838935379 0.0046500000171363362 0.0016499999910593035 0.018450000323355201 1.0000000180025095e-35 0.0028499999316409235 0.023000000044703487 0.0023500000825151805 0.0010500000207684936 0.015950000844895843 0.011049999855458738 0.0023500000825151805 0.11704999953508378 0.018249999731779102 0.0012500000302679839 0.017250000499188903 0.0019500000635161998 0.002549999975599349 1.0000000180025095e-35 1.0000000180025095e-35 0.0014499999815598132 0.0020500000100582842 0.0053499999921768912 0.0016499999910593035
decision_type=2 2 2 2 2 2 2 2 2 2 2 2 2 2 2 2 2 2 2 2 2 2 2 2 2 2 2 2 2 2
left_child=1 2 3 4 6 11 7 19 -4 10 -5 12 -6 14 -7 -15 17 -11 -3 20 21 22 24 27 25 26 29 28 -24 -1
right_child=-2 18 8 9 5 13 -8 -9 -10 16 -12 -13 -14 15 -16 -17 -18 -19 -20 -21 -22 -23 23 -25 -26 -27 -28 -29 -30 -31
leaf_value=-0.0001185709282578799 0.047958370660333142 0.03299134381588973 -0.045514482851783021 0.038525834426938174 -0.046905155653241194 0.16650519846213921 0.023886531406381886 -0.025998092651871071 -0.0097351905575517386 -0.032190894104563633 -0.070964661360739298 0.0089412041745441893 0.10676689972514952 -0.022282286130545309 0.0155317215667342 0.073248156907148518 0.030610829750324899 0.035725720371456826 -0.057335033448962881 0.061601799970212236 -0.014267684029847228 0.021957945093767001 -0.022795711319290302 0.037269621560568608 -0.029572673029001979 0.056511266215508373 0.019682483917802147 -0.055567008996025437 0.065302864800390173 -0.06455019940911659
leaf_weight=168.6906516700983 12.84613626077771 24.990446735173467 17.404973864555359 34.544130988419056 31.271387917920951 1.1746432501822734 32.695645982399583 33.990542182698846 89.100567352026701 14.027019705623394 1.4245426133275021 7.2006405126303425 0.68158529326319595 18.488024177029732 5.0610303934663534 2.0930685661733142 10.400356832891701 4.1478903591632834 1.9311467930674542 3.8348110672086468 59.203157329931855 59.470030374825001 25.590634722262624 5.778767066076397 18.271871833130717 9.5538676641881448 49.737914104014635 14.129197701811789 3.2883185520768157 4.2917305380105963
leaf_count=1598 413 270 321 261 821 12 304 333 729 95 9 67 7 135 51 15 93 24 22 26 400 370 235 59 119 63 257 114 20 28
internal_value=-8.00963e-05 -0.000900208 -0.00191735 0.000433678 -0.00176068 -0.0199194 0.000691457 -0.000972268 -0.0155822 0.0192854 0.0341895 -0.0339595 -0.0436272 0.000579812 0.0439713 -0.012567 0.000525196 -0.0166909 0.026512 0.00104423 0.000488672 0.0029235 -0.000858175 -0.0192339 0.00272 0.00526031 0.00306183 -0.026826 -0.0127643 -0.00171713
internal_weight=765.315 752.469 725.547 619.041 554.498 65.9704 488.527 455.831 106.506 64.5439 35.9687 39.1536 31.953 26.8168 6.23567 20.5811 28.5753 18.1749 26.9216 421.841 418.006 358.803 299.333 48.7869 250.546 232.274 222.72 43.0082 28.879 172.982
internal_count=7271 6858 6566 5516 5034 1108 3926 3622 1050 482 270 895 828 213 63 150 212 119 292 3289 3263 2863 2493 428 2065 1946 1883 369 255 1626
is_linear=0
shrinkage=0.05


Tree=73
num_leaves=31
num_cat=0
split_feature=307 203 6 108 258 111 255 123 186 314 265 265 89 276 226 228 189 101 301 217 225 288 276 265 287 276 195 314 176 183
split_gain=11.8105 7.18288 10.2876 9.80552 10.639 7.74246 6.99218 6.95268 6.66561 6.49697 8.52864 7.38663 7.15905 6.44416 6.10524 12.051 12.5451 7.81596 8.61413 10.328 9.92691 9.08844 6.63169 6.12738 6.07655 6.87749 7.50955 6.88621 6.44966 5.95164
threshold=1.0000000180025095e-35 0.0028499999316409235 1.0000000180025095e-35 1.0000000180025095e-35 1.0000000180025095e-35 0.00335000001359731 0.0099499998614192026 0.010350000113248827 0.0010500000207684936 0.014549999963492157 0.0031500000040978198 0.0034500000765547161 0.0010500000207684936 0.0012500000302679839 0.0046500000171363362 0.0010500000207684936 0.002549999975599349 1.0000000180025095e-35 0.0015499999863095584 0.0014499999815598132 1.0000000180025095e-35 0.0043500000610947618 0.0023500000825151805 0.01264999993145466 0.0015499999863095584 0.003249999950639904 0.003249999950639904 0.0027499999850988392 0.0042499999981373557 0.0014499999815598132
decision_type=2 2 2 2 2 2 2 2 2 2 2 2 2 2 2 2 2 2 2 2 2 2 2 2 2 2 2 2 2 2
left_child=1 2 3 4 7 6 -3 14 9 10 12 -12 -5 -8 15 16 17 18 19 20 22 -20 29 -23 25 26 -16 -27 -29 -1
right_child=-2 5 -4 8 -6 -7 13 -9 -10 -11 11 -13 -14 -15 24 -17 -18 -19 21 -21 -22 23 -24 -25 -26 27 -28 28 -30 -31
leaf_value=-0.02174219590252361 0.053808782838106389 0.0048558653830824998 -0.020784868215870118 -0.0058334220100479664 0.021671234186140642 -0.046063643721832997 0.10697169564863412 -0.030114304348646027 0.02566365553056138 -0.043648281226555403 0.071173254263170699 -0.0028718851334603051 -0.040104741211404921 0.026191034549237976 -0.018220763566554367 0.040380339042197101 0.043347784219123373 -0.029661904622699398 0.034539739833989384 0.10645148921202728 0.086120100945682357 -0.044063573197514937 0.075540910805068806 0.039635168506288287 0.064973546118704109 0.023113764341082862 0.07513612179914593 -0.034593349976109196 0.067439442996751711 0.057179710988439658
leaf_weight=57.621362932026386 10.033397454768417 67.970729894936085 70.835693771019578 28.55466797016561 69.175129013136029 5.6189406029880038 2.6727370470762244 18.028950592502952 12.103776805102823 15.454702351242302 3.50033907406032 89.199205590412021 32.6754777636379 32.36071078851819 84.898460669443011 24.685865376144648 16.749393045902252 22.174831012263894 30.831198066473007 1.9074198435991991 2.4981820881366721 7.3962235674262029 1.9363026842474926 3.1044405959546566 2.9255313090980044 27.782398326322436 2.2101527899503699 11.411068761721252 1.79203850775957 2.4921255800873032
leaf_count=785 286 554 940 290 640 42 16 214 75 97 31 680 509 284 560 187 113 268 245 11 18 42 11 19 23 196 13 89 12 21
internal_value=-7.98577e-05 -0.000800227 -0.00281227 -0.000583093 0.00388836 0.0110906 0.0142084 4.9544e-05 -0.0101825 -0.0127439 -0.00964111 -7.59373e-05 -0.0241223 0.0323539 0.0018478 0.00805913 0.00262072 -0.00262815 0.00293345 -0.00821385 -0.0116023 0.0208566 -0.0155366 -0.0193187 -0.00627774 -0.00790504 -0.0158521 0.0089852 -0.0207446 -0.0184703
internal_weight=760.601 750.568 641.945 571.109 389.621 108.623 103.004 320.446 181.488 169.384 153.93 92.6995 61.2301 35.0334 302.417 171.397 146.711 129.962 107.787 66.4554 64.548 41.3319 62.0498 10.5007 131.02 128.094 87.1086 40.9855 13.2031 60.1135
internal_count=7271 6985 6089 5149 3467 896 854 2827 1682 1607 1510 711 799 300 2613 1720 1533 1420 1152 846 835 306 817 61 893 870 573 297 101 806
is_linear=0
shrinkage=0.05


Tree=74
num_leaves=31
num_cat=0
split_feature=307 251 310 53 220 206 310 75 232 149 313 246 168 218 126 195 98 149 181 289 133 163 219 314 89 91 91 210 24 177
split_gain=11.1942 7.04574 6.68809 8.61873 6.80652 6.68496 8.46412 6.76399 7.87489 8.2684 7.76144 7.30067 6.49712 6.46778 6.34862 8.73428 6.33872 6.01474 5.88299 5.70131 5.42782 11.6802 5.57319 7.07343 5.92046 7.78685 6.80289 6.04641 5.54289 6.38568
threshold=1.0000000180025095e-35 0.0049499999731779107 0.009000000078231098 0.0080500002950429934 0.0013499999768100681 0.0017499999958090486 1.0000000180025095e-35 0.0013499999768100681 0.0022500000195577745 0.0015499999863095584 1.0000000180025095e-35 0.018450000323355201 1.0000000180025095e-35 0.0015499999863095584 0.031399998813867576 0.0016499999910593035 0.054800000041723258 0.0089499996975064295 0.0010500000207684936 0.0014499999815598132 0.0014499999815598132 0.0010500000207684936 0.0012500000302679839 0.021450000815093521 0.0046500000171363362 0.0045499999541789302 0.0050500000361353168 1.0000000180025095e-35 0.0012500000302679839 0.002549999975599349
decision_type=2 2 2 2 2 2 2 2 2 2 2 2 2 2 2 2 2 2 2 2 2 2 2 2 2 2 2 2 2 2
left_child=1 2 3 4 5 7 -7 8 9 12 13 -10 20 -11 -6 -16 -4 -3 -9 -19 22 -22 23 24 25 27 -27 28 29 -1
right_child=-2 17 16 -5 14 6 -8 18 11 10 -12 -13 -14 -15 15 -17 -18 19 -20 -21 21 -23 -24 -25 -26 26 -28 -29 -30 -31
leaf_value=-0.0016659331738108959 0.053649344452665219 0.018721848431048169 0.057350172009459723 -0.033626013935032478 0.025424865259365492 0.02482549985055613 -0.084036439356441589 -0.037144743971294081 0.025738361675651092 -0.025845316225476207 0.0059581032445897193 -0.0095599839103209204 0.030499778901722136 0.068098571780238079 -0.048636207538567358 0.028562408012338239 -0.078562679644237909 -0.048192836199425604 0.054025827232841266 0.013566830438837968 -0.040944938931470547 0.056625345243785853 0.023307085809606467 -0.075494172253801173 -0.036254627841467775 0.18837181026908534 0.026703513642353589 0.045783892312085545 0.063742200579779418 -0.032587858824407338
leaf_weight=226.94511360116303 9.5717117544263584 71.291284870356321 7.4620992448180896 22.322413556277752 39.36519829928875 30.514058865606785 1.896516628563403 23.284477696754042 40.119367284700274 92.347488321363926 28.103492487221956 23.073046820238233 14.78435345366597 1.8692231848835934 7.9462121427059156 6.7988174855709076 0.96930253133177746 7.2005383558571321 1.9149282090365876 7.7683772295713425 20.39298192970455 3.6103136762976638 20.956858580932021 3.3648500815033904 12.428908908739684 0.96955084986984674 1.9786693761125205 6.4898405522108069 3.0627625435590735 18.021905679255724
leaf_count=2007 286 580 94 441 343 232 17 248 312 1259 195 149 107 14 51 45 7 45 15 64 196 19 162 19 135 11 39 41 19 119
internal_value=-7.96503e-05 -0.000767876 -0.00252178 -0.00309347 -0.00201204 -0.00360447 0.0184554 -0.00491944 -0.00369003 -0.00598555 -0.0171028 0.0128501 -0.00190196 -0.0239815 0.014943 -0.0130405 0.0417252 0.0126719 -0.0302166 -0.0161416 -0.00340732 -0.0262695 -0.00154215 -0.00344788 -0.00254966 -0.0009226 0.0798697 -0.00185846 -0.00310504 -0.00394082
internal_weight=756.825 747.253 660.993 652.561 630.239 576.129 32.4106 543.718 518.519 455.326 122.32 63.1924 333.006 94.2167 54.1102 14.745 8.4314 86.2602 25.1994 14.9689 318.222 24.0033 294.218 273.262 269.897 257.468 2.94822 254.52 248.03 244.967
internal_count=7271 6985 6296 6195 5754 5315 249 5066 4803 4342 1468 461 2874 1273 439 96 101 689 263 109 2767 215 2552 2390 2371 2236 50 2186 2145 2126
is_linear=0
shrinkage=0.05


Tree=75
num_leaves=31
num_cat=0
split_feature=163 253 111 186 112 2 291 149 53 53 219 158 156 149 25 288 259 43 202 123 255 180 251 163 228 301 226 189 108 255
split_gain=10.7504 7.49704 7.78991 8.16369 7.965 7.2972 7.32295 6.94642 6.55196 10.3826 6.92504 7.73507 6.39131 9.02881 7.46939 7.49862 6.3416 5.83287 5.65349 5.5931 5.67089 8.20052 7.64365 7.94691 7.54433 6.59249 10.4142 9.00101 8.45554 8.3684
threshold=0.010850000195205213 0.0015499999863095584 0.0010500000207684936 0.0010500000207684936 0.0015499999863095584 0.0059500001370906839 0.0015499999863095584 0.32684999704360967 0.0076500000432133683 0.0070500001311302194 0.0087500000372529047 0.52175000309944164 0.0012500000302679839 0.0027499999850988392 0.0045499999541789302 0.038200000301003463 0.58500000834465038 0.0012500000302679839 0.014050000347197058 0.012550000101327898 0.059400001540780074 0.0032500000670552258 0.0049499999731779107 0.0029499999945983295 0.026250000111758712 0.0075499999802559623 0.0052499999292194852 0.002549999975599349 1.0000000180025095e-35 0.0018500000005587938
decision_type=2 2 2 2 2 2 2 2 2 2 2 2 2 2 2 2 2 2 2 2 2 2 2 2 2 2 2 2 2 2
left_child=1 2 3 4 5 6 8 -3 9 10 12 -12 13 19 -15 17 18 -16 -6 20 21 22 23 25 -23 28 27 29 -1 -27
right_child=-2 7 -4 -5 16 -7 -8 -9 -10 -11 11 -13 -14 14 15 -17 -18 -19 -20 -21 -22 24 -24 -25 -26 26 -28 -29 -30 -31
leaf_value=-0.00066048290713311125 0.044158266651451936 0.027855034195157544 -0.040720361886641118 0.019387539584075707 -0.03048549832773699 -0.047587856022325153 0.052924561650988626 -0.043854347228827029 -0.043060103960185357 0.14428226534126395 0.042393716531363292 -0.046499947483818971 0.061787037114569503 -0.025198495452273425 0.044790535496271745 -0.062704457521662413 0.054227396337091685 -0.038848600528120128 0.0029217363646820479 -0.025951936414320326 0.032283323566102771 -0.026903171931486038 0.027694116951588368 0.064284805938315037 0.045689219437215642 0.0029822185469294753 0.0015710759810894537 0.082853009743796169 -0.02763688152709777 0.084759863153415591
leaf_weight=184.11708368360996 13.487671818584202 34.171443773433566 12.79070042259991 44.439472492784262 49.394063334912062 8.2277075983583909 6.4231663290411225 3.7475063875317565 9.0105241108685714 1.2427367717027653 16.340708682313565 2.8781946487724772 3.9630815535783759 63.357531921938062 10.701088557019832 2.7140100970864287 2.8515488151460877 2.5887855254113665 17.030604494735599 18.703603086993098 14.902420883998273 38.000358626246452 29.457747146487236 4.9126346390694371 3.9512988477945319 16.00079068727792 90.842560181394219 7.6290877014398566 34.489075282588601 3.8886027056723824
leaf_count=1577 278 502 139 285 1041 61 59 23 145 18 155 19 33 714 104 16 25 36 162 164 108 290 187 32 33 102 577 43 319 24
internal_value=-7.86741e-05 -0.000886307 -0.0020579 -0.00133918 -0.00277028 -0.000838517 -0.000159079 0.020768 -0.00076828 -7.62803e-05 -0.000402795 0.0290811 -0.0014715 -0.00194788 -0.0174891 0.0130316 -0.0187858 0.0284981 -0.0219202 0.000811986 0.00198105 0.000888404 0.00325571 0.00114999 -0.0200659 0.000229554 0.00973402 0.0366811 -0.0049165 0.0189707
internal_weight=752.256 738.768 700.849 688.058 643.619 574.343 566.115 37.919 559.692 550.681 549.439 19.2189 530.22 526.257 79.3614 16.0039 69.2762 13.2899 66.4247 446.895 428.192 413.289 371.338 341.88 41.9517 336.967 118.361 27.5185 218.606 19.8894
internal_count=7271 6993 6468 6329 6044 4816 4755 525 4696 4551 4533 174 4359 4326 870 156 1228 140 1203 3456 3292 3184 2861 2674 323 2642 746 169 1896 126
is_linear=0
shrinkage=0.05


Tree=76
num_leaves=31
num_cat=0
split_feature=304 310 53 254 304 89 212 220 226 53 230 247 301 158 226 288 143 43 255 224 158 154 276 158 246 288 257 176 124 104
split_gain=10.3978 7.01106 6.94316 6.56937 6.71443 6.52101 7.87191 6.2723 6.25065 7.36346 7.56952 6.40261 6.58522 6.85521 6.24566 6.05191 5.86602 5.83509 8.45448 5.69733 8.16289 5.69043 5.57529 6.11044 10.0905 6.30753 5.48012 5.29366 5.11798 5.50756
threshold=0.0069500000681728133 0.0070000002160668382 0.0077499998733401307 1.0000000180025095e-35 0.0056499999482184657 0.0010500000207684936 0.0010500000207684936 0.0080500002950429934 0.0066499998793005952 0.0071499999612569818 0.003249999950639904 0.0030500000575557355 0.02485000062733889 0.38985000550746923 0.096200000494718566 0.0011500000255182388 0.0016499999910593035 1.0000000180025095e-35 0.068749997764825835 1.0000000180025095e-35 0.0071499999612569818 0.020650000311434272 0.0080500002950429934 0.0011500000255182388 0.0017499999958090486 0.014349999837577345 0.002549999975599349 0.0051500000990927228 0.0010500000207684936 0.0016499999910593035
decision_type=2 2 2 2 2 2 2 2 2 2 2 2 2 2 2 2 2 2 2 2 2 2 2 2 2 2 2 2 2 2
left_child=1 2 3 4 5 21 16 -4 22 10 11 12 19 26 -15 -12 -7 -8 -19 -10 -21 28 23 -5 25 -25 -14 -24 29 -1
right_child=-2 -3 7 8 -6 6 17 -9 9 -11 15 -13 13 14 -16 -17 -18 18 -20 20 -22 -23 27 24 -26 -27 -28 -29 -30 -31
leaf_value=0.0016876129778158671 0.043668953950805334 0.038950060897083923 -0.038504477901050348 0.025239570895431513 -0.13796927686832772 -0.034727683219377387 0.0015757496019423367 0.038715461036554114 -0.025014750237310264 0.11106787465225597 0.23046870774340042 -0.071826174065850776 0.0015282174356263042 -0.047404956669945278 0.027703108438708681 0.017073795978946645 0.08856831049861881 -0.057243399644381958 0.068557741713117654 0.043601458957784389 -0.033251594113704139 0.068400782327517298 0.05728132841540589 -0.018160339695340935 0.060006280162283869 0.024384324617823069 0.029833726508020471 -0.042310664511411071 0.079014250636749356 -0.016835758180129896
leaf_weight=211.92181247007102 13.340564237907527 10.888748181983827 20.123555350117389 39.798221286386251 0.94747805036604305 41.274329516105354 59.438573488034308 3.0250123478472224 48.872594660148025 1.4750795960426319 0.33514111489057441 3.5645404625684014 69.212766509503126 10.906324673444031 3.7092083655297747 38.506507977843285 0.98777112737297912 9.0467441352084261 1.5668521132320155 8.1489271037280542 5.9984028209000817 2.9685457535088053 11.286345791071652 37.067759227007627 6.1136187985539427 11.388367079198359 22.710571618750691 1.5131677053868759 1.9729381259530772 49.502877334132791
leaf_count=1945 378 139 435 257 7 720 456 19 333 8 3 27 480 75 23 390 6 148 10 65 41 22 81 328 40 63 193 10 21 548
internal_value=-7.76422e-05 -0.000872448 -0.00147188 -0.000581233 -0.00503182 -0.00469921 -0.0148037 -0.0284135 0.00468866 -0.000258306 -0.00103303 -0.00550855 -0.00411439 0.00346405 -0.0283436 0.0189151 -0.0318459 -0.00452215 -0.0386718 -0.0169262 0.0110161 -0.000438627 0.0145413 0.0103412 -0.000524282 -0.00816131 0.00852137 0.0455075 -0.00121446 -0.00181994
internal_weight=747.613 734.273 723.384 700.235 379.628 378.68 112.314 23.1486 320.608 213.44 211.965 173.123 169.559 106.539 14.6155 38.8416 42.2621 70.0522 10.6136 63.0199 14.1473 266.366 107.167 94.368 54.5697 48.4561 91.9233 12.7995 263.398 261.425
internal_count=7271 6893 6754 6300 3883 3876 1340 454 2417 1638 1630 1237 1210 771 98 393 726 614 158 439 106 2536 779 688 431 391 673 91 2514 2493
is_linear=0
shrinkage=0.05


Tree=77
num_leaves=31
num_cat=0
split_feature=307 269 228 180 215 108 180 133 228 112 255 135 32 214 279 167 232 123 203 89 254 124 253 257 195 115 231 189 164 245
split_gain=9.92849 6.2879 6.2933 9.70356 7.8164 6.83853 8.50774 6.83155 6.62214 6.58893 8.5765 6.79503 6.48038 6.12766 7.51169 6.83794 7.7015 6.3841 8.59551 7.69835 8.72883 7.3583 6.07381 6.06958 5.98855 5.97855 5.92904 5.69968 6.74694 5.56107
threshold=1.0000000180025095e-35 0.0011500000255182388 0.0021499999566003685 0.0012500000302679839 0.072999998927116408 0.0066499998793005952 0.039250001311302192 1.0000000180025095e-35 0.026250000111758712 0.0043500000610947618 0.021750000305473808 0.0013499999768100681 0.010100000072270634 0.024749999865889553 0.023349999450147155 0.015850000083446506 0.017200000584125522 0.0012500000302679839 0.0028499999316409235 0.0019500000635161998 0.0052499999292194852 0.0050000001210719356 0.0013499999768100681 0.018949999473989013 0.0030500000575557355 0.0012500000302679839 0.0034500000765547161 0.0060499999672174462 0.0030000001424923543 0.051500000059604652
decision_type=2 2 2 2 2 2 2 2 2 2 2 2 2 2 2 2 2 2 2 2 2 2 2 2 2 2 2 2 2 2
left_child=1 2 7 -4 5 6 8 9 -5 10 11 13 24 14 15 16 17 19 -19 23 27 -20 -9 26 -11 -12 29 28 -21 -1
right_child=-2 -3 3 4 -6 -7 -8 22 -10 12 25 -13 -14 -15 -16 -17 -18 18 21 20 -22 -23 -24 -25 -26 -27 -28 -29 -30 -31
leaf_value=0.0038931911280280606 0.053357866873083526 0.035024442132215831 0.036242380985976506 -0.0060100038155658795 0.031349066678591386 -0.040163169546625591 0.06876054116814688 -0.019967472908333506 0.064104892978552416 -0.039664715911455116 0.027431151349653071 0.082131554861319234 0.06432651811154344 -0.098999523276749268 0.052364669263184886 -0.06889679362024928 0.056676340959083041 -0.025815083200042107 -0.00072577443524056353 -0.037737445962393618 0.0099465392753991556 0.097208584521514582 0.054576686644553118 0.061110512503965819 0.048895038618286195 -0.04807178618642266 0.11809906706804407 0.012793040928888373 0.059414196672271415 -0.0552731793997304
leaf_weight=238.05875382572412 8.5928498413413745 12.113849757239221 25.415798842906952 72.829283338971436 18.830928664654493 11.450159371830521 4.3965095002204171 75.67069767229259 3.5308398734778157 22.867364699020989 37.130627891048789 2.3818669579923144 1.8660558909177769 1.6405754964798678 6.2207765243947497 3.8980435933917752 5.4515405893325797 61.216137719340622 35.60901927947998 39.813257213681936 25.65383605286479 2.0271852016448966 2.8349605388939372 4.6492103803902856 2.0827937629073849 2.8210494741797438 1.1222275234758843 7.961333703249692 1.8710786812007416 4.0388203710317603
leaf_count=2042 286 168 192 568 168 107 43 728 30 514 314 15 11 13 78 28 39 754 281 490 198 11 19 38 14 24 9 45 16 28
internal_value=-7.64868e-05 -0.000700799 -0.00129909 0.00837305 0.00199395 -0.0040011 0.00112618 -0.0035479 -0.00276794 -0.00142804 -8.4801e-05 -0.00209178 -0.0255499 -0.00254851 -0.00218691 -0.00297359 -0.00237245 -0.00313522 -0.0142544 0.000265973 -0.0137354 0.00454923 -0.0172756 0.0045194 -0.0322719 0.0220998 0.00343765 -0.0259727 -0.0333766 0.00290614
internal_weight=744.047 735.455 723.341 136.454 111.038 92.2068 80.7566 586.887 76.3601 508.382 481.565 441.614 26.8162 439.232 437.591 431.37 427.472 422.021 98.8523 323.169 75.2995 37.6362 78.5057 247.869 24.9502 39.9517 243.22 49.6457 41.6843 242.098
internal_count=7271 6985 6817 1108 916 748 641 5709 598 4962 4423 4085 539 4070 4057 3979 3951 3912 1046 2866 749 292 747 2117 528 338 2079 551 506 2070
is_linear=0
shrinkage=0.05


Tree=78
num_leaves=31
num_cat=0
split_feature=302 259 53 220 276 53 310 226 183 149 215 240 133 265 53 108 251 149 25 240 225 189 168 89 123 180 257 255 217 276
split_gain=9.46756 6.85816 6.67382 6.26876 5.10898 7.18223 8.36258 6.77284 6.98611 8.53822 7.37674 7.46851 6.65997 7.87855 6.53524 6.10148 6.19327 7.03409 7.40753 5.72266 5.40562 5.19219 5.28989 5.73461 5.31632 5.36582 11.7561 6.12218 5.45477 5.0845
threshold=0.0076500000432133683 0.12700000405311587 0.0077499998733401307 0.0080500002950429934 1.0000000180025095e-35 1.0000000180025095e-35 1.0000000180025095e-35 0.0030500000575557355 0.0014499999815598132 0.0027499999850988392 0.0022500000195577745 0.0023500000825151805 0.0014499999815598132 0.012450000271201135 0.0070500001311302194 0.0045499999541789302 0.0028499999316409235 0.0058500000741332778 0.00335000001359731 0.013050000183284284 0.0012500000302679839 0.0017499999958090486 1.0000000180025095e-35 0.0012500000302679839 0.0015499999863095584 0.00075000003562308859 0.0035500000230968003 0.01544999983161688 0.0014499999815598132 0.0014499999815598132
decision_type=2 2 2 2 2 2 2 2 2 2 2 2 2 2 2 2 2 2 2 2 2 2 2 2 2 2 2 2 2 2
left_child=1 2 4 -4 5 7 -7 8 9 10 12 -12 20 -14 15 16 -6 29 -19 -16 21 22 23 24 25 26 27 28 -1 -18
right_child=-2 -3 3 -5 14 6 -8 -9 -10 -11 11 -13 13 -15 19 -17 17 18 -20 -21 -22 -23 -24 -25 -26 -27 -28 -29 -30 -31
leaf_value=0.0045604349902611564 0.046856368826814272 0.042225922586179847 -0.038643349155416132 0.037807921256753335 0.00040560512540587174 -0.03908637417504976 0.17204152121704389 -0.016508455571467 0.056446237272636673 -0.041575538143792959 0.0023561525097364499 0.093120333628673599 -0.050600996825421823 0.075268382508454329 0.14508572559309144 -0.019649546153886525 -0.01905532350328662 -0.042410729646730448 0.022622198104579501 0.010814168806859857 0.067121751668746135 0.060841814698141899 0.11031646048844256 -0.026085564000052491 -0.046584585727929798 -0.03588450535756374 0.12460350691130005 0.13215769046324535 0.10453697404051304 0.025663649392358302
leaf_weight=46.743034956976771 10.592551726847885 9.1640412528067809 19.418819317594174 3.1108958162367335 356.07297487184405 20.909046286717061 0.47977964021265407 68.05800192989409 5.8482605572789899 10.96230444870889 4.5164032522588951 4.5494900345802307 10.054759150370954 1.4186188727617253 1.4943116977810853 30.639681241475046 7.0052931308746329 9.8398110177367943 7.889579512178897 1.6921357885003088 3.41703001782298 3.7057639397680751 1.0782656371593464 17.907532669603825 4.4499632101505986 5.6987987253814927 2.3456678092479697 1.0051511712372292 1.405350774526595 68.610675759613514
leaf_count=470 413 124 433 20 2797 609 5 483 45 195 45 28 112 6 14 268 40 71 52 11 19 23 8 235 68 67 17 11 7 575
internal_value=-7.44824e-05 -0.00075594 -0.00130276 -0.028087 -0.000437978 -0.00685876 -0.0343505 -0.00381464 0.0030908 0.000474325 0.00473085 0.0479039 0.00078645 -0.035038 0.00241275 0.00193903 0.00341086 0.0148746 -0.0134711 0.073782 0.00547017 0.00297234 0.000312781 -0.00117817 0.00605694 0.0101524 0.0152468 0.0100281 0.00747854 0.0215207
internal_weight=740.084 729.491 720.327 22.5297 697.798 214.553 21.3888 193.164 125.106 119.258 108.296 9.06589 99.2299 11.4734 483.244 480.058 449.418 93.3454 17.7294 3.18645 87.7566 84.3395 80.6338 79.5555 61.648 57.198 51.4992 49.1535 48.1484 75.616
internal_count=7271 6858 6734 453 6281 2453 614 1839 1356 1311 1116 73 1043 118 3828 3803 3535 738 123 25 925 906 883 875 640 572 505 488 477 615
is_linear=0
shrinkage=0.05


Tree=79
num_leaves=31
num_cat=0
split_feature=163 185 254 91 181 36 310 301 104 265 226 177 89 91 50 214 43 272 25 133 254 126 110 251 225 288 158 177 301 224
split_gain=9.16846 6.9412 5.56415 7.04823 7.64186 5.67465 5.56369 5.57417 5.32068 6.73707 8.13855 6.71027 5.83276 6.6323 10.1402 5.65183 5.21961 5.16973 5.16843 6.98621 6.10283 7.2348 6.37988 5.88433 6.91537 7.4432 8.19974 6.81585 5.5301 5.22254
threshold=0.010850000195205213 1.0000000180025095e-35 1.0000000180025095e-35 0.0016499999910593035 1.0000000180025095e-35 1.0000000180025095e-35 0.0050000001210719356 0.3583000004291535 1.0000000180025095e-35 0.0046500000171363362 0.045050000771880157 0.019949999637901786 0.0015499999863095584 0.0013499999768100681 0.0013499999768100681 0.0070500001311302194 0.0016499999910593035 0.029399999417364601 0.0011500000255182388 0.00335000001359731 0.062899999320507063 0.0035500000230968003 0.0013499999768100681 0.0076500000432133683 0.0018500000005587938 0.010850000195205213 0.0011500000255182388 0.0020500000100582842 0.0035500000230968003 0.024750000797212127
decision_type=2 2 2 2 2 2 2 2 2 2 2 2 2 2 2 2 2 2 2 2 2 2 2 2 2 2 2 2 2 2
left_child=1 2 3 6 -5 17 7 8 9 10 12 -11 13 -1 -15 16 -10 18 19 23 21 22 -20 24 25 26 -4 -26 -28 -23
right_child=-2 -3 5 4 -6 -7 -8 -9 15 11 -12 -13 -14 14 -16 -17 -18 -19 20 -21 -22 29 -24 -25 27 -27 28 -29 -30 -31
leaf_value=-0.0048765680579598535 0.04274482617881737 0.054605911194108181 0.011401441270706768 -0.034951777798533847 0.043025908490578357 -0.021376790051615146 0.08112813600497365 0.050950704742635883 -0.018942635352243622 0.01404239262436982 0.07894310692253162 -0.058620016994244878 -0.030470720703535892 0.243396653432562 -0.052011026155297235 0.069915946343232574 0.051839591218706439 -0.063375738272246393 0.019181963173179068 -0.086313979267766475 0.057845449771191361 -0.0031703331775426117 -0.032184822705102659 0.038407222179398487 -0.063474948857444397 0.020626022491857958 -0.05436111100248292 0.064389576420955427 -0.012424024878614905 -0.10046042723129066
leaf_weight=147.81115511152893 12.292419506236909 5.6086490061134091 31.309482872486115 30.701867041178048 3.5001370012760153 21.39188832230866 1.9451200924813736 4.6100625395774832 84.778422074392438 78.535292711108923 2.7584829889237872 3.3112824708223334 24.04928067792207 0.66379583999514469 0.51656406000256538 1.9217185303568829 2.6870844531804314 2.7201409656554452 112.0268685426563 2.3998397663235655 6.7904168516397467 52.052068240940571 6.3896645046770564 9.1538465507328493 7.5757857803255302 31.655932569876313 10.173397487029431 1.2084738649427889 34.583976639434695 1.4169297609478224
leaf_count=1511 278 148 188 801 36 179 18 28 904 502 15 20 334 10 18 12 37 19 911 13 73 422 37 97 57 255 78 15 244 11
internal_value=-7.49896e-05 -0.000801756 -0.00123419 -0.00529797 -0.0269718 0.003529 -0.0032015 -0.00366797 -0.00439354 -0.000746887 -0.00626367 0.0111027 -0.00762197 -0.00393386 0.114117 -0.0149045 -0.0167681 0.00525067 0.00585925 -0.00180715 0.0113539 0.00951725 0.0164103 -0.000193265 -0.00322607 0.000252498 -0.00822613 -0.0458843 -0.0219564 -0.00574852
internal_weight=736.54 724.248 718.639 387.79 34.202 330.849 353.588 351.643 347.033 257.646 175.799 81.8466 173.041 148.992 1.18036 89.3872 87.4655 309.457 306.737 128.061 178.676 171.886 118.417 125.661 116.507 107.723 76.0669 8.78426 44.7574 53.469
internal_count=7271 6993 6845 4246 837 2599 3409 3391 3363 2410 1888 522 1873 1539 28 953 941 2420 2401 947 1454 1381 948 934 837 765 510 72 322 433
is_linear=0
shrinkage=0.05


Tree=80
num_leaves=31
num_cat=0
split_feature=307 269 111 203 6 108 228 236 124 304 240 221 276 179 247 156 301 149 133 89 276 288 245 260 101 133 124 50 214 289
split_gain=8.81502 5.53647 5.71959 7.16416 7.41093 7.05733 7.57565 6.6566 7.28728 5.94098 7.31187 8.03821 8.11086 7.18656 5.89335 5.874 5.81076 5.48709 5.47249 5.45899 6.39176 5.43942 5.4261 6.90796 5.32374 6.54292 5.68916 5.31029 5.29417 5.4623
threshold=1.0000000180025095e-35 0.0011500000255182388 0.0010500000207684936 0.0028499999316409235 1.0000000180025095e-35 1.0000000180025095e-35 0.0010500000207684936 0.014449999667704107 0.0029499999945983295 0.0010500000207684936 0.011649999767541887 0.0013499999768100681 0.0058500000741332778 0.0098500000312924402 1.0000000180025095e-35 0.0012500000302679839 0.0010500000207684936 0.023599999956786636 0.035699998959898956 0.0010500000207684936 0.030650000087916855 0.0028499999316409235 0.0016499999910593035 0.0010500000207684936 0.045450000092387206 0.0014499999815598132 0.0012500000302679839 1.0000000180025095e-35 0.0061500000301748523 1.0000000180025095e-35
decision_type=2 2 2 2 2 2 2 2 2 2 2 2 2 2 2 2 2 2 2 2 2 2 2 2 2 2 2 2 2 2
left_child=1 2 3 4 5 6 15 8 22 10 13 -12 -13 14 18 17 27 24 19 20 -7 -16 23 -5 25 26 -1 -8 29 -6
right_child=-2 -3 -4 7 28 9 16 -9 -10 -11 11 12 -14 -15 21 -17 -18 -19 -20 -21 -22 -23 -24 -25 -26 -27 -28 -29 -30 -31
leaf_value=0.0016184211972198083 0.053146855219666424 0.033595929332483149 -0.028983975722969315 -0.037252351110246905 -0.026067965573374704 -0.001398339274237293 0.049068530288881501 -0.043598339037187038 0.098273060208147842 -0.034737027086947342 0.043352447243573761 -0.055819950473586559 0.018633494256793785 0.058456476914218028 -0.054630224589637622 0.09197007429067626 0.0093948006815597548 -0.039901468978258858 0.083141320369305008 -0.028847035142353167 -0.064969817229883098 0.059175311047223594 0.017993571336870927 0.089496443396893069 0.037649081940562948 -0.028020968799553899 -0.10609612678676517 -0.04160552253321366 -0.13778153239089591 0.0061198779555857001
leaf_weight=240.5946394354105 7.6988023687154046 11.620553735643623 18.049676340073347 8.6449966030195338 45.31481823977083 50.999543071724474 17.263481101021174 4.9761272165924302 2.6025350689887992 19.78606423176825 14.431300697848203 5.7209273241460314 10.143983628600834 3.5941393524408332 1.3436876237392414 1.7013274505734433 69.1065579270944 8.8767475830391032 1.3737344816327084 52.430214384570718 4.286308489739894 4.8027870059013367 73.309976937249303 1.2276389859616745 9.0977118015289289 21.008054750040174 1.2321333438158024 1.7813138952478755 0.91580422222614188 18.586744841188192
leaf_count=2187 286 168 178 126 758 461 116 52 17 143 97 39 77 29 11 12 559 144 8 718 24 24 538 11 73 228 10 37 7 133
internal_value=-7.32584e-05 -0.000638542 -0.00119634 -0.000474834 -0.00244183 -0.000522864 0.00333731 0.0126237 0.0158849 -0.00899362 -0.005578 0.0163488 -0.00821461 -0.0111683 -0.0133399 -0.000655589 0.0161339 -0.00121678 -0.0160238 -0.0172885 -0.00632703 0.0342962 0.0133072 -0.0214914 4.60163e-05 -0.00125557 0.0010696 0.0405875 -0.0184163 -0.0167056
internal_weight=732.522 724.824 713.203 695.153 604.392 539.575 370.662 90.7613 85.7851 168.913 149.127 30.2962 15.8649 118.83 115.236 282.511 88.1514 280.809 109.09 107.716 55.2859 6.14647 83.1826 9.87264 271.933 262.835 241.827 19.0448 64.8174 63.9016
internal_count=7271 6985 6817 6639 5895 4997 3366 744 692 1631 1488 213 116 1275 1246 2654 712 2642 1211 1203 485 35 675 137 2498 2425 2197 153 898 891
is_linear=0
shrinkage=0.05


Tree=81
num_leaves=31
num_cat=0
split_feature=304 310 162 53 183 259 123 253 255 220 304 2 89 225 224 115 110 100 163 231 101 301 149 91 226 104 67 232 257 98
split_gain=8.44041 5.47624 5.68446 5.57812 6.37702 5.4647 6.0396 8.13224 6.47225 6.01713 8.69046 7.12733 7.04261 6.48366 6.15264 5.7092 7.28502 6.28582 5.69651 6.38317 5.69462 5.46314 5.38115 9.00214 6.80118 8.2483 5.91215 5.83872 5.48158 5.32719
threshold=0.0069500000681728133 0.009000000078231098 0.0050000001210719356 0.0077499998733401307 0.00335000001359731 0.023000000044703487 0.0079499999992549437 0.002650000038556755 0.059400001540780074 0.0012500000302679839 0.0056499999482184657 0.0063499999232590207 0.0074499999172985562 0.047499999403953559 0.0013499999768100681 0.0079499999992549437 0.0015499999863095584 0.0011500000255182388 0.0042499999981373557 0.0037000000011175875 0.0066499998793005952 0.010149999987334015 0.0010500000207684936 0.0040500001050531873 0.0015499999863095584 0.0013499999768100681 0.0011500000255182388 0.0035500000230968003 0.016849999316036705 0.054800000041723258
decision_type=2 2 2 2 2 2 2 2 2 2 2 2 2 2 2 2 2 2 2 2 2 2 2 2 2 2 2 2 2 2
left_child=1 2 3 5 -5 6 7 8 9 10 12 -11 15 14 -14 16 18 -18 19 22 -19 -10 23 26 -25 -26 28 -24 -1 -3
right_child=-2 29 -4 4 -6 -7 -8 -9 21 11 -12 -13 13 -15 -16 -17 17 20 -20 -21 -22 -23 27 24 25 -27 -28 -29 -30 -31
leaf_value=-0.00035910176024243049 0.042175888677978626 0.055356392220433773 0.06113960866692756 -0.035440752079974151 0.055722149327798412 0.047448009589077238 -0.012892728660788397 0.053564996034113979 -0.011455040621203338 0.025924475303392341 -0.14039313436115705 -0.055395214498332547 -0.051165888397726768 0.055765798967022509 0.032114680133415376 0.06592734135544584 -0.044083415722877273 0.071896684910907158 0.047550329822633353 0.10888098479541458 -0.041246635141398223 0.037456625121668953 -0.01418660923764312 -0.052874393777130706 0.19265227321016301 0.047633311748105485 -0.074611522170055858 0.028810896512352715 0.023464505738566861 -0.066132328733719409
leaf_weight=316.77910579554737 11.633306816220282 7.1258281376212818 3.635084753856062 19.571532675065104 2.126780502498149 5.8296061828732482 94.549211019650102 7.1929992996156207 7.9853871343657401 31.756405189633369 1.1398685723543156 2.9443016033619633 16.201625390909619 1.9616976603865612 2.5694834124296895 3.1680066948756567 16.79494716227055 2.5397144258022299 6.1869403347373 1.3239758498966683 1.9784406162798402 20.02626939304173 100.01043511647731 1.048060931265353 1.3508381880819795 3.576672401279211 2.5735073983669272 8.5720760449767095 26.13738776743412 1.0331599339842794
leaf_count=2614 378 111 42 439 17 67 921 137 82 269 6 27 181 11 19 18 138 15 47 9 20 153 1194 38 16 37 14 55 187 9
internal_value=-7.23453e-05 -0.000757163 -0.00122552 -0.00154668 -0.0265053 -0.000755147 -0.00116939 0.000729207 7.01175e-05 -0.00112686 -0.00248754 0.0190246 -0.00218099 -0.030727 -0.039766 -0.000978159 -0.00141172 -0.0299997 -0.000108577 -0.000747677 0.0223527 0.0235132 -0.00106318 0.00194251 0.0627882 0.0873891 0.000890132 -0.0107922 0.00145675 0.0399725
internal_weight=729.323 717.689 709.53 705.895 21.6983 684.197 678.367 583.818 576.625 548.613 513.913 34.7007 512.773 20.7328 18.7711 492.04 488.872 21.3131 467.559 461.372 4.51816 28.0117 460.048 351.466 5.97557 4.92751 345.49 108.583 342.916 8.15899
internal_count=7271 6893 6773 6731 456 6275 6208 5287 5150 4915 4619 296 4613 211 200 4402 4384 173 4211 4164 35 235 4155 2906 91 53 2815 1249 2801 120
is_linear=0
shrinkage=0.05


Tree=82
num_leaves=31
num_cat=0
split_feature=307 259 53 220 223 225 215 119 225 6 203 154 149 25 149 110 92 313 132 257 163 89 245 257 180 206 246 123 112 75
split_gain=8.02937 5.12485 6.01478 6.2289 5.4208 5.22163 5.13665 5.54257 4.91572 4.63691 6.26224 5.45937 5.78311 9.41937 7.2051 6.29731 6.14969 5.9374 5.72891 5.60719 7.90407 7.23321 5.70636 5.49016 5.48483 5.48043 7.53208 5.26589 5.24364 5.1452
threshold=1.0000000180025095e-35 0.12700000405311587 0.0022500000195577745 0.0013499999768100681 0.0027499999850988392 0.010100000072270634 0.0031500000040978198 0.0017499999958090486 0.0057500000111758718 0.014949999749660494 0.002650000038556755 0.13194999843835833 0.0027499999850988392 0.0057500000111758718 0.017050000838935379 0.0015499999863095584 0.0015499999863095584 0.002549999975599349 0.0024500000290572648 0.014449999667704107 0.0043500000610947618 0.0016499999910593035 0.048899998888373382 0.018350000493228439 0.00075000003562308859 0.0017499999958090486 1.0000000180025095e-35 0.0020500000100582842 0.012850000057369472 0.0013499999768100681
decision_type=2 2 2 2 2 2 2 2 2 2 2 2 2 2 2 2 2 2 2 2 2 2 2 2 2 2 2 2 2 2
left_child=1 2 3 4 9 -6 7 -5 -9 10 11 12 15 16 -15 17 -14 18 19 20 22 24 25 -23 -21 29 -27 -24 -12 -1
right_child=-2 -3 -4 6 5 -7 -8 8 -10 -11 28 -13 13 14 -16 -17 -18 -19 -20 21 -22 23 27 -25 -26 26 -28 -29 -30 -31
leaf_value=-0.002789197777165733 0.052916109544338598 0.039316954843749988 -0.014833086913031805 0.034860268909241522 0.038831608764727132 -0.038884110264202965 0.042084049443673922 -0.00093232038750274977 -0.095117028031941067 -0.026344549673071663 0.012583646920358857 0.08155831304027733 -0.024348193913166737 0.0075948347061164483 0.11678836609890222 -0.03923821796575961 0.080378649267507818 0.054219279154836722 0.061172190742387736 0.08350987015190714 0.086310900190389589 0.078220449757321217 -0.069944364907028489 -0.0050640619008868407 0.021515918476077492 -0.0057761997635340755 0.07583117286342228 0.021485594815091109 0.099700320852427887 -0.038068379790176132
leaf_weight=328.34404993243515 7.0802489276975384 7.9552733125165096 71.110970944166183 12.023113621398805 14.246513444930317 2.5479154884815207 14.792728967964647 22.707002766430382 1.4753852412104596 18.585910647176206 50.045252176001668 1.9166920296847809 64.581069353036582 5.8778418693691483 2.0333397127687931 10.366079544648526 1.4328735806047905 5.0281471740454426 3.737809106707572 5.441713595762848 2.4552453681826583 2.13282107934356 5.8680666685104352 27.397088878788054 10.360897041857241 6.2164282985031587 5.1864433400332928 2.1525115668773651 1.7890587244182814 10.670741035602985
leaf_count=2790 286 106 1239 135 113 15 197 175 12 218 370 13 738 51 19 77 8 76 26 45 17 18 36 197 85 41 31 13 12 112
internal_value=-6.93858e-05 -0.000591531 -0.00103836 0.000495791 -0.000957058 0.0270412 0.0172587 0.00711562 -0.0066786 -0.00177966 -0.000954102 -0.00266515 -0.00298847 -0.0158965 0.0356599 -0.000745129 -0.022075 0.000216389 -0.000445948 -0.00101292 -0.00309488 0.0155617 -0.0037073 0.000951228 0.0428639 -0.00275285 0.0313418 -0.045407 0.0155905 -0.00389964
internal_weight=725.559 718.479 710.524 639.413 588.415 16.7944 50.9982 36.2055 24.1824 571.62 553.034 501.2 499.283 73.9251 7.91118 425.358 66.0139 414.992 409.964 406.226 360.893 45.3325 358.438 29.5299 15.8026 350.418 11.4029 8.02058 51.8343 339.015
internal_count=7271 6985 6879 5640 5121 128 519 322 187 4993 4775 4393 4380 816 70 3564 746 3487 3411 3385 3040 345 3023 215 130 2974 72 49 382 2902
is_linear=0
shrinkage=0.05


Tree=83
num_leaves=31
num_cat=0
split_feature=302 259 123 232 112 276 246 272 276 104 50 135 189 89 180 289 226 276 64 47 282 301 25 279 110 186 302 108 149 245
split_gain=7.62137 5.3651 6.39021 7.2406 7.44381 7.23576 6.33709 6.3324 6.10289 5.9575 5.46077 5.41486 5.80091 6.66662 5.30064 7.94433 6.0411 5.2916 6.15622 5.28356 5.06696 8.83869 7.02532 6.79418 6.99919 5.837 5.73122 5.50501 7.71968 6.95612
threshold=0.0076500000432133683 0.0070000002160668382 0.0079499999992549437 0.0022500000195577745 0.0010500000207684936 0.0062500000931322583 0.018450000323355201 0.0028499999316409235 0.0016499999910593035 0.0015499999863095584 1.0000000180025095e-35 0.0059500001370906839 0.017050000838935379 0.0046500000171363362 1.0000000180025095e-35 0.0053499999921768912 0.0064499999862164268 0.0079499999992549437 1.0000000180025095e-35 0.0031500000040978198 0.0013499999768100681 0.017250000499188903 0.0050500000361353168 1.0000000180025095e-35 0.0010500000207684936 0.0014499999815598132 0.0016499999910593035 1.0000000180025095e-35 0.003249999950639904 0.0072500000242143878
decision_type=2 2 2 2 2 2 2 2 2 2 2 2 2 2 2 2 2 2 2 2 2 2 2 2 2 2 2 2 2 2
left_child=1 2 3 4 11 7 9 -6 19 -5 -11 12 13 20 15 16 17 18 -10 -4 21 25 23 26 -25 27 -22 28 -1 -30
right_child=-2 -3 8 6 5 -7 -8 -9 14 10 -12 -13 -14 -15 -16 -17 -18 -19 -20 -21 22 -23 -24 24 -26 -27 -28 -29 29 -31
leaf_value=0.0055269050431864929 0.045801695681423032 0.021398355443470685 -0.053375309579001246 0.020437147132156542 -0.043705555447830904 0.0021674870989454626 -0.0014046734861924181 0.0098494465672569545 0.0021973835612769809 0.0067613496768169695 0.10182599509865327 -0.060124366699345504 0.022765787703599757 -0.02262849177362387 -0.014490921890288869 -0.091322160586107551 -0.018016854884208382 0.096645828737329298 0.13695496898309653 0.044394376740323628 -0.031239270928841212 0.021323617607327469 0.031303423045408757 0.0098867808075677049 -0.082664647781430012 0.078901131503318636 -0.12697197308315025 -0.013785436032298119 -0.041954564546058129 0.078306592296017816
leaf_weight=211.38052966631949 8.9444916564971191 26.584846330806613 13.126206065528093 27.107139647006989 27.519072469323874 25.524303967133164 26.82022587582469 6.9044634997844687 5.6304326802492159 2.1980435997247687 4.8302378822118044 3.6299395859241477 29.175257626920938 30.95366882532835 65.818361232057214 1.53906039148569 4.8838643785566083 3.7749247718602419 0.99769318848848332 1.5444296617060889 23.600650377571586 58.946774402633309 7.8123616501688948 19.849639572203163 2.277126256376504 2.3304771594703189 1.6742993220686901 61.723183639347553 13.790903544053434 1.3172715939581383
leaf_count=1711 413 327 293 215 825 212 210 67 64 18 30 30 297 331 557 10 45 26 12 23 168 378 53 142 13 14 9 531 238 9
internal_value=-6.55491e-05 -0.000640734 -0.00149398 0.000465984 -0.0014163 -0.0180058 0.0167831 -0.0329638 -0.013364 0.0310732 0.0720952 0.000706606 0.00118164 -0.000263812 -0.0080885 0.0169559 0.0278572 0.0493934 0.0224817 -0.0430827 0.00144675 0.00367048 -0.0126289 -0.0198694 0.000362059 8.89237e-05 -0.0375809 -0.000548351 0.00305905 -0.0314691
internal_weight=722.21 713.265 686.681 589.366 528.41 59.9478 60.9556 34.4235 97.315 34.1354 7.02828 468.462 464.832 435.657 82.6443 16.826 15.2869 10.4031 6.62813 14.6706 404.703 349.489 55.2141 47.4017 22.1268 290.542 25.2749 288.212 226.489 15.1082
internal_count=7271 6858 6531 5501 5028 1104 473 892 1030 263 48 3924 3894 3597 714 157 147 102 76 316 3266 2881 385 332 155 2503 177 2489 1958 247
is_linear=0
shrinkage=0.05


Tree=84
num_leaves=31
num_cat=0
split_feature=307 185 251 298 180 149 289 50 50 205 126 212 89 50 217 164 226 308 180 304 180 25 240 279 107 304 279 186 257 133
split_gain=7.43203 4.87465 4.65807 4.93661 5.15947 5.23627 6.21549 5.15748 5.01851 4.7701 6.35217 6.31411 13.4218 6.54523 6.16051 5.85042 5.84315 6.25209 6.08642 5.17541 5.98036 8.08434 7.36664 6.47791 6.51874 5.24643 5.14562 5.1295 6.03629 5.06177
threshold=1.0000000180025095e-35 1.0000000180025095e-35 0.0049499999731779107 1.0000000180025095e-35 0.0032500000670552258 0.0067499999422580012 0.0014499999815598132 0.0011500000255182388 0.002650000038556755 0.012999999802559616 0.031399998813867576 1.0000000180025095e-35 0.0018500000005587938 0.0011500000255182388 0.014549999963492157 0.013000000268220903 0.0046500000171363362 0.0019500000635161998 0.033750001341104514 0.0028499999316409235 1.0000000180025095e-35 0.0055499998852610597 0.0036499999696388845 0.0011500000255182388 0.0016499999910593035 0.0013499999768100681 0.016050000675022606 0.0011500000255182388 0.0058500000741332778 0.0061500000301748523
decision_type=2 2 2 2 2 2 2 2 2 2 2 2 2 2 2 2 2 2 2 2 2 2 2 2 2 2 2 2 2 2
left_child=1 2 9 4 5 -4 8 -6 -7 10 11 12 13 19 -11 -14 17 -13 26 20 23 27 -23 24 25 -1 29 28 -22 -18
right_child=-2 -3 3 -5 7 6 -8 -9 -10 14 -12 16 15 -15 -16 -17 18 -19 -20 -21 21 22 -24 -25 -26 -27 -28 -29 -30 -31
leaf_value=0.0018083246921710306 0.052834666068527686 0.054732275581746329 0.031081216207716034 -0.043794472144026236 -0.018029738070993531 -0.081949918372315703 0.043180429612294007 0.02716524242937551 0.022016668579715848 0.074461036925895938 -0.029844986348130677 0.010472734804418512 -0.04206866382442568 -0.031666717029889845 -0.012264239011917227 0.052052839080595006 -0.001635387935809007 0.06988781697503868 0.043877158004215835 0.057480681728073593 -0.023203043081265778 0.0036846008910477578 0.099794584563414543 0.074665106602905235 0.12216233291232735 0.10842710436554062 0.042962333021144411 0.02936419291489107 0.019963084991314089 -0.02907591118656342
leaf_weight=81.529676792211831 6.5785297472029916 3.9647236932069054 39.172401368618011 3.9815096948295823 19.46653477288783 3.3920316845178586 3.1036881282925606 9.3416741453111154 1.7645179927349088 4.5468846354633552 21.001411836594343 81.021942124702036 32.260413092561066 18.55902683082968 3.7254645954817533 1.7400614861398924 241.81203074473888 4.6835794486105433 7.2748544495552769 3.7664332874119273 71.92630338575691 6.2608233783394081 2.9253282472491264 3.472611889243125 1.1701536644250143 1.170377954840659 6.0874839555472127 6.0554552972316733 9.1264968914911133 18.060975946485996
leaf_count=846 286 107 345 29 135 24 28 86 11 44 216 818 651 514 26 17 1884 29 80 30 648 54 14 19 6 6 78 32 75 133
internal_value=-6.62578e-05 -0.000554786 -0.000864213 0.0104814 0.0133158 0.0234526 -0.0127247 -0.0033743 -0.0463736 -0.00231312 -0.00281644 -0.00186864 -0.00814759 -0.00334305 0.0354042 -0.0372518 0.00232903 0.0137196 -0.00124385 -0.000538092 -0.00172807 -0.0103215 0.0342908 0.00774608 0.00497532 0.0033172 -0.00247805 -0.0150262 -0.0183426 -0.00354248
internal_weight=718.943 712.365 708.4 80.2224 76.2408 47.4326 8.26024 28.8082 5.15655 628.178 619.905 598.904 239.963 205.963 8.27235 34.0005 358.941 85.7055 273.235 187.404 183.637 96.2944 9.18615 87.3428 83.8702 82.7001 265.96 87.1083 81.0528 259.873
internal_count=7271 6985 6878 658 629 408 63 221 35 6220 6150 5934 2912 2244 70 668 3022 847 2175 1730 1700 823 68 877 858 852 2095 755 723 2017
is_linear=0
shrinkage=0.05


Tree=85
num_leaves=31
num_cat=0
split_feature=163 185 254 122 310 226 110 232 269 245 176 162 89 212 0 257 101 301 301 180 228 265 301 301 265 302 262 257 100 265
split_gain=7.13028 5.54905 4.55501 6.7697 7.43335 5.21366 6.72686 6.99157 6.92251 7.39273 5.71933 5.18138 5.33552 7.08823 5.28558 5.59801 7.28807 5.26971 5.17893 5.40513 8.60445 7.583 6.10781 6.50241 6.68486 5.55703 6.01663 5.49125 5.19919 5.55952
threshold=0.010850000195205213 1.0000000180025095e-35 1.0000000180025095e-35 0.0058500000741332778 0.0050000001210719356 0.0066499998793005952 0.0063499999232590207 0.024199999868869785 1.0000000180025095e-35 0.059750000014901168 0.0090499999932944792 0.0070000002160668382 0.0010500000207684936 0.0010500000207684936 0.0010500000207684936 0.016849999316036705 0.003249999950639904 0.076049998402595534 0.3583000004291535 1.0000000180025095e-35 0.0020500000100582842 0.0028499999316409235 0.0010500000207684936 0.0057500000111758718 0.0034500000765547161 0.0017499999958090486 1.0000000180025095e-35 0.0013499999768100681 0.0020500000100582842 0.013150000013411047
decision_type=2 2 2 2 2 2 2 2 2 2 2 2 2 2 2 2 2 2 2 2 2 2 2 2 2 2 2 2 2 2
left_child=1 2 3 4 11 -4 7 8 9 10 -7 12 14 17 15 18 -17 -14 19 20 21 -1 -23 24 -24 26 28 -25 29 -21
right_child=-2 -3 5 -5 -6 6 -8 -9 -10 -11 -12 -13 13 -15 -16 16 -18 -19 -20 25 -22 22 23 27 -26 -27 -28 -29 -30 -31
leaf_value=-0.0084509858498894586 0.040287500208065014 0.054037961126839541 0.012452429417303906 -0.060526109256678597 0.062629300392947937 -0.00431845183210841 -0.072188862251589631 0.034368465377407779 0.055449542519639627 -0.050497374488914865 0.029272877709900419 0.081223242056042963 -0.034076427328669869 -0.004480957143168012 0.072297043831260011 0.054881184612099669 -0.053352455379732246 0.086380238574279039 0.055889649461685231 -0.016445165238174807 0.13862446755095986 0.076870546045640226 0.077734726275664801 0.036346591847294128 -0.028354160301559312 -0.060800681392142335 0.014969660286724841 -0.039216225227339356 -0.058563398827291183 0.012862427285636482
leaf_weight=62.05683418083936 10.782845256850122 4.6028574258089057 105.32340779807419 5.3662694394588462 4.1438447181135407 172.91346571221948 3.2780610658228388 13.827059743925927 5.0416073082014909 8.1530688107013685 13.673617068678139 1.7456713765859593 38.893110965378582 65.061630127951503 2.4169269129633895 8.2270121006295067 1.9179457891732443 0.92965897731482883 3.6208108365535727 86.217617996037006 1.1770367845892895 4.1160258501768103 1.6976049281656731 21.936128189787272 11.84997149184346 5.3440162539482108 22.205067578703165 2.7003060989081851 6.0594412023201576 19.920063398778439
leaf_count=827 278 148 812 112 48 1356 22 140 92 84 93 13 837 611 16 76 16 5 20 946 6 27 12 163 84 36 170 20 72 129
internal_value=-6.38283e-05 -0.000681506 -0.00104141 -0.00476769 -0.00396386 0.00332547 -0.00110671 -1.58761e-05 -0.00239564 -0.00389319 -0.00185679 -0.00471354 -0.00512304 -0.0146502 -0.00130129 -0.00198797 0.0344192 -0.0312644 -0.00347188 -0.00434818 0.00419297 0.00267672 0.0190018 0.0127638 -0.0150605 -0.0107983 -0.00881014 0.0280644 -0.0135164 -0.0109447
internal_weight=715.199 704.416 699.813 377.603 372.237 322.21 216.887 213.609 199.782 194.74 186.587 368.093 366.347 104.884 261.463 259.046 10.145 39.8228 248.901 245.28 105.534 104.357 42.3 38.184 13.5476 139.746 134.402 24.6364 112.197 106.138
internal_count=7271 6993 6845 4246 4134 2599 1787 1765 1625 1533 1449 4086 4073 1453 2620 2604 92 842 2512 2492 1139 1133 306 279 96 1353 1317 183 1147 1075
is_linear=0
shrinkage=0.05


Tree=86
num_leaves=31
num_cat=0
split_feature=307 185 228 108 133 255 133 288 61 240 226 50 112 255 226 203 170 230 50 126 54 158 195 89 288 258 167 244 124 110
split_gain=6.86241 4.37537 4.45906 7.73948 6.14471 6.45968 5.55343 6.09657 6.8081 6.13299 7.36064 6.56993 5.86508 6.51278 6.12965 7.1058 8.027 6.2473 5.51565 9.41192 5.22137 5.20193 5.19158 5.16464 8.12751 8.09943 6.4597 6.36267 6.28416 6.43487
threshold=1.0000000180025095e-35 1.0000000180025095e-35 0.0021499999566003685 0.0015499999863095584 0.021650000475347046 0.0068500000052154073 0.0014499999815598132 0.0073500000871717939 0.0014499999815598132 0.0031500000040978198 0.0051500000990927228 0.0011500000255182388 0.0043500000610947618 0.021750000305473808 0.013050000183284284 0.0014499999815598132 0.0011500000255182388 0.0012500000302679839 0.03914999961853028 0.0011500000255182388 1.0000000180025095e-35 1.0000000180025095e-35 0.0030500000575557355 0.0011500000255182388 0.0029499999945983295 0.0030000001424923543 0.016050000675022606 0.015749999321997169 0.0010500000207684936 0.0015499999863095584
decision_type=2 2 2 2 2 2 2 2 2 2 2 2 2 2 2 2 2 2 2 2 2 2 2 2 2 2 2 2 2 2
left_child=1 2 6 -4 5 -5 12 8 -8 -9 11 -11 13 18 15 16 17 -15 23 -20 22 -7 -14 28 25 27 -26 -25 29 -1
right_child=-2 -3 3 4 -6 21 7 9 -10 10 -12 -13 20 14 -16 -17 -18 -19 19 -21 -22 -23 -24 24 26 -27 -28 -29 -30 -31
leaf_value=0.0043071261318463261 0.052735617807256045 0.054315351790081283 0.019329927023507529 -0.024977314034109577 0.052503901987249135 0.044493442190098299 -0.037377158583605734 0.088589364256465145 0.10534480965567881 0.053303318731330401 -0.024862751383154705 -0.043977559175045929 -0.038478826351209687 -0.01958570731852731 0.0031726434882968224 0.084069871558078657 0.14442279310455333 0.073615835523331757 0.27506331759681119 0.016003369568598842 0.052877820951732962 -0.0046582138011037767 0.044266549887781323 -0.032071787582303328 0.00061661348492527031 0.049145836603802291 -0.072902924409402534 0.12831209087270196 0.072603911708636504 -0.019537385792294106
leaf_weight=238.80533912032843 6.1016244078055015 3.619279993698 67.3442546678707 30.970720841549337 4.3223079703748217 7.2912773266434696 28.770550995133821 1.7857404742389942 0.86056636273860831 7.0484577193856257 18.949825305491686 2.3025581240653992 21.28382080979646 7.4257886987179536 25.105432439595461 6.3234135489910832 1.1174863837659348 2.3724098559468985 0.48168244678527017 1.2883973987773059 2.0097220735624424 20.568494699895382 2.0809635780751696 49.338196571916342 111.99518964625895 3.4503472466021767 3.0696566607803097 0.62623223662376304 3.1418658737093201 32.097621265798807
leaf_count=2176 286 107 610 257 36 63 391 12 7 38 132 22 526 86 208 39 11 20 9 22 20 152 16 812 857 23 33 3 28 269
internal_value=-6.22736e-05 -0.000518679 -0.000801294 0.00753836 -0.00503581 -0.00926329 -0.00270481 -0.0171341 -0.0332321 -0.0012797 -0.00695031 0.0293493 -0.00102188 0.000200091 0.0189365 0.0418935 0.0174609 0.00298092 -0.00158563 0.0865 -0.0244572 0.00820544 -0.0311092 -0.00193797 -0.008827 -0.0249452 -0.00134471 -0.0300616 0.00229734 0.00148194
internal_weight=711.949 705.848 702.228 130.497 63.1528 58.8305 571.731 59.7177 29.6311 30.0866 28.3008 9.35102 512.014 486.639 42.3445 17.2391 10.9157 9.7982 444.295 1.77008 25.3745 27.8598 23.3648 442.524 168.48 53.4148 115.065 49.9644 274.045 270.903
internal_count=7271 6985 6878 1118 508 472 5760 602 398 204 192 60 5158 4596 364 156 117 106 4232 31 562 215 542 4201 1728 838 890 815 2473 2445
is_linear=0
shrinkage=0.05


Tree=87
num_leaves=31
num_cat=0
split_feature=307 251 205 126 220 217 206 310 301 223 206 240 279 232 112 89 246 246 43 1 181 42 246 203 180 217 292 288 221 257
split_gain=6.51076 4.32693 4.6072 5.68956 5.99214 5.46244 4.85645 6.5667 4.83846 5.659 5.33281 4.93811 4.74786 4.93224 7.32529 6.25749 8.09994 6.57257 6.36497 6.20931 6.10339 5.77328 5.48549 5.10676 5.06974 7.14408 6.37516 5.43435 6.45388 5.75723
threshold=1.0000000180025095e-35 0.0049499999731779107 0.012999999802559616 0.031399998813867576 0.0012500000302679839 0.014549999963492157 0.0017499999958090486 1.0000000180025095e-35 0.099749997258186354 0.0015499999863095584 0.0019500000635161998 0.0085500003769993799 0.012550000101327898 0.0022500000195577745 0.0011500000255182388 0.0021499999566003685 0.0023500000825151805 0.0031500000040978198 0.03590000048279763 0.0015499999863095584 0.0023500000825151805 0.0010500000207684936 0.017350000329315666 0.24510000646114352 0.00075000003562308859 0.0014499999815598132 0.0020500000100582842 0.029250000603497032 1.0000000180025095e-35 0.0058500000741332778
decision_type=2 2 2 2 2 2 2 2 2 2 2 2 2 2 2 2 2 2 2 2 2 2 2 2 2 2 2 2 2 2
left_child=1 2 3 4 6 -4 12 8 9 10 -8 -12 13 14 15 21 18 -18 20 23 -17 24 -15 -16 25 27 -26 28 29 -1
right_child=-2 -3 5 -5 -6 -7 7 -9 -10 -11 11 -13 -14 22 19 16 17 -19 -20 -21 -22 -23 -24 -25 26 -27 -28 -29 -30 -31
leaf_value=-0.0017012816889269246 0.052618857320045558 0.010466133662823106 0.069529822642350012 -0.028203592863506308 0.017398789449696517 -0.010410579303729304 0.098608391633466519 -0.072936007338155792 0.063974315140105376 0.073885089348489461 -0.019810846051322759 0.037649903396759103 0.047096173216460341 0.017862493962265698 -0.028850619881590274 -0.02683224713166156 0.090540943541387461 0.001914172751160571 0.089871443552883609 0.070850331986054657 0.096450203207490384 -0.074888051017004256 -0.0098074668926263712 0.14394810689302046 -0.013873582373295763 0.055676319847273462 0.073761828926612524 -0.039563319358388305 0.029111072898475362 0.033492385914801741
leaf_weight=182.45162462908775 5.8165994314476839 79.768025583587587 4.848150488920508 20.663639566861093 39.120043572038412 3.8212694134563208 1.3489904869347942 1.9310219660401333 5.6157000213861457 3.221602961421012 13.834337729960682 5.1238588504493228 4.5096347276121369 47.097844672389328 49.37602904252708 67.725007894448936 2.6507254783064118 9.9231408741325122 1.2273312564939249 1.6633598096668709 1.0190488714724768 2.6112725287675849 28.904395271092653 0.43130205571651359 73.995988178998232 6.370510244742035 2.1351385489106169 7.6047802157700053 21.997107757255435 12.410965064540504
leaf_count=1679 286 689 70 217 351 27 10 19 51 30 103 39 51 409 1174 735 20 86 11 9 8 19 209 2 627 48 14 48 149 81
internal_value=-6.32194e-05 -0.00049886 -0.00190138 -0.00241164 -0.00151486 0.034294 -0.00284758 0.0163573 0.0222736 0.0123208 0.002554 -0.00428085 -0.00398629 -0.00442964 -0.00644606 -0.00411819 -0.0163502 0.0205978 -0.0229897 -0.0241806 -0.0250047 -0.000856665 0.00733934 -0.0273543 -0.000226901 0.00346328 -0.0114158 0.00198143 0.00343831 0.000540233
internal_weight=709.218 703.402 623.634 614.964 594.301 8.66942 555.181 31.0755 29.1445 23.5288 20.3072 18.9582 524.105 519.596 443.593 392.123 82.5453 12.5739 69.9714 51.4707 68.7441 309.577 76.0022 49.8073 306.966 230.835 76.1311 224.464 216.86 194.863
internal_count=7271 6985 6296 6199 5982 97 5631 252 233 182 152 142 5379 5328 4710 3525 860 106 754 1185 743 2665 618 1176 2646 2005 641 1957 1909 1760
is_linear=0
shrinkage=0.05


Tree=88
num_leaves=31
num_cat=0
split_feature=259 123 53 220 232 276 112 89 91 279 254 154 6 301 301 180 289 154 226 214 158 124 276 219 282 132 228 167 154 314
split_gain=6.18973 6.99644 6.549 6.34249 6.63391 6.33716 5.75306 5.25966 10.0159 5.23257 6.81328 6.17428 5.98423 5.95568 5.12256 4.94002 7.01319 5.28314 5.11805 7.61795 6.72343 6.89142 5.18245 4.87696 7.68535 5.57594 5.48046 4.83267 4.79389 4.76233
threshold=0.0030000001424923543 0.0079499999992549437 0.0077499998733401307 0.0012500000302679839 0.0022500000195577745 0.0016499999910593035 0.0015499999863095584 0.0021499999566003685 0.0045499999541789302 0.0050500000361353168 0.052249999716877944 0.0039500000420957812 0.0090499999932944792 0.050650000572204597 0.13994999974966052 1.0000000180025095e-35 0.0053499999921768912 0.0011500000255182388 0.0066499998793005952 0.0015499999863095584 0.18760000169277194 0.0011500000255182388 0.0079499999992549437 0.0014499999815598132 0.0012500000302679839 0.0011500000255182388 0.0081500001251697558 0.022750000469386581 0.25039999932050711 0.0053499999921768912
decision_type=2 2 2 2 2 2 2 2 2 2 2 2 2 2 2 2 2 2 2 2 2 2 2 2 2 2 2 2 2 2
left_child=1 2 3 4 6 -3 7 8 23 10 11 12 -9 -11 27 16 18 -17 19 20 21 22 -7 24 -1 29 -26 -8 -13 -25
right_child=-2 5 -4 -5 -6 15 14 9 -10 13 -12 28 -14 -15 -16 17 -18 -19 -20 -21 -22 -23 -24 25 26 -27 -28 -29 -30 -31
leaf_value=0.0028977254798037474 0.018606036234717554 -0.046806659727598197 -0.047889926187282356 0.02134265708072226 0.016028162256067336 -0.0085343369068178812 -0.031102770030904853 -0.011915998740779131 0.12002452376675335 0.045179052167153212 0.10031713670903156 -0.048953343069410182 0.11308732834126203 -0.024548227913017504 0.027963046266652764 -0.041225589826464452 -0.088567335144890375 -0.0067865461647763949 -0.018205319787427312 0.15571783782559057 -0.055462553059669142 0.15532575281135003 0.087039066747425523 0.044825462826324873 -0.026123484499441681 -0.072665541539539774 0.057049118826357048 0.11460782319080827 0.070420729547474234 0.00054968485092012358
leaf_weight=280.61190982162952 41.778437257744372 12.873901434242724 6.8344890316948286 37.078092055395246 57.293935349211097 3.7423031870275754 30.842375740408901 59.654506083577871 1.801292361691593 8.0050007104873639 1.2449927441775788 17.278830856084827 0.9730425737798204 4.9599214363843194 4.6218236200511447 15.047414031811057 1.4865129962563504 42.840983892790973 4.698326038196682 1.3442806601524342 1.9011486563831566 1.2826418317854402 2.2841442786157131 15.642648951150482 34.764736093580723 1.4650269970297802 2.1002514511346808 0.57973931729793449 0.8840530775487413 9.9278862588107568
leaf_count=2385 659 295 239 449 464 44 662 558 22 67 8 213 9 44 33 146 10 367 43 7 30 9 12 125 245 11 11 4 6 94
internal_value=-6.124e-05 -0.00123566 0.000763686 0.00134734 -4.45462e-05 -0.0144097 -0.00198176 -0.000406187 0.00242891 -0.0109635 -0.0157369 -0.0175707 -0.00990976 0.0185039 -0.0211853 -0.00882094 0.0151018 -0.0157386 0.0252052 0.0445293 0.0283007 0.0500882 0.0276899 0.00181406 7.80458e-05 0.0222 -0.021385 -0.0284144 -0.043143 0.0276352
internal_weight=705.845 664.066 576.565 569.73 532.652 87.5017 475.358 439.314 346.314 93.0003 80.0354 78.7904 60.6275 12.9649 36.0439 74.6278 16.7394 57.8884 15.2528 10.5545 9.21024 7.30909 6.02645 344.512 317.477 27.0356 36.865 31.4221 18.1629 25.5705
internal_count=7271 6612 5649 5410 4961 963 4497 3798 2893 905 794 786 567 111 699 668 155 513 145 102 95 65 56 2871 2641 230 256 666 219 219
is_linear=0
shrinkage=0.05


Tree=89
num_leaves=31
num_cat=0
split_feature=163 254 149 279 278 314 112 24 6 278 257 104 217 254 314 126 158 220 301 112 91 226 101 276 245 245 101 212 246 101
split_gain=6.07731 4.66934 4.30265 8.49525 6.60705 6.42431 6.80253 5.44493 5.18885 7.16016 5.83867 6.82532 6.16167 5.94508 5.79516 5.72619 5.62627 5.58667 5.30308 6.63216 8.77726 10.154 5.86555 5.91017 5.6462 5.85302 5.18029 6.08467 5.13486 5.05994
threshold=0.010850000195205213 0.041800001636147506 0.0015499999863095584 0.0027499999850988392 0.0040500001050531873 0.0091500002890825289 0.0012500000302679839 0.0016499999910593035 0.0030500000575557355 0.056500000879168517 0.016849999316036705 0.0014499999815598132 0.0012500000302679839 0.0024500000290572648 0.002549999975599349 0.0012500000302679839 0.0046500000171363362 0.0018500000005587938 0.054850000888109214 0.0023500000825151805 0.0042499999981373557 0.0015499999863095584 0.0012500000302679839 0.0020500000100582842 0.051500000059604652 0.02784999925643206 0.0067499999422580012 0.0089499996975064295 0.0048500001430511483 0.0037500000325962905
decision_type=2 2 2 2 2 2 2 2 2 2 2 2 2 2 2 2 2 2 2 2 2 2 2 2 2 2 2 2 2 2
left_child=1 2 3 7 5 6 -4 8 9 10 11 12 17 15 16 -12 -13 18 19 20 22 -22 24 -24 25 -1 27 29 -15 -18
right_child=-2 -3 4 -5 -6 -7 -8 -9 -10 -11 13 14 -14 28 -16 -17 26 -19 -20 -21 21 -23 23 -25 -26 -27 -28 -29 -30 -31
leaf_value=-6.854071994182548e-05 0.038592236637827071 0.023969760499961662 -0.0039579375445777708 0.025261603518410305 0.005882912004159465 -0.045589746141121983 -0.03109766244304582 0.05243283068527959 -0.029389875061367206 0.066345863109206524 0.037483941844825293 -0.02601750402866225 0.051781904814860814 -0.033139435093214008 -0.050089648854610605 -0.048767447399704955 0.023209594480667717 0.066286861872592848 0.025212754946754568 -0.049491980746395686 -0.053811727803426128 0.17415900804869119 -0.044817701421870283 -0.0038264086644915541 -0.061444754265026762 0.058179255300482235 -0.030321154423882932 -0.04419941348583345 0.036853067553301137 0.10791635671167787
leaf_weight=225.71952105406672 10.023283873684703 18.780177917331457 111.82967578340322 34.734731620177627 69.019191019237041 13.563887562602757 29.095938604325056 4.8062493391335002 15.589619275182484 4.0275611300021401 24.817305792123083 21.378311031498015 5.6465056538581839 8.3910783380269987 12.192045053467153 2.0860547237098208 4.4646461224183422 3.0588988857343784 17.322479028254747 7.5594676425680509 0.73511302750557606 1.4556772615760563 15.577661307528613 20.190962394699454 3.6725098527967921 4.3968290220946065 4.2774001918733111 1.875538323074579 3.8102689161896697 2.9134398102760315
leaf_count=1843 278 233 1289 470 507 93 668 30 245 38 191 319 41 51 76 15 49 23 116 231 25 18 123 130 25 34 42 14 37 17
internal_value=-6.24638e-05 -0.00062156 -0.00130655 0.00150628 -0.00697857 -0.0127245 -0.00956129 -0.000477382 -0.00109588 1.92064e-05 -0.000663057 -0.00269687 3.59951e-05 0.017667 -0.0204127 0.0307961 -0.0100481 -0.000938961 -0.0016322 -0.00329711 -0.00201207 0.0976641 -0.00282217 -0.0216786 6.2778e-05 0.0010444 0.0151827 0.0362164 -0.011282 0.0566584
internal_weight=703.012 692.989 674.209 450.7 223.509 154.49 140.926 415.965 411.159 395.569 391.542 352.437 305.336 39.1047 47.1014 26.9034 34.9093 299.689 296.63 279.308 271.748 2.19079 269.557 35.7686 233.789 230.116 13.531 9.25362 12.2013 7.37809
internal_count=7271 6993 6760 4203 2557 2050 1957 3733 3703 3458 3420 3126 2609 294 517 206 441 2568 2545 2429 2198 43 2155 253 1902 1877 122 80 88 66
is_linear=0
shrinkage=0.05


Tree=90
num_leaves=31
num_cat=0
split_feature=304 173 302 309 217 203 149 211 257 254 245 230 163 25 219 151 314 89 225 314 210 2 104 158 254 43 314 180 240 43
split_gain=5.91692 4.47811 3.97006 4.59694 9.04392 5.234 6.36776 6.32979 6.16709 6.47535 5.78154 5.73119 5.72738 5.58123 5.56168 7.28142 5.73707 6.54426 6.08987 5.2456 5.91093 5.69961 5.11676 8.32822 6.9344 6.3302 5.34554 5.07674 5.62206 5.90318
threshold=0.0069500000681728133 0.0035500000230968003 0.0076500000432133683 0.0022500000195577745 0.0014499999815598132 0.0028499999316409235 1.0000000180025095e-35 0.0010500000207684936 0.014449999667704107 0.017450000159442428 0.051500000059604652 0.0029499999945983295 0.0029499999945983295 0.0057500000111758718 0.0014499999815598132 0.0012500000302679839 0.0028499999316409235 0.0031500000040978198 0.0010500000207684936 0.0016499999910593035 0.0056499999482184657 0.0015499999863095584 0.0012500000302679839 0.025950000621378425 0.0012500000302679839 0.0017499999958090486 0.0070500001311302194 0.0012500000302679839 0.0015499999863095584 0.0015499999863095584
decision_type=2 2 2 2 2 2 2 2 2 2 2 2 2 2 2 2 2 2 2 2 2 2 2 2 2 2 2 2 2 2
left_child=1 2 3 5 -5 6 8 14 9 10 11 12 13 22 15 19 17 -16 -19 20 -8 -22 23 25 -24 -1 -26 28 -10 -30
right_child=-2 -3 -4 4 -6 -7 7 -9 27 -11 -12 -13 -14 -15 16 -17 -18 18 -20 -21 21 -23 24 -25 26 -27 -28 -29 29 -31
leaf_value=0.0014291079374603372 0.039456862579717887 0.032944986403970943 0.051574474918301916 -0.070830929179079224 0.032734334485342624 0.010413900106937279 -0.029460840609905076 0.070687009646290391 0.12766882555472925 0.033797673682629002 -0.047378199890205731 0.034081726057437804 0.063446888942519222 -0.037044211201976061 0.041426900395997078 0.079310043356140447 -0.014023802067687033 -0.029083584871295112 0.024227962476796681 -0.0044455914996580619 0.084156213887562281 -0.039729377815622108 -0.036985595272479993 0.10903614573562118 0.016569547657157065 -0.040861821037301349 -0.056826768949343312 0.0040459982827949414 0.044061667527499425 -0.047762207176540686
leaf_weight=248.26649960037321 9.3453489951789361 9.8096731416881067 3.5611322913318864 6.2673587463796121 3.1763276159763336 89.100510686635971 75.818591768853366 2.4042997248470774 1.6902130749076629 12.92051539942622 6.9579194020479909 11.046983521431683 3.2525602858513585 11.755010180175303 13.77288327552378 1.9176079351454962 35.134943293407559 10.843403895385565 10.586864622309802 41.371961962431669 2.294008774682879 1.5596164949238298 22.474077965132892 1.7607145607471455 15.175656725652518 9.1753751467913371 2.9655210543423882 20.661664533428848 12.674008671194313 2.0307633355259886
leaf_count=2137 378 89 157 46 29 719 1439 20 13 116 49 93 25 181 109 17 257 120 86 307 20 14 315 11 107 94 24 183 105 11
internal_value=-6.16431e-05 -0.00059655 -0.00107998 -0.00135693 -0.0359974 -0.000866925 -0.00260436 -0.009941 0.00114638 -0.000931266 -0.00227945 -0.00131651 -0.00255861 -0.00324765 -0.0109439 -0.0173584 0.000269775 0.0145357 -0.0027469 -0.0188899 -0.0263905 0.034018 -0.00192259 0.000663028 -0.0184237 -7.81649e-05 0.00457152 0.0205315 0.0413072 0.0313806
internal_weight=699.772 690.427 680.617 677.056 9.44369 667.612 578.512 195.704 382.807 345.751 332.83 325.872 314.825 311.573 193.3 122.962 70.3381 35.2032 21.4303 121.044 79.6722 3.85363 299.818 259.203 40.6153 257.442 18.1412 37.0566 16.395 14.7048
internal_count=7271 6893 6804 6647 75 6572 5853 2389 3464 3152 3036 2987 2894 2869 2369 1797 572 315 206 1780 1473 34 2688 2242 446 2231 131 312 129 116
is_linear=0
shrinkage=0.05


Tree=91
num_leaves=31
num_cat=0
split_feature=240 206 245 53 162 156 132 265 265 276 89 181 209 104 288 251 149 43 301 276 167 177 180 108 228 180 133 255 180 89
split_gain=5.77494 4.22579 5.08617 4.84946 5.59321 5.31223 5.49525 5.29158 9.03264 13.5333 5.16087 5.26114 4.90822 4.66038 4.57884 4.45457 5.07146 4.7601 4.80396 4.701 4.86407 5.1614 4.35567 4.97626 6.11941 7.55396 5.80528 7.82353 5.61423 8.25603
threshold=0.13645000010728839 0.0010500000207684936 0.0045499999541789302 0.0015499999863095584 0.0030000001424923543 1.0000000180025095e-35 0.0019500000635161998 0.0029499999945983295 0.0034500000765547161 0.0093499999493360537 0.0082499999552965182 0.0012500000302679839 0.012800000142306091 0.026649999432265762 0.0011500000255182388 0.0049499999731779107 0.0089499996975064295 0.0029499999945983295 0.0023500000825151805 0.0017499999958090486 0.00335000001359731 0.0010500000207684936 0.037250000983476646 0.0010500000207684936 0.0011500000255182388 0.00075000003562308859 1.0000000180025095e-35 0.01544999983161688 1.0000000180025095e-35 1.0000000180025095e-35
decision_type=2 2 2 2 2 2 2 2 2 2 2 2 2 2 2 2 2 2 2 2 2 2 2 2 2 2 2 2 2 2
left_child=1 3 -3 4 5 10 -7 -5 9 -9 15 -12 -10 14 -4 22 17 18 -17 20 21 -20 23 24 26 -26 27 28 29 -1
right_child=-2 2 13 7 -6 6 -8 8 12 -11 11 -13 -14 -15 -16 16 -18 -19 19 -21 -22 -23 -24 -25 25 -27 -28 -29 -30 -31
leaf_value=0.010386524977927594 0.022885858289166519 0.058176947242592036 -0.041820220557635866 -0.036378222235086813 0.053899098836980443 0.058684754673967943 -0.040614324920023301 0.023801296994598584 -0.012858916771343883 0.3086509911574028 -0.038238807520853679 0.040000471010927963 0.078799788707106383 -0.066980485810965232 0.015225098658062115 0.042884372936367904 -0.027667056157283945 0.071713411369041621 0.025755955923132956 0.016126351516377188 -0.081065770536818113 -0.067593968163945847 0.07115920410440861 -0.012727523941481349 0.035297071446249578 -0.00027041372164798584 -0.026217047467104338 0.02851943357676906 -0.012868967019150379 -0.01480575870735408
leaf_weight=105.93246795702726 26.38089204300195 5.4645535442978135 3.8333624415099612 19.534097503870726 4.68933131545782 6.7623551990836841 1.7548286877572534 1.7924464019015425 53.108723728917539 0.54338467866182316 15.855894333682956 2.485486075282096 1.5018520168960083 2.02373575977981 42.714703790843487 10.777721490710972 6.8621022105216971 3.8337097372859708 4.8708897791802865 25.132182375527918 2.7537812143564224 2.127498485147953 2.0093442536890498 95.843533067032695 25.464467264711857 36.079207418486476 24.461566557176411 21.009350305423141 94.14008105546236 46.929602457210422
leaf_count=996 480 49 42 772 63 53 19 41 653 5 157 21 8 19 417 56 46 36 26 244 14 10 18 856 158 260 261 173 885 433
internal_value=-6.06488e-05 -0.000963761 0.0124432 -0.00213935 -0.000469776 -0.000946248 0.0382258 -0.0139227 -0.00621982 0.0900659 -0.00157985 -0.0276364 -0.0103382 0.00729791 0.0105273 -0.000639498 0.0126153 0.0182 0.0137072 0.00469269 -0.0247729 -0.00262227 -0.00229266 -0.00262074 0.000115491 0.0144461 -0.00290002 -0.000771866 -0.00326331 0.00265234
internal_weight=696.673 670.292 54.0364 616.256 539.775 535.086 8.51718 76.4805 56.9464 2.33583 526.569 18.3414 54.6106 48.5718 46.5481 508.228 56.3579 49.4958 45.6621 34.8844 9.75217 6.99839 451.87 449.86 354.017 61.5437 292.473 268.012 247.002 152.862
internal_count=7271 6791 527 6264 4785 4722 72 1479 707 46 4650 178 661 478 459 4472 432 386 350 294 50 36 4040 4022 3166 418 2748 2487 2314 1429
is_linear=0
shrinkage=0.05


Tree=92
num_leaves=31
num_cat=0
split_feature=213 195 126 186 253 247 259 112 179 89 254 287 98 314 220 228 104 25 158 218 246 226 189 177 53 279 276 107 298 224
split_gain=5.55781 4.19674 5.44724 6.1287 5.91774 5.20205 4.69573 6.66905 5.21866 4.90994 5.82925 6.40476 7.65077 5.95448 9.55613 5.65575 5.40374 5.09751 5.90742 5.7335 6.24859 7.31748 8.03365 5.18488 4.88205 4.82864 4.82194 4.73082 4.56854 4.48966
threshold=0.0020500000100582842 0.081050001084804549 0.03354999981820584 0.0010500000207684936 0.0016499999910593035 0.086399998515844359 0.009000000078231098 0.0015499999863095584 0.0099999997764825838 0.0075499999802559623 1.0000000180025095e-35 0.0014499999815598132 0.0019500000635161998 0.0082499999552965182 0.0014499999815598132 0.02485000062733889 0.0010500000207684936 0.0011500000255182388 0.0019500000635161998 0.0017499999958090486 0.0012500000302679839 0.0094499997794628161 0.0039500000420957812 0.0064499999862164268 0.0077499998733401307 0.0087500000372529047 0.012349999975413086 0.0060499999672174462 0.0012500000302679839 0.0013499999768100681
decision_type=2 2 2 2 2 2 2 2 2 2 2 2 2 2 2 2 2 2 2 2 2 2 2 2 2 2 2 2 2 2
left_child=1 2 3 4 6 -6 7 9 -9 10 16 12 13 14 17 25 27 18 -12 20 21 22 -20 -19 -8 -11 -22 28 -1 -5
right_child=-2 -3 -4 29 5 -7 24 8 -10 15 11 -13 -14 -15 -16 -17 -18 23 19 -21 26 -23 -24 -25 -26 -27 -28 -29 -30 -31
leaf_value=-0.0025857726546950469 0.029925294155493429 0.066747197705040728 -0.024586232160961674 0.010441561216515953 0.042100799486702277 -0.12006500517002053 0.044213430283540217 -0.022926281111797179 0.065016976544485516 -0.034483150862694253 0.012376693253032093 -0.039859155960583585 0.04065933192523935 -0.022164322349846027 0.058479230411167149 0.061079169819574855 -0.01800129669708948 0.021140895898674666 -0.029361158726488937 0.054748051045311746 0.022022286010020257 -0.055213154184076664 0.039368748395225417 -0.026256554287517182 -0.0097690650050957454 0.029766044695927543 -0.043350934559185539 0.10661976768257937 0.05156465210048649 0.052282353950221329
leaf_weight=219.67520270682871 15.116175008006392 2.2966194115579119 23.542439966462553 40.667891324497759 10.655831724405285 0.51860226318240243 10.791291855275633 50.39990689791739 1.7453344725072373 24.40697010233999 40.810420950874686 7.2594663379713884 16.416778828948736 18.137596625834703 8.8770283795893175 1.9610208328813303 60.237438675947487 56.189728917554021 14.444898776710035 2.9815186299383631 13.473081164062025 14.874696793034671 6.0251106396317473 6.4302025921642771 6.8449192168191066 3.3224310763180247 3.5676627568900576 1.0139633752405632 3.9653665898367754 7.611368170939385
leaf_count=2068 401 22 240 276 224 5 154 1136 11 256 253 51 117 140 69 16 737 442 115 26 91 96 39 36 84 22 24 6 30 84
internal_value=-6.08607e-05 -0.000728282 -0.000957234 -0.000105743 -0.00147375 0.0345747 -0.00215207 -0.00292991 -0.0199828 -0.00123315 -4.71321e-05 0.00628436 0.00794079 0.00505006 0.00799388 -0.0209817 -0.00470284 0.00517166 -0.00205682 -0.0126956 -0.0165342 -0.0285247 -0.00913131 0.0162738 0.0232619 -0.0267851 0.0083357 -0.00113707 -0.00162563 0.0170379
internal_weight=694.261 679.145 676.848 653.306 605.026 11.1744 593.852 576.216 52.1452 524.071 494.38 209.488 202.229 185.812 167.674 29.6904 284.892 158.797 96.1774 55.367 52.3855 35.3447 20.47 62.6199 17.6362 27.7294 17.0407 224.655 223.641 48.2793
internal_count=7271 6870 6848 6608 6248 229 6019 5781 1147 4634 4340 1499 1448 1331 1191 294 2841 1122 644 391 365 250 154 478 238 278 115 2104 2098 360
is_linear=0
shrinkage=0.05


Tree=93
num_leaves=31
num_cat=0
split_feature=307 259 123 162 195 254 206 166 149 292 212 6 225 108 246 226 228 254 225 167 288 183 25 167 276 215 254 101 245 226
split_gain=5.5258 4.032 4.45803 4.08532 3.90001 3.80071 3.64371 7.31225 4.59901 5.74533 4.92422 7.17669 6.28453 5.97943 6.12555 6.46257 8.29985 6.65207 10.7754 8.48394 7.98352 7.04057 6.06605 5.96982 5.82948 5.66919 5.60628 5.64045 5.46626 5.43184
threshold=1.0000000180025095e-35 0.12700000405311587 0.28125000000000006 0.0050000001210719356 0.081050001084804549 0.28225000202655798 0.0010500000207684936 0.016999999992549423 1.0000000180025095e-35 0.0013499999768100681 0.0096500003710389155 1.0000000180025095e-35 0.019350000657141212 0.0014499999815598132 0.0020500000100582842 0.0046500000171363362 0.0016499999910593035 1.0000000180025095e-35 0.0021499999566003685 0.0011500000255182388 0.007849999703466894 0.0014499999815598132 0.0020500000100582842 0.0016499999910593035 0.00335000001359731 0.0018500000005587938 0.011549999937415125 0.0013499999768100681 0.0054500000551342973 0.026749999262392524
decision_type=2 2 2 2 2 2 2 2 2 2 2 2 2 2 2 2 2 2 2 2 2 2 2 2 2 2 2 2 2 2
left_child=1 2 3 4 5 6 8 -8 10 -10 11 12 13 14 15 16 17 18 21 -19 -21 -1 23 -18 -12 -25 27 -15 -17 -30
right_child=-2 -3 -4 -5 -6 -7 7 -9 9 -11 24 -13 -14 26 -16 28 22 19 -20 20 -22 -23 -24 25 -26 -27 -28 -29 29 -31
leaf_value=-0.0095090888430408235 0.052494469607210804 0.037104850199139998 -0.040874235067235969 0.049415297145917012 0.064553002388090572 0.075958122147445059 0.014807190112462577 -0.094740609582879706 -0.010826892941555012 0.012187484732435014 -0.0078526810722764715 -0.027629928139163581 0.10897015607603477 -0.0072136792544425961 0.020035781632669725 -0.018337427371186221 0.097418543948861569 0.035056295759090216 0.17264751434396478 -0.048754152329623469 0.062033760010033703 0.065094140651424021 -0.0098356023472303579 0.072550299263516499 0.03350343172913408 -0.044055198780351683 0.036728053875121867 -0.042350979445709216 0.0014682916881749192 0.078277359994004703
leaf_weight=80.886605262756348 4.9661476155742994 7.0777596691623321 6.8797386614605776 4.0874006431549779 2.2802911680191746 1.6026277439668764 50.808110139332712 1.5703760320320714 202.0392027143389 31.321993284858763 13.352589508518575 23.048658275976777 1.3485864847898472 34.642855651676655 48.508890545926988 59.986230785958469 5.7496072463691217 26.609442156739533 0.84693815559148689 6.6351645290851575 2.1539995074272156 3.2911962158977977 3.8152483301237217 2.2691912353038788 23.548630070872605 1.9280271138995884 4.9843343496322623 17.038819544017315 14.872671009972693 2.7232328392565242
leaf_count=985 286 106 69 65 24 14 471 16 2466 259 96 317 7 407 345 421 30 161 5 40 14 25 44 11 259 12 30 139 120 27
internal_value=-5.77554e-05 -0.000438247 -0.000829686 -0.000419692 -0.000724687 -0.000948329 -0.00113396 0.0115228 -0.0022179 -0.00773788 0.00118773 -0.000688046 0.00126292 0.000804625 0.00400908 0.000337892 0.00697947 0.0027757 -0.00480682 0.0209883 -0.0216029 -0.00659224 0.043764 0.064323 0.0185389 0.0189866 -0.013914 -0.018798 -0.0111493 0.0133557
internal_weight=690.875 685.908 678.831 671.951 667.864 665.583 663.981 52.3785 611.602 233.361 378.241 341.34 318.291 316.942 260.276 211.768 134.185 120.423 85.0247 35.3986 8.78916 84.1778 13.7621 9.94683 36.9012 4.19722 56.666 51.6817 77.5821 17.5959
internal_count=7271 6985 6879 6810 6745 6721 6707 487 6220 2725 3495 3140 2823 2816 2240 1895 1327 1230 1015 215 54 1010 97 53 355 23 576 546 568 147
is_linear=0
shrinkage=0.05


Tree=94
num_leaves=31
num_cat=0
split_feature=163 185 231 149 253 111 186 214 136 156 219 149 232 6 124 26 297 123 119 240 255 149 180 180 255 251 158 25 206 298
split_gain=5.32744 4.33304 3.8767 3.81495 4.49724 5.88653 6.10972 5.34194 4.99691 6.31724 5.11697 7.02249 7.39958 6.26072 6.13783 4.75579 4.48567 4.3271 5.3561 6.55979 4.19934 5.57561 5.40846 6.41947 5.52997 5.39644 5.07949 4.58364 7.51379 7.14207
threshold=0.010850000195205213 1.0000000180025095e-35 0.063550002872943892 0.53134998679161083 0.0015499999863095584 0.0010500000207684936 0.0010500000207684936 0.031250000000000007 0.0010500000207684936 1.0000000180025095e-35 0.0093499999493360537 0.0027499999850988392 0.025449999608099464 0.013499999884516002 0.0050000001210719356 0.0015499999863095584 0.0010500000207684936 0.0084500000812113302 0.0010500000207684936 0.11305000260472299 0.033449999988079078 0.0018500000005587938 0.0032500000670552258 0.019749999977648262 0.011950000189244749 0.018450000323355201 0.048450000584125526 0.0011500000255182388 0.0018500000005587938 1.0000000180025095e-35
decision_type=2 2 2 2 2 2 2 2 2 2 2 2 2 2 2 2 2 2 2 2 2 2 2 2 2 2 2 2 2 2
left_child=1 2 3 4 5 6 7 8 9 10 11 13 14 16 15 -13 17 20 19 -19 22 26 25 24 -24 27 -22 -1 29 -29
right_child=-2 -3 -4 -5 -6 -7 -8 -9 -10 -11 -12 12 -14 -15 -16 -17 -18 18 -20 -21 21 -23 23 -25 -26 -27 -28 28 -30 -31
leaf_value=-0.0031246089892200454 0.037585499826242187 0.053644136659972752 -0.10154888273251783 -0.060385850175630411 0.019604505999169745 -0.037858195812882869 0.017899685271218189 -0.10511062580497432 -0.041320667757231554 0.041962920127897832 0.020943717839406382 -0.021129447951360958 0.049359818107574394 -0.059900388125372822 0.083924032076543836 0.10005299678915724 0.079178722606880969 -0.019634528703997317 -0.04764864844754866 0.056381154191532494 0.0026090645730140567 0.071583560963106682 -0.015015244156058592 0.034092533028097172 -0.06390273314032717 0.056325469689142094 0.08439363340208654 0.0081628207920578025 0.079349754261809707 -0.087952986538076192
leaf_weight=226.84478794503957 9.2735107494518143 3.6657141894102088 0.95468627102672954 2.6685666097328058 26.749261022545397 10.836715838871894 41.303828983567655 1.2532154954969872 7.8800533916801205 8.3416144670918566 23.58382111415267 87.465341430157423 4.2269145492464295 4.3614977849647394 1.4437868259847153 0.81718841940164466 1.7949021868407715 11.722338877618315 10.388777498155831 3.7446970585733643 20.44080333318562 4.426879044622182 27.014463995583355 5.2065195245668283 7.3606278318911782 4.4857755526900283 2.0929177626967421 121.85292269662023 3.6579530611634246 1.9638935588300217
leaf_count=1798 278 148 8 41 384 134 283 8 59 76 236 1346 28 123 8 6 16 166 112 33 181 30 288 63 55 36 14 1278 24 11
internal_value=-5.53594e-05 -0.000569784 -0.000864253 -0.000721624 -0.000484431 -0.00131818 -0.000693301 -0.00198972 -0.00177109 -0.00123675 -0.00186356 -0.0028392 -0.0152898 -0.00028154 -0.0183354 -0.0200077 0.000292474 -2.13382e-05 -0.0198812 -0.0012305 0.00118589 0.0202834 -0.000106521 -0.0176468 -0.0254834 0.00182844 0.0102052 0.00113849 0.00872479 0.0066383
internal_weight=687.824 678.55 674.885 673.93 671.261 644.512 633.676 592.372 591.118 583.238 574.897 551.313 93.9532 457.36 89.7263 88.2825 452.998 451.203 25.8558 15.467 425.348 26.9606 398.387 39.5816 34.3751 358.805 22.5337 354.32 127.475 123.817
internal_count=7271 6993 6845 6837 6796 6412 6278 5995 5987 5928 5852 5616 1388 4228 1360 1352 4105 4089 311 199 3778 225 3553 406 343 3147 195 3111 1313 1289
is_linear=0
shrinkage=0.05


Tree=95
num_leaves=31
num_cat=0
split_feature=307 215 149 203 6 291 149 25 53 257 245 313 108 108 238 177 259 232 221 163 254 240 212 276 126 104 122 43 265 265
split_gain=5.09874 3.6515 3.6103 3.81829 6.53254 5.32453 5.88041 5.98421 9.22906 5.39016 6.34391 5.85768 5.28819 7.23387 5.25553 5.36401 5.2456 5.06609 4.95381 4.88503 4.87929 5.2271 6.04723 8.82527 5.52395 4.95497 4.57674 4.82938 4.93442 7.94024
threshold=1.0000000180025095e-35 0.36499999463558203 0.53134998679161083 0.0028499999316409235 1.0000000180025095e-35 0.0024500000290572648 1.0000000180025095e-35 0.0062500000931322583 0.0014499999815598132 0.014449999667704107 0.051500000059604652 1.0000000180025095e-35 0.0021499999566003685 0.0030500000575557355 0.0018500000005587938 0.026000000536441806 0.12700000405311587 0.0017499999958090486 0.40385000407695776 0.0029499999945983295 0.0053499999921768912 0.0065500000491738328 0.0072500000242143878 0.002549999975599349 0.0024500000290572648 0.0012500000302679839 0.0011500000255182388 1.0000000180025095e-35 0.0037500000325962905 0.0034500000765547161
decision_type=2 2 2 2 2 2 2 2 2 2 2 2 2 2 2 2 2 2 2 2 2 2 2 2 2 2 2 2 2 2
left_child=1 2 3 4 5 6 9 -8 12 10 11 19 -9 -14 15 -6 -10 -11 -5 20 25 -22 -23 -24 -25 26 27 28 29 -1
right_child=-2 -3 -4 18 14 -7 7 8 16 17 -12 -13 13 -15 -16 -17 -18 -19 -20 -21 21 22 23 24 -26 -27 -28 -29 -30 -31
leaf_value=-0.00074256831500808449 0.052390546597900003 0.067895322580898462 -0.059877812709789896 0.01001564059790596 -0.025855695076949993 0.051770166348460378 -0.012840616046691098 0.08640800403601781 -0.030248747748974465 0.010080173610929916 -0.047956710000028456 0.04646847761675129 -0.064387923344742887 0.059108562412728043 0.06618375693675814 0.02075932209858955 0.062036914733896366 0.053670804428735279 -0.09493378401722484 0.06044474821936846 -0.014604890226565052 0.052226764901565352 -0.082919691410339669 0.045617398342821643 -0.042021997014565271 -0.018996790390519533 0.094083688833011853 -0.026819885360606473 0.012921833872954411 -0.059010072955271081
leaf_weight=144.47834446327761 4.6032898845151058 1.9510343763977278 2.5594112249091259 96.080908479169011 50.90320376586169 4.8972335718572131 131.33545636571944 5.0594387352466601 9.5493795024231058 24.584203342907131 6.5105088436976066 7.2060817750170818 1.8592272270470855 3.2736008251085877 1.8157399017363776 7.0227223020046941 1.8358324579894532 9.1447826102375966 1.137709219008683 3.4040398336946955 9.1844775937497598 13.617849798873069 2.3667414970695964 7.4958544559776765 2.3653833381831646 37.164982046931982 1.3030295250937332 15.543974122963844 70.576690809801221 6.0934248194098464
leaf_count=1393 286 23 41 869 849 85 1547 35 147 208 55 121 12 24 14 48 20 111 8 28 55 100 16 81 18 441 15 164 422 35
internal_value=-5.43106e-05 -0.000409171 -0.000605619 -0.000381145 -0.00192171 -0.000118933 -0.000613361 -0.00883139 0.0155715 0.00286725 0.000906091 0.00189774 0.0501323 0.0143753 -0.0175787 -0.0202043 -0.015368 0.0218987 0.00878746 0.00087355 0.000219814 0.0177952 0.0293088 0.00378589 0.0245956 -0.00201769 0.000633743 0.000119286 0.00201277 -0.00310057
internal_weight=684.925 680.321 678.37 675.811 578.592 518.851 513.953 152.913 21.5775 361.04 327.311 320.801 10.1923 5.13283 59.7417 57.9259 11.3852 33.729 97.2186 313.595 310.191 35.0303 25.8458 12.228 9.86124 275.16 237.995 236.692 221.148 150.572
internal_count=7271 6985 6962 6921 6044 5133 5048 1785 238 3263 2944 2889 71 36 911 897 167 319 877 2768 2740 270 215 115 99 2470 2029 2014 1850 1428
is_linear=0
shrinkage=0.05


Tree=96
num_leaves=31
num_cat=0
split_feature=307 254 195 111 272 234 212 89 164 226 6 215 314 265 254 224 215 177 123 254 124 230 230 221 32 272 258 195 308 164
split_gain=4.83844 3.54303 3.52588 3.68817 3.82922 5.03597 3.75549 8.04455 7.07314 5.77405 7.17552 5.73131 6.9549 8.88334 6.64603 6.3073 5.4666 6.03443 5.35873 7.08926 6.53666 5.7645 6.02905 5.68648 5.10908 4.95804 4.93029 4.80164 4.76957 4.65378
threshold=1.0000000180025095e-35 0.28225000202655798 0.081050001084804549 0.0010500000207684936 0.0010500000207684936 0.015250000171363355 1.0000000180025095e-35 0.0016499999910593035 0.013000000268220903 0.0046500000171363362 0.0017499999958090486 0.0019500000635161998 0.0070500001311302194 0.048499999567866332 0.048250000923872001 0.0010500000207684936 0.002549999975599349 0.0027499999850988392 0.0012500000302679839 0.075799997895956053 0.0020500000100582842 0.0040500001050531873 1.0000000180025095e-35 0.0087500000372529047 0.0012500000302679839 0.0042499999981373557 0.0070000002160668382 0.024550000205636028 0.0022500000195577745 1.0000000180025095e-35
decision_type=2 2 2 2 2 2 2 2 2 2 2 2 2 2 2 2 2 2 2 2 2 2 2 2 2 2 2 2 2 2
left_child=1 2 3 6 -5 -6 7 27 -9 10 28 12 13 18 -14 16 17 -13 19 21 -20 22 25 24 -24 -11 -17 -1 29 -8
right_child=-2 -3 -4 4 5 -7 9 8 -10 11 -12 15 14 -15 -16 26 -18 -19 20 -21 -22 -23 23 -25 -26 -27 -28 -29 -30 -31
leaf_value=-0.0014941163843413534 0.052288562833186072 0.075313812074397274 0.062563833820191303 -0.038617157330782581 -0.04067380145647484 0.062312215504601559 0.025260251393821889 -0.029967956763694542 0.053335296982383186 0.0025936333510787218 -0.031668497007728107 0.050634594555994727 -0.045025765213778692 0.033872253115635492 0.052903953662526586 0.041694862756521262 -0.0023359756374649629 -0.028928123466100592 -0.030287577348324608 -0.095732190819743726 0.086862615390948764 0.045181839172975857 -0.034104387358586737 0.052052569910663704 0.055364799566379588 0.075558954249036026 -0.0042894320252550447 0.09919918551740653 0.071280211927372814 -0.00064645406119769467
leaf_weight=216.98720074212179 4.3871101634576908 1.5420100726187218 2.2047527208924285 12.209961071610453 2.2271438743919125 2.5417906418442726 47.979762755334377 40.026808281429112 2.7214182224124661 67.355373687110841 7.7414263589307657 10.138500550761817 16.957687803544108 14.859637119807301 1.9296433562412847 20.079295256175104 95.436314058490098 3.1155246067792168 28.885593653656546 1.963868387043475 1.2419151812791813 6.6574093950912347 25.249180921353407 2.387971404939889 1.7032847590744484 2.4115382954478255 8.2132917335256916 1.1904315501451481 4.1000962238758794 27.14071880094707
leaf_count=2351 286 14 24 142 24 19 492 764 24 486 161 82 144 130 29 213 814 21 303 11 9 57 189 25 10 17 163 7 33 227
internal_value=-5.11458e-05 -0.000390219 -0.000562993 -0.000769658 -0.0237775 0.0142166 -0.000174588 -0.00483083 -0.0246647 0.00289693 0.0142767 -0.000309983 -0.00639805 -0.00285811 -0.0350207 0.00731674 0.00184281 0.0319324 -0.00681731 -0.00160411 -0.0254584 0.000143684 -0.0028817 -0.0218983 -0.0284503 0.00511573 0.0283457 -0.000944709 0.0187665 0.0159003
internal_weight=681.587 677.2 675.658 673.453 16.9789 4.76893 656.474 260.926 42.7482 395.548 86.962 308.586 171.603 152.716 18.8873 136.983 108.69 13.254 137.856 107.729 30.1275 105.765 99.1073 29.3404 26.9525 69.7669 28.2926 218.178 79.2206 75.1205
internal_count=7271 6985 6971 6947 185 43 6762 3146 788 3616 913 2703 1410 1237 173 1293 917 103 1107 795 312 784 727 224 199 503 376 2358 752 719
is_linear=0
shrinkage=0.05


Tree=97
num_leaves=31
num_cat=0
split_feature=310 98 162 254 89 232 225 67 223 257 230 278 314 288 108 179 240 101 225 212 279 232 112 195 276 225 225 183 226 225
split_gain=4.75222 4.64548 3.96068 3.87639 4.77834 5.93683 5.67874 4.92155 4.91262 5.09967 10.3813 4.35903 4.53885 9.82511 4.15125 5.14369 4.72786 4.30176 3.82766 4.79598 5.27677 5.22568 4.27849 3.70453 3.67724 7.16917 6.4398 6.44082 6.07276 7.72478
threshold=0.0070000002160668382 0.054800000041723258 0.0050000001210719356 0.041800001636147506 0.0046500000171363362 0.044399999082088477 1.0000000180025095e-35 1.0000000180025095e-35 0.0012500000302679839 0.0012500000302679839 1.0000000180025095e-35 0.0052499999292194852 0.0074499999172985562 0.036450000479817397 0.0017499999958090486 0.0011500000255182388 0.0030500000575557355 0.0044499998912215242 0.047499999403953559 0.028250000439584259 0.0056499999482184657 0.0035500000230968003 1.0000000180025095e-35 0.0010500000207684936 1.0000000180025095e-35 1.0000000180025095e-35 0.0031500000040978198 0.0013499999768100681 0.0030500000575557355 0.0012500000302679839
decision_type=2 2 2 2 2 2 2 2 2 2 2 2 2 2 2 2 2 2 2 2 2 2 2 2 2 2 2 2 2 2
left_child=2 -2 3 4 7 6 -6 8 24 14 23 12 13 18 16 17 -10 -16 19 20 21 22 -8 -11 26 -26 27 28 29 -1
right_child=1 -3 -4 -5 5 -7 11 -9 9 10 -12 -13 -14 -15 15 -17 -18 -19 -20 -21 -22 -23 -24 -25 25 -27 -28 -29 -30 -31
leaf_value=-0.0056108159926489829 0.047894301721263383 -0.063854608566560986 0.054288705592449665 0.022369041716046825 -0.03158483456558886 0.040096118562349403 -0.042076606650103592 -0.033864479376502568 0.10639194828345136 -0.039226235094314145 0.056201518728196176 0.050206700610258198 -0.057727986847167061 0.054543705021678157 -0.059698736285806978 0.054032303854640487 0.035299095567415471 0.043606576839038874 0.050784823049757691 -0.065509731502763277 0.083566909128661257 0.054668904205840134 0.061064728130859003 0.043202735482842987 0.0062913945084773319 -0.010583128882856818 0.082769582536191877 0.029161103142373836 -0.0253299969431958 0.09363075830777734
leaf_weight=110.0748435575515 8.2949054185301048 1.0474384808912862 3.2772810496389857 17.558386004529893 34.259121300652623 4.8600897286087266 10.3293450633064 10.467130887322126 3.1069657653570202 10.185156322084369 5.2797015598043791 3.4662583954632273 4.1320482958108178 6.0966113526374093 3.1946862777695042 3.3584017949178815 9.4560715751722437 1.4720650315284727 1.8895543366670597 5.100200228393077 1.3863567011430848 2.0488932169973841 1.1138873454183329 1.5736547466367472 272.81442992109805 81.820047165267169 1.9960988555103529 11.153711616992949 46.538037990219891 1.9963881168514479
leaf_count=1736 239 12 68 249 533 49 103 79 17 75 104 31 41 47 25 26 112 7 12 33 10 17 14 10 2425 669 13 77 424 14
internal_value=-4.93591e-05 0.0353653 -0.00054317 -0.000812694 -0.0014397 -0.0133373 -0.0170567 0.000106971 0.000737416 0.0181911 -0.00204313 -0.0030612 -0.00881379 -0.0015863 0.0349366 0.00684537 0.0528811 -0.0271124 -0.0172347 -0.0236679 -0.00932489 -0.0188698 -0.0320368 -0.028195 -0.000510175 0.00239816 -0.00651508 -0.0075649 -0.0101475 -0.00384297
internal_weight=679.348 9.34234 670.005 666.728 649.17 74.6824 69.8223 574.487 564.02 37.6267 17.0385 35.5632 32.0969 27.9648 20.5882 8.02515 12.563 4.66675 21.8682 19.9787 14.8785 13.4921 11.4432 11.7588 526.394 354.634 171.759 169.763 158.609 112.071
internal_count=7271 251 7020 6952 6703 890 841 5813 5734 376 189 308 277 236 187 58 129 32 189 177 144 134 117 85 5358 3094 2264 2251 2174 1750
is_linear=0
shrinkage=0.05


Tree=98
num_leaves=31
num_cat=0
split_feature=185 259 123 89 162 212 89 110 226 292 272 6 25 180 123 272 301 254 25 276 228 133 67 212 251 226 230 98 230 229
split_gain=4.50759 3.91992 3.99754 3.65866 3.76785 3.65662 8.03286 4.35567 5.88797 5.35871 5.87969 5.19107 6.20964 6.4699 7.0355 5.72149 5.71015 7.25404 6.97845 4.75075 4.74293 7.3505 6.3179 5.41204 5.79986 7.48273 5.71419 5.09127 5.086 4.6474
threshold=1.0000000180025095e-35 0.12700000405311587 0.28125000000000006 0.057299999520182616 0.0050000001210719356 1.0000000180025095e-35 0.0022500000195577745 0.0015499999863095584 0.0046500000171363362 0.0023500000825151805 0.0014499999815598132 0.0017499999958090486 1.0000000180025095e-35 0.00075000003562308859 0.0012500000302679839 0.0011500000255182388 0.0017499999958090486 1.0000000180025095e-35 0.0011500000255182388 1.0000000180025095e-35 0.0019500000635161998 0.0041499999351799497 1.0000000180025095e-35 0.014449999667704107 0.0014499999815598132 0.011149999685585501 0.0044499998912215242 0.0014499999815598132 0.0023500000825151805 0.0023500000825151805
decision_type=2 2 2 2 2 2 2 2 2 2 2 2 2 2 2 2 2 2 2 2 2 2 2 2 2 2 2 2 2 2
left_child=1 2 3 4 5 6 -1 8 11 10 -9 12 15 14 16 -7 -14 18 -18 -16 21 23 -22 24 26 27 28 -26 29 -10
right_child=-2 -3 -4 -5 -6 7 -8 9 20 -11 -12 -13 13 -15 19 -17 17 -19 -20 -21 22 -23 -24 -25 25 -27 -28 -29 -30 -31
leaf_value=-0.0019260761023552426 0.052911914928194026 0.036102763954133775 -0.039472161768364988 -0.055371008447297455 0.050730959449662022 0.0090876635264217406 -0.030075956533358685 -0.042466384004399296 -0.0085444349925263806 0.034793105750036322 0.011753673390144258 -0.030328315934059449 0.013689719202529906 0.0034243153808043748 -0.021903268404090917 -0.088434727530249502 0.040431081909968886 0.05566440070638623 0.18615576967955275 0.042893677459632962 0.01842830349700415 -0.040765207512265318 -0.042371253952284423 0.012416711373022951 0.057224838462099151 -0.0016423395912453936 0.070812025971362547 -0.03998763468240743 -0.058109701361037429 -0.070127688825770168
leaf_weight=226.90167214069515 3.9941527224145821 7.2901920848526052 6.6029745554551473 3.0101540321484199 3.6225145542994133 33.049603776074946 28.529431857634336 16.323842231184251 100.71250638645142 4.308586028404533 7.2078397311270228 5.5424401811324051 2.8117131600156453 11.779383144341407 4.0460309451445928 1.5756795722991217 1.1440210994333009 5.1422590892761946 2.9145561913028359 9.4021522812545282 53.458559466525912 11.848273926414548 4.6439769798889747 60.441516992636025 10.067306410521267 37.890920832753181 2.0728470347821704 1.5548808686435212 5.908144947141408 3.1596642620861521
leaf_count=2496 222 159 69 29 72 265 595 141 868 29 54 140 33 153 58 15 8 35 26 84 547 98 33 591 69 285 18 9 48 22
internal_value=-4.77049e-05 -0.000362029 -0.000761377 -0.000373549 -0.000121208 -0.000403553 -0.00507017 0.00259891 0.00403713 -0.0164721 -0.0258586 0.0162963 0.0198921 0.0340642 0.0482397 0.00464975 0.0760495 0.0951062 0.145079 0.0233988 0.000784593 -0.00239441 0.0135688 -0.00034476 -0.00512471 0.00912272 -0.0114315 0.0442192 -0.0129844 -0.0104177
internal_weight=676.958 672.964 665.673 659.07 656.06 652.438 255.431 397.007 369.166 27.8403 23.5317 77.4078 71.8654 37.2401 25.4607 34.6253 12.0125 9.20084 4.05858 13.4482 291.759 233.656 58.1025 221.808 161.366 49.5131 111.853 11.6222 109.78 103.872
internal_count=7271 7049 6890 6821 6792 6720 3091 3629 3405 224 195 817 677 397 244 280 102 69 34 142 2588 2008 580 1910 1319 363 956 78 938 890
is_linear=0
shrinkage=0.05


Tree=99
num_leaves=31
num_cat=0
split_feature=163 185 231 220 154 6 203 112 225 119 212 177 255 260 246 133 186 202 89 112 278 167 310 276 89 154 257 226 133 245
split_gain=4.39667 3.65799 3.33705 3.58841 5.10895 4.77968 4.60469 5.00157 4.56371 4.22649 4.07589 5.3195 5.57973 5.82258 4.5492 4.08428 3.95043 6.57661 6.30129 5.45926 4.771 5.30018 4.87484 4.47133 5.58579 7.81722 7.22282 6.91961 6.01806 6.70725
threshold=0.010850000195205213 1.0000000180025095e-35 0.063550002872943892 0.0012500000302679839 0.25039999932050711 0.010650000069290401 0.0029499999945983295 0.012850000057369472 0.0081500001251697558 0.14089999347925189 0.0030500000575557355 0.021300000138580803 0.0013499999768100681 1.0000000180025095e-35 0.0034500000765547161 0.0054500000551342973 0.0011500000255182388 0.0047500000800937423 0.0036499999696388845 1.0000000180025095e-35 0.056500000879168517 0.0010500000207684936 0.0050000001210719356 0.0058500000741332778 0.0016499999910593035 0.020650000311434272 0.0058500000741332778 0.0057500000111758718 0.0022500000195577745 0.0029499999945983295
decision_type=2 2 2 2 2 2 2 2 2 2 2 2 2 2 2 2 2 2 2 2 2 2 2 2 2 2 2 2 2 2
left_child=1 2 3 5 8 6 16 10 9 -5 11 12 13 -8 -12 -16 17 19 -19 23 21 22 -21 24 25 26 27 28 -1 -30
right_child=-2 -3 -4 4 -6 -7 7 -9 -10 -11 14 -13 -14 -15 15 -17 -18 18 -20 20 -22 -23 -24 -25 -26 -27 -28 -29 29 -31
leaf_value=0.0082494964658237097 0.035776312114576297 0.053265974139396877 -0.095852032039755078 0.022988238975235019 -0.051891783872300673 -0.021847733526153702 -0.010770661429093921 0.08933075319826124 -0.033249492573434673 -0.016055542456435663 -0.027229518346476925 -0.043694789568051576 0.061871261442180504 0.093174330155171334 0.027395154523045508 -0.047595730095203646 0.018389482690210911 -0.024601532841120724 0.040050085489300662 -0.035998563334858139 0.11336281190358487 0.0053483691394194807 0.04640766678943492 0.012594891172326195 -0.011498582794030418 0.12641308943812141 0.027890876001618672 -0.015365004991389361 -0.043572285608866335 0.036096084688078914
leaf_weight=130.83837038185447 8.4569452200084907 3.1481506447307757 0.92129365727305312 49.48360286001116 3.1258054841309777 28.442657435312867 7.6194750480353886 2.102734947577118 4.7954333741217843 8.0603682305663806 11.028430458158256 2.3954446390271178 9.7045419104397279 1.6366340611129997 11.731938974931834 2.1481275781989089 22.262254100292921 49.527607291005552 4.0792861636728039 29.304981641937051 0.68827739357948203 14.834019437432287 1.9117279537022103 66.455226621590555 99.860514281317592 1.2689493605867017 24.060725882649422 59.924482934176922 11.494930839166043 3.4302480518817893
leaf_count=1234 278 148 8 522 30 464 71 17 49 69 93 14 62 11 96 17 153 439 34 904 4 183 16 566 1035 10 168 396 157 23
internal_value=-4.86854e-05 -0.0005034 -0.000758662 -0.000626366 0.0104861 -0.00184544 -0.000844365 0.013912 0.0136139 0.0175193 0.0104842 0.0265118 0.0353816 0.00760854 -0.00325761 0.0157893 -0.00221707 -0.00313884 -0.0196818 -0.00114184 -0.0173058 -0.0192588 -0.030952 0.000759557 -0.00161751 0.00265372 0.00197017 -0.00106195 0.00481814 -0.0252621
internal_weight=674.743 666.286 663.138 662.217 65.4652 596.752 568.309 48.3673 62.3394 57.544 46.2646 21.3561 18.9607 9.25611 24.9085 13.8801 519.942 497.679 53.6069 444.072 46.739 46.0507 31.2167 397.333 330.878 231.018 229.749 205.688 145.764 14.9252
internal_count=7271 6993 6845 6837 670 6167 5703 381 640 591 364 158 144 82 206 113 5322 5169 473 4696 1107 1103 920 3589 3023 1988 1978 1810 1414 180
is_linear=0
shrinkage=0.05


Tree=100
num_leaves=31
num_cat=0
split_feature=307 149 215 254 186 253 314 260 304 149 254 133 308 280 181 6 160 301 177 276 75 53 98 75 203 177 89 257 91 154
split_gain=4.22398 3.32405 3.50767 3.23181 3.2644 6.06707 6.35133 5.2585 5.17083 4.60145 4.43637 4.34765 5.38673 5.527 5.01534 4.80214 9.1757 4.93853 6.50512 7.42674 12.0065 6.82591 5.71466 6.23454 5.72992 6.91075 6.62659 5.82781 5.61887 5.42291
threshold=1.0000000180025095e-35 0.53134998679161083 0.32895000278949743 0.28225000202655798 0.0010500000207684936 0.0015499999863095584 0.0068500000052154073 0.0047500000800937423 0.0028499999316409235 0.13464999943971637 0.058700000867247588 0.0014499999815598132 0.0040500001050531873 0.012850000057369472 0.0011500000255182388 0.01329999975860119 0.0045499999541789302 0.015950000844895843 0.0077499998733401307 0.0075499999802559623 0.0012500000302679839 0.0020500000100582842 0.0020500000100582842 0.0021499999566003685 0.0073500000871717939 1.0000000180025095e-35 0.0011500000255182388 0.0060499999672174462 0.0010500000207684936 0.003249999950639904
decision_type=2 2 2 2 2 2 2 2 2 2 2 2 2 2 2 2 2 2 2 2 2 2 2 2 2 2 2 2 2 2
left_child=1 2 3 4 5 6 7 8 11 -6 -8 15 13 14 -13 17 -17 18 19 21 -21 22 24 28 25 26 29 -27 -24 -1
right_child=-2 -3 -4 -5 9 -7 10 -9 -10 -11 -12 12 -14 -15 -16 16 -18 -19 -20 20 -22 -23 23 -25 -26 27 -28 -29 -30 -31
leaf_value=0.0016246569738251138 0.052142042782072608 -0.059166486060509976 0.065163497228342721 0.074164731730547287 0.015453947608594913 0.030488637466905943 -0.020141610576590436 0.069839545066341283 0.045084969621127978 -0.034069452177284007 0.064309199987892515 -0.022684553470876379 0.029765962921299197 0.093391469506282035 0.038954940022628351 -0.045612709471521351 0.058977976769848409 0.010050037172426208 -0.065907854160092288 0.04371864836432849 -0.070698344367961227 -0.035518976571506947 0.048474987078312888 -0.034436986044106055 0.051521562745939435 -0.051157255721779815 -0.014830974416821741 0.03076283346067888 -0.012506765812196086 0.056446701558308512
leaf_weight=157.69216161593795 3.8545386907644561 2.3936026343144468 2.0500531177967778 1.4523271806538094 51.649991470389068 14.399415435269473 57.783977969549596 2.6343133486807337 6.0229829465970388 5.1589398570358744 1.5981158055365074 60.177417825441808 6.6842479072511187 1.106876641511916 3.4915353767573825 12.257328590843825 2.5297640664502969 116.85160367097706 3.9280324615538111 17.188105291686956 2.6457854937762013 15.436388706788419 15.129109502770012 4.0925857461988917 4.6359524242579928 12.685257819481192 74.352872865274549 2.6193056143820277 5.0343126542866221 4.6437270464375606
leaf_count=1438 286 41 25 14 412 304 448 25 87 40 15 674 45 6 43 286 30 952 34 147 23 627 106 36 32 105 865 24 49 52
internal_value=-4.9014e-05 -0.000350023 -0.000138616 -0.000340267 -0.000503614 -0.00157862 -0.00235962 -0.000627957 -0.000978735 0.0109566 -0.0178688 -0.00150903 -0.0129688 -0.0173786 -0.0193043 0.000303841 -0.0277194 0.00125223 -0.00195956 -0.00116504 0.0284557 -0.00314767 -0.00136866 0.021829 -0.00356125 -0.00457462 -0.00246909 -0.037137 0.0332493 0.00319288
internal_weight=672.181 668.326 665.932 663.882 662.43 605.621 591.222 531.84 529.205 56.8089 59.3821 523.182 71.4601 64.7758 63.669 451.722 14.7871 436.935 320.084 316.156 19.8339 296.322 280.885 24.256 256.629 251.993 236.689 15.3046 20.1634 162.336
internal_count=7271 6985 6944 6919 6905 6453 6149 5686 5661 452 463 5574 768 723 717 4806 316 4490 3538 3504 170 3334 2707 191 2516 2484 2355 129 155 1490
is_linear=0
shrinkage=0.05


Tree=101
num_leaves=31
num_cat=0
split_feature=240 123 255 278 289 265 215 236 162 133 163 289 219 89 158 123 274 43 132 135 240 189 255 132 265 135 288 225 210 265
split_gain=4.02326 4.09889 5.24815 4.72475 4.48714 4.43041 4.3969 4.51479 4.32974 4.09252 6.81807 7.49875 4.62676 4.42861 5.2716 6.42851 5.11574 4.4495 6.16382 4.16734 4.85125 4.13709 4.11191 4.01591 5.58406 4.96431 4.00411 5.56097 3.87312 7.29051
threshold=0.13645000010728839 0.0079499999992549437 0.059400001540780074 0.0021499999566003685 0.002549999975599349 0.0035500000230968003 0.0061500000301748523 0.010250000283122064 0.0050000001210719356 0.0014499999815598132 0.0012500000302679839 0.0015499999863095584 0.035550000146031387 0.0046500000171363362 0.025649999268352989 0.0010500000207684936 0.0010500000207684936 0.0080500002950429934 0.0018500000005587938 0.0013499999768100681 0.0099499998614192026 0.0053499999921768912 0.01124999998137355 0.0012500000302679839 0.11744999885559083 0.0023500000825151805 0.0047500000800937423 0.023149999789893631 0.0010500000207684936 0.0012500000302679839
decision_type=2 2 2 2 2 2 2 2 2 2 2 2 2 2 2 2 2 2 2 2 2 2 2 2 2 2 2 2 2 2
left_child=1 2 8 -3 6 -4 7 -5 9 12 11 -11 13 17 16 -16 26 18 19 28 -21 -13 -12 25 -25 -2 27 -15 -1 -30
right_child=23 3 5 4 -6 -7 -8 -9 -10 10 22 21 -14 14 15 -17 -18 -19 -20 20 -22 -23 -24 24 -26 -27 -28 -29 29 -31
leaf_value=0.00021845883421891036 0.042284716252141447 -0.021232558904385399 -0.017048605533096665 0.046355655069732472 -0.013300492923539256 0.032513208795949947 -0.01505322995917931 -0.042676721914954516 0.058752133540195532 -0.036035895560920884 0.035482533964437506 0.044849054574565318 0.055286518157864444 -0.02832714301608931 0.034775103550381624 -0.036572144504306493 0.055473915658861388 -0.040443775421722505 0.095062772768558693 0.080898658631284662 -0.024053102821729441 -0.043003375362066526 -0.038453379394832926 -0.058147996402496342 0.025349838721995435 -0.077596933881714639 -0.062525332037391496 0.1044664793499851 0.44946239784148179 0.019208430673872529
leaf_weight=399.47295605018735 14.578037104103714 48.779748193919659 5.6957721915096071 11.66130179166794 23.392561562824994 21.642719996161759 6.3667067382484666 1.6219546794891346 3.0877767982892683 29.55332042183727 8.7583113824948651 5.1039139945060006 3.8602278959006062 10.234706543385986 8.404799775220452 5.0565993934869757 1.5616368651390065 6.1730562234297386 1.7837222376838315 3.4195268824696532 1.6239799652248619 1.8171876501291988 2.3946539200842372 3.3213111441582424 5.0421502944082022 0.91793808247894126 9.3461820455268008 0.85417760908603746 0.098868779838087728 23.65700195915997
leaf_count=3942 323 779 75 87 175 245 52 12 56 373 73 33 63 215 78 60 13 81 14 20 13 12 24 24 122 11 78 4 1 213
internal_value=-4.9417e-05 -0.00079477 0.000827998 -0.0105785 0.00149562 0.0221874 0.0191099 0.0354843 -0.000281587 -0.000630004 -0.0146037 -0.0250647 0.000769498 0.000323338 -0.0166699 0.00797444 -0.0317516 0.0017046 0.0023096 0.00192329 0.0471048 0.0217827 0.0196077 0.0201132 -0.00780895 0.0351833 -0.0384173 -0.018098 0.00138488 0.0209991
internal_weight=669.283 645.423 553.601 91.8223 43.0425 27.3385 19.65 13.2833 526.263 523.175 47.6274 36.4744 475.547 471.687 35.4581 13.4614 21.9967 436.229 430.056 428.272 5.04351 6.9211 11.153 23.8594 8.36346 15.496 20.4351 11.0889 423.229 23.7559
internal_count=7271 6791 5686 1105 326 320 151 99 5366 5310 515 418 4795 4732 448 138 310 4284 4203 4189 33 45 97 480 146 334 297 219 4156 214
is_linear=0
shrinkage=0.05


Tree=102
num_leaves=31
num_cat=0
split_feature=259 123 276 253 251 232 246 50 112 278 257 135 180 289 189 265 176 226 214 158 124 276 149 104 25 154 214 279 89 210
split_gain=4.00462 5.26071 5.25514 4.73189 4.69317 4.43182 5.39121 5.43867 5.19991 4.6714 4.71824 4.35048 4.14651 6.06572 4.75496 5.9557 5.15584 4.03531 4.94982 5.75404 5.11764 4.04845 4.72213 4.02802 3.9453 3.93221 3.9093 4.5757 4.08526 4.99456
threshold=0.0030000001424923543 0.0079499999992549437 0.0016499999910593035 0.002650000038556755 0.0021499999566003685 0.0022500000195577745 0.018450000323355201 1.0000000180025095e-35 0.0015499999863095584 0.0040500001050531873 0.16309999674558642 0.0059500001370906839 1.0000000180025095e-35 0.0053499999921768912 0.0021499999566003685 0.0074499999172985562 0.049550000578165061 0.0066499998793005952 0.0015499999863095584 0.18760000169277194 0.0011500000255182388 0.0079499999992549437 0.021650000475347046 0.0015499999863095584 0.0020500000100582842 0.11154999956488611 0.019350000657141212 0.020999999716877941 0.0047500000800937423 0.0020500000100582842
decision_type=2 2 2 2 2 2 2 2 2 2 2 2 2 2 2 2 2 2 2 2 2 2 2 2 2 2 2 2 2 2
left_child=1 3 4 5 -3 8 7 -7 11 10 -10 26 13 17 16 -16 -14 18 19 20 21 22 -4 24 -9 -2 27 28 29 -1
right_child=25 2 12 -5 -6 6 -8 23 9 -11 -12 -13 14 -15 15 -17 -18 -19 -20 -21 -22 -23 -24 -25 -26 -27 -28 -29 -30 -31
leaf_value=0.00076331711903294497 0.021058999138018127 -0.052248294207203963 -0.042487492744096994 0.043119622297581928 0.10321730413654868 0.013327315630662152 -0.0044306586445048137 0.076069900074101263 -0.033041690707052637 0.010410656977048844 0.11350988907467321 -0.056930612529964432 -0.048769487039331517 -0.082744276322102739 0.065644654317657078 -0.011063268504099034 0.071705097750020236 -0.016221917237780367 0.12703324440283009 -0.055107536174083573 0.1342624812279293 0.079373595683838283 0.086598385461679486 0.091963497647428005 -0.012555542743312487 -0.037327667274334037 -0.081621655490086473 0.048973202037511432 -0.015831483444157066 0.031328101349878477
leaf_weight=392.51415064325556 33.458755503408611 10.472429576329883 2.561455315910282 6.5177546832710496 0.50903856009244997 21.491875506937507 23.266460992395878 2.2936623226851207 26.499556470662359 9.7174950633198005 0.56083362363278766 3.3049607854336491 12.511516917496916 1.4598134607076634 2.7127188025042406 37.654348334297538 0.95592377334833223 4.3499631294980636 1.4445957019925106 1.7118993457406757 1.3590650111436842 2.2172739394009113 0.97934242244809855 4.6565111521631479 2.7750637661665678 3.1556733073666683 1.4393907291814674 4.8979310104623428 35.725271094590425 13.836960524320601
leaf_count=3461 629 292 30 238 3 171 188 15 781 71 5 30 178 10 20 310 5 43 7 30 9 12 14 29 41 30 12 87 398 122
internal_value=-4.86648e-05 -0.000982355 -0.0128864 0.000770212 -0.0450418 0.000261864 0.0137878 0.0273662 -0.00124673 -0.0193259 -0.0300044 0.000225235 -0.00783603 0.014441 -0.0144915 -0.0059084 -0.0402182 0.0241427 0.0412334 0.027195 0.0469914 0.026393 -0.00678388 0.0583909 0.0275486 0.0160269 0.000646493 0.000911421 0.000378926 0.0018041
internal_weight=667.012 630.397 80.8994 549.498 10.9815 542.98 54.4836 31.2171 488.497 36.7779 27.0604 451.719 69.9179 16.0834 53.8345 40.3671 13.4674 14.6236 10.2736 8.82904 7.11714 5.75807 3.5408 9.72524 5.06873 36.6144 448.414 446.974 442.076 406.351
internal_count=7271 6612 963 5649 295 5411 444 256 4967 857 786 4110 668 155 513 330 183 145 102 95 65 56 44 85 56 659 4080 4068 3981 3583
is_linear=0
shrinkage=0.05


Tree=103
num_leaves=31
num_cat=0
split_feature=307 195 126 220 218 101 288 6 215 186 230 203 301 279 218 181 75 223 289 314 133 230 308 107 25 42 276 314 215 217
split_gain=3.87299 3.14236 3.18588 4.79014 3.89027 3.7028 4.02804 3.60725 4.11969 3.94606 4.62919 3.79239 3.67348 3.62133 5.51337 4.16604 5.44666 4.98127 4.17871 5.88263 5.2022 5.4535 4.81494 5.16949 4.67949 4.48643 4.25116 5.71119 6.30406 5.32171
threshold=1.0000000180025095e-35 0.081050001084804549 0.021750000305473808 0.0012500000302679839 0.0047500000800937423 0.093649998307228102 0.052449999377131469 0.014949999749660494 0.061300000175833709 1.0000000180025095e-35 0.0076500000432133683 0.019049999304115776 0.13704999536275866 0.016200000420212749 0.0041499999351799497 0.0013499999768100681 0.002650000038556755 0.0030500000575557355 0.0059500001370906839 0.014949999749660494 0.0014499999815598132 0.0040500001050531873 0.0016499999910593035 0.003249999950639904 1.0000000180025095e-35 0.0010500000207684936 0.0075499999802559623 1.0000000180025095e-35 0.011950000189244749 0.0014499999815598132
decision_type=2 2 2 2 2 2 2 2 2 2 2 2 2 2 2 2 2 2 2 2 2 2 2 2 2 2 2 2 2 2
left_child=1 2 3 7 -5 6 -6 9 11 13 -11 -9 -12 14 15 16 17 18 19 20 21 25 23 -22 -23 26 29 -28 -29 -1
right_child=-2 -3 -4 4 5 -7 -8 8 -10 10 12 -13 -14 -15 -16 -17 -18 -19 -20 -21 22 24 -24 -25 -26 -27 27 28 -30 -31
leaf_value=-0.0026159549867789864 0.052074546558927154 0.060525211230882704 -0.015360600698384236 0.022439309054536477 -0.050462519471813842 -0.081054152680798866 0.054668540881882055 -0.042979988876818309 0.042550552681215478 0.019999423380750281 -0.14745678486513805 0.015095319041654407 -0.0089272777220693565 0.053762548106872213 -0.070287161742727172 0.030940688843959636 -0.034567793871374285 0.038693679007874154 0.040602535156985142 -0.036758706393252835 -0.026001635474721271 -0.0096379744862765283 0.012946347549983651 0.065996974061220903 0.051218940583068986 -0.060062109507267342 0.035304175917150377 -0.014595580229565617 0.047167674792117795 0.041053752602567606
leaf_weight=347.59337049350142 3.5448579569347194 2.1146253589540711 34.297510536387563 36.676158185116947 1.689939517527818 1.8179840259253977 1.9769760854542253 13.264048208016908 2.1684235865250221 34.859519422985613 0.72331664524972383 3.5670190081000319 1.4142271345481274 2.9720482043921939 2.904101599007844 9.8890324840322119 12.392834441736339 7.7762796375900498 5.7853391002863637 11.971174176782368 43.85808323463425 4.7229013405740252 11.885229142382739 1.5820320546627034 9.537992778234182 3.1263977624475947 19.093751796521246 19.0788534488529 5.2733356710523358 7.1192778348922721
leaf_count=3719 286 24 362 439 14 15 52 278 19 248 8 33 14 48 17 115 170 67 45 94 519 49 84 12 98 37 149 157 50 49
internal_value=-4.88144e-05 -0.00032829 -0.000523554 0.00029101 0.0165658 -0.0227088 0.0062177 -0.000886834 -0.0223151 -0.000164414 0.0156198 -0.0306721 -0.0558038 -0.00127344 -0.00158584 -0.00120266 -0.00182496 -0.0010108 -0.00164011 -0.00214416 -0.00126786 0.000679988 -0.0153876 -0.0227986 0.0310644 -0.000399817 6.86603e-05 0.0148311 -0.00122108 -0.00173948
internal_weight=664.677 661.132 659.017 624.72 42.1611 5.4849 3.66692 582.559 18.9995 563.559 36.9971 16.8311 2.13754 526.562 523.59 520.686 510.797 498.404 490.628 484.842 472.871 415.546 57.3253 45.4401 14.2609 401.285 398.159 43.4459 24.3522 354.713
internal_count=7271 6985 6961 6599 520 81 66 6079 330 5749 270 311 22 5479 5431 5414 5299 5129 5062 5017 4923 4308 615 531 147 4161 4124 356 207 3768
is_linear=0
shrinkage=0.05


Tree=104
num_leaves=31
num_cat=0
split_feature=240 132 135 179 108 228 133 308 186 180 180 176 123 251 255 112 255 202 314 176 246 15 232 173 167 167 202 257 276 215
split_gain=3.71909 3.58625 5.26096 5.2584 3.4387 4.37 5.09261 5.55328 5.58295 4.67251 4.70156 5.47901 5.20892 6.73498 5.86452 4.1644 5.53794 4.59464 4.41228 4.16855 6.42899 4.15951 5.79127 5.2396 4.36386 4.02628 4.0059 6.94601 3.87248 3.84264
threshold=0.1090499982237816 0.0012500000302679839 0.0017499999958090486 0.0014499999815598132 0.0068500000052154073 0.0021499999566003685 0.0018500000005587938 0.0018500000005587938 0.0011500000255182388 0.0012500000302679839 0.018249999731779102 1.0000000180025095e-35 0.0013499999768100681 0.011850000359117987 0.0019500000635161998 0.0012500000302679839 0.021750000305473808 0.026950000785291198 0.0053499999921768912 0.036799998953938491 0.014449999667704107 0.0011500000255182388 0.0084500000812113302 1.0000000180025095e-35 0.0011500000255182388 0.015150000341236593 0.0028499999316409235 0.015050000045448543 0.077750001102685942 0.0063499999232590207
decision_type=2 2 2 2 2 2 2 2 2 2 2 2 2 2 2 2 2 2 2 2 2 2 2 2 2 2 2 2 2 2
left_child=4 2 -2 -3 5 6 15 8 -8 -7 11 12 13 -11 -14 16 19 25 -19 20 -1 22 23 -13 28 -17 27 -22 -24 -20
right_child=1 3 -4 -5 -6 9 7 -9 -10 10 -12 21 14 -15 -16 17 -18 18 29 -21 26 -23 24 -25 -26 -27 -28 -29 -30 -31
leaf_value=0.000142235663700625 0.039890935153650366 -0.024299762268314051 -0.051615636308175367 0.060193726827847294 -0.023249717229917963 0.029687264541722831 -0.034611838526186371 0.018465558830449792 0.044029716028999383 -0.03253308011485094 0.030679600887892029 0.05538397323026073 0.086501643494872549 0.023323756738929696 -0.0036166342282503081 -0.027989172273086879 0.021182883828685037 0.019267211823133741 -0.067211623166255577 0.053993924027808476 -0.047123309250031338 -0.068124645378761228 -0.066693465325700682 -0.033188600945363869 0.034070303758362355 0.047529032465985492 -0.06095135287860768 0.065852933557891929 0.026964467339248711 0.009971774096203638
leaf_weight=368.93062023585662 16.348729600198574 8.2696462646126729 1.7376760859042395 2.3688698951154938 16.674826143775135 21.893571039196104 29.424746393691752 7.809792809188365 2.4443090595304957 27.184970397967845 13.372387761715798 11.770048278849577 2.4950349866412562 6.7333134994842103 6.5303025282919407 34.440446666441858 31.643847951665521 15.546310849487783 3.3361138757318249 3.468090694397687 3.6476575443521124 1.3393985405564297 3.6339320363476855 1.9457275099121023 3.4748261985369027 1.8603188218548883 7.0991262877359986 2.1698025483638048 1.5850818604230879 3.121357417665422
leaf_count=3470 369 88 17 80 205 184 414 50 16 258 157 91 18 51 65 1000 273 150 25 28 36 8 24 17 49 12 56 14 13 33
internal_value=-4.69102e-05 0.0175498 0.0310993 -0.00548566 -0.000844704 -0.000239097 -0.00211166 -0.0193204 -0.0285801 0.00921827 0.00362108 -0.00180437 -0.0124619 -0.0214446 0.0212964 -0.000674932 0.00107525 -0.0131912 0.00483707 -0.00057608 -0.00107171 0.0174668 0.0225825 0.042819 -0.00934343 -0.0241191 -0.035745 -0.00498531 -0.0382483 -0.0299034
internal_weight=662.301 28.7249 18.0864 10.6385 633.576 616.901 514.943 39.6788 31.8691 101.959 80.065 66.6926 42.9436 33.9183 9.02534 475.264 416.959 58.3045 22.0038 385.315 381.847 23.749 22.4096 13.7158 8.69384 36.3008 12.9166 5.81746 5.21901 6.45747
internal_count=7271 554 386 168 6717 6512 5577 480 430 935 751 594 392 309 83 5097 3877 1220 208 3604 3576 202 194 108 86 1012 106 50 37 58
is_linear=0
shrinkage=0.05


Tree=105
num_leaves=31
num_cat=0
split_feature=185 92 111 0 247 220 154 247 119 215 314 6 220 123 276 183 123 203 112 175 255 226 176 179 245 282 223 225 110 133
split_gain=3.69878 3.28092 3.93201 3.92707 4.52996 3.63483 4.07045 4.14665 4.18791 4.41359 5.64068 4.05566 3.95779 3.82634 5.45109 3.71953 4.22011 3.64421 3.73843 3.79831 3.91191 6.96473 6.77606 4.77739 4.62943 4.4376 3.64086 5.23408 4.61522 4.26401
threshold=1.0000000180025095e-35 0.0015499999863095584 0.0010500000207684936 0.0011500000255182388 0.01970000006258488 0.0012500000302679839 0.25039999932050711 0.0060499999672174462 0.15554999560117724 0.0031500000040978198 0.0073500000871717939 0.01329999975860119 0.012300000060349705 0.0010500000207684936 0.0013499999768100681 0.0016499999910593035 0.0080500002950429934 0.0028499999316409235 0.012850000057369472 0.0014499999815598132 0.0039500000420957812 0.016950000077486042 0.0027499999850988392 0.0011500000255182388 0.0098500000312924402 0.0012500000302679839 0.0027499999850988392 0.010100000072270634 0.0015499999863095584 0.0019500000635161998
decision_type=2 2 2 2 2 2 2 2 2 2 2 2 2 2 2 2 2 2 2 2 2 2 2 2 2 2 2 2 2 2
left_child=1 2 5 4 -4 11 7 8 9 10 -7 17 -10 14 -12 -13 -17 26 19 20 23 24 -23 25 -22 -19 28 -28 -1 -30
right_child=-2 -3 3 -5 -6 6 -8 -9 12 -11 13 15 -14 -15 -16 16 -18 18 -20 -21 21 22 -24 -25 -26 -27 27 -29 29 -31
leaf_value=-0.0011084280952364772 0.05274198324453977 0.073570329672847254 -0.044065234556768605 0.046389487264693163 0.047097471240301753 0.029034315322934115 -0.048854552361680396 -0.083950062471864054 0.025108621747274285 0.046660432699713497 -0.11220142336601545 -0.037718759001282402 -0.052454997354687019 -0.033189689132875726 0.0412067916878315 0.040735203659131559 -0.02944883693999692 0.0096313789542836828 0.078779805730086791 0.070358298989349796 0.082846576461017479 -0.041055330651808407 0.030975153352344603 0.057267536891255549 0.01859564429498891 -0.041859651233134287 0.035187437586588551 -0.047273454095341047 -0.031826572434551802 0.02945083103444426
leaf_weight=471.36098569817841 3.3017909564077845 1.4992275163531292 12.386493490077553 1.7036165520548809 1.5311472937464703 20.750106176361442 2.6179806161671868 1.0399426138028491 2.8288369551300994 13.193313411902635 0.66455908119678397 14.006014194339516 3.9288678001612425 8.421248600818215 4.5010372600518167 4.1010082559660059 4.4833903536200523 7.424246325157589 2.0625269175507119 2.4650913272052994 5.2797645358368772 6.5110734519548696 6.5490803113207221 2.308276390656828 5.9777275328524411 9.5883089294657093 12.776883911341427 2.2655730843543997 20.900913632940505 3.285168992355465
leaf_count=4978 222 9 160 11 8 168 29 27 24 262 3 340 32 72 84 26 30 76 21 21 34 53 59 16 40 82 120 14 222 28
internal_value=-4.59959e-05 -0.000311522 -0.000480653 -0.025265 -0.034036 0.000124958 0.0120667 0.0149494 0.0168439 0.0220803 0.0126358 -0.00106534 -0.0199862 -0.0124083 0.0214707 -0.0218351 0.00408005 -0.000225622 0.0129214 0.00997506 0.00656408 0.019908 -0.00493528 -0.0102308 0.0487293 -0.0193891 -0.00146583 0.0227678 -0.00220145 -0.0235033
internal_weight=659.714 656.412 654.913 15.6213 13.9176 639.292 57.9459 55.3279 54.288 47.5303 34.337 581.346 6.7577 13.5868 5.1656 22.5904 8.5844 558.756 48.1661 46.1036 43.6385 24.3176 13.0602 19.3208 11.2575 17.0126 510.59 15.0425 495.547 24.1861
internal_count=7271 7049 7040 179 168 6861 701 672 645 589 327 6160 56 159 87 396 56 5764 402 381 360 186 112 174 74 158 5362 134 5228 250
is_linear=0
shrinkage=0.05


Tree=106
num_leaves=31
num_cat=0
split_feature=310 98 269 111 279 220 292 126 205 119 215 314 209 288 170 6 183 123 280 206 310 265 223 206 215 288 279 162 75 223
split_gain=3.52512 4.30788 3.07871 3.74895 3.41771 3.27314 4.14828 4.39051 4.5775 3.75444 4.44678 6.33025 4.43152 3.97005 4.31677 3.70973 4.08909 3.40777 3.25206 3.24201 6.65042 4.98998 3.9316 5.16793 3.27988 3.15011 3.1408 3.16203 3.40121 4.32849
threshold=0.0070000002160668382 0.054800000041723258 0.0011500000255182388 0.0010500000207684936 1.0000000180025095e-35 0.0012500000302679839 0.0047500000800937423 0.0052499999292194852 0.044949999079108245 0.14294999837875369 0.0031500000040978198 0.0090499999932944792 0.0016499999910593035 0.1012999974191189 0.0024500000290572648 0.01329999975860119 0.0016499999910593035 0.0080500002950429934 0.012850000057369472 0.0017499999958090486 1.0000000180025095e-35 0.0050500000361353168 0.0015499999863095584 0.0019500000635161998 0.36499999463558203 0.0088499998673796671 0.018250000663101677 0.0050000001210719356 0.002650000038556755 0.0030500000575557355
decision_type=2 2 2 2 2 2 2 2 2 2 2 2 2 2 2 2 2 2 2 2 2 2 2 2 2 2 2 2 2 2
left_child=2 -2 3 5 -4 15 9 -8 -9 10 11 12 -7 14 -13 19 -17 25 -19 24 21 22 23 -21 26 -18 27 28 29 -1
right_child=1 -3 4 -5 -6 6 7 8 -10 -11 -12 13 -14 -15 -16 16 17 18 -20 20 -22 -23 -24 -25 -26 -27 -28 -29 -30 -31
leaf_value=-0.0021108158607693762 0.046100109293740477 -0.066475336018713332 -0.0016909852914231032 -0.025959502552000798 0.059164399578603477 0.034341966491426491 0.05512361400924403 -0.059233484893453238 0.038057960272968684 -0.023312029540982087 0.05145948919724222 -0.050493806401019109 -0.05416618520907597 0.053107683633918649 0.04648769939163077 -0.038930575092046962 0.074575836392270958 -0.057293622716153847 0.035316049884341748 0.080452681238724441 -0.087561547674424339 0.040537303771239735 0.068508677902778689 -0.033600590249326871 0.078811955140078715 -0.016120080880905645 0.053299949767657742 0.055460780648160679 -0.026447187050497957 0.035621357621740332
leaf_weight=494.42528489604592 7.1467328500002605 0.9644838124513625 4.6946725426241738 14.546765426173804 4.5366526208817959 20.118927629664547 1.563021392095832 5.4314866550266743 1.5551330111920831 5.0752278091385952 9.9095123112201673 6.8365069134160859 1.5211813580244768 1.5465865531004954 1.3788337707519529 13.282658803742381 2.4343332387506944 2.7619252949953079 1.4433320462703703 1.1480696201324514 1.4542747666127969 15.1406103214249 1.5438895523548115 7.3632508963346481 1.2689626589417446 1.5780020356178281 2.5855761365965 2.3877732479013494 14.080299289897082 7.7193453805521122
leaf_count=5053 239 12 40 173 185 166 53 51 14 48 152 65 13 26 14 333 15 21 7 9 18 151 8 57 11 10 39 35 186 67
internal_value=-4.39949e-05 0.0327141 -0.000453196 -0.000866652 0.0282159 -0.000283138 0.0113732 -0.0206303 -0.0375776 0.0172718 0.0222577 0.0130425 0.0281203 -0.0203819 -0.0342168 -0.00140536 -0.0217795 0.00594298 -0.0255081 -0.000607624 0.0164032 0.0224039 -0.00490039 -0.0182162 -0.00147531 0.0389062 -0.00167079 -0.00194485 -0.00221038 -0.00153077
internal_weight=657.443 8.11122 649.332 640.101 9.23133 625.554 54.9364 8.54964 6.98662 46.3868 41.3115 31.402 21.6401 9.76193 8.21534 570.618 21.5003 8.21759 4.20526 549.117 26.6501 25.1958 10.0552 8.51132 522.467 4.01234 521.198 518.613 516.225 502.145
internal_count=7271 251 7020 6795 225 6622 602 118 65 484 436 284 179 105 79 6020 386 53 28 5634 243 225 74 66 5391 25 5380 5341 5306 5120
is_linear=0
shrinkage=0.05


Tree=107
num_leaves=31
num_cat=0
split_feature=163 92 185 22 297 231 215 108 228 314 228 299 180 180 43 251 298 225 215 42 304 227 314 313 149 292 25 149 301 186
split_gain=3.44687 3.07182 2.96834 3.29585 3.65923 3.22412 3.1062 3.88018 4.40464 3.87432 4.83569 3.52242 3.54874 5.62323 5.29422 4.73168 6.70499 5.25251 5.11897 4.89749 4.21082 4.00835 3.88136 4.17716 7.22379 5.78016 4.56802 4.40415 5.31668 5.42856
threshold=0.010850000195205213 0.0015499999863095584 1.0000000180025095e-35 0.0011500000255182388 0.0011500000255182388 0.063550002872943892 0.066149998456239714 0.0068500000052154073 0.026250000111758712 0.0017499999958090486 0.0020500000100582842 0.0047999999951571235 0.0032500000670552258 0.03024999983608723 0.0054500000551342973 0.0050500000361353168 1.0000000180025095e-35 0.0016499999910593035 0.0024500000290572648 0.0010500000207684936 0.0010500000207684936 0.0013499999768100681 0.13329999893903735 1.0000000180025095e-35 0.030949999578297142 0.0013499999768100681 0.0054500000551342973 0.0015499999863095584 0.0092500001192092913 0.0014499999815598132
decision_type=2 2 2 2 2 2 2 2 2 2 2 2 2 2 2 2 2 2 2 2 2 2 2 2 2 2 2 2 2 2
left_child=1 2 3 4 5 6 7 8 11 -8 -11 12 15 14 20 19 17 -17 21 22 -14 -19 23 27 -25 26 -26 28 29 -1
right_child=-2 -3 -4 -5 -6 -7 9 -9 -10 10 -12 -13 13 -15 -16 16 -18 18 -20 -21 -22 -23 -24 24 25 -27 -28 -29 -30 -31
leaf_value=-0.0043986455250363743 0.033560454928724254 0.070830817163888685 0.053103254663485581 -0.052999952724426327 0.049416398912417552 -0.097679126345250292 -0.021179982372992335 -0.027812801828026819 0.06157965288212261 -0.035782489427057307 0.045138881705897832 0.076100119624750315 -0.014538157746588582 0.042235614334852921 0.038214549227401529 0.037257050811100832 -0.066105647903499168 -0.0032101602297053486 0.043034596249109748 -0.049839537699510605 -0.055740616526244305 -0.076556334188712355 -0.072393255990236147 0.028281910863944978 -0.046682050511641766 0.024304556216493505 0.023591159451264093 -0.011556051250933178 0.009848952152322888 0.07711542679095082
leaf_weight=225.11097111180425 7.5443996712565413 1.5086644105613221 2.5629837117157868 3.0112036671489468 3.6408060849644235 0.8585805743932714 4.4372262833640006 13.523985052015631 2.8227353030815712 2.1894236933439961 11.775795330293475 1.4767906814813603 54.435970110818744 4.5096211172640315 4.2908116364851585 22.231486868578941 2.3291356628760687 9.9319949550554174 5.0122223063372067 5.1205338165163985 6.9981630104593924 2.2927318480797103 1.8795373155735422 31.026342753786594 9.9261490218341368 7.7434604037553063 3.0149403549730769 94.420680899173021 107.22870008833706 2.0611886493861666
leaf_count=2318 278 10 147 21 35 6 56 180 29 19 120 7 596 58 46 200 20 79 85 57 74 25 16 313 101 55 27 1491 792 10
internal_value=-4.06814e-05 -0.000432265 -0.000598727 -0.000812682 -0.000567252 -0.000853093 -0.000722338 -0.00132571 -0.000732513 0.0195204 0.0324523 -0.00102516 -0.00121512 -0.0117754 -0.0154813 0.000186079 0.0163312 0.021196 0.00048109 -0.00119809 -0.0192317 -0.0169661 -0.000681785 -0.000401295 0.0130231 -0.00986464 -0.0303102 -0.00202013 0.000672416 -0.00365905
internal_weight=654.917 647.373 645.864 643.301 640.29 636.649 635.791 617.388 603.864 18.4024 13.9652 601.041 599.565 70.2346 65.7249 529.33 41.7976 39.4684 17.2369 487.533 61.4341 12.2247 482.412 480.532 51.7109 20.6845 12.9411 428.822 334.401 227.172
internal_count=7271 6993 6983 6836 6815 6780 6774 6579 6399 195 139 6370 6363 774 716 5589 409 389 189 5180 670 104 5123 5107 496 183 128 4611 3120 2328
is_linear=0
shrinkage=0.05


Tree=108
num_leaves=31
num_cat=0
split_feature=307 254 39 260 92 110 313 226 110 183 6 314 183 132 189 154 221 218 215 177 75 119 176 108 257 124 158 254 43 304
split_gain=3.29226 2.91084 2.81061 4.33529 2.66108 3.11815 5.02789 6.6922 4.63436 4.50767 5.41638 4.46888 10.3745 4.37537 5.01218 5.34257 4.81662 5.57489 4.37099 4.12456 4.46122 3.99782 4.06744 3.94438 3.93883 3.89791 3.86715 3.79118 4.10163 5.31762
threshold=1.0000000180025095e-35 0.28225000202655798 0.0037000000011175875 0.019899999722838405 0.0015499999863095584 0.0015499999863095584 1.0000000180025095e-35 0.0058500000741332778 0.0022500000195577745 0.0017499999958090486 0.017649999819695953 0.0029499999945983295 0.0093499999493360537 1.0000000180025095e-35 0.014650000259280207 0.070149999111890807 0.048100000247359283 0.0020500000100582842 0.066149998456239714 0.0068500000052154073 0.0019500000635161998 0.0088499998673796671 0.025750000029802326 0.0046500000171363362 0.038049999624490745 0.003249999950639904 0.34534999728202825 0.031850000843405731 1.0000000180025095e-35 1.0000000180025095e-35
decision_type=2 2 2 2 2 2 2 2 2 2 2 2 2 2 2 2 2 2 2 2 2 2 2 2 2 2 2 2 2 2
left_child=1 2 3 4 5 6 9 -8 -7 10 13 12 -11 14 15 16 17 19 -13 21 -21 22 26 25 -12 -9 27 28 -1 -30
right_child=-2 -3 -4 -5 -6 8 7 23 -10 11 24 18 -14 -15 -16 -17 -18 -19 -20 20 -22 -23 -24 -25 -26 -27 -28 -29 29 -31
leaf_value=0.0012211598081498833 0.051941291125726569 0.073328311620679751 -0.055388346758299456 0.068598686017362298 0.068817336915088984 -0.045757803214814215 0.052855236402792154 0.013208570316550566 -0.0053464406328193924 0.039629189372400044 -0.045505661328720588 -0.0085120663595253214 -0.045736328630977797 -0.018777982639186112 0.03269930465498061 0.07688424483054794 -0.10131033268196288 0.084298764988007036 0.046869975710070587 -0.029072965920988132 0.057784676911446287 -0.02729118583799452 0.10080377130175254 -0.077185556627404867 0.062368654881750252 -0.047643157805459885 0.076664818462955572 0.044388830797293374 -0.010528239995426215 -0.093029839369194692
leaf_weight=322.80019026855007 3.0320763378404072 1.3402660056017328 2.3183241849765173 2.2793064601719371 1.3823752980679263 8.8633848121389729 9.5168455913662893 41.300921471789479 35.549021686892956 23.352257715538148 10.472507471684363 26.646265388466421 4.1991092022508374 35.516956088133156 11.06123545207083 2.168748242314904 1.2123851478099812 1.8845056146383274 4.1125886579975477 20.639163320884112 1.5924118049442757 13.672726932447402 1.0025059431791294 1.3579564951360215 0.92058006254956204 2.8107319083064786 1.6361319050192822 4.6732971668243399 52.630263623781502 2.0284109199419609
leaf_count=3277 286 14 48 16 9 94 105 594 340 162 258 198 33 459 140 15 8 13 43 157 12 199 5 8 16 25 10 32 683 12
internal_value=-3.85069e-05 -0.000281374 -0.000433716 -0.000236279 -0.000480284 -0.000629586 0.00032095 0.0147275 -0.0134113 -0.00114001 -0.00272252 0.0119931 0.0266186 -0.00190113 -0.000529475 -0.00139239 -0.00179299 -0.00150746 -0.00110725 -0.00189185 -0.0228515 -0.000722383 0.000221732 0.00674735 -0.0367892 0.00933118 -4.10149e-05 -0.000369438 -0.000923587 -0.0135899
internal_weight=651.973 648.941 647.601 645.283 643.003 641.621 597.209 54.9865 44.4124 542.222 483.912 58.3102 27.5514 472.519 437.002 425.941 423.772 422.56 30.7589 420.675 22.2316 398.444 384.771 45.4696 11.3931 44.1117 383.768 382.132 377.459 54.6587
internal_count=7271 6985 6971 6923 6907 6898 6464 732 434 5732 5296 436 195 5022 4563 4423 4408 4400 241 4387 169 4218 4019 627 274 619 4014 4004 3972 695
is_linear=0
shrinkage=0.05


Tree=109
num_leaves=31
num_cat=0
split_feature=310 98 162 75 181 186 108 223 101 47 195 276 226 149 183 115 50 301 135 158 265 280 219 288 257 314 133 158 123 212
split_gain=3.16332 4.15774 3.10433 3.13784 3.75682 4.07055 3.90419 3.05369 5.37957 3.51201 2.85995 2.78951 5.33919 6.52917 5.603 5.48972 4.93867 4.56855 4.62371 4.66036 4.99308 5.65753 4.26292 3.89049 6.07568 3.77996 3.77628 4.65345 5.56871 5.53885
threshold=0.009000000078231098 0.054800000041723258 0.0050000001210719356 0.002650000038556755 0.0012500000302679839 0.0020500000100582842 0.0063499999232590207 0.0030500000575557355 0.019849999807775024 0.01814999990165234 0.1142999976873398 1.0000000180025095e-35 0.0030500000575557355 0.0027499999850988392 0.0014499999815598132 0.010699999984353782 0.0012500000302679839 0.0056499999482184657 0.0020500000100582842 0.0022500000195577745 0.0024500000290572648 0.0010500000207684936 1.0000000180025095e-35 0.0010500000207684936 0.0038499999791383748 0.0023500000825151805 0.0014499999815598132 0.014250000007450582 0.0011500000255182388 1.0000000180025095e-35
decision_type=2 2 2 2 2 2 2 2 2 2 2 2 2 2 2 2 2 2 2 2 2 2 2 2 2 2 2 2 2 2
left_child=2 -2 3 7 5 -5 -6 10 9 -9 11 12 13 14 16 -15 22 -14 19 20 -19 -22 26 -18 -25 -21 27 28 29 -1
right_child=1 -3 -4 4 6 -7 -8 8 -10 -11 -12 -13 17 15 -16 -17 23 18 -20 25 21 -23 -24 24 -26 -27 -28 -29 -30 -31
leaf_value=0.0054194820110607615 0.052192543877365265 -0.06733658300160289 0.050412699699972113 -0.044309457300514832 0.07102913823902407 0.056316066902939922 -0.041693467499704401 0.051182018870878865 -0.048051371877932299 -0.056243108851904346 0.06780320687761697 0.0015330414438445598 -0.029630123895094819 -0.037173196282685769 0.063406308542583528 0.13840229467362061 -0.052254249546860025 -0.053783361446164829 -0.092426535940595259 -0.038701445619540753 0.03928028041706122 -0.055893934828525317 0.073599088081552619 -0.02410314789057634 0.16918030401889994 0.048304395070371063 -0.022461744257013479 0.10911931378460563 -0.035827646157947445 0.048288831069259762
leaf_weight=66.20924281142652 5.2810786738991728 0.84376618172973383 2.9944793973118058 11.241023463197051 1.9037013761699193 1.1037021130323399 1.2877850662916897 8.5280503565445507 2.0374956699088207 0.83534856233745891 1.526967788580804 424.57991478219628 35.145884352736175 13.852709438651797 3.8775001484900704 0.45999105554074127 6.7130030565895122 2.1348488433286645 1.3633644282817829 8.2867970583029074 13.142576118931173 1.7719765193760384 2.2430908493697634 1.5955426823347809 0.54561394359916437 1.4697332605719555 11.915019712410865 1.1145108444616187 7.1715852282941333 8.5022733155637962
leaf_count=708 202 10 78 162 18 8 14 138 41 8 21 4001 356 494 29 3 334 23 8 87 79 10 17 44 6 10 145 15 128 74
internal_value=-3.71958e-05 0.0357261 -0.000377563 -0.000614996 -0.0228113 -0.0353129 0.0255449 -6.3262e-05 0.0255766 0.0415982 -0.000539642 -0.000710134 -0.00578922 0.000234738 0.00437211 -0.0315304 0.00221283 -0.0176059 -0.00260374 0.0019647 0.0177356 0.0279728 0.00547076 -0.033536 0.0251497 -0.0255948 0.00386067 0.00763948 0.00625823 0.0102981
internal_weight=649.679 6.12484 643.554 640.559 15.5362 12.3447 3.19149 625.023 11.4009 9.3634 613.622 612.095 187.515 124.2 109.887 14.3127 106.01 63.3152 28.1693 26.8059 17.0494 14.9146 97.1557 8.85416 2.14116 9.75653 94.9126 82.9976 81.8831 74.7115
internal_count=7271 212 7059 6981 202 170 32 6779 187 146 6592 6571 2570 1997 1500 497 1471 573 217 209 112 89 1087 384 50 97 1070 925 910 782
is_linear=0
shrinkage=0.05


Tree=110
num_leaves=31
num_cat=0
split_feature=185 149 215 314 228 108 228 179 254 226 269 25 245 230 246 287 228 110 124 253 189 89 149 254 230 245 50 189 226 47
split_gain=3.09919 2.77848 2.69206 4.31952 4.198 3.2256 4.21129 3.35004 3.3248 5.64031 4.93417 4.67373 4.47967 4.33366 4.59374 4.23405 4.07121 4.06309 4.47498 4.955 4.0199 6.01544 5.01329 4.85664 4.92823 7.75432 4.7615 5.05734 4.61055 3.96878
threshold=1.0000000180025095e-35 0.53134998679161083 0.066149998456239714 0.0017499999958090486 0.0019500000635161998 0.0068500000052154073 0.026250000111758712 0.015399999916553499 1.0000000180025095e-35 0.0066499998793005952 1.0000000180025095e-35 0.011850000359117987 0.059750000014901168 0.0029499999945983295 0.013349999673664572 0.0015499999863095584 0.0017499999958090486 0.0018500000005587938 0.0016499999910593035 0.0021499999566003685 0.014050000347197058 0.0056499999482184657 0.0015499999863095584 0.011049999855458738 1.0000000180025095e-35 0.0020500000100582842 0.0059500001370906839 0.0040500001050531873 0.007849999703466894 0.0023500000825151805
decision_type=2 2 2 2 2 2 2 2 2 2 2 2 2 2 2 2 2 2 2 2 2 2 2 2 2 2 2 2 2 2
left_child=1 2 5 -4 -5 6 7 8 11 -10 12 15 13 14 17 -1 -16 18 19 20 21 22 23 24 25 -11 27 28 -26 -27
right_child=-2 -3 3 4 -6 -7 -8 -9 9 10 -12 -13 -14 -15 16 -17 -18 -19 -20 -21 -22 -23 -24 -25 26 29 -28 -29 -30 -31
leaf_value=-0.003752366917000718 0.052442231446499676 -0.058012489897153963 -0.02041726007235305 -0.032404623779534347 0.043207332091928195 -0.024748720394130803 0.0594027253227725 0.073648200280376094 0.013209189027048249 -0.033636037201837575 0.053805805034579018 -0.049679790674421069 -0.040475844954714062 0.015329430964816522 0.0045579952439439957 0.058140098003311914 0.060651270086247912 -0.05238213371502777 -0.057504375659598012 0.064425047982273415 0.015334173648876473 -0.056210606540045942 -0.026089397926045612 0.036639713668709883 0.048297516293539872 0.013196778394983594 0.055235990096177572 0.0032966936889960541 -0.073466973341755087 0.084442296251265314
leaf_weight=320.34285216080025 2.8009647601284078 2.0763495508581391 5.3569283308461335 2.1528397100046268 12.46128477482125 13.592879302334039 2.9569993051700285 1.5230933874845494 96.324934570584446 9.5482421070337278 3.9048999585211268 5.5049964082427314 7.6357832173816851 31.717797106131911 12.135271450504662 2.7872944935224941 4.4103819373995057 5.0735725034028283 4.1705191731452933 2.5299322768114498 17.830274051055312 6.7053745016455641 24.35729846265167 8.1739013902842981 0.8636205978691559 24.638782822526995 1.5013963934034098 4.660440423525869 7.7879484798759222 2.123149372637271
leaf_count=3863 222 41 71 20 188 185 45 33 787 60 101 123 108 350 85 30 37 45 41 38 196 65 203 64 5 153 11 41 45 15
internal_value=-3.83771e-05 -0.000266332 -7.97942e-05 0.0179902 0.0320688 -0.000659235 -0.000121742 -0.000412073 -0.000598604 0.00344624 -0.00178502 -0.00399676 -0.00301936 -0.00131923 -0.00518751 -0.00321849 0.0195101 -0.00859384 -0.00666015 -0.00474499 -0.00636247 -0.0106438 -0.00699133 0.000853484 -0.0048682 0.00504738 -0.029173 -0.038693 -0.0613121 0.018849
internal_weight=647.65 644.849 642.773 19.9711 14.6141 622.802 609.209 606.252 604.729 276.094 179.769 328.635 175.864 168.228 136.51 323.13 16.5457 119.964 114.891 110.72 108.19 90.3602 83.6548 59.2975 51.1236 36.3102 14.8134 13.312 8.65157 26.7619
internal_count=7271 7049 7008 279 208 6729 6544 6499 6466 2450 1663 4016 1562 1454 1104 3893 122 982 937 896 858 662 597 394 330 228 102 91 50 168
is_linear=0
shrinkage=0.05


Tree=111
num_leaves=31
num_cat=0
split_feature=307 254 39 260 195 259 123 157 89 180 67 24 162 206 245 288 225 112 50 288 195 253 107 163 38 2 279 291 210 133
split_gain=2.9879 2.69505 2.658 3.86993 2.6111 2.49048 5.06253 3.11812 3.07562 2.88612 4.4276 4.45061 2.99662 2.86075 4.01255 3.57201 3.80534 3.44532 3.41604 5.60013 3.27568 3.35911 3.36905 3.2958 3.26328 6.08197 5.80932 4.11196 3.98011 4.13998
threshold=1.0000000180025095e-35 0.28225000202655798 0.0037000000011175875 0.019899999722838405 0.1142999976873398 0.12700000405311587 0.28125000000000006 0.0021499999566003685 0.057299999520182616 0.089000001549720778 1.0000000180025095e-35 0.0016499999910593035 0.0030000001424923543 0.0010500000207684936 0.0045499999541789302 0.0011500000255182388 0.0094499997794628161 0.0043500000610947618 0.03914999961853028 0.0010500000207684936 0.002549999975599349 0.0022500000195577745 0.048350000753998763 0.010250000283122064 0.0011500000255182388 0.0043500000610947618 0.020999999716877941 0.0049499999731779107 0.0028499999316409235 0.0057500000111758718
decision_type=2 2 2 2 2 2 2 2 2 2 2 2 2 2 2 2 2 2 2 2 2 2 2 2 2 2 2 2 2 2
left_child=1 2 3 4 5 6 8 -7 9 10 12 -12 13 17 -15 -16 -17 18 24 -20 21 22 23 -19 25 26 28 -27 -1 -30
right_child=-2 -3 -4 -5 -6 7 -8 -9 -10 -11 11 -13 -14 14 15 16 -18 20 19 -21 -22 -23 -24 -25 -26 27 -28 -29 29 -31
leaf_value=-0.0015412188026049062 0.051894152138924302 0.072154991690915007 -0.055165356610732436 0.064987741661187023 0.066734878927370886 0.04554658138465148 -0.051094937080342108 -0.066844301002252624 -0.053829857168117889 0.053942660671058719 -0.043882692476707195 0.053064162214983071 0.044876072776936511 0.052885929751567098 -0.041316300075379758 0.013656093572948245 -0.081117094974628906 -0.035299915456280702 0.19432076150805946 0.015366713255657728 0.040600472495634157 0.068956188829123605 0.09091425442382052 0.11641345733668973 0.050132099270519787 -0.050110789751036014 0.054254072484077244 0.010295529791969042 0.026808309824210313 -0.037341867059637275
leaf_weight=484.67708938149735 2.7580465045757583 1.2823011633008707 2.2082561422139397 2.2676151003688565 1.4430216657929111 5.1113310488872221 4.9836360290646544 0.70186119712889183 2.6918805418536058 2.4454354373738161 9.6249772580340487 1.3498679623007763 3.711305513046681 5.2425112240016452 3.5746323410421601 37.113380530849099 1.0902779605239619 20.260493401903673 0.58234965894371216 1.7536683436483143 2.0628652526065698 0.90681992471218009 0.56709698587655921 0.36441385559737582 3.1487534465268245 10.162320721894501 4.8812386058270922 3.8978032087907186 21.329287852160636 2.8512262646108857
leaf_count=4905 286 14 48 16 19 97 58 9 27 30 80 11 72 43 41 374 16 593 10 33 17 7 4 4 32 90 97 38 179 21
internal_value=-3.62716e-05 -0.000259266 -0.000404127 -0.000214823 -0.000447105 -0.000599754 -0.000900696 0.031977 -0.000500001 -0.000269051 -0.000483169 -0.0319586 8.48195e-05 -0.00019019 0.0116533 0.00647927 0.0109514 -0.0011892 -0.000352499 0.0599785 -0.0196563 -0.0252811 -0.0293136 -0.0326193 -0.000617938 -0.000920703 -3.27683e-05 -0.0333647 -0.000553517 0.0192441
internal_weight=645.046 642.288 641.005 638.797 636.53 635.087 629.273 5.81319 624.29 621.598 619.152 10.9748 608.178 604.466 47.0208 41.7783 38.2037 557.445 533.284 2.33602 24.1617 22.0988 21.192 20.6249 530.948 527.799 513.739 14.0601 508.858 24.1805
internal_count=7271 6985 6971 6923 6907 6888 6782 106 6724 6697 6667 91 6576 6504 474 431 390 6030 5405 43 625 608 601 597 5362 5330 5202 128 5105 200
is_linear=0
shrinkage=0.05


Tree=112
num_leaves=31
num_cat=0
split_feature=240 89 288 276 225 212 310 75 223 215 301 308 67 119 228 44 180 91 280 225 37 38 111 276 123 314 219 124 226 225
split_gain=2.92875 3.62247 4.20989 3.67782 3.61351 7.12622 3.41373 3.65894 4.09877 3.94952 2.98119 2.97136 2.96506 3.18574 2.88832 3.15383 2.88803 3.28146 2.81708 2.90326 2.77952 4.96201 4.04553 3.09048 5.39807 5.30763 6.70404 5.37507 4.98543 6.48821
threshold=0.1090499982237816 0.0082499999552965182 0.030749999918043617 0.0066499998793005952 0.019350000657141212 0.029150000773370269 0.0070000002160668382 0.0049499999731779107 0.0030500000575557355 0.0012500000302679839 0.0015499999863095584 0.0061500000301748523 1.0000000180025095e-35 0.0018500000005587938 0.0049499999731779107 0.0017499999958090486 0.0042499999981373557 0.0083499997854232805 0.0015499999863095584 0.0063499999232590207 0.0022500000195577745 1.0000000180025095e-35 0.0010500000207684936 1.0000000180025095e-35 0.0027499999850988392 0.0028499999316409235 0.0013499999768100681 0.0016499999910593035 0.0029499999945983295 0.0012500000302679839
decision_type=2 2 2 2 2 2 2 2 2 2 2 2 2 2 2 2 2 2 2 2 2 2 2 2 2 2 2 2 2 2
left_child=1 6 4 -4 14 -6 7 8 11 -10 -2 12 20 -14 15 -3 17 18 -12 -20 21 22 23 24 28 26 -25 -27 29 -1
right_child=10 2 3 -5 5 -7 -8 -9 9 -11 16 -13 13 -15 -16 -17 -18 -19 19 -21 -22 -23 -24 25 -26 27 -28 -29 -30 -31
leaf_value=0.00076187435661159611 0.075230834696091833 -0.051946015001224012 0.062191976617322932 -0.0086372876872163259 0.10477446698150657 -0.032656545886758225 0.047650762315607303 -0.050871541573490657 -0.017061035669866633 0.050720149485753152 -0.0073616396026422171 0.04123233121703436 -0.047895533794403825 0.037909724095515976 0.013552092562224366 0.060540633754852982 0.051275629883913293 -0.040301120454926745 0.045264409089242931 -0.032663137812908874 -0.057696913462999627 0.050630490739142386 -0.032736657189096484 0.0030445633187102528 -0.037258265068172106 -0.0050944442182246927 0.025260698691560186 -0.082629710807659643 -0.015787301997234948 0.067887227344061551
leaf_weight=104.38302299426869 1.977281604893508 14.646391710266478 2.5445510009303671 6.5518558942712843 1.3925204128026951 2.9236779808998108 3.7569199162535361 3.5359930340200654 3.0214362442493421 7.444211205933243 8.6509170131757944 4.2484497479163101 5.9850039863958946 1.3203889187425373 2.2466978067532173 0.65081578120589334 3.8448989749886087 3.4675512178800991 7.4401532812044007 1.4239561315625904 2.1030789176002136 4.7773384307511142 9.5908311782404763 220.03565317578614 12.416389945428817 104.94484709296376 40.154845145530999 2.2838917654007664 51.808117013890296 3.7284954050555816
leaf_count=1571 13 279 17 56 6 18 96 59 20 83 81 35 50 14 39 5 148 34 214 64 31 50 116 2028 349 936 365 16 453 25
internal_value=-3.54958e-05 -0.000738965 -0.017408 0.0111759 -0.0293022 0.0116824 0.000142298 -0.000164493 0.000145582 0.0311517 0.0161439 -0.00042594 -0.000740001 -0.0323869 -0.0393854 -0.0471603 0.0114382 0.0041383 0.0129362 0.0327459 -0.000324354 -0.000106607 -0.000547837 2.41209e-05 -0.00550018 0.00261527 0.00647315 -0.00674589 -0.00303444 0.00307686
internal_weight=643.3 616.495 30.9565 9.09641 21.8601 4.3162 585.539 581.782 578.246 10.4656 26.8048 567.78 563.532 7.30539 17.5439 15.2972 24.8275 20.9826 17.515 8.86411 556.227 554.123 549.346 539.755 172.336 367.419 260.19 107.229 159.92 108.112
internal_count=7271 6717 420 73 347 24 6297 6201 6142 103 554 6039 6004 64 323 284 541 393 359 278 5940 5909 5859 5743 2398 3345 2393 952 2049 1596
is_linear=0
shrinkage=0.05


Tree=113
num_leaves=31
num_cat=0
split_feature=185 149 259 123 276 53 251 255 255 203 212 180 289 154 226 214 158 158 135 240 154 89 225 221 123 225 119 126 233 75
split_gain=2.87157 2.56767 2.69909 3.35385 5.00152 4.74116 4.28529 4.07051 4.08205 5.47065 4.20831 3.48631 4.97334 4.88838 3.43666 3.8244 4.82925 4.31665 3.38572 3.62379 3.35843 4.68141 3.96818 3.98132 3.31748 3.80839 3.45004 4.3889 4.15436 3.28685
threshold=1.0000000180025095e-35 0.53134998679161083 0.0030000001424923543 0.0079499999992549437 0.0016499999910593035 0.0077499998733401307 0.0021499999566003685 0.063249997794628157 0.080200001597404494 0.0012500000302679839 0.0036499999696388845 1.0000000180025095e-35 0.0054500000551342973 0.0011500000255182388 0.0066499998793005952 0.0015499999863095584 0.18760000169277194 0.0020500000100582842 0.0059500001370906839 0.1090499982237816 0.089549999684095397 0.0071499999612569818 0.047499999403953559 0.0296000000089407 0.010950000025331976 0.0036499999696388845 0.0075499999802559623 1.0000000180025095e-35 0.0024500000290572648 0.0049499999731779107
decision_type=2 2 2 2 2 2 2 2 2 2 2 2 2 2 2 2 2 2 2 2 2 2 2 2 2 2 2 2 2 2
left_child=1 2 3 5 6 7 -5 18 -9 -10 -11 12 14 -13 15 16 17 -6 19 20 21 29 23 -23 -15 26 -26 -28 -29 -1
right_child=-2 -3 -4 4 11 -7 -8 8 9 10 -12 13 -14 24 -16 -17 -18 -19 -20 -21 -22 22 -24 -25 25 -27 27 28 -30 -31
leaf_value=0.00072255546138899531 0.052355526554706371 -0.057444122574646421 0.014114486253571593 -0.051773146598138302 -0.061382112140766214 -0.047015508147306248 0.096837372200999028 0.060867264144585514 -0.015307729413112614 -0.034749438125691388 0.057240570198158418 -0.038656664233501295 -0.079830691203619172 -0.040098365302212412 -0.014742389624546269 0.11417298112220982 -0.054640969595166226 0.058712889350880121 -0.050711731487218054 0.032963343927218017 0.041642049167441957 -0.045240696787337172 0.047314030503705612 0.013301239114854006 -0.010989386611145898 -0.047545896465487486 0.1085075438741589 -0.013622771482488097 0.040386094785759503 -0.062918491368786314
leaf_weight=465.35042980452999 2.6048465250059953 1.9562679529190052 31.845681010745466 9.3038088567554915 0.85185611993074228 5.1829809350892893 0.51177195087075311 5.1416079564951387 9.6178091932088154 1.525812410749493 6.7140738102607429 12.891102937515823 1.2667940706014622 5.1141178375110021 4.1329314252361646 1.4625311270356167 1.5041483985260127 6.1510135298594832 3.2571952678263179 8.4157865042798203 4.7658357452601185 13.249550597276544 1.718995889648794 3.7195504438132039 11.861693785525864 3.2836747262626877 1.4210096150636662 6.403250782750546 8.020110094919799 2.0377137451432636
leaf_count=4551 222 41 536 288 13 236 3 49 127 12 73 145 9 58 43 7 29 52 32 152 44 196 13 23 115 31 7 79 53 32
internal_value=-3.52491e-05 -0.000248924 -7.31978e-05 -0.000820154 -0.0107785 0.00057181 -0.0440248 0.00104115 0.0216104 0.0103076 0.0402064 -0.00570847 0.0150684 -0.012226 0.023593 0.0394851 0.0266447 0.0441041 9.97256e-05 0.000431223 -0.00012656 -0.000536089 -0.0250754 -0.0324086 -0.00278875 0.00336831 0.00940258 0.0246688 0.0164089 0.000445094
internal_weight=641.284 638.679 636.723 604.877 74.1798 530.697 9.81558 525.514 22.9993 17.8577 8.23989 64.3642 15.3693 48.995 14.1025 9.96955 8.50702 7.00287 502.515 499.258 490.842 486.076 18.6881 16.9691 36.1039 30.9897 27.7061 15.8444 14.4234 467.388
internal_count=7271 7049 7008 6472 932 5540 291 5304 261 212 85 641 153 488 144 101 94 65 5043 5011 4859 4815 232 219 343 285 254 139 132 4583
is_linear=0
shrinkage=0.05


Tree=114
num_leaves=31
num_cat=0
split_feature=163 149 188 254 92 111 293 272 205 236 64 203 6 59 278 314 183 183 276 254 234 177 25 212 254 189 177 95 149 288
split_gain=2.72782 2.55886 2.93555 2.51657 2.4696 2.67718 3.64247 3.03693 2.80802 3.04519 3.72929 3.08549 5.38006 4.55637 3.70661 5.23804 5.83679 7.52114 5.94532 5.82008 5.73983 5.30879 5.29936 5.00128 4.74883 4.56169 7.29272 6.02698 7.79097 7.7965
threshold=0.010850000195205213 0.018050000071525577 0.0095000001601874846 0.28225000202655798 0.0015499999863095584 0.0010500000207684936 0.0013499999768100681 0.0015499999863095584 0.0074499999172985562 0.014449999667704107 0.0037500000325962905 0.007849999703466894 0.014949999749660494 1.0000000180025095e-35 0.051950000226497657 0.0068500000052154073 0.0019500000635161998 0.0068500000052154073 0.0011500000255182388 0.041349999606609351 0.0041499999351799497 0.0071499999612569818 0.0020500000100582842 0.0018500000005587938 0.10205000266432764 0.0011500000255182388 0.0066499998793005952 1.0000000180025095e-35 1.0000000180025095e-35 0.010549999773502352
decision_type=2 2 2 2 2 2 2 2 2 2 2 2 2 2 2 2 2 2 2 2 2 2 2 2 2 2 2 2 2 2
left_child=3 2 -2 4 5 8 -7 -8 9 10 11 12 13 14 15 16 20 18 -18 -17 21 24 23 -20 25 26 27 28 29 -1
right_child=1 -3 -4 -5 -6 6 7 -9 -10 -11 -12 -13 -14 -15 -16 19 17 -19 22 -21 -22 -23 -24 -25 -26 -27 -28 -29 -30 -31
leaf_value=0.00035315629128200761 0.05432722215123003 -0.030339388320073685 -0.12433983464698116 0.071754251853402271 0.064353155307494372 -0.042042361709969452 -0.013084831865132011 0.070533213706660144 0.02473855784921199 -0.042457423261723047 0.037414439368704006 0.013278103290818914 -0.034884031019147242 -0.054870657765422361 0.031668920422340145 -0.021158345493288037 0.07331331168961118 -0.01991085256280635 -0.049847481643160586 0.058600400493868034 0.054599968928636555 -0.027861374608906222 0.048770116904875573 0.020868030634157323 -0.074990672672912803 0.0064976067683774306 0.13211125973151694 0.084503085404377246 -0.025447699158815014 -0.046305510566643636
leaf_weight=211.1234808342997 5.254461094737052 1.3491527508012948 0.24042023718357075 1.2069449624977995 1.4639015775173891 8.7733063818886858 3.9173290175385764 1.5022911187261341 11.110928553855045 4.3197744935750952 6.4749366408213964 36.830138160847127 11.927428977098314 3.8881368171423665 8.7817867426201683 44.418537454679608 6.8839009879156974 8.8461328726261836 3.8213904425501841 2.4114133776165536 4.5816602157428852 18.516161645762622 8.5923098810017091 7.2323437621816993 2.1296953856945029 160.81338657811284 0.9778003916144361 1.880376518703996 40.649653545115143 9.3496251143515092
leaf_count=2277 246 31 1 12 10 141 33 10 229 49 79 336 279 66 87 417 44 74 27 49 45 146 62 82 13 1372 7 15 975 57
internal_value=-3.60058e-05 0.0313607 0.0465099 -0.000375778 -0.000513697 -0.000664484 -0.022134 0.0100937 -0.000169463 -0.000627319 -0.000326224 -0.000737857 -0.00166492 -0.000937773 -0.000550167 -0.00108178 0.000458917 0.0200145 0.0333272 -0.0170513 -0.00107834 -0.00165103 0.0193162 -0.00357905 -0.000514257 -0.000140872 -0.00418494 -0.00469166 -0.00533397 -0.0016255
internal_weight=639.269 6.84403 5.49488 632.425 631.218 629.754 14.1929 5.41962 615.561 604.45 600.13 593.655 556.825 544.898 541.01 532.228 485.398 35.3761 26.5299 46.83 450.022 445.44 19.646 11.0537 426.924 424.794 263.981 263.003 261.123 220.473
internal_count=7271 278 247 6993 6981 6971 184 43 6787 6558 6509 6430 6094 5815 5749 5662 5196 289 215 466 4907 4862 171 109 4716 4703 3331 3324 3309 2334
is_linear=0
shrinkage=0.05


Tree=115
num_leaves=31
num_cat=0
split_feature=185 149 228 180 215 163 314 251 108 226 133 288 61 240 226 246 47 253 232 189 245 255 180 262 206 292 53 245 226 276
split_gain=2.68329 2.43187 2.42803 6.29678 4.34568 4.11011 3.42691 3.36445 5.75565 3.45128 3.17877 4.27426 5.57649 3.98619 5.12818 5.58773 4.72979 3.83972 3.49643 3.44687 3.16044 5.66539 4.93261 3.31771 3.28929 3.22578 4.22855 4.03801 3.7065 9.13721
threshold=1.0000000180025095e-35 0.53134998679161083 0.0021499999566003685 0.0012500000302679839 0.072999998927116408 0.010750000365078451 0.0017499999958090486 0.0046500000171363362 0.0012500000302679839 0.0011500000255182388 0.0014499999815598132 0.0073500000871717939 0.0014499999815598132 0.0031500000040978198 0.0098500000312924402 0.0011500000255182388 0.0018500000005587938 0.0013499999768100681 0.024199999868869785 1.0000000180025095e-35 0.051500000059604652 0.020250000059604648 0.0052499999292194852 0.0023500000825151805 0.0017499999958090486 0.0011500000255182388 0.0075499999802559623 0.0010500000207684936 0.011549999937415125 0.0071499999612569818
decision_type=2 2 2 2 2 2 2 2 2 2 2 2 2 2 2 2 2 2 2 2 2 2 2 2 2 2 2 2 2 2
left_child=1 2 10 7 5 -5 -6 8 9 -4 18 12 -12 -13 15 16 -15 -16 20 -20 24 23 -23 -22 25 26 28 -27 29 -1
right_child=-2 -3 3 4 6 -7 -8 -9 -10 -11 11 13 -14 14 17 -17 -18 -19 19 -21 21 22 -24 -25 -26 27 -28 -29 -30 -31
leaf_value=-0.00067842493055351831 0.052229897651056213 -0.057223249447979158 0.087742101527133964 -0.0059858410472363619 -0.013915781041016338 0.062054552465524028 0.041350588693043352 0.065151397556725762 -0.030263321378713504 0.023384938607692304 -0.033219902667546229 0.074295780461511529 0.096518335361941932 -0.02939213199638634 -0.034805417649799573 0.071419702911859922 0.059435667428103703 0.048969422249208722 -0.046601212366965988 0.04666384561309167 -0.038489870691739959 0.038119563594626447 -0.088894085869694689 -0.12788079921766557 0.018914346511905624 -0.04591270547139218 -0.050205909393013164 0.022359857332748038 -0.0087459774368070058 0.037786971864443929
leaf_weight=253.80255223670974 2.4462905100081107 1.86664180131629 2.5828004851937356 75.371980286203325 3.8646244471892706 2.2868651582393786 10.229283531894906 5.2348177316598585 4.3719933722168198 10.768974535632877 23.330632629804317 1.7113955542445207 0.85874347947537799 5.3016733825206774 11.990518163889645 3.6369878631085157 2.0891122929751873 1.5438791080377985 1.1629420146346081 6.6874123029410839 6.1364448280073685 4.175105722155422 0.93570358306169499 1.2493074052035806 21.618879647925496 2.3863195683807161 4.5320672094821921 23.435132752172649 125.17718784790486 16.438762905076146
leaf_count=3073 222 41 17 728 53 92 166 70 34 94 390 12 7 48 97 20 15 18 19 57 63 59 8 8 183 23 274 250 998 132
internal_value=-3.55489e-05 -0.000236968 -6.88987e-05 0.00651331 0.000653423 -0.00398222 0.0261963 0.029932 0.0195298 0.0358343 -0.00152597 -0.0134484 -0.0286141 0.000514214 -0.0046266 0.0206835 -0.00428367 -0.0252492 -0.000239686 0.0328477 -0.000804493 -0.0256053 0.0148655 -0.0536104 -0.000111754 -0.00107782 -0.00218364 0.0160504 -0.00163324 0.00166142
internal_weight=637.225 634.779 632.912 114.711 91.7528 77.6588 14.0939 22.9586 17.7238 13.3518 518.201 50.4629 24.1894 26.2736 24.5622 11.0278 7.39079 13.5344 467.738 7.85035 459.887 12.4966 5.11081 7.38575 447.391 425.772 399.951 25.8215 395.419 270.241
internal_count=7271 7049 7008 1254 1039 820 219 215 145 111 5754 607 397 210 198 83 63 115 5147 76 5071 138 67 71 4933 4750 4477 273 4203 3205
is_linear=0
shrinkage=0.05


Tree=116
num_leaves=31
num_cat=0
split_feature=307 39 254 195 149 64 220 149 6 257 120 228 301 254 265 107 232 254 95 206 212 226 25 176 108 53 214 195 110 189
split_gain=2.5533 2.39286 2.36481 2.34234 2.16838 2.17815 4.60714 2.59745 4.1909 5.12185 4.94288 4.89391 4.76162 4.05402 3.88686 6.36137 3.79579 3.67924 3.55622 3.54316 6.3881 3.42763 4.83688 5.30377 5.2616 4.60725 6.08088 4.56802 4.14624 4.04417
threshold=1.0000000180025095e-35 0.0037000000011175875 0.28225000202655798 0.1142999976873398 0.53134998679161083 0.0063000000081956395 0.0044499998912215242 1.0000000180025095e-35 1.0000000180025095e-35 0.016849999316036705 0.0013499999768100681 0.0039500000420957812 0.13704999536275866 0.021450000815093521 0.0015499999863095584 0.003249999950639904 0.11565000191330911 0.0027499999850988392 0.0013499999768100681 0.0021499999566003685 0.010049999691545965 0.0053499999921768912 0.0030500000575557355 0.0049499999731779107 0.0010500000207684936 0.0015499999863095584 0.0016499999910593035 0.0113500002771616 0.0013499999768100681 0.003249999950639904
decision_type=2 2 2 2 2 2 2 2 2 2 2 2 2 2 2 2 2 2 2 2 2 2 2 2 2 2 2 2 2 2
left_child=1 2 3 4 5 7 -7 8 9 13 -11 -12 19 16 15 17 18 -9 -1 20 -10 25 23 -23 27 29 -27 -25 -26 -16
right_child=-2 -3 -4 -5 -6 6 -8 14 12 10 11 -13 -14 -15 21 -17 -18 -19 -20 -21 -22 22 -24 24 28 26 -28 -29 -30 -31
leaf_value=0.0016474499555847331 0.051720961808144075 -0.054723438275208452 0.070709507526299828 0.064952226375750363 -0.057189505258132878 0.049069984980390162 -0.031466226378032897 -0.040104195250666441 -0.030962467185927114 0.032503420450319433 -0.069966370340121278 0.033040271271184411 0.055743094678369513 0.036139011532426178 0.005032104745332569 0.1769607169540546 -0.071222120362608013 0.07130019218702531 -0.058132417266939053 -0.13031607854895416 0.041264535004914032 -0.019352244780943707 0.0043260069639025093 0.042255906286302332 -0.040935253297783886 -0.036624951239368091 0.067629513099430424 -0.049188860330621406 0.049247637938897124 0.037230874260363249
leaf_weight=313.79218438221142 2.3741698309313497 2.0079772397875777 1.1784128588624287 1.3770575392991293 1.6722869062796224 5.9413899718783778 2.5327819306403399 14.022212528157974 20.056878045666974 24.507596266455952 2.5658038575202218 2.094288719817996 2.0649322401732197 8.3082386469468457 36.07345319353044 0.36541609838605005 1.8210039231926192 0.78248492442071516 2.5076976269483557 0.75009479373693366 3.6127754906192413 79.621762672904879 60.645403420552611 10.450138445012273 6.2043045945465556 9.7054788116365653 1.6341823693364848 1.5709901740774501 1.6040248200297353 13.364964758977292
leaf_count=2951 286 48 14 19 37 64 24 569 315 277 22 24 25 115 429 3 19 16 18 5 29 770 593 96 51 306 14 13 11 108
internal_value=-3.40065e-05 -0.000228172 -5.47093e-05 -0.000187147 -0.000329921 -0.000178172 0.0249991 -0.000523339 0.00202422 0.00345332 0.023528 -0.0236742 -0.0171637 0.00165958 -0.00464702 -0.0291292 0.000759091 -0.034216 0.0011735 -0.0233287 -0.0199382 -0.00296554 -0.00680328 -0.0135899 0.00954764 0.00714355 -0.0216006 0.0303054 -0.0224094 0.0137366
internal_weight=635.21 632.836 630.828 629.65 628.273 626.6 8.47417 618.126 382.081 355.597 29.1677 4.66009 26.4847 326.429 236.045 15.1701 318.121 14.8047 316.3 24.4197 23.6697 220.875 160.097 99.4512 19.8295 60.7781 11.3397 12.0211 7.80833 49.4384
internal_count=7271 6985 6937 6923 6904 6867 88 6779 3800 3426 323 46 374 3103 2979 588 2988 585 2969 349 344 2391 1534 941 171 857 320 109 62 537
is_linear=0
shrinkage=0.05


Tree=117
num_leaves=31
num_cat=0
split_feature=213 122 259 180 67 70 162 89 265 225 43 259 104 59 166 222 255 133 245 245 215 276 177 245 244 230 112 278 6 104
split_gain=2.46508 3.19735 3.93894 2.93672 3.59067 3.69996 3.16771 3.25053 6.79638 2.96988 2.97624 3.13409 3.96952 2.68621 2.62217 3.16201 2.93147 6.57057 5.79792 4.98911 5.64376 4.36309 5.95756 5.1324 4.30358 4.39757 5.8859 7.51894 5.2376 5.54252
threshold=0.0020500000100582842 0.016749999485909942 0.023000000044703487 0.089000001549720778 1.0000000180025095e-35 0.0010500000207684936 0.0030000001424923543 0.0082499999552965182 0.11095000058412553 0.047499999403953559 0.034549999982118614 0.0030000001424923543 0.0023500000825151805 0.0029499999945983295 0.009000000078231098 0.0047499998472630986 0.016999999992549423 0.0063499999232590207 0.051500000059604652 0.026950000785291198 0.0019500000635161998 0.013150000013411047 0.025449999608099464 0.0016499999910593035 0.0021499999566003685 0.0037500000325962905 0.0010500000207684936 0.0039500000420957812 1.0000000180025095e-35 0.021249999292194847
decision_type=2 2 2 2 2 2 2 2 2 2 2 2 2 2 2 2 2 2 2 2 2 2 2 2 2 2 2 2 2 2
left_child=1 2 3 4 6 -6 7 13 9 10 11 -9 -13 14 15 16 18 21 19 24 -21 23 -23 -18 25 26 28 -28 -1 -30
right_child=-2 -3 -4 -5 5 -7 -8 8 -10 -11 -12 12 -14 -15 -16 -17 17 -19 -20 20 -22 22 -24 -25 -26 -27 27 -29 29 -31
leaf_value=0.0019253379196822258 0.023562333180763503 -0.033205162830881353 0.035288449601447329 0.061297465737164096 -0.042712525907325861 0.039663987349143712 0.04975369175515721 -0.044657341052285082 0.052033386656236073 0.043016802653699941 0.054588830131524796 0.059578627469377844 -0.06958470158111478 -0.047712413589057742 -0.037828574370537438 0.082686117520059721 -0.039421286819824285 -0.040577588311683337 -0.038370489015998932 -0.012484109700899769 0.047172568412303495 -0.018772672269856766 0.044232598291842083 0.027838480515705418 0.063315923911879388 0.032131364075585582 -0.033482926954289907 0.0091653413562795046 -0.023580747984261689 0.029855969643643978
leaf_weight=357.42988852364942 10.877858429914339 7.360707306303083 7.7835141574032596 1.9159169085323799 8.7500745807774347 1.6146417837589968 3.1573605318553737 16.954579885583385 3.0308538964018217 1.3845923244953144 0.93326991423964401 1.6930689383298152 0.9170253756456076 2.896453700028359 4.4129616050049654 1.178307850845157 3.040388462599366 5.8786490606144062 10.006696920376269 6.0928592192940441 11.349314651917664 16.224445001222197 4.880568371154367 42.249824817758054 2.5933464877307406 9.6416274774819595 30.306557351024821 15.682306048460303 37.138410641811788 5.5818508081138125
leaf_count=3152 401 120 192 23 71 17 69 244 24 9 16 20 9 44 66 10 55 52 95 51 109 159 46 415 21 95 1024 125 489 48
internal_value=-3.42784e-05 -0.000446895 -5.46445e-05 -0.000507894 -0.000703613 -0.0298797 -0.00019508 -0.000461702 -0.0181378 -0.0278569 -0.0326443 -0.0368055 0.0141986 0.000315537 0.000562324 0.000865248 0.000692499 0.0100877 -0.000705187 8.69369e-05 0.0263334 0.0145736 -0.0042026 0.0233232 -0.000911802 -0.00127725 -0.00199925 -0.0189398 -5.22969e-05 -0.0165987
internal_weight=632.958 622.08 614.719 606.936 605.02 10.3647 594.655 591.498 24.9134 21.8825 20.4979 19.5647 2.61009 566.584 563.688 559.275 558.097 72.2739 485.823 475.816 17.4422 66.3952 21.105 45.2902 458.374 455.781 446.139 45.9889 400.15 42.7203
internal_count=7271 6870 6750 6558 6535 88 6447 6378 322 298 289 273 29 6056 6012 5946 5936 727 5209 5114 160 675 205 470 4954 4933 4838 1149 3689 537
is_linear=0
shrinkage=0.05


Tree=118
num_leaves=31
num_cat=0
split_feature=185 231 219 122 221 120 122 119 120 310 122 124 254 218 232 292 149 101 104 301 6 255 112 177 43 89 309 257 212 225
split_gain=2.47276 2.27423 2.26048 5.64862 4.28925 3.53943 3.33464 2.95199 2.95072 2.93663 3.32287 6.57173 3.82896 3.63235 3.24119 3.39016 2.8863 2.82568 6.15764 5.10335 5.25879 4.61171 4.69576 4.12951 4.89428 5.59626 4.90473 4.60142 4.07522 5.78775
threshold=1.0000000180025095e-35 0.063550002872943892 0.0093499999493360537 0.0046500000171363362 0.030749999918043617 0.0014499999815598132 0.0031500000040978198 0.0086500002071261423 0.0044499998912215242 0.009000000078231098 0.0015499999863095584 0.0017499999958090486 0.070450000464916243 0.0088499998673796671 0.051550000905990608 0.0011500000255182388 0.0073500000871717939 0.007849999703466894 0.016200000420212749 0.076049998402595534 1.0000000180025095e-35 0.023349999450147155 0.002650000038556755 0.023099999874830249 1.0000000180025095e-35 0.0010500000207684936 0.0010500000207684936 0.15630000084638598 0.021450000815093521 0.019350000657141212
decision_type=2 2 2 2 2 2 2 2 2 2 2 2 2 2 2 2 2 2 2 2 2 2 2 2 2 2 2 2 2 2
left_child=1 2 3 6 -5 16 9 8 -7 10 11 12 13 17 15 -12 -4 18 19 20 28 -22 -23 24 26 -26 -19 -27 29 -1
right_child=-2 -3 5 4 -6 7 -8 -9 -10 -11 14 -13 -14 -15 -16 -17 -18 23 -20 -21 21 22 -24 -25 25 27 -28 -29 -30 -31
leaf_value=-0.00037508841246891811 0.052149750236876805 -0.079617368667528915 0.049907737014091243 -0.04546545536149494 0.03037535642470901 -0.018974976852635501 0.0351612012533431 -0.042910925628915644 0.043750151942283377 0.054804996305878664 -0.03766825254751674 0.077339745927256398 0.066388931473750773 -0.080364508258805645 0.077869758849792789 0.044901163173540509 0.012157037249458311 -0.030414022149413307 0.074026963096775047 0.018883637868450709 -0.026827251093470728 0.024370120242970552 -0.061426208803435828 0.013907153445453012 0.046551837087225212 -0.01733600798824976 0.023986475930315637 0.071548948959476028 0.031011883320040484 0.10694616125057804
leaf_weight=367.12557378341444 2.2619586598593733 0.90066676028072734 6.7820290178060558 11.237166215665637 2.2351132929325095 4.3420730007346702 6.6164465351030222 4.50709745939821 3.2997987924609333 2.3866468505002549 12.651808054419229 2.7227723300456992 2.1291590500622979 1.430446920916437 0.73914956115186292 1.3786051068454988 19.97920755459927 38.518219983205199 2.8646510532125822 34.851394327124581 32.892460539704189 9.5335073284804803 1.9151916601695109 15.876857340801505 5.7530294903554049 17.195457857567821 4.642743343487381 1.5907465275377024 10.901345430873333 1.2605707868933667
leaf_count=3728 222 8 254 226 18 77 88 44 47 44 191 19 22 10 7 14 190 409 51 280 654 87 38 124 60 192 34 13 114 6
internal_value=-3.43857e-05 -0.000222267 -0.000108284 -0.000880057 -0.0328831 0.0115634 -0.000130193 -0.010818 0.00811005 -0.000541031 -0.000774419 -0.000147291 -0.000531952 -0.000792746 -0.024179 -0.0295551 0.0217241 -0.000583866 0.000948614 0.000492009 -0.00102105 -0.017314 0.0100177 -0.00904314 -0.0144254 0.00340393 -0.0245623 -0.00980956 0.000883709 -7.84867e-06
internal_weight=630.522 628.26 627.359 588.449 13.4723 38.9102 574.977 12.149 7.64187 568.36 565.974 551.204 548.481 546.352 14.7696 14.0304 26.7612 544.922 461.345 458.48 423.629 44.3412 11.4487 83.5771 67.7002 24.5392 43.161 18.7862 379.287 368.386
internal_count=7271 7049 7041 6429 244 612 6185 168 124 6097 6053 5841 5822 5800 212 205 444 5790 4958 4907 4627 779 125 832 708 265 443 205 3848 3734
is_linear=0
shrinkage=0.05


Tree=119
num_leaves=31
num_cat=0
split_feature=163 254 89 257 180 247 265 126 257 220 25 265 89 91 53 212 123 133 98 180 101 64 262 180 202 254 228 101 176 120
split_gain=2.4294 2.22501 2.30768 6.18348 5.75872 6.00562 5.34658 5.4202 4.44574 4.32119 4.34839 4.24862 9.13715 5.10475 5.51932 4.53924 4.2323 4.10755 4.13923 4.09201 4.09023 3.95997 3.95423 3.93356 4.56973 4.35761 4.58907 3.90284 4.62517 4.62237
threshold=0.010850000195205213 0.28225000202655798 0.0010500000207684936 0.0034500000765547161 1.0000000180025095e-35 1.0000000180025095e-35 0.0019500000635161998 0.0030500000575557355 0.0023500000825151805 0.0028499999316409235 0.0011500000255182388 0.0040500001050531873 0.0052499999292194852 0.0020500000100582842 1.0000000180025095e-35 1.0000000180025095e-35 0.00335000001359731 1.0000000180025095e-35 0.0022500000195577745 0.00075000003562308859 1.0000000180025095e-35 0.0037500000325962905 1.0000000180025095e-35 0.0027499999850988392 0.0021499999566003685 0.0017499999958090486 0.0014499999815598132 0.021949999965727333 0.046550000086426742 0.003249999950639904
decision_type=2 2 2 2 2 2 2 2 2 2 2 2 2 2 2 2 2 2 2 2 2 2 2 2 2 2 2 2 2 2
left_child=1 2 3 4 17 8 -4 9 22 10 -8 12 13 14 -12 -13 23 18 21 -15 -21 -1 -6 25 -25 26 -5 29 -29 -9
right_child=-2 -3 6 16 5 -7 7 27 -10 -11 11 15 -14 19 -16 -17 -18 -19 -20 20 -22 -23 -24 24 -26 -27 -28 28 -30 -31
leaf_value=0.0077611302631678805 0.030914097820533816 0.070791016340940399 -0.01950926598530479 0.0093964736292718107 -0.011150407088980359 0.02654710132660584 -0.0076601926555825949 -0.038554631219663238 -0.053617887406151227 0.050117322537431799 0.04229379915823879 -0.0258171600785932 -0.044855738811273152 0.14159708737929094 -0.045790916592213342 0.0088580162117841144 -0.017701094251492969 -0.025942623831907659 0.10498144591149888 0.096194213117565319 -0.055715604769008942 0.099437053922688506 0.011560835551694458 -0.038332744221064946 0.037555400023728543 0.074872478698061448 0.05502967767258915 -0.00069834327610851087 -0.077772216144621445 0.039615484345904763
leaf_weight=127.64510929794051 6.2778528241906306 1.097261418821289 45.778224664274603 15.689258066471671 125.53032623836771 12.633491468615828 62.204018207266927 18.9607605971396 5.4616025160066775 4.9395407408010206 11.864415285177534 11.107764541637151 3.5103204054757944 2.0860505290329452 2.0919432500377289 62.789654123131186 6.4553086538799098 8.7547207055613381 1.1238521188497532 1.2027204697951672 0.70160589739680279 1.1889059469103802 22.618868720717728 4.5008402429521066 3.5471032564528286 5.4608547114767125 8.4910656618885678 40.304996296530589 2.0452677719295016 2.1006566500291219
leaf_count=1325 278 12 998 134 1280 132 514 244 69 163 90 126 69 21 29 603 84 115 8 28 16 11 202 49 35 88 72 435 12 29
internal_value=-3.39318e-05 -0.000346348 -0.000472085 0.00221725 -0.000314547 -0.00659077 -0.00392771 -0.00077027 -0.00931615 0.00406778 0.00262411 0.00933302 0.0289194 0.0433495 0.0290906 0.00364588 0.0197073 0.00720738 0.00944056 0.09322 0.0402265 0.00860713 -0.00768294 0.0261146 -0.00488531 0.0345314 0.0254208 -0.0131682 -0.00442056 -0.030758
internal_weight=628.164 621.887 620.789 349.101 304.957 166.244 271.688 225.91 153.611 162.498 157.558 95.3545 21.4571 17.9467 13.9564 73.8974 44.1444 138.713 129.958 3.99038 1.90433 128.834 148.149 37.6891 8.04794 29.6412 24.1803 63.4117 42.3503 21.0614
internal_count=7271 6993 6981 3604 3142 1683 3377 2379 1551 1659 1496 982 253 184 119 729 462 1459 1344 65 44 1336 1482 378 84 294 206 720 447 273
is_linear=0
shrinkage=0.05


Tree=120
num_leaves=31
num_cat=0
split_feature=185 39 260 195 110 110 195 163 212 301 149 124 92 309 313 301 224 212 108 202 203 95 250 280 245 183 6 257 314 183
split_gain=2.30394 2.21194 2.93024 2.16536 2.19521 4.54735 3.65665 3.23645 3.5516 3.43211 4.2094 3.56282 4.13506 3.91153 3.07383 5.62764 3.25857 8.58551 3.90768 4.91314 6.40834 3.58737 4.10394 3.39347 3.36426 3.17564 3.82624 3.73619 3.7324 9.52494
threshold=1.0000000180025095e-35 0.0037000000011175875 0.019899999722838405 0.1142999976873398 0.0015499999863095584 0.0022500000195577745 1.0000000180025095e-35 0.0018500000005587938 0.010250000283122064 0.007849999703466894 0.0079499999992549437 0.0030500000575557355 0.0015499999863095584 1.0000000180025095e-35 1.0000000180025095e-35 0.01625000033527613 0.003249999950639904 0.0096500003710389155 0.0046500000171363362 0.036350000649690635 0.0035500000230968003 0.0018500000005587938 0.10489999875426294 0.0044499998912215242 0.019049999304115776 0.0018500000005587938 0.017649999819695953 0.038049999624490745 0.0029499999945983295 0.0093499999493360537
decision_type=2 2 2 2 2 2 2 2 2 2 2 2 2 2 2 2 2 2 2 2 2 2 2 2 2 2 2 2 2 2
left_child=1 2 3 4 14 6 -6 8 9 -7 -11 12 13 -12 25 -16 18 23 19 -17 -21 22 -19 -18 -22 26 -1 -28 29 -27
right_child=-2 -3 -4 -5 5 7 -8 -9 -10 10 11 -13 -14 -15 15 16 17 21 -20 20 24 -23 -24 -25 -26 28 27 -29 -30 -31
leaf_value=-0.0013388497635021936 0.052043156135091452 -0.054414860456196007 0.058141855108196396 0.063885603115789821 -0.06148831040800911 -0.023850127671732564 0.023185738120230739 -0.051906039468209597 -0.042541974560441079 0.05409891204187324 -0.038916284280810086 0.074574433486914629 0.086092800626293167 0.017119580624370283 0.050449088454717808 0.034177844224407485 -0.1472035498575 0.033981824757485922 -0.078295367278157446 -0.10351501030153454 -0.015810746264422162 -0.062708889551388702 -0.066926662564472425 -0.044579156666544315 0.048373164999310478 0.038649082793556944 -0.040777011295644684 0.067372159212727573 -0.001435903566344634 -0.045153765540822337
leaf_weight=461.27994910301641 2.1166232090909025 1.8764724964275945 2.1560118030756703 1.3132757067214686 6.5402366511989367 6.5372034236788812 1.583802420645952 3.1315593495964995 4.0158664169721296 5.7487661857157972 6.6618223497644049 1.596652790904044 1.156626347452401 5.8481399370357394 8.07831097464077 17.519019770435996 1.3086125329136842 7.4355481949169171 1.0947116836905468 1.5349598303437222 5.7157844370231015 1.5333142951130856 1.1655378609430043 2.0953430570662022 3.1761078655254096 20.823764837346975 9.6529949202667886 0.87061409000307399 28.806165440240875 4.0501312278211108
leaf_count=5065 222 48 15 18 82 101 13 24 38 35 82 12 7 39 138 241 13 179 6 13 39 15 25 26 53 150 260 17 262 33
internal_value=-3.42275e-05 -0.000210788 -4.73766e-05 -0.000249636 -0.000385715 -0.011308 -0.0449809 -0.00342367 0.00138625 0.00778969 0.0176334 0.00389898 -0.00435796 -0.0127207 0.000426065 0.0121887 0.00492972 -0.0153287 0.0143739 0.018004 -0.00917092 0.00774742 0.0203077 -0.084032 0.0071152 -0.000707866 -0.00201895 -0.0318299 0.0108155 0.0250038
internal_weight=626.424 624.307 622.431 620.275 618.962 42.8207 8.12404 34.6966 31.5651 27.5492 21.012 15.2632 13.6666 12.51 576.141 50.6573 42.5789 13.5384 29.0406 27.9459 10.4269 10.1344 8.60109 3.40396 8.89189 525.484 471.804 10.5236 53.6801 24.8739
internal_count=7271 7049 7001 6986 6968 433 95 338 314 276 175 140 128 121 6535 748 610 258 352 346 105 219 204 39 92 5787 5342 277 445 183
is_linear=0
shrinkage=0.05


Tree=121
num_leaves=31
num_cat=0
split_feature=307 137 259 89 92 280 111 211 309 183 301 107 112 245 164 230 203 108 228 1 278 53 167 276 246 262 158 265 50 240
split_gain=2.21221 2.10868 2.86932 2.7097 2.66716 2.63376 2.46804 4.33028 2.84861 4.40169 3.27835 2.82314 2.90539 3.92431 4.28439 4.08226 3.89123 3.64271 4.42871 3.19104 3.11063 3.46773 3.66813 4.21187 3.99094 3.19781 4.43332 3.69501 3.67511 2.97998
threshold=1.0000000180025095e-35 0.0011500000255182388 0.12700000405311587 0.056599998846650131 0.0015499999863095584 0.093649998307228102 0.0010500000207684936 1.0000000180025095e-35 0.0022500000195577745 0.017150000669062141 0.3278499990701676 0.035999998450279243 0.0010500000207684936 0.0024500000290572648 0.023000000044703487 0.0020500000100582842 0.0555500015616417 0.0068500000052154073 0.027150000445544723 0.0015499999863095584 0.041399998590350158 0.0011500000255182388 0.015150000341236593 0.014250000007450582 0.0016499999910593035 0.0013499999768100681 1.0000000180025095e-35 0.015649999491870407 0.012550000101327898 0.1090499982237816
decision_type=2 2 2 2 2 2 2 2 2 2 2 2 2 2 2 2 2 2 2 2 2 2 2 2 2 2 2 2 2 2
left_child=1 2 3 4 5 6 8 -8 10 -10 11 12 17 14 15 16 29 18 -1 20 21 22 24 -24 -15 28 -27 -28 -26 -14
right_child=-2 -3 -4 -5 -6 -7 7 -9 9 -11 -12 -13 13 19 -16 -17 -18 -19 -20 -21 -22 -23 23 -25 25 26 27 -29 -30 -31
leaf_value=0.0010681342212565837 0.051556749467337439 -0.034121480418813709 0.038031142581510954 -0.050707221379833148 0.088236259894799107 0.056216271439652327 -0.040543207260437031 0.030414775352002467 -0.06117184141734943 0.028450513220456886 0.0213781197300843 0.073731844189428616 -0.04771938412815116 0.020057741889239884 0.079211577783481799 0.06983187219620407 0.084136263695367419 -0.036399977867694132 0.054912786510135425 0.056607080679007819 0.030803433961811684 -0.032582390674704843 0.10392130894146452 -0.010042906265946342 -0.038713719460983814 0.087174763552473056 -0.042896852541330799 0.037632109651751483 0.05263574075426828 0.061965716118892726
leaf_weight=485.26899642217904 2.0710723951924583 4.5492275180295101 4.9315946330316356 2.6504330057650796 0.85443121939897437 2.0642768936231723 8.7816010601818544 2.8471748968586317 4.3823980055749407 1.9931016436312345 18.133203538134694 1.2877616900950659 16.511605684412658 9.8057321328669769 0.87648871541023154 0.90263909986242552 0.61761750373989244 6.426011706236749 3.84913555253297 2.17504665441811 5.3893728610128155 11.945401999633757 1.6887588873505586 1.5593298599123953 13.817420812323691 1.448919117450713 3.5305574741214514 2.387901408597827 1.1963594807311881 0.64336651563644309
leaf_count=4601 286 54 103 30 6 30 136 23 58 76 167 12 880 125 11 11 7 70 50 17 40 216 8 13 158 11 36 19 13 4
internal_value=-3.31262e-05 -0.000204763 4.49189e-05 -0.000260663 -4.16126e-05 -0.000165359 -0.000356954 -0.0231699 8.82802e-05 -0.0331542 0.000447824 -0.000216475 -0.00038353 -0.00958998 -0.0288277 -0.0338984 -0.0391667 0.0010005 0.00149187 -0.00274436 -0.00519069 -0.00928491 -0.00143115 0.0492098 -0.0065415 -0.0181953 0.00878483 -0.0104061 -0.0314346 -0.0436058
internal_weight=624.587 622.516 617.967 613.035 610.385 609.53 607.466 11.6288 595.837 6.3755 589.462 571.328 570.041 74.4965 19.5517 18.6752 17.7726 495.544 489.118 54.9448 52.7698 47.3804 35.435 3.24809 32.1869 22.3812 7.36738 5.91846 15.0138 17.155
internal_count=7271 6985 6931 6828 6798 6792 6762 159 6603 134 6469 6302 6290 1569 913 902 891 4721 4651 656 639 599 383 21 362 237 66 55 171 884
is_linear=0
shrinkage=0.05


Tree=122
num_leaves=31
num_cat=0
split_feature=163 149 188 254 39 260 89 257 0 180 212 126 154 25 247 89 232 224 158 279 104 302 43 89 212 98 25 276 123 226
split_gain=2.19455 2.21928 2.23559 2.08747 2.04495 2.74476 2.06942 5.54805 5.09285 5.40576 4.78281 5.96312 5.48947 5.40801 4.63681 4.49444 4.68946 4.13227 5.64504 4.95533 6.19486 4.81508 4.76039 5.31604 5.34235 5.01397 4.98143 4.37488 4.01358 4.007
threshold=0.010850000195205213 0.018050000071525577 0.0095000001601874846 0.28225000202655798 0.0037000000011175875 0.019899999722838405 0.0010500000207684936 0.0034500000765547161 1.0000000180025095e-35 1.0000000180025095e-35 0.0010500000207684936 0.0049499999731779107 0.0031500000040978198 0.0011500000255182388 1.0000000180025095e-35 0.0054500000551342973 0.013349999673664572 0.0010500000207684936 0.0088499998673796671 0.0012500000302679839 0.0012500000302679839 0.0010500000207684936 1.0000000180025095e-35 0.0014499999815598132 0.0014499999815598132 0.0017499999958090486 1.0000000180025095e-35 0.010650000069290401 0.00335000001359731 0.0040500001050531873
decision_type=2 2 2 2 2 2 2 2 2 2 2 2 2 2 2 2 2 2 2 2 2 2 2 2 2 2 2 2 2 2
left_child=3 2 -2 4 5 6 7 8 9 -1 -8 13 -13 17 -11 29 -17 19 -19 21 -21 22 23 24 -12 26 -25 -24 -9 -15
right_child=1 -3 -4 -5 -6 -7 10 28 -10 14 11 12 -14 15 -16 16 -18 18 -20 20 -22 -23 27 25 -26 -27 -28 -29 -30 -31
leaf_value=0.006227989142242818 0.053324914348626497 -0.029021541469166853 -0.10023472437826615 0.070041113849250644 -0.05419350891719435 0.055466409265313356 -0.016192249761137464 0.024960984284757848 0.05468366093031958 -0.0096986577690884902 0.035397477868127386 -0.057248026983393444 -0.0088518898774723985 0.047028591123278188 0.023494962228106875 -0.015239112706185567 0.043976489090331569 0.046147947284966434 -0.019991499010471238 0.028449595274931225 -0.035669356322337108 -0.07826916102789952 -0.056629028247040525 0.041787429685755544 -0.064766854170952168 -0.036822057625830983 -0.040181276721698814 0.040633340167990958 -0.018454156636272086 0.013577009652287714
leaf_weight=135.53993453364819 4.5643167244270435 1.2670543626882134 0.24999862909317005 1.0520830482710142 1.7648262754082669 2.1990308715030542 60.22281821584329 37.294459411874413 4.1464360307436428 148.48602966964245 1.7624939382076288 6.9111820999532929 38.49950537038967 10.590776465600355 11.323119219159706 21.272166247945282 3.9669088609516612 7.7840265748091024 5.509704455267638 12.633767141727732 5.367445044219493 3.514622187241911 9.3433305048383755 10.225951949134471 5.4401263613253832 4.0954205617308608 2.2638625358231357 1.3194238431751717 6.2097936051432034 57.858081685146317
leaf_count=1422 246 31 1 12 48 16 1164 378 43 1506 10 59 438 131 117 275 63 81 70 115 42 19 100 75 44 27 21 8 82 627
internal_value=-3.36291e-05 0.0298553 0.0453508 -0.000328418 -0.000448693 -0.000294158 -0.000494653 0.00207905 -0.000344564 -0.00111711 -0.00378148 -0.00019434 -0.0162174 0.00427101 -0.00734676 0.0121028 -0.005932 -0.00632309 0.0187359 -0.0122754 0.00933116 -0.0225201 -0.0168326 -0.0043889 -0.0402565 0.0111876 0.0269301 -0.0445936 0.0187639 0.0187528
internal_weight=622.679 6.08137 4.81432 616.597 615.545 613.78 611.581 343 299.496 295.349 268.582 208.359 45.4107 162.948 159.809 93.6879 25.2391 69.2602 13.2937 55.9664 18.0012 37.9652 34.4506 23.7879 7.20262 16.5852 12.4898 10.6628 43.5043 68.4489
internal_count=7271 278 247 6993 6981 6933 6917 3548 3088 3045 3369 2205 497 1708 1623 1096 338 612 151 461 157 304 285 177 54 123 96 108 460 758
is_linear=0
shrinkage=0.05


Tree=123
num_leaves=31
num_cat=0
split_feature=251 301 276 251 25 245 126 278 202 166 264 98 287 314 26 104 123 254 123 240 108 285 228 223 75 245 164 226 276 176
split_gain=2.20012 3.20217 4.14313 4.95184 3.94214 3.9133 3.50261 3.92994 4.02912 3.23425 3.08212 3.01747 2.95784 4.81749 2.83002 2.78411 2.83652 3.9379 3.51612 3.10679 2.56478 4.04812 3.36528 3.38219 3.30993 2.83285 2.9924 2.60918 4.15731 4.20506
threshold=0.0049499999731779107 0.0016499999910593035 0.0017499999958090486 0.0063499999232590207 0.0019500000635161998 0.002549999975599349 0.0035500000230968003 0.013550000265240671 0.0013499999768100681 1.0000000180025095e-35 1.0000000180025095e-35 0.0013499999768100681 0.0011500000255182388 1.0000000180025095e-35 0.0015499999863095584 0.0013499999768100681 0.0014499999815598132 0.0051500000990927228 0.0031500000040978198 0.0043500000610947618 0.0016499999910593035 1.0000000180025095e-35 0.002549999975599349 0.0022500000195577745 0.0011500000255182388 0.1508000046014786 0.0070000002160668382 0.018749999813735489 0.0010500000207684936 0.010950000025331976
decision_type=2 2 2 2 2 2 2 2 2 2 2 2 2 2 2 2 2 2 2 2 2 2 2 2 2 2 2 2 2 2
left_child=14 11 3 -3 5 -5 12 8 10 -6 -8 -2 15 -14 20 -4 17 -17 -18 -19 21 22 24 27 25 -1 -27 -24 -29 -30
right_child=1 2 6 4 9 -7 7 -9 -10 -11 -12 -13 13 -15 -16 16 18 19 -20 -21 -22 -23 23 -25 -26 26 -28 28 29 -31
leaf_value=-0.00067956628346478273 -0.0084260471264852553 0.035725908793827851 0.044447334857841157 -0.032148667346483591 0.054829985207492687 -0.11662014908277876 -0.031727265387077909 0.031994265850140764 -0.048446159992537971 -0.040371767434638377 0.059664644894836506 0.057221121101164542 -0.067583842309062239 0.023619672715999546 0.070440966896131052 -0.039985440662525296 0.076016550723135512 -0.06549423182962813 0.00078274409572032353 0.06077483565307179 -0.009293078414584743 0.093900856091535714 -0.00081405765365503361 0.079679098640660126 -0.045717048345300465 0.012114951659955034 -0.15462841185913609 -0.071515476552326138 0.045463855827154211 -0.021489990749702349
leaf_weight=422.19105570227839 2.5017552860081178 2.8979637604206792 12.717903247568758 3.572288051247595 1.6068515852093699 2.225094310939312 1.7500187084078773 4.1538287182338527 6.7611170993186533 2.0056643132120371 1.9509594212286172 5.8288599262014031 2.327429983764886 3.831451915204525 1.3799001295119513 4.2963779000565392 2.9660658638458699 0.61329396814107928 3.2598869516514242 2.368329182965681 84.078169098123908 1.1496473317965854 21.200173698365688 1.8663094812072802 4.157936437521129 0.48022633837535866 0.6119270974304527 1.0254151830449725 12.143341629998757 2.90636789985001
leaf_count=4724 14 19 222 19 9 12 11 75 66 16 20 38 18 116 11 35 30 4 46 72 1133 9 205 61 69 16 10 9 159 23
internal_value=-3.34451e-05 0.00847911 0.00440155 -0.021423 -0.0390231 -0.0645697 0.0111647 -0.00915245 -0.0254892 0.00197409 0.0164497 0.0375067 0.0203354 -0.010846 -0.00107422 0.0276591 0.0118481 -0.00934665 0.0366244 0.0348024 -0.00125306 0.000192191 -3.87045e-05 0.0139938 -0.00132369 -0.00088761 -0.0813104 0.0107051 0.0258967 0.0325339
internal_weight=620.826 67.6351 59.3045 12.3079 9.4099 5.79738 46.9967 14.6159 10.4621 3.61252 3.70098 8.33062 32.3807 6.15888 553.19 26.2219 13.504 7.278 6.22595 2.98162 551.811 467.732 466.583 39.1416 427.441 423.283 1.09215 37.2753 16.0751 15.0497
internal_count=7271 842 790 75 56 31 715 172 97 25 31 52 543 134 6429 409 187 111 76 76 6418 5285 5276 457 4819 4750 26 396 191 182
is_linear=0
shrinkage=0.05


Tree=124
num_leaves=31
num_cat=0
split_feature=213 122 310 162 166 18 238 168 218 278 189 158 124 206 205 234 2 234 214 280 314 183 183 314 6 282 224 108 25 257
split_gain=2.10459 2.72543 3.31836 2.40489 2.51053 2.37006 2.36813 2.34362 2.27962 3.2603 2.98151 2.95792 3.35362 3.20745 3.57014 5.28166 3.00551 4.38463 4.02819 3.29299 4.03109 6.56583 5.76905 4.45074 4.40082 3.98949 4.57606 3.96548 3.92859 3.84223
threshold=0.0020500000100582842 0.016749999485909942 0.009000000078231098 0.0050000001210719356 0.013000000268220903 1.0000000180025095e-35 0.020250000059604648 0.0050000001210719356 0.0041499999351799497 0.018849999643862251 0.043950000777840621 0.73234999179840099 0.0050000001210719356 0.0010500000207684936 0.002549999975599349 0.0016499999910593035 1.0000000180025095e-35 0.003249999950639904 0.0086500002071261423 0.003249999950639904 0.0081500001251697558 0.0017499999958090486 0.0093499999493360537 0.0030500000575557355 0.017649999819695953 0.0050500000361353168 0.0034500000765547161 0.0063499999232590207 0.0031500000040978198 0.038049999624490745
decision_type=2 2 2 2 2 2 2 2 2 2 2 2 2 2 2 2 2 2 2 2 2 2 2 2 2 2 2 2 2 2
left_child=1 2 3 4 5 6 8 -6 10 -10 11 12 13 16 -15 -16 17 19 -18 20 21 24 23 -23 27 26 -21 -1 -22 -26
right_child=-2 -3 -4 -5 7 -7 -8 -9 9 -11 -12 -13 -14 14 15 -17 18 -19 -20 25 28 22 -24 -25 29 -27 -28 -29 -30 -31
leaf_value=-0.0009295127492014014 0.022461745439143196 -0.031558094337855142 0.052236877434943901 0.048732631822870874 -0.072097222725594615 -0.056175525461030051 -0.059607555718411989 0.015153501797705332 -0.036738930476829586 0.061482755227647935 0.029929797691721896 -0.053455871337748276 0.050960410011322579 0.015758425914563515 -0.1870155111968291 0.022779779036916026 -0.021287562123453188 0.034183333855496149 0.070272624359683442 0.050643798071882129 -0.034830409152227154 0.042348363711913029 -0.02469914219634281 -0.0038251123726971989 -0.049392483142925409 -0.0067363264292254173 -0.047631588800422446 -0.03733717811927139 0.011862120595166835 0.06981467830618103
leaf_weight=396.73823654721491 10.228728496236725 6.9418388707563272 3.0193614196032277 2.4890870375093064 2.3059879676438864 1.8896929086185981 1.6666194107383479 1.155202246038243 7.5092597550246847 0.95195867074653495 8.4537562658078951 2.5744770672172299 3.2429602760821572 40.87495453399606 0.54384375270455965 0.66908017918467522 26.435561577789489 9.1008693408220989 1.2584448941051949 9.8357343282550591 16.633817565394569 20.215149971656505 5.7467495426535598 7.0353196747601023 7.4645217156503332 8.435010268352924 1.3467033570632327 7.6228245091624549 6.1780457752756766 0.74326237011700858
leaf_count=4431 401 120 99 66 19 34 14 34 81 14 121 28 28 398 5 16 227 104 14 89 114 162 44 64 256 63 12 146 55 12
internal_value=-3.0159e-05 -0.000407883 -4.87624e-05 -0.000312265 -0.000516877 -0.000269121 -9.04464e-05 -0.0429765 7.77873e-05 -0.0256882 0.000452925 1.78072e-05 0.000259277 -3.07713e-05 0.0132499 -0.071287 -0.00109587 -0.000202754 -0.017127 -0.000844038 -0.00168462 -0.000635059 0.0208268 0.0304276 -0.00235158 0.0192254 0.0388085 -0.00161585 -0.0221849 -0.0385976
internal_weight=619.307 609.078 602.136 599.117 596.628 593.167 591.277 3.46119 589.611 8.46122 581.149 572.696 570.121 566.878 42.0879 1.21292 524.79 497.096 27.694 487.995 468.378 445.566 32.9972 27.2505 412.569 19.6174 11.1824 404.361 22.8119 8.20778
internal_count=7271 6870 6750 6651 6585 6532 6498 53 6484 95 6389 6268 6240 6212 419 21 5793 5552 241 5448 5284 5115 270 226 4845 164 101 4577 169 268
is_linear=0
shrinkage=0.05


Tree=125
num_leaves=31
num_cat=0
split_feature=185 87 255 203 223 255 202 288 226 189 126 126 246 43 302 228 108 279 212 301 123 257 180 217 217 265 245 255 240 255
split_gain=2.06497 1.96431 2.39609 4.07962 4.74502 3.65528 2.9349 3.21149 2.43099 5.36565 4.89739 4.55154 4.51604 4.69641 4.45259 4.20294 6.06293 4.68614 5.28874 6.76312 7.58 5.78136 4.52288 5.02608 5.29525 4.40494 3.93834 4.80626 4.75802 5.478
threshold=1.0000000180025095e-35 0.001300000003539026 0.059400001540780074 0.0021499999566003685 0.0012500000302679839 0.080200001597404494 0.016449999995529655 0.0022500000195577745 0.0046500000171363362 0.0017499999958090486 0.0023500000825151805 0.0012500000302679839 0.010650000069290401 0.0019500000635161998 0.0021499999566003685 0.0011500000255182388 0.0013499999768100681 0.0011500000255182388 1.0000000180025095e-35 0.0019500000635161998 0.0014499999815598132 0.013050000183284284 1.0000000180025095e-35 0.0014499999815598132 0.0048500001430511483 0.0064499999862164268 1.0000000180025095e-35 0.0070500001311302194 0.0064499999862164268 0.0018500000005587938
decision_type=2 2 2 2 2 2 2 2 2 2 2 2 2 2 2 2 2 2 2 2 2 2 2 2 2 2 2 2 2 2
left_child=1 2 8 4 5 -4 -5 -8 9 12 11 -11 13 14 15 17 -17 18 22 21 25 -20 23 -1 -25 26 -21 28 29 -28
right_child=-2 -3 3 6 -6 -7 7 -9 -10 10 -12 -13 -14 -15 -16 16 -18 -19 19 20 -22 -23 -24 24 -26 -27 27 -29 -30 -31
leaf_value=-0.0021676996733431069 0.051967240269752114 -0.058508943589660412 0.027754527121711739 0.072031287233401506 0.063098859845252764 -0.020578725167633011 -0.04672855756398224 0.037346528619034418 -0.003572579320282333 0.023550006269916327 -0.0028135165630545607 0.083108632733178645 -0.047678226543421132 -0.036995177072891496 -0.089641269793101747 0.031831035869467589 -0.010655306571245176 0.064896573159265614 -0.020112900310635767 0.14611798801178175 -0.018032363983056392 0.10808295207928337 -0.018835215916447143 0.097627566538599372 -0.019937432975371157 -0.024524620265937391 0.043492074494422654 0.11512069060958913 0.1159555209092217 -0.066365960665826271
leaf_weight=65.136604633880779 1.9035607811529178 1.4404930658638466 5.373986857943243 4.078784615499897 2.7124983782414338 14.376034531509502 1.4834621921181677 4.8469250553753227 334.59562290646136 24.365017809206623 16.689031905028969 3.6941743474453679 4.9482584162615231 7.9371535256505004 1.3087538126856078 25.379744137171656 12.548820918425916 2.6617045579478136 12.159017524681985 1.373261915519836 4.679460236337035 0.94804577529430467 47.280322264647111 2.623128466308116 1.508646711707115 1.4968438120558847 4.586552754044531 2.5609861905686557 1.4911817759275434 1.5077821910381315
leaf_count=854 222 17 47 54 73 170 13 88 3197 198 204 30 68 264 11 212 166 15 215 11 87 5 935 19 14 10 35 17 8 12
internal_value=-2.91238e-05 -0.000189857 -5.3114e-05 0.0130801 0.00108926 -0.00742723 0.0389556 0.0176444 -0.000795546 0.00296809 0.0186345 0.0313913 -0.000500078 0.000683816 0.00226407 0.00290406 0.0177743 -0.000855636 -0.00204336 0.0163824 0.0365456 -0.0108404 -0.00691317 0.00122443 0.0547007 0.0561663 0.0666511 0.0558958 0.0359005 0.0163124
internal_weight=617.696 615.792 614.352 32.8717 22.4625 19.75 10.4092 6.33039 581.48 246.884 44.7482 28.0592 202.136 197.188 189.251 187.942 37.9286 150.014 147.352 30.8031 17.6961 13.1071 116.549 69.2684 4.13178 13.0166 11.5198 10.1465 7.58552 6.09433
internal_count=7271 7049 7032 445 290 217 155 101 6587 3390 432 228 2958 2890 2626 2615 378 2237 2222 400 180 220 1822 887 33 93 83 72 55 47
is_linear=0
shrinkage=0.05


Tree=126
num_leaves=31
num_cat=0
split_feature=181 75 225 186 215 276 223 167 215 168 258 255 203 255 214 25 180 62 304 225 183 42 225 166 25 203 228 251 215 158
split_gain=2.03576 3.46253 2.89077 2.88444 2.48535 3.36823 2.46509 3.18159 3.15493 2.26074 2.18381 2.41439 4.70202 3.91964 2.95712 2.67859 2.58672 4.07109 3.635 3.88979 4.69897 3.43867 3.38106 3.97999 3.15474 3.70845 3.13769 4.70265 3.89544 4.65433
threshold=0.0013499999768100681 0.002650000038556755 0.010100000072270634 0.0020500000100582842 1.0000000180025095e-35 0.0094499997794628161 0.0030500000575557355 0.0031500000040978198 0.0050500000361353168 0.018999999389052395 0.092999998480081572 0.059400001540780074 0.0014499999815598132 0.080200001597404494 0.0010500000207684936 0.0029499999945983295 0.0027499999850988392 0.0018500000005587938 1.0000000180025095e-35 0.0014499999815598132 0.0017499999958090486 0.0010500000207684936 0.023850000463426117 0.0070000002160668382 0.0027499999850988392 1.0000000180025095e-35 0.0021499999566003685 0.0055499998852610597 0.0086500002071261423 0.0013499999768100681
decision_type=2 2 2 2 2 2 2 2 2 2 2 2 2 2 2 2 2 2 2 2 2 2 2 2 2 2 2 2 2 2
left_child=1 6 -2 -3 -4 -6 9 -8 -9 10 11 16 13 14 -13 -14 21 18 19 20 24 26 23 -21 25 -18 -1 28 -28 -30
right_child=2 3 4 -5 5 -7 7 8 -10 -11 -12 12 15 -15 -16 -17 17 -19 -20 22 -22 -23 -24 -25 -26 -27 27 -29 29 -31
leaf_value=-0.00054617196635064623 0.04551149398637383 -0.034296122885901573 0.036654014516866895 0.055088076419381238 -0.063247705222184453 0.041739033125750516 0.048109463659496622 -0.059934858460635981 0.056898422231854762 0.031020082750345165 -0.052520091417569692 0.067349216892158739 0.054466361855878991 -0.020595362615270604 -0.0098089272626980892 0.0017837736109677434 -0.00059141823537878983 0.046684598869474653 -0.043944715206122448 0.029272375876545156 0.011802342446574132 -0.036036251368330684 -0.061812169321790844 -0.066141450401950741 -0.043436705461800409 -0.080816204356514196 -0.0032490976347557769 0.054686053974007914 0.070268027563755539 -0.010888356470582478
leaf_weight=440.60538702527992 5.8411520174704474 11.042739036958661 2.2641096245497465 0.98290586471557695 2.4401751286350195 1.1121559739112852 5.6793842003680748 1.6563252774067225 0.88740367488935579 5.7152830541599533 2.0167878253851077 2.78109307214618 7.9820500775240344 10.753225693013517 2.2435373207554221 3.458006558008492 12.129395104711877 2.9732827674597493 8.3289692522957903 12.343939512036739 10.51302871480584 6.4813361959531894 1.3623088523745526 1.1991207133978594 14.685172685887663 1.6346388906240452 23.56751045584679 6.1102041499689213 4.4892218112945548 2.9130234383046627
leaf_count=4991 192 176 18 8 24 88 63 13 41 161 32 23 79 140 24 39 137 22 80 99 72 72 7 10 337 10 170 77 41 25
internal_value=-2.99692e-05 -0.000429057 0.0206658 -0.0269904 -0.00428552 -0.0303787 0.000110035 0.0272953 -0.0191765 -0.000272564 -0.000581681 -0.000400001 0.014136 -0.00355998 0.0328975 0.0385419 -0.00112021 -0.0104721 -0.0132045 -0.00845143 -0.0167618 0.00013857 0.0132716 0.0208243 -0.0273173 -0.010119 0.000629398 0.0145982 0.00668903 0.0383304
internal_weight=616.193 604.535 11.6576 12.0256 5.81644 3.55233 592.51 8.22311 2.54373 584.287 578.571 576.554 27.2179 15.7779 5.02463 11.4401 549.337 65.1699 62.1966 53.8676 38.9622 484.167 14.9054 13.5431 28.4492 13.764 477.685 37.08 30.9698 7.40225
internal_count=7271 6949 322 184 130 112 6765 117 54 6648 6487 6455 305 187 47 118 6150 774 752 672 556 5376 116 109 484 147 5304 313 236 66
is_linear=0
shrinkage=0.05


Tree=127
num_leaves=31
num_cat=0
split_feature=149 205 217 258 170 304 231 186 226 265 314 254 289 104 254 234 234 100 2 183 183 314 240 214 288 177 179 53 53 276
split_gain=2.02821 2.10458 3.78032 2.42933 2.39979 2.52855 3.79995 2.45509 3.30206 3.64047 3.07457 4.17372 4.17876 3.7807 3.93595 3.69869 3.5485 5.01829 3.51118 3.33718 6.132 5.92753 4.59436 4.20228 3.93052 3.77506 4.10495 3.76036 3.98135 3.88352
threshold=0.53134998679161083 0.012999999802559616 0.014549999963492157 1.0000000180025095e-35 0.05660000070929528 0.0069500000681728133 0.00335000001359731 1.0000000180025095e-35 0.15235000103712085 0.0013499999768100681 0.0068500000052154073 0.057200001552701003 0.0074499999172985562 0.0013499999768100681 0.0042499999981373557 0.32434999942779547 0.003249999950639904 1.0000000180025095e-35 0.011850000359117987 0.0018500000005587938 0.0071499999612569818 0.0030500000575557355 0.011649999767541887 0.0030500000575557355 0.010350000113248827 0.0076500000432133683 0.0049499999731779107 0.0076500000432133683 0.0070500001311302194 0.0024500000290572648
decision_type=2 2 2 2 2 2 2 2 2 2 2 2 2 2 2 2 2 2 2 2 2 2 2 2 2 2 2 2 2 2
left_child=1 4 -3 -4 5 7 -7 10 9 -9 16 12 13 14 -12 -15 19 18 -18 25 21 23 -22 -21 -23 27 -27 28 -1 -30
right_child=-2 2 3 -5 -6 6 -8 8 -10 -11 11 -13 -14 15 -16 -17 17 -19 -20 20 22 24 -24 -25 -26 26 -28 -29 29 -31
leaf_value=-0.00041264233205698495 -0.056271744802494118 0.052145588056049998 -0.066080575738644773 0.017523352439985578 -0.032475105996585818 0.054451897057320509 -0.095944746544736989 0.075792666220202531 0.057911128540951387 0.0039304273668543692 -0.011457514856654284 0.058252220576458708 0.036525422682819005 -0.033512726750736042 0.049327036252358139 0.057567765491207526 0.046700041668906095 -0.034545384625167368 -0.050706441891818971 0.048059152449368793 -0.051587448696826001 -0.05660408628997924 0.034962245037168257 -0.029981910995156805 0.022759921920288931 -0.034839236126571818 0.0537613510146559 -0.03098718778168523 -0.025097424346882898 0.16735640303940114
leaf_weight=419.04024343355559 1.5987637494690705 5.1267514945939165 1.4009603969752791 2.2879396672360599 5.7176101272925726 3.8656910497229537 0.47118517430499185 1.8436869978904713 3.4623568321112534 39.955504892393947 17.132315114839006 2.0234763126354656 3.6810778873041263 28.71905484166928 3.1533885756507507 1.1596555770374823 10.972840861184521 2.9265727833844712 1.0103457085788239 17.207491448149092 5.1043217685073605 3.039557257667183 2.1917037628591061 1.9171426324173797 3.2050921823829412 13.630748254712669 1.4459808357059944 10.132147083990274 0.42257981630973407 0.69035772979259491
leaf_count=4709 41 223 10 43 64 223 9 12 48 314 135 40 47 261 67 9 106 53 9 137 43 23 17 16 37 128 11 406 24 6
internal_value=-2.86823e-05 0.00011802 0.0243718 -0.0142275 -0.000235904 7.2134e-05 0.0381119 -0.000205568 0.010987 0.00710014 -0.00112865 -0.012245 -0.0148943 -0.0186674 -0.00200863 -0.0299777 0.000131267 0.0241521 0.0384873 -0.000617946 0.0148078 0.0264254 -0.0255882 0.040236 -0.0158702 -0.00174936 -0.0263417 -0.000887668 -0.000161807 0.0942821
internal_weight=614.537 612.938 8.81565 3.6889 604.122 598.405 4.33688 594.068 45.2615 41.7992 548.806 55.869 53.8455 50.1644 20.2857 29.8787 492.937 14.9098 11.9832 478.027 32.6653 25.3693 7.29603 19.1246 6.24465 445.362 15.0767 430.285 420.153 1.11294
internal_count=7271 7230 276 53 6954 6890 232 6658 374 326 6284 559 519 472 202 270 5725 168 115 5557 273 213 60 153 60 5284 139 5145 4739 30
is_linear=0
shrinkage=0.05


Tree=128
num_leaves=31
num_cat=0
split_feature=163 254 92 22 297 167 299 110 110 183 234 240 126 6 210 254 133 276 98 226 180 232 112 170 226 272 226 288 202 279
split_gain=2.03159 1.95796 1.92024 2.44915 3.51895 2.19372 2.17618 2.69545 3.79779 2.75941 3.71172 5.32344 4.08767 3.28334 4.98771 3.70701 3.61246 4.88692 5.81754 5.54997 4.1282 4.03682 4.11823 4.3118 4.19508 6.26801 5.32285 7.73605 6.91376 4.98205
threshold=0.010850000195205213 0.28225000202655798 0.0015499999863095584 0.0011500000255182388 0.0011500000255182388 0.0016499999910593035 0.009000000078231098 0.0015499999863095584 0.0022500000195577745 0.0017499999958090486 0.0055499998852610597 0.044150000438094146 0.031399998813867576 1.0000000180025095e-35 0.0034500000765547161 0.12635000050067904 0.0014499999815598132 0.0069500000681728133 0.0028499999316409235 0.00335000001359731 0.018249999731779102 0.0095500000752508658 0.0010500000207684936 0.0010500000207684936 0.0047500000800937423 0.0010500000207684936 0.00335000001359731 0.0027499999850988392 1.0000000180025095e-35 0.0011500000255182388
decision_type=2 2 2 2 2 2 2 2 2 2 2 2 2 2 2 2 2 2 2 2 2 2 2 2 2 2 2 2 2 2
left_child=1 2 3 4 6 -6 7 9 -9 10 12 -12 13 15 -15 16 17 21 19 -19 -18 22 24 -24 25 26 29 28 -28 -1
right_child=-2 -3 -4 -5 5 -7 -8 8 -10 -11 11 -13 -14 14 -16 -17 20 18 -20 -21 -22 -23 23 -25 -26 -27 27 -29 -30 -31
leaf_value=0.0018786411405484909 0.02995373282496205 0.069408132266152667 0.059994289470133112 -0.048766917588251919 0.062554305155352902 -0.046078065625839722 0.069525342414000865 -0.044383186464697057 -0.0055671563956222365 0.0086541232517707064 0.06627140558909371 -0.026190129075741732 -0.047450242048359875 -0.019382297418365491 0.017829004101545205 -0.068533663248617968 -0.016074594318255118 0.079225314096173394 -0.044586021170337907 0.017159936375874971 0.030350283369502729 0.044229181326442504 -0.026586072287122738 0.13317374922184727 -0.0057793511633762625 -0.043800660898604342 -0.017248489174852062 0.054355514383734906 0.071246868411530939 0.052447768656389504
leaf_weight=116.8575843879953 5.59886470879428 1.0055701285600651 1.3124558655545104 2.6222646005917332 3.3102391710272054 0.54063329380005587 1.1028149127960194 7.9399701580405226 30.538417003583163 80.74601087719202 4.5937684737145892 2.3546579023823142 4.868850916158407 48.047096732538193 11.082231046166269 1.9522266574203957 48.68619548692368 3.9970312286168328 3.4235366317443541 36.436018859036267 5.3108353833667925 5.1089610774070016 18.777852308470759 0.4320584237575521 127.79187180288136 5.9667405709624282 10.591896715573968 14.004890699870883 2.7879943996667853 5.0823754258453837
leaf_count=1338 278 12 10 24 81 11 6 97 339 934 34 23 98 904 95 12 573 25 32 337 78 52 684 2 913 42 97 89 18 33
internal_value=-2.72114e-05 -0.000303626 -0.000419252 -0.00055032 -0.000340408 0.0473031 -0.000646966 -0.00077651 -0.0135768 0.000104746 -0.00133899 0.0349384 -0.00187394 -0.00139809 -0.012408 0.000200625 0.000531736 0.00238262 0.0179965 0.0232954 -0.0115085 0.000155011 -0.000589872 -0.0229928 0.000930384 0.00645193 0.00845993 0.0283802 0.00119146 0.00398633
internal_weight=612.872 607.273 606.267 604.955 602.333 3.85087 598.482 597.379 38.4784 558.901 478.155 6.94843 471.206 466.337 59.1293 407.208 405.256 351.259 43.8566 40.4331 53.997 307.402 302.293 19.2099 283.083 155.291 149.325 27.3848 13.3799 121.94
internal_count=7271 6993 6981 6971 6947 92 6855 6849 436 6413 5479 57 5422 5324 999 4325 4313 3662 394 362 651 3268 3216 686 2530 1617 1575 204 115 1371
is_linear=0
shrinkage=0.05


Tree=129
num_leaves=31
num_cat=0
split_feature=259 123 89 259 25 123 53 154 203 232 246 50 212 135 240 195 228 177 108 230 240 279 218 288 278 25 246 202 280 240
split_gain=1.92832 2.5202 2.21744 2.39177 3.37471 2.73746 3.61394 3.48932 3.37927 3.02902 4.42746 4.68532 3.89853 3.33301 3.37679 3.09931 3.03315 3.20357 3.22858 3.02531 4.28352 3.25515 3.02405 2.99002 3.99624 3.01207 2.91419 2.96922 2.85667 6.33146
threshold=0.49599999189376837 0.28125000000000006 0.057299999520182616 0.0030000001424923543 0.011850000359117987 0.0079499999992549437 0.0077499998733401307 0.0011500000255182388 0.099349997937679305 0.0022500000195577745 0.018450000323355201 1.0000000180025095e-35 1.0000000180025095e-35 0.0059500001370906839 0.1090499982237816 0.002549999975599349 0.012950000353157522 0.0089499996975064295 0.0031500000040978198 0.0040500001050531873 0.0012500000302679839 0.020999999716877941 0.0041499999351799497 0.0080500002950429934 0.015549999661743643 0.0016499999910593035 0.069099999964237227 0.021399999968707565 0.003249999950639904 0.033050000667572028
decision_type=2 2 2 2 2 2 2 2 2 2 2 2 2 2 2 2 2 2 2 2 2 2 2 2 2 2 2 2 2 2
left_child=1 2 3 5 -5 6 9 8 -7 13 11 -11 -13 14 19 16 17 18 -12 21 -21 22 28 25 -25 -22 -19 -28 -1 -30
right_child=-2 -3 -4 4 -6 7 -8 -9 -10 10 15 12 -14 -15 -16 -17 -18 26 -20 20 23 -23 -24 24 -26 -27 27 -29 29 -31
leaf_value=-0.0017377333154769644 0.04105285970329 -0.032716493124302332 -0.047730600854040628 0.027144564798180799 -0.017670790158875554 -0.028646317229819408 -0.044754275881670524 -0.0014499180689669456 0.092358152302600111 0.012402869852837253 0.021593175890208732 -0.024683948808673438 0.070028955773160678 -0.052895186793996463 0.033861467767517466 0.066428849477588175 0.032797163735088529 -0.067405367430876592 -0.05331210511417616 0.14567656993659114 -0.039695483285122277 0.058492652786259529 -0.045334445497454433 0.045080409801235642 -0.048226077157778914 0.039128041784394281 -0.069877368656015251 0.022758101490539986 0.035648069968953651 -0.039423929155792584
leaf_weight=407.63676840462722 2.8433568292530245 5.9080234097782514 2.4134685024619094 17.190968362730931 5.5591023555025449 22.573696869425479 4.297974473796784 42.673011423321441 0.59211367927491565 19.911658971803266 6.1737454938702374 1.270901701413093 7.4873576001264155 2.9578808322548857 7.3962453897111109 1.4461826512124378 3.5127198020927599 4.5004007925745082 1.8755868524312971 0.66242699883878131 3.6798575874418011 2.2875267064664504 3.865692012012004 8.4386231570970249 1.3281520805321623 1.8071756195276973 1.3009711541235449 2.5814298847690225 13.002045412547888 3.5824308809824279
leaf_count=4263 106 78 31 413 96 379 238 527 5 196 73 27 59 30 173 14 44 34 19 7 31 41 33 125 19 18 8 27 117 40
internal_value=-2.71607e-05 -0.000219302 9.96224e-05 0.000292148 0.0161937 -0.000334993 0.000901365 -0.00993091 -0.0255535 0.00128863 0.0129643 0.0258083 0.0562853 8.64465e-06 0.000353559 -0.00425021 -0.00937508 -0.0183903 0.00413939 -0.000201758 0.0212049 -0.000993426 -0.0013113 0.0157995 0.032392 -0.0137347 -0.0400238 -0.00828353 -0.000910138 0.0194317
internal_weight=610.757 607.914 602.006 599.593 22.7501 576.843 511.004 65.8388 23.1658 506.706 50.061 28.6699 8.75826 456.645 453.687 21.391 19.9449 16.4321 8.04933 446.291 15.9162 430.374 428.087 15.2538 9.76678 5.48703 8.3828 3.8824 424.221 16.5845
internal_count=7271 7165 7087 7056 509 6547 5636 911 384 5398 501 282 86 4897 4867 219 205 161 92 4694 200 4494 4453 193 144 49 69 35 4420 157
is_linear=0
shrinkage=0.05


Tree=130
num_leaves=31
num_cat=0
split_feature=39 260 126 124 233 301 205 186 304 265 224 267 173 231 42 240 110 313 226 224 212 2 47 154 110 224 181 180 212 257
split_gain=1.89227 2.31096 1.97852 3.24485 2.93765 2.6968 2.54681 2.31065 2.80918 2.78845 3.18327 3.81973 3.19463 2.73094 2.52038 3.62286 2.62619 4.16381 7.17149 3.74268 4.31466 3.7353 3.42039 3.71773 3.21848 4.29691 3.21457 3.6613 4.96103 4.44815
threshold=0.0037000000011175875 0.019899999722838405 0.022750000469386581 0.0062500000931322583 0.0020500000100582842 0.0021499999566003685 0.040599999949336059 0.0010500000207684936 0.0069500000681728133 0.0013499999768100681 0.0013499999768100681 0.0016499999910593035 0.002549999975599349 0.00335000001359731 0.0010500000207684936 0.0082499999552965182 0.0015499999863095584 1.0000000180025095e-35 0.0058500000741332778 0.003249999950639904 0.0048500001430511483 0.0050500000361353168 0.0018500000005587938 0.0010500000207684936 0.007849999703466894 0.0053499999921768912 0.0013499999768100681 0.0027499999850988392 0.024349999614059929 0.020650000311434272
decision_type=2 2 2 2 2 2 2 2 2 2 2 2 2 2 2 2 2 2 2 2 2 2 2 2 2 2 2 2 2 2
left_child=1 2 3 6 5 -4 7 8 14 -9 -11 -12 -13 -10 16 -16 17 21 -19 -20 -21 26 24 -24 25 -18 27 28 29 -1
right_child=-2 -3 4 -5 -6 -7 -8 9 13 10 11 12 -14 -15 15 -17 22 18 19 20 -22 -23 23 -25 -26 -27 -28 -29 -30 -31
leaf_value=-0.0019972881544911406 -0.054005335211230104 0.051949619227104796 0.10985067620727758 0.058289659864698112 -0.001776072469263762 -0.041843096164521171 0.064149118276893916 0.071451270808724238 0.054267985029465865 0.0029800233767947239 0.060529705011781759 0.053388299640761694 -0.17195296370392246 -0.1057833459316683 -0.057910924787645479 0.062008128601216621 -0.049815019277781619 0.063071571710545504 0.019116666341399278 -0.10093149525349898 -0.0052668022571989229 -0.060131176327115558 0.0622327698519494 -0.035503487014527428 0.0012989122700782195 0.056693577189508973 0.029935135553151894 -0.012330224265034242 0.026580634983265197 0.021637509416384378
leaf_weight=359.61731468001381 1.6192295048385847 2.1429369673132888 0.3032668093219425 2.4235765435732892 18.39350098092109 8.6464166217483562 1.5582237400813017 1.8664882220327843 3.5108091037254776 32.434409379726276 4.6509181251749387 0.28678313386626531 0.34830456995405257 0.28841702849604178 3.8030578177422276 0.75482259225100268 11.435722414404159 6.8788902827072915 14.532830542651938 1.4836080204695452 5.734008114784956 2.6613843622617415 2.5189522183500221 1.5853552091866729 7.0366403134539715 1.0324423238635052 8.3944652338977885 64.562997021479532 17.442633616738021 21.074046771973372
leaf_count=3988 48 16 17 23 172 145 151 12 236 256 64 14 7 10 52 8 152 74 230 14 121 25 25 15 75 6 136 839 163 177
internal_value=-2.58435e-05 0.000118056 -6.54545e-05 0.00055636 -0.0132079 -0.0367028 0.000313228 0.000139914 -0.000723599 0.0117957 0.00884383 0.0448236 -0.0701968 0.0421177 -0.00103038 -0.0380513 -0.000709585 5.63054e-05 0.0185732 0.00449998 -0.024931 -0.00106269 -0.0170071 0.0244806 -0.0257371 -0.0409954 -0.000728988 -0.00128531 0.000505776 -0.00068893
internal_weight=609.022 607.403 605.26 577.917 27.3432 8.94968 575.494 573.935 534.348 39.5869 37.7204 5.28601 0.635088 3.79923 530.549 4.55788 525.991 502.382 28.6293 21.7504 7.21762 473.753 23.6091 4.10431 19.5048 12.4682 471.091 462.697 398.134 380.691
internal_count=7271 7223 7207 6873 334 162 6850 6699 6346 353 341 85 21 246 6100 60 6040 5767 439 365 135 5328 273 40 233 158 5303 5167 4328 4165
is_linear=0
shrinkage=0.05


Tree=131
num_leaves=31
num_cat=0
split_feature=195 126 205 104 233 219 259 89 279 265 254 314 25 240 25 220 226 301 265 245 276 245 314 202 98 276 272 124 254 189
split_gain=1.85819 1.8688 2.97246 2.65495 3.22126 2.58844 2.40986 3.45809 3.77201 3.19748 3.06188 3.84535 4.83628 5.72009 5.33564 4.64528 5.28309 6.41298 4.66789 7.18558 5.33718 4.38089 5.99518 5.09952 5.50278 4.0881 4.42347 3.98152 3.98014 4.58494
threshold=0.1142999976873398 0.022750000469386581 0.040599999949336059 0.0029499999945983295 0.0024500000290572648 0.0031500000040978198 0.0030000001424923543 0.0075499999802559623 0.0050500000361353168 0.11095000058412553 1.0000000180025095e-35 0.0085500003769993799 0.0011500000255182388 0.018250000663101677 0.0015499999863095584 1.0000000180025095e-35 0.011750000063329937 0.0097500002011656779 0.0013499999768100681 0.0015499999863095584 0.002549999975599349 0.0086500002071261423 0.0024500000290572648 0.0037500000325962905 1.0000000180025095e-35 0.0044499998912215242 1.0000000180025095e-35 0.0017499999958090486 0.0016499999910593035 0.0036499999696388845
decision_type=2 2 2 2 2 2 2 2 2 2 2 2 2 2 2 2 2 2 2 2 2 2 2 2 2 2 2 2 2 2
left_child=1 2 6 -3 -5 -6 7 10 9 -9 -1 12 15 14 -14 16 17 18 19 -12 -20 22 25 24 -23 -18 -27 -13 -22 -30
right_child=-2 3 -4 4 5 -7 -8 8 -10 -11 11 27 13 -15 -16 -17 21 -19 20 -21 28 23 -24 -25 -26 26 -28 -29 29 -31
leaf_value=-0.0028735471056339067 0.060848522703868417 0.080082341979204427 0.067401598102989957 -0.039631432592674057 -0.043439450938214705 0.005662741542427947 0.015397309786151392 -0.034716483648883183 0.012834032440953111 0.052645715458994262 0.039844760177697114 -0.0083325968891001783 0.035018620050864688 0.038746811517631541 0.0022015529083639828 0.052264815298806222 -0.035185879208864478 0.033707354442017244 -0.031875761443154654 -0.030269425346173436 0.069507194210555942 0.045227399361213026 -0.086676626253840469 -0.03308433992794807 -0.048313362792253733 0.038203262700867019 -0.063690889507305268 -0.10010875591844888 -0.028453022456986794 0.06480189643381383
leaf_weight=297.37239584769122 1.2510575335472811 0.74942689854651945 1.6536053894087661 9.0818708804436046 3.2727082474157241 14.919556944631038 25.173134476994164 18.079500076826669 7.17664611339569 1.111777577549218 11.521413457579913 27.417075507342819 15.621694349683819 20.566678860690445 59.7959848374594 4.0464254403486839 12.698523792438214 16.213486972963437 17.884637166745964 5.351482803001999 2.4473958071321231 7.6395126604475063 3.9786836244165888 5.8945554727688423 1.9796687541529534 4.6425875946879378 1.3822645023465154 1.234990270808338 5.1655297633260489 1.7695711124688385
leaf_count=3765 23 8 141 176 45 127 542 315 70 8 73 375 131 190 527 59 87 127 136 34 17 83 26 52 25 39 11 7 35 17
internal_value=-2.49295e-05 -0.000150632 0.000460925 -0.0127604 -0.0153115 -0.00317053 0.000268804 -0.000422371 -0.018091 -0.0296555 0.000465663 0.00483521 0.00730564 0.0153732 0.00899914 -0.000240577 -0.00239601 0.00681513 -0.0030629 0.017607 -0.0158535 -0.016943 -0.0309374 0.00353579 0.0259763 -0.0190929 0.014826 -0.0122884 0.0146878 -0.00465795
internal_weight=607.094 605.843 577.819 28.0236 27.2741 18.1923 576.166 550.992 26.3679 19.1913 524.625 227.252 198.6 95.9844 75.4177 102.616 98.5693 60.3535 44.14 16.8729 27.2671 38.2158 22.7021 15.5137 9.61918 18.7234 6.02485 28.6521 9.3825 6.9351
internal_count=7271 7248 6892 356 348 172 6751 6209 393 323 5816 2051 1669 848 658 821 762 439 312 107 205 323 163 160 108 137 50 382 69 52
is_linear=0
shrinkage=0.05


Tree=132
num_leaves=31
num_cat=0
split_feature=254 251 298 74 108 189 122 310 313 314 276 195 149 25 50 167 226 276 265 257 104 246 279 251 254 288 288 108 158 276
split_gain=1.85355 1.91153 3.86538 3.60396 2.97657 2.88706 3.40049 2.98719 2.8443 3.06499 2.69102 2.63928 2.62405 5.53657 3.08125 3.11424 9.10923 6.71346 6.43522 4.64977 4.11289 2.89266 3.58927 5.98724 4.27275 2.78572 5.58332 2.5737 2.55133 2.54721
threshold=0.28225000202655798 0.0028499999316409235 1.0000000180025095e-35 1.0000000180025095e-35 0.002650000038556755 0.19749999791383746 0.014549999963492157 0.009000000078231098 0.0012500000302679839 0.0037500000325962905 0.0054500000551342973 0.0012500000302679839 0.0058500000741332778 0.0035500000230968003 0.0015499999863095584 0.0011500000255182388 0.013749999925494196 0.0013499999768100681 0.0057500000111758718 0.0016499999910593035 0.0027499999850988392 0.0024500000290572648 0.0013499999768100681 0.00335000001359731 0.002650000038556755 0.0031500000040978198 0.0042499999981373557 0.0076500000432133683 0.015050000045448543 0.039450000971555717
decision_type=2 2 2 2 2 2 2 2 2 2 2 2 2 2 2 2 2 2 2 2 2 2 2 2 2 2 2 2 2 2
left_child=1 3 4 5 12 6 7 27 9 11 -4 -6 14 -14 15 16 19 -17 -18 25 28 22 24 -24 -19 -3 -27 -1 -20 -16
right_child=-2 2 10 -5 8 -7 -8 -9 -10 -11 -12 -13 13 -15 29 17 18 21 20 -21 -22 -23 23 -25 -26 26 -28 -29 -30 -31
leaf_value=-0.001017869700398971 0.06774643872119232 0.073325484839356192 -0.083447205408767572 -0.098089383857222989 -0.020032736878906061 0.05917567635265341 -0.039941275209904398 0.053151390846639147 -0.041854198400080658 0.029154323561575091 -0.0085609800972099009 0.04056843015576405 -0.040228164781833151 0.030171363314364798 0.06862343462872296 -0.042724279997563008 -0.081447336874347603 0.012244255858154715 0.043983565300601865 -0.043413260444646253 -0.041155156295839539 0.038465231863551975 -0.071160432681419486 0.049557344548508242 -0.075805086343446071 -0.045107480317029804 0.050685200286229526 -0.042086674465318351 -0.025100629654028647 0.0010738560995492755
leaf_weight=480.22335820866283 1.0072559372056265 7.9747031256556573 1.9148175846785296 0.9630067516118278 12.830839056521659 1.96766212733928 5.6894744643941513 2.5278085103491312 4.6974982353858641 6.703675561817362 3.2119570235954598 2.0891924016177645 6.3691740240901691 4.9737413735128939 4.7449954259209326 6.76176246441901 2.4997540526092044 2.8656825684011 5.7102156553883088 1.4036673754453648 3.0442146948771551 7.8876504363724953 1.2888686188962308 5.0577940382063389 2.6537707820534706 1.8347534369677294 8.8990420619957131 3.8453601188957682 1.744793909601867 1.9771011205157263
leaf_count=5593 24 42 11 6 101 81 125 89 44 63 65 13 78 55 52 43 14 23 108 8 27 163 14 109 16 11 76 101 25 91
internal_value=-2.39965e-05 -0.000136947 0.00585296 -0.00145705 0.00794203 -0.00126877 -0.00151037 -0.00106102 -0.00658976 0.00107103 -0.0365305 -0.011547 0.0128653 -0.00935876 0.0166647 0.0130468 0.0232724 0.000277652 -0.00934868 0.0443562 0.00781725 0.0149973 -0.000602285 0.0250422 -0.0300901 0.0509414 0.0343111 -0.00134411 0.0278149 0.0487558
internal_weight=605.364 604.356 109.14 495.217 104.013 494.254 492.286 486.597 26.3212 21.6237 5.12677 14.92 77.6917 11.3429 66.3488 59.6267 33.1111 26.5155 12.999 20.1122 10.4992 19.7538 11.8661 6.34666 5.51945 18.7085 10.7338 484.069 7.45501 6.7221
internal_count=7271 7247 1252 5995 1176 5989 5908 5783 221 177 76 114 955 133 822 679 311 368 174 137 160 325 162 123 39 129 87 5694 133 143
is_linear=0
shrinkage=0.05


Tree=133
num_leaves=31
num_cat=0
split_feature=254 101 265 50 25 43 314 288 230 126 220 242 195 240 124 288 206 282 104 280 123 245 202 218 276 6 215 129 203 257
split_gain=1.84042 2.65957 3.3453 3.85951 3.5012 2.16229 3.05891 5.09356 3.06662 2.38192 2.94014 2.93063 2.68027 2.59713 2.7156 3.47706 2.92635 2.69012 2.52622 3.69702 3.40919 3.73605 2.78276 2.70856 2.43725 2.33895 2.55343 3.0644 2.19061 2.35362
threshold=0.041800001636147506 0.0029499999945983295 0.049249999225139625 0.0010500000207684936 0.0024500000290572648 0.011750000063329937 0.0040500001050531873 0.044949999079108245 0.0016499999910593035 0.067450001835823073 0.0012500000302679839 0.0039500000420957812 0.0016499999910593035 0.0039500000420957812 0.003249999950639904 0.049200000241398818 0.012349999975413086 0.0063499999232590207 0.017250000499188903 0.0028499999316409235 1.0000000180025095e-35 0.0072500000242143878 0.016449999995529655 0.0034500000765547161 0.048650000244379051 0.014949999749660494 0.061300000175833709 0.0016499999910593035 0.019049999304115776 0.038049999624490745
decision_type=2 2 2 2 2 2 2 2 2 2 2 2 2 2 2 2 2 2 2 2 2 2 2 2 2 2 2 2 2 2
left_child=5 -2 3 4 -3 9 7 8 -7 10 25 13 -11 17 15 18 -17 -12 19 20 -15 -22 -23 -21 -14 -1 27 28 29 -27
right_child=1 2 -4 -5 -6 6 -8 -9 -10 12 11 -13 24 14 -16 16 -18 -19 -20 23 21 22 -24 -25 -26 26 -28 -29 -30 -31
leaf_value=-5.7637007457201585e-06 0.068236077611500787 0.055538406421780241 0.032994287892445684 -0.07142926443043969 -0.053860996991827337 -0.055993153845571464 -0.062511355552596334 0.046002081836319042 0.015361985200921489 -0.057754165524802004 0.0081135035114970715 -0.029542166410801696 -0.024838844526227741 0.021172909225407179 -0.042677043353455908 0.05950657832811021 -0.059939401721283384 0.090404829297728251 -0.045520737271605355 0.049679677626606078 -0.058959044964092003 0.079317251689552448 -0.023831756153453978 -0.045443067530886547 0.059877873526902381 -0.047858616415769772 0.035859266207998786 0.058252384779802928 0.0043869457622181451 0.072370815275536279
leaf_weight=511.99492109240964 2.2122395483311257 1.9703436512500032 6.3420235557714477 2.2034905999898911 1.1630560755729673 4.3565924759022874 3.261096842121332 3.1304561719298363 2.3010279191657901 3.7674726475961497 1.7302304380573321 3.6150634984951457 2.7841585613787174 7.2220749757252722 2.0558699239045373 5.9271576456958419 0.56133339612279076 2.3311929495539516 2.0245794542133799 7.2202789656585065 4.015044778585434 1.0784325955901297 1.6608346187276763 0.83489329600706685 1.2214531246572731 10.189377314876765 1.8786900620907534 1.0051791528239835 3.1568897906690827 0.42399397725239474
leaf_count=5672 71 18 192 18 11 129 35 24 27 65 26 45 31 81 19 204 19 19 25 93 34 15 16 12 11 284 21 7 36 11
internal_value=-2.07564e-05 0.0179681 0.00844627 -0.0207251 0.0149315 -0.000444473 -0.0205713 -0.00659818 -0.0313312 1.09449e-05 0.000386547 0.0134087 -0.02748 0.0176438 0.0129467 0.0166905 0.049173 0.0553474 0.00792927 0.012841 -0.00270837 -0.0282435 0.0167774 0.0398205 0.000994289 -0.000605589 -0.0190459 -0.0260271 -0.0321792 -0.0430556
internal_weight=603.639 13.8912 11.6789 5.33689 3.1334 589.748 13.0492 9.78808 6.65762 576.699 568.926 40.277 7.77308 36.6619 32.6005 30.5446 6.48849 4.06142 24.0561 22.0316 13.9764 6.75431 2.73927 8.05517 4.00561 528.649 16.6541 14.7754 13.7703 10.6134
internal_count=7271 310 239 47 29 6961 215 180 156 6746 6639 608 107 563 518 499 223 45 276 251 146 65 31 105 42 6031 359 338 331 295
is_linear=0
shrinkage=0.05


Tree=134
num_leaves=31
num_cat=0
split_feature=149 87 259 255 170 223 276 177 100 226 6 226 189 89 50 251 91 276 91 154 257 126 255 126 302 240 257 101 206 158
split_gain=1.78962 1.79029 1.92673 1.89066 3.77917 4.04024 3.22798 3.6031 2.63803 2.54262 3.22928 2.27438 4.58113 4.10736 4.11697 7.76043 5.86701 4.83568 4.57647 5.72233 4.36365 3.85738 4.04442 3.97247 3.79079 3.61877 4.32278 3.98084 3.51175 3.86162
threshold=0.53134998679161083 0.001300000003539026 0.49599999189376837 0.059400001540780074 0.0035500000230968003 0.0012500000302679839 0.012950000353157522 0.023099999874830249 0.0049499999731779107 0.0030500000575557355 0.0028499999316409235 0.0046500000171363362 0.0017499999958090486 0.0016499999910593035 1.0000000180025095e-35 0.0018500000005587938 0.0051500000990927228 0.0024500000290572648 0.0010500000207684936 0.003249999950639904 0.022750000469386581 0.0023500000825151805 0.0013499999768100681 0.0012500000302679839 0.0021499999566003685 0.0015499999863095584 0.013849999755620958 0.0010500000207684936 0.0031500000040978198 0.036350000649690635
decision_type=2 2 2 2 2 2 2 2 2 2 2 2 2 2 2 2 2 2 2 2 2 2 2 2 2 2 2 2 2 2
left_child=1 2 3 11 5 6 8 -8 9 -5 -11 12 13 14 18 16 20 -18 24 -20 -16 23 -23 -14 -1 26 -15 -27 29 -29
right_child=-2 -3 -4 4 -6 -7 7 -9 -10 10 -12 -13 21 25 15 -17 17 -19 19 -21 -22 22 -24 -25 -26 27 -28 28 -30 -31
leaf_value=0.0048564125760454961 -0.055522597868644309 -0.057508307402803563 0.043236050188111212 -0.064129796171169526 0.050116517406412799 0.060100739978884855 -0.040632738911475785 0.037217538523095416 0.079671796024387675 0.026005612269748984 -0.041476911119751152 -0.0033524682931410144 0.021553031468006831 -0.053215000025520542 -0.045955571419680687 0.16475126837232648 0.01048787669712534 0.24514321050487742 0.030641737963856903 0.18187649798267089 0.085948186041559613 -0.013030939769073211 0.054959089276354359 0.076928934085138123 -0.079425970573968163 0.0096435411118244579 0.028200382916603591 -0.053892137775611186 0.064201904085127492 0.061336891225359326
leaf_weight=141.18937233136967 1.4488703059032548 1.3449635254219163 2.5946681384230024 1.1869572168216205 5.3857362483395255 2.8675569181796154 7.575553108006714 1.8490317948162553 1.3255073279142369 9.0647996752522868 2.203814208507537 323.17043644445948 23.769867514842193 9.2660410073585791 11.965824768412851 0.53256894648075181 0.67595464666374094 0.325166966766119 4.4176595509052268 0.72863856144249428 0.66168442368507463 13.283209105487911 2.6184534952044478 3.749478413257747 1.3468492811080057 16.561267827171836 1.978511570021509 7.1803245481569302 0.8584015518426894 0.80900646653026331
leaf_count=1455 41 17 105 17 80 128 81 16 12 94 30 3242 226 453 529 4 49 3 75 11 12 171 23 32 14 190 44 98 4 15
internal_value=-2.00996e-05 0.000113818 0.000243169 5.61727e-05 0.0119862 0.00410988 -0.00280899 -0.0253591 0.0126125 0.00547618 0.012808 -0.000607979 0.00305829 -0.000159775 0.00326305 -0.0224898 -0.0298067 0.0867046 0.00573247 0.0520543 -0.0390438 0.0177695 -0.00183534 0.0290979 0.00406001 -0.0152732 -0.0388897 -0.00482195 -0.0318986 -0.0422239
internal_weight=601.936 600.487 599.142 596.548 31.459 26.0732 23.2057 9.42458 13.7811 12.4556 11.2686 565.089 241.918 198.497 161.844 14.1612 13.6286 1.00112 147.683 5.1463 12.6275 43.421 15.9017 27.5193 142.536 36.6536 11.2446 25.409 8.84773 7.98933
internal_count=7271 7230 7213 7108 458 378 250 97 153 141 124 6650 3408 2956 2152 597 593 52 1555 86 541 452 194 258 1469 804 497 307 117 113
is_linear=0
shrinkage=0.05


Tree=135
num_leaves=31
num_cat=0
split_feature=151 259 251 26 301 276 251 25 245 126 278 202 219 258 219 203 108 230 98 166 133 181 67 232 246 164 119 272 112 32
split_gain=1.75855 1.77548 1.73065 2.9992 2.86347 3.48233 4.30337 3.18222 3.17678 2.84545 3.30612 3.33669 2.94424 2.76955 3.0026 3.30521 2.75948 2.90327 2.74407 2.65824 2.65531 2.39633 3.61092 2.44613 3.80121 3.3157 3.45346 5.04965 3.05295 3.08613
threshold=0.0047500000800937423 0.49599999189376837 0.0049499999731779107 0.0015499999863095584 0.0016499999910593035 0.0017499999958090486 0.0063499999232590207 0.0019500000635161998 0.002549999975599349 0.0035500000230968003 0.013550000265240671 0.0013499999768100681 0.016849999316036705 1.0000000180025095e-35 0.0014499999815598132 0.0013499999768100681 0.0076500000432133683 0.0021499999566003685 0.0013499999768100681 1.0000000180025095e-35 0.0017499999958090486 0.0030500000575557355 1.0000000180025095e-35 0.0020500000100582842 0.029350000433623794 0.0070000002160668382 0.0016499999910593035 0.0010500000207684936 0.0015499999863095584 0.010100000072270634
decision_type=2 2 2 2 2 2 2 2 2 2 2 2 2 2 2 2 2 2 2 2 2 2 2 2 2 2 2 2 2 2
left_child=1 2 3 16 18 6 -6 8 -8 13 11 12 -11 -7 15 20 21 -18 -4 -9 -15 22 23 28 -25 26 27 -26 -1 -30
right_child=-2 -3 4 -5 5 9 7 19 -10 10 -12 -13 -14 14 -16 -17 17 -19 -20 -21 -22 -23 -24 24 25 -27 -28 -29 29 -31
leaf_value=-0.00068182821051219133 -0.048649805881500349 0.041797373480005756 -0.0081314072140390836 0.076902991475607821 0.034194507200107159 0.038825113043680776 -0.029777321699422106 0.050169511215726596 -0.10606198604094422 -0.027858744303584693 0.031071110306167035 -0.045892571333558244 0.066362338731547857 -0.030706167401635273 0.037925018355391166 0.042275047047167343 -0.050811273552107718 0.039633851469883963 0.055309821396976967 -0.038997226643351604 0.034776201133141497 0.064207600224881131 -0.043007868918903257 0.015596566279503574 -0.054102304337576436 -0.045533896744028787 0.030435536113342012 0.024001016715611986 -0.0195864046252789 0.045793708019761126
leaf_weight=415.44239858689252 1.8535471516661335 2.5454288359032935 2.4642288982868186 1.2333681229501952 2.7815093379467717 11.010359056759627 3.5014144927263242 1.537988178431988 2.2364494428038597 1.7800109088420852 3.7295420516747972 6.268149558454752 1.5520610511302946 8.4997615232132393 5.6023817642126224 2.817683939356356 4.9814745595213017 1.079556733369827 5.5284344423562288 1.8308803886175153 1.8928981022909273 1.4150805757381011 5.0532801323570302 49.476841895957477 4.6225408036261815 5.0119278646307057 6.0554295098409048 3.746990186162293 33.214512248407118 1.9086604919284571
leaf_count=4323 32 104 14 10 19 106 19 9 12 12 71 64 16 91 286 22 117 10 38 16 18 58 55 522 39 48 51 35 1039 15
internal_value=-2.3087e-05 0.000127429 -5.04553e-05 -0.000976594 0.00778433 0.00372334 -0.0202378 -0.0368633 -0.0595108 0.0103244 -0.0088802 -0.0244007 0.0160289 0.0189081 0.00725152 -0.00575682 -0.00115714 -0.0347017 0.0357502 0.00171003 -0.0187793 -0.000770576 -0.000945873 -0.000536712 0.00823635 -0.0104992 0.00167361 -0.0191359 -0.00187855 -0.0160335
internal_weight=600.675 598.821 596.276 533.242 63.0338 55.0411 11.8882 9.10673 5.73786 43.1528 13.3298 9.60022 3.33207 29.8231 18.8127 13.2103 532.009 6.06103 7.99266 3.36887 10.3927 525.948 524.533 519.479 68.9137 19.4369 14.425 8.36953 450.566 35.1232
internal_count=7271 7239 7135 6322 813 761 75 56 31 686 163 92 28 523 417 131 6312 127 52 25 109 6185 6127 6072 695 173 125 74 5377 1054
is_linear=0
shrinkage=0.05


Tree=136
num_leaves=31
num_cat=0
split_feature=39 260 254 101 265 50 25 89 225 226 226 126 220 224 101 189 158 265 257 195 209 91 149 112 310 218 104 43 133 183
split_gain=1.71922 2.07921 1.71098 2.49217 3.02956 3.52669 3.17993 2.09267 3.5329 3.61091 4.17022 3.07692 3.52549 3.12696 3.19148 3.62588 3.93417 3.04648 3.00696 2.9575 3.76683 2.88506 5.86224 4.47465 3.19491 3.03486 2.8221 2.76635 2.67105 4.17478
threshold=0.0037000000011175875 0.019899999722838405 0.041800001636147506 0.0029499999945983295 0.049249999225139625 0.0010500000207684936 0.0024500000290572648 0.0046500000171363362 1.0000000180025095e-35 0.0034500000765547161 0.003249999950639904 0.046000000089406974 0.0012500000302679839 0.017649999819695953 0.042549999430775649 0.014650000259280207 0.025950000621378425 0.026850000023841861 0.021049999631941322 0.03980000130832196 0.0043500000610947618 0.0045499999541789302 0.00335000001359731 0.0021499999566003685 0.0050000001210719356 0.00335000001359731 0.0015499999863095584 0.007849999703466894 0.0014499999815598132 0.0020500000100582842
decision_type=2 2 2 2 2 2 2 2 2 2 2 2 2 2 2 2 2 2 2 2 2 2 2 2 2 2 2 2 2 2
left_child=1 2 7 -4 5 6 -5 11 9 10 18 12 21 14 15 16 -14 -16 -9 20 -13 24 23 26 25 27 -23 28 -1 -30
right_child=-2 -3 3 4 -6 -7 -8 8 -10 -11 -12 19 13 -15 17 -17 -18 -19 -20 -21 -22 22 -24 -25 -26 -27 -28 -29 29 -31
leaf_value=0.0011751358370122155 -0.053688718688807584 0.049613270287594713 0.067488872260336535 0.053781444416891248 0.031999377142573851 -0.068738835764493897 -0.051447260539644657 -0.025241556883843476 0.0019686519512473288 -0.034526732188071577 0.094188871000479624 -0.054421252788600105 0.01282616076962235 -0.050776934010462606 0.13945573810544193 0.044201104542027171 -0.049822300208773429 0.039358064433809958 0.038626477895328498 0.051732512126415289 0.030874755848850379 0.12097347875735076 -0.033888411884907668 -0.018454844512723775 0.069098999719849452 -0.0538146075665666 0.041500273379866844 -0.051962098236706437 -0.016904564501237188 0.028976536152547375
leaf_weight=416.68273912207223 1.4886036962270726 2.1137853320688 2.1065740697085849 1.9317644778639063 6.1797917644726112 2.1558298878371716 1.142583195120096 7.1650730522815156 34.306993140955456 19.194333489285782 1.0941019747406233 6.6698790299706143 12.38330838177354 1.5662702260306094 0.91150231659412284 6.6810705410316578 3.1417218660935751 4.5773790669627488 2.4810301256366074 1.0362740047276009 1.6060422919690607 2.2325876024551672 2.5972244907170534 1.5057060313411055 1.645623211399651 2.6731544705107799 2.2356036598794162 2.5855066417716435 41.339945043437183 5.6336440313607445
leaf_count=4387 48 16 71 18 192 18 11 249 452 268 10 105 116 48 5 180 32 52 32 10 13 26 111 108 43 24 40 41 493 52
internal_value=-2.19653e-05 0.000111722 -6.39994e-05 0.0175223 0.00829718 -0.0197085 0.0146731 -0.000472466 -0.00898408 -0.0215366 0.00167856 0.000583732 0.00110542 0.0179539 0.0218409 0.0134023 0.000148309 0.0559806 -0.00881435 -0.0278976 -0.0378685 7.64613e-05 0.0288245 0.0560898 -0.000447177 -0.000691244 0.0812101 -0.000386666 -9.90636e-05 -0.0114019
internal_weight=599.066 597.577 595.463 13.5165 11.41 5.23018 3.07435 581.947 64.2415 29.9345 10.7402 517.705 508.393 29.2613 27.695 22.2061 15.525 5.48888 9.6461 9.3122 8.27592 479.132 8.57112 5.9739 470.561 468.915 4.46819 466.242 463.656 46.9736
internal_count=7271 7223 7207 310 239 47 29 6897 1011 559 291 5886 5758 433 385 328 148 57 281 128 118 5325 285 174 5040 4997 66 4973 4932 545
is_linear=0
shrinkage=0.05


Tree=137
num_leaves=31
num_cat=0
split_feature=92 111 293 183 156 212 25 265 205 126 314 254 278 234 183 183 276 228 240 177 240 276 108 183 297 232 167 25 176 149
split_gain=1.69422 2.21608 2.80066 2.45706 2.24511 2.70609 2.66581 3.15923 2.38034 2.25017 2.10347 4.10033 3.59917 3.5315 3.43141 6.19109 4.58749 4.72236 5.44392 4.12959 4.02652 3.48458 4.77335 3.35787 3.2949 3.26933 3.22239 3.17809 3.16602 3.12523
threshold=0.0015499999863095584 0.0010500000207684936 0.0013499999768100681 0.0036499999696388845 1.0000000180025095e-35 0.0071499999612569818 0.010250000283122064 0.014449999667704107 0.040599999949336059 1.0000000180025095e-35 0.0070500001311302194 0.057200001552701003 0.0016499999910593035 0.003249999950639904 0.0019500000635161998 0.0093499999493360537 0.0011500000255182388 0.00335000001359731 0.002650000038556755 0.0071499999612569818 0.011649999767541887 0.0035500000230968003 0.0022500000195577745 0.0012500000302679839 0.0011500000255182388 0.0012500000302679839 0.0047500000800937423 0.0027499999850988392 0.025750000029802326 0.0011500000255182388
decision_type=2 2 2 2 2 2 2 2 2 2 2 2 2 2 2 2 2 2 2 2 2 2 2 2 2 2 2 2 2 2
left_child=1 4 -3 -4 8 6 7 9 10 -6 13 12 -12 14 19 16 27 18 25 24 -17 -20 -23 -15 28 -18 -21 -16 29 -1
right_child=-2 2 3 -5 5 -7 -8 -9 -10 -11 11 -13 -14 23 15 20 17 -19 21 26 -22 22 -24 -25 -26 -27 -28 -29 -30 -31
leaf_value=0.0017638840904999954 0.057399305361459568 -0.0406994959718016 0.063013636175153667 -0.015076380430807699 0.072257180064097926 -0.014723017442081316 -0.015131245661779947 0.079556241537792907 0.043182334781358037 -0.054052743521746098 -0.029540826142036798 0.056163840754510003 -0.0033095792553584618 0.047766050543538302 0.082697376173706996 -0.053000570447107931 -0.07071522002279064 0.05417626018839003 -0.015397027359401912 -0.031096174262916006 0.026934888243381569 0.047729645806387645 -0.048040492331547453 0.0013852879101265078 0.088245160095370645 0.019665429956759458 0.022338382637890723 0.0002955400272805866 0.092350021959352394 -0.0082605987902763991
leaf_weight=325.89050900796428 1.2818178413435806 7.3417321941815299 1.4421443175524471 3.3408064255490899 0.57277432177215615 3.2469639154151082 1.6739073060452936 4.0841848291456699 3.1553115982096633 0.91726582683622837 18.925186801585369 2.3299450228223568 42.317020793445408 7.653799790190531 4.647773227421566 4.9771938021294764 3.3524430990219178 5.7817286058561868 5.4404411092400542 18.024410272948447 2.3049789080396295 9.0024441652931255 1.5208834037184704 7.9617311006877571 1.050152740208431 1.4262483119964597 3.3450862307799971 1.5638358574360607 0.91754095256328483 102.11089472100139
leaf_count=3324 10 141 10 33 5 35 19 23 169 26 200 103 575 88 30 41 27 72 41 165 20 87 11 101 15 10 32 12 5 1841
internal_value=-2.23552e-05 -0.000145786 -0.0213034 0.00846914 0.000293331 0.0232104 0.0402035 0.0568202 -0.000125907 -0.00549896 -0.000365417 -0.0089388 -0.0114156 0.000709648 -3.42912e-05 0.0139981 0.0232738 0.0142159 0.00307735 -0.00127847 -0.0276991 0.017092 0.0338885 0.0241184 -0.000212244 -0.0437402 -0.0227318 0.0619519 -0.00042882 -0.000627718
internal_weight=597.601 596.319 12.1247 4.78295 584.195 10.4951 7.24813 5.57422 573.7 1.49004 570.544 63.5722 61.2422 506.972 491.357 40.018 32.7358 26.5242 20.7425 451.339 7.28217 15.9638 10.5233 15.6155 429.969 4.77869 21.3695 6.21161 428.919 428.001
internal_count=7271 7261 184 43 7077 108 73 54 6969 31 6800 878 775 5922 5733 351 290 248 176 5382 61 139 98 189 5185 37 197 42 5170 5165
is_linear=0
shrinkage=0.05


Tree=138
num_leaves=31
num_cat=0
split_feature=163 149 163 302 87 224 151 240 135 101 288 112 195 50 215 240 278 123 234 220 154 135 133 179 308 100 189 240 212 244
split_gain=1.68848 2.1197 1.71572 2.37825 1.69337 1.69221 1.76133 1.7026 2.79249 2.58515 3.93857 2.45425 4.80767 3.79782 2.64277 2.61267 3.48563 3.27515 5.04727 3.73523 3.28482 3.18703 3.64429 3.7788 3.18637 3.24545 3.2726 3.03133 2.85278 4.89263
threshold=0.010850000195205213 0.018050000071525577 0.010049999691545965 0.0076500000432133683 0.001300000003539026 0.067600000649690642 0.0047500000800937423 0.1090499982237816 0.0023500000825151805 1.0000000180025095e-35 0.047450000420212753 0.0023500000825151805 0.002549999975599349 0.03914999961853028 0.066149998456239714 0.042449999600648887 0.0046500000171363362 0.0018500000005587938 0.0011500000255182388 1.0000000180025095e-35 0.0075499999802559623 0.0013499999768100681 0.0014499999815598132 0.0041499999351799497 0.0021499999566003685 0.0049499999731779107 0.048200000077486045 0.0099499998614192026 0.013749999925494196 0.0038499999791383748
decision_type=2 2 2 2 2 2 2 2 2 2 2 2 2 2 2 2 2 2 2 2 2 2 2 2 2 2 2 2 2 2
left_child=2 -2 3 4 5 6 7 11 9 -9 -11 13 -13 14 15 21 17 18 19 20 -17 22 28 24 25 26 -24 -23 29 -1
right_child=1 -3 -4 -5 -6 -7 -8 8 -10 10 -12 12 -14 -15 -16 16 -18 -19 -20 -21 -22 27 23 -25 -26 -27 -28 -29 -30 -31
leaf_value=-0.00034304679214851753 0.045377789624281489 -0.031831978687797989 -0.071074093461483898 0.050973000600318487 -0.058382207649791518 -0.07444085533961152 -0.052780377430259984 0.046536064543321057 -0.068109444356281496 -0.022343906118893937 0.032202947440434324 -0.017180924097020201 0.044166572028620926 0.072565831142126988 0.02666664934591792 -0.020412091139234964 0.033712205766694966 -0.050014663350468128 -0.064027637701259091 0.048647639182428697 0.05399380716512571 0.047586949138395999 -0.030017245084049651 0.052320177224442571 0.024253657766387823 0.069210799478616566 0.059024883317534943 -0.013712036408440495 0.014234540584020836 0.083832714944040695
leaf_weight=393.52455121208914 4.0418715371051794 1.1395609555765984 0.85437128669582207 2.2645912866573772 1.2550194216892112 0.7673946232534935 1.5849855663254846 5.7598383207805517 0.97705834032967587 6.2743839169852418 7.0028810831718147 38.670939991483465 3.4810835383832446 1.8181616971269239 9.2473143585957569 11.230399013962609 3.3251701877452424 6.9820117503404608 3.5722039854153982 3.3508599745109668 1.7090611420571793 6.699804497882722 29.280462169554092 1.9712278228253115 3.824397560209035 0.90493850037455459 1.0696047320961941 2.8853972442448139 38.795824183151126 1.7338745938614
leaf_count=3989 247 31 17 264 16 6 28 73 11 60 120 1008 30 29 111 99 48 67 39 39 15 65 402 19 26 9 6 31 350 16
internal_value=-2.12974e-05 0.0283969 -0.000270523 -0.000167987 -0.00036505 -0.00024089 -0.000143668 -8.33557e-07 0.0143305 0.0185616 0.00642596 -0.000509326 -0.0121146 0.000427946 0.00017577 -0.000303754 -0.0145765 -0.0205579 -0.0102034 0.00159937 -0.0105845 0.000592053 1.13254e-05 -0.0150406 -0.0188258 -0.0240971 -0.0268792 0.0291343 0.00129615 2.62058e-05
internal_weight=595.999 5.18143 590.818 589.963 587.699 586.444 585.676 584.091 20.0142 19.0371 13.2773 564.077 42.152 521.925 520.107 510.86 30.1697 26.8445 19.8625 16.2903 12.9395 480.69 471.105 37.0506 35.0794 31.255 30.3501 9.5852 434.054 395.258
internal_count=7271 278 6993 6976 6712 6696 6690 6662 264 253 180 6398 1038 5360 5331 5220 307 259 192 153 114 4913 4817 462 443 417 408 96 4355 4005
is_linear=0
shrinkage=0.05


Tree=139
num_leaves=31
num_cat=0
split_feature=149 205 227 211 111 219 183 212 226 156 212 238 149 203 6 255 278 246 246 113 149 123 260 6 308 110 110 47 313 226
split_gain=1.66249 1.6731 2.69507 2.47457 2.33124 2.46836 2.22307 2.2134 3.66424 2.17699 3.21588 2.36454 2.08258 4.94817 4.23288 3.73907 3.78414 3.97938 3.75731 3.52815 3.36603 3.35716 3.1379 3.12487 3.0413 2.75101 6.04884 4.02357 3.73745 3.51047
threshold=0.53134998679161083 0.0066500001121312389 0.013849999755620958 0.0013499999768100681 0.00335000001359731 0.071800000965595259 0.0014499999815598132 0.0067499999422580012 0.0034500000765547161 1.0000000180025095e-35 0.0017499999958090486 0.013349999673664572 0.0027499999850988392 0.0012500000302679839 0.014549999963492157 0.0097500002011656779 0.0030500000575557355 0.0014499999815598132 0.0034500000765547161 0.0014499999815598132 0.002549999975599349 0.015499999746680261 0.0047500000800937423 0.011850000359117987 0.0031500000040978198 0.0015499999863095584 0.0073500000871717939 0.0019500000635161998 0.0023500000825151805 0.12990000098943713
decision_type=2 2 2 2 2 2 2 2 2 2 2 2 2 2 2 2 2 2 2 2 2 2 2 2 2 2 2 2 2 2
left_child=1 2 3 4 5 9 -4 8 -3 11 -11 12 14 19 20 16 21 -18 -19 24 22 -15 25 -20 -14 28 27 -27 -1 -30
right_child=-2 7 6 -5 -6 -7 -8 -9 -10 10 -12 -13 13 15 -16 -17 17 18 23 -21 -22 -23 -24 -25 -26 26 -28 -29 29 -31
leaf_value=0.0010314426871375992 -0.055224930055979393 0.059704180776296335 0.040257327775688405 0.038862074233461802 -0.046184770620074082 0.048463706333002558 -0.050266431664509531 0.055819619645822063 -0.013931327663227078 0.056358100431006933 0.001293557611705725 -0.052535964840434102 -0.018711827307675202 -0.040661786281112888 -0.053356712538850541 0.026659130822284972 0.044900754652113198 -0.042616173066086088 0.056405576817586373 0.058134388658760375 0.04687435913333457 0.0092050751498986474 0.080179870537572445 -0.012479108143138224 0.041016112590602352 -0.060233015273702672 0.049016917580396675 0.048031170873377625 0.061002596705709115 -0.12111170578404198
leaf_weight=415.23883870709687 1.3606766571756441 2.315211628796531 0.8029087707400312 4.0786003681132561 2.7456060885451725 2.6151560639264053 4.3670641627395526 3.0090486137196413 6.2509004084859043 4.1714881025254709 7.2770371432416141 2.1887723882682613 64.767652214271948 9.2044138414785284 3.5384732929524025 15.027083573397247 6.0531969629228142 4.2169073997065407 2.9259361308068037 1.6109040761366475 4.0584244118072084 5.329272437375038 1.251564148813485 3.7646628208458424 2.2038208818994454 6.6286159399896842 2.134864266961813 0.98581673298031081 3.8863484734902149 0.28395077097229648
leaf_count=4268 41 28 10 96 52 69 56 239 79 45 85 22 1203 129 127 151 43 34 26 25 49 109 10 30 19 64 16 10 124 12
internal_value=-2.03731e-05 0.000106312 -0.000268463 5.4012e-05 -0.000222653 -1.0128e-06 -0.0362079 0.0189292 0.00597056 -0.000224644 0.0213574 -0.000669598 -0.000464352 -0.00644929 0.00110843 0.00613784 -0.00365358 0.0123901 -0.00565198 -0.0149875 0.00155202 -0.0223764 0.00112466 0.0176456 -0.0167464 0.000894112 -0.0253626 -0.0462164 0.00150446 0.0486026
internal_weight=594.293 592.933 581.357 576.187 572.109 569.363 5.16997 11.5752 8.56611 566.748 11.4485 555.3 553.111 115.104 438.007 46.5215 31.4944 16.9607 10.9075 68.5824 434.468 14.5337 430.41 6.6906 66.9715 429.158 9.7493 7.61443 419.409 4.1703
internal_count=7271 7230 6884 6818 6722 6670 66 346 107 6601 130 6471 6449 1769 4680 522 371 133 90 1247 4553 238 4504 56 1222 4494 90 74 4404 136
is_linear=0
shrinkage=0.05


Tree=140
num_leaves=31
num_cat=0
split_feature=39 260 254 195 126 124 104 233 89 175 202 203 288 183 175 89 232 219 227 221 301 164 181 234 101 245 265 244 251 298
split_gain=1.60798 1.81272 1.60227 1.60102 1.95344 2.79525 2.33958 2.99925 2.44586 2.20026 2.99152 3.66312 3.29771 3.33769 2.9305 2.54914 3.78792 2.99887 2.96175 2.85676 3.98282 3.00606 3.28096 2.74418 3.37255 3.2592 3.38648 2.92167 2.54919 4.04319
threshold=0.0037000000011175875 0.019899999722838405 0.28225000202655798 0.1142999976873398 0.022750000469386581 0.0062500000931322583 0.0029499999945983295 0.0020500000100582842 0.0052499999292194852 1.0000000180025095e-35 0.05295000039041043 0.0016499999910593035 0.0084500000812113302 0.0070500001311302194 0.0028499999316409235 0.0054500000551342973 0.044399999082088477 0.01544999983161688 0.0015499999863095584 0.0296000000089407 0.059350000694394119 1.0000000180025095e-35 0.0013499999768100681 0.0051500000990927228 0.0040500001050531873 0.010250000283122064 0.023550000041723255 0.0031500000040978198 0.0049499999731779107 1.0000000180025095e-35
decision_type=2 2 2 2 2 2 2 2 2 2 2 2 2 2 2 2 2 2 2 2 2 2 2 2 2 2 2 2 2 2
left_child=1 2 3 4 5 9 -6 -8 -9 15 12 -12 -11 -14 -15 17 19 18 23 21 -21 22 -17 27 -25 -26 -27 28 -1 -30
right_child=-2 -3 -4 -5 6 -7 7 8 -10 10 11 -13 13 14 -16 16 -18 -19 -20 20 -22 -23 -24 24 25 26 -28 -29 29 -31
leaf_value=-0.0011512824246726389 -0.053550008038048519 0.046411032274229186 0.066398081993283495 0.059059452749485375 0.076047835432710847 0.055056675888151135 -0.043074741826170701 -0.018193517629470864 0.023162466020388933 -0.037064796782588234 0.31647020012879318 0.055445036122684782 0.051809386795635438 -0.082846465486687171 0.066094334243301661 -0.043021011900816274 0.046130509511784705 0.038119838358639913 -0.028445651669415629 0.058024945832963894 -0.0208568076607254 -0.0090819650595058941 0.086433083440716027 0.064073756620691411 -0.045087136402257491 -0.060060565691527984 0.0554280680068324 0.060040071990983726 0.014598801122367664 -0.063665485168847777
leaf_weight=434.090164528694 1.3995910654775787 2.1060770889744154 0.90557853120844711 1.139060636400244 0.69892966840416448 2.323192781303077 7.439748331904414 11.009293310344221 5.2944899993017307 2.7423345551360381 0.14255375601351206 2.3522825335385278 4.3155278884805739 1.0195468174060804 0.48849477665498842 13.899189466144886 2.6676486625801763 5.2915518463123581 8.8146042620064673 2.962299119681119 3.480187606997788 22.002468743477948 0.50731584802270013 3.7713014744222146 2.1784525886178017 0.80132161453366313 3.0538428826257586 2.0353506364626801 41.961520438664593 1.717756651341914
leaf_count=4917 48 16 24 23 8 23 157 111 50 25 2 62 71 21 31 311 74 209 93 21 73 330 3 71 24 9 37 36 381 10
internal_value=-2.01483e-05 0.000106574 -5.8966e-05 -0.000161282 -0.000276186 0.000324979 -0.0141139 -0.0167679 -0.00476358 9.80411e-05 0.0221774 0.0703599 0.00814411 0.0294331 -0.0346006 -0.000346602 -0.011678 0.000677378 0.000279868 -0.0152768 0.0154136 -0.0207074 -0.0384624 0.000797023 0.0269826 0.00379881 0.031423 0.000261915 7.25393e-06 0.0115209
internal_weight=592.612 591.212 589.106 588.2 587.061 562.619 24.4425 23.7435 16.3038 560.296 11.0607 2.49484 8.5659 5.82357 1.50804 549.235 45.5191 503.716 498.424 42.8515 6.44249 36.409 14.4065 489.61 9.80492 6.03362 3.85516 479.805 477.769 43.6793
internal_count=7271 7223 7207 7183 7160 6834 326 318 161 6811 212 64 148 123 52 6599 812 5787 5578 738 94 644 314 5485 141 70 46 5344 5308 391
is_linear=0
shrinkage=0.05


Tree=141
num_leaves=31
num_cat=0
split_feature=87 255 170 123 179 115 226 6 265 214 251 301 226 189 217 217 233 6 108 246 43 232 257 225 254 43 89 279 288 246
split_gain=1.55879 1.71706 3.3608 4.46322 2.76169 2.88514 2.71917 2.81504 3.60487 4.25569 2.68701 2.76314 2.12048 4.06384 3.69238 3.80377 3.92435 3.49132 3.31473 4.86183 4.18597 4.21981 4.75959 9.39308 5.01013 5.53057 8.18947 4.64357 4.17899 3.73816
threshold=0.001300000003539026 0.059400001540780074 0.0035500000230968003 0.0058500000741332778 0.003249999950639904 0.0023500000825151805 0.0030500000575557355 0.0012500000302679839 0.0060499999672174462 1.0000000180025095e-35 0.0011500000255182388 0.010350000113248827 0.0046500000171363362 0.0027499999850988392 0.0010500000207684936 0.0048500001430511483 0.0014499999815598132 1.0000000180025095e-35 0.0017499999958090486 0.0023500000825151805 0.0017499999958090486 1.0000000180025095e-35 0.0018500000005587938 0.0011500000255182388 1.0000000180025095e-35 0.0010500000207684936 0.0011500000255182388 1.0000000180025095e-35 0.0064499999862164268 0.010650000069290401
decision_type=2 2 2 2 2 2 2 2 2 2 2 2 2 2 2 2 2 2 2 2 2 2 2 2 2 2 2 2 2 2
left_child=1 12 3 6 -5 -6 -3 10 -9 -10 -8 -12 13 14 17 16 -16 18 19 20 21 22 23 24 25 -1 -27 -24 -26 -21
right_child=-2 2 -4 4 5 -7 7 8 9 -11 11 -13 -14 -15 15 -17 -18 -19 -20 29 -22 -23 27 -25 28 26 -28 -29 -30 -31
leaf_value=-0.005354785541200207 -0.056576880161294529 -0.055597712617078424 0.048610538132914112 -0.04869722998833368 0.042821537244673968 -0.065746686526208548 0.062529088001489735 -0.061783954523869714 0.07204159029122098 -0.048829285922500201 -0.052947144802721363 0.031993496838183165 -0.0031992300128383501 0.020997053597891259 0.079611064328604153 -0.015896920731619857 -0.022073883778266148 -0.022493815381585184 -0.017420770429145516 0.039689470609492544 -0.034449127886250423 0.040302447744489697 -0.013943513532812538 0.067804101647885681 0.034192912459271273 0.20215399091690053 -0.051307473695408057 -0.11018951694335043 -0.022906128565080338 -0.024502606354476833
leaf_weight=81.567203513579443 1.2157671861350525 1.1533945172559565 5.1181767018279052 5.1200402346439642 2.1379621722735469 0.85730923712253559 5.5396355923730898 1.8897124771028746 1.9079258646816017 1.1777591016143558 1.2252598148770628 4.3802194031886756 319.52473382960306 27.798950378026348 4.3074993970803899 2.624307625927031 1.2168991435319183 16.794335171114653 20.976911858422682 13.97595279524103 7.9673628930468103 7.122981301508843 23.050126340240244 5.6898173480294636 17.201067339163277 0.77521065948530921 0.54117032000795007 1.3252713829278935 3.9380941875278941 2.7072868449613443
leaf_count=1150 17 24 82 68 44 8 66 25 13 11 20 122 3331 318 38 38 17 532 423 124 208 69 270 38 114 16 30 8 23 24
internal_value=-1.92372e-05 9.73833e-05 0.0116485 0.00419736 -0.0263879 0.011747 0.0185664 0.0238727 -0.00739901 0.025907 0.037833 0.013427 -0.000532899 0.00302315 0.000663847 0.0336672 0.0572122 -0.000656839 0.00130602 0.00367444 0.000811687 0.00280116 0.000809031 0.00524928 0.00182767 -0.00371399 0.0979548 -0.0191763 0.0235557 0.0292726
internal_weight=590.828 589.613 30.5074 25.3892 8.11531 2.99527 17.2739 16.1205 4.9754 3.08568 11.1451 5.60548 559.105 239.58 211.781 8.14871 5.5244 203.633 186.838 165.862 149.178 141.211 134.088 109.713 104.023 82.8836 1.31638 24.3754 21.1392 16.6832
internal_count=7271 7254 483 401 120 52 281 257 49 24 208 142 6771 3440 3122 93 55 3029 2497 2074 1926 1718 1649 1371 1333 1196 46 278 137 148
is_linear=0
shrinkage=0.05


Tree=142
num_leaves=31
num_cat=0
split_feature=149 64 220 59 169 38 6 255 278 265 314 254 219 122 180 265 43 292 301 304 133 240 301 163 180 183 183 240 276 25
split_gain=1.55575 1.59092 3.43414 2.37834 3.35868 2.53227 2.53444 4.11781 3.16816 2.72086 2.6331 3.64193 3.20989 3.22511 3.68951 3.1878 3.85207 3.33649 3.54053 3.03368 3.09846 4.17296 3.64036 4.32486 3.43894 3.32165 4.76203 3.79742 3.30596 4.94613
threshold=0.53134998679161083 0.0063000000081956395 0.0044499998912215242 1.0000000180025095e-35 0.0016499999910593035 1.0000000180025095e-35 0.01329999975860119 0.0091500002890825289 0.051950000226497657 0.057400001212954528 0.0068500000052154073 0.057200001552701003 0.0091500002890825289 0.0056499999482184657 0.029749999754130844 0.014250000007450582 0.0045499999541789302 0.002650000038556755 0.0045499999541789302 0.0039500000420957812 0.0014499999815598132 0.0021499999566003685 0.066950000822544112 0.0011500000255182388 0.010249999817460777 0.0093499999493360537 0.0018500000005587938 0.011649999767541887 0.0011500000255182388 0.002549999975599349
decision_type=2 2 2 2 2 2 2 2 2 2 2 2 2 2 2 2 2 2 2 2 2 2 2 2 2 2 2 2 2 2
left_child=1 3 -3 5 -5 6 8 9 10 -8 12 15 13 14 19 -12 17 18 -17 20 25 -22 23 24 -23 26 -1 -27 -28 -30
right_child=-2 2 -4 4 -6 -7 7 -9 -10 -11 11 -13 -14 -15 -16 16 -18 -19 -20 -21 21 22 -24 -25 -26 27 28 -29 29 -31
leaf_value=0.00086078671891827083 -0.054924841965407582 0.043935894110315662 -0.031520585539113695 -0.04163710972205055 0.050118790803406837 0.050120790325542723 -0.045880296527564257 0.018072042224188147 0.027873199182873433 -0.003614055014254772 -0.048997268365685055 0.055917112609713028 0.026183263581238583 -0.029157605444677909 0.043630477890637648 0.085305655843628481 -0.050929455068548728 0.041073944384561821 -0.010752941300720117 0.057700838096063682 -0.042028031940692052 -0.012882894603076359 -0.037537144429930322 0.032511128054492348 0.074937701840045792 -0.060238799777604428 0.054104019838841 0.022082258447308066 -0.0055701095496595923 0.041029976638439603
leaf_weight=370.09092228673398 1.2874421949964006 5.4243756653740993 2.0884103565476835 6.5722759319469324 1.1757524982094762 2.5266168238595119 10.028607420856138 6.2086663933005175 10.465937790460883 6.1382262823171905 5.4835361703298977 1.9937352552078653 12.586545344674958 8.933615113142876 5.060869875829666 0.98498007899615814 4.8324381548445663 3.7723505209432906 36.732652310747653 2.3226687368005505 9.1085404516197723 22.643109660129998 6.8776845764368764 8.7704265941865724 1.1724561378359784 4.3649570303969076 6.2013576878234771 2.0630043745040894 14.21225338149816 9.5006768181920034
leaf_count=4055 41 68 24 132 7 24 277 93 236 50 43 115 199 188 87 17 58 114 454 75 237 236 62 69 10 40 39 18 130 73
internal_value=-2.11003e-05 9.9044e-05 0.0229604 -0.000196661 -0.0277133 0.000175365 -4.58125e-05 -0.0165402 0.00062746 -0.0298326 9.71503e-05 -0.0103964 0.00126379 0.000598325 0.00117323 -0.0129484 -0.00868106 -0.00376029 -0.00824441 0.000703387 0.000412432 -0.0115229 -0.00448209 0.00249459 -0.00855943 0.00183881 0.00241181 -0.0338185 0.0216006 0.0131004
internal_weight=589.625 588.338 7.51279 580.825 7.74803 573.077 570.55 22.3755 548.175 16.1668 537.709 53.7997 483.909 471.323 462.389 51.806 46.3224 41.49 37.7176 457.328 455.005 48.5722 39.4637 32.586 23.8156 406.433 400.005 6.42796 29.9143 23.7129
internal_count=7271 7230 92 7138 139 6999 6975 420 6555 327 6319 801 5518 5319 5131 686 643 585 471 5044 4969 614 377 315 246 4355 4297 58 242 203
is_linear=0
shrinkage=0.05


Tree=143
num_leaves=31
num_cat=0
split_feature=212 89 164 221 189 226 308 215 123 224 215 177 212 53 230 101 126 265 195 101 25 101 151 43 104 104 149 202 262 183
split_gain=1.5542 4.39552 4.30982 3.80134 3.51194 3.39799 3.67498 3.13086 5.24596 3.77253 3.76771 4.38036 4.05961 3.3448 3.523 3.2511 3.68373 3.22308 3.12306 3.09184 4.52926 3.61076 3.05971 3.43475 3.75734 4.54966 3.37252 4.38425 3.54018 3.78349
threshold=1.0000000180025095e-35 0.0029499999945983295 0.0050000001210719356 1.0000000180025095e-35 1.0000000180025095e-35 0.0045499999541789302 0.0019500000635161998 0.0019500000635161998 0.0010500000207684936 0.0010500000207684936 0.002549999975599349 0.0014499999815598132 0.0016499999910593035 0.0016499999910593035 0.0063499999232590207 0.015150000341236593 0.0013499999768100681 0.0049499999731779107 0.024550000205636028 0.0062500000931322583 0.0027499999850988392 0.0041499999351799497 0.0011500000255182388 0.0069500000681728133 0.002650000038556755 0.0023500000825151805 0.0015499999863095584 0.026000000536441806 0.0021499999566003685 0.0017499999958090486
decision_type=2 2 2 2 2 2 2 2 2 2 2 2 2 2 2 2 2 2 2 2 2 2 2 2 2 2 2 2 2 2
left_child=1 18 3 -3 -5 6 -2 8 13 10 11 12 -9 14 22 -10 -17 -14 -1 21 -21 -12 23 24 25 26 27 28 29 -7
right_child=5 2 -4 4 -6 7 -8 9 15 -11 19 -13 17 -15 -16 16 -18 -19 -20 20 -22 -23 -24 -25 -26 -27 -28 -29 -30 -31
leaf_value=-0.0018068244931239879 0.0086955230780325233 -0.04700503835331795 0.031209702309280066 0.15351397459396593 -0.017037653609451101 -0.0025440157499882808 0.057415697630981734 -0.047093594703066212 -0.031958504982211179 0.02324358841545951 -0.0004649855430106807 -0.016860198894906947 0.10348424902531722 0.034582651687696475 0.058963476835449127 0.063443950983272143 -0.011484185359214019 0.034777859794595564 0.066364582505375899 -0.031203484771376629 0.0063948283316892828 0.038220660713666629 0.068741251864481032 -0.03844696629241566 0.032959296717523484 -0.082447761395746749 -0.029269174302428286 0.062582196483418909 -0.050874202583068517 0.03871650354126914
leaf_weight=215.59234942134935 74.823398604698014 12.86721522617154 2.6128746792674056 0.45967382658272871 0.87906905962154269 61.74303431273438 4.0817434497876084 0.99718504073098113 24.202150529017672 24.138039669720456 41.381274804822169 3.8769578495994201 2.7263789651915431 6.8487846320495001 2.3555420262273392 1.7837932370603109 20.399409217061475 4.5649723634123802 1.6932175941765297 18.306360410526395 14.241226592566816 7.0608687512576571 1.4693879839032877 6.7265815716236821 7.3112053801305583 1.8263940270990122 10.454016412608324 2.7875631880015126 3.4330222457647315 6.1054132285062215
leaf_count=2717 909 393 34 6 16 443 43 10 301 635 490 35 21 89 38 13 252 43 10 175 150 62 9 67 75 12 98 24 29 72
internal_value=-2.15875e-05 -0.00318172 -0.0278074 -0.0386623 0.0415233 0.00207035 0.0112158 -0.000556225 -0.00516315 0.00562779 0.00106325 0.0270084 0.0475278 0.000735139 -0.00148931 -0.0192855 -0.00545907 0.0604685 -0.00127559 -0.00283397 -0.0147523 0.00517379 -0.00288734 -0.00393578 -0.00145724 -0.00437128 -0.00268419 0.00106798 -0.00133762 0.00116886
internal_weight=587.749 234.104 16.8188 14.206 1.33874 353.645 78.9051 274.74 157.446 117.293 93.1552 12.1655 8.28854 111.061 104.212 46.3854 22.1832 7.29135 217.286 80.9897 32.5476 48.4421 101.857 100.387 93.6606 86.3494 84.523 74.069 71.2815 67.8484
internal_count=7271 3176 449 415 22 4095 952 3143 1522 1621 986 109 74 956 867 566 265 64 2727 877 325 552 829 820 753 678 666 568 544 515
is_linear=0
shrinkage=0.05


Tree=144
num_leaves=31
num_cat=0
split_feature=254 92 111 253 272 226 107 48 259 123 205 242 212 164 133 53 98 282 154 25 180 25 202 278 228 143 173 234 149 186
split_gain=1.55306 1.52509 1.98912 2.44812 2.37943 2.32863 1.83805 2.09847 2.14335 2.20634 2.35116 2.13455 1.85824 3.77348 3.85784 4.24956 5.85605 5.45347 6.1895 5.18979 4.75097 5.09808 4.67486 4.52537 4.28068 4.22791 4.19811 3.64527 4.46628 3.62375
threshold=0.28225000202655798 0.0015499999863095584 0.0010500000207684936 0.0014499999815598132 0.0011500000255182388 0.093100000172853484 0.035999998450279243 1.0000000180025095e-35 0.12700000405311587 0.28125000000000006 0.051950000226497657 0.0074500001501291999 1.0000000180025095e-35 0.023000000044703487 1.0000000180025095e-35 1.0000000180025095e-35 0.0019500000635161998 1.0000000180025095e-35 0.0018500000005587938 0.0061500000301748523 1.0000000180025095e-35 0.0055499998852610597 1.0000000180025095e-35 0.0013499999768100681 0.0014499999815598132 0.0016499999910593035 0.0039500000420957812 0.0091500002890825289 0.0036499999696388845 0.0010500000207684936
decision_type=2 2 2 2 2 2 2 2 2 2 2 2 2 2 2 2 2 2 2 2 2 2 2 2 2 2 2 2 2 2
left_child=1 2 6 -4 5 -5 7 8 9 10 11 12 13 14 15 16 20 -17 -19 -18 24 27 -20 -23 -1 26 -16 28 29 -22
right_child=-2 -3 3 4 -6 -7 -8 -9 -10 -11 -12 -13 -14 -15 25 17 19 18 22 -21 21 23 -24 -25 -26 -27 -28 -29 -30 -31
leaf_value=0.0053556416200154673 0.066709969384397522 0.054769095996555474 -0.042161802207982796 -0.044126737887724692 0.052486188142845593 0.049211360535901832 0.060913375572365647 -0.056540369838595034 0.036951477229896765 -0.035345254299212168 0.048731611466353422 -0.039768026437268914 0.0026554804056916747 0.049917101104937363 -0.033164303438385494 -0.042212848590995118 0.043683746939958232 -0.05448636989753889 0.1549016277014385 -0.044043195048375006 -0.014003052621240583 0.064313875871559997 0.020154780610570397 -0.019623149028914415 0.109085455220113 0.068494705115198368 0.075976218667203846 0.067504305742541196 -0.054031414500836851 0.034373093565177433
leaf_weight=79.865288694621995 0.87058828270528366 1.262714622542261 6.1921108318492752 2.5356318401172762 1.7200180944055317 0.90733815706334997 1.2427054392173875 1.6341263931244601 3.9399833583738646 4.3945376384071997 2.4867265620268872 3.3530811327509573 327.87745855539106 3.2922941790893665 20.717316193738959 12.771582239773126 12.09092885814607 1.6816376780625422 0.98044009087607298 1.9590194365009654 70.500644511077553 4.1300077503547064 1.8740223748609421 2.6273011434823275 1.0071357302367676 1.1844373196363438 0.92022985219955344 1.3661546548828472 6.676863493397831 4.0960175767540923
leaf_count=866 24 10 133 26 14 11 12 21 165 60 133 36 3537 42 387 699 92 49 13 17 671 39 33 23 6 7 5 13 102 25
internal_value=-2.20788e-05 -0.00012134 -0.000240018 -0.0209625 0.00446241 -0.019529 0.000170875 3.87757e-05 0.000201041 -5.48493e-05 0.000221369 5.55882e-06 0.000245587 -0.00322392 -0.00400341 -0.00179802 0.000426324 -0.0254863 0.021608 0.0314518 -0.00213377 -0.0100776 0.0664371 0.0316784 0.00664743 -0.0234875 -0.0285226 -0.013492 -0.0148534 -0.0113468
internal_weight=586.158 585.288 584.025 11.3551 5.16299 3.44297 572.67 571.427 569.793 565.853 561.459 558.972 555.619 227.741 224.449 201.627 184.319 17.3077 4.5361 14.0499 170.269 89.397 2.85446 6.75731 80.8724 22.822 21.6375 82.6397 81.2735 74.5967
internal_count=7271 7247 7237 184 51 37 7053 7041 7020 6855 6795 6662 6626 3089 3047 2648 1854 794 95 109 1745 873 46 62 872 399 392 811 798 696
is_linear=0
shrinkage=0.05


Tree=145
num_leaves=31
num_cat=0
split_feature=297 22 167 269 269 110 110 195 115 183 265 100 111 215 2 234 279 231 126 156 89 232 221 229 64 314 280 251 298 50
split_gain=1.52069 2.17865 1.77111 1.48893 2.41649 2.01916 3.34231 2.59193 2.98214 2.77701 2.12744 2.10778 2.59111 2.34612 2.25055 3.75633 3.65555 3.36976 2.67031 2.62261 2.59056 3.53497 3.2545 3.37894 3.19505 4.07891 3.87999 3.84964 5.05959 4.18759
threshold=0.0011500000255182388 0.0021000000415369873 0.0016499999910593035 0.0020500000100582842 0.026750000193715099 0.0015499999863095584 0.0022500000195577745 0.0035500000230968003 0.0079499999992549437 0.0058500000741332778 0.0036499999696388845 0.0039500000420957812 0.0010500000207684936 0.028549999929964546 0.0050500000361353168 0.0053499999921768912 0.020999999716877941 0.0037000000011175875 0.032749999314546592 0.0015499999863095584 0.0046500000171363362 0.044399999082088477 0.048100000247359283 1.0000000180025095e-35 0.0039500000420957812 0.014549999963492157 0.0017499999958090486 0.0028499999316409235 0.0010500000207684936 0.0016499999910593035
decision_type=2 2 2 2 2 2 2 2 2 2 2 2 2 2 2 2 2 2 2 2 2 2 2 2 2 2 2 2 2 2
left_child=3 2 -2 5 -5 11 -7 9 -9 10 -8 12 14 -13 15 16 17 18 19 20 22 -22 23 24 25 27 -27 -1 29 -29
right_child=1 -3 -4 4 -6 6 7 8 -10 -11 -12 13 -14 -15 -16 -17 -18 -19 -20 -21 21 -23 -24 -25 -26 26 -28 28 -30 -31
leaf_value=-0.0011452064056040119 0.061167102176291968 -0.054212953649755452 -0.042012305483130952 0.055124260475568988 -0.054460301916146009 -0.042645559472158145 -0.053391703161003071 0.073503181176227492 -0.021924044912649571 -0.036093697038675293 0.0054784066069992884 0.041628893110904827 -0.042197631356556853 -0.022512237477747964 -0.023607885522980741 0.035464358424678037 0.052057905635352869 0.075553484328632015 -0.045513317312489809 0.038309126742790842 -0.014764350166336954 0.037452853837644205 -0.068300631092294686 0.031383646674351826 0.051734237003486394 -0.065472516050070526 -0.006930623361122188 0.0099860751286791165 -0.072657680108044895 0.051998258672291187
leaf_weight=357.81244049221277 2.9164430222008373 0.63834963436238457 0.4850889075314625 2.5794210244202982 0.62495215353555966 7.0743382421787819 1.6834756839089191 2.104326230473816 1.3400472998619077 7.246679389383643 17.359199930913746 5.9129963736049822 3.6185317793861023 1.8786109965294597 9.6976167297689226 7.6569738542311816 3.3736332741100332 1.465272195637225 3.2562751474324605 4.4079745085909954 47.015549286268651 3.4811213964130721 1.6984588559716929 8.9919211602536944 3.0126428368967018 4.4784433748573047 7.6909006256610155 56.522599224001169 1.7144605591893185 6.6267477943329132
leaf_count=4173 83 7 20 117 21 98 64 16 11 73 190 60 73 21 193 185 112 9 77 46 747 66 15 102 40 33 97 446 9 67
internal_value=-2.39123e-05 0.0305464 0.0464528 -0.000236725 0.0337519 -0.000425441 -0.0117566 -0.00440735 0.0363768 -0.0097508 0.00027397 0.000346475 -3.12751e-05 0.026164 0.000257209 0.000702957 0.00018264 -0.000161745 -0.000380694 -8.87817e-05 -0.000427943 -0.0111646 0.000780769 0.00104334 0.000420272 6.47649e-05 -0.0284746 0.000886448 0.0120938 0.0143947
internal_weight=584.365 4.03988 3.40153 580.326 3.20437 577.121 36.8081 29.7337 3.44437 26.2894 19.0427 540.313 532.522 7.79161 528.903 519.205 511.548 508.175 506.71 503.453 499.045 50.4967 448.549 446.85 437.858 434.846 12.1693 422.676 64.8638 63.1493
internal_count=7271 110 103 7161 138 7023 452 354 27 327 254 6571 6490 81 6417 6224 6039 5927 5918 5841 5795 813 4982 4967 4865 4825 130 4695 522 513
is_linear=0
shrinkage=0.05


Tree=146
num_leaves=31
num_cat=0
split_feature=87 310 98 162 166 206 245 226 265 276 167 226 212 123 206 291 234 186 36 123 0 2 279 36 218 236 297 240 276 123
split_gain=1.45384 1.4879 2.39384 1.93554 2.23148 1.80692 3.2276 3.2503 2.79698 5.62471 3.60251 3.55819 2.65052 2.6244 2.43401 2.17742 3.35226 2.64662 2.83977 2.18541 2.14032 2.04516 4.34668 3.22001 2.12458 2.58909 2.6623 2.57244 3.00087 3.37205
threshold=0.001300000003539026 0.009000000078231098 0.054800000041723258 0.0050000001210719356 0.013000000268220903 0.0010500000207684936 0.0045499999541789302 0.0045499999541789302 0.0056499999482184657 0.0065500000491738328 0.0011500000255182388 0.0023500000825151805 0.0046500000171363362 0.0019500000635161998 0.0027499999850988392 0.0042499999981373557 0.0014499999815598132 0.0010500000207684936 0.0039500000420957812 0.011649999767541887 1.0000000180025095e-35 0.0043500000610947618 0.020999999716877941 0.0036499999696388845 0.0041499999351799497 0.0012500000302679839 0.0010500000207684936 0.0012500000302679839 0.011950000189244749 1.0000000180025095e-35
decision_type=2 2 2 2 2 2 2 2 2 2 2 2 2 2 2 2 2 2 2 2 2 2 2 2 2 2 2 2 2 2
left_child=1 3 -3 4 5 21 7 14 10 -10 11 -8 -9 -12 -7 17 -17 20 -19 -18 -11 22 24 -23 25 26 -1 -27 29 -29
right_child=-2 2 -4 -5 -6 6 8 12 9 15 13 -13 -14 -15 -16 16 19 18 -20 -21 -22 23 -24 -25 -26 27 -28 28 -30 -31
leaf_value=-0.0011200251561058929 -0.055971845742727337 0.050031888428508343 -0.064365091255505172 0.046592360070220371 -0.040863356051271615 0.05080195143138555 0.027004644690355885 0.13608097316398926 0.047922163855693728 -0.020014233520155234 0.05877797819091251 -0.050687869764327799 0.04007755419660123 -0.027719647956576134 -0.057886592459267451 -0.28255613645597405 0.056723493483748479 0.047734816516532413 -0.049095073189280657 -0.066523231484112891 0.061333806951573783 -0.032718682545934692 0.052382369227866689 0.017680135313238834 -0.033363238574063307 0.093227207434721904 0.061887130934179524 0.058643702600115789 0.068818602899004586 -0.019021518197315568
leaf_weight=493.40748220030218 1.1587904850020994 2.9819529273663643 0.54014078248292197 2.2101740458747363 3.3686612980673081 1.0940853115171187 1.9069159552454928 1.2646049298346045 8.3382985710632074 8.327725927112624 2.3162998277693982 6.4870217964053154 1.666230261325836 1.4111802931874988 0.97337430017068971 0.14564256370067497 0.49244974565226574 4.5820492003113023 0.90708439983427513 1.3341432533925397 0.89553297893144268 11.318196626380084 3.8860038926359257 4.4018172500655046 4.9301295338664195 1.1916434345766891 1.6822684910148371 1.8667865660972873 2.051138817332685 5.5606529889628291
leaf_count=5813 17 201 9 78 90 12 12 10 88 127 17 56 12 12 12 1 50 72 10 14 15 145 134 47 51 10 25 36 35 60
internal_value=-2.26808e-05 8.88049e-05 0.0324882 -0.000108618 -0.000287874 -4.90976e-05 0.0099158 0.0476369 0.00483989 0.0143893 -0.0148735 -0.0330379 0.0815014 0.026031 -0.000369368 -0.00236906 -0.0517029 0.00424427 0.0317336 -0.0332959 -0.0121157 -0.000841008 -0.000298288 -0.0186063 -0.000699152 -0.000380743 -0.000905933 0.0239876 0.0152829 0.000498586
internal_weight=582.698 581.54 3.52209 578.018 575.807 572.439 42.1426 4.99829 37.1443 25.0229 12.1214 8.39394 2.93084 3.72748 2.06746 16.6846 1.97224 14.7124 5.48913 1.82659 9.22326 530.296 514.576 15.72 510.69 505.76 495.09 10.6702 9.47858 7.42744
internal_count=7271 7254 210 7044 6966 6876 520 46 474 377 97 68 22 29 24 289 65 224 82 64 142 6356 6164 192 6030 5979 5838 141 131 96
is_linear=0
shrinkage=0.05


Tree=147
num_leaves=31
num_cat=0
split_feature=254 39 260 149 158 242 205 227 279 218 297 183 181 108 89 234 124 264 289 126 43 43 149 314 101 301 177 251 298 160
split_gain=1.49185 1.43113 1.62557 2.85014 2.44718 1.98946 2.0492 1.92588 2.53488 2.82908 2.49936 2.41891 2.2976 2.74305 2.39613 4.08125 3.49709 3.07925 2.65875 2.81152 2.42366 3.63637 3.10208 3.23159 3.09429 4.37914 5.34773 4.61698 4.57709 4.3758
threshold=0.28225000202655798 0.0037000000011175875 0.0044499998912215242 0.0011500000255182388 0.074249997735023512 0.0045499999541789302 0.0074499999172985562 0.013849999755620958 0.028050000779330734 0.0041499999351799497 0.0011500000255182388 0.0069500000681728133 0.0013499999768100681 0.0063499999232590207 0.0046500000171363362 0.0023500000825151805 0.003249999950639904 1.0000000180025095e-35 1.0000000180025095e-35 0.012050000019371511 0.0092500001192092913 0.0051500000990927228 0.0014499999815598132 0.0016499999910593035 0.007849999703466894 0.047450000420212753 1.0000000180025095e-35 0.0014499999815598132 0.0012500000302679839 0.0045499999541789302
decision_type=2 2 2 2 2 2 2 2 2 2 2 2 2 2 2 2 2 2 2 2 2 2 2 2 2 2 2 2 2 2
left_child=1 2 5 -4 -5 6 7 8 9 10 12 -9 14 -14 17 18 -17 20 -16 -20 21 24 -23 -24 25 26 27 28 29 -1
right_child=-2 -3 3 4 -6 -7 -8 11 -10 -11 -12 -13 13 -15 15 16 -18 -19 19 -21 -22 22 23 -25 -26 -27 -28 -29 -30 -31
leaf_value=-0.0021788776083077237 0.066165788326553662 -0.053142875965517172 0.10916758178047109 -0.03881910160335085 0.040140577042445322 -0.02752907553738565 0.025791007927848494 0.0052130132443686085 0.045588765752346556 -0.036748301008649217 0.055320756827607703 -0.069308110572190246 0.041429048447478134 -0.029926293882427069 -0.021089893644119145 0.048404330046553583 -0.047555476644315205 0.041688297972934676 0.023353173856464963 -0.041369350273749252 -0.039440530400821183 0.057023882994882917 -0.048985418233432131 0.049906870712458008 -0.010356437277129451 0.015842965682997919 -0.014756046143011521 0.013682321219270079 0.073308594054864784 0.11180159082871033
leaf_weight=229.91873224894516 0.85014467831933771 1.2696966156363476 0.89416303386678819 1.5593784523662177 2.6469596400856972 6.6072391581255934 7.637467529566492 2.1026421594433478 3.0292871653800821 5.2658059084787956 2.0397240280872202 2.2586633702740073 6.3688294691964966 1.7080680979415772 38.786163674667478 4.6695565652335054 1.1917578605934975 4.5149060005787751 7.2916984455659968 2.1794282365590334 3.824807852972298 5.1966175143606943 1.8459435456898066 1.4952511824667452 63.209592144819908 47.254540496738628 54.59036258154083 68.312539081904106 2.0484938332810989 0.84514195192605157
leaf_count=3013 24 48 10 16 22 95 268 32 108 61 39 30 140 25 667 52 14 95 81 24 72 48 38 11 729 427 535 523 15 9
internal_value=-2.06179e-05 -0.000117538 -1.31656e-06 0.0281012 0.0108686 -0.000250949 6.65944e-05 -0.000284276 -2.44738e-05 -0.000274539 7.63955e-05 -0.0333805 -0.000130267 0.0263391 -0.000528257 -0.0105051 0.0288932 0.000589484 -0.0152904 0.00845969 0.000201729 0.000521127 0.0328574 -0.00472915 -7.10934e-05 0.00154226 -0.0003575 0.00225279 -0.00110091 -0.00176144
internal_weight=581.414 580.563 579.294 5.1005 4.20634 574.193 567.586 559.949 555.587 552.558 547.292 4.36131 545.252 8.0769 537.176 54.1186 5.86131 483.057 48.2573 9.47113 478.542 474.717 8.53781 3.34119 466.179 402.97 355.715 301.125 232.812 230.764
internal_count=7271 7247 7199 48 38 7151 7056 6788 6726 6618 6557 62 6518 165 6353 838 66 5515 772 105 5420 5348 97 49 5251 4522 4095 3560 3037 3022
is_linear=0
shrinkage=0.05


Tree=148
num_leaves=31
num_cat=0
split_feature=232 246 67 195 228 108 226 177 149 210 205 100 272 314 123 25 47 154 25 279 262 123 156 220 228 158 265 158 265 32
split_gain=1.47098 2.99916 3.46759 3.05429 2.61491 2.54915 3.6127 2.47198 2.81417 2.63224 2.49088 2.43762 2.28763 3.39848 3.40258 2.51155 2.51131 3.92474 3.74041 2.50378 2.47653 2.22932 3.19077 3.05336 2.98042 2.83697 4.22033 4.99261 4.12696 4.07446
threshold=0.0022500000195577745 0.018949999473989013 1.0000000180025095e-35 0.0020500000100582842 0.0036499999696388845 0.0039500000420957812 0.1860499978065491 0.0023500000825151805 0.0016499999910593035 0.0036499999696388845 0.0010500000207684936 0.00335000001359731 0.0034500000765547161 1.0000000180025095e-35 0.0053499999921768912 0.0085500003769993799 0.0015499999863095584 0.0016499999910593035 0.0016499999910593035 0.0012500000302679839 0.0010500000207684936 0.0012500000302679839 1.0000000180025095e-35 0.0069500000681728133 0.0021499999566003685 0.0041499999351799497 0.0012500000302679839 0.014250000007450582 0.0010500000207684936 0.011950000189244749
decision_type=2 2 2 2 2 2 2 2 2 2 2 2 2 2 2 2 2 2 2 2 2 2 2 2 2 2 2 2 2 2
left_child=21 2 11 4 7 -6 -7 9 -9 -3 -10 12 13 15 -15 16 17 19 -18 20 -2 22 23 -1 25 29 27 -27 -29 -23
right_child=1 3 -4 -5 5 6 -8 8 10 -11 -12 -13 -14 14 -16 -17 18 -19 -20 -21 -22 24 -24 -25 -26 26 -28 28 -30 -31
leaf_value=1.9416943162119184e-05 -0.020958256862836047 -0.017220255003661925 -0.044524943679489608 0.061775950663218941 0.023874879805764783 -0.047321893316442494 0.055244723093512076 -0.062046763467541746 -0.027722892983481625 0.060076006567253482 0.052616930576334799 0.067927472649310996 -0.022421946407708344 0.061404099166809181 0.011940558565151776 -0.032813722309605213 0.082658305766333998 0.065136926628302796 0.0049138511297099428 0.0760525905657055 0.02571281274654233 -0.026629618047252692 0.054703221199312535 0.047346895373922178 0.019048783569497438 -0.051476509774701563 -0.0061867885204754634 0.043272050590678068 0.24809879413011726 0.078235976598828375
leaf_weight=370.76109988417011 11.590625774580994 3.6409716163762011 2.4332264317199579 1.5820947600877833 8.3532618266763148 3.5191119937226167 1.1355818642769007 5.3263351821806264 5.2063447979744524 1.5790865905582903 1.1842360084410755 2.2114910617237902 3.9051621374674133 7.2792604748974536 6.6557868481031619 3.3840508782304815 2.8578819874674073 2.2921076780185095 3.373148683924228 0.90534856659360308 3.7659649197012195 27.168852396891456 2.7303164042532435 3.439550843439064 10.083969261613673 0.48821820132434257 80.629028927534819 0.49956783978268504 0.48435482382774353 0.95897925645112891
leaf_count=4044 119 44 30 24 152 41 21 44 50 16 21 23 43 168 112 50 18 22 55 11 37 589 25 195 123 32 1123 24 9 6
internal_value=-1.98865e-05 0.006177 0.0137126 -0.00593037 -0.00950753 0.00735219 -0.0222992 -0.0224561 -0.035206 0.00616215 -0.0128352 0.0166513 0.0141866 0.0175821 0.0377789 0.00759089 0.0131076 0.00388428 0.0405716 -0.00474923 -0.0095129 -0.00104407 0.000847392 0.000454438 -0.00696985 -0.00935009 -0.004655 0.0792407 0.144102 -0.0230544
internal_weight=579.425 82.1811 50.6541 31.527 29.9449 13.008 4.65469 16.937 11.7169 5.22006 6.39058 48.2208 46.0093 42.1042 13.935 28.1691 24.7851 18.554 6.23103 16.2619 15.3566 497.244 376.931 374.201 120.313 110.229 82.1012 1.47214 0.983923 28.1278
internal_count=7271 1101 688 413 389 214 62 175 115 60 71 658 635 592 280 312 262 189 73 167 156 6170 4264 4239 1906 1783 1188 65 33 595
is_linear=0
shrinkage=0.05


Tree=149
num_leaves=31
num_cat=0
split_feature=92 22 297 299 269 111 247 276 156 126 154 154 314 183 183 213 226 265 104 226 175 217 288 276 245 108 183 25 301 245
split_gain=1.41186 1.83379 2.434 1.70383 1.62787 2.07553 2.61042 2.55505 2.10708 2.45526 3.11369 2.38966 2.36841 4.65746 5.99187 4.34786 4.09836 3.78667 3.66306 3.54267 3.4688 3.28943 3.16757 3.13142 3.63433 3.09486 3.02036 2.98527 3.83585 4.50606
threshold=0.0015499999863095584 0.0011500000255182388 0.0011500000255182388 0.009000000078231098 0.0011500000255182388 0.0010500000207684936 0.01970000006258488 0.058049999177455909 1.0000000180025095e-35 0.0011500000255182388 0.020149999298155311 0.2099999934434891 0.0028499999316409235 0.0013499999768100681 0.010750000365078451 1.0000000180025095e-35 0.033250000327825553 0.014250000007450582 0.015850000083446506 0.039850000292062766 0.0028499999316409235 0.0010500000207684936 0.040149999782443054 0.0022500000195577745 0.0054500000551342973 0.0016499999910593035 0.0060499999672174462 0.0058500000741332778 0.0010500000207684936 0.0015499999863095584
decision_type=2 2 2 2 2 2 2 2 2 2 2 2 2 2 2 2 2 2 2 2 2 2 2 2 2 2 2 2 2 2
left_child=1 2 3 4 5 8 7 -7 12 -10 -11 -12 13 15 16 21 -15 19 20 -14 23 -1 -20 -19 -25 -21 -18 28 -23 -30
right_child=-2 -3 -4 -5 -6 6 -8 -9 9 10 11 -13 17 14 -16 -17 26 18 22 25 -22 27 -24 24 -26 -27 -28 -29 29 -31
leaf_value=-0.0017728612749409974 0.053466270869206516 -0.046052917114967673 0.043976677025357111 0.065406691367786859 0.02640437808521557 -0.04208388904309094 0.043451847658016129 0.052294436565501971 0.083769772284969915 -0.049344893503236474 0.045094897597128106 -0.030801655145669207 -0.038114634367615745 0.034321373261850079 -0.040155841434010166 0.044796980749140375 -0.023585180132645052 0.018733557116316073 -0.059242037801466779 0.060027613638533109 0.055622611915244924 0.078865272933407782 0.00015999809717503035 -0.027425698424202439 0.00077773760970863744 -0.02023619008631827 0.064204462642027782 0.098315382890012418 -0.051751309176025474 0.040703458540083587
leaf_weight=386.52114554133732 1.2311925003305066 2.1660507153719655 3.1348392274812786 0.98785794526338477 5.6438788147061123 7.7436016043648106 1.2714344849809993 0.79031462594866742 1.4303120682015995 1.6130243600346146 4.8093449510633945 1.3222700599581001 15.716905520297589 25.78145616245456 3.9394209496676913 5.2287553923670194 5.8235709578730157 15.673169969115404 5.0252998342039046 1.9163755811750878 2.7854879207443437 1.8480666149407605 4.0551840957487002 15.280549620511009 45.240886425541248 3.2172670308500528 1.1779103432781992 1.3365800492465494 2.5977311655879021 2.6749484073370695
leaf_count=4867 10 24 101 6 211 155 8 8 10 35 42 14 136 211 40 60 67 116 61 15 66 12 58 135 698 26 11 11 34 23
internal_value=-1.96525e-05 -0.000133829 3.92748e-05 -0.000201754 -0.000315366 -0.000582359 -0.0233858 -0.0333436 -0.000179496 0.0235828 0.0124672 0.028728 -0.000578913 0.00106544 0.0181073 -0.000498286 0.0251086 -0.00717574 -0.00263914 -0.0263357 0.000818638 -0.00109791 -0.0327141 -0.00118486 -0.00634311 0.00972608 -0.00881569 0.0297492 0.0168791 -0.00484694
internal_weight=577.985 576.754 574.588 571.453 570.465 564.821 9.80535 8.53392 555.016 9.17495 7.74464 6.13162 545.841 436.93 36.7224 400.207 32.7829 108.911 88.0606 20.8505 78.9801 394.978 9.08048 76.1946 60.5214 5.13364 7.00148 8.45733 7.12075 5.27268
internal_count=7271 7261 7237 7136 7130 6919 171 163 6748 101 91 56 6647 5336 329 5007 289 1311 1134 177 1015 4947 119 949 833 41 78 80 69 57
is_linear=0
shrinkage=0.05


Tree=150
num_leaves=31
num_cat=0
split_feature=163 149 89 257 180 265 180 119 254 257 195 257 228 247 257 240 126 25 224 108 163 89 265 89 43 212 149 126 133 245
split_gain=1.42045 1.96668 1.49319 5.13733 4.06647 3.98047 3.7518 4.59822 4.52123 7.98072 4.01652 3.99496 4.01963 3.71699 3.90236 3.6339 3.31927 3.63633 3.90909 4.39208 3.53705 3.32615 3.29544 7.32073 4.09107 3.58156 3.38933 3.28849 3.1411 3.63815
threshold=0.010850000195205213 0.018050000071525577 0.0010500000207684936 0.0034500000765547161 1.0000000180025095e-35 0.0018500000005587938 0.0027499999850988392 0.0042499999981373557 0.0017499999958090486 0.0039500000420957812 0.0010500000207684936 0.017799999564886097 0.0014499999815598132 1.0000000180025095e-35 0.0023500000825151805 1.0000000180025095e-35 0.0030500000575557355 0.0011500000255182388 1.0000000180025095e-35 0.0011500000255182388 1.0000000180025095e-35 0.0014499999815598132 0.0041499999351799497 0.0052499999292194852 0.0048500001430511483 1.0000000180025095e-35 0.0010500000207684936 0.0015499999863095584 1.0000000180025095e-35 0.0039500000420957812
decision_type=2 2 2 2 2 2 2 2 2 2 2 2 2 2 2 2 2 2 2 2 2 2 2 2 2 2 2 2 2 2
left_child=2 -2 3 4 28 -4 7 8 11 -10 -8 12 15 14 -6 -5 17 18 19 21 -21 -7 23 24 26 -24 -19 -20 -1 -30
right_child=1 -3 5 6 13 16 10 -9 9 -11 -12 -13 -14 -15 -16 -17 -18 22 27 20 -22 -23 25 -25 -26 -27 -28 -29 29 -31
leaf_value=0.0079249670327360151 0.045310847002917126 -0.032090206506479292 -0.017586374331897438 -0.042422583706300011 -0.0065168859013060828 -0.032945101992330639 -0.028061986788656984 -0.036195944182985385 0.3482350252681603 0.061417989637473552 0.064036064617920135 0.061834546904195486 0.047844211003893057 0.022638502141538605 -0.051209902115223471 0.014515704953617729 -0.010959119843145945 0.047075048186097875 0.032299551369311327 -0.062692071433036942 0.0071006250604763194 0.002395648370794964 -0.02353111531084523 -0.043809901880111919 0.14471661114783571 0.0092059864897251278 -0.0039374171412795414 -0.029634117218154954 -0.040328408872645626 0.045227561384959786
leaf_weight=125.48959861206822 3.573779134603682 1.0653405563207341 40.151071933913045 3.9075569792185076 136.38879343902227 8.4631996997632069 6.6814616285264474 2.7004431055393061 0.25674308463930984 4.3822615867247805 1.4387493992689995 5.3556491637136778 5.8550180047750464 10.556850337423382 5.0655409358441821 9.9065023539587838 54.430435078102164 12.706805854104468 9.8875340616796148 6.6356672933325154 2.4990199860185385 31.20976406801492 9.7396567938849312 3.0985022550448766 0.87724468531086941 58.75496608793037 4.3779956721700719 2.736484680324792 6.581555641256271 1.5317584760487077
leaf_count=1344 247 31 966 64 1482 75 90 51 3 76 13 64 39 132 69 62 733 98 128 60 17 267 124 75 11 718 89 28 103 12
internal_value=-1.94047e-05 0.0275363 -0.000243021 0.0019745 -0.00038825 -0.00318775 0.0186435 0.0262678 0.0319542 0.0772917 -0.0117439 0.0235497 0.0131252 -0.00598143 -0.00811736 -0.00159032 -0.000373376 0.00344276 -0.00592598 -0.0123405 -0.0435986 -0.00514339 0.00986939 0.0271665 0.0394102 0.0045509 0.0340031 0.0188743 0.00597558 -0.0241758
internal_weight=576.306 4.63912 571.667 326.098 285.614 245.568 40.4844 32.3642 29.6637 4.639 8.12021 25.0247 19.6691 152.011 141.454 13.8141 205.417 150.987 61.4317 48.8077 9.13469 39.673 89.5552 21.0605 17.962 68.4946 17.0848 12.624 133.603 8.11331
internal_count=7271 278 6993 3604 3142 3389 462 359 308 79 103 229 165 1683 1551 126 2423 1690 575 419 77 342 1115 273 198 842 187 156 1459 115
is_linear=0
shrinkage=0.05


Tree=151
num_leaves=31
num_cat=0
split_feature=195 232 246 67 195 228 245 108 244 158 276 205 301 100 123 231 228 158 301 123 240 32 113 1 302 203 246 265 280 246
split_gain=1.38774 1.40631 2.72297 3.17334 2.84483 2.46413 2.52311 2.61729 3.12585 2.221 2.72233 3.48384 2.33174 2.20243 2.19676 3.48247 2.74861 2.84218 3.90373 4.68285 3.88207 4.30776 3.41805 3.456 3.08764 2.95558 3.57809 3.4688 3.93383 3.23569
threshold=0.1142999976873398 0.0022500000195577745 0.018949999473989013 1.0000000180025095e-35 0.0020500000100582842 0.0039500000420957812 0.013150000013411047 0.0039500000420957812 1.0000000180025095e-35 0.0010500000207684936 0.0055499998852610597 0.0010500000207684936 0.0038499999791383748 0.00335000001359731 0.0012500000302679839 0.0034500000765547161 0.0021499999566003685 0.0041499999351799497 0.0020500000100582842 0.0056499999482184657 0.13985000550746921 0.011950000189244749 0.0014499999815598132 0.0015499999863095584 0.0021499999566003685 0.0020500000100582842 0.0013499999768100681 0.0013499999768100681 0.0034500000765547161 0.002549999975599349
decision_type=2 2 2 2 2 2 2 2 2 2 2 2 2 2 2 2 2 2 2 2 2 2 2 2 2 2 2 2 2 2
left_child=1 14 3 13 5 9 -7 -8 -9 -4 -11 12 -12 -3 15 -1 17 20 19 -19 21 22 23 24 -16 27 -27 -20 -29 -28
right_child=-2 2 4 -5 -6 6 7 8 -10 10 11 -13 -14 -15 16 -17 -18 18 25 -21 -22 -23 -24 -25 -26 26 29 28 -30 -31
leaf_value=0.0004703225702050375 0.057005399524543456 0.013689848630371985 -0.057677673103983695 -0.042982963727197093 0.061074218356666245 -0.0483965393351828 0.036181993290655232 -0.048630882509509948 0.044970404862318576 0.038698186477980887 0.069000465723735041 0.053416920087305454 -0.037777723177146616 0.065329348194022571 -0.043812303654836182 0.086044589258200146 0.017941504140232108 0.090222064358909226 0.10060648273055738 -0.027015516899245723 0.031799463062547766 0.073820769314389814 0.090290397967776714 0.057532573166550728 0.078253135111206767 0.02241896046417468 -0.041183600512925342 -0.02855655865482834 0.0089688360684781251 0.0011442835110176267
leaf_weight=373.87682543450501 1.0648713663686056 45.334079121355899 3.3822987703606584 2.391792661510407 1.5176483027171332 1.7076607448980201 6.6501937424764019 2.5141658205538993 1.3823925321921704 2.1874836236238471 0.53986360132694144 1.3476345885428589 9.6553334833588433 2.163336797268129 21.566446180106158 1.1926805507973757 10.03777714690659 2.2590551916509862 0.61570757254958053 1.3672791263088582 2.8604820370674124 0.96447157859802146 0.54055300215259094 0.92962747067212959 0.53081238642334838 14.34342872223351 5.9261709619313505 27.58865238702856 9.3512681717984361 18.95992953714449
leaf_count=4206 23 635 41 30 23 20 133 27 26 17 3 25 97 23 551 50 121 44 18 69 18 6 6 6 7 191 61 498 100 196
internal_value=-2.05625e-05 -0.000126414 0.00598896 0.0132121 -0.00567882 -0.00912852 0.00798676 0.017116 -0.0154237 -0.0213848 -0.0124445 -0.0221366 -0.0321235 0.0160418 -0.00112855 0.00074244 -0.00708357 -0.00941369 -0.00467526 0.0460186 -0.0233235 -0.029751 -0.0339896 -0.036907 -0.0408801 -0.00706938 0.00252869 -0.0170952 -0.0190571 -0.00893533
internal_weight=574.75 573.685 80.7739 49.8892 30.8847 29.367 12.2544 10.5468 3.89656 17.1126 13.7303 11.5428 10.1952 47.4974 492.911 375.07 117.842 107.804 80.4115 3.62633 27.3924 24.5319 23.5674 23.0269 22.0973 76.7852 39.2295 37.5556 36.9399 24.8861
internal_count=7271 7248 1100 688 412 389 206 186 53 183 142 125 100 658 6148 4256 1892 1771 1177 113 594 576 570 564 558 1064 448 616 598 257
is_linear=0
shrinkage=0.05


Tree=152
num_leaves=31
num_cat=0
split_feature=254 126 265 50 122 89 257 265 301 257 254 89 240 108 288 47 240 180 254 257 123 276 225 228 0 232 251 301 240 230
split_gain=1.39706 2.28284 2.8113 2.43746 2.16609 1.56857 4.64063 3.78771 4.05346 4.88682 5.55028 4.09621 5.15128 4.28313 4.5262 3.7571 3.72885 3.6271 3.30811 5.63123 4.03876 3.25191 3.52929 4.0623 3.22742 3.13168 3.29242 5.89773 4.35704 3.45146
threshold=0.041800001636147506 0.0012500000302679839 0.049249999225139625 0.0010500000207684936 0.0013499999768100681 0.0010500000207684936 0.0034500000765547161 0.0018500000005587938 0.0018500000005587938 0.013050000183284284 0.0010500000207684936 0.0016499999910593035 0.0052499999292194852 1.0000000180025095e-35 0.0019500000635161998 0.0058500000741332778 0.0080500002950429934 1.0000000180025095e-35 0.0015499999863095584 0.0039500000420957812 0.0013499999768100681 0.0011500000255182388 1.0000000180025095e-35 0.0013499999768100681 1.0000000180025095e-35 0.0035500000230968003 0.0028499999316409235 0.0010500000207684936 0.0062500000931322583 0.0034500000765547161
decision_type=2 2 2 2 2 2 2 2 2 2 2 2 2 2 2 2 2 2 2 2 2 2 2 2 2 2 2 2 2 2
left_child=5 -2 3 4 -3 6 17 8 9 11 -11 13 -13 14 21 -15 -14 -1 20 -20 -8 22 23 -7 25 26 29 -28 -29 -19
right_child=1 2 -4 -5 -6 7 18 -9 -10 10 -12 12 16 15 -16 -17 -18 24 19 -21 -22 -23 -24 -25 -26 -27 27 28 -30 -31
leaf_value=0.0056235665211466501 0.054616392070488899 -0.032453444700553127 0.029493948885853678 -0.065447342287242402 0.070309072620128019 -0.04061352924949245 0.019984055828578602 -0.00064045923470037124 -0.04470725946646717 -0.015354884380029488 0.071955384304260073 -0.053504443380425815 0.11398190065062559 -0.067250856605663975 0.15846816246347883 0.083286730101933382 -0.024955359494859292 -0.014292557176116896 0.24817285877378034 0.037883808306963626 -0.022648053931333692 0.077608249126151663 0.12964065864282023 0.09700642025012525 0.056689032122330757 0.014905936314105337 0.059854452315284995 -0.021947906741928123 0.023070693544091258 0.047574322453299608
leaf_weight=133.26831160252914 2.9989544193376778 1.1984769143164142 5.0080494861467741 2.0215167393907905 0.89630541950464238 3.6584636620245927 25.42235519096721 197.22618025215343 10.217217441648243 3.719350450905039 3.5648171026259661 10.237068327725863 0.84713532635942002 2.6872701805550609 0.59121705032885064 0.4900665278546511 1.1232470180839298 104.20312162686605 0.33230945840477844 7.5804521482205018 7.1088401251472524 1.508452422916889 0.43110197782516468 0.62832152610644687 2.0444845856400198 15.241383911808951 4.3632617285475161 13.266216536983849 9.0350464442744833 2.3042257192428215
leaf_count=1452 134 12 138 17 9 105 238 2390 202 62 21 436 9 84 5 4 15 1272 4 131 108 13 2 9 25 148 24 82 96 24
internal_value=-2.18495e-05 0.016771 0.00433214 -0.0262807 0.0115161 -0.000384681 0.0018754 -0.00347695 -0.0175671 -0.0081629 0.0273741 -0.0198219 -0.0392548 0.00391287 0.0262578 -0.0440322 0.0347786 -0.000383247 0.0177205 0.0467152 0.0106679 0.0137038 -0.00672834 -0.0204423 -0.0057038 -0.0065633 -0.00902043 0.00669203 -0.00370925 -0.0129541
internal_weight=573.223 12.1233 9.12435 4.1163 2.09478 561.1 324.17 236.93 39.7037 29.4865 7.28417 22.2023 12.2075 9.99489 6.81756 3.17734 1.97038 283.726 40.444 7.91276 32.5312 6.22634 4.71789 4.28679 150.458 148.413 133.172 26.6645 22.3013 106.507
internal_count=7271 310 176 38 21 6961 3604 3357 967 765 83 682 460 222 134 88 24 3123 481 135 346 129 116 114 1671 1646 1498 202 178 1296
is_linear=0
shrinkage=0.05


Tree=153
num_leaves=31
num_cat=0
split_feature=149 254 226 189 246 246 255 43 154 126 126 302 101 245 126 158 240 272 149 167 215 272 50 177 112 126 245 245 149 251
split_gain=1.34162 1.33125 1.38575 3.78651 4.46484 3.87455 6.98198 3.3295 3.49818 3.09254 3.75001 3.00203 3.14042 5.71188 6.72822 5.71105 4.93361 4.79844 4.62916 4.42423 4.33146 5.00572 4.49713 4.62963 4.23982 4.18619 4.04401 4.72757 3.91634 3.88936
threshold=0.53134998679161083 0.28225000202655798 0.0046500000171363362 0.0017499999958090486 0.010650000069290401 0.0077499998733401307 1.0000000180025095e-35 0.0019500000635161998 0.020650000311434272 0.0023500000825151805 0.0012500000302679839 0.0023500000825151805 0.0011500000255182388 0.012050000019371511 0.0039500000420957812 0.0020500000100582842 0.0031500000040978198 0.0022500000195577745 0.0017499999958090486 0.0014499999815598132 0.0011500000255182388 1.0000000180025095e-35 1.0000000180025095e-35 0.0010500000207684936 1.0000000180025095e-35 0.0068500000052154073 1.0000000180025095e-35 0.0058500000741332778 0.0012500000302679839 0.0018500000005587938
decision_type=2 2 2 2 2 2 2 2 2 2 2 2 2 2 2 2 2 2 2 2 2 2 2 2 2 2 2 2 2 2
left_child=1 2 3 4 5 7 -7 8 11 10 -5 12 15 14 17 18 24 -14 20 -18 21 22 23 -1 -17 -16 -22 -28 29 -24
right_child=-2 -3 -4 9 -6 6 -8 -9 -10 -11 -12 -13 13 -15 25 16 19 -19 -20 -21 26 -23 28 -25 -26 -27 27 -29 -30 -31
leaf_value=0.0072279304904612875 -0.054367110991788037 0.064672779731263438 -0.002077295556696274 0.019448729404340108 -0.047293640608266178 -0.055895576379946348 0.13534079925375619 -0.03396120825890666 0.074293072873162849 -0.0017311127225773189 0.074227636144298212 -0.083748921360416423 -0.043199399462111147 0.04919809298889391 0.070664345003473572 0.091853400563460183 -0.063866471319148202 0.075019974013356847 -0.03231929975907747 0.065636751625725506 -0.013652214769256344 -0.046782569297186327 -0.046325728393318853 -0.065595678740450455 -0.015808245115578785 -0.012829720462817697 0.046797991625051008 -0.0088897196511305791 0.17225408570524536 0.16779485767190139
leaf_weight=91.109930874314159 1.1334779789904121 0.79667576414067198 334.0136480468791 22.718845428840726 4.8607410117983809 0.73237463831901495 1.3703043374698607 6.7641159824561319 1.6475294618867327 14.562000804347916 3.6223970400169483 1.0364022272406135 17.351208634441729 3.1707759480923405 2.6427502306178203 4.6167281907983106 1.6177201550453904 0.9030172061175098 9.1637896534521115 1.1134105175733564 5.9840370821766582 5.4436721694655708 7.3497117557562879 2.23599645262584 1.1403338281670583 3.4755327242892236 15.453070844756441 5.058832809329032 0.22343046846799541 0.21838225983083237
leaf_count=916 41 24 3742 236 72 12 17 262 23 195 32 14 286 22 41 60 18 9 346 7 125 62 350 19 47 92 139 41 18 3
internal_value=-2.37553e-05 8.42343e-05 -6.10285e-06 0.00293042 2.48747e-05 0.00123655 0.0687321 0.000480519 0.00176795 0.0167597 0.0269818 0.00110157 0.00159485 -0.0139295 -0.0221421 0.00443167 0.044273 -0.0373512 0.00205415 -0.0110714 0.00442113 -7.6514e-05 0.00243742 0.00548352 0.0705282 0.023235 0.0225131 0.0330638 -0.0340563 -0.0401471
internal_weight=571.531 570.397 569.601 235.587 194.684 189.823 2.10268 187.72 180.956 40.9032 26.3412 179.309 178.272 27.5433 24.3725 150.729 8.48819 18.2542 142.241 2.73113 133.077 106.581 101.137 93.3459 5.75706 6.11828 26.4959 20.5119 7.79152 7.56809
internal_count=7271 7230 7206 3464 3001 2929 29 2900 2638 463 268 2615 2601 450 428 2151 132 295 2019 25 1673 1368 1306 935 107 133 305 180 371 353
is_linear=0
shrinkage=0.05


Tree=154
num_leaves=31
num_cat=0
split_feature=87 255 203 223 255 202 288 174 202 245 276 123 278 265 246 119 25 262 278 314 276 100 220 276 226 112 112 272 89 154
split_gain=1.36619 1.50075 2.95017 3.57753 2.50567 2.35329 3.2237 2.03258 1.84427 4.76556 6.07128 5.80613 3.88935 4.76998 3.14243 3.12503 3.11655 2.92272 3.38985 5.65349 4.0651 3.11032 3.06853 3.14451 5.07201 3.74496 3.83151 3.91799 3.54001 4.36336
threshold=0.001300000003539026 0.059400001540780074 0.0021499999566003685 0.0012500000302679839 0.080200001597404494 0.021049999631941322 0.0027499999850988392 0.0012500000302679839 0.0047500000800937423 0.0016499999910593035 0.0012500000302679839 0.013249999843537809 0.0044499998912215242 0.0011500000255182388 0.0035500000230968003 0.0075499999802559623 0.0053499999921768912 0.0048500001430511483 0.0010500000207684936 0.0068500000052154073 0.0011500000255182388 0.0017499999958090486 1.0000000180025095e-35 0.0058500000741332778 0.003249999950639904 0.0019500000635161998 0.0018500000005587938 0.0012500000302679839 0.0016499999910593035 0.020650000311434272
decision_type=2 2 2 2 2 2 2 2 2 2 2 2 2 2 2 2 2 2 2 2 2 2 2 2 2 2 2 2 2 2
left_child=1 7 3 4 -3 -4 -7 8 17 11 -11 -10 13 14 -12 -14 -15 18 19 21 -20 22 23 25 -25 26 28 -28 29 -1
right_child=-2 2 5 -5 -6 6 -8 -9 9 10 12 -13 15 16 -16 -17 -18 -19 20 -21 -22 -23 -24 24 -26 -27 27 -29 -30 -31
leaf_value=0.0025570644450292786 -0.055481176028753798 0.023032763146383223 0.06340817392710428 0.059180067788515547 -0.019116133318456702 -0.054503094266655262 0.036572514589002007 -0.053736858529370692 -0.059750633819266909 0.033035679226260113 -0.0058964575337369235 0.019354793868748249 -0.0055828838077107215 -0.026137850425731843 0.14714279714510806 0.022360670533015492 0.0084391258701504209 -0.039435970615795721 0.067233050750735865 -0.029793982015737658 0.010030526408603987 -0.055780771414652097 0.023950156939808578 0.055240815215607725 0.0061578540893335414 -0.032210976499617149 0.021656795724235511 0.23865506510361567 -0.0089486375127314707 0.091302147809563111
leaf_weight=202.25556787615642 1.1085453210398544 4.9039548418950387 4.0245688803261128 2.2911558764753854 12.549575894488951 1.333917482756078 3.5771586784976535 1.7877498563029792 8.013155951863153 10.698243439430369 0.63009772403165587 3.2646349135320625 30.54374638828449 36.281085267895833 0.71725616464391351 14.879398645425679 7.943764950381591 4.3854827315080902 3.3291252204217008 15.311658910941331 46.30992934020469 2.3761571082286528 14.739065977046264 6.238598834257572 33.667479588650167 9.3762151780538243 0.54935249523259599 0.33477627485990524 85.691067645559087 1.3946239142678667
leaf_count=2046 17 48 63 78 170 12 112 44 144 105 13 73 363 395 8 161 82 76 30 172 633 45 167 67 363 626 21 4 1122 11
internal_value=-2.80078e-05 7.99524e-05 0.0112257 0.000437739 -0.00727347 0.0350633 0.0118351 -0.000511231 -0.00033467 -0.00601424 -0.00259439 -0.0368516 -0.00678338 -0.0171036 0.0755731 0.00357067 -0.0199271 0.00117165 0.00159407 -4.38811e-05 0.0138669 0.00123344 0.00161587 0.000646275 0.0138311 -0.00110991 -0.000105133 0.103823 -0.000422704 0.0031648
internal_weight=570.507 569.399 28.6803 19.7447 17.4535 8.93565 4.91108 540.718 538.93 112.971 101.694 11.2778 90.9953 45.5722 1.34735 45.4231 44.2249 425.959 421.574 371.935 49.6391 356.623 354.247 339.508 39.9061 299.602 290.225 0.884129 289.341 203.65
internal_count=7271 7254 483 296 218 187 124 6771 6727 1344 1127 217 1022 498 21 524 477 5383 5307 4644 663 4472 4427 4260 430 3830 3204 25 3179 2057
is_linear=0
shrinkage=0.05


Tree=155
num_leaves=31
num_cat=0
split_feature=310 91 67 25 26 68 232 149 95 6 301 257 120 228 254 245 176 123 91 226 104 313 289 212 254 230 246 232 226 206
split_gain=1.36597 2.16225 1.70981 2.91377 1.86947 1.72319 2.08204 1.6785 2.8733 2.78529 3.88922 3.24833 3.47236 3.7268 3.38886 3.39947 4.43751 2.87313 3.11266 3.01744 3.86407 2.74705 3.91117 2.7149 3.10212 3.22601 2.66612 2.63836 3.96685 3.06717
threshold=0.0070000002160668382 0.11275000125169755 1.0000000180025095e-35 0.0037500000325962905 1.0000000180025095e-35 0.0018500000005587938 0.0014499999815598132 1.0000000180025095e-35 0.0011500000255182388 1.0000000180025095e-35 0.13704999536275866 0.016849999316036705 0.0010500000207684936 0.0039500000420957812 0.019849999807775024 0.051500000059604652 0.014050000347197058 0.01124999998137355 0.0042499999981373557 0.0015499999863095584 0.0013499999768100681 0.0010500000207684936 0.0022500000195577745 0.0027499999850988392 0.0010500000207684936 0.0030500000575557355 0.0055499998852610597 1.0000000180025095e-35 0.034500000998377807 0.0012500000302679839
decision_type=2 2 2 2 2 2 2 2 2 2 2 2 2 2 2 2 2 2 2 2 2 2 2 2 2 2 2 2 2 2
left_child=2 -2 4 -4 7 6 -5 8 9 11 23 14 -13 -14 15 16 17 18 21 -20 -21 27 -23 -11 25 -25 -12 29 -29 -1
right_child=1 -3 3 5 -6 -7 -8 -9 -10 10 26 12 13 -15 -16 -17 -18 -19 19 20 -22 22 -24 24 -26 -27 -28 28 -30 -31
leaf_value=-0.0018218492814375889 0.04365713480239581 -0.047914524222225578 -0.048822416551345602 0.02567055870044159 0.054283983963101169 0.043709605694584992 -0.052764106946742051 -0.0036331802737844623 -0.052516215962350524 -0.036345553781668892 0.14148612981890926 0.029636949778994798 -0.05519266233067821 0.031479558366918729 0.034004790812403811 -0.035587137372229134 0.069000899242446817 -0.031661158092974845 -0.051302622423092852 0.11304376520908144 0.016349645411126056 0.063697496995043665 -0.088202178839735967 0.0037161298045588452 -0.044763958952945333 0.10167079522606758 0.012530823059042247 0.0067387181883746322 0.057066976000405945 0.027667729012185029
leaf_weight=231.16642768122256 3.6680160451796828 0.78210167353972782 4.8041792321018857 1.5872845314443114 1.5887307683005918 1.8613987341523168 1.8118821759708224 204.14723914436763 2.3938273442909113 11.795437586028134 0.60755031206644972 20.835002813662872 2.7908658959204322 2.2323229026515037 8.1294520658557285 6.1230822511715806 2.4548750743269911 6.3895811671391121 0.74445031641516735 1.811252611223608 2.4052234028931707 3.2680837803054597 0.48691092000808556 5.4967632670886797 2.7385675488039851 0.99226667080074538 1.1778826294466851 20.982902534771714 4.8134236149489871 9.1670778519473952
leaf_count=2130 234 17 42 23 16 20 21 3089 24 248 7 310 31 33 139 85 22 120 87 28 46 91 16 65 23 9 13 179 38 65
internal_value=-2.95318e-05 0.0275635 -0.000246939 -0.0206708 0.000123616 0.00503846 -0.016138 -3.19411e-05 0.00207458 0.00245161 -0.0144363 0.00364119 0.0206404 -0.0166752 0.00216584 0.00127274 0.00206831 0.00148406 0.00225462 0.0415009 0.0578861 0.00153321 0.0440006 -0.0204533 -0.000138487 0.0186948 0.056412 0.000934007 0.0161296 -0.000697024
internal_weight=569.254 4.45012 564.804 10.0647 554.739 5.26057 3.39917 553.15 349.003 346.609 22.8085 323.801 25.8582 5.02319 297.943 289.813 283.69 281.235 274.846 4.96093 4.21648 269.885 3.75499 21.023 9.2276 6.48903 1.78543 266.13 25.7963 240.334
internal_count=7271 251 7020 106 6914 64 44 6898 3809 3785 365 3420 374 64 3046 2907 2822 2800 2680 161 74 2519 107 345 97 74 20 2412 217 2195
is_linear=0
shrinkage=0.05


Tree=156
num_leaves=31
num_cat=0
split_feature=39 260 24 276 203 67 180 157 232 246 195 257 47 257 214 246 272 245 265 158 226 257 301 6 276 276 206 232 259 214
split_gain=1.30156 1.37769 1.47652 2.89967 3.45193 2.03383 2.08453 2.22497 1.90188 2.71815 2.33303 2.40642 2.77293 2.80477 2.34955 2.14891 2.23877 2.70235 2.67726 3.0684 3.56792 3.21428 3.06528 2.21575 2.50178 2.37361 2.56878 2.27253 2.55923 2.09223
threshold=0.0037000000011175875 0.028850000351667408 0.0016499999910593035 0.0012500000302679839 0.0075499999802559623 1.0000000180025095e-35 0.089000001549720778 0.0021499999566003685 0.0020500000100582842 0.018949999473989013 0.0020500000100582842 0.011049999855458738 1.0000000180025095e-35 0.051349999383091934 0.0051500000990927228 0.013550000265240671 0.0031500000040978198 0.024449999444186691 0.0017499999958090486 0.0011500000255182388 0.012850000057369472 0.0080500002950429934 1.0000000180025095e-35 0.0060499999672174462 0.0022500000195577745 0.0029499999945983295 1.0000000180025095e-35 0.0054500000551342973 0.12700000405311587 0.0012500000302679839
decision_type=2 2 2 2 2 2 2 2 2 2 2 2 2 2 2 2 2 2 2 2 2 2 2 2 2 2 2 2 2 2
left_child=1 2 5 -4 -5 8 -7 -8 -1 15 11 14 -13 -14 -11 16 17 18 22 20 21 -20 -10 24 -21 -26 27 -27 29 -29
right_child=-2 -3 3 4 -6 6 7 -9 9 10 -12 12 13 -15 -16 -17 -18 -19 19 23 -22 -23 -24 -25 25 26 -28 28 -30 -31
leaf_value=-0.0011659253803845979 -0.052854039550598822 0.047331490302787022 0.069094393372227239 0.033916576136912957 -0.034726390856589233 -0.0338746428078259 0.069231006864092601 -0.049870108997702021 0.012798258449963391 -0.026880784758093482 0.061573498631757928 0.033500069939880465 0.025244946239485422 -0.047210452439421347 0.050528085131956259 0.045047614951221525 -0.025965305059076224 0.043043575153491657 -0.030350020139906293 -0.059323172815678421 0.070634893608726851 0.050887782436440689 -0.058202778351573628 0.052776952379304215 0.095712606604984166 0.036471345980612961 -0.07123595110747076 -0.048534889631811455 0.064091383149368505 0.0095546787792073727
leaf_weight=470.11838181738858 1.1636440120637406 1.5384607762098301 2.2457190710119885 4.2442315332591534 3.2218231838196516 7.9619459735695255 1.1042378805577753 0.60806437791325141 3.1494123421143732 13.946037306915974 1.2498654091032211 5.7286722881253791 2.3295992678031325 3.1305249262368307 1.0543747734045599 5.1599992148694573 3.7584051249432369 6.8158005514414972 2.5289120874367672 1.795448151417079 4.4618928066920489 2.3482098209206015 2.9384271348826587 1.9444713871926058 0.66413168236613174 3.975572351831941 1.1876688101328898 3.4426133166998625 0.99110421678051341 2.8196679018437862
leaf_count=5936 48 11 20 40 38 95 19 8 49 135 19 99 39 70 21 59 44 178 31 23 41 37 56 18 5 38 14 31 18 31
internal_value=-2.82064e-05 8.03097e-05 -4.83694e-05 0.0192791 0.00429511 -0.000386445 -0.0231113 0.0269364 1.65444e-05 0.0073872 -0.00516483 -0.00834988 0.0091992 -0.0162969 -0.0214397 0.0145653 0.0108922 0.0144383 0.00839236 0.0153423 0.038324 0.00876391 -0.0214719 0.00258269 -0.00397821 0.00361836 -0.00130751 0.00608871 -0.010564 -0.0223794
internal_weight=567.627 566.464 564.925 9.71177 7.46605 555.213 9.67425 1.7123 545.539 75.4208 27.4391 26.1892 11.1888 5.46012 15.0004 47.9817 42.8217 39.0633 32.2475 26.1597 9.33901 4.87712 6.08784 16.8207 14.8762 13.0808 12.4166 11.229 7.25339 6.26228
internal_count=7271 7223 7212 98 78 7114 122 27 6992 1056 383 364 208 109 156 673 614 570 392 287 109 68 105 178 160 137 132 118 80 62
is_linear=0
shrinkage=0.05


Tree=157
num_leaves=31
num_cat=0
split_feature=195 163 149 258 75 240 186 181 225 206 135 135 26 223 101 47 308 223 223 149 245 226 250 25 203 126 280 202 180 163
split_gain=1.29169 1.29264 1.79703 1.42342 1.38653 2.39104 1.70788 2.22427 3.08222 1.71284 1.62385 3.99555 1.99896 1.5457 2.85921 2.56623 2.03721 3.02286 3.03509 2.94073 2.90128 3.04902 2.2943 2.21757 2.18429 2.07806 2.28362 2.48398 2.16578 2.08734
threshold=0.1142999976873398 0.010850000195205213 0.018050000071525577 0.37699998915195471 0.002650000038556755 0.085650000721216216 0.0020500000100582842 0.0012500000302679839 0.010100000072270634 0.003249999950639904 0.011150000151246788 0.0059500001370906839 1.0000000180025095e-35 0.0030500000575557355 0.019849999807775024 0.01814999990165234 0.0039000001270323996 0.0018500000005587938 0.0012500000302679839 0.0039500000420957812 0.020049999468028549 1.0000000180025095e-35 0.028599999845027927 0.011850000359117987 0.24510000646114352 0.03354999981820584 0.015300000086426737 0.0010500000207684936 0.0012500000302679839 0.0040500001050531873
decision_type=2 2 2 2 2 2 2 2 2 2 2 2 2 2 2 2 2 2 2 2 2 2 2 2 2 2 2 2 2 2
left_child=1 4 3 -3 10 6 7 9 -9 -6 11 12 13 16 15 -15 17 18 22 -20 21 -19 23 24 25 26 29 28 -28 -1
right_child=-2 2 -4 -5 5 -7 -8 8 -10 -11 -12 -13 -14 14 -16 -17 -18 20 19 -21 -22 -23 -24 -25 -26 -27 27 -29 -30 -31
leaf_value=-0.0002766874760728114 0.055835731858775356 0.061584026028781338 -0.030938574627905474 -0.016576417170398303 -0.047747192799394288 0.055415447921712671 0.05343393538721114 0.046775935834210539 -0.0650602484132322 0.044824899829233655 0.051788303893109046 -0.064823970767586114 0.046897507108593361 0.043769722348311439 -0.042438787013596616 -0.060033070200382226 0.032490260939286399 0.087353611811711973 0.032793885912869726 -0.025399625478187672 0.034725355280721786 -0.050108438058562299 0.042745038967626596 -0.024314886853323586 0.068434634841993747 -0.019650009718666626 0.036205585290738515 0.046693681728736856 -0.053932243365365035 -0.031071310242185075
leaf_weight=463.58125606237445 1.0329053627792735 2.6452414247905831 1.0333987999474628 0.74699785147095088 7.4927240055985695 1.051223644055425 0.68113332986831743 1.8832237385213386 0.91562233120203007 0.53539156168699253 1.5114939156919707 2.3746909867040804 2.2795541835948816 6.4451548585784604 1.469613690394908 0.6560154785402118 4.6779148848727337 0.42801892384886553 12.007542644452768 2.6500549688935271 1.4673638229141941 7.0131870170589536 3.005930363025981 10.053127595107069 1.1433907840400923 14.130875615868716 1.2319871486397453 5.192245255690068 1.4516222591046242 5.5688944455469018
leaf_count=5463 23 185 31 62 160 21 5 23 9 5 18 29 23 125 22 8 45 3 137 33 67 63 70 206 15 225 33 71 18 73
internal_value=-2.70321e-05 -0.000129099 0.0267871 0.0443725 -0.000341475 -0.0167676 -0.0233612 -0.0281925 0.0101895 -0.0415736 3.47522e-05 -0.0001083 0.000173964 -2.24839e-05 0.0210426 0.0341803 -0.000360833 -0.000651374 -0.000156634 0.0222727 -0.0295307 -0.0422016 -0.00080718 -0.00106778 -0.00059306 -0.000753753 -0.000193992 0.0265064 -0.0125519 -0.000642225
internal_weight=566.358 565.325 4.42564 3.39224 560.899 12.5593 11.5081 10.827 2.79885 8.02812 548.34 546.828 544.454 542.174 8.57078 7.10117 533.603 528.925 520.017 14.6576 8.90857 7.44121 505.359 502.353 492.3 491.157 477.026 7.87585 2.68361 469.15
internal_count=7271 7248 278 247 6970 223 202 197 32 165 6747 6729 6700 6677 155 133 6522 6477 6344 170 133 66 6174 6104 5898 5883 5658 122 51 5536
is_linear=0
shrinkage=0.05


Tree=158
num_leaves=31
num_cat=0
split_feature=254 310 104 135 135 308 25 203 301 25 89 123 232 246 246 119 272 278 232 164 245 149 240 202 226 195 167 163 279 250
split_gain=1.2636 1.26238 1.69999 1.63634 3.71589 1.78458 2.0449 2.03475 1.98329 2.11728 1.92271 2.12417 2.00606 3.08647 2.71579 2.96992 2.40198 2.54414 3.0293 2.6681 2.73351 2.71139 2.40935 2.34085 2.6912 2.16226 2.12752 5.23504 3.62497 5.46345
threshold=0.28225000202655798 0.0070000002160668382 0.021149999462068084 0.011150000151246788 0.0059500001370906839 0.0039000001270323996 0.011850000359117987 0.23515000194311145 0.021049999631941322 0.014500000048428776 0.056599998846650131 0.28125000000000006 0.0022500000195577745 0.018450000323355201 0.011750000063329937 0.0058500000741332778 0.0031500000040978198 0.0021499999566003685 0.002650000038556755 1.0000000180025095e-35 0.028150000609457496 0.0040500001050531873 0.0074499999172985562 0.0029499999945983295 0.012850000057369472 0.0020500000100582842 0.0015499999863095584 0.0011500000255182388 0.0024500000290572648 0.0039500000420957812
decision_type=2 2 2 2 2 2 2 2 2 2 2 2 2 2 2 2 2 2 2 2 2 2 2 2 2 2 2 2 2 2
left_child=1 3 -3 4 5 6 7 10 -8 -10 11 12 26 14 15 16 17 18 -14 20 22 -21 -20 24 -24 -15 27 28 -1 -30
right_child=-2 2 -4 -5 -6 -7 8 -9 9 -11 -12 -13 13 25 -16 -17 -18 -19 19 21 -22 -23 23 -25 -26 -27 -28 -29 29 -31
leaf_value=-0.0013328953907544093 0.064266836920079701 0.048065235125355085 -0.021132034036053918 0.050639777903775419 -0.061133635140568021 0.025020922097448058 -0.047578332995960454 0.066054399976479883 -0.048255278897857613 0.0087193868830911306 -0.053151253847289283 -0.041533243040466711 0.05626541226829921 -0.0080408866884775221 0.049710480933437842 0.06133421213894294 -0.036899159784161688 0.04610443539194993 -0.050190720389252055 0.026054611041159206 0.056177031964862262 -0.062079897882720815 -0.021535646619820898 -0.060552321154178204 0.058383871431674575 0.061073546359511205 -0.0071422164652060229 0.049803579879626997 0.026678733724428829 -0.034638695383386438
leaf_weight=323.58706599229481 0.76321442186599497 2.9385152678587465 1.271702009369619 1.5710277501493681 2.5121958982199422 6.9337584060267536 4.3706631583627304 1.1621915725991119 2.204259251477195 6.265854793600738 1.7073466693982471 3.0617805630899957 2.6213838867843213 25.235570330754857 5.4961309646023428 2.7932048784568897 2.7730127762770271 4.5598375911358735 4.9858945929445344 9.4039160918910021 1.1513161547482003 0.96191331371665079 2.2539309244602919 1.3154045939445493 1.9775863625109193 1.1847721962258209 106.32750838587526 5.3930292339064172 23.907114464906048 4.2837091113906345
leaf_count=4155 24 212 34 18 29 112 155 22 26 70 17 54 27 284 66 27 29 74 71 121 12 12 21 10 17 16 1153 49 281 73
internal_value=-2.52552e-05 -0.000112224 0.0271641 -0.000317293 -0.000460651 -0.000186469 -0.000504842 -3.25827e-05 -0.0202232 -0.00610768 -0.00017615 -6.54305e-06 0.000233258 0.00833974 0.0170483 0.0118894 0.00757402 0.011793 0.00545141 -0.000589558 -0.0169717 0.017876 -0.0249674 -0.00229524 0.0158145 -0.00494158 -0.000933553 0.000914727 0.000165223 0.0173613
internal_weight=564.975 564.212 4.21022 560.001 558.43 555.918 548.984 536.144 12.8408 8.47011 534.981 533.274 530.212 66.7139 40.2935 34.7974 32.0042 29.2312 24.6713 22.05 11.6841 10.3658 10.5328 5.54692 4.23152 26.4203 463.498 357.171 351.778 28.1908
internal_count=7271 7247 246 7001 6983 6954 6842 6591 251 96 6569 6552 6498 787 487 421 394 365 291 264 131 133 119 48 38 300 5711 4558 4509 354
is_linear=0
shrinkage=0.05


Tree=159
num_leaves=31
num_cat=0
split_feature=226 226 189 246 246 6 232 167 225 265 228 180 108 212 163 180 6 149 301 301 25 32 228 254 167 158 108 278 251 226
split_gain=1.24265 1.25708 3.27922 3.50783 3.21331 3.82545 3.68611 3.68611 7.13101 3.94487 4.50449 6.20725 4.02154 3.83845 3.46664 4.03972 3.07825 3.06457 3.93275 3.16591 4.73349 2.97116 3.02952 3.09093 6.13236 5.88521 4.14963 3.99775 3.96359 3.85289
threshold=0.43285000324249273 0.0046500000171363362 0.0027499999850988392 0.010650000069290401 0.0023500000825151805 1.0000000180025095e-35 1.0000000180025095e-35 0.0014499999815598132 0.0011500000255182388 0.0011500000255182388 0.0012500000302679839 0.00075000003562308859 0.0017499999958090486 0.0044499998912215242 0.0016499999910593035 0.0017500000540167095 0.032050000503659255 0.0055499998852610597 0.052149999886751182 0.010149999987334015 0.0010500000207684936 0.0010500000207684936 0.0017499999958090486 1.0000000180025095e-35 0.0012500000302679839 0.0012500000302679839 0.0014499999815598132 0.0011500000255182388 0.0014499999815598132 0.0042499999981373557
decision_type=2 2 2 2 2 2 2 2 2 2 2 2 2 2 2 2 2 2 2 2 2 2 2 2 2 2 2 2 2 2
left_child=1 2 3 4 6 -6 7 8 14 10 12 -12 -9 -11 15 21 -7 18 19 20 -4 22 23 24 27 26 -25 -1 -27 -29
right_child=-2 -3 17 -5 5 16 -8 9 -10 13 11 -13 -14 -15 -16 -17 -18 -19 -20 -21 -22 -23 -24 25 -26 28 -28 29 -30 -31
leaf_value=-0.010118660266622346 0.054999406337027802 -0.0021123507056190443 -0.019160753417532428 -0.040461426295000956 0.029417473603343826 -0.054204464480896136 0.028483437485576552 -0.054463372876599817 0.047727371367040521 -0.045245366077085819 0.10143596120449257 -0.014786797351018037 0.048416591964391333 0.041789669170719093 0.063692772439293749 -0.043112944446438844 0.065517718594330032 -0.0048030774770575517 -0.060222344094140269 0.065242445943563807 0.049651482623845528 -0.046323399230602302 0.043848481739730723 0.039333141427031315 0.10921014239690215 -0.0041759549161465752 -0.037164983526682557 0.011234772387137553 -0.095315284675639683 0.10474504860606115
leaf_weight=84.858863720786758 1.0242373304208729 329.45532642310718 4.3698103470087606 5.0821031671948722 17.586738551734019 2.5966303923632945 10.311137564945964 3.7437460431829113 7.6355676522944114 13.126204395433886 2.1771550476551056 2.4322963252197951 1.2728373203426597 1.4021162074059237 1.9851518943905819 5.9607474227668709 0.67685369122773398 8.8137168281245959 1.1002514511346806 6.3115243298816486 5.8378715404542163 3.52192314621061 3.8604234606027594 16.012023336719729 1.1487940559163679 10.391495163319631 1.9934559871908266 6.1501226974651209 1.3476462797261763 1.3419102467596529
leaf_count=1610 85 3696 49 77 180 63 142 44 70 121 12 25 15 12 15 308 16 144 10 59 63 38 37 108 13 141 22 77 12 7
internal_value=-2.41729e-05 -0.000124363 0.002686 0.000564593 0.00159915 0.0201798 -0.00054613 -0.00230314 0.000686232 -0.020398 0.00442605 0.040108 -0.0283601 -0.0368457 -0.00190581 -0.00285922 -0.0294497 0.0192681 0.0313091 0.0374055 0.0201936 -0.00102236 0.000232879 -0.00113331 -0.00559942 0.0129056 0.0308637 -0.00702759 -0.0146387 0.0279836
internal_weight=563.529 562.504 233.049 206.616 201.534 20.8602 180.674 170.362 146.208 24.1544 9.62603 4.60945 5.01658 14.5283 138.573 136.587 3.27348 26.4332 17.6195 16.5192 10.2077 130.627 127.105 123.244 93.4997 29.7446 18.0055 92.3509 11.7391 7.49203
internal_count=7271 7186 3490 3165 3088 259 2829 2687 2458 229 96 37 59 133 2388 2373 79 325 181 171 112 2065 2027 1990 1707 283 130 1694 153 84
is_linear=0
shrinkage=0.05


Tree=160
num_leaves=31
num_cat=0
split_feature=149 220 154 215 314 288 218 233 123 304 279 218 64 119 6 183 38 59 297 180 75 75 53 53 133 183 163 202 223 143
split_gain=1.23865 1.34183 2.3939 2.32084 2.59711 2.93586 2.12037 2.07756 2.26485 1.95213 1.90707 1.80519 1.72355 2.45924 2.13095 2.23537 2.21729 2.15098 2.37604 1.962 2.2531 2.23017 2.90595 2.47944 2.04651 4.75796 2.85618 3.44869 2.44819 2.82358
threshold=0.53134998679161083 0.0012500000302679839 0.25039999932050711 0.0031500000040978198 0.0076500000432133683 0.044949999079108245 0.0047500000800937423 0.033500000834465034 0.0010500000207684936 0.0041499999351799497 0.018250000663101677 0.0041499999351799497 0.0037500000325962905 0.043150000274181373 0.014949999749660494 0.0035500000230968003 0.0014499999815598132 1.0000000180025095e-35 0.0010500000207684936 0.031250000000000007 0.002650000038556755 0.0024500000290572648 0.0077499998733401307 0.0070500001311302194 0.0014499999815598132 0.0024500000290572648 0.0012500000302679839 1.0000000180025095e-35 0.0030500000575557355 0.0011500000255182388
decision_type=2 2 2 2 2 2 2 2 2 2 2 2 2 2 2 2 2 2 2 2 2 2 2 2 2 2 2 2 2 2
left_child=1 10 3 4 5 6 -3 8 9 -6 11 12 13 14 17 16 -16 18 19 20 21 22 23 24 28 26 -26 -28 29 -1
right_child=-2 2 -4 -5 7 -7 -8 -9 -10 -11 -12 -13 -14 -15 15 -17 -18 -19 -20 -21 -22 -23 -24 -25 25 -27 27 -29 -30 -31
leaf_value=0.00091270921407877114 -0.054035909187144515 0.010766672590549158 -0.045966416053026211 0.028017815858099759 0.03612578386288532 0.057801762723219685 -0.066313921032062462 0.05536364360008228 -0.032899152812409953 -0.045253847772053005 0.050156975060806686 -0.041104351129189559 0.033368576158524829 -0.046033024991548314 -0.040400025402679327 0.011774145361276906 0.056354876131626763 -0.037192621253901353 0.057858932610070635 0.026709298896321711 -0.026088948937018581 0.060427380070513917 -0.047073269383188086 0.060304754848483078 -0.021189102359575919 0.049936094530886072 0.030040328890827157 -0.027406260198437518 0.032321668534712911 -0.066285065258133755
leaf_weight=406.11924404429737 1.0595278282416973 14.631592167541385 1.9630167388822872 13.291433232749112 2.6789716680068518 3.3278859445126718 0.95013571809977371 1.0122723630629469 8.8046885784715396 1.0165392915951086 1.8390188196208317 2.7701667828951022 3.7001603699754915 2.9978080429136744 8.6378188787493819 3.7980001093819729 0.63570882380008775 3.8730873540043822 1.7812390893232066 6.7816391894593826 8.3693934630136919 1.5261834142729629 3.2712247512536115 1.7105607145931561 33.6931929490529 3.1172896036878219 6.8371422900818271 4.2282130420207977 6.1959080080850972 1.5692948736250389
leaf_count=4360 41 161 30 468 66 46 9 24 91 30 46 26 66 73 284 35 7 88 47 134 153 15 258 31 446 36 66 39 83 12
internal_value=-2.54146e-05 7.65685e-05 0.00810046 0.0104222 0.00320886 0.0151713 0.00606649 -0.0135317 -0.0191108 0.0137404 -0.000668489 -0.000851184 -0.000632043 -0.000881097 -0.00061154 -0.0205351 -0.0337674 -7.90418e-05 0.000217215 4.82483e-06 -0.000375129 8.44564e-05 -0.000112857 0.000218595 -3.9906e-06 -0.00979101 -0.0139508 0.00808926 0.00112812 0.000654048
internal_weight=562.188 561.129 47.6765 45.7135 32.4221 18.9096 15.5817 13.5125 12.5002 3.69551 513.452 511.613 508.843 505.143 502.145 13.0715 9.27353 489.074 485.201 483.419 476.638 468.268 466.742 463.471 461.76 47.8758 44.7585 11.0654 413.884 407.689
internal_count=7271 7230 925 895 427 216 170 211 187 96 6305 6259 6233 6167 6094 326 291 5768 5680 5633 5499 5346 5331 5073 5042 587 551 105 4455 4372
is_linear=0
shrinkage=0.05


Tree=161
num_leaves=31
num_cat=0
split_feature=92 22 297 167 168 258 238 222 111 293 156 154 53 228 203 149 25 53 212 265 149 149 133 300 236 240 265 251 265 108
split_gain=1.2662 1.50244 2.01081 1.62939 1.56624 1.56198 1.57479 1.55457 1.80305 2.81177 1.90957 2.02512 2.02612 2.13018 1.80447 3.31228 5.25041 5.94574 3.75722 3.12093 3.2778 2.71627 2.67448 2.65398 2.56052 2.47543 2.3182 3.50856 2.77407 3.97033
threshold=0.0015499999863095584 0.0011500000255182388 0.0011500000255182388 0.0016499999910593035 0.015000000596046449 0.092999998480081572 0.047599999234080322 0.0047499998472630986 0.0010500000207684936 0.0013499999768100681 1.0000000180025095e-35 0.020149999298155311 0.0013499999768100681 0.0064499999862164268 0.0028499999316409235 0.0040500001050531873 0.0060499999672174462 0.0015499999863095584 0.0010500000207684936 0.0018500000005587938 0.010650000069290401 0.017050000838935379 0.0031500000040978198 0.0013499999768100681 0.003249999950639904 0.0044499998912215242 0.016849999316036705 0.0081500001251697558 0.022750000469386581 1.0000000180025095e-35
decision_type=2 2 2 2 2 2 2 2 2 2 2 2 2 2 2 2 2 2 2 2 2 2 2 2 2 2 2 2 2 2
left_child=1 2 4 -4 5 6 7 8 10 -10 14 -12 -13 -14 15 24 18 21 23 20 -20 25 -16 -17 -1 -18 27 -21 29 -28
right_child=-2 -3 3 -5 -6 -7 -8 -9 9 -11 11 12 13 -15 22 16 17 -19 19 26 -22 -23 -24 -25 -26 -27 28 -29 -30 -31
leaf_value=-9.3733415356762187e-05 0.051235413258203147 -0.043636067733524422 0.05783556034608716 -0.046113042417740696 0.02513865206052179 -0.048047549809793762 -0.05749051129952485 0.061293503666591434 -0.046583862481907358 0.0096281438648592454 -0.020761880349096481 0.063733792093606287 -0.032130193358479345 0.04839301890756028 0.010343072906758115 -0.042947307100149511 -0.056317218148594764 -0.020183482401961939 -0.051930079576238103 -0.041238773403436534 0.13403518597575861 0.10447729241881339 -0.032233266742478693 0.073226851768353127 0.058122215704830477 0.060309480383519944 0.06524495228575708 0.066972164402451059 -0.012260775472743471 -0.033690556881492827
leaf_weight=405.78595076699276 1.2021218854933966 1.9778880337253202 2.4306488846777934 0.44619181688176457 6.0336749472480724 1.7200919665046956 1.202142126916441 1.0258205202408124 5.1739695542491955 3.9026971198618412 2.0026336591690761 3.3829886000603437 1.6234388314187529 1.6623121276497839 58.477961363038048 15.131635274854485 0.65176416002213811 3.9518214337294921 0.34983047726563998 9.0794868867378682 0.73434494156390429 2.152038034517318 3.9367489942815146 0.50811611115932542 1.8976277585607011 1.5069644255563615 2.992061733268204 0.81643441319465715 17.273242537863553 1.5339266471564768
leaf_count=4559 10 24 81 20 322 36 31 12 131 38 40 22 25 13 652 482 16 153 17 201 15 19 62 3 48 13 22 4 185 15
internal_value=-2.49294e-05 -0.000135092 1.92711e-05 0.0417134 -0.000197041 -0.000475754 -0.000326093 -0.00020013 -0.000315976 -0.0224144 5.86233e-05 0.0233314 0.0365727 0.00860774 -0.000324472 -0.00139733 -0.0127225 0.0241155 -0.0190088 -0.009388 0.0740298 0.0647258 0.00765761 -0.039173 0.000177242 0.0250975 -0.0122414 -0.0323111 -0.00313063 0.0317142
internal_weight=560.567 559.364 557.387 2.87684 554.51 548.476 546.756 545.554 544.528 9.07667 535.451 8.67137 6.66874 3.28575 526.78 464.365 56.6817 8.26259 48.4191 32.7793 1.08418 4.31077 62.4147 15.6398 407.684 2.15873 31.6952 9.89592 21.7992 4.52599
internal_count=7271 7261 7237 101 7136 6814 6778 6747 6735 169 6566 100 60 38 6466 5752 1145 201 944 459 32 48 714 485 4607 29 427 205 222 37
is_linear=0
shrinkage=0.05


Tree=162
num_leaves=31
num_cat=0
split_feature=87 255 203 223 255 202 288 174 262 164 202 245 276 123 278 265 177 119 149 149 276 89 314 255 195 304 32 176 302 301
split_gain=1.22916 1.34896 2.75362 3.28566 2.24628 2.16326 2.36687 1.85268 1.70563 2.51502 1.65259 4.42761 4.38176 3.79352 3.73464 4.09934 3.22785 3.01812 2.58378 2.6869 3.75095 2.59022 2.5886 2.80137 2.583 4.05797 2.57348 2.72416 2.51634 2.53913
threshold=0.001300000003539026 0.059400001540780074 0.0021499999566003685 0.0012500000302679839 0.080200001597404494 0.016449999995529655 0.0027499999850988392 0.0012500000302679839 0.0017499999958090486 0.015000000596046449 0.0047500000800937423 0.0012500000302679839 0.0012500000302679839 0.013249999843537809 0.0044499998912215242 0.0011500000255182388 0.0035500000230968003 0.0075499999802559623 0.0038499999791383748 0.0020500000100582842 0.0010500000207684936 0.0016499999910593035 0.0010500000207684936 0.011649999767541887 0.003249999950639904 0.0011500000255182388 0.0012500000302679839 0.0015499999863095584 0.002549999975599349 0.16510000079870227
decision_type=2 2 2 2 2 2 2 2 2 2 2 2 2 2 2 2 2 2 2 2 2 2 2 2 2 2 2 2 2 2
left_child=1 7 3 4 -3 -4 -7 10 9 -6 24 13 16 -12 15 -14 18 26 19 20 22 -20 23 -13 -1 -26 27 -16 -29 -30
right_child=-2 2 5 -5 8 6 -8 -9 -10 -11 11 12 14 -15 17 -17 -18 -19 21 -21 -22 -23 -24 -25 25 -27 -28 28 29 -31
leaf_value=0.00065308982068075614 -0.054610105584088048 0.02184830220308033 0.065040758870369503 0.058276608943950439 -0.056357315753615911 -0.03797769515012147 0.036328060706148815 -0.052590062352641326 -0.0024274902616513586 0.036032788240481166 -0.062038049647523477 -0.046390148696322957 0.067710142121915229 0.01474160706217777 -0.045470621444010192 -0.019315750785679819 -0.060659262548179133 0.022194788589465733 -0.031116607775701317 0.12383238837934162 0.096918905127142407 0.075189045216532246 0.074009508706374336 0.050804314772494225 0.0086052243231371714 0.10310676452823005 0.039717978486167427 0.0021684252201136719 -0.085685143296782007 0.051297959547579444
leaf_weight=413.12536779502989 1.0294583858922113 4.7857787741813906 3.4496117921662499 2.1654677044134578 4.2653925211634469 1.5412046816200016 3.5178722279379144 1.7005443414673198 6.9330824736971408 0.89035675418563176 5.9398934725904819 2.032396362395954 1.3957653979305167 2.2063088300637901 4.5576726289000424 44.35689038853161 0.97720981412567276 14.728376698156351 2.2799253065604721 1.0641908403486011 1.8928692042827604 0.76537365652620781 1.2461616005748508 1.1670703180134294 4.1423791977576903 1.5652149696252307 2.8516269829124203 20.470102377701554 1.5831286519533017 0.43022372078848992
leaf_count=5331 17 48 57 78 74 15 115 44 79 17 117 28 21 55 78 504 12 163 37 7 11 6 9 9 36 16 26 174 17 70
internal_value=-2.55619e-05 7.51366e-05 0.0108627 0.000295336 -0.00714522 0.0345096 0.0136914 -0.000485083 -0.0186233 -0.0404023 -0.000317514 -0.00577318 -0.00293478 -0.0412431 -0.00662314 -0.0166609 0.0262403 0.00366913 0.0343681 0.0503159 0.037973 -0.00439885 0.0128749 -0.0109365 0.00111462 0.0345207 -0.0054586 -0.0102227 -0.00307751 -0.0564139
internal_weight=559.057 558.027 27.5488 19.0401 16.8746 8.50869 5.05908 530.479 12.0888 5.15575 528.778 109.945 101.799 8.1462 90.3738 45.7527 11.4252 44.6211 10.448 7.40269 6.3385 3.0453 4.44563 3.19947 418.833 5.70759 29.8928 27.0411 22.4835 2.01335
internal_count=7271 7254 483 296 218 187 130 6771 170 91 6727 1344 1172 172 1053 525 119 528 107 64 57 43 46 37 5383 52 365 339 261 87
is_linear=0
shrinkage=0.05


Tree=163
num_leaves=31
num_cat=0
split_feature=254 126 265 251 151 314 278 276 288 108 304 89 89 255 310 265 244 254 183 183 282 228 240 288 225 195 110 104 313 304
split_gain=1.20143 2.23325 3.58511 1.50896 1.48164 1.40199 4.14395 3.60587 3.31159 2.78479 2.68848 2.20444 2.76809 2.43588 2.32995 2.31545 2.22984 1.94912 3.78548 4.19612 3.87176 4.82437 3.40707 3.57337 4.72666 4.85756 3.89433 3.83434 3.73548 4.14393
threshold=0.041800001636147506 0.0044499998912215242 0.049249999225139625 0.32940000295639044 0.0047500000800937423 0.0068500000052154073 0.0012500000302679839 0.0028499999316409235 0.050900001078844077 0.0020500000100582842 0.0039500000420957812 0.012550000101327898 0.032749999314546592 0.0017499999958090486 0.0050000001210719356 0.11904999986290933 0.014749999623745682 1.0000000180025095e-35 0.0089499996975064295 0.0019500000635161998 1.0000000180025095e-35 0.0034500000765547161 0.031549999490380294 0.0091500002890825289 0.0037500000325962905 0.0019500000635161998 0.0012500000302679839 0.0016499999910593035 0.0014499999815598132 0.0015499999863095584
decision_type=2 2 2 2 2 2 2 2 2 2 2 2 2 2 2 2 2 2 2 2 2 2 2 2 2 2 2 2 2 2
left_child=4 3 -3 -2 5 8 -7 -8 10 -10 11 14 15 -14 16 -13 17 18 19 22 -21 -22 23 24 25 26 28 -27 29 -1
right_child=1 2 -4 -5 -6 6 7 -9 9 -11 -12 12 13 -15 -16 -17 -18 -19 -20 20 21 -23 -24 -25 -26 27 -28 -29 -30 -31
leaf_value=-0.0016189741569116577 0.047984542147361135 -0.052875153321113026 0.024683191683708538 -0.063041603778212302 -0.055484912619180551 -0.030097095965077487 0.045402811510581634 -0.0041310300962002422 0.043288386758849176 -0.018327515201332845 0.056308939924654092 -0.052251536189071947 0.039337634540419747 -0.026010120726228905 0.045081263989741702 0.046042738649520215 0.077258935958639502 0.0039745983000421068 -0.057276523204903479 0.043154188141695443 -0.029986040314863106 0.051016778851622063 -0.032966494063169899 -0.025723598309642933 0.061516285479392044 0.063094388449710145 -0.038796250917672102 -0.017865755247879922 0.063929016613838763 -0.055209835849858419
leaf_weight=200.39371209184173 4.7361111369100382 2.3443075343966484 4.0886902545462362 0.32717292010784138 1.2163440510630597 15.076424430473706 3.9858554858947164 46.966788836638443 7.82808661990566 2.3947639772668481 2.1168351813103063 6.0893543100683001 2.6886644284240901 3.036680284421891 2.8993901760550207 0.66450610011816014 0.93479786533862252 180.6842788773356 3.1443155887536696 9.5007492844015378 5.6234944043681008 2.7307438626885414 9.6080633108504099 15.6167847039178 2.9845481896772972 4.936655070167034 7.4068026096792883 2.0781055609695613 2.1330163935199371 3.6733298264443865
leaf_count=3104 201 21 86 2 26 177 42 709 99 26 96 132 35 38 74 5 9 1639 38 80 54 21 83 139 21 34 191 34 25 30
internal_value=-2.58246e-05 0.0159705 -0.00358055 0.0408104 -0.000362379 -0.0002394 -0.00706975 -0.000256163 0.000701819 0.0288545 8.80991e-05 -0.000166835 -0.0208989 0.00467767 0.000402594 -0.0425805 0.000115649 -4.44195e-05 -0.00273564 -0.00209259 0.0213209 -0.00350871 -0.00377263 -0.0026001 -0.000985143 -0.00183066 -0.00317514 0.0391101 -0.00189561 -0.00258364
internal_weight=557.909 11.4963 6.433 5.06328 546.413 545.197 66.0291 50.9526 479.168 10.2229 468.945 466.828 12.4792 5.72534 454.349 6.75386 451.449 450.515 269.83 266.686 17.855 8.35424 248.831 239.223 223.606 220.622 213.607 7.01476 206.2 204.067
internal_count=7271 310 107 203 6961 6935 928 751 6007 125 5882 5786 210 73 5576 137 5502 5493 3854 3816 155 75 3661 3578 3439 3418 3350 68 3159 3134
is_linear=0
shrinkage=0.05


Tree=164
num_leaves=31
num_cat=0
split_feature=212 89 164 226 6 25 212 301 240 98 301 288 212 257 212 212 276 189 276 301 244 215 226 276 126 224 288 240 251 226
split_gain=1.20868 3.31693 3.28275 2.78082 2.81772 4.06494 4.61013 3.91215 5.19521 3.28085 3.47249 3.521 4.37683 4.934 3.28639 4.82795 3.06298 3.02549 3.00557 2.85765 2.70181 2.65773 2.55774 2.54723 2.72097 3.00782 3.79107 4.13408 3.20172 3.63558
threshold=1.0000000180025095e-35 0.0029499999945983295 0.0050000001210719356 0.0045499999541789302 0.0020500000100582842 1.0000000180025095e-35 0.002549999975599349 0.0015499999863095584 0.0020500000100582842 0.00335000001359731 0.0074499999172985562 0.0014499999815598132 0.0011500000255182388 0.0028499999316409235 0.003249999950639904 0.0043500000610947618 0.0080500002950429934 0.0013499999768100681 0.0023500000825151805 0.022950000129640106 0.0043500000610947618 0.0018500000005587938 0.0038499999791383748 0.0010500000207684936 1.0000000180025095e-35 0.0011500000255182388 0.024950000457465652 0.016350000165402893 0.0018500000005587938 0.011149999685585501
decision_type=2 2 2 2 2 2 2 2 2 2 2 2 2 2 2 2 2 2 2 2 2 2 2 2 2 2 2 2 2 2
left_child=1 20 -3 4 5 9 7 18 -9 10 11 12 -2 17 -13 -16 -8 -14 -7 -10 -1 -6 -12 -5 25 28 -27 -28 -25 -30
right_child=3 2 -4 23 21 6 16 8 19 -11 22 14 13 -15 15 -17 -18 -19 -20 -21 -22 -23 -24 24 -26 26 27 -29 29 -31
leaf_value=-0.0016005940246723858 0.088427826994591896 -0.035854577211216189 0.027515804297054636 -0.014589382582225844 -0.052854784401591075 -0.022803214001011589 -0.012384653673751099 0.09146487382246643 0.046553992500183487 0.060188900060812373 0.0047804720839413443 -0.041805522255479483 -0.045602050263619485 0.070049826731284348 0.082594629119859625 -0.035154766644298084 0.044779791586848861 0.067241466190971808 0.050925071164873714 -0.011067939786311883 0.087960189189122934 0.019900883796767421 0.061354705813337677 -0.0018988680858788593 -0.004737541640967298 0.04238325015935928 -0.14877261914534304 0.0050299728267101905 0.053468457407615022 0.0085777091337556448
leaf_weight=206.90570054121781 1.5428812867030517 12.584647732554002 2.4398529201280317 28.839424163335934 3.2564605525694779 3.8224333131220218 9.9208204339956847 5.3676530285738435 8.3242240662220848 2.1733565367758265 6.3810979869449493 11.116344334557651 4.2780506256967783 1.6416486715897916 1.4765970793087029 2.1209396844496951 3.0679953514481886 0.68976707756519307 2.1653219573199749 2.9016954507678738 0.84553159587085147 2.0425044656731188 2.9084222419187427 80.249474289943464 105.26788743544603 11.27633856929606 0.48116965312510629 4.7498164227581583 5.6899958516005453 21.753155953250825
leaf_count=2719 19 415 34 273 132 84 170 58 75 13 65 82 65 16 11 16 31 7 20 26 8 39 23 749 1377 153 5 267 58 261
internal_value=-2.51499e-05 -0.0028768 -0.0255638 0.0018797 0.0103416 0.0130065 0.0248519 0.0385038 0.0510054 0.000732882 -0.00328566 -0.0137584 0.0126005 -0.00510022 -0.0283628 0.0131751 0.00111775 -0.0299341 0.00385878 0.0316598 -0.00123609 -0.0248109 0.0224931 -0.000583729 0.0011765 0.00618904 0.0260632 -0.00911748 0.00314269 0.0178852
internal_weight=556.281 222.776 15.0245 333.505 75.1982 69.8992 35.5701 22.5813 16.5936 34.3291 32.1557 22.8662 8.15235 6.60947 14.7139 3.59754 12.9888 4.96782 5.98776 11.2259 207.751 5.29897 9.28952 258.307 229.468 124.2 16.5073 5.23099 107.693 27.4432
internal_count=7271 3176 449 4095 952 781 464 263 159 317 304 216 107 88 109 27 201 72 104 101 2727 171 88 3143 2870 1493 425 272 1068 319
is_linear=0
shrinkage=0.05


Tree=165
num_leaves=31
num_cat=0
split_feature=240 119 288 304 132 240 308 279 124 278 287 219 167 158 120 89 112 50 202 104 180 112 228 212 276 257 42 225 186 135
split_gain=1.20534 2.22955 3.26297 2.82863 2.15141 2.0347 2.6425 3.21563 3.9293 3.78005 3.28985 2.52106 2.64204 4.0934 2.42235 2.20062 2.06998 3.07317 2.48581 2.95525 2.89708 4.1495 2.85778 2.43419 3.71466 2.87963 2.85282 2.6751 2.65906 2.64945
threshold=0.1090499982237816 0.0024500000290572648 0.026850000023841861 0.0010500000207684936 0.0012500000302679839 0.042449999600648887 0.012249999679625036 0.0015499999863095584 0.0017499999958090486 0.0016499999910593035 0.0011500000255182388 0.0010500000207684936 0.0017499999958090486 0.0030500000575557355 0.0013499999768100681 0.056599998846650131 0.0023500000825151805 0.03914999961853028 0.026950000785291198 0.0015499999863095584 1.0000000180025095e-35 0.0050500000361353168 0.0019500000635161998 0.013749999925494196 0.023449999280273918 0.01264999993145466 0.0010500000207684936 0.018000000156462196 0.0024500000290572648 0.0013499999768100681
decision_type=2 2 2 2 2 2 2 2 2 2 2 2 2 2 2 2 2 2 2 2 2 2 2 2 2 2 2 2 2 2
left_child=5 3 -3 -2 -5 15 7 9 10 -7 11 -9 -13 -14 -15 16 17 23 19 -18 21 -20 -21 26 -25 28 27 29 -26 -1
right_child=1 2 -4 4 -6 6 -8 8 -10 -11 -12 12 13 14 -16 -17 18 -19 20 22 -22 -23 -24 24 25 -27 -28 -29 -30 -31
leaf_value=-0.00053818510868359744 0.053776779851282597 -0.058488339709328013 0.011356100253121918 0.023845255390607886 -0.040898835266477751 -0.045809983416752222 0.061076478138381574 -0.054032241250613559 -0.071982177228919017 0.027663354915559837 -0.052588454325975836 0.045878150686716711 -0.13728665864389164 0.046551767117662519 -0.024822803837002319 -0.063215668652009796 -0.039179254788086898 0.073149743171691581 0.082035304135631051 -0.022305945344419306 -0.0074889182064047212 -0.033729948994002251 0.027078784868344224 0.019929407362037563 -0.048086944436519868 0.030049021816932555 -0.052727167000354951 0.06731481159782314 0.041909649804625422 0.026286321869475861
leaf_weight=407.87767524970695 5.2076707116793859 2.2658285254146886 6.382709460100159 4.0324316518963315 1.8819342034985309 11.115574065595871 1.1594579957891245 1.1430224250070775 1.7447223970666517 2.077790362876839 1.9760729119298037 6.2265720598516037 0.50705212412867684 2.4664343962795101 2.2947444207966328 1.3605740992352355 11.274236611556264 1.4863628880120803 2.4171251538209613 7.857535499148069 10.139564931858329 1.1387419721577314 4.670798591338098 34.147391990642063 5.359131347620858 2.3967406759038568 2.5513199120759955 1.4841152422595758 0.96919126820284862 9.4177320520393533
leaf_count=4543 65 26 166 224 73 98 17 11 16 29 41 99 21 79 31 21 465 25 23 355 130 16 62 349 62 62 32 13 15 102
internal_value=-2.52681e-05 0.0120986 -0.00694243 0.0269049 0.00324387 -0.000473079 -0.0129681 -0.0158733 -0.00106125 -0.0342388 0.00740585 0.0167867 0.0238288 -0.0022316 0.0121514 0.000287486 0.000459193 0.0013692 -0.0108422 -0.0206073 0.00612945 0.0449623 -0.00389439 0.00113936 0.0124899 -0.0166264 -1.56103e-05 0.000305523 -0.0343038 6.72038e-05
internal_weight=555.03 19.7706 8.64854 11.122 5.91437 535.26 30.7114 29.552 16.3586 13.1934 14.6139 12.6378 11.4948 5.26823 4.76118 504.548 503.188 465.69 37.498 23.8026 13.6954 3.55587 12.5283 464.203 42.8725 8.72506 421.331 418.78 6.32832 417.295
internal_count=7271 554 192 362 297 6717 442 425 298 127 282 241 230 131 110 6275 6254 5203 1051 882 169 39 417 5178 488 139 4690 4658 77 4645
is_linear=0
shrinkage=0.05


Tree=166
num_leaves=31
num_cat=0
split_feature=175 110 110 195 313 212 231 119 183 124 276 304 126 234 254 183 89 89 101 240 225 240 279 149 257 98 123 50 301 158
split_gain=1.19041 1.18059 2.71808 2.07608 1.89803 3.32847 2.77394 2.4528 2.20722 2.54926 2.09459 2.0629 2.03254 4.11054 1.98343 2.05978 2.17075 3.13615 2.9154 2.41754 2.27212 2.93591 2.26749 1.9069 2.59515 3.707 3.41768 2.97688 3.01842 3.77965
threshold=0.013700000010430815 0.0015499999863095584 0.0022500000195577745 1.0000000180025095e-35 1.0000000180025095e-35 0.0012500000302679839 0.0017499999958090486 0.0048500001430511483 0.0012500000302679839 0.003249999950639904 0.0018500000005587938 0.0069500000681728133 0.0075499999802559623 0.0023500000825151805 0.064050000160932555 0.034400001168251045 0.0011500000255182388 0.0014499999815598132 0.0081500001251697558 0.083599999547004714 0.0012500000302679839 0.0059500001370906839 0.0019500000635161998 0.0015499999863095584 0.016849999316036705 1.0000000180025095e-35 0.0084500000812113302 0.03914999961853028 0.015950000844895843 0.05464999936521054
decision_type=2 2 2 2 2 2 2 2 2 2 2 2 2 2 2 2 2 2 2 2 2 2 2 2 2 2 2 2 2 2
left_child=1 4 3 -3 6 7 11 -6 9 10 -7 23 -12 -14 15 16 20 19 -19 -18 21 -10 -22 24 26 -26 27 28 29 -1
right_child=-2 2 -4 -5 5 8 -8 -9 14 -11 12 -13 13 -15 -16 -17 17 18 -20 -21 22 -23 -24 -25 25 -27 -28 -29 -30 -31
leaf_value=-0.0030340895040654294 0.048968072113475619 -0.052331197392137388 -0.0023503225408910101 0.015517387388291637 0.059609924865666852 -0.044372964227460385 0.076330059554358592 -0.013219067558180031 -0.022141744869778199 -0.064976202083617859 0.056872979652680893 0.054292270414053601 -0.040064706751217469 0.050412505384556994 0.051509903457841233 0.054553728533856427 -0.025404604949652489 0.048166324270349441 -0.027497333357975495 -0.14816823644479668 -0.062355039555564332 0.052570953221444165 0.025395132513950855 -0.0067106150515101083 0.037146493023413683 0.0020051946252480266 -0.02677372302705654 0.066447855115754947 0.0089048411378591843 0.072577332984135337
leaf_weight=241.55995239201002 1.2371078410069447 5.2290475019253781 29.490213227574714 1.4373892199946565 5.1350668380036941 0.91573447012342235 1.1743962625041593 1.4919976862147448 2.0702420002780944 0.78774011880159456 5.1153497103368846 1.7048315218416963 2.1656988207250834 2.986384067684412 1.4772161851287808 1.2254747568804294 0.74854282231535652 1.5024818294332352 8.3390123359276895 0.86381100304424763 1.8791206767782571 3.6039021355099976 1.2103877791669218 106.06051203334937 11.528941577998919 21.499151689582504 11.866229509236289 1.7047751185018558 75.894939559744671 1.6641752282157529
leaf_count=2563 61 86 391 14 76 12 9 16 22 13 87 82 26 27 120 83 21 109 140 9 16 80 55 1859 110 236 229 53 654 12
internal_value=-2.43746e-05 -0.000134107 -0.00886834 -0.037702 0.0004777 0.0107294 -0.000419009 0.0432134 0.00455948 0.0219607 0.0280846 -0.000609372 0.0345469 0.01238 -0.00452897 -0.00838951 -0.0122048 -0.0265358 -0.0159459 -0.0911746 0.00652549 0.0253116 -0.0279768 -0.000807766 0.000904096 0.0142718 -0.000422992 0.000551636 0.00019961 -0.00251675
internal_weight=553.57 552.333 36.1566 6.66644 516.176 41.5182 474.658 6.62706 34.8911 11.9709 11.1832 473.484 10.2674 5.15208 22.9202 21.443 20.2175 11.4538 9.84149 1.61235 8.76365 5.67414 3.08951 471.779 365.718 33.0281 332.69 320.824 319.119 243.224
internal_count=7271 7210 491 100 6719 912 5807 92 820 165 152 5798 140 53 655 535 452 279 249 30 173 102 71 5716 3857 346 3511 3282 3229 2575
is_linear=0
shrinkage=0.05


Tree=167
num_leaves=31
num_cat=0
split_feature=173 226 246 265 119 288 304 110 245 64 195 257 212 212 89 240 240 257 158 245 225 301 180 308 133 246 257 163 228 265
split_gain=1.19201 1.21538 3.08385 3.16953 4.61586 4.03796 3.46322 3.28083 3.27993 3.18481 3.14086 2.83254 2.82111 2.85603 3.0468 4.36889 3.78834 3.67164 3.80536 3.43038 3.99216 4.29609 4.03864 4.05003 5.40608 4.87003 3.95885 3.87241 3.80217 4.36809
threshold=0.012250000145286323 0.0046500000171363362 0.010650000069290401 0.0029499999945983295 0.0010500000207684936 0.0015499999863095584 0.0015499999863095584 0.0010500000207684936 0.0047500000800937423 0.0018500000005587938 0.017549999989569191 0.018350000493228439 0.0080500002950429934 0.0043500000610947618 0.0016499999910593035 0.014549999963492157 0.0052499999292194852 0.0080500002950429934 0.045649999752640731 0.00335000001359731 0.0011500000255182388 0.0015499999863095584 0.0017500000540167095 0.0012500000302679839 0.0010500000207684936 0.0050500000361353168 0.016499999910593036 0.0016499999910593035 0.0012500000302679839 0.0023500000825151805
decision_type=2 2 2 2 2 2 2 2 2 2 2 2 2 2 2 2 2 2 2 2 2 2 2 2 2 2 2 2 2 2
left_child=1 2 3 4 6 8 7 12 -5 10 -6 -4 13 14 15 19 17 18 -16 20 22 -22 23 24 25 28 27 -21 29 -1
right_child=-2 -3 11 5 9 -7 -8 -9 -10 -11 -12 -13 -14 -15 16 -17 -18 -19 -20 26 21 -23 -24 -25 -26 -27 -28 -29 -30 -31
leaf_value=0.01215478446837783 0.038717071582311108 -0.0021428524387948522 -0.056044554627824532 0.020374890290825422 -0.053745648324581209 0.006167380585969353 -0.077065686640368669 -0.048315948485195354 0.072942998145203622 0.068987527189566675 0.11887617681463332 0.020669117475312655 0.069135093963174007 -0.05444427819378489 -0.049956148967739276 -0.068745377041539546 0.021943424273533553 0.0032653862793374372 0.15544864315049439 -0.025634261202219219 0.10236140872879791 0.00033574412674076352 -0.03205914380018262 0.076693348629712346 -0.056158073121753194 0.11726372408977458 0.073916406829921996 0.069063396800478558 0.051198317734634492 -0.040733624412106935
leaf_weight=56.536700933706015 1.9786068582907308 321.48258660978172 4.0785868406528598 10.673460142861584 7.0624279120238489 68.283286004414549 1.3984212465584267 3.1560960055794558 4.1098615238443008 0.64010650943964709 0.27372296899557103 1.7068598341429604 1.6062487368471909 2.1677703469758844 9.5238603589823505 1.8633166179060925 5.62588500464335 6.5679606683552256 0.23095104761887419 14.637402463005857 2.4826343376189461 1.7655867310240863 5.2747774480376384 2.4313865937292567 2.8695847494527689 1.1209166839253146 1.2461326718330372 1.1655091308057297 5.7041715299710622 4.1935823201201847
leaf_count=857 32 3749 67 203 291 765 10 67 40 16 2 22 19 39 441 13 49 87 4 148 15 12 137 19 59 14 10 6 39 39
internal_value=-2.21173e-05 -0.000161511 0.00262734 0.00356397 -0.00103912 0.0112968 0.00119992 0.00204073 0.0349892 -0.0379722 -0.0473049 -0.033412 0.00329201 0.00244868 0.00344942 0.00710901 -0.0134394 -0.0256346 -0.0450931 0.00853054 0.0127555 0.0599589 0.010189 0.0132477 0.0110573 0.0139124 -0.0118843 -0.01865 0.0121686 0.0085027
internal_weight=551.858 549.88 228.397 222.612 139.545 83.0666 131.569 130.17 14.7833 7.97626 7.33615 5.78545 127.014 125.408 123.24 101.292 21.9487 16.3228 9.75481 99.4284 82.3793 4.24822 78.1311 72.8563 70.425 67.5554 17.049 15.8029 66.4345 60.7303
internal_count=7271 7239 3490 3401 2393 1008 2084 2074 243 309 293 89 2007 1988 1949 1368 581 532 445 1355 1191 27 1164 1027 1008 949 164 154 935 896
is_linear=0
shrinkage=0.05


Tree=168
num_leaves=31
num_cat=0
split_feature=53 310 75 135 135 26 67 279 251 89 288 282 244 245 151 120 225 225 226 288 257 225 234 101 126 220 195 242 158 91
split_gain=1.1587 1.71171 1.43998 1.339 3.13881 1.60364 1.74228 1.81995 1.51477 1.47051 2.67056 2.57616 2.53578 2.5119 2.23665 2.82032 2.11703 2.83841 2.00462 3.9064 2.40637 2.36673 2.26856 1.94597 1.86142 2.62125 2.49736 1.97503 1.95581 4.09952
threshold=0.090300001204013838 0.009000000078231098 0.017800000496208671 0.011150000151246788 0.0059500001370906839 1.0000000180025095e-35 1.0000000180025095e-35 1.0000000180025095e-35 0.0087500000372529047 0.0046500000171363362 0.026549999602139 0.0019500000635161998 0.0024500000290572648 0.030250000767409805 0.0011500000255182388 0.0013499999768100681 0.0081500001251697558 0.0061500000301748523 0.0035500000230968003 0.013550000265240671 0.0080500002950429934 0.063050001859664931 0.0018500000005587938 0.0010500000207684936 0.067450001835823073 0.0012500000302679839 0.024550000205636028 0.0036499999696388845 0.12224999815225603 0.0045499999541789302
decision_type=2 2 2 2 2 2 2 2 2 2 2 2 2 2 2 2 2 2 2 2 2 2 2 2 2 2 2 2 2 2
left_child=1 3 -3 4 5 6 9 8 -8 12 18 -12 16 -14 15 -13 17 24 19 20 -11 22 -20 -22 25 26 28 -27 29 -1
right_child=-2 2 -4 -5 -6 -7 7 -9 -10 10 11 14 13 -15 -16 -17 -18 -19 21 -21 23 -23 -24 -25 -26 27 -28 -29 -30 -31
leaf_value=4.0155320824853823e-05 -0.050836791945575936 0.053785867542015225 -0.073173153300893939 0.047470629731779186 -0.057940119712229468 0.042033965221530606 -0.048537691692742309 0.024453582121865117 0.011678334862585814 -0.034490494164673695 0.03786223590264079 0.032268765356091841 0.077698244271017985 -0.022802605680515856 -0.057315050856137695 -0.017706212593963749 -0.039838980803033663 0.058545675702334578 -0.029522482982043963 0.079767500726574944 0.030761164451873824 0.072489357549324548 0.028896623055435944 -0.052983227954060221 -0.02937344656517173 0.020877525835298921 0.053495791155153599 -0.023800053593201129 -0.016017845586060803 0.042318673523898176
leaf_weight=411.83539861591998 1.1197081729769696 2.2638380587741262 0.24778621457517136 1.4745956521946926 2.3467766856774679 2.260665087029337 4.9106926668900988 1.5728636363055555 1.3265105634927747 4.6770368224242684 5.1836387962684993 5.0225507832947169 2.0558138809865336 0.89127545239171002 1.6975796688348044 6.4469427488511428 3.1861674099927759 2.137221912154927 23.3481745091267 1.4263752143597219 3.9294217256829143 0.63349218294024368 1.789150452823377 0.84240654506720591 5.0584995355457059 24.085237787105147 2.1864786110818377 2.7567543492186806 18.423029546625912 5.8146331628086037
leaf_count=4719 55 200 2 18 29 23 59 19 11 225 62 129 24 48 21 98 37 42 318 14 48 6 33 27 91 392 16 37 255 213
internal_value=-2.54111e-05 7.80642e-05 0.0412606 -0.000110921 -0.000239462 9.68442e-06 -0.000165845 -0.0236106 -0.0357311 0.000177417 -0.00756556 0.00800448 0.00106749 0.0473042 -0.00374998 0.00417809 0.000780911 0.00105494 -0.0153623 0.0026395 -0.00900353 -0.0229591 -0.0253645 0.0159771 0.0007936 0.0011217 0.000192751 0.016289 -7.45111e-05 0.000628768
internal_weight=550.951 549.831 2.51162 547.319 545.845 543.498 541.237 7.81007 6.2372 533.427 54.9968 18.3507 478.431 2.94709 13.1671 11.4695 475.483 472.297 36.6461 10.8752 9.44887 25.7708 25.1373 4.77183 470.16 465.102 438.26 26.842 436.073 417.65
internal_count=7271 7216 202 7014 6996 6967 6944 89 70 6855 981 310 5874 72 248 227 5802 5765 671 314 300 357 351 75 5723 5632 5203 429 5187 4932
is_linear=0
shrinkage=0.05


Tree=169
num_leaves=31
num_cat=0
split_feature=87 255 203 223 2 276 276 215 25 302 174 257 214 226 279 301 25 189 228 301 301 43 288 95 276 98 25 47 110 313
split_gain=1.15177 1.20698 2.75482 2.73825 2.83325 2.6358 1.82473 2.07047 1.81238 1.92903 1.74892 1.48269 2.13197 1.46333 2.87293 5.20318 2.52408 2.54963 3.06365 3.39972 4.89452 3.11566 4.41661 3.56434 2.78139 2.76157 2.68211 6.35615 3.50238 3.44643
threshold=0.001300000003539026 0.063249997794628157 0.0021499999566003685 0.0012500000302679839 1.0000000180025095e-35 0.0022500000195577745 0.012950000353157522 0.023099999874830249 0.0030500000575557355 0.0011500000255182388 0.0012500000302679839 0.13754999637603763 0.0018500000005587938 0.0046500000171363362 0.0011500000255182388 0.0010500000207684936 0.011549999937415125 0.0010500000207684936 0.002549999975599349 0.0018500000005587938 0.0092500001192092913 0.0013499999768100681 0.0037500000325962905 1.0000000180025095e-35 0.0016499999910593035 0.0047500000800937423 0.0082499999552965182 0.0015499999863095584 0.0012500000302679839 0.0082499999552965182
decision_type=2 2 2 2 2 2 2 2 2 2 2 2 2 2 2 2 2 2 2 2 2 2 2 2 2 2 2 2 2 2
left_child=1 10 3 4 5 -3 7 -7 -4 -10 13 12 -8 14 16 -16 17 18 21 24 -21 23 -23 25 -20 26 28 -28 -1 -30
right_child=-2 2 8 -5 -6 6 11 -9 9 -11 -12 -13 -14 -15 15 -17 -18 -19 19 20 -22 22 -24 -25 -26 -27 27 -29 29 -31
leaf_value=0.00044121626730818614 -0.054443956855927116 -0.052057709927393447 0.054116797278810497 0.056937851917975138 -0.043904715345327625 0.047649965359707599 -0.058366652973115808 -0.035946414845583634 -0.034667749469145116 0.051949108620555122 -0.051918446457282344 0.040936287129284793 0.025784091611555471 -0.0025776867178567983 -0.086545539079075903 0.039761983383212587 -0.039228052252407448 0.012496792623394402 0.052804912502125594 -0.040058282849885524 0.076989587645349356 -0.053979854185193792 0.078048807225111982 0.087845296535567483 -0.0096753108179481809 -0.043113264622374602 -0.0037888292333435993 0.20036986665151316 -0.051079182749807363 0.018879907193341761
leaf_weight=127.06908803526312 0.9705802914686491 1.7014144212007583 4.8894757160451254 1.8742129973252293 3.8996253805235019 4.6501136445440334 1.9786232346668842 0.88101799739524711 1.4941884540021422 1.1281068132957441 1.6446449191425916 1.1007475600345058 1.2147690712008623 297.41222979137092 0.89366199425421555 9.3059384770167508 3.7314593659248194 47.185549045563675 7.5162803181447071 3.8181575457565478 1.1658677421510217 5.2819544601952648 0.71973353577777732 1.110779880080371 2.334433707408607 3.9834796264767638 1.2153517541009922 0.55549024080391962 6.4655228152405453 2.4191222814843059
leaf_count=1921 17 49 106 74 50 45 18 15 17 55 44 16 15 3311 11 108 144 532 65 40 8 254 12 11 32 100 34 9 139 19
internal_value=-2.46687e-05 7.16024e-05 0.0108471 -0.000130926 -0.00706447 0.00539905 0.0153487 0.0343344 0.0361309 0.00259467 -0.000438803 -0.00910622 -0.0263556 -0.000276665 0.00276799 0.0286953 0.00153554 0.00225698 -0.000695394 0.0209725 -0.0126783 -0.00285529 -0.0381467 -0.00137224 0.0379983 -0.00207157 -0.000884498 0.0602531 -0.00168084 -0.0320306
internal_weight=549.612 548.641 24.8123 17.3005 15.4263 11.5267 9.82527 5.53113 7.51177 2.6223 523.829 4.29414 3.19339 522.184 224.772 10.1996 214.572 210.841 163.655 14.8347 4.98403 148.821 6.00169 142.819 9.85071 141.708 137.725 1.77084 135.954 8.88465
internal_count=7271 7254 460 282 208 158 109 60 178 72 6794 49 33 6750 3439 119 3320 3176 2644 145 48 2499 266 2233 97 2222 2122 43 2079 158
is_linear=0
shrinkage=0.05


Tree=170
num_leaves=31
num_cat=0
split_feature=254 232 170 126 183 108 123 254 226 314 301 123 301 262 179 167 163 251 288 276 202 279 250 180 223 240 240 301 158 101
split_gain=1.20088 1.19077 2.0946 2.03447 2.81884 2.63624 2.09031 3.94596 2.98102 3.26042 2.14438 2.42179 2.06828 2.35511 1.95939 1.91795 3.92722 2.4077 4.45984 3.67927 3.37919 2.68626 3.11008 2.71286 3.42235 5.6647 4.00004 3.46053 6.64765 8.98104
threshold=0.28225000202655798 0.0022500000195577745 0.017150000669062141 0.011549999937415125 0.0027499999850988392 0.0022500000195577745 0.11979999765753747 0.0028499999316409235 0.096200000494718566 1.0000000180025095e-35 0.03459999896585942 1.0000000180025095e-35 0.032150000333786018 1.0000000180025095e-35 0.0099999997764825838 0.0015499999863095584 0.0011500000255182388 0.0049499999731779107 0.0095500000752508658 0.0017499999958090486 0.0022500000195577745 0.0023500000825151805 0.0047500000800937423 0.00075000003562308859 1.0000000180025095e-35 0.0030500000575557355 0.0098500000312924402 0.0014499999815598132 0.0067499999422580012 1.0000000180025095e-35
decision_type=2 2 2 2 2 2 2 2 2 2 2 2 2 2 2 2 2 2 2 2 2 2 2 2 2 2 2 2 2 2
left_child=1 15 3 4 5 6 8 -8 9 -3 -11 -12 14 -14 -7 16 17 21 -19 -20 -21 23 -23 24 27 -26 -27 28 -1 -30
right_child=-2 2 -4 -5 -6 12 7 -9 -10 10 11 -13 13 -15 -16 -17 -18 18 19 20 -22 22 -24 -25 25 26 -28 -29 29 -31
leaf_value=-0.013567174342149657 0.064402037756673733 0.008342870835432099 -0.030343846009914462 -0.038262020079834591 0.03830151986173029 -0.044207715022787225 -0.04949240982975267 0.060628263440322516 -0.041918413135531324 0.060179393186516841 -0.029398035234782946 0.038212217009028368 0.043567807880146248 -0.014807289042886466 0.015842372002000723 -0.0068293965268222739 0.041832586636280866 0.037923034790683888 -0.063051352134529018 0.032241878085623461 -0.03292240774895934 0.020583354450054686 -0.028617466395924458 -0.0105450129902563 0.093919626979798193 -0.053654107615905826 0.032347174759189766 0.0032383805940974543 0.35772235010810577 0.037807488572523737
leaf_weight=64.672930052969605 0.72230734897311677 26.781377240316942 3.8135596975334911 2.3290939059806979 7.4461542263161382 5.9533890044549462 3.203786172438412 1.09035376785323 2.1722909819218321 6.1877693023998273 1.8461816603085024 4.6872612270526588 2.7143330038525164 4.7539050832856447 1.7600058233365414 109.76103662053356 5.7152826737146816 11.344466071575882 2.3002283582463852 5.3902311800629814 3.1532728612073697 23.844294335198359 3.711955787613987 75.886338750249706 2.5387822668999416 1.9680130183696745 4.3198765702545643 155.58668212371413 0.24027493456378524 2.5227417446440086
leaf_count=1136 24 281 66 30 239 110 49 18 27 97 21 53 27 56 23 1288 57 84 17 93 51 261 51 1321 20 13 33 1648 5 72
internal_value=-2.5705e-05 -0.000110673 0.00575409 0.00769501 0.00925541 0.00571854 0.0116846 -0.0215309 0.0151071 0.018243 0.0390853 0.0191073 -0.0123464 0.00640915 -0.0305058 -0.00103746 0.000712919 5.55102e-05 0.0160068 -0.00692148 0.00819077 -0.00100008 0.0139558 -0.0023393 0.000346499 0.030882 0.00543009 -0.000862019 -0.0103224 0.0656276
internal_weight=548.418 547.696 74.7395 70.9259 68.5968 61.1507 45.969 4.29414 41.6749 39.5026 12.7212 6.53344 15.1816 7.46824 7.71339 472.956 363.195 357.48 22.1882 10.8437 8.5435 335.292 27.5563 307.736 231.849 8.82667 6.28789 223.023 67.4359 2.76302
internal_count=7271 7247 1097 1031 1001 762 546 67 479 452 171 74 216 83 133 6150 4862 4805 245 161 144 4560 312 4248 2927 66 46 2861 1213 77
is_linear=0
shrinkage=0.05


Tree=171
num_leaves=31
num_cat=0
split_feature=215 314 314 255 112 47 181 67 15 251 74 298 50 25 32 25 254 25 25 314 226 183 226 226 98 308 108 228 101 158
split_gain=1.15145 2.40301 2.53348 2.0003 1.9241 1.43805 2.15347 1.52649 2.61429 1.49552 2.901 2.81487 2.17899 3.99024 3.91273 3.59569 3.44754 3.09754 3.03402 3.02855 4.02425 3.43011 2.96897 4.29658 5.93901 5.92362 4.54127 5.03937 3.48035 6.87554
threshold=0.066149998456239714 0.0017499999958090486 0.037049999460577972 0.0010500000207684936 0.0085500003769993799 0.01814999990165234 0.0030500000575557355 1.0000000180025095e-35 0.0012500000302679839 0.0028499999316409235 1.0000000180025095e-35 1.0000000180025095e-35 0.0010500000207684936 1.0000000180025095e-35 0.0027499999850988392 0.0054500000551342973 0.031850000843405731 0.0043500000610947618 0.011649999767541887 0.0036499999696388845 1.0000000180025095e-35 0.012950000353157522 0.0016499999910593035 0.0012500000302679839 1.0000000180025095e-35 0.0019500000635161998 0.0011500000255182388 0.0020500000100582842 0.0017499999958090486 0.0067499999422580012
decision_type=2 2 2 2 2 2 2 2 2 2 2 2 2 2 2 2 2 2 2 2 2 2 2 2 2 2 2 2 2 2
left_child=5 -2 3 -3 -5 6 7 9 -9 10 12 -11 15 14 -14 16 17 22 19 20 -17 -21 23 25 -25 26 27 28 29 -1
right_child=1 2 -4 4 -6 -7 -8 8 -10 11 -12 -13 13 -15 -16 18 -18 -19 -20 21 -22 -23 -24 24 -26 -27 -28 -29 -30 -31
leaf_value=0.0014469671014357144 -0.020702176808220091 -0.040901363508857459 -0.038811907559657161 0.053016922272406009 -0.0132084533561211 -0.037963419702743695 0.058901731799854487 -0.039033293111897058 0.040672529839878208 0.0080387876616140556 -0.088965537504111333 -0.034399089763051692 -0.032171260419312175 -0.0026637230811790199 0.081869757282023586 -0.021098085345559195 0.045138198689864156 -0.046248167703912851 -0.034645962162790186 -0.050763453741428766 0.064418945620663637 0.057964727712045853 -0.003319215757239237 0.042414773495063451 -0.039718164609060469 0.08895647874789557 -0.045130122230666835 0.067987272884528271 -0.034710179930322174 0.11210805714214406
leaf_weight=52.565465544757899 3.6776910168118766 0.78159245196729799 1.3075838012446173 7.0678498478373495 1.2982400225009767 2.5357060586102298 1.5357762477651693 5.4693077590782186 1.2670935653150079 80.789739601314068 0.94092834182083507 4.1060206120600915 18.922215188154954 84.904523235105444 0.78327344916760822 1.6824574344791452 4.1402711226837701 3.7028147303499273 1.8193762996233989 1.8708153371699148 7.5448491056449711 1.1847421205602584 221.99142841581488 14.55643291398883 2.5930815800093105 1.9091484323143948 5.2263115928508332 2.8795225834473959 6.3572586367372415 1.4421542771160591
leaf_count=761 71 12 68 127 19 31 105 60 16 977 6 65 266 1958 5 37 60 69 31 17 61 11 1948 155 31 14 128 21 120 21
internal_value=-2.57772e-05 0.0140603 0.0262882 0.0355937 0.0427401 -0.000399478 -0.000219821 -0.000391575 -0.0240409 -8.63298e-05 -0.001266 0.00598626 -0.00107677 -0.0073682 -0.0276382 0.000908789 -0.00018897 -0.000788116 0.0256133 0.0345391 0.0488262 -0.00860589 -0.000244275 0.00755437 0.0299959 0.00208602 -0.000336161 0.00336547 0.00028288 0.00440193
internal_weight=546.854 14.133 10.4553 9.14768 8.36609 532.721 530.185 528.649 6.7364 521.913 437.017 84.8958 436.076 104.61 19.7055 331.466 317.364 313.224 14.1022 12.2829 9.22731 3.05556 309.521 87.5294 17.1495 70.3799 68.4707 63.2444 60.3649 54.0076
internal_count=7271 297 226 158 146 6974 6943 6838 76 6762 5720 1042 5714 2229 271 3485 3328 3268 157 126 98 28 3199 1251 186 1065 1051 923 902 782
is_linear=0
shrinkage=0.05


Tree=172
num_leaves=31
num_cat=0
split_feature=173 39 87 259 123 89 123 24 149 203 67 180 232 170 108 212 107 112 232 255 32 232 226 272 278 272 226 230 240 42
split_gain=1.12315 1.11339 1.09421 1.13782 1.40206 1.69516 1.33452 1.33831 2.3705 2.09932 1.83137 1.7655 1.65369 2.45504 2.09759 2.17187 2.02583 2.02525 3.13648 2.68095 4.47382 3.56019 3.14654 5.66601 3.135 3.96665 2.58188 2.39116 5.50805 2.92266
threshold=0.012250000145286323 0.0037000000011175875 0.001300000003539026 0.58500000834465038 0.28125000000000006 0.057299999520182616 0.23409999907016757 0.0016499999910593035 0.0015499999863095584 0.010350000113248827 1.0000000180025095e-35 0.089000001549720778 0.0020500000100582842 0.017150000669062141 0.0022500000195577745 1.0000000180025095e-35 1.0000000180025095e-35 0.0015499999863095584 0.0015499999863095584 0.012749999761581423 0.013849999755620958 0.0017499999958090486 0.0027499999850988392 0.0028499999316409235 0.0015499999863095584 0.007849999703466894 0.043050000444054611 0.0040500001050531873 0.0012500000302679839 0.0010500000207684936
decision_type=2 2 2 2 2 2 2 2 2 2 2 2 2 2 2 2 2 2 2 2 2 2 2 2 2 2 2 2 2 2
left_child=1 2 3 4 5 6 7 10 -9 -10 12 -12 17 14 -14 16 -16 18 27 20 21 -19 23 -21 25 -24 -26 29 -29 -1
right_child=-2 -3 -4 -5 -6 -7 -8 8 9 -11 11 -13 13 -15 15 -17 -18 19 -20 22 -22 -23 24 -25 26 -27 -28 28 -30 -31
leaf_value=0.00022594026467542261 0.038078789083444066 -0.052450870878638291 -0.054186789299007554 0.038882208996429808 -0.028325872839008323 -0.047248521920466226 0.055403680033883032 0.04681327851283032 0.029499516166643581 -0.037914696572771203 -0.033900931618300198 0.033116947376691346 0.015063154953581482 -0.032223195629470305 -0.046990364202961779 0.006590068418376463 0.052765104205283214 -0.029813124079646106 -0.03351267749293798 -0.051110423687670131 0.076510550864501051 0.074536267138519852 -0.03806940127061334 0.27765776544092952 0.082268960250258469 0.07687064188274792 -0.0058792634936611632 0.21606401979950227 0.015369421311895474 -0.056156023046417536
leaf_weight=391.25062448941753 1.927000747877172 1.0161097492091347 0.93222686182707448 1.8778948644758191 4.3656375234713769 1.8817097677383561 1.0961841121315945 4.1775287329219264 2.2466199076734483 2.3763221446424723 6.7139724676962933 1.1512117360252885 47.520583123347024 3.6526728860335416 4.1075846997555336 10.035601733950896 0.5809217020869254 22.508603998459883 6.8288803353789254 0.23990606004372139 1.1146195121109475 0.8481992285232981 4.7304739416576904 0.28882034868001938 1.7886493506375702 0.89219392091035832 1.5510833850712513 0.34973753988742728 15.206175438390344 2.3120469432324162
leaf_count=4311 32 48 17 95 71 31 13 31 30 28 88 17 659 60 76 127 4 895 72 22 9 10 112 2 16 7 26 2 332 28
internal_value=-2.60663e-05 -0.000161133 -6.32166e-05 2.99271e-05 -0.000105231 0.000124858 0.000291927 0.00017847 0.0195149 -0.00515328 -0.000146485 -0.0240917 0.000218638 0.00761608 0.00995395 -0.00653549 -0.0346303 -0.00086485 9.37274e-05 -0.0126048 -0.0213535 -0.0260237 0.00995243 0.128481 0.00295996 -0.0198309 0.04133 0.000654675 0.0198816 -0.000105285
internal_weight=545.57 543.643 542.627 541.694 539.817 535.451 533.569 532.473 8.80047 4.62294 523.673 7.86518 515.807 65.8974 62.2447 14.7241 4.68851 449.91 415.947 33.9625 24.4714 23.3568 9.49113 0.528726 8.9624 5.62267 3.33973 409.119 15.5559 393.563
internal_count=7271 7239 7191 7174 7079 7008 6977 6964 89 58 6875 105 6770 926 866 207 80 5844 4745 1099 914 905 185 24 161 119 42 4673 334 4339
is_linear=0
shrinkage=0.05


Tree=173
num_leaves=31
num_cat=0
split_feature=186 289 301 278 265 126 42 240 254 272 232 205 206 24 24 253 202 96 136 156 124 110 149 25 313 124 180 25 189 126
split_gain=1.14928 2.9206 3.61325 3.13973 2.84078 2.67647 2.36262 2.99018 2.34794 2.99629 2.27267 2.05893 1.9403 1.90298 2.40858 2.26423 2.73945 2.15441 1.96252 2.94515 2.15674 2.5836 2.13784 5.48048 3.58623 2.86222 2.4227 3.35019 3.88926 3.93796
threshold=0.0010500000207684936 0.002549999975599349 0.0050500000361353168 0.051950000226497657 0.0047500000800937423 0.0042499999981373557 0.0010500000207684936 0.01264999993145466 0.032150000333786018 0.0010500000207684936 0.0099499998614192026 0.0042499999981373557 0.0012500000302679839 0.0016499999910593035 0.0010500000207684936 0.0015499999863095584 0.18694999814033511 0.0013499999768100681 0.0010500000207684936 1.0000000180025095e-35 0.0050000001210719356 0.0015499999863095584 0.0045499999541789302 0.0030500000575557355 0.0021499999566003685 0.0011500000255182388 0.018749999813735489 0.0038499999791383748 0.0011500000255182388 0.0042499999981373557
decision_type=2 2 2 2 2 2 2 2 2 2 2 2 2 2 2 2 2 2 2 2 2 2 2 2 2 2 2 2 2 2
left_child=6 2 -2 -3 -4 -5 13 -8 9 12 -11 -7 -6 14 15 16 18 -17 19 20 21 22 24 25 26 -24 27 -1 29 -29
right_child=1 3 4 5 8 11 7 -9 -10 10 -12 -13 -14 -15 -16 17 -18 -19 -20 -21 -22 -23 23 -25 -26 -27 -28 28 -30 -31
leaf_value=0.0013280676746416156 0.087889151632265169 -0.038879215693026506 -0.039722007006838714 0.047087491670204124 -0.00011968136871821646 -0.028329834636007491 -0.056646236187152511 0.044814812158726514 -0.044115459288673192 0.063650687399223513 -0.0064334623909976232 0.033583083848712662 0.042787255724985727 0.027257851233849578 -0.051311470326404797 0.029403667087650749 -0.057568429006264778 -0.11266615075138192 -0.031467398466014998 0.031942044432004761 0.071731186848891126 -0.020158640118044857 -0.026389711080454559 0.010149156301067119 0.052265290124497425 0.050736088449240449 0.02979910078400291 -0.038771112053039812 0.0032685503527730567 0.094019968987005195
leaf_weight=357.73891448380891 1.7118140445090855 5.7529307703080113 2.3348835390061167 2.9896950164402352 11.689868625719106 4.5654112172778696 3.6583914584480217 0.906006809324026 1.4246929662767787 5.5645929336315012 1.460305130574852 1.9023709761095231 3.4015186326578251 6.1559521555900565 2.3409559573046854 8.376370091689747 2.1254662175197145 0.27562889643013555 5.1200940527487537 6.9591867122799149 1.0219036797061551 16.932151448214427 29.454353380133401 20.490712792729028 3.3796107267262405 1.2541622426360834 6.9492122732917769 14.661791059072129 13.322268880263435 0.58040824090130705
leaf_count=3752 16 75 23 90 106 51 64 14 16 41 21 45 35 70 37 462 29 3 78 86 9 251 557 497 79 16 170 412 157 9
internal_value=-2.69814e-05 0.00783793 0.0175365 -0.00975267 0.0128823 0.00796485 -0.000697902 -0.0365068 0.0180998 0.0221076 0.0490819 -0.0101194 0.00955131 -0.000369129 -0.000715516 -0.000473124 -0.000930082 0.0248777 -0.000678164 -0.000344699 -0.000827087 -0.000986626 -0.000261747 -0.00987705 0.000979443 -0.0232398 0.000538693 1.23271e-05 -0.0164659 -0.0337146
internal_weight=544.502 42.7981 27.5877 15.2104 25.8759 9.45748 501.704 4.5644 23.541 22.1163 7.0249 6.46778 15.0914 497.139 490.983 488.642 479.99 8.652 477.865 472.745 465.785 464.764 447.831 51.1992 396.632 30.7085 393.253 386.303 28.5645 15.2422
internal_count=7271 519 258 261 242 186 6752 78 219 203 62 96 141 6674 6604 6567 6102 465 6073 5995 5909 5900 5649 1070 4579 573 4500 4330 578 421
is_linear=0
shrinkage=0.05


Tree=174
num_leaves=31
num_cat=0
split_feature=175 226 149 92 110 119 110 123 50 50 100 111 215 313 314 231 246 276 123 304 186 100 301 314 276 183 183 183 314 180
split_gain=1.09692 1.08425 1.08021 1.06389 1.14473 2.54859 2.63641 2.02071 1.78946 1.93886 1.77214 2.01588 1.8333 1.7565 3.75714 2.54739 2.37306 2.50457 2.17503 1.92292 1.77376 2.88756 2.4006 3.65757 2.32179 2.17587 2.08539 2.37501 3.5829 2.07252
threshold=0.013700000010430815 0.43285000324249273 0.53134998679161083 0.0015499999863095584 0.0015499999863095584 0.0049499999731779107 0.0024500000290572648 0.058100000023841865 0.0012500000302679839 0.0015499999863095584 0.0039500000420957812 0.0010500000207684936 0.028549999929964546 1.0000000180025095e-35 0.0053499999921768912 0.0017499999958090486 0.0017499999958090486 0.00335000001359731 0.002650000038556755 0.0069500000681728133 0.0010500000207684936 0.0020500000100582842 0.0057500000111758718 0.0017499999958090486 0.0097500002011656779 0.0017499999958090486 0.0071499999612569818 0.0041499999351799497 0.0052499999292194852 0.010249999817460777
decision_type=2 2 2 2 2 2 2 2 2 2 2 2 2 2 2 2 2 2 2 2 2 2 2 2 2 2 2 2 2 2
left_child=1 2 3 4 10 6 -6 -7 -9 -10 11 13 -12 15 16 19 -15 -18 -19 20 21 26 -22 24 25 -24 27 -1 -29 -23
right_child=-2 -3 -4 -5 5 7 -8 8 9 -11 12 -13 -14 14 -16 -17 17 18 -20 -21 22 29 23 -25 -26 -27 -28 28 -30 -31
leaf_value=-0.0011748871285461818 0.048143836635167907 0.054859737628126598 -0.053627685772549172 0.048122785557202702 -0.047614830759858 0.030656469139336357 -0.0085448658889082409 -0.055953858558376139 0.074604546587392725 -0.041031478013032065 0.038894891335939479 -0.041231204071341399 -0.023359177080492788 0.041271799541834506 -0.0044137785820700104 0.074148896283848326 -0.11337141620110691 0.051575052529845428 -0.016411766342374373 0.054150478551568716 0.064319621463109433 -0.045806407948389971 -0.015574582172711935 0.027546193965622093 -0.045797428961781891 0.060543532311482323 -0.029032193719292901 0.056850581666073791 -0.015733342550683316 0.03467284442644613
leaf_weight=417.10219808598049 1.1792561936890695 0.89487863509566423 0.94520352419931342 1.1399574219249178 5.6594538999488604 5.8751046811230463 18.21450475777965 1.6007833420298996 0.77672739326953866 0.67970935138873756 5.4558870142791411 2.9461403697496271 1.5098789728945119 11.290285084163772 18.61703956159181 1.1378360074013461 0.44074643962085147 1.9751002826960755 2.9091397733427584 1.5890550729236554 2.0794702097773579 5.6676927008666089 3.1138067319989222 10.300849551334975 3.8053234163671732 1.3441188856959341 6.5895666033029547 4.2761642645345992 2.8223111785482615 0.93142974376678456
leaf_count=5206 61 76 41 10 83 81 228 38 4 22 72 76 23 148 533 8 5 57 42 77 15 69 26 103 29 9 55 34 27 13
internal_value=-2.67482e-05 -0.000131615 -0.000222612 -0.000129107 -0.000231212 -0.00928226 -0.0178066 0.0135013 -0.0194661 0.020638 0.00035572 6.06005e-06 0.0254009 0.000251005 0.0110113 -0.000571786 0.0282947 0.000780045 0.0110809 -0.000756764 -0.000947254 -0.00162322 0.013375 0.00766838 -0.017111 0.00737596 -0.00112041 -0.000686821 0.0279916 -0.0344472
internal_weight=542.87 541.69 540.795 539.85 538.71 32.8063 23.874 8.93232 3.05722 1.45644 505.904 498.938 6.96577 495.992 35.2323 460.76 16.6153 5.32499 4.88424 459.622 458.033 437.389 20.6436 18.5641 8.26325 4.45793 430.79 424.201 7.09848 6.59912
internal_count=7271 7210 7134 7093 7083 456 311 145 64 26 6627 6532 95 6456 785 5671 252 104 99 5663 5586 5404 182 167 64 35 5322 5267 61 82
is_linear=0
shrinkage=0.05


Tree=175
num_leaves=31
num_cat=0
split_feature=212 89 244 282 265 314 62 133 91 246 226 301 288 177 149 282 119 215 108 225 246 245 202 25 245 265 240 189 288 301
split_gain=1.06329 2.7973 2.35845 2.2897 3.09766 6.75803 3.37447 3.2929 3.18997 3.13947 3.7936 4.26955 3.80921 3.42353 3.81873 5.00545 4.92078 3.52876 5.43405 4.12227 3.93789 4.37777 3.46371 5.12998 4.99338 4.22065 6.85191 4.02633 7.21687 6.13257
threshold=1.0000000180025095e-35 0.0029499999945983295 0.0043500000610947618 0.0077499998733401307 0.014250000007450582 0.0044499998912215242 0.020999999716877941 0.0014499999815598132 0.011549999937415125 0.048299999907612808 0.0074499999172985562 0.01415000017732382 1.0000000180025095e-35 1.0000000180025095e-35 1.0000000180025095e-35 1.0000000180025095e-35 0.0010500000207684936 0.0011500000255182388 0.0017499999958090486 0.0021499999566003685 0.0030500000575557355 1.0000000180025095e-35 1.0000000180025095e-35 0.0010500000207684936 0.0020500000100582842 0.0010500000207684936 0.0013499999768100681 1.0000000180025095e-35 0.002650000038556755 0.0012500000302679839
decision_type=2 2 2 2 2 2 2 2 2 2 2 2 2 2 2 2 2 2 2 2 2 2 2 2 2 2 2 2 2 2
left_child=1 2 3 4 5 6 7 9 -9 10 11 13 -13 14 16 -16 17 18 19 22 21 -19 24 -24 27 -26 -27 28 29 -1
right_child=-2 -3 -4 -5 -6 -7 -8 8 -10 -11 -12 12 -14 -15 15 -17 -18 20 -20 -21 -22 -23 23 -25 25 26 -28 -29 -30 -31
leaf_value=0.0089239703251413182 0.0017923868513346917 -0.024216962409846984 0.084586797792675653 -0.039748825781912786 0.01549464407318242 -0.058540569686861534 0.10611265440682467 -0.035274019494277935 0.095337934812033717 0.063175828533396067 -0.019057819565484871 -0.030611768372986532 0.059947704454761747 -0.032520555559147409 -0.031301459288211063 0.050121003045937251 -0.056286766706660329 -0.013366394914124793 -0.046852168671978778 0.098487033139863983 -0.026870951206278283 0.05668879106196803 -0.064373755222854434 0.0083782352691390664 -0.045193166272761688 0.092790439506896152 -0.021736167261418582 0.062450367111819755 -0.034677088113700953 0.052599491083046762
leaf_weight=30.494039755547419 323.62936341384193 14.157391771674154 0.79743487946689029 3.8524623336270443 25.355781342368573 5.3493775632232419 0.72593838348984618 9.937820488121357 0.49055266380310136 1.9351406327914435 24.281247985549271 1.4754408204462368 5.4521089750342071 7.4560328233055762 13.8679673752049 2.1849169947672626 3.0699404540937385 2.8665830718819043 4.9600989208556703 1.2155804783105839 2.5492212793324134 10.042596779298036 4.1372682256624085 5.8481613411568105 6.7796879764646274 1.8417013101279733 4.4897735510021448 4.4073255935218176 6.9348485693335524 10.913737964350728
leaf_count=470 4095 449 8 44 255 43 4 229 2 16 209 30 47 99 507 56 56 58 101 7 32 82 41 66 56 13 26 30 40 100
internal_value=-2.55203e-05 -0.00272588 -0.00123232 -0.00156958 -0.000830696 -0.00321368 -0.00145573 -0.00192156 -0.02913 -0.000116643 -0.00090547 0.00245946 0.0406602 0.000326306 0.00242665 -0.0202193 0.00604206 0.00800498 0.00387509 0.00714014 0.0299182 0.0411325 0.00567614 -0.0217651 0.00983661 -0.0177783 0.0115774 0.0167004 0.0125294 0.0204354
internal_weight=541.5 217.87 203.713 202.915 199.063 173.707 168.358 167.632 10.4284 157.203 155.268 130.987 6.92755 124.059 116.603 16.0529 100.551 97.4806 82.0222 77.0621 15.4584 12.9092 75.8465 9.98543 65.8611 13.1112 6.33147 52.75 48.3426 41.4078
internal_count=7271 3176 2727 2719 2675 2420 2377 2373 231 2142 2126 1917 77 1840 1741 563 1178 1122 950 849 172 140 842 107 735 95 39 640 610 570
is_linear=0
shrinkage=0.05


Tree=176
num_leaves=31
num_cat=0
split_feature=215 314 314 112 108 180 25 233 221 181 75 206 43 42 246 240 24 276 245 24 112 257 0 215 135 223 180 304 240 288
split_gain=1.05579 2.1509 2.228 1.5131 1.29244 2.11719 1.7586 3.23378 1.72285 1.71474 1.49917 2.20355 1.90951 1.52456 2.36766 2.28124 1.51787 1.81656 1.89221 2.33757 1.48468 2.91426 2.25061 2.12407 2.49701 2.3176 2.37328 2.983 2.8681 5.80675
threshold=0.066149998456239714 0.0017499999958090486 0.037049999460577972 0.0085500003769993799 0.0068500000052154073 0.021250000223517421 0.011850000359117987 0.002650000038556755 0.0034500000765547161 1.0000000180025095e-35 0.0017499999958090486 0.0024500000290572648 0.0018500000005587938 0.0010500000207684936 0.017050000838935379 0.01264999993145466 0.0016499999910593035 0.0012500000302679839 0.0063499999232590207 0.0019500000635161998 0.0012500000302679839 0.085950002074241652 1.0000000180025095e-35 0.0021499999566003685 0.0035500000230968003 0.0031500000040978198 0.0032500000670552258 0.0010500000207684936 0.0023500000825151805 0.0015499999863095584
decision_type=2 2 2 2 2 2 2 2 2 2 2 2 2 2 2 2 2 2 2 2 2 2 2 2 2 2 2 2 2 2
left_child=4 -2 3 -3 5 6 10 9 -7 -8 13 12 -12 16 15 -15 20 -18 19 -19 23 22 -22 24 -1 26 28 -28 -25 -30
right_child=1 2 -4 -5 -6 8 7 -9 -10 -11 11 -13 -14 14 -16 -17 17 18 -20 -21 21 -23 -24 25 -26 -27 27 -29 29 -31
leaf_value=-0.00034809418424439575 -0.01944284722306323 0.043516910214779617 -0.036943019491275229 -0.014345923546400761 -0.01878461557647948 0.03683427043668789 -0.045351142936397429 0.053986261155178641 -0.037511484067634798 0.053971383713351133 -0.03391342831963564 0.044351927300470238 0.038933599382324185 -0.06146306684625176 0.045561500731378747 0.045641119129861477 0.063311491667550457 0.048013842586190604 0.050031870706838226 -0.057341156296968038 -0.013310804922424502 0.058325162447356339 0.038725657627324217 -0.0063085172251328555 -0.061519770513087747 0.058863345810926261 0.00062541073471602659 -0.049044326483610151 0.066044328808803926 0.01109382339314059
leaf_weight=338.28995006676996 3.5859244199236846 7.3760376513528154 1.2414677622728039 1.3341776923043651 9.3722001485293713 6.0822585558635174 5.9449681249679989 1.1200769236893391 0.89375267707509909 0.46882068680133659 8.7045452421298233 1.2417867435142387 1.0032571780029673 3.2394094502087678 0.88886710628867138 0.58729754900559772 2.0872593452222636 0.78933034278452474 1.464373644441366 1.5811317684128878 41.59518802392995 1.5839629623224016 2.187158604792784 18.663523117778823 1.6765088676474977 2.1699366081738836 15.574763354612516 3.7507650190091217 5.3151560085825613 50.346980072848964
leaf_count=3666 71 137 68 21 185 113 148 24 25 18 139 12 18 57 10 9 17 6 10 25 1179 29 28 203 21 122 159 71 41 639
internal_value=-2.86318e-05 0.0137586 0.0257222 0.0346538 -0.000383052 -4.96293e-05 -0.000423655 -0.0244017 0.0273092 -0.0380911 -6.43292e-05 -0.0183628 -0.026385 0.00034308 -0.0279501 -0.0450254 0.000616998 0.025776 0.00534579 -0.0222594 0.000307339 -0.0083009 -0.0107113 0.00120347 -0.000649756 0.0077786 0.00659494 -0.00901466 0.0106536 0.016341
internal_weight=540.161 13.5376 9.95168 8.71022 526.623 517.251 510.275 7.53387 6.97601 6.41379 502.741 10.9496 9.7078 491.792 4.71557 3.82671 487.076 5.9221 3.83484 2.37046 481.154 45.3663 43.7823 435.788 339.966 95.8211 93.6512 19.3255 74.3257 55.6621
internal_count=7271 297 226 158 6974 6789 6651 190 138 166 6461 169 157 6292 76 66 6216 58 41 31 6158 1236 1207 4922 3687 1235 1113 230 883 680
is_linear=0
shrinkage=0.05


Tree=177
num_leaves=31
num_cat=0
split_feature=53 259 123 276 53 255 98 202 245 203 98 282 50 240 100 149 245 112 206 25 195 101 276 224 265 246 314 255 149 257
split_gain=1.04139 1.37673 2.02458 3.77554 2.45323 2.33515 3.32199 3.30574 6.16383 3.17153 3.10356 3.78682 2.84817 3.40569 3.80871 2.78324 3.64586 2.74774 4.34597 3.35315 4.1734 3.82883 4.20931 4.39463 5.69982 5.61211 4.72633 4.44719 4.64372 4.54579
threshold=0.090300001204013838 0.0030000001424923543 0.0079499999992549437 0.0013499999768100681 0.0077499998733401307 0.015749999321997169 1.0000000180025095e-35 0.0050500000361353168 0.0016499999910593035 0.0077499998733401307 0.0011500000255182388 0.0010500000207684936 0.010950000025331976 0.0055499998852610597 0.0015499999863095584 0.0013499999768100681 0.0052499999292194852 1.0000000180025095e-35 0.0041499999351799497 0.0011500000255182388 0.0016499999910593035 0.0018500000005587938 0.0073500000871717939 0.0035500000230968003 0.0045499999541789302 0.0034500000765547161 0.0012500000302679839 0.0013499999768100681 1.0000000180025095e-35 0.013849999755620958
decision_type=2 2 2 2 2 2 2 2 2 2 2 2 2 2 2 2 2 2 2 2 2 2 2 2 2 2 2 2 2 2
left_child=1 2 4 -4 5 7 12 17 -9 -10 -8 -12 13 -7 -15 -11 -17 19 -19 21 -21 22 23 24 25 27 -26 28 -1 -29
right_child=-2 -3 3 -5 -6 6 10 8 9 15 11 -13 -14 14 -16 16 -18 18 -20 20 -22 -23 -24 -25 26 -27 -28 29 -30 -31
leaf_value=0.007707364081965486 -0.050212001795942575 0.012628074720935243 -0.048648534681616083 -0.0051237552163599272 -0.043599017320844313 0.012152565327901405 -0.056440804498280608 -0.058569714252457918 -0.013419850973789166 0.055971219157736118 -0.014509834269391064 0.049468687486555668 -0.036002071050825195 0.062884249089643907 -0.0077544612957014111 -0.05001113652141536 0.021104313855884373 -0.020871444379473414 0.078442479358838704 0.0070934091114498435 0.053535620235307363 -0.016120193057365392 0.043394025951952908 -0.059346836496297233 0.033862210964020305 -0.042414228623636425 -0.0027038478530898523 -0.025391116569197625 -0.044452387190980623 0.043388507135826482
leaf_weight=78.731143155600876 1.031773502472787 20.968865736416774 5.5370601053582496 49.746150978724472 3.1123044395353636 28.187956369947642 2.8531514964415683 6.256549278041347 35.304768520582002 3.2210133207845493 9.2965318061178532 3.0788020888576275 2.3095965473912647 7.8349484220670984 2.5226399503881112 2.4675798472017032 6.6840209751971997 20.970321441884156 1.162627592217176 120.56604777317261 5.0395070295780888 36.450048091355711 5.8637086640228508 3.0336481832200652 21.341877105645835 8.7558057056739909 15.082123383064753 24.12156434496865 4.5116424481384447 2.6680261958390465
leaf_count=676 55 624 245 709 228 295 37 114 364 39 133 45 28 184 20 24 76 692 11 1457 43 373 99 30 142 65 146 197 101 19
internal_value=-2.76392e-05 6.86614e-05 -0.000441017 -0.00948311 0.000642307 0.000942739 0.0105007 -0.000389939 -0.0119088 -0.00578567 -0.00943108 0.00140709 0.0179302 0.0211617 0.0456799 0.0159982 0.00192919 0.00139376 -0.0156546 0.00255063 0.00895675 -0.00146137 0.00179447 0.000253022 0.00141791 -0.00388781 0.0187213 -0.00082208 0.00488038 -0.0185412
internal_weight=538.712 537.68 516.711 55.2832 461.428 458.316 56.0836 402.232 53.9339 47.6774 15.2285 12.3753 40.8551 38.5455 10.3576 12.3726 9.1516 348.298 22.1329 326.165 125.606 200.56 164.11 158.246 155.212 118.788 36.424 110.032 83.2428 26.7896
internal_count=7271 7216 6592 954 5638 5410 742 4668 617 503 215 178 527 499 204 139 100 4051 703 3348 1500 1848 1475 1376 1346 1058 288 993 777 216
is_linear=0
shrinkage=0.05


Tree=178
num_leaves=31
num_cat=0
split_feature=149 186 289 301 278 265 126 254 272 232 42 240 205 289 276 253 2 279 218 96 267 122 122 54 54 89 91 112 213 181
split_gain=1.02889 1.10941 2.46249 2.86302 2.85721 2.50366 2.28006 2.10545 2.62345 2.12558 2.05485 2.67242 1.98502 1.9446 1.85315 1.77972 2.25461 2.2096 2.22011 1.88671 1.87262 2.29922 3.09174 2.19812 2.33144 2.18663 3.47033 4.95866 2.86679 2.50572
threshold=0.53134998679161083 0.0010500000207684936 0.002549999975599349 0.0050500000361353168 0.051950000226497657 0.0047500000800937423 0.0042499999981373557 0.032150000333786018 0.0010500000207684936 0.0099499998614192026 0.0010500000207684936 0.01264999993145466 0.0042499999981373557 0.0010500000207684936 0.025449999608099464 0.0015499999863095584 0.0059500001370906839 0.023349999450147155 0.0041499999351799497 0.0014499999815598132 0.0020500000100582842 0.0048500001430511483 0.0030500000575557355 0.0014499999815598132 1.0000000180025095e-35 0.0054500000551342973 0.0042499999981373557 0.0019500000635161998 1.0000000180025095e-35 0.0012500000302679839
decision_type=2 2 2 2 2 2 2 2 2 2 2 2 2 2 2 2 2 2 2 2 2 2 2 2 2 2 2 2 2 2
left_child=1 10 3 -3 -4 -5 -6 8 13 -10 15 -12 -8 14 -7 16 17 18 20 -17 21 22 23 24 25 26 28 -28 -1 -27
right_child=-2 2 4 5 6 7 12 -9 9 -11 11 -13 -14 -15 -16 19 -18 -19 -20 -21 -22 -23 -24 -25 -26 29 27 -29 -30 -31
leaf_value=-0.00034217566146464983 -0.053524332927209706 0.079298065077881799 -0.03693892726991032 -0.037885305513378514 0.045839073646118944 0.0058617991354319348 -0.026666728631699749 -0.041748693665985097 0.061838233758900886 -0.0068693376437015162 -0.055571619316187239 0.042641024377765992 0.036681017071700912 0.03217158909283848 -0.052706362622251438 0.02664460154805065 -0.029583953306969155 0.042500456252450358 -0.034593633385487814 -0.11291351207071865 0.045971718668830021 -0.021242804578609754 0.032375446676536489 -0.03706767274602725 0.050382468209619828 -0.019999974614852509 0.064102958258213799 -0.03770064181608182 0.050513757819596009 0.032583957568550433
leaf_weight=405.02761055744486 0.89730132254771788 1.7208839962258959 5.5289207040914325 2.2342915043700513 2.8354191227408574 7.2373366553802096 4.3128473563119769 1.4037787885172281 5.3130771748255929 1.4282678051386026 3.3558335015550247 0.87278543831780542 1.7337650686968116 5.7846588990651062 1.6604678388684986 8.162621308176309 6.6599451025831504 2.997990046220365 4.7438520540017626 0.24958318052813488 2.1843076657969496 12.904462903970851 7.3275369680486611 4.0432200017385176 2.2813414772972456 22.3949492671527 4.6019518922548732 1.6162133456673471 2.7901968832593402 2.5204839708167119
leaf_count=4683 41 16 73 23 90 73 48 16 41 21 64 14 44 50 16 462 88 85 59 2 26 280 109 66 25 406 100 154 48 48
internal_value=-2.82921e-05 6.12759e-05 0.00794504 0.0169123 -0.00872064 0.0126286 0.00884479 0.0175727 0.0214597 0.0472814 -0.000595159 -0.0353006 -0.00850282 0.00960386 -0.00506793 -0.000295967 -0.000693811 -0.000289114 -0.000560648 0.022504 -0.000215448 -0.000432172 0.000161173 -0.000368951 -3.26636e-05 -0.000294684 0.000571011 0.0376424 5.76909e-06 -0.0146805
internal_weight=536.826 535.929 41.1937 26.7828 14.411 25.0619 8.88203 22.8276 21.4238 6.74134 494.735 4.22862 6.04661 14.6825 8.8978 490.506 482.094 475.434 472.436 8.4122 467.692 465.508 452.604 445.276 441.233 438.951 414.036 6.21817 407.818 24.9154
internal_count=7271 7230 511 256 255 240 182 217 201 62 6719 78 92 139 89 6641 6177 6089 6004 464 5945 5919 5639 5530 5464 5439 4985 254 4731 454
is_linear=0
shrinkage=0.05


Tree=179
num_leaves=31
num_cat=0
split_feature=39 260 242 220 154 215 183 240 276 91 288 279 50 276 210 219 238 132 154 158 238 254 254 221 240 176 101 279 288 251
split_gain=1.01215 1.20421 1.56091 1.4956 2.05764 1.86901 2.43034 1.79228 2.34933 2.18652 2.60649 1.64433 1.63779 1.61005 1.57548 1.76284 1.56323 1.50917 2.45006 2.21104 2.18073 2.24706 3.75457 2.36833 2.28904 2.66292 2.83623 2.27951 5.54214 4.02599
threshold=0.0037000000011175875 0.0044499998912215242 0.0045499999541789302 0.0012500000302679839 0.25039999932050711 0.0020500000100582842 0.0010500000207684936 0.03615000098943711 0.0064499999862164268 0.0021499999566003685 0.0022500000195577745 0.018250000663101677 0.0014499999815598132 0.010149999987334015 0.0056499999482184657 0.0062500000931322583 1.0000000180025095e-35 1.0000000180025095e-35 0.062049999833107002 0.16569999605417254 0.004500000039115549 0.014650000259280207 0.013849999755620958 0.013550000265240671 0.0070500001311302194 1.0000000180025095e-35 0.0073500000871717939 0.0027499999850988392 0.017549999989569191 0.0029499999945983295
decision_type=2 2 2 2 2 2 2 2 2 2 2 2 2 2 2 2 2 2 2 2 2 2 2 2 2 2 2 2 2 2
left_child=1 2 3 11 5 6 7 9 -9 10 -5 17 -11 -10 -7 -16 -14 18 20 -20 21 22 23 27 -23 -26 -27 -1 -29 -30
right_child=-2 -3 -4 4 -6 14 -8 8 13 12 -12 -13 16 -15 15 -17 -18 -19 19 -21 -22 24 -24 -25 25 26 -28 28 29 -31
leaf_value=-0.00096613139819502953 -0.052286836138871445 0.025860341280358825 -0.026238806875957768 0.047438045964932181 -0.044297924770914952 0.040864990926467989 -0.015174809696619366 0.06051155398432681 -0.047549659595023663 0.084142872411497038 -0.031310987514919911 0.049383127557175353 -0.053568996687118689 0.041304935267660409 -0.052439811558743804 0.019797303833168033 0.061494334102842323 -0.01244821901779169 0.058840514109481559 -0.030231264935396532 -0.05608317466794558 -0.017099863463870945 -0.08350656168838605 -0.032958591099211357 0.041663058295611843 -0.042682430776185852 0.037928421631920235 0.045454046384963455 -0.044452145131099879 0.047979582460434746
leaf_weight=412.10255967275589 0.92490847525186737 4.4858731311396687 5.6741256375971707 1.3499712934717552 1.704758001375011 8.0416202928463445 10.114141728379762 3.911664222367107 1.0802174378186467 1.1898184996098282 4.7408524791244417 1.6373999235802319 0.62155978335067608 0.96551309898495663 1.0408424623310555 4.4786063829960767 0.56214506924152374 26.325375409040134 3.1007369329454373 0.89863616786897171 1.7565663075074542 3.8062160518020418 1.3737010733457271 5.6204004976898423 9.4316879524849337 2.3641180753475046 2.0265400782227516 8.369842666143084 4.1437088564271098 1.6460434347391126
leaf_count=5180 48 48 97 14 30 275 169 44 10 9 45 46 17 14 10 203 4 465 30 11 16 33 13 41 109 27 33 124 50 56
internal_value=-2.69924e-05 6.3428e-05 -0.000154882 0.000127349 0.00944456 0.0118494 0.00361607 0.0167943 0.0378047 0.00200681 -0.013857 -0.000637897 0.0427159 -0.00561341 0.0267459 0.00617503 0.00107493 -0.000807484 -0.000136394 0.0388266 -0.000480657 -0.00026404 -0.000976041 -0.000713534 0.0172348 0.0266894 -0.00547591 -0.000288372 0.0194372 -0.0181735
internal_weight=535.49 534.565 530.079 524.405 39.8017 38.097 24.5359 14.4217 5.95739 8.46435 6.09082 484.604 2.37352 2.04573 13.5611 5.51945 1.1837 482.966 456.641 3.99937 452.641 450.885 433.256 431.883 17.6286 13.8223 4.39066 426.262 14.1596 5.78975
internal_count=7271 7223 7175 7078 844 814 326 157 68 89 59 6234 30 24 488 213 21 6188 5723 41 5682 5666 5464 5451 202 169 60 5410 230 106
is_linear=0
shrinkage=0.05


Tree=180
num_leaves=31
num_cat=0
split_feature=195 226 301 301 24 230 254 170 6 212 25 226 108 230 314 183 224 154 91 230 167 301 89 276 101 226 246 245 101 272
split_gain=1.0051 1.01383 2.68943 3.00643 3.00462 2.82018 3.27324 2.80273 3.05861 3.45101 4.82761 3.08705 4.06483 3.62223 3.05648 5.69879 5.24573 3.86589 4.43814 3.45854 5.77522 8.64092 6.13647 3.86649 3.45761 3.38538 4.01665 3.21992 3.1567 4.30572
threshold=0.1142999976873398 0.0046500000171363362 0.025249999947845939 0.027150000445544723 0.0019500000635161998 0.0029499999945983295 0.017450000159442428 0.0055499998852610597 0.0089499996975064295 0.0048500001430511483 0.0017499999958090486 0.043050000444054611 0.0041499999351799497 0.002549999975599349 0.0021499999566003685 0.0019500000635161998 0.0011500000255182388 0.003249999950639904 0.0020500000100582842 1.0000000180025095e-35 0.0010500000207684936 0.014949999749660494 0.0010500000207684936 0.0023500000825151805 0.0057500000111758718 0.0068500000052154073 1.0000000180025095e-35 0.0020500000100582842 0.0021499999566003685 0.0016499999910593035
decision_type=2 2 2 2 2 2 2 2 2 2 2 2 2 2 2 2 2 2 2 2 2 2 2 2 2 2 2 2 2 2
left_child=1 -1 4 -4 5 7 -7 8 11 -10 -11 13 -13 14 15 16 17 18 19 20 -3 22 27 -21 -24 -18 -27 -22 29 -25
right_child=-2 2 3 -5 -6 6 -8 -9 9 10 -12 12 -14 -15 -16 -17 25 -19 -20 23 21 -23 24 28 -26 26 -28 -29 -30 -31
leaf_value=0.0024661029310771667 0.052150146230188876 -0.018510316869380601 0.043033527210346659 0.0016330462067194449 0.052511032850433348 0.024415378854678926 -0.049563713001955806 -0.053534807069991544 -9.3080927972305792e-05 0.22598599620938559 0.018164632309028064 0.030104480761377894 -0.056981111885002482 -0.064187063080352394 -0.028813054205294227 0.04433545132938746 0.079010449367693053 -0.054829491486746207 0.033094384487392887 -0.075376299519842566 -0.010917291513811789 -0.066927989025090048 -0.014535637307280603 0.020785101517511392 0.06649659693050558 -0.0081253130407305078 0.086902556286965971 0.070561368936840382 -0.061070210898272928 -0.089986135670565126
leaf_weight=222.1045361662691 0.92148503405041893 47.822416843380779 4.5222251219674936 144.62199430400506 2.1346425637602797 11.569009261263998 1.7171247638761986 3.4806392649188629 1.8481063267681741 0.50414839526638366 0.62695410172455013 8.8718501306138915 1.5783386733382929 3.1584508849773547 18.404334589955397 5.1927678338251999 2.2746555134654027 5.2126744240522376 5.4718039059080175 4.34791759494692 1.4636958362534693 2.9264681488275519 8.1779188844375295 5.171487901825456 1.5690063452348102 6.0659045709762722 1.361598579213023 7.0666329935193062 2.9120868281461298 1.0564835751429198
leaf_count=3490 23 462 46 1953 15 174 23 41 62 7 15 77 23 34 187 40 19 122 101 39 10 18 72 52 12 52 12 51 30 9
internal_value=-2.41256e-05 -0.000114288 -0.00195633 0.00288836 -0.00641691 -0.00720382 0.0148542 -0.00920337 -0.00812498 0.0420067 0.110794 -0.00919097 0.0169516 -0.011298 -0.00997749 -0.00677048 -0.00934949 -0.0129919 -0.0105133 -0.0134051 -0.00888007 0.0128398 0.0256118 -0.0365622 -0.00149151 0.0256397 0.00929505 0.0565807 -0.0180984 0.00199439
internal_weight=534.157 533.236 311.131 149.144 161.987 159.852 13.2861 146.566 143.086 2.97921 1.1311 140.106 10.4502 129.656 126.498 108.094 102.901 93.1986 87.9859 82.5141 69.0261 21.2037 18.2773 13.488 9.74693 9.70216 7.4275 8.53033 9.14006 6.22797
internal_count=7271 7248 3758 1999 1759 1744 197 1547 1506 84 22 1422 100 1322 1288 1101 1061 978 856 755 625 163 145 130 84 83 64 61 91 61
is_linear=0
shrinkage=0.05


Tree=181
num_leaves=31
num_cat=0
split_feature=254 87 255 203 223 202 288 149 179 276 123 123 158 50 174 255 245 206 206 278 255 180 25 149 179 313 230 254 280 226
split_gain=1.00153 0.98741 1.02596 2.22136 2.80384 1.94939 2.70138 1.79897 2.37827 1.98772 2.4134 3.21397 2.64466 1.73482 1.58572 1.41033 1.27941 2.97119 2.60149 2.49125 2.40555 2.29552 3.38103 2.2409 2.02273 1.82035 1.77655 3.01904 2.49721 2.45448
threshold=0.26415000855922705 0.001300000003539026 0.059400001540780074 0.0021499999566003685 0.0012500000302679839 0.021049999631941322 0.0027499999850988392 0.0040500001050531873 0.010449999943375589 0.0017499999958090486 0.0058500000741332778 0.0016499999910593035 0.018649999983608726 0.0011500000255182388 0.0012500000302679839 0.055649999529123313 0.051500000059604652 0.0017499999958090486 0.0057500000111758718 0.002650000038556755 0.010549999773502352 0.0027499999850988392 0.0014499999815598132 0.0018500000005587938 0.0028499999316409235 0.0012500000302679839 0.003249999950639904 0.020200000144541267 0.0011500000255182388 0.0072500000242143878
decision_type=2 2 2 2 2 2 2 2 2 2 2 2 2 2 2 2 2 2 2 2 2 2 2 2 2 2 2 2 2 2
left_child=1 2 14 4 7 -5 -7 9 -9 -4 11 12 -11 -12 15 16 17 26 23 25 24 -22 -23 -19 -18 -20 -1 29 -29 -28
right_child=-2 -3 3 5 -6 6 -8 8 -10 10 13 -13 -14 -15 -16 -17 20 18 19 -21 21 22 -24 -25 -26 -27 27 28 -30 -31
leaf_value=-0.001238447481583175 0.052073486346769907 -0.053474577105581872 -0.056138502233682747 0.059260467005013778 0.057277429400831262 -0.055251931172230651 0.034290896845740319 -0.051482091498172081 0.04654241406594354 -0.032954318540936105 0.02477651636234296 0.057811398203659742 0.063746283767390347 -0.061412773103601596 -0.050829207331640126 -0.04168520027436811 -0.04732259838935024 0.049580037042517767 -0.040668995702897122 0.043044887461889274 0.038370636334711557 -0.079220488500072545 0.01927130211319552 0.0017846934088299521 0.01420368550192448 0.035366351441020648 -0.028020315195976142 -0.05558420542645847 0.0084762316370689036 0.029958966511630672
leaf_weight=445.72533605550416 0.92086564269265991 0.86559504643082519 1.2432384968269676 3.5688319741748264 1.9010236249887373 1.1768862484022973 2.9626697763742413 3.5684390405658624 0.74857844971120346 2.7291083834134029 0.90203163679689202 3.7603159409482032 0.9542886996641754 1.6550555895664727 1.5613663369440463 2.0564577321056268 6.0652480975259078 7.8399620666168648 3.6895995168015352 1.9298347596195524 3.1315108450944535 1.4502184069715442 2.1829162333160639 3.5687222188571468 1.7131672625546341 1.0006475392729042 2.0647177142091158 2.5186873573111361 3.8417224888107739 15.747509004781021
leaf_count=5773 34 17 31 63 78 12 105 66 11 37 9 35 11 18 43 32 98 75 37 33 90 8 67 53 72 11 27 35 101 189
internal_value=-2.53948e-05 -0.000115554 -2.8615e-05 0.00982395 -4.49337e-05 0.0321803 0.00883364 -0.00704775 -0.0344845 0.00348626 0.0108985 0.0252946 -0.00790128 -0.0310089 -0.000518636 -0.000362939 -0.000193819 0.000241764 0.0201612 -0.00477238 -0.0148078 0.00699796 -0.0200431 0.0346293 -0.0337717 -0.0244471 -0.000522493 0.0126792 -0.0168913 0.0232383
internal_weight=533.045 532.124 531.258 25.1705 17.4621 7.70839 4.13956 15.5611 4.31702 11.244 10.0008 7.44371 3.6834 2.55709 506.088 504.526 502.47 487.927 18.0288 6.62008 14.5431 6.76465 3.63313 11.4087 7.77842 4.69025 469.898 24.1726 6.36041 17.8122
internal_count=7271 7237 7220 476 296 180 117 218 77 141 110 83 48 27 6744 6701 6669 6334 209 81 335 165 75 128 170 48 6125 352 136 216
is_linear=0
shrinkage=0.05


Tree=182
num_leaves=31
num_cat=0
split_feature=251 180 215 240 247 181 240 240 89 221 25 232 234 154 123 226 240 53 43 43 149 314 164 101 212 170 234 170 225 309
split_gain=0.985068 2.07963 1.72949 1.54177 1.41575 1.18894 2.70206 2.43246 1.44537 2.76063 3.34648 3.08505 2.96229 2.31979 2.72704 2.29905 3.27014 2.39205 2.10025 2.87005 1.91507 3.02404 1.88788 1.82777 3.15497 3.23833 2.90715 2.53947 2.51167 2.7405
threshold=0.018050000071525577 0.0017500000540167095 0.0019500000635161998 0.0031500000040978198 0.0014499999815598132 0.0012500000302679839 0.023149999789893631 0.090350002050399794 0.0047500000800937423 0.027300000190734867 0.0010500000207684936 0.044399999082088477 0.0019500000635161998 0.01124999998137355 0.026449999772012237 0.0016499999910593035 0.085650000721216216 1.0000000180025095e-35 0.0092500001192092913 0.0051500000990927228 0.0014499999815598132 0.0015499999863095584 1.0000000180025095e-35 0.0080500002950429934 0.013749999925494196 0.02224999945610762 0.003249999950639904 0.00335000001359731 0.0027499999850988392 0.0012500000302679839
decision_type=2 2 2 2 2 2 2 2 2 2 2 2 2 2 2 2 2 2 2 2 2 2 2 2 2 2 2 2 2 2
left_child=5 -2 -3 -4 -5 8 -7 -8 18 11 -11 12 15 -12 -15 17 -17 -10 19 23 -21 -22 -20 24 26 -26 -1 28 29 -25
right_child=1 2 3 4 -6 6 7 -9 9 10 13 -13 -14 14 -16 16 -18 -19 22 20 21 -23 -24 27 25 -27 -28 -29 -30 -31
leaf_value=-0.00038927036117044391 0.05025614667695652 -0.029867868385017315 -0.026773793804825002 0.043010129088890861 -0.036892505365590057 0.054277276489157006 -0.03789996358120265 0.048506548923418408 0.035585796631926361 0.072505531111498808 -0.039479647216769879 0.039625512465840396 0.029238467495984355 0.043145325797662164 -0.025715050317809969 -0.03653124971307925 0.0081292658361431531 -0.034892217622885434 -0.046094751775455613 0.049516145410644793 -0.047950225441885139 0.048123702532713232 0.055433433905826363 -0.013785907130849338 0.024704274983616038 -0.038521186140346546 0.034615328951430546 0.0098228537330822732 -0.046512662023968893 0.023137044733739433
leaf_weight=352.93762184173102 2.9928588496986768 2.8712037866935116 1.4976014904677866 3.9153348734835163 0.64581817720318202 3.1575531496200702 2.4254074476775718 1.226328574150102 3.0810413353610775 1.9735440518707026 2.5703260869195201 2.4199060312239444 2.9586396748491088 3.8054960463196039 2.3108619805425406 23.030614520248495 4.9862315105274311 1.9761153936851767 3.8846696079708627 4.9390633890870941 1.6337838235776874 1.6424861941486595 0.51904705679044116 41.310524139495101 21.929470051312823 2.2313065567286676 6.0327860743855117 16.13368244463345 5.016483641229569 5.7214967166073611
leaf_count=4243 78 29 12 89 39 59 56 150 65 19 33 34 52 49 29 407 61 145 77 51 39 16 7 601 331 29 123 206 74 68
internal_value=-2.44863e-05 0.0141854 0.00209631 0.0172439 0.0316966 -0.000350388 0.0204053 -0.00888287 -0.000625864 -0.00878251 0.0137317 -0.0150241 -0.0186943 0.000378725 0.0171287 -0.0229822 -0.0285829 0.00804607 0.000237615 0.000566945 0.0298546 0.000214333 -0.0341281 3.3817e-05 0.00137613 0.0188652 0.00019901 -0.00750894 -0.0128813 -0.00929419
internal_weight=531.777 11.9228 8.92996 6.05875 4.56115 519.854 6.80929 3.65174 513.045 49.1128 10.6602 38.4525 36.0326 8.68668 6.11636 33.074 28.0168 5.05716 463.932 459.529 8.21533 3.27627 4.40372 451.313 383.131 24.1608 358.97 68.1822 52.0485 47.032
internal_count=7271 247 169 140 128 7024 265 206 6759 894 130 764 730 111 78 678 468 210 5865 5781 106 55 84 5675 4726 360 4366 949 743 669
is_linear=0
shrinkage=0.05


Tree=183
num_leaves=31
num_cat=0
split_feature=149 215 314 228 255 47 181 226 301 47 246 246 6 232 24 230 246 104 47 170 301 279 301 301 257 202 202 246 108 226
split_gain=0.979084 1.09495 2.14921 2.05881 1.32724 1.20672 1.77392 1.27947 2.93058 2.85204 2.78723 3.08308 4.12287 3.0386 2.74544 2.72953 4.03519 3.0511 2.79188 2.73062 2.75128 2.69488 4.69709 2.61866 2.6182 2.54751 5.59121 3.4423 2.53317 2.50593
threshold=0.53134998679161083 0.066149998456239714 0.0017499999958090486 0.0019500000635161998 1.0000000180025095e-35 0.01814999990165234 0.0030500000575557355 0.0046500000171363362 0.025249999947845939 0.0018500000005587938 0.010650000069290401 0.0023500000825151805 0.0010500000207684936 1.0000000180025095e-35 0.0019500000635161998 0.0040500001050531873 0.0030500000575557355 0.0015499999863095584 0.0035500000230968003 0.0055499998852610597 0.022950000129640106 0.0011500000255182388 0.0010500000207684936 0.027150000445544723 0.018350000493228439 0.016449999995529655 0.0093499999493360537 0.0053499999921768912 0.0020500000100582842 0.0053499999921768912
decision_type=2 2 2 2 2 2 2 2 2 2 2 2 2 2 2 2 2 2 2 2 2 2 2 2 2 2 2 2 2 2
left_child=1 5 -3 -4 -5 6 7 10 14 23 11 13 28 21 15 18 17 -17 19 20 25 -1 -23 -10 -12 26 -9 -28 -13 -25
right_child=-2 2 3 4 -6 -7 -8 8 9 -11 24 12 -14 -15 -16 16 -18 -19 -20 -21 -22 22 -24 29 -26 -27 27 -29 -30 -31
leaf_value=-0.001505373293356453 -0.053370427492543393 -0.018888605990930406 -0.027281963576797536 -0.032001969571251405 0.043442023667682711 -0.035753583340660609 0.057328926267617701 -0.0058277806946022389 0.040356459760392288 0.023679838815838031 -0.056165846202968418 0.036891955503073386 -0.030378369356636042 0.026764119310564462 0.050408171504434933 0.055186389477793224 -0.040539706157962728 -0.022511949752314717 -0.040622054286200547 -0.052275495795055575 -0.04402674158464711 -0.085704080115549225 0.036960215596645161 0.056978971297788922 0.020371177420213625 -0.033959404780014281 0.086824511703555124 -0.0074199607098005887 -0.025423996867502869 -0.0018448316041747928
leaf_weight=171.5042209449457 0.85868730157380824 3.495431726332753 1.4647814289783108 0.63449640758335579 7.1776435580395628 2.3882284029386929 1.3397681450587686 117.25981731066713 3.9653098875423884 14.692174586001782 3.7166063891490912 16.4334567883052 3.255006965249776 11.202392328763379 2.0443464815616599 5.3804252349655126 2.2081491638091393 1.6512622821610419 6.9090897282585493 3.4031775302719316 4.8158317788038394 0.85801426484249432 8.6306066854158399 1.8387270206585515 1.5977271227166054 7.4283846553880712 2.6886993676889679 1.5147471167147157 1.8104879870079447 118.0237157062802
leaf_count=2794 41 71 29 12 182 31 105 1206 38 180 65 157 81 155 14 71 44 19 71 42 55 10 90 18 20 87 25 20 34 1504
internal_value=-2.33768e-05 6.31631e-05 0.0145251 0.027115 0.0373145 -0.000294421 -0.00012972 -0.00027983 -0.002436 0.00285135 0.00261291 0.00350243 0.0214592 0.00149378 -0.00715194 -0.00791974 0.0184241 0.0369404 -0.00960988 -0.00804715 -0.00692144 -7.03017e-05 0.0258682 0.00038005 -0.0331554 -0.00553506 -0.00379669 0.0528627 0.0307079 -0.000942456
internal_weight=530.191 529.333 12.7724 9.27692 7.81214 516.56 514.172 512.832 293.824 138.52 219.009 213.694 21.499 192.195 155.304 153.26 9.23984 7.03169 144.02 137.111 133.707 180.993 9.48862 123.828 5.31433 128.892 121.463 4.20345 18.2439 119.862
internal_count=7271 7230 294 223 194 6936 6905 6800 3394 1740 3406 3321 272 3049 1654 1640 134 90 1506 1435 1393 2894 100 1560 85 1338 1251 45 191 1522
is_linear=0
shrinkage=0.05


Tree=184
num_leaves=31
num_cat=0
split_feature=183 240 231 231 101 309 175 175 288 25 246 255 282 225 225 89 183 301 314 304 112 309 314 183 59 215 108 47 176 50
split_gain=0.98584 1.08822 1.06056 1.41811 1.72758 1.84565 1.20545 2.02643 2.30505 1.92072 1.77971 1.74822 2.52992 1.64495 3.26706 1.47496 1.47169 1.99606 1.69847 2.39511 1.68082 1.40988 2.1299 1.59141 2.1433 2.36275 2.69941 2.77086 2.17458 2.06907
threshold=0.23255000263452533 0.011649999767541887 0.023000000044703487 0.0039500000420957812 0.0034500000765547161 0.0017499999958090486 0.0010500000207684936 0.0011500000255182388 0.0074499999172985562 0.0014499999815598132 0.0016499999910593035 1.0000000180025095e-35 0.011950000189244749 0.032200001180171973 0.023149999789893631 0.035350000485777862 0.024499999359250072 0.041449999436736114 0.13554999977350238 0.0069500000681728133 1.0000000180025095e-35 0.0022500000195577745 0.053850000724196441 0.0041499999351799497 1.0000000180025095e-35 0.0076500000432133683 0.0015499999863095584 0.0011500000255182388 1.0000000180025095e-35 0.0063499999232590207
decision_type=2 2 2 2 2 2 2 2 2 2 2 2 2 2 2 2 2 2 2 2 2 2 2 2 2 2 2 2 2 2
left_child=2 -2 3 6 -5 -6 13 -8 10 -10 -9 -11 -13 14 16 -15 18 -18 19 21 -19 23 -23 -1 25 26 -25 -28 -29 -27
right_child=1 -3 -4 4 5 -7 7 8 9 11 -12 12 -14 15 -16 -17 17 20 -20 -21 -22 22 -24 24 -26 29 27 28 -30 -31
leaf_value=-0.00084217120016097748 -0.012886072544401508 0.10089694896774848 -0.048808753344400505 0.072182238530006909 -0.047189579030121158 0.050372564250593367 0.10385599431980451 0.0055894450926682986 0.051300164164070863 0.056913580180864821 -0.087115117702670053 -0.04929955277768705 0.04440643422142012 -0.069558507111708315 0.07430077777048498 0.0064852429631149016 -0.061893530705518562 0.037182129745943301 -0.053945990560646744 0.054194589901019344 -0.04369017302673233 -0.052350166513552343 0.031765495044916651 0.015235365708599714 -0.042660128699923978 0.055527440131146591 -0.071048430468223553 -0.04078616195242829 0.055245795181564673 0.00042764181874489765
leaf_weight=467.22571071080165 0.36099566286429663 0.50284546264447272 1.1156436426681455 1.5043842181767098 0.98583198711276032 0.95374274248024449 0.62549898360157286 1.1700871791690572 3.4659687514067627 1.0572141730226574 0.92855794541537751 2.1057222554809418 1.0947920109611002 1.6228806377039284 1.4612515441258427 1.0503848812077192 2.2911487598903468 1.478230126842391 1.4713641888811242 2.0195309002883723 1.1363879702985284 2.8751426288217767 1.0193917737342415 15.47608326980845 1.7419417793862511 5.3019035012694067 2.0808646213263264 1.1578283049166205 1.2009640214964745 2.5105579325463623
leaf_count=6106 6 16 31 34 10 49 13 17 77 21 8 35 43 19 19 15 32 83 31 175 21 48 24 157 31 89 15 10 10 26
internal_value=-2.30163e-05 0.0533475 -0.000110312 -7.2219e-06 0.0319723 0.000784435 -0.000217578 0.0165958 0.0110389 0.0236647 -0.0354282 0.00116834 -0.0172458 -0.00055992 -0.000355049 -0.0396792 -0.000569378 -0.0278229 -0.000304144 -0.000147111 0.00203271 -0.000366341 -0.0303329 -0.000131377 0.0111377 0.0145174 0.00537597 -0.0289926 0.00810789 0.037821
internal_weight=528.993 0.863841 528.129 527.013 3.44396 1.93957 523.569 10.4478 9.82234 7.7237 2.09865 4.25773 3.20051 513.122 510.448 2.67327 508.987 4.90577 504.081 502.61 2.61462 500.59 3.89453 496.696 29.4701 27.7282 19.9157 4.43966 2.35879 7.81246
internal_count=7271 22 7249 7218 93 59 7125 214 201 176 25 99 78 6911 6877 34 6858 136 6722 6691 104 6516 72 6444 338 307 192 35 20 115
is_linear=0
shrinkage=0.05


Tree=185
num_leaves=31
num_cat=0
split_feature=151 240 119 304 288 221 132 230 240 278 183 308 221 214 220 257 160 224 224 89 112 195 50 62 133 255 304 212 244 110
split_gain=0.97671 1.04913 2.06657 3.00667 2.96856 1.80842 1.74075 1.71255 1.62105 2.55306 2.59653 2.48021 2.46242 4.84797 2.93551 2.1546 2.07705 1.93042 2.28214 1.71202 1.66949 3.0719 2.56903 2.03416 2.6038 2.47491 3.18505 2.27711 3.32068 3.28794
threshold=0.0047500000800937423 0.1090499982237816 0.0024500000290572648 0.0010500000207684936 0.026850000023841861 0.019450000487267975 0.0012500000302679839 0.0092500001192092913 0.042449999600648887 0.0030500000575557355 0.024499999359250072 0.012249999679625036 0.0047500000800937423 0.0016499999910593035 0.0019500000635161998 0.0084500000812113302 0.0074499999172985562 0.0027499999850988392 0.0010500000207684936 0.056599998846650131 0.0023500000825151805 0.002549999975599349 0.03914999961853028 0.0015499999863095584 0.0014499999815598132 0.0010500000207684936 0.0031500000040978198 0.013749999925494196 0.0038499999791383748 1.0000000180025095e-35
decision_type=2 2 2 2 2 2 2 2 2 2 2 2 2 2 2 2 2 2 2 2 2 2 2 2 2 2 2 2 2 2
left_child=1 8 3 -3 -4 -6 -5 -7 19 11 16 12 14 -14 17 -15 -11 18 -10 20 22 -22 23 24 27 26 -26 28 -1 -29
right_child=-2 2 4 6 5 7 -8 -9 9 10 -12 -13 13 15 -16 -17 -18 -19 -20 -21 21 -23 -24 -25 25 -27 -28 29 -30 -31
leaf_value=0.00049777129108787206 -0.044541171406610791 0.056705933356290372 -0.057336453094118611 0.021048985004535996 0.038268954762773609 -0.04460702444898082 -0.04036519845112805 0.044801216328979009 -0.044274836149285332 0.055944036915823087 -0.055144795876859276 0.060407691832369853 0.053632756103117921 -0.045121022916827534 0.02754969729957717 0.03234166324657662 -0.055586460807807686 -0.090054364343956764 0.016872248050968219 -0.061235288136140077 -0.014585427839491173 0.042262829357568157 0.067853727237846814 0.034690778113251657 -0.037125834059122759 -0.0031820489869974211 0.074470167566643 0.019229249627038661 0.075738824142737041 -0.036834352517320021
leaf_weight=367.04354380606674 1.2290920664090652 4.611058739479633 2.1440611690049982 3.6350320948840817 3.003873837122228 1.8468924848712052 1.6903737304673994 0.75433348133810785 9.3992258174112155 3.1462686590966764 0.86753076559398312 0.95481713092885812 2.7925901534035784 4.062093929387629 1.7133304140297685 1.1523310129996387 0.48130513168871392 1.8054075356340025 1.8216548462514754 1.1258369856514026 31.096496912476141 2.5729880274739108 1.445521194487809 4.4588156272657207 11.158157440368083 26.192349513876252 0.67824490275234062 30.551886334025767 1.4722992125898589 2.8599957334808996
leaf_count=4113 32 63 26 224 72 36 72 52 103 99 30 15 35 54 28 24 6 13 30 20 1019 30 24 53 214 359 6 369 16 34
internal_value=-2.12646e-05 8.26577e-05 0.0120544 0.0271481 -0.00729977 0.0118403 0.00155509 -0.0186794 -0.000333429 -0.0119852 0.0225626 -0.0185373 -0.0218511 0.000469185 -0.0339762 -0.0280026 0.0411462 -0.0420687 -0.0343479 0.000350093 0.000494683 -0.0102411 0.00130541 0.00108895 0.000748405 -0.0117567 -0.0307312 0.00193159 0.000798375 0.0144303
internal_weight=527.767 526.538 17.6856 9.93646 7.74916 5.6051 5.32541 2.60123 508.853 28.1966 4.4951 23.7015 22.7466 8.00702 14.7396 5.21442 3.62757 13.0263 11.2209 480.656 479.53 33.6695 445.861 444.415 439.956 38.0288 11.8364 401.928 368.516 33.4119
internal_count=7271 7239 545 359 186 160 296 88 6694 437 135 302 287 113 174 78 105 146 133 6257 6237 1049 5188 5164 5111 579 220 4532 4129 403
is_linear=0
shrinkage=0.05


Tree=186
num_leaves=31
num_cat=0
split_feature=87 255 170 123 149 226 123 262 179 115 179 202 246 174 202 245 276 234 265 25 176 314 119 202 288 262 246 50 133 25
split_gain=0.933108 0.969527 2.07742 3.15113 2.08822 2.18368 1.96588 2.28693 1.74181 1.75568 1.6721 1.50029 2.18972 1.47457 1.42737 3.67549 4.08617 3.60566 2.56655 2.98653 2.97863 2.57942 2.56399 2.69559 2.42839 2.32477 2.4494 2.70685 3.49185 3.33536
threshold=0.001300000003539026 0.059400001540780074 0.0035500000230968003 0.0058500000741332778 0.0040500001050531873 0.0030500000575557355 0.0018500000005587938 0.012850000057369472 0.003249999950639904 0.0023500000825151805 0.0048500001430511483 0.0013499999768100681 0.0028499999316409235 0.0012500000302679839 0.0047500000800937423 0.0018500000005587938 0.0012500000302679839 0.0011500000255182388 0.0011500000255182388 0.0030500000575557355 0.002549999975599349 0.017350000329315666 0.0064499999862164268 0.31585000455379492 0.0016499999910593035 0.0042499999981373557 0.0012500000302679839 0.0010500000207684936 0.017649999819695953 0.0058500000741332778
decision_type=2 2 2 2 2 2 2 2 2 2 2 2 2 2 2 2 2 2 2 2 2 2 2 2 2 2 2 2 2 2
left_child=1 13 3 4 5 -3 7 11 -5 -10 -6 12 -7 14 25 17 -17 -16 -18 20 -20 -22 -21 -24 -19 26 -1 28 29 -28
right_child=-2 2 -4 8 10 6 -8 -9 9 -11 -12 -13 -14 -15 15 16 18 24 19 22 21 -23 23 -25 -26 -27 27 -29 -30 -31
leaf_value=-0.0010166013387812656 -0.053244800766283365 -0.056269249326703179 0.043101198351998056 -0.046117397706062914 -0.044024366748981678 -0.058787699044860309 0.060089901422962534 -0.028380239569987926 0.037402875741436796 -0.060709492993938345 0.058652178557329473 0.053181026720172254 0.058760917144854569 -0.049633086852660185 -0.048886376175519164 0.028349618922954619 0.060652610713316513 0.057082461557374113 -0.026829924778009481 -0.0067375416440387569 -0.011226199877526816 0.029433740282607979 0.033058087462843021 -0.027155596508006863 -0.052750401499812298 -0.035843995960717905 0.011475941894313347 -0.0062464571182388445 0.053172304254903838 -0.043281132690902904
leaf_weight=281.66769409747212 0.82218159548938174 0.76377575457445956 3.9298618526663622 3.9809882718545841 2.0753707420080896 0.87772691785357693 3.8155545782065019 2.0865791763644665 1.5824985400831795 0.64052948355674733 0.49016384372953314 3.3308500761340838 0.72212692548055202 1.5168617125600565 8.268125841394065 9.7011778252199274 1.4189362274482835 1.5664446461014443 25.418949291633908 19.68613135558553 16.38490675366484 5.1192622032831414 10.286959834629668 2.2685664985328904 0.74148215074092139 4.2170090244326266 78.623300155362813 26.605566685277154 4.8585627433494656 2.8829785156995049
leaf_count=3868 17 18 82 68 47 25 47 29 44 8 19 73 23 44 196 101 21 17 321 243 161 109 125 26 24 90 783 553 54 35
internal_value=-2.01711e-05 6.30979e-05 0.00981757 0.00339515 0.0164124 0.025443 0.0312042 0.015498 -0.0263199 0.00913339 -0.0244073 0.0340664 -0.00572971 -0.000409726 -0.000260311 -0.00557433 -0.00230754 -0.033462 -0.00599824 -0.00719288 -0.015243 -0.00154673 0.00452293 0.0221785 0.0217958 0.00108348 0.00147807 0.00769802 0.0119938 0.00953912
internal_weight=526.351 525.529 24.296 20.3662 14.1621 11.5966 10.8328 7.01728 6.20402 2.22303 2.56553 4.9307 1.59985 501.233 499.716 100.861 90.2849 10.5761 80.5837 79.1648 46.9231 21.5042 32.2417 12.5555 2.30793 398.855 394.638 112.97 86.3648 81.5063
internal_count=7271 7254 483 401 281 215 197 150 120 52 66 121 48 6771 6727 1344 1107 237 1006 985 591 270 394 151 41 5383 5293 1425 872 818
is_linear=0
shrinkage=0.05


Tree=187
num_leaves=31
num_cat=0
split_feature=254 126 265 50 122 43 314 288 230 126 158 265 314 203 43 101 254 110 110 89 244 314 301 221 259 225 257 47 240 43
split_gain=0.952238 1.94503 2.23833 1.77953 1.47214 1.1611 1.86819 3.29347 2.4593 1.32066 1.56213 1.83137 2.23236 3.11723 2.07751 1.87104 2.25062 1.86501 1.8692 1.84896 2.02324 1.89209 1.84657 2.56962 1.89942 2.10458 2.3726 3.10673 1.82188 1.75286
threshold=0.041800001636147506 0.0012500000302679839 0.049249999225139625 0.0010500000207684936 0.0011500000255182388 0.011750000063329937 0.0040500001050531873 0.044949999079108245 0.0016499999910593035 0.067450001835823073 0.73234999179840099 0.067050002515316023 0.014549999963492157 0.0050500000361353168 0.0061500000301748523 0.074749998748302474 0.0022500000195577745 0.024750000797212127 0.0039500000420957812 0.0054500000551342973 0.0031500000040978198 0.014050000347197058 0.041050000116229064 0.0296000000089407 0.0030000001424923543 0.023149999789893631 0.067299999296665206 0.0022500000195577745 0.0055499998852610597 0.0011500000255182388
decision_type=2 2 2 2 2 2 2 2 2 2 2 2 2 2 2 2 2 2 2 2 2 2 2 2 2 2 2 2 2 2
left_child=5 -2 3 4 -3 9 7 8 -7 10 11 12 15 -14 17 19 29 18 28 20 21 -1 23 24 25 26 -21 -28 -13 -17
right_child=1 2 -4 -5 -6 6 -8 -9 -10 -11 -12 14 13 -15 -16 16 -18 -19 -20 22 -22 -23 -24 -25 -26 -27 27 -29 -30 -31
leaf_value=0.00027314043022490871 0.053078430960552474 -0.038288983608738794 0.02788164027072923 -0.060887789905422575 0.052499770014748683 -0.055119138692149253 -0.055614492786720232 0.042109635414521313 0.016660415898780017 -0.024692329651749244 -0.053421491598405424 0.056648963688305867 -0.027567476935749732 0.043957620795501029 0.059661099293175139 0.012151750226601981 -0.011220110776224694 0.061939832672694699 -0.03087227155956487 -0.036766831448187168 0.056896959870576296 0.05982709633301754 -0.044575462757897102 0.049099013440216131 0.018490446319077154 0.037097936149524793 0.060622762129707186 -0.035402149289183414 0.0060154358398452519 0.069008513666883667
leaf_weight=418.86445791000733 2.5339284335786925 0.85183288529515289 4.0971681049268227 1.8223967957310376 0.93836766667664051 3.1693875658093003 2.4039181673433632 2.4884656183421612 1.9138972414657471 5.3521441684570155 1.3506677420809854 1.967699959233882 13.216544685827101 1.7217748563271005 2.1979942734469651 2.5189230302348715 2.9910854503978044 1.5566752892918874 3.0803176587214685 11.371172288083484 1.5942188337212417 1.3379654381424178 3.9452481928747138 1.8421469405293454 3.95110391252092 1.4596116691827763 1.6294182206038379 1.743718836456537 18.290162162389606 2.9351491648703814
leaf_count=5211 134 9 138 17 12 129 35 24 27 107 19 32 135 23 27 30 50 17 33 308 26 12 44 14 87 8 19 22 495 27
internal_value=-2.05583e-05 0.0150746 0.00258404 -0.0261068 0.00929967 -0.000320872 -0.0172131 -0.00502119 -0.0280936 1.28669e-05 0.000277548 0.000423127 -0.000303831 -0.0193236 0.0130643 0.000318994 0.0236348 0.00895025 0.00541581 -0.000120783 0.000676064 0.000462766 -0.0130767 -0.0074273 -0.0125937 -0.0201732 -0.0258428 0.0109834 0.0109336 0.0427496
internal_weight=525.138 10.2437 7.70977 3.6126 1.7902 514.894 9.97567 7.57175 5.08328 504.918 499.566 498.215 471.123 14.9383 27.0928 456.184 8.44516 24.8949 23.3382 447.739 421.797 420.202 25.9424 21.9972 20.155 16.2039 14.7443 3.37314 20.2579 5.45407
internal_count=7271 310 176 38 21 6961 215 180 156 6746 6639 6620 6016 158 604 5858 107 577 560 5751 5249 5223 502 458 444 357 349 41 527 57
is_linear=0
shrinkage=0.05


Tree=188
num_leaves=31
num_cat=0
split_feature=251 285 228 180 215 298 101 314 255 272 314 254 245 251 225 288 245 75 288 50 119 108 302 289 214 254 226 240 167 246
split_gain=0.979713 2.273 2.09228 2.1902 3.68499 2.92335 2.81533 2.70843 3.88588 3.34651 3.18329 2.99401 2.75207 4.18745 2.60097 3.22272 2.46856 2.96987 2.42123 2.26938 2.14928 2.11545 2.47557 2.44591 3.15669 2.04614 2.0066 3.93479 3.48325 2.30272
threshold=0.0018500000005587938 1.0000000180025095e-35 0.026250000111758712 0.0032500000670552258 0.0068500000052154073 1.0000000180025095e-35 0.0058500000741332778 1.0000000180025095e-35 0.0010500000207684936 1.0000000180025095e-35 0.0014499999815598132 0.0028499999316409235 0.0028499999316409235 0.0050500000361353168 0.0013499999768100681 0.012450000271201135 1.0000000180025095e-35 0.0015499999863095584 0.025349999777972702 0.0027499999850988392 0.0015499999863095584 0.0021499999566003685 1.0000000180025095e-35 0.0010500000207684936 0.0036499999696388845 0.0012500000302679839 0.014849999919533731 0.0058500000741332778 0.0011500000255182388 0.0010500000207684936
decision_type=2 2 2 2 2 2 2 2 2 2 2 2 2 2 2 2 2 2 2 2 2 2 2 2 2 2 2 2 2 2
left_child=1 -1 3 4 5 7 -6 8 9 11 14 12 13 25 15 -9 -10 19 -7 26 -8 23 -23 -12 -25 -2 28 -28 -18 -29
right_child=2 -3 -4 -5 6 18 20 10 16 -11 21 -13 -14 -15 -16 -17 17 -19 -20 -21 -22 22 -24 24 -26 -27 27 29 -30 -31
leaf_value=-0.0014220092637082281 -0.029403227034753527 0.081960235602798082 0.04078061416386547 -0.01006128051329978 0.058873755725772969 -0.071291016003886737 -0.029876760683171022 -0.049748232620177586 0.072473314643061282 -0.064977925626762842 0.018946280677775377 0.029295370079782231 0.038666470763091314 0.016129714533723191 -0.064989824825902071 0.05147504839653843 0.058684854535410239 -0.043017202952660503 0.0033083922694512346 0.090592441696432616 0.041581918253971076 -0.044219778655717377 0.02055970689582455 -0.06835485669318779 0.010787100681352472 -0.092769181001856493 -0.04605707437164689 -0.020027519092938179 0.0076711071045844252 0.065089618035471739
leaf_weight=394.98483983334154 5.1723048519343191 0.81901669129729171 3.7104833459598003 26.535129008902004 5.509846816014031 2.3607434877194455 2.1820575396413915 1.7050010268576437 2.5955238668248084 1.9360626023262728 16.361398851324346 7.4393764641135922 2.4094841852784148 4.7311375811696053 3.6535740680992603 1.4593617729842661 6.5936646237969487 1.6778464149683703 2.0170118255773559 1.2813645061105479 2.0323099207307678 4.4645989742130032 2.2023453796282411 2.069077741354703 3.222005558811361 1.6903199627995489 2.7611653748899689 1.2491007531061771 6.7940945327281952 2.1837811293080449
leaf_count=5611 32 9 116 373 145 19 63 16 16 13 273 58 15 27 27 17 40 17 29 10 66 37 23 19 89 9 19 9 52 22
internal_value=-1.97676e-05 -0.00124947 0.00378274 0.00267822 0.00613631 0.00290982 0.0353447 0.00499422 0.0126508 -0.00202218 -0.00557745 0.00366212 -0.00995583 -0.0200608 -0.0362493 -0.00306541 0.0262977 0.0209807 -0.03692 0.0261275 0.00458302 0.00180682 -0.0228206 0.00938979 -0.0201614 -0.0450108 0.0219091 -0.0016219 0.0327961 0.0341186
internal_weight=523.804 395.804 128 124.29 97.7546 88.0303 9.72421 83.6526 48.5152 23.3787 35.1374 21.4426 14.0032 11.5938 6.81794 3.16436 25.1365 22.541 4.37776 20.8632 4.21437 28.3194 6.66694 21.6525 5.29108 6.86262 19.5818 6.19405 13.3878 3.43288
internal_count=7271 5620 1651 1535 1162 888 274 840 339 154 501 141 83 68 60 33 185 169 48 152 129 441 60 381 108 41 142 50 92 31
is_linear=0
shrinkage=0.05


Tree=189
num_leaves=31
num_cat=0
split_feature=183 240 226 226 98 223 108 25 282 25 289 240 240 167 301 195 158 101 217 245 254 265 158 245 43 167 265 228 240 202
split_gain=0.940831 0.979905 0.963514 3.81404 4.72819 3.1512 4.35627 4.57198 4.65362 3.60302 3.14737 2.8388 7.29085 5.92769 4.14662 3.24797 3.40808 5.78856 3.12641 2.80043 2.78093 2.75094 3.1984 2.80719 2.74156 2.71869 3.02103 2.42255 2.32945 2.87259
threshold=0.23255000263452533 0.011649999767541887 0.0016499999910593035 0.0012500000302679839 1.0000000180025095e-35 0.0011500000255182388 0.0010500000207684936 0.0046500000171363362 1.0000000180025095e-35 0.003249999950639904 0.0014499999815598132 1.0000000180025095e-35 0.0010500000207684936 0.0018500000005587938 1.0000000180025095e-35 0.0012500000302679839 0.0067499999422580012 0.0018500000005587938 0.0010500000207684936 0.0065500000491738328 0.0037500000325962905 0.0064499999862164268 0.0015499999863095584 1.0000000180025095e-35 1.0000000180025095e-35 0.0015499999863095584 0.0016499999910593035 0.0015499999863095584 0.0028499999316409235 0.0010500000207684936
decision_type=2 2 2 2 2 2 2 2 2 2 2 2 2 2 2 2 2 2 2 2 2 2 2 2 2 2 2 2 2 2
left_child=2 -2 3 5 20 6 9 -8 -9 11 -11 13 14 15 -13 16 19 -18 21 -1 25 24 -23 -24 -14 26 28 -6 29 -5
right_child=1 -3 -4 4 27 -7 7 8 -10 10 -12 12 18 -15 -16 -17 17 -19 -20 -21 -22 22 23 -25 -26 -27 -28 -29 -30 -31
leaf_value=-0.019955797184728421 -0.010917733888234303 0.097622549170813186 -0.0012327530236956215 0.045230753737249274 -0.05771281452789459 0.039235732614297997 -0.052571486418235946 -0.0050643359927929491 0.18570693712886657 -0.042983958351703266 0.056302855538137922 0.1833523513697066 0.0026763549855234928 0.11490550731668243 0.035730406170233792 0.086717173114782387 0.11357855566976978 -0.028069653497348909 0.070080252495968595 0.0664074118825346 -0.02586737345029648 0.071470582956577475 0.049145536360126543 -0.049846355199089608 -0.062183787513588606 -0.030400153742381267 0.064306341257614127 0.018772392540851612 -0.059823370300651081 -0.053939458752237671
leaf_weight=27.715579993673607 0.35659373935777594 0.49882152955979109 408.89354785351316 4.9959396864287653 2.4512903873110181 4.6937885321967761 7.5559418606571835 1.6817931417608636 0.39469494158402074 6.7715075497399075 0.90484349569305766 0.95802246360108145 22.924385270569481 0.99143636284861614 0.94486560067161918 0.85907583311200042 1.3873616270720952 1.5022193922195581 1.9908357917447563 0.97156363097019394 1.8070788669865567 3.0673671398544675 1.3866686196997764 1.4810984935611484 1.7538752283435304 1.28795058839023 8.8691606509964895 1.7921929338481275 0.80819807574152935 0.85521417087875296
leaf_count=616 6 16 5110 77 44 63 236 101 10 295 10 13 235 10 13 9 21 53 24 11 19 35 14 15 38 19 98 25 8 27
internal_value=-1.82265e-05 0.0523758 -0.000104136 0.00398689 0.0222202 -0.000649029 -0.00284522 -0.0345133 0.0311971 0.00118913 -0.0312806 0.0048581 0.0149179 -0.00552668 0.110052 -0.00920782 -0.0118176 0.0399393 0.00936557 -0.0170309 0.033073 0.0054172 0.0359803 -0.00198021 -0.00193323 0.0394067 0.0451965 -0.02541 0.0197453 0.0307359
internal_weight=522.553 0.855415 521.697 112.804 22.867 89.9369 85.2431 9.63243 2.07649 75.6107 7.67635 67.9344 34.5071 33.4272 1.90289 32.4358 31.5767 2.88958 32.6042 28.6871 18.6235 30.6134 5.93513 2.86777 24.6783 16.8165 15.5285 4.24348 6.65935 5.85115
internal_count=7271 22 7249 2139 317 1822 1759 347 111 1412 305 1107 387 720 26 710 701 74 361 627 248 337 64 29 273 229 210 69 112 104
is_linear=0
shrinkage=0.05


Tree=190
num_leaves=31
num_cat=0
split_feature=186 289 278 301 224 126 215 104 262 262 282 205 226 276 301 301 177 251 255 6 25 203 167 167 310 167 98 276 225 98
split_gain=0.938264 2.35075 2.51544 2.4451 2.58504 2.15529 2.04145 2.41507 2.32413 2.08879 1.92139 1.56212 1.55522 4.61643 2.74978 4.33356 3.49957 3.35382 4.84524 5.65157 8.10077 5.00423 4.48794 5.39565 4.54837 4.33189 4.16419 4.65074 3.92113 3.39108
threshold=0.0010500000207684936 0.0028499999316409235 0.051950000226497657 0.0050500000361353168 0.0013499999768100681 0.0042499999981373557 0.0068500000052154073 0.0019500000635161998 0.0050500000361353168 0.0012500000302679839 0.012249999679625036 0.0050500000361353168 0.013050000183284284 0.0074499999172985562 0.0092500001192092913 0.0095500000752508658 1.0000000180025095e-35 0.0015499999863095584 0.0013499999768100681 0.0068500000052154073 0.0017499999958090486 0.0036499999696388845 0.0011500000255182388 0.0016499999910593035 1.0000000180025095e-35 0.0011500000255182388 0.002549999975599349 0.0028499999316409235 0.0020500000100582842 0.0011500000255182388
decision_type=2 2 2 2 2 2 2 2 2 2 2 2 2 2 2 2 2 2 2 2 2 2 2 2 2 2 2 2 2 2
left_child=12 3 -3 -2 6 -4 7 9 -8 -5 -9 -7 13 14 16 -16 17 18 28 21 -21 22 24 -24 -20 -19 27 -27 -1 -25
right_child=1 2 5 4 -6 11 8 10 -10 -11 -12 -13 -14 -15 15 -17 -18 25 19 20 -22 -23 23 29 -26 26 -28 -29 -30 -31
leaf_value=-0.00086833444232066882 0.07385715207682883 -0.038883771597425495 0.044407799542965025 -0.042254141259029751 0.052742634215866516 -0.026777995287187592 0.040280967770295543 0.033457134402988704 -0.018062086169237188 0.024354849416039145 -0.02961542639338114 0.030770788186333626 -0.0047659932583526063 0.021671351166421656 0.094936916537630742 0.0063975608234021555 -0.029426981702457368 0.025201998024281816 -0.044414236412001103 0.1525082008691685 -0.051355488404520477 0.045712941109072945 0.045555057536142467 -0.049519291325731289 0.065123054275447845 -0.035579092989915892 0.027229601562065553 0.039817943140439543 0.074062173270298834 0.0050513345489435722
leaf_weight=128.05471543013118 1.7051979945972586 4.7732369522855143 2.5990922202181519 5.2985361926257664 3.3598051347071296 4.142623578896746 6.2719482604879868 4.3598912879824638 2.3452292159199715 1.5130821764469145 1.6699542808346448 1.6483921385370193 154.46766418516927 25.68058898972231 1.4097229475155462 70.312475506798364 11.944324467796831 23.724207421997562 23.985644136671912 1.1175313862040628 0.86405011406168331 2.5114235598593941 3.8456772568169972 5.8446041108109039 0.98668765160255034 11.220653942786159 6.314209160860627 2.501200206577777 1.7700938170310099 5.5502889864146709
leaf_count=2197 16 67 88 44 57 51 57 40 25 14 17 43 2040 365 11 792 174 163 508 18 78 22 52 64 19 73 61 19 19 77
internal_value=-2.17315e-05 0.00736803 -0.00990556 0.0159407 0.0119614 0.0065805 0.00557627 -0.00705692 0.0244025 -0.0274581 0.0159893 -0.0103969 -0.000630057 0.00131986 -0.00041097 0.00813783 -0.00307407 -0.0016321 -0.00473542 -0.0189321 0.0636153 -0.0227607 -0.0270371 -0.00565558 -0.0400863 0.010745 -0.00637324 -0.0218358 0.000153304 -0.0229387
internal_weight=521.793 39.687 13.1633 26.5236 24.8184 8.39011 21.4586 12.8415 8.61718 6.81162 6.02985 5.79102 482.106 327.638 301.958 71.7222 230.235 218.291 174.531 44.7059 1.98158 42.7243 40.2129 15.2406 24.9723 43.7603 20.0361 13.7219 129.825 11.3949
internal_count=7271 519 249 270 254 182 197 115 82 58 57 94 6752 4712 4347 803 3544 3370 3054 838 96 742 720 193 527 316 153 92 2216 141
is_linear=0
shrinkage=0.05


Tree=191
num_leaves=31
num_cat=0
split_feature=123 123 278 262 176 232 25 53 214 219 301 240 189 313 24 231 158 276 189 177 123 240 246 170 112 226 189 253 226 177
split_gain=0.933634 3.00977 2.64676 2.22059 3.31228 2.3668 2.46508 2.68731 2.43091 2.39984 2.02441 2.82702 2.31747 1.9006 1.92285 1.84648 1.75323 2.24742 1.91206 1.81473 1.73273 1.83464 1.63618 3.03 3.18379 2.91921 3.10414 2.67476 3.05615 3.8041
threshold=0.0031500000040978198 0.0029499999945983295 0.0017499999958090486 0.014650000259280207 1.0000000180025095e-35 0.0095500000752508658 0.0041499999351799497 0.0014499999815598132 0.0016499999910593035 0.0048500001430511483 0.03459999896585942 0.0074499999172985562 0.0014499999815598132 0.01599999982863665 0.0010500000207684936 0.0034500000765547161 0.046550000086426742 0.017749999649822715 0.00335000001359731 0.018749999813735489 0.067000001668930068 0.05334999971091748 0.0010500000207684936 0.015399999916553499 0.0015499999863095584 0.002549999975599349 0.0012500000302679839 0.0010500000207684936 0.012349999975413086 1.0000000180025095e-35
decision_type=2 2 2 2 2 2 2 2 2 2 2 2 2 2 2 2 2 2 2 2 2 2 2 2 2 2 2 2 2 2
left_child=1 15 3 4 5 6 -2 9 -9 -8 11 12 -7 14 16 22 17 -4 19 -19 -18 -22 23 24 27 26 -24 28 29 -1
right_child=2 -3 13 -5 -6 10 7 8 -10 -11 -12 -13 -14 -15 -16 -17 20 18 -20 -21 21 -23 25 -25 -26 -27 -28 -29 -30 -31
leaf_value=0.0023794266018076419 -0.021526866806715037 0.0534283042370301 0.048256037860808065 0.045895125846579461 -0.046787994378189944 -0.042858127659422242 0.044650874212076863 -0.032011983459135696 0.035411735553706664 -0.034769413501201434 -0.032994385048234369 0.047857470979254801 0.047598303153422998 -0.017653403072181877 -0.022491737695973648 0.049254210686018471 0.012546304656677188 -0.039633970039268704 0.057995308509977597 0.036113046139451765 -0.048308660198209605 0.027977642657619164 0.012238231624035652 0.075916193182865258 -0.032871209856004634 0.0016531743243266357 0.059750098403656249 0.047153874454271209 -0.013474791150785814 -0.029815140284829816
leaf_weight=186.87539938115515 29.860399262281135 2.7229378793272181 6.8107310068444367 1.6732408094685514 6.3017071029171339 2.113043982069938 4.8429500304628146 5.6158964806236327 1.7545097683905622 1.1836469501722602 1.9044735388597462 4.9606019564671442 1.0649135429412124 7.4114487115002694 3.9794679409824303 1.9479236140177807 15.595529907674065 2.4079954205080871 1.2070530386408789 1.1773143364116547 2.6165343928150828 1.1278510549454948 18.745706384652298 1.2413136023096729 8.2885228622471896 133.90252369904192 4.2098129178630179 2.8081914862559634 46.346112853148952 9.649210805189794
leaf_count=2144 635 44 76 17 94 46 72 263 25 16 31 69 11 112 52 91 206 25 63 11 35 26 260 11 511 1640 49 140 405 91
internal_value=-2.32562e-05 0.00103278 -0.00427086 -0.0109133 -0.0125081 -0.00845523 -0.013532 0.00428764 -0.0159619 0.0290524 0.0134115 0.0242707 -0.0125467 0.00534364 0.0102242 0.000688182 0.0144317 0.0297973 0.0035643 -0.0147608 0.00521303 -0.0253304 0.0004586 -0.00201146 -0.00239234 0.00447739 0.0209514 -0.00136407 -0.00192506 0.000798698
internal_weight=520.347 416.738 103.609 61.2754 59.6021 53.3004 43.2574 13.397 7.37041 6.0266 10.043 8.13856 3.17796 42.3339 34.9225 414.015 30.943 11.6031 4.79236 3.58531 19.3399 3.74439 412.067 255.209 253.967 156.858 22.9555 245.679 242.871 196.525
internal_count=7271 5386 1885 1279 1262 1168 1011 376 288 88 157 126 57 606 494 5342 442 175 99 36 267 61 5251 3302 3291 1949 309 2780 2640 2235
is_linear=0
shrinkage=0.05


Tree=192
num_leaves=31
num_cat=0
split_feature=212 89 240 301 240 240 257 43 180 304 265 282 314 226 288 226 25 308 221 301 254 183 225 195 246 226 272 228 226 25
split_gain=0.952435 2.42073 4.01257 3.76758 2.80234 4.26166 2.57418 3.05766 2.22307 3.43973 3.23834 4.56013 3.72563 3.13699 4.47014 3.93335 4.58351 3.66778 3.66234 3.50272 3.8449 3.13522 3.32982 3.12613 3.01021 3.02618 3.95593 3.28591 4.56532 3.57028
threshold=1.0000000180025095e-35 0.0016499999910593035 0.0015499999863095584 0.0016499999910593035 0.0076500000432133683 0.0052499999292194852 0.015950000844895843 0.0056499999482184657 1.0000000180025095e-35 0.0013499999768100681 0.01264999993145466 0.0064499999862164268 0.0044499998912215242 0.0016499999910593035 0.0051500000990927228 0.0011500000255182388 0.0019500000635161998 0.0012500000302679839 0.0013499999768100681 0.0016499999910593035 1.0000000180025095e-35 0.0042499999981373557 0.0031500000040978198 0.0010500000207684936 0.026499999687075618 0.0090499999932944792 0.0027499999850988392 0.0012500000302679839 0.0055499998852610597 0.0068500000052154073
decision_type=2 2 2 2 2 2 2 2 2 2 2 2 2 2 2 2 2 2 2 2 2 2 2 2 2 2 2 2 2 2
left_child=1 8 -3 4 5 6 7 -4 9 13 12 -12 21 14 15 17 19 23 -15 20 -17 22 24 -1 25 26 27 29 -29 -10
right_child=-2 2 3 -5 -6 -7 -8 -9 10 -11 11 -13 -14 18 -16 16 -18 -19 -20 -21 -22 -23 -24 -25 -26 -27 -28 28 -30 -31
leaf_value=0.0040682307093569186 0.0017474924492314301 -0.046233822493525416 -0.056034305772969743 -0.021285504826527198 -0.026390207480955382 0.1073900142342975 0.048411250455337097 0.13083865250268464 -0.02484950028394782 0.072465703933801154 0.020935065358595378 -0.04238800781063002 -0.057924232730767515 -0.012352944993033851 -0.04575853751988234 -0.011720059884944782 -0.027195715939644934 0.11703327432883746 0.060900241120141065 0.10328756344351415 0.10915075817260129 0.061669641891403726 0.0393086798926853 0.077967309902791326 0.040787980938408797 -0.038218923542274526 0.057206216811214655 0.015654275972448426 -0.052836410254480694 0.049245105240710151
leaf_weight=35.820686039631255 308.34548428238486 7.9757692978018921 1.6072661562357113 12.891966394847257 2.1545248436741531 1.6859111748635767 2.3136202525347471 0.25340730231255282 32.226335545070469 1.8778060154290859 18.74565495247953 3.3514108930248758 3.9120785119011989 30.074005393544216 3.1411131210625163 1.988951337989419 1.6056381075177339 0.77333554066717525 1.8088914211839426 3.2646359377540648 0.98315447568893422 1.5870134364813555 3.346198381856083 1.490650167223065 2.6182767030550158 10.689054680056868 2.1586711718700817 15.704905276885258 2.879067328060045 1.7121878650505085
leaf_count=570 4095 479 63 191 25 12 15 6 635 31 176 37 32 291 35 25 30 7 15 25 5 17 24 16 31 94 22 170 25 72
internal_value=-2.28735e-05 -0.0026144 -0.0160607 -0.00454982 0.0223701 0.040297 0.0131995 -0.0305839 -0.000477721 0.00556556 -0.0055374 0.011331 -0.0103887 0.00401369 0.0119477 0.0158945 0.0481399 0.00925451 -0.00819689 0.0675349 0.0282633 -0.00783851 -0.00938489 0.00702062 -0.0117814 -0.013887 -0.00913062 -0.0118571 0.00504356 -0.0211115
internal_weight=518.988 210.642 28.8825 20.9067 8.01473 5.8602 4.17429 1.86067 181.76 82.8289 98.9309 22.0971 76.8338 80.9511 49.0682 45.9271 7.84238 38.0847 31.8829 6.23674 2.97211 72.9217 71.3347 37.3113 67.9885 65.3702 54.6812 52.5225 18.584 33.9385
internal_count=7271 3176 791 312 121 96 84 69 2385 1050 1335 213 1122 1019 713 678 85 593 306 55 30 1090 1073 586 1049 1018 924 902 195 707
is_linear=0
shrinkage=0.05


Tree=193
num_leaves=31
num_cat=0
split_feature=149 254 126 314 189 212 189 67 50 203 279 221 154 98 43 280 272 25 214 265 280 224 257 104 154 195 226 301 288 265
split_gain=0.942024 2.41205 2.53879 3.37507 3.58228 4.26878 2.61316 2.59434 2.87541 2.54741 2.47529 3.18594 2.68286 4.35875 5.04159 2.7952 2.41158 2.33967 3.44055 3.08323 2.41647 4.68481 2.72163 5.12206 3.25189 2.57231 2.81778 5.58521 9.50238 4.20107
threshold=1.0000000180025095e-35 0.026549999602139 0.0013499999768100681 1.0000000180025095e-35 0.0010500000207684936 0.0039500000420957812 0.014349999837577345 1.0000000180025095e-35 0.03914999961853028 0.0060499999672174462 0.0021499999566003685 0.0029499999945983295 0.0011500000255182388 0.0012500000302679839 0.0059500001370906839 0.003249999950639904 0.0015499999863095584 0.0038499999791383748 0.0019500000635161998 0.019049999304115776 1.0000000180025095e-35 0.0021499999566003685 0.0058500000741332778 1.0000000180025095e-35 0.0010500000207684936 0.0022500000195577745 0.0018500000005587938 0.0012500000302679839 0.0031500000040978198 0.0031500000040978198
decision_type=2 2 2 2 2 2 2 2 2 2 2 2 2 2 2 2 2 2 2 2 2 2 2 2 2 2 2 2 2 2
left_child=1 2 7 4 -4 -6 -5 8 9 10 11 12 15 14 16 17 -14 20 19 -19 21 22 23 24 25 26 27 29 -29 -1
right_child=-2 -3 3 6 5 -7 -8 -9 -10 -11 -12 -13 13 -15 -16 -17 -18 18 -20 -21 -22 -23 -24 -25 -26 -27 -28 28 -30 -31
leaf_value=-0.004081009009905533 -0.0028648634550160548 0.035074994275932157 -0.056458964732183231 -0.052317168390885418 0.050643942852328018 -0.028336939411314328 0.021711658617045389 -0.038879164712474705 0.075549282927468542 0.033482181380668732 0.020092186064164443 -0.053301571781283454 -0.045822970392292744 0.029710368538663264 0.060534589880307632 0.05523957698933938 0.0081102712075936442 -0.029779172105087195 0.075222182794692158 0.047126276324065124 -0.022878391121191988 0.079551541545815604 0.01613334849980327 -0.023286068952193043 0.08379211151450143 0.037867489003928112 -0.0029501538493883865 0.056324728261294768 -0.018929164009099608 0.053860369563405057
leaf_weight=39.807369847083464 186.72663071531861 5.2879382015380534 1.9459377042949215 7.1299467124044877 4.408788125962019 2.7956327279098332 1.4313974857795981 3.8159862700849763 1.3450475659919892 6.4036495991167603 17.068051149399253 2.7269798107445231 12.341358593432238 4.0882237488403907 1.4626050274819125 2.4783600362134157 2.4910112693905822 13.647175196500028 0.95924326634849499 1.440861405804754 8.6086130604380724 2.0392764217685899 35.550318483961746 19.4001651116414 1.2616689130663861 5.1953112408518782 102.97640911815688 13.372684003552424 6.1121225375682107 3.3952240305661681
leaf_count=617 3307 164 36 52 26 29 38 53 51 95 394 17 122 44 15 50 15 307 18 17 77 19 328 291 9 30 871 110 41 28
internal_value=-2.52546e-05 0.00157671 0.00103285 -0.0173754 0.00373681 0.0199959 -0.0399401 0.00209146 0.00260546 0.00228147 0.00160744 0.000478055 0.00100821 -0.0164505 -0.0280318 0.00239698 -0.0367652 0.0018809 -0.0165974 -0.0224349 0.00312828 0.00410546 0.00342789 0.00106949 0.00381467 0.0032241 0.00213766 0.0104954 0.0327186 0.000472513
internal_weight=517.714 330.987 325.699 17.7117 9.15036 7.20442 8.56134 307.988 304.172 302.827 296.423 279.355 276.628 20.3832 16.295 256.245 14.8324 253.766 16.0473 15.088 237.719 229.111 227.071 191.521 172.121 170.859 165.664 62.6874 19.4848 43.2026
internal_count=7271 3964 3800 181 91 55 90 3619 3566 3515 3420 3026 3009 196 152 2813 137 2763 342 324 2421 2344 2325 1997 1706 1697 1667 796 151 645
is_linear=0
shrinkage=0.05


Tree=194
num_leaves=31
num_cat=0
split_feature=53 310 162 166 206 245 226 265 276 163 25 240 265 206 245 280 202 280 2 279 36 195 25 240 195 158 25 210 195 301
split_gain=0.907842 1.31734 1.25997 1.55559 1.26165 2.59513 2.73853 2.19932 3.99977 3.94421 2.25175 2.52932 1.99219 1.88626 1.54798 2.17254 1.98854 1.52009 1.45659 2.84225 2.33172 1.74656 2.52013 2.47606 2.07785 1.65705 1.45918 1.44453 1.29175 3.1612
threshold=0.11704999953508378 0.0070000002160668382 0.0050000001210719356 0.013000000268220903 0.0010500000207684936 0.0045499999541789302 0.0036499999696388845 0.0056499999482184657 0.0065500000491738328 0.0016499999910593035 0.0010500000207684936 0.0059500001370906839 0.0044499998912215242 0.0027499999850988392 0.019350000657141212 0.010750000365078451 0.049650000408291824 0.057050000876188285 0.0043500000610947618 0.020999999716877941 0.0036499999696388845 0.024550000205636028 0.0010500000207684936 0.0065500000491738328 0.018250000663101677 0.69699999690055858 0.0016499999910593035 0.049799999222159393 1.0000000180025095e-35 0.0010500000207684936
decision_type=2 2 2 2 2 2 2 2 2 2 2 2 2 2 2 2 2 2 2 2 2 2 2 2 2 2 2 2 2 2
left_child=1 2 3 4 17 6 13 9 -9 10 -7 -12 -8 -6 16 -16 -10 18 19 21 25 24 -23 -24 27 -20 -22 28 -1 -30
right_child=-2 -3 -4 -5 5 7 12 8 14 -11 11 -13 -14 -15 15 -17 -18 -19 20 -21 26 22 23 -25 -26 -27 -28 -29 29 -31
leaf_value=-0.0017736904932487763 -0.051163349608529987 0.033674378210848531 0.043775142470249946 -0.039914066432787387 0.047161414465650205 -0.041766801153049822 0.12592194706851148 0.044082251181726664 -0.048489224241502489 0.073846897202632558 -0.022382478222429301 0.07214931480891891 0.040473780025334576 -0.058423267089709532 0.024851901223816811 -0.029385822279836132 0.028553622719151846 0.042961455778228463 -0.04438199082814695 0.049981231907225088 0.061299990306495737 0.10376608034619526 -0.062561347501708928 0.052246329795715252 -0.061401524154709668 0.0075159927955110728 -0.0074408945513464988 0.053745608868917299 0.066984022020905115 0.0043944441015812364
leaf_weight=416.61472754238639 0.86643704760353912 2.8983405805774956 1.628893289976985 2.4624728421040336 0.83800890389829763 6.4554862137883919 1.1253531118854883 7.0061576578300473 3.0850505960406727 1.1314060469157983 2.0791236436925833 1.0726697668433187 1.7319267839193342 0.85414229636080563 6.3613049105042574 2.6013223461341113 1.1496656666276974 1.9797050748602476 6.5146969435736519 2.7719202912121537 1.1979357758536928 0.96708947420120184 0.79864200949668873 1.1399996730033306 1.4217319409362961 2.0134155959822237 2.1712665343657136 1.2078737849369634 2.152859632857143 32.057234381849412
leaf_count=5572 41 242 67 80 10 54 11 87 37 12 24 7 13 12 148 88 14 55 98 116 9 6 8 20 13 25 35 13 28 326
internal_value=-2.55643e-05 6.03882e-05 -0.000129675 -0.000269638 -7.76558e-05 0.00901445 0.0442746 0.00383016 0.0135487 -0.0144541 -0.0248529 0.00979012 0.0741279 -0.00613426 -0.00266084 0.00910989 -0.0275732 -0.00075987 -0.000943628 -0.000496048 -0.0182163 -0.000802646 0.0378382 0.00495021 -0.00105026 -0.0321293 0.0170003 -0.000860439 -0.00100674 0.00833324
internal_weight=516.357 515.49 512.592 510.963 508.501 35.4916 4.54943 30.9422 20.2035 10.7387 9.60728 3.15179 2.85728 1.69215 13.1973 8.96263 4.23472 473.009 471.029 459.132 11.8973 456.36 2.90573 1.93864 453.454 8.52811 3.3692 452.033 450.825 34.2101
internal_count=7271 7230 6988 6921 6841 517 46 471 374 97 85 31 24 22 287 236 51 6324 6269 6102 167 5986 34 28 5952 123 44 5939 5926 354
is_linear=0
shrinkage=0.05


Tree=195
num_leaves=31
num_cat=0
split_feature=251 228 180 246 272 167 75 250 298 258 167 276 98 314 180 226 226 89 228 212 301 251 251 301 285 301 89 101 180 25
split_gain=0.911725 1.87482 1.95672 2.61064 3.54517 3.82191 3.6897 2.7806 2.41536 1.98107 3.8965 3.00351 3.18562 3.13725 3.65708 2.75859 2.02911 1.98029 1.95905 2.08198 1.86021 1.85066 3.24501 2.59539 1.81724 1.80215 1.73233 1.70709 3.65369 2.85727
threshold=0.0018500000005587938 0.026250000111758712 0.0032500000670552258 0.0022500000195577745 1.0000000180025095e-35 0.015699999406933788 1.0000000180025095e-35 0.0029499999945983295 1.0000000180025095e-35 1.0000000180025095e-35 0.0011500000255182388 0.0013499999768100681 0.0012500000302679839 1.0000000180025095e-35 1.0000000180025095e-35 0.021650000475347046 0.033950001001358039 0.0022500000195577745 0.0028499999316409235 0.0016499999910593035 0.010149999987334015 0.0050500000361353168 0.0038499999791383748 0.0010500000207684936 1.0000000180025095e-35 0.0010500000207684936 0.0052499999292194852 0.0058500000741332778 0.0012500000302679839 0.0010500000207684936
decision_type=2 2 2 2 2 2 2 2 2 2 2 2 2 2 2 2 2 2 2 2 2 2 2 2 2 2 2 2 2 2
left_child=24 2 3 4 5 8 7 -6 9 10 15 12 -12 26 -15 18 -17 25 19 21 -19 22 23 -2 -1 -4 -13 28 -5 -30
right_child=1 -3 17 27 6 -7 -8 -9 -10 -11 11 13 -14 14 -16 16 -18 20 -20 -21 -22 -23 -24 -25 -26 -27 -28 -29 29 -31
leaf_value=-0.0013706828913738309 0.046290046588361028 0.039468515673208471 0.031993711789950231 0.058948523358567775 -0.050230831673299753 -0.055497031954709425 0.04108986834986432 0.030072838836298493 -0.042967343834859235 0.034452985241650344 -0.056854459672110273 0.047444300132916811 0.012687625101731968 -0.06705676808333863 0.010502910036209392 -0.040855997125065484 0.034787034550807776 -0.032495661091354412 0.072400431638785692 0.049772210970489485 0.015303563551743893 0.039708568422628987 -0.047482034925124907 -0.0083713231646323893 0.07408291535876127 -0.028420152861936894 -0.016752768664568179 0.0060834961755166219 -0.045860896435220316 0.025925925601020625
leaf_weight=389.23823108835495 3.9484930420294493 3.557112112408503 1.3699024934321666 6.4575421700719762 7.5887680110754427 2.4474292714148751 1.7263073660433281 1.2564518645813221 2.2054370657424434 7.3995673429599256 5.2064205370843437 4.3700988180935365 2.4086461905390024 2.4397019166499376 4.0311165563762188 2.9535655276849857 1.2668159976601598 2.5820623578038058 2.0569142438471308 4.8851566715165964 9.614852032333145 4.4642728194594374 2.5883372155949464 4.8256443850696087 0.79962193686514993 12.479714042681733 1.3835415057837961 12.491979486425405 1.8795452360063789 5.2800281124946196
leaf_count=5611 26 116 12 90 66 67 21 38 31 165 32 33 15 19 46 27 19 46 14 43 169 29 15 30 9 146 12 233 28 63
internal_value=-2.44745e-05 0.00368851 0.00264193 0.00595313 0.000886108 0.00567268 -0.0257741 -0.0388238 0.0083255 0.0104116 0.00661268 -0.0102094 -0.0348583 0.00514526 -0.0187395 0.0189785 -0.0181505 -0.0095065 0.0258606 0.0212387 0.00518456 0.0124314 0.00171436 0.0162271 -0.00121599 -0.0224445 0.0320072 0.0194319 0.0316774 0.00708031
internal_weight=515.203 125.165 121.608 95.5618 69.4527 58.8812 10.5715 8.84522 56.4337 54.2283 46.8287 19.8395 7.61507 12.2245 6.47082 26.9892 4.22038 26.0465 22.7688 20.7119 12.1969 15.8267 11.3625 8.77414 390.038 13.8496 5.75364 26.1091 13.6171 7.15957
internal_count=7271 1651 1535 1162 748 623 125 104 556 525 360 157 47 110 65 203 46 373 157 143 215 100 71 56 5620 158 45 414 181 91
is_linear=0
shrinkage=0.05


Tree=196
num_leaves=31
num_cat=0
split_feature=39 260 126 205 233 104 219 186 224 245 265 42 240 265 254 272 112 226 167 291 183 210 156 110 226 313 221 265 101 255
split_gain=0.890075 1.02718 0.96983 1.79384 1.61714 2.3471 1.68936 1.57632 1.63814 2.35966 1.87323 1.56361 2.26524 1.44352 1.44537 2.04149 1.96469 1.56249 1.83855 1.76659 1.50815 1.36057 1.35192 1.66324 2.11495 2.09762 2.67183 1.97487 3.12729 2.29739
threshold=0.0037000000011175875 0.028850000351667408 0.022750000469386581 0.040599999949336059 0.0020500000100582842 0.0029499999945983295 0.0031500000040978198 0.0010500000207684936 0.0013499999768100681 0.1508000046014786 0.0013499999768100681 0.0010500000207684936 0.01264999993145466 0.0047500000800937423 0.032150000333786018 0.0010500000207684936 0.0031500000040978198 0.036300001665949828 0.0065500000491738328 1.0000000180025095e-35 0.0031500000040978198 1.0000000180025095e-35 1.0000000180025095e-35 1.0000000180025095e-35 0.018550000153481964 0.0024500000290572648 0.030949999578297142 0.0084500000812113302 0.0014499999815598132 0.0023500000825151805
decision_type=2 2 2 2 2 2 2 2 2 2 2 2 2 2 2 2 2 2 2 2 2 2 2 2 2 2 2 2 2 2
left_child=1 2 3 7 5 -4 -6 11 10 -10 -9 22 -13 -12 15 17 -17 19 21 20 -15 -19 23 25 27 -1 -27 -25 -29 -30
right_child=-2 -3 4 -5 6 -7 -8 8 9 -11 13 12 -14 14 -16 16 -18 18 -20 -21 -22 -23 -24 24 -26 26 -28 28 29 -31
leaf_value=-0.00027208345407438172 -0.051852233962179098 0.043639768903720393 0.066751320154927157 0.066906577752050791 -0.042243716367047532 -0.041846261969722957 0.0070818280755710096 0.055472409606216071 0.055471921255996176 -0.060801149872189431 -0.03511404773442911 -0.054450707126705605 0.060005699826489289 0.0058468573385343373 -0.04656799575932969 0.055259360029413208 0.0029849684424174306 -0.044742300513224566 0.039304344581142903 -0.049823787897922328 0.053529018665385654 0.0059564460752348641 0.021429300519649672 -0.021584879320243319 -0.040589433653884247 0.045528425737463643 -0.028519502732460941 0.052563006987996569 -0.020715506045583185 0.036561039432099027
leaf_weight=414.88427372672595 0.82699732133187254 1.3486515954136837 0.545965407043698 1.0109705634531554 2.0752334217540911 5.6098176246741787 10.615126631688325 1.8391138575971187 3.4914369214384346 0.49866846072836768 2.2400171924382475 2.6295803209068249 0.51733684493228782 4.6572234015911871 1.202145637013017 3.9669635995523995 3.2866397227626294 4.143512205220758 1.1940922473440876 0.94626253889873613 2.5753781832754612 1.9442681735381482 7.0675733778625718 10.55605173768709 5.3725478167179963 5.1164559671306042 1.5989075076649895 2.971777298487722 6.9778642631135863 2.3371233199723065
leaf_count=5466 48 11 5 152 41 158 131 12 68 21 25 53 8 41 11 44 31 36 10 13 24 24 93 212 61 255 77 34 71 35
internal_value=-2.21734e-05 6.13448e-05 -5.34731e-05 0.00037204 -0.0111852 -0.0322146 -0.000984296 0.000235328 0.0109682 0.0409405 0.0066964 -0.000510928 -0.0356347 0.00326686 0.00686162 0.00968935 0.0315736 -0.000577923 -0.0174236 0.0144202 0.0228255 -0.0285505 -0.000269002 -0.00060993 -0.0123626 0.000176615 0.0278978 -0.00572381 0.00790307 -0.00634486
internal_weight=514.048 513.221 511.872 493.026 18.8461 6.15578 12.6904 492.015 31.9857 3.99011 27.9956 460.029 3.14692 26.1565 23.9165 22.7143 7.2536 15.4607 7.28187 8.17886 7.2326 6.08778 456.883 449.815 28.2154 421.6 6.71536 22.8428 12.2868 9.31499
internal_count=7271 7223 7212 6877 335 163 172 6725 360 89 271 6365 61 259 234 223 75 148 70 78 65 60 6304 6211 413 5798 332 352 140 106
is_linear=0
shrinkage=0.05


Tree=197
num_leaves=31
num_cat=0
split_feature=212 244 302 195 202 301 245 158 180 149 282 101 158 265 301 308 240 149 265 251 265 154 262 265 180 158 202 278 180 245
split_gain=0.890275 2.06522 2.01694 2.2193 2.7523 3.37328 5.29754 5.10429 4.03302 3.76297 4.66931 4.52591 6.10297 3.75868 4.90866 4.39391 3.94763 3.60276 3.51883 3.49342 3.30432 3.19038 3.08107 3.04012 3.47422 3.01558 2.90207 2.66258 3.24695 3.5759
threshold=1.0000000180025095e-35 0.0027499999850988392 0.0023500000825151805 1.0000000180025095e-35 0.0010500000207684936 0.0023500000825151805 0.0092500001192092913 0.0059500001370906839 0.0022500000195577745 1.0000000180025095e-35 1.0000000180025095e-35 0.0010500000207684936 0.0021499999566003685 1.0000000180025095e-35 0.0013499999768100681 0.0012500000302679839 0.0022500000195577745 0.0028499999316409235 0.0012500000302679839 0.0010500000207684936 0.0074499999172985562 0.0013499999768100681 0.0037500000325962905 0.0071499999612569818 0.0012500000302679839 0.0028499999316409235 0.021049999631941322 0.0011500000255182388 0.00075000003562308859 0.0022500000195577745
decision_type=2 2 2 2 2 2 2 2 2 2 2 2 2 2 2 2 2 2 2 2 2 2 2 2 2 2 2 2 2 2
left_child=1 2 3 4 5 7 27 9 -8 11 -11 12 13 14 15 19 -16 21 -15 -1 -20 -9 23 -6 -25 -14 -24 -7 29 -29
right_child=-2 -3 -4 -5 22 6 8 17 -10 10 -12 -13 25 18 16 -17 -18 -19 20 -21 -22 -23 26 24 -26 -27 -28 28 -30 -31
leaf_value=-0.020537030947069098 0.0016973919957359246 0.079733846690817026 -0.053388402799557935 0.012643796431245009 -0.031077867055231512 -0.021000716133328889 0.068505736170938025 0.057121622943477383 -0.010277618059684362 -0.040310734957548583 0.10925534938521619 -0.058617571359653765 0.15905229155103728 0.054180046517536398 0.067338282292890933 0.079664123515879232 -0.036874236130616356 -0.014056556283086934 0.0033306654413762407 0.0098593379885515836 0.072113045997643913 0.17809686353232571 0.080948378279539726 0.028744957119797177 -0.027157405575094974 0.04076000262309247 -0.021193841688087391 -0.023612604901323907 -0.020666776188526484 0.08808459616975875
leaf_weight=28.888600735110231 305.15219850021822 0.75983288139104743 1.9554630588681892 21.982513521565124 22.723620461358223 42.516549631254748 3.4623286682181051 1.6631588595919309 3.0601965507958084 7.5491830530809221 0.5605765243526547 2.6364232671912751 0.91860395949333851 6.1793538791826021 4.0036811067257068 1.3922067321836937 1.1755549800582228 1.0424549122108144 16.530829465715218 14.049655373208223 1.9523093920433883 0.81061623152345408 1.512400223873555 5.5658460278063995 5.5514185337815434 1.3029464143328366 1.2873113974928854 1.0934315929189318 3.4159252559766173 2.0788235422223806
leaf_count=725 4095 9 40 202 445 526 33 23 36 383 10 44 7 66 50 13 8 62 149 85 24 10 12 58 57 16 13 10 43 17
internal_value=-2.10995e-05 -0.00254685 -0.00284908 -0.00236677 -0.00417064 -0.00110115 -0.010794 0.00484648 0.0315427 0.00246323 -0.0299722 0.00579163 0.00801445 0.00556866 -0.00237536 -0.00775667 0.0436847 0.0639086 0.0215162 -0.0105912 0.0105959 0.0967633 -0.0164252 -0.0205956 0.00083005 0.0896735 0.0339832 -0.0164176 0.0131595 0.0495841
internal_weight=512.774 207.622 206.862 204.907 182.924 146.283 55.6273 90.6562 6.52253 87.1399 8.10976 79.0302 76.3937 74.1722 49.5097 44.3305 5.17924 3.51623 24.6625 42.9383 18.4831 2.47378 36.6406 33.8409 11.1173 2.22155 2.79971 49.1047 6.58818 3.17226
internal_count=7271 3176 3167 3127 2925 2340 665 1675 69 1580 393 1187 1143 1120 881 823 58 95 239 810 173 33 585 560 115 23 25 596 70 27
is_linear=0
shrinkage=0.05


Tree=198
num_leaves=31
num_cat=0
split_feature=123 123 289 262 189 301 232 89 245 276 226 276 176 217 228 245 64 133 259 100 43 177 183 226 175 254 276 282 276 233
split_gain=0.888546 2.67837 2.31649 2.58345 2.40988 2.46278 2.41378 2.7449 2.60265 3.71595 2.41801 2.6264 2.35726 2.33773 2.69721 2.38191 2.176 2.00183 1.91025 1.80263 1.69018 1.64034 3.09811 3.15588 2.4358 2.38778 2.23029 3.471 3.13564 4.14771
threshold=0.0031500000040978198 0.0029499999945983295 1.0000000180025095e-35 0.014650000259280207 0.0014499999815598132 0.061450000852346427 0.0095500000752508658 0.012249999679625036 0.0092500001192092913 0.0016499999910593035 0.0064499999862164268 0.0094499997794628161 0.0057500000111758718 0.0015499999863095584 1.0000000180025095e-35 0.0029499999945983295 0.045099999755620963 0.0011500000255182388 0.0030000001424923543 0.0048500001430511483 0.00335000001359731 0.0077499998733401307 1.0000000180025095e-35 0.05334999971091748 0.0028499999316409235 0.013849999755620958 0.0069500000681728133 0.0014499999815598132 0.012149999849498274 1.0000000180025095e-35
decision_type=2 2 2 2 2 2 2 2 2 2 2 2 2 2 2 2 2 2 2 2 2 2 2 2 2 2 2 2 2 2
left_child=1 19 3 4 13 6 7 8 9 -6 -11 -12 20 14 16 17 18 -16 -2 21 -7 26 -23 25 -25 -24 27 -1 29 -28
right_child=2 -3 -4 -5 5 12 -8 -9 -10 10 11 -13 -14 -15 15 -17 -18 -19 -20 -21 -22 22 23 24 -26 -27 28 -29 -30 -31
leaf_value=0.0011689474508713442 -0.047770620275776415 0.050725539952374901 0.0042367273190935728 0.044681353237400454 -0.023678862452624377 -0.047228991269095938 0.040458104221214646 -0.058466796482248631 -0.042414248124129 0.059370280791220226 -0.031379390791254312 0.052152824058722506 0.036005254773591719 0.048509559681823244 0.062550786891897928 -0.026085139995317322 0.096189786525939194 -0.032683041360006763 0.033320631750210349 0.070049402500236307 0.0012620343991828575 -0.034688054240865178 0.038358290410902468 -0.026817218576809666 0.057429327355223873 -0.040598025682097839 0.031594179364161784 -0.01981374006702814 -0.0015444552822790718 -0.022295365803094082
leaf_weight=307.80613792093936 13.8498490115162 2.6913455335306926 44.900571884791134 2.0082154879346481 4.2857454929035255 6.3845344154397008 4.0553504377603522 1.9393011063802976 2.443103799596428 4.3384275082498771 2.1689725876785819 1.6621150204446165 1.410199750214814 1.0219084173440922 1.8566636099712917 4.296560525894165 0.28412885614670891 0.78515036543831218 0.7664321329211824 0.93441005930071597 2.5009213851299137 9.3357080388814229 6.1257959249196601 8.256191463049614 0.95748325184104111 1.1349555956549009 22.3340630804305 21.057700401812326 25.575476858328329 4.2500515654683104
leaf_count=3832 531 44 690 16 79 77 46 43 45 57 52 21 14 15 30 60 7 23 37 23 42 112 68 173 57 11 250 250 508 58
internal_value=-2.36171e-05 0.00101 -0.00422591 -0.0110043 -0.0130733 -0.0040343 0.00582873 -0.00251176 0.00477184 0.0140274 0.0338082 0.00486101 -0.0240494 -0.025405 -0.0288638 -0.00311337 -0.0408544 0.0342472 -0.0435184 0.000681864 -0.0335806 0.000522541 -0.011676 0.0013644 -0.0180623 0.0260163 0.00134886 -0.000174609 0.0109543 0.0229788
internal_weight=511.417 410.459 100.958 56.0576 54.0494 31.1887 20.893 16.8377 14.8984 12.4553 8.16952 3.83109 10.2957 22.8607 21.8388 6.93837 14.9004 2.64181 14.6163 407.768 8.88546 406.834 25.8101 16.4744 9.21367 7.26075 381.023 328.864 52.1596 26.5841
internal_count=7271 5386 1885 1195 1179 476 343 297 254 209 130 73 133 703 688 113 575 53 568 5342 119 5319 421 309 230 79 4898 4082 816 308
is_linear=0
shrinkage=0.05


Tree=199
num_leaves=31
num_cat=0
split_feature=215 112 255 289 262 276 265 176 176 91 186 180 67 53 220 53 226 119 304 6 240 135 132 123 189 189 91 123 226 301
split_gain=0.890735 1.85933 1.76162 1.15357 1.14161 2.26782 2.22489 3.42886 1.87016 1.76295 1.42994 1.31991 1.80567 1.63104 2.6208 1.84778 2.65622 1.57336 2.57073 2.24718 2.10904 2.78656 2.35618 2.18963 2.80549 2.29088 2.21528 2.25059 2.94959 2.11494
threshold=0.066149998456239714 0.0042499999981373557 0.0010500000207684936 0.016300000250339512 0.0064499999862164268 0.022650000639259819 0.0028499999316409235 0.020899999886751178 0.030050000175833706 0.0012500000302679839 0.063349999487400069 0.021250000223517421 1.0000000180025095e-35 0.0080500002950429934 0.0080500002950429934 0.0070500001311302194 0.0027499999850988392 0.002650000038556755 0.0024500000290572648 0.0040500001050531873 0.10119999945163728 0.0063500001560896644 0.0012500000302679839 0.0031500000040978198 0.0045499999541789302 0.0049499999731779107 0.0022500000195577745 0.0059500001370906839 0.043850000947713859 0.025249999947845939
decision_type=2 2 2 2 2 2 2 2 2 2 2 2 2 2 2 2 2 2 2 2 2 2 2 2 2 2 2 2 2 2
left_child=4 2 -2 -3 8 6 -6 -8 10 -10 11 12 13 15 -15 17 -17 20 19 -19 23 22 -22 29 26 -26 27 -25 -29 -1
right_child=1 3 -4 -5 5 -7 7 -9 9 -11 -12 -13 -14 14 -16 16 -18 18 -20 -21 21 -23 -24 24 25 -27 -28 28 -30 -31
leaf_value=-0.00020380198677500211 -0.041374584193903448 -0.03853297813732301 0.031925937581710633 0.034799526226269958 -0.038359537319365672 -0.039969387088892326 0.039397885862879171 -0.063367545160658817 0.045631437170810314 -0.033536089565484213 -0.073226377108556159 0.020788295913131874 -0.030037686207883042 -0.04773830222208273 0.031361716797436191 -0.058112673150115313 0.066002935946624097 -0.015728921408693624 0.051715373093239425 0.0053815881976243332 0.049915658225762848 -0.086136397775126883 -0.0090466665299669194 -0.041189529951095691 0.089796639019915178 0.0054952922358997881 0.028119344702221973 -0.017074876937406256 0.066700589670843052 0.0095730459496040799
leaf_weight=285.5151797280123 0.91080634854733844 2.2505591135704885 8.1914437659434025 0.70404172610142257 2.3266065842471999 5.3439558134123217 4.3485430801520124 0.99798487708903838 3.8823580218013367 0.85875893454067398 0.67061632499098678 7.4008357884013085 5.1151987178018308 4.0560977704590178 1.4116213885135946 0.53797692165244315 2.1693013707408682 41.460432402323931 1.777210163505514 18.113585828337818 5.7691826911031932 0.52595566026866514 2.3988520494749537 10.176754985586745 0.92483517620712419 6.2658277726732194 2.3105371948331586 13.888217032421379 1.1366652026772488 68.606170318904333
leaf_count=3393 16 44 218 19 35 94 61 9 52 9 4 170 70 362 17 33 24 664 78 284 207 3 72 162 6 77 63 276 11 738
internal_value=-2.42584e-05 0.0134044 0.0245912 -0.0210588 -0.000349381 -0.0149618 0.0024548 0.0202157 4.2829e-05 0.0312918 -0.000265679 -0.000163651 -0.000492061 -0.000168469 -0.0273168 0.000153123 0.0413393 -8.98712e-05 -0.00754246 -0.00931023 0.00106033 0.0254161 0.0325991 0.000515742 -0.0114702 0.0163378 -0.0187382 -0.0230342 -0.0107371 0.00169033
internal_weight=510.046 12.0569 9.10225 2.9546 497.989 13.0171 7.67313 5.34653 484.972 4.74112 480.231 479.56 472.16 467.044 5.46772 461.577 2.70728 458.869 61.3512 59.574 397.518 8.69399 8.16803 388.824 34.7028 7.19066 27.5122 25.2016 15.0249 354.121
internal_count=7271 297 234 63 6974 199 105 70 6775 61 6714 6710 6540 6470 379 6091 57 6034 1026 948 5008 282 279 4726 595 83 512 449 287 4131
is_linear=0
shrinkage=0.05


end of trees

feature_importances:
Column_149=190
Column_254=157
Column_265=149
Column_226=147
Column_276=143
Column_240=140
Column_251=137
Column_89=136
Column_301=110
Column_126=109
Column_288=105
Column_108=102
Column_25=100
Column_245=99
Column_123=97
Column_189=92
Column_302=92
Column_180=91
Column_158=86
Column_257=86
Column_53=84
Column_112=83
Column_228=83
Column_50=82
Column_101=82
Column_314=82
Column_183=78
Column_255=78
Column_246=74
Column_278=74
Column_279=73
Column_203=69
Column_212=68
Column_232=67
Column_215=65
Column_225=63
Column_104=62
Column_154=61
Column_163=61
Column_133=58
Column_195=58
Column_304=57
Column_6=54
Column_310=54
Column_202=51
Column_110=48
Column_219=48
Column_177=46
Column_167=45
Column_186=45
Column_43=44
Column_206=44
Column_176=43
Column_259=43
Column_313=38
Column_91=37
Column_280=37
Column_214=35
Column_98=34
Column_119=34
Column_124=34
Column_230=34
Column_220=32
Column_262=32
Column_272=31
Column_223=30
Column_181=29
Column_164=27
Column_289=27
Column_253=26
Column_308=26
Column_234=25
Column_205=24
Column_224=24
Column_135=23
Column_217=23
Column_111=22
Column_179=22
Column_307=22
Column_75=21
Column_100=21
Column_162=21
Column_221=21
Column_297=21
Column_166=20
Column_282=20
Column_47=19
Column_67=19
Column_92=19
Column_185=18
Column_258=17
Column_244=16
Column_122=15
Column_170=15
Column_218=15
Column_231=15
Column_260=15
Column_156=14
Column_210=14
Column_298=14
Column_2=13
Column_39=13
Column_24=12
Column_32=12
Column_42=12
Column_107=12
Column_132=12
Column_168=12
Column_64=11
Column_87=11
Column_0=10
Column_36=10
Column_115=10
Column_233=10
Column_238=10
Column_247=10
Column_269=10
Column_292=10
Column_151=9
Column_175=9
Column_236=9
Column_309=9
Column_95=8
Column_120=8
Column_96=7
Column_173=7
Column_211=7
Column_227=7
Column_26=6
Column_38=6
Column_160=6
Column_250=6
Column_291=6
Column_22=5
Column_59=5
Column_174=5
Column_213=5
Column_242=5
Column_287=5
Column_1=4
Column_62=4
Column_143=4
Column_293=4
Column_54=3
Column_68=3
Column_209=3
Column_285=3
Column_299=3
Column_15=2
Column_61=2
Column_74=2
Column_113=2
Column_136=2
Column_157=2
Column_188=2
Column_222=2
Column_229=2
Column_264=2
Column_267=2
Column_277=2
Column_18=1
Column_30=1
Column_33=1
Column_37=1
Column_44=1
Column_48=1
Column_70=1
Column_129=1
Column_137=1
Column_169=1
Column_274=1
Column_300=1

parameters:
[boosting: gbdt]
[objective: binary]
[metric: auc]
[tree_learner: serial]
[device_type: cpu]
[data_sample_strategy: bagging]
[data: ]
[valid: ]
[num_iterations: 200]
[learning_rate: 0.05]
[num_leaves: 31]
[num_threads: 0]
[seed: 314]
[deterministic: 0]
[force_col_wise: 0]
[force_row_wise: 0]
[histogram_pool_size: -1]
[max_depth: -1]
[min_data_in_leaf: 10]
[min_sum_hessian_in_leaf: 0.001]
[bagging_fraction: 0.9]
[pos_bagging_fraction: 1]
[neg_bagging_fraction: 1]
[bagging_freq: 0]
[bagging_seed: 314]
[bagging_by_query: 0]
[feature_fraction: 0.9]
[feature_fraction_bynode: 1]
[feature_fraction_seed: 314]
[extra_trees: 0]
[extra_seed: 32374]
[early_stopping_round: 0]
[early_stopping_min_delta: 0]
[first_metric_only: 0]
[max_delta_step: 0]
[lambda_l1: 0]
[lambda_l2: 0]
[linear_lambda: 0]
[min_gain_to_split: 0]
[drop_rate: 0.1]
[max_drop: 50]
[skip_drop: 0.5]
[xgboost_dart_mode: 0]
[uniform_drop: 0]
[drop_seed: 27260]
[top_rate: 0.2]
[other_rate: 0.1]
[min_data_per_group: 100]
[max_cat_threshold: 32]
[cat_l2: 10]
[cat_smooth: 10]
[max_cat_to_onehot: 4]
[top_k: 20]
[monotone_constraints: ]
[monotone_constraints_method: basic]
[monotone_penalty: 0]
[feature_contri: ]
[forcedsplits_filename: ]
[refit_decay_rate: 0.9]
[cegb_tradeoff: 1]
[cegb_penalty_split: 0]
[cegb_penalty_feature_lazy: ]
[cegb_penalty_feature_coupled: ]
[path_smooth: 0]
[interaction_constraints: ]
[verbosity: -1]
[saved_feature_importance_type: 0]
[use_quantized_grad: 0]
[num_grad_quant_bins: 4]
[quant_train_renew_leaf: 0]
[stochastic_rounding: 1]
[linear_tree: 0]
[max_bin: 255]
[max_bin_by_feature: ]
[min_data_in_bin: 3]
[bin_construct_sample_cnt: 200000]
[data_random_seed: 314]
[is_enable_sparse: 1]
[enable_bundle: 1]
[use_missing: 1]
[zero_as_missing: 0]
[feature_pre_filter: 1]
[pre_partition: 0]
[two_round: 0]
[header: 0]
[label_column: ]
[weight_column: ]
[group_column: ]
[ignore_column: ]
[categorical_feature: ]
[forcedbins_filename: ]
[precise_float_parser: 0]
[parser_config_file: ]
[objective_seed: 3599]
[num_class: 1]
[is_unbalance: 0]
[scale_pos_weight: 1]
[sigmoid: 1]
[boost_from_average: 1]
[reg_sqrt: 0]
[alpha: 0.9]
[fair_c: 1]
[poisson_max_delta_step: 0.7]
[tweedie_variance_power: 1.5]
[lambdarank_truncation_level: 30]
[lambdarank_norm: 1]
[label_gain: ]
[lambdarank_position_bias_regularization: 0]
[eval_at: ]
[multi_error_top_k: 1]
[auc_mu_weights: ]
[num_machines: 1]
[local_listen_port: 12400]
[time_out: 120]
[machine_list_filename: ]
[machines: ]
[gpu_platform_id: -1]
[gpu_device_id: -1]
[gpu_use_dp: 0]
[num_gpu: 1]

end of parameters

pandas_categorical:null
