tree
version=v4
num_class=1
num_tree_per_iteration=1
label_index=0
max_feature_idx=313
objective=binary sigmoid:1
feature_names=Column_0 Column_1 Column_2 Column_3 Column_4 Column_5 Column_6 Column_7 Column_8 Column_9 Column_10 Column_11 Column_12 Column_13 Column_14 Column_15 Column_16 Column_17 Column_18 Column_19 Column_20 Column_21 Column_22 Column_23 Column_24 Column_25 Column_26 Column_27 Column_28 Column_29 Column_30 Column_31 Column_32 Column_33 Column_34 Column_35 Column_36 Column_37 Column_38 Column_39 Column_40 Column_41 Column_42 Column_43 Column_44 Column_45 Column_46 Column_47 Column_48 Column_49 Column_50 Column_51 Column_52 Column_53 Column_54 Column_55 Column_56 Column_57 Column_58 Column_59 Column_60 Column_61 Column_62 Column_63 Column_64 Column_65 Column_66 Column_67 Column_68 Column_69 Column_70 Column_71 Column_72 Column_73 Column_74 Column_75 Column_76 Column_77 Column_78 Column_79 Column_80 Column_81 Column_82 Column_83 Column_84 Column_85 Column_86 Column_87 Column_88 Column_89 Column_90 Column_91 Column_92 Column_93 Column_94 Column_95 Column_96 Column_97 Column_98 Column_99 Column_100 Column_101 Column_102 Column_103 Column_104 Column_105 Column_106 Column_107 Column_108 Column_109 Column_110 Column_111 Column_112 Column_113 Column_114 Column_115 Column_116 Column_117 Column_118 Column_119 Column_120 Column_121 Column_122 Column_123 Column_124 Column_125 Column_126 Column_127 Column_128 Column_129 Column_130 Column_131 Column_132 Column_133 Column_134 Column_135 Column_136 Column_137 Column_138 Column_139 Column_140 Column_141 Column_142 Column_143 Column_144 Column_145 Column_146 Column_147 Column_148 Column_149 Column_150 Column_151 Column_152 Column_153 Column_154 Column_155 Column_156 Column_157 Column_158 Column_159 Column_160 Column_161 Column_162 Column_163 Column_164 Column_165 Column_166 Column_167 Column_168 Column_169 Column_170 Column_171 Column_172 Column_173 Column_174 Column_175 Column_176 Column_177 Column_178 Column_179 Column_180 Column_181 Column_182 Column_183 Column_184 Column_185 Column_186 Column_187 Column_188 Column_189 Column_190 Column_191 Column_192 Column_193 Column_194 Column_195 Column_196 Column_197 Column_198 Column_199 Column_200 Column_201 Column_202 Column_203 Column_204 Column_205 Column_206 Column_207 Column_208 Column_209 Column_210 Column_211 Column_212 Column_213 Column_214 Column_215 Column_216 Column_217 Column_218 Column_219 Column_220 Column_221 Column_222 Column_223 Column_224 Column_225 Column_226 Column_227 Column_228 Column_229 Column_230 Column_231 Column_232 Column_233 Column_234 Column_235 Column_236 Column_237 Column_238 Column_239 Column_240 Column_241 Column_242 Column_243 Column_244 Column_245 Column_246 Column_247 Column_248 Column_249 Column_250 Column_251 Column_252 Column_253 Column_254 Column_255 Column_256 Column_257 Column_258 Column_259 Column_260 Column_261 Column_262 Column_263 Column_264 Column_265 Column_266 Column_267 Column_268 Column_269 Column_270 Column_271 Column_272 Column_273 Column_274 Column_275 Column_276 Column_277 Column_278 Column_279 Column_280 Column_281 Column_282 Column_283 Column_284 Column_285 Column_286 Column_287 Column_288 Column_289 Column_290 Column_291 Column_292 Column_293 Column_294 Column_295 Column_296 Column_297 Column_298 Column_299 Column_300 Column_301 Column_302 Column_303 Column_304 Column_305 Column_306 Column_307 Column_308 Column_309 Column_310 Column_311 Column_312 Column_313
feature_infos=[0:0.17520000040531158] [0:0.19419999420642853] [0:0.61659997701644897] [0:0.15569999814033508] [0:0.02370000071823597] [0:0.043600000441074371] [0:0.98930001258850098] [0:0.0043000001460313797] [0:0.0063000000081956387] [0:0.0017000000225380063] [0:0.0035000001080334187] [0:0.012600000016391277] [0:0.00559999980032444] [0:0.076700001955032349] [0:0.073499999940395355] [0:0.0348999984562397] [0:0.39590001106262207] [0:0.16570000350475311] [0:0.035100001841783524] [0:0.017899999395012856] [0:0.11599999666213989] [0:0.019300000742077827] [0:0.11640000343322754] [0:0.037000000476837158] [0:0.067000001668930054] [0:0.19169999659061432] [0:0.024599999189376831] [0:0.82639998197555542] [0:0.002199999988079071] [0:0.089299999177455902] [0:0.12259999662637711] none [0:0.93760001659393311] [0:0.25360000133514404] [0:0.010200000368058681] [0:0.055199999362230301] [0:0.59140002727508545] [0:0.026599999517202377] [0:0.0625] [0:0.59460002183914185] [0:0.0062000001780688763] none [0:0.089000001549720764] [0:0.17090000212192535] [0:0.3970000147819519] [0:0.021500000730156898] [0:0.19539999961853027] [0:0.16220000386238098] [0:0.30619999766349792] [0:0.63999998569488525] [0:0.85519999265670776] [0:0.2484000027179718] [0:0.023199999704957008] [0:0.5065000057220459] [0:0.68290001153945923] [0:0.12110000103712082] [0:0.0097000002861022949] [0:0.021299999207258224] [0:0.01119999960064888] [0:0.048500001430511475] [0:0.0012000000569969416] [0:0.80180001258850098] [0:0.90439999103546143] [0:0.05469999834895134] [0:0.72229999303817749] none [0:0.10339999943971634] [0:0.16990000009536743] [0:0.56319999694824219] [0:0.048799999058246613] [0:0.17299999296665192] [0:0.11550000309944153] [0:0.013799999840557575] [0:0.0098000001162290573] [0:0.0052000000141561031] [0:0.16869999468326569] none [0:0.042199999094009399] [0:0.0082999998703598976] [0:0.20749999582767487] none none [0:0.0030000000260770321] [0:0.0035000001080334187] [0:0.011500000022351742] [0:0.0086000002920627594] [0:0.11069999635219574] [0:0.0062000001780688763] [0:0.10119999945163727] [0:0.0044999998062849045] [0:0.63249999284744263] [0:0.10899999737739563] [0:0.87309998273849487] [0:0.073799997568130493] [0:0.035799998790025711] [0:0.10320000350475311] [0:0.34610000252723694] [0:0.01940000057220459] [0:0.12160000205039978] [0:0.70810002088546753] none [0:0.098700001835823059] [0:0.95279997587203979] [0:0.033799998462200165] [0:0.035500001162290573] [0:0.7150999903678894] [0:0.0068000000901520252] none [0:0.29359999299049377] [0:0.030300000682473183] [0:0.0024000001139938831] [0:0.61879998445510864] [0:0.14460000395774841] [0:0.27900001406669617] [0:0.13470000028610229] [0:0.013000000268220901] [0:0.71100002527236938] [0:0.0082000000402331352] [0:0.0082000000402331352] [0:0.55000001192092896] [0:0.95779997110366821] [0:0.093199998140335083] [0:0.009100000374019146] [0:0.9440000057220459] [0:0.93730002641677856] [0:0.75760000944137573] [0:0.0086000002920627594] [0:0.4828999936580658] [0:0.023299999535083771] [0:0.10040000081062317] [0:0.35649999976158142] [0:0.064699999988079071] none [0:0.14030000567436218] [0:0.93279999494552612] [0:0.3345000147819519] [0:0.12300000339746475] [0:0.070900000631809235] [0:0.037799999117851257] [0:0.01510000042617321] [0:0.0076999999582767487] [0:0.12839999794960022] [0:0.057599999010562897] none [0:0.42680001258850098] [0:0.011599999852478504] [0:0.0063000000081956387] [0:0.1867000013589859] [0:0.50169998407363892] [0:0.0024000001139938831] [0:0.88650000095367432] none [0:0.11620000004768372] [0:0.0060000000521540642] [0:0.02070000022649765] [0:0.84859997034072876] [0:0.0094999996945261955] [0:0.08190000057220459] [0:0.26519998908042908] [0:0.99260002374649048] [0:0.010900000110268593] [0:0.6841999888420105] [0:0.056699998676776886] [0:0.99900001287460327] [0:0.99900001287460327] [0:0.016000000759959221] [0:0.99900001287460327] [0:0.99900001287460327] [0:0.34790000319480896] [0:0.74570000171661377] [0:0.19329999387264252] [0:0.125] [0:0.061900001019239426] [0:0.63599997758865356] [0:0.52939999103546143] [0:0.52630001306533813] [0:0.67640000581741333] [0:0.088899999856948853] [0:0.50770002603530884] [0:0.99900001287460327] [0:0.15199999511241913] none [0:0.78990000486373901] [0:0.17980000376701355] [0:0.28529998660087585] [0:0.80159997940063477] [0:0.37439998984336853] [0:0.2840999960899353] [0:0.98989999294281006] [0:0.029600000008940697] [0:0.95260000228881836] [0:0.081200003623962402] [0:0.11129999905824661] [0:0.61150002479553223] [0:0.52100002765655518] [0:0.059099998325109482] [0:0.12259999662637711] [0:0.047699999064207077] [0:0.070000000298023224] [0:0.29030001163482666] [0:0.027400000020861626] [0:0.85379999876022339] [0:0.87379997968673706] [0:0.0035000001080334187] [0:0.99390000104904175] [0:0.76660001277923584] [0:0.34920001029968262] [0:0.61580002307891846] [0:0.41969999670982361] [0:0.79640001058578491] [0:0.51639997959136963] [0:0.96410000324249268] [0:0.91100001335144043] [0:0.48769998550415039] [0:0.92059999704360962] [0:0.081799998879432678] [0:0.98720002174377441] [0:0.5964999794960022] [0:0.97509998083114624] [0:0.95630002021789551] [0:0.99390000104904175] [0:0.18250000476837158] [0:0.14329999685287476] [0:0.37349998950958252] [0:0.44980001449584961] [0:0.92360001802444458] [0:0.68620002269744873] [0:0.4984000027179718] [0:0.7304999828338623] [0:0.58550000190734863] [0:0.96429997682571411] [0:0.92820000648498535] [0:0.63569998741149902] [0:0.99519997835159302] [0:0.84229999780654907] [0:0.92140001058578491] [0:0.096799999475479126] [0:0.91530001163482666] [0:0.57910001277923584] [0:0.81690001487731934] [0:0.76359999179840088] [0:0.88730001449584961] [0:0.0074999998323619366] [0:0.43209999799728394] [0:0.64099997282028198] [0:0.92779999971389771] [0:0.63919997215270996] [0:0.22259999811649323] [0:0.2533000111579895] [0:0.94989997148513794] [0:0.40139999985694885] [0:0.68949997425079346] [0:0.59439998865127563] [0:0.48710000514984131] [0:0.91930001974105835] [0:0.19799999892711639] [0:0.99900001287460327] [0:0.99900001287460327] [0:0.78810000419616699] [0:0.034200001507997513] [0:0.40610000491142273] [0:0.85909998416900635] [0:0.90920001268386841] [0:0.98430001735687256] [0:0.15399999916553497] none [0:0.89899998903274536] [0:0.01360000018030405] [0:0.65880000591278076] [0:0.014899999834597111] [0:0.16079999506473541] [0:0.51429998874664307] [0:0.082000002264976501] [0:0.93349999189376831] [0:0.01080000028014183] [0:0.61299997568130493] [0:0.26050001382827759] [0:0.97990000247955322] [0:0.93229997158050537] [0:0.6370999813079834] [0:0.28009998798370361] [0:0.39660000801086426] [0:0.0060999998822808266] [0:0.0082000000402331352] [0:0.10899999737739563] [0:0.59350001811981201] [0:0.11800000071525574] [0:0.76770001649856567] [0:0.45519998669624329] [0:0.1031000018119812] [0:0.70459997653961182] [0:0.1988999992609024] [0:0.29030001163482666] [0:0.031599998474121094] [0:0.33559998869895935] [0:0.10209999978542328] [0:0.83009999990463257] [0:0.99229997396469116] [0:0.16809999942779541] [0:0.29809999465942383] [0:0.98680001497268677] [0:0.44279998540878296] [0:0.3986000120639801] [0:0.52249997854232788] [0:0.45910000801086426] none [0:0.038699999451637268] [0:0.17430000007152557] [0:0.1598999947309494] [0:0.99900001287460327] [0:0.12600000202655792] [0:0.89319998025894165] [0:0.9968000054359436] [0:0.86339998245239258]
tree_sizes=1756 1772 1754 1771 1778 1774 1764 1768 1774 1770 1762 1766 1781 1764 1787 1771 1770 1765 1770 1778 1786 1779 1783 1771 1786 1772 1778 1775 1783 1790 1771 1771 1775 1770 1774 1774 1776 1770 1780 1788 1784 1769 1784 1783 1780 1782 1774 1776 1788 1779 1787 1784 1785 1780 1777 1769 1766 1773 1765 1775 1780 1768 1776 1773 1778 1776 1784 1781 1773 1774 1782 1777 1781 1775 1773 1765 1769 1776 1767 1756 1778 1786 1782 1780 1776 1772 1768 1775 1773 1774 1775 1772 1783 1774 1769 1781 1779 1777 1781 1792 1763 1784 1760 1769 1772 1774 1789 1777 1782 1780 1767 1766 1767 1760 1785 1773 1771 1782 1777 1777 1770 1775 1772 1776 1764 1768 1785 1778 1780 1782 1772 1782 1782 1766 1783 1779 1774 1779 1777 1785 1777 1774 1775 1780 1774 1774 1767 1766 1768 1784

Tree=0
num_leaves=15
num_cat=0
split_feature=301 278 250 301 33 263 159 50 105 218 50 244 250 263
split_gain=938.307 198.622 123.553 84.7916 66.9542 57.6984 73.3111 37.0498 33.9427 33.7953 31.9604 29.0073 28.3653 33.0315
threshold=1.0000000180025095e-35 1.0000000180025095e-35 0.0049499999731779107 0.0023500000825151805 1.0000000180025095e-35 0.013950000051409008 0.0014499999815598132 0.0012500000302679839 0.0013499999768100681 0.0011500000255182388 0.0065500000491738328 0.0076500000432133683 0.0017499999958090486 0.002650000038556755
decision_type=2 2 2 2 2 2 2 2 2 2 2 2 2 2
left_child=1 2 5 10 9 7 -7 12 -4 -3 -2 -8 13 -1
right_child=3 4 8 -5 -6 6 11 -9 -10 -11 -12 -13 -14 -15
leaf_value=-0.63309188168484087 -0.5319347396888866 -0.56741658876045376 -0.52247624353151167 -0.49391317049640054 -0.64004694617692992 -0.54345586847496874 -0.63153728464836401 -0.64397296662764003 -0.59653031427557046 -0.5242581223831605 -0.60482069020703899 -0.58671033987187882 -0.58706479728377237 -0.60622200848070951
leaf_weight=144.84627908468246 119.31003338098526 55.884193122386932 31.674661993980408 158.06099021434784 12.947273671627043 37.826506912708282 46.903265058994293 87.078605115413666 14.585938513278959 62.062156319618225 10.347739338874815 45.210155606269836 50.362872898578644 148.73390036821365
leaf_count=470 278 132 79 289 53 99 185 340 44 142 34 144 138 472
internal_value=-0.574898 -0.598792 -0.608422 -0.513638 -0.554117 -0.613613 -0.590274 -0.620659 -0.545676 -0.544626 -0.53778 -0.609499 -0.614735 -0.619499
internal_weight=1025.83 738.116 607.222 287.719 130.894 560.962 129.94 431.022 46.2606 117.946 129.658 92.1134 343.943 293.58
internal_count=2899 2298 1971 601 327 1848 428 1420 123 274 312 329 1080 942
is_linear=0
shrinkage=1


Tree=1
num_leaves=15
num_cat=0
split_feature=301 278 250 301 309 33 50 263 105 253 105 218 223 50
split_gain=836.333 180.679 112.636 72.809 61.8142 60.5715 52.9927 46.5806 40.5962 39.357 30.0498 29.682 29.6104 28.3945
threshold=1.0000000180025095e-35 1.0000000180025095e-35 0.0049499999731779107 0.0023500000825151805 0.0030000001424923543 1.0000000180025095e-35 0.0012500000302679839 0.014349999837577345 0.0010500000207684936 0.019999999552965168 0.0013499999768100681 0.0011500000255182388 0.0013499999768100681 0.0065500000491738328
decision_type=2 2 2 2 2 2 2 2 2 2 2 2 2 2
left_child=1 2 4 13 6 11 7 9 -9 -1 -4 -3 -10 -2
right_child=3 5 10 -5 -6 -7 -8 8 12 -11 -12 -13 -14 -15
leaf_value=-0.014566731498765081 0.066243060288346312 0.033170555026818933 0.074969432450495477 0.10103688701747757 0.094639231290353523 -0.036650424347412211 -0.035961143072859657 0.050323248667014847 -0.02409691367214507 0.081759056398396132 0.0055482357655244089 0.073323202733902165 0.045796177752574663 -0.0024053542681339766
leaf_weight=335.69264213740826 121.65186131000519 56.441591858863831 32.375180542469025 162.70869337022305 8.6354518979787809 12.801086515188215 120.84672796726227 39.111222192645073 34.564096927642822 6.8171221762895575 14.610528916120527 63.405812919139862 13.35225974023342 10.340155363082884
leaf_count=1072 278 132 79 289 21 53 463 107 136 10 44 142 39 34
internal_value=0.0261131 0.00337442 -0.00587731 0.0830723 -0.0108859 0.0456437 -0.0125658 -0.00596751 0.0201314 -0.0126145 0.053525 0.0544903 -0.00448255 0.0608372
internal_weight=1033.35 738.654 606.005 294.701 559.02 132.648 550.384 429.537 87.0276 342.51 46.9857 119.847 47.9164 131.992
internal_count=2899 2298 1971 601 1848 327 1827 1364 282 1082 123 274 175 312
is_linear=0
shrinkage=0.04


Tree=2
num_leaves=15
num_cat=0
split_feature=301 287 301 150 218 250 253 250 105 296 180 296 47 250
split_gain=750.588 149.885 63.8534 57.8986 96.4746 55.714 45.4893 50.3865 43.1811 32.6421 31.796 29.9605 28.3371 40.2493
threshold=1.0000000180025095e-35 0.0037500000325962905 0.0023500000825151805 0.0089499996975064295 0.0011500000255182388 0.0017499999958090486 0.015050000045448543 0.0057500000111758718 1.0000000180025095e-35 0.0010500000207684936 1.0000000180025095e-35 1.0000000180025095e-35 0.0010500000207684936 0.0094499997794628161
decision_type=2 2 2 2 2 2 2 2 2 2 2 2 2 2
left_child=1 5 -2 4 6 9 7 11 12 10 -1 -3 -7 -14
right_child=2 3 -4 -5 -6 8 -8 -9 -10 -11 -12 -13 13 -15
leaf_value=-0.023313967252115084 0.057522855958298653 0.00011803323288415319 0.094839697043721 -0.0093413044125403542 0.069277683495951925 0.078488707186754977 0.095251566216251596 0.058255125532765101 -0.046001401181914064 0.10682462556299406 0.10293442600153223 0.08297264214203881 -0.034794455621393487 0.10075911618451962
leaf_weight=315.4348933249712 133.96976280212402 169.99006788432598 166.33380882441998 78.201298147439957 72.73045414686203 19.931111171841621 10.952182278037069 31.711422219872475 10.217258185148237 3.069147825241088 3.116281032562255 7.1865167617797843 11.209159359335901 4.9727328419685355
leaf_count=1091 312 499 289 289 168 49 14 73 41 7 7 18 31 11
internal_value=0.0249188 0.00323371 0.0782301 0.0211843 0.0293576 -0.0148445 0.016107 0.0118946 0.0260872 -0.0207595 -0.0220345 0.0035462 0.046664 0.0069788
internal_weight=1039.03 738.723 300.304 370.772 292.571 367.951 219.84 208.888 46.3303 321.62 318.551 177.177 36.113 16.1819
internal_count=2899 2298 601 1061 772 1237 604 590 132 1105 1098 517 91 42
is_linear=0
shrinkage=0.04


Tree=3
num_leaves=15
num_cat=0
split_feature=301 278 250 301 309 105 182 296 127 227 109 250 47 300
split_gain=677.523 153.575 95.0454 57.081 52.829 52.8077 50.7849 32.9672 29.6865 32.948 30.2538 29.5505 37.2102 47.1995
threshold=1.0000000180025095e-35 1.0000000180025095e-35 0.0049499999731779107 0.0023500000825151805 0.0030000001424923543 0.017749999649822715 1.0000000180025095e-35 0.0010500000207684936 1.0000000180025095e-35 0.002650000038556755 0.0020500000100582842 0.0017499999958090486 1.0000000180025095e-35 0.0052499999292194852
decision_type=2 2 2 2 2 2 2 2 2 2 2 2 2 2
left_child=1 2 4 -2 6 -3 7 11 9 -8 -11 -1 13 -13
right_child=3 5 -4 -5 -6 -7 8 -9 -10 10 -12 12 -14 -15
leaf_value=-0.024024577789641066 0.054514451797662934 0.049988880173144568 0.048360834094612851 0.089552795082712536 0.085650140108489106 -0.032989959775737918 0.04309883020263975 0.099714133357338336 -0.011103419467080445 0.036813759284156318 -0.060720810595503001 0.085106520580018191 -0.034673279421201027 -0.010215455893348139
leaf_weight=354.90546435117722 135.67724323272705 121.58454383909702 48.070459291338921 169.05333533883095 8.9413289278745633 13.518616825342177 53.36147752404213 3.6153777241706839 60.827471166849136 9.1567724049091357 11.14546526968479 15.358537405729292 20.271524861454964 17.796153649687767
leaf_count=1239 312 272 123 289 21 55 139 8 228 23 33 35 59 63
internal_value=0.0238159 0.00310185 -0.00552465 0.0739886 -0.0102037 0.0416381 -0.0117949 -0.0187647 0.00952192 0.0265994 -0.0165696 -0.0198476 0.0078178 0.0339442
internal_weight=1043.28 738.553 603.45 304.731 555.38 135.103 546.438 411.947 134.491 73.6637 20.3022 408.332 53.4262 33.1547
internal_count=2899 2298 1971 601 1848 327 1827 1404 423 195 56 1396 157 98
is_linear=0
shrinkage=0.04


Tree=4
num_leaves=15
num_cat=0
split_feature=301 278 222 301 50 33 263 127 109 263 224 288 161 180
split_gain=614.701 140.368 63.5126 51.8348 49.8422 48.9443 41.8257 41.4244 36.6323 31.467 41.5536 30.5752 27.6809 25.5015
threshold=1.0000000180025095e-35 1.0000000180025095e-35 0.0010500000207684936 0.0023500000825151805 0.0012500000302679839 1.0000000180025095e-35 0.014349999837577345 1.0000000180025095e-35 0.0023500000825151805 0.0067499999422580012 0.0016499999910593035 0.0077499998733401307 0.0061500000301748523 0.003249999950639904
decision_type=2 2 2 2 2 2 2 2 2 2 2 2 2 2
left_child=1 2 4 12 6 -3 -1 8 -8 10 -4 13 -2 -6
right_child=3 5 9 -5 11 -7 7 -9 -10 -11 -12 -13 -14 -15
leaf_value=-0.0095577173535422687 0.057228878188687195 0.047279462244917109 -0.035792027110377253 0.084988006762635473 -0.040346963917798101 -0.035157230794279501 0.060862578566669961 -0.0057560141215914299 -0.04779476478798296 0.068006652494029374 0.063299295024091123 0.043749540690540115 -0.0070887007507898581 0.091017287672367594
leaf_weight=336.0518523901701 125.55387263000011 123.68783646821976 15.771704092621805 170.97071044147015 109.75590611994267 12.577608957886694 40.531954690814018 46.551516249775887 5.5384163558483115 25.772114336490631 11.694349154829977 7.8021001666784278 11.561312869191168 2.3068224191665641
leaf_count=1086 272 274 44 289 438 53 103 174 19 53 25 24 40 5
internal_value=0.0227931 0.00297424 -0.00532252 0.0702411 -0.00937861 0.0396208 -0.00298967 0.0207821 0.0476383 0.0363336 0.00633001 -0.0321726 0.0517754 -0.0375284
internal_weight=1046.13 738.042 601.777 308.086 548.539 136.265 428.674 92.6219 46.0704 53.2382 27.4661 119.865 137.115 112.063
internal_count=2899 2298 1971 601 1849 327 1382 296 122 122 69 467 312 443
is_linear=0
shrinkage=0.04


Tree=5
num_leaves=15
num_cat=0
split_feature=301 250 105 278 279 301 127 50 164 127 113 150 263 281
split_gain=539.394 125.826 99.7406 86.1202 68.7916 42.004 42.9165 35.5575 32.0045 31.1443 31.0616 30.7367 39.3986 28.8939
threshold=1.0000000180025095e-35 0.0018500000005587938 0.0030500000575557355 0.0015499999863095584 0.0012500000302679839 0.0019500000635161998 0.0018500000005587938 0.0012500000302679839 0.05100000090897084 0.068599998950958266 0.0010500000207684936 0.0061500000301748523 0.0024500000290572648 0.0029499999945983295
decision_type=2 2 2 2 2 2 2 2 2 2 2 2 2 2
left_child=1 3 10 4 8 6 -2 -5 11 -6 -3 12 -1 -12
right_child=5 2 -4 7 9 -7 -8 -9 -10 -11 13 -13 -14 -15
leaf_value=-0.028072196645306975 0.062471768567323366 0.052985573572401801 -0.031564385137806114 0.060911582144612404 0.03249745521209868 0.079139229899481439 0.007127438384909519 -0.013210676556782312 0.092494487247554893 -0.058603807787706748 -0.047999372725048034 -0.041113300354575492 -0.0011164787540575063 0.055223760963639679
leaf_weight=151.6248629540205 89.536441549658775 134.35351829230785 31.542037725448608 41.254132658243179 69.932315304875374 186.89438058435917 30.158058077096939 13.662595346570013 4.1626803278923026 6.4474709928035727 9.9925059974193591 73.395695149898529 203.38613422214985 7.5028633475303641
leaf_count=500 166 313 111 83 207 336 97 51 9 29 33 315 627 17
internal_value=0.0225726 0.00423391 0.0330085 -0.00512179 -0.0102655 0.0672408 0.0485783 0.0424077 -0.0164509 0.0246884 0.0464598 -0.0175402 -0.0126452 -0.00344268
internal_weight=1053.85 747.257 183.391 563.866 508.949 306.589 119.694 54.9167 432.569 76.3798 151.849 428.407 355.011 17.4954
internal_count=2894 2295 474 1821 1687 599 263 134 1451 236 363 1442 1127 50
is_linear=0
shrinkage=0.04


Tree=6
num_leaves=15
num_cat=0
split_feature=278 303 127 50 287 275 252 53 109 253 279 164 244 220
split_gain=445.893 104.663 70.4119 59.763 58.3183 34.5007 33.2096 32.3915 29.0015 28.2793 35.6713 27.7502 26.5993 27.0652
threshold=0.0016499999910593035 1.0000000180025095e-35 0.0040500001050531873 0.0013499999768100681 0.0034500000765547161 0.068849999457597746 0.0012500000302679839 0.0015499999863095584 0.0064499999862164268 0.012550000101327898 0.0015499999863095584 0.009000000078231098 0.028100000694394115 0.0012500000302679839
decision_type=2 2 2 2 2 2 2 2 2 2 2 2 2 2
left_child=1 3 -2 4 12 11 -4 9 -3 10 -6 -5 13 -1
right_child=2 8 6 5 7 -7 -8 -9 -10 -11 -12 -13 -14 -15
leaf_value=-0.011852674807493311 0.07378737021417188 0.045818868177273785 -0.0021982660253280751 -0.035219045192478191 0.011806810618246417 0.04293660979707431 0.060446429994045099 -0.026624955793950297 -0.047524329597306236 0.08057605408901726 0.051416250343216535 0.037475087179684008 0.043001172371680871 0.063464208745602754
leaf_weight=256.83156749606133 232.14895564317703 107.606808334589 32.778169244527817 116.49170760810375 153.97741077840328 11.185166180133818 22.822266012430191 21.170948848128319 5.4824069887399665 13.70277616381645 47.756754487752914 8.921633765101431 16.206422924995422 7.7549856454133979
leaf_count=843 401 253 113 454 419 25 57 81 13 20 126 26 45 18
internal_value=0.0216434 0.00570666 0.0640972 -0.000433609 0.00577389 -0.0239623 0.023506 0.0204033 0.0412204 0.0250535 0.0212242 -0.0299901 -0.00654207 -0.00960689
internal_weight=1054.84 767.089 287.749 653.999 517.401 136.599 55.6004 236.608 113.089 215.437 201.734 125.413 280.793 264.587
internal_count=2894 2323 571 2057 1552 505 170 646 266 565 545 480 906 861
is_linear=0
shrinkage=0.04


Tree=7
num_leaves=15
num_cat=0
split_feature=301 250 105 263 150 279 301 218 109 47 159 296 53 287
split_gain=462.907 110.385 89.6453 69.5904 50.3671 46.1967 36.9648 35.5227 28.8372 37.2663 28.5548 27.0341 25.6872 24.4172
threshold=1.0000000180025095e-35 0.0018500000005587938 0.0030500000575557355 0.002549999975599349 0.0012500000302679839 0.0012500000302679839 0.0022500000195577745 1.0000000180025095e-35 0.0021499999566003685 0.0016499999910593035 0.080849997699260726 1.0000000180025095e-35 0.0011500000255182388 0.014100000262260439
decision_type=2 2 2 2 2 2 2 2 2 2 2 2 2 2
left_child=1 3 8 -1 7 -6 10 11 -3 -10 -2 13 -7 -5
right_child=6 2 -4 4 5 12 -8 -9 9 -11 -12 -13 -14 -15
leaf_value=-0.026581991254762679 0.055096344526508932 0.054098051864461788 -0.031003747239179751 0.012233006608990222 -0.026126434973088246 0.037643717128170814 0.074510607402384701 0.050602952988477473 -0.03117636663650241 0.044298653184420347 0.008022622871838166 0.084189170610940584 -0.01167720037886695 -0.032543250181539377
leaf_weight=168.7585025280714 113.34572730958462 109.52856561541557 31.338721916079521 135.55650496482849 117.92883811891079 37.097985848784447 169.95214873552322 41.791377380490303 16.727529183030128 27.469412982463837 25.494281977415085 7.278944417834281 30.719985485076904 22.625124111771584
leaf_count=571 224 247 111 377 474 111 294 90 60 56 81 16 116 66
internal_value=0.0207596 0.00371892 0.0305061 -0.00510254 0.00411525 -0.0109945 0.0619455 0.0176752 0.0430836 0.0156369 0.0464933 0.00930877 0.0152593 0.00578676
internal_weight=1055.61 746.821 185.064 561.757 392.999 185.747 308.792 207.252 153.726 44.1969 138.84 165.461 67.818 158.182
internal_count=2894 2295 474 1821 1250 701 599 549 363 116 305 459 227 443
is_linear=0
shrinkage=0.04


Tree=8
num_leaves=15
num_cat=0
split_feature=301 250 105 278 279 301 180 127 105 161 312 202 120 253
split_gain=426.005 101.335 82.1091 69.045 55.5006 34.9784 32.9501 28.8651 26.1653 25.8394 41.7467 28.7984 31.6749 31.5937
threshold=1.0000000180025095e-35 0.0018500000005587938 0.0030500000575557355 0.0012500000302679839 0.0012500000302679839 0.0022500000195577745 0.0013499999768100681 0.0018500000005587938 0.019650000147521499 1.0000000180025095e-35 0.0011500000255182388 0.0073500000871717939 0.0016499999910593035 0.029749999754130844
decision_type=2 2 2 2 2 2 2 2 2 2 2 2 2 2
left_child=1 3 -3 4 6 7 9 -2 -5 10 11 13 -13 -1
right_child=5 2 -4 8 -6 -7 -8 -9 -10 -11 -12 12 -14 -15
leaf_value=-0.020213619719603712 0.055648369191269954 0.041087205034051062 -0.030035000103187003 0.039775590825667159 0.021635591191160843 0.071682632599980076 0.081474751940213794 0.014661128192628771 -0.045934013242045636 -0.047126019634682978 0.066083703740368718 0.07445751715814615 -0.035430853860591249 0.07899983399928269
leaf_weight=336.00956512987614 101.15666273236275 154.72243082523346 31.064389079809189 63.973738297820091 73.998001739382744 169.60033316910267 5.3728994876146308 38.259546682238579 6.1299562007188788 41.588269114494324 10.054259881377218 11.120852664113047 6.5718421936035147 5.1031398475170127
leaf_count=1143 188 363 111 136 225 294 12 117 27 186 29 29 28 6
internal_value=0.0199435 0.00357093 0.029164 -0.0049176 -0.0102392 0.0594265 -0.015925 0.0444476 0.0321693 -0.0172292 -0.0138357 -0.0161041 0.0334456 -0.0186949
internal_weight=1054.73 745.709 185.787 559.923 489.819 309.017 415.821 139.416 70.1037 410.448 368.86 358.805 17.6927 341.113
internal_count=2894 2295 474 1821 1658 599 1433 305 163 1421 1235 1206 57 1149
is_linear=0
shrinkage=0.04


Tree=9
num_leaves=15
num_cat=0
split_feature=278 167 239 275 105 159 50 279 245 252 105 105 225 231
split_gain=358.087 93.2203 79.201 56.0295 57.1135 52.214 46.6677 44.6648 36.9461 32.6267 30.8228 25.5475 24.0149 23.5231
threshold=0.0016499999910593035 1.0000000180025095e-35 0.0060499999672174462 1.0000000180025095e-35 0.0013499999768100681 0.085900001227855696 0.0012500000302679839 0.0012500000302679839 0.014349999837577345 0.0012500000302679839 0.0010500000207684936 0.0058500000741332778 0.1568499952554703 0.0039500000420957812
decision_type=2 2 2 2 2 2 2 2 2 2 2 2 2 2
left_child=1 2 6 -4 8 -2 7 10 -5 12 13 -3 -7 -1
right_child=5 11 3 4 -6 9 -8 -9 -10 -11 -12 -13 -14 -15
leaf_value=-0.004821822418919426 0.064896980446652916 0.054215559230317088 -0.014459128653391162 0.053455053563859302 -0.0069540674884893761 -0.03667431681779415 -0.033641560718529279 0.032715921996893313 -0.013500117023874563 0.054520310500521037 -0.033800280299230295 -0.010598105765658939 0.044254315485256816 0.05400115105673766
leaf_weight=234.9447266459465 238.95986749231815 70.218609988689423 58.072679743170738 107.65546306967735 45.852753952145576 18.03719095885754 100.43927596509457 48.828593492507935 14.879309535026549 22.870061218738556 61.229620203375816 11.142836675047873 8.547434598207472 11.299880191683767
leaf_count=722 419 168 162 222 139 71 407 138 47 57 253 39 24 26
internal_value=0.0191764 0.00484151 1.305e-05 0.0193554 0.0310426 0.0571483 -0.00957059 -0.0027664 0.0452877 0.0195713 -0.00842299 0.0452878 -0.0104361 -0.00208544
internal_weight=1052.98 764.564 683.202 226.46 168.388 288.415 456.742 356.303 122.535 49.4547 307.474 81.3614 26.5846 246.245
internal_count=2894 2323 2116 570 408 571 1546 1139 269 152 1001 207 95 748
is_linear=0
shrinkage=0.04


Tree=10
num_leaves=15
num_cat=0
split_feature=301 278 167 50 287 159 202 253 102 225 300 2 176 279
split_gain=346.797 89.5701 68.9873 57.0403 36.8021 33.301 38.908 55.2146 30.6524 23.0947 23.0123 22.2469 23.0564 22.0519
threshold=0.0011500000255182388 0.0021499999566003685 1.0000000180025095e-35 0.0013499999768100681 0.0013499999768100681 0.034849999472498901 0.0017499999958090486 0.0057500000111758718 0.10510000213980676 0.12234999984502794 0.012950000353157522 0.0011500000255182388 0.012950000353157522 0.0021499999566003685
decision_type=2 2 2 2 2 2 2 2 2 2 2 2 2 2
left_child=1 2 3 4 -1 6 7 13 -2 -5 -8 -3 -13 -6
right_child=8 11 -4 9 5 -7 10 -9 -10 -11 -12 12 -14 -15
leaf_value=-0.013906205652162757 0.062064500025851607 0.057600468771000897 0.041643055884396131 -0.033529660656887866 0.00041890529352548529 -0.017038773699612323 -0.011254637042570315 0.066474497987777173 0.011552284315855362 0.025590486485207894 0.067026548589947582 -0.06224415129684583 0.052538811600176517 0.044401424903152638
leaf_weight=147.60220600664616 249.53985351324081 60.650228306651115 61.463223338127136 107.08262649178505 229.32617197930813 62.12371064722538 7.271132990717887 24.766964077949524 21.095069259405136 11.57801480591297 31.722604691982269 5.4317232370376569 5.5604370832443237 19.734563931822777
leaf_count=520 465 116 161 440 629 240 21 41 63 27 71 24 15 48
internal_value=0.0191774 0.0055457 0.00119292 -0.0026841 0.00299555 0.00966175 0.0149808 0.00962958 0.0581477 -0.0277108 0.0523357 0.048121 -0.00386983 0.00393638
internal_weight=1044.95 774.314 702.671 641.208 522.547 374.945 312.821 273.828 270.635 118.661 38.9937 71.6424 10.9922 249.061
internal_count=2881 2353 2198 2037 1570 1050 810 718 528 467 92 155 39 677
is_linear=0
shrinkage=0.04


Tree=11
num_leaves=15
num_cat=0
split_feature=301 239 167 275 36 50 125 279 225 24 286 6 127 137
split_gain=321.488 94.8047 64.7384 52.0516 48.8963 43.2967 38.8609 30.2199 24.708 29.8727 24.3248 21.8613 21.5109 19.3931
threshold=0.0011500000255182388 0.0062500000931322583 1.0000000180025095e-35 1.0000000180025095e-35 1.0000000180025095e-35 0.0012500000302679839 0.003249999950639904 0.0021499999566003685 0.002650000038556755 0.0011500000255182388 0.0028999999631196265 1.0000000180025095e-35 0.068599998950958266 0.0012500000302679839
decision_type=2 2 2 2 2 2 2 2 2 2 2 2 2 2
left_child=1 2 5 10 -5 7 -2 8 11 -10 -3 -1 -9 -4
right_child=6 3 13 4 -6 -7 -8 12 9 -11 -12 -13 -14 -15
leaf_value=0.014972380677321798 0.058888446225024149 -0.013291747159935424 0.054833996826106519 0.03842578773944344 -0.033749737764373726 -0.034109525541984938 -0.025299659616711722 0.042232853751706698 -0.019766836149716846 0.050946919890073182 0.075467958769995416 -0.028016302984956064 -0.057411653255808874 -0.032929538312667588
leaf_weight=99.207038581371307 260.52627281844616 64.757223457098007 33.713642343878746 202.57190990447998 16.085309594869614 92.543039351701736 8.957957059144972 31.90443879365921 185.68062856793404 9.9540058225393278 5.24029916524887 23.243132293224335 3.7680499404668799 4.4468912482261649
leaf_count=308 497 177 79 485 66 393 31 90 593 26 7 95 17 17
internal_value=0.0184521 0.00533008 -0.00547554 0.0234751 0.033085 -0.00976174 0.0560668 -0.0033732 -0.00730142 -0.0161243 -0.00649159 0.00676355 0.0314646 0.0444429
internal_weight=1042.6 773.116 484.461 288.655 218.657 446.3 269.484 353.757 318.085 195.635 69.9975 122.45 35.6725 38.1605
internal_count=2881 2353 1618 735 551 1522 528 1129 1022 619 184 403 107 96
is_linear=0
shrinkage=0.04


Tree=12
num_leaves=15
num_cat=0
split_feature=301 250 278 167 231 50 113 125 50 111 253 263 250 47
split_gain=298.716 103.715 67.9056 51.5164 45.8379 38.5837 36.814 36.1111 28.6436 26.8913 25.2712 32.3832 32.8346 26.9217
threshold=0.0011500000255182388 0.0049499999731779107 0.0021499999566003685 1.0000000180025095e-35 0.0035500000230968003 0.0013499999768100681 1.0000000180025095e-35 0.003249999950639904 0.0012500000302679839 0.0015499999863095584 0.020600000396370891 0.0072500000242143878 1.0000000180025095e-35 0.0014499999815598132
decision_type=2 2 2 2 2 2 2 2 2 2 2 2 2 2
left_child=1 2 3 4 5 10 -3 -2 -6 -5 11 12 -1 -13
right_child=7 6 -4 9 8 -7 -8 -9 -10 -11 -12 13 -14 -15
leaf_value=-0.023200438129991313 0.056873769748105964 0.057217440341651694 0.041200470849701472 0.044804643012435932 0.05222749658141429 -0.034671202696448085 -0.016880734325101839 -0.024334039479549926 -0.0078542912413163048 -0.062698050721211915 0.057092136400730818 0.013859385246104524 0.0087167825639964218 -0.039341951333449858
leaf_weight=210.52813430130482 258.99856039881706 73.67148332297802 58.245835721492767 44.188372850418091 31.726022735238075 89.732648685574532 12.414701089262961 8.9451141506433469 20.90949572622776 3.948369786143302 9.8553490042686445 131.71441304683685 68.019761011004448 17.079942852258682
leaf_count=702 497 159 131 111 75 375 40 31 77 15 15 422 184 47
internal_value=0.0177573 0.0051198 -7.08185e-05 -0.00391279 -0.00722306 -0.0107852 0.046478 0.0541397 0.0283145 0.0357922 -0.00586679 -0.00734112 -0.0153918 0.00770328
internal_weight=1039.98 772.035 685.948 627.703 579.566 526.93 86.0862 267.944 52.6355 48.1367 437.198 427.342 278.548 148.794
internal_count=2881 2353 2154 2023 1897 1745 199 528 152 126 1370 1355 886 469
is_linear=0
shrinkage=0.04


Tree=13
num_leaves=15
num_cat=0
split_feature=278 250 263 159 166 105 150 300 105 244 278 225 244 159
split_gain=239.764 80.569 72.1435 57.3245 45.7032 35.0882 34.4356 37.7436 37.1499 33.3647 31.9838 29.313 26.8208 26.7948
threshold=1.0000000180025095e-35 0.0018500000005587938 0.0023500000825151805 0.29810000956058508 1.0000000180025095e-35 0.0018500000005587938 0.0010500000207684936 0.041349999606609351 0.0010500000207684936 0.0063499999232590207 0.0028499999316409235 0.14890000224113467 0.017150000669062141 0.0012500000302679839
decision_type=2 2 2 2 2 2 2 2 2 2 2 2 2 2
left_child=1 2 -1 9 6 -3 7 -4 -9 10 -2 -5 -8 -6
right_child=3 5 4 11 13 -7 12 8 -10 -11 -12 -13 -14 -15
leaf_value=-0.027728946609768056 0.010016878556179967 0.037972079086183767 0.0021730851584929821 -0.029782434025663593 0.065166970360483314 -0.010897694359938542 -0.022705832537043179 0.071523196796646593 -0.028894279679038501 0.058418033748284727 0.052960728952795744 0.052310896809619804 0.016944333381541606 0.010404480746322243
leaf_weight=149.2417665719986 56.734897539019585 124.37715511023998 128.3470319211483 23.850485533475876 28.743113592267036 28.786208614706993 124.36058527231216 26.673460647463799 7.4342729598283759 209.47326922416687 54.844609558582306 9.6968123167753202 34.767863973975182 28.833846434950829
leaf_count=525 143 285 381 93 59 95 495 43 27 398 104 24 112 97
internal_value=0.0171094 0.00322243 -0.00417642 0.0437814 0.00508844 0.0287601 -0.000779699 0.0121581 0.0494983 0.04898 0.0311894 -0.00584961 -0.0140124 0.0378775
internal_weight=1036.17 681.565 528.402 354.6 379.16 153.163 321.583 162.455 34.1077 321.053 111.58 33.5473 159.128 57.577
internal_count=2881 2119 1739 762 1214 380 1058 451 70 645 247 117 607 156
is_linear=0
shrinkage=0.04


Tree=14
num_leaves=15
num_cat=0
split_feature=301 250 278 231 184 97 50 113 263 250 102 179 25 102
split_gain=262.773 90.9214 55.3709 41.6205 36.9666 32.7371 31.8594 31.6054 26.1622 53.233 27.9279 30.1578 22.2732 28.6388
threshold=0.0011500000255182388 0.0051500000990927228 0.0021499999566003685 0.0035500000230968003 0.0010500000207684936 0.0010500000207684936 0.0013499999768100681 1.0000000180025095e-35 0.0072500000242143878 1.0000000180025095e-35 0.0077499998733401307 0.00075000003562308859 0.0015499999863095584 1.0000000180025095e-35
decision_type=2 2 2 2 2 2 2 2 2 2 2 2 2 2
left_child=1 2 3 4 6 -2 8 -3 9 -1 11 -10 13 -11
right_child=5 7 -4 -5 -6 -7 -8 -9 10 12 -12 -13 -14 -15
leaf_value=-0.021778723746479774 0.052981372368375503 0.054324186574691347 0.036970610048096028 0.026413407234405484 0.080364970970962291 -0.044479555542417372 -0.029462516437401359 -0.015570260726419607 0.038663836451268904 0.014813380972215566 -0.013276969518414316 -0.0041164009451951323 0.047393982692241814 -0.063859944570682864
leaf_weight=210.99840454757214 258.44063317775726 70.96758471429348 58.716707795858383 65.902740776538849 7.5083734393119803 5.5183064937591544 94.872970104217529 11.971731275320051 62.73389944434166 45.548005387187004 59.885968565940857 45.127266258001328 25.407424733042717 8.7326354086399061
leaf_count=714 507 151 133 188 16 21 397 38 158 116 226 136 48 32
internal_value=0.0164875 0.00465113 -0.000131956 -0.00361979 -0.00716028 0.0509126 -0.00836953 0.0441806 -0.00399014 -0.0112536 0.00857205 0.020741 0.016557 0.00198875
internal_weight=1032.33 768.374 685.434 626.718 560.815 263.959 553.307 82.9393 458.434 290.686 167.747 107.861 79.6881 54.2806
internal_count=2881 2353 2164 2031 1843 528 1827 189 1430 910 520 294 196 148
is_linear=0
shrinkage=0.04


Tree=15
num_leaves=15
num_cat=0
split_feature=301 239 167 127 275 109 194 102 218 53 286 50 279 275
split_gain=258.591 90.5427 58.9389 35.7231 39.5729 28.7279 33.4727 27.9384 28.9961 26.6 24.416 23.5805 23.3784 21.9412
threshold=0.0011500000255182388 0.0060499999672174462 1.0000000180025095e-35 0.012050000019371511 0.0010500000207684936 0.0014499999815598132 0.0027499999850988392 0.10510000213980676 0.0011500000255182388 1.0000000180025095e-35 0.0015499999863095584 0.0014499999815598132 0.0011500000255182388 0.042050000280141837
decision_type=2 2 2 2 2 2 2 2 2 2 2 2 2 2
left_child=1 2 5 4 10 9 -7 8 -2 12 -3 -6 -1 -13
right_child=7 3 -4 -5 11 6 -8 -9 -10 -11 -12 13 -14 -15
leaf_value=-0.0058576444517558302 0.028333813700522032 -0.009679291477802646 0.038202797839250603 -0.030078978054526483 0.039553018588956927 -0.038860163588277326 0.048978792922367918 0.0050381252488081486 0.060809513170226016 -0.035347875755025175 0.070695895346094287 -0.017005277327023623 0.036853836627754634 0.05087221145691715
leaf_weight=265.95553888380527 59.424578502774239 62.808118462562561 39.74709278345108 20.882680431008339 163.41560535132885 88.205793738365173 7.4099396467208853 21.64505597949028 178.61367677152157 45.854129165410995 6.5874095559120169 24.90963888168335 22.103746622800827 10.845678165554999
leaf_count=880 122 168 102 85 371 348 23 64 328 209 10 81 60 24
internal_value=0.0143321 0.00253256 -0.00831322 0.0201272 0.0240556 -0.0126348 -0.0319671 0.0487776 0.0527343 -0.0070792 -0.00190133 0.0331161 -0.00255472 0.00355693
internal_weight=1018.41 758.725 469.276 289.449 268.566 429.529 95.6157 259.683 238.038 333.913 69.3955 199.171 288.059 35.7553
internal_count=2875 2361 1622 739 654 1520 371 514 450 1149 178 476 940 105
is_linear=0
shrinkage=0.04


Tree=16
num_leaves=15
num_cat=0
split_feature=301 239 167 250 300 36 253 244 300 301 179 178 224 102
split_gain=241.614 83.5676 54.3753 38.1142 71.928 33.5561 30.5003 31.1777 29.1612 26.566 23.8491 24.2247 23.222 23.1995
threshold=0.0011500000255182388 0.0060499999672174462 1.0000000180025095e-35 0.0017499999958090486 0.0059500001370906839 1.0000000180025095e-35 0.015050000045448543 0.0030500000575557355 0.052799999713897712 0.0038499999791383748 0.00075000003562308859 0.0017499999958090486 0.0031500000040978198 0.10754999890923501
decision_type=2 2 2 2 2 2 2 2 2 2 2 2 2 2
left_child=1 2 3 8 -5 6 7 -3 12 13 -9 -12 -1 -2
right_child=9 5 -4 4 -6 -7 -8 10 -10 -11 11 -13 -14 -15
leaf_value=-0.024622309483518158 0.041107861594689987 -0.0034077148731963946 0.036597057541713079 0.049246849674848658 -0.025739416980240466 -0.036832452133927024 0.056440299690668452 0.044747641562665204 0.008630351457665766 0.0610679664589091 -0.00097516494482785586 0.043834460300589545 0.058634849553174169 -0.010104439545463586
leaf_weight=285.37880255281925 120.6343100965023 77.667495384812355 39.833886623382568 41.502985492348671 40.128690719604492 15.938559100031851 36.94142584502697 70.858178496360779 55.039916068315506 120.5285749733448 59.557839259505272 28.33983302116394 5.3430394530296317 15.855337977409361
leaf_count=1073 246 230 102 101 144 68 61 153 187 216 159 68 15 52
internal_value=0.013827 0.00243614 -0.00801858 -0.0121938 0.0123496 0.0193314 0.0226329 0.0173119 -0.0180018 0.0473263 0.0274694 0.0134602 -0.0230588 0.0351265
internal_weight=1013.55 756.531 467.227 427.393 81.6317 289.303 273.365 236.423 345.762 257.018 158.756 87.8977 290.722 136.49
internal_count=2875 2361 1622 1520 245 739 671 610 1275 514 380 227 1088 298
is_linear=0
shrinkage=0.04


Tree=17
num_leaves=15
num_cat=0
split_feature=278 250 159 257 188 277 296 239 224 50 275 250 300 300
split_gain=217.844 55.0426 47.5043 43.842 35.2951 34.9112 31.8384 33.0086 30.5675 26.2581 32.757 25.1889 42.6575 30.3289
threshold=1.0000000180025095e-35 0.010250000283122064 0.07089999690651895 0.009000000078231098 0.0019500000635161998 0.0081500001251697558 0.0010500000207684936 0.0060499999672174462 0.002549999975599349 1.0000000180025095e-35 0.00335000001359731 0.0017499999958090486 0.0059500001370906839 0.053499998524785049
decision_type=2 2 2 2 2 2 2 2 2 2 2 2 2 2
left_child=1 3 4 6 9 -4 7 11 -9 10 -2 13 -13 -1
right_child=2 -3 5 -5 -6 -7 -8 8 -10 -11 -12 12 -14 -15
leaf_value=-0.0218137633714648 -0.032732859108811782 0.050306380660936609 -0.027677611753800284 0.053904081640962838 0.051280710937266341 0.031818639631883826 0.058592836749460968 0.014522983470083529 -0.038212656594174013 -0.055416673853599864 0.05423605699604931 0.04089020136018897 -0.0214938628558645 0.010860538313171081
leaf_weight=293.89325766265392 10.034861966967584 32.581906586885452 26.283804029226303 20.861492648720741 247.99144278466702 39.063700288534164 12.252737164497374 152.60422891378403 19.747338056564331 7.6754775941371909 21.622532367706299 34.778192609548569 35.104334652423859 53.526707366108894
leaf_count=1103 21 68 101 54 470 111 29 421 47 22 44 86 124 174
internal_value=0.0133492 -0.000286953 0.0386927 -0.00294796 0.0456949 0.00782146 -0.00493367 -0.00627021 0.0084389 0.0103343 0.0265262 -0.0123554 0.0095095 -0.0167665
internal_weight=1008.02 655.35 352.672 622.768 287.324 65.3475 601.907 589.654 172.352 39.3329 31.6574 417.302 69.8825 347.42
internal_count=2875 2106 769 2038 557 212 1984 1955 468 87 65 1487 210 1277
is_linear=0
shrinkage=0.04


Tree=18
num_leaves=15
num_cat=0
split_feature=301 239 167 250 300 36 275 202 301 53 276 254 258 286
split_gain=215.198 70.8384 47.8081 32.3901 62.2866 30.1551 33.8087 27.9006 25.5995 25.2834 25.1609 25.0075 23.9503 22.095
threshold=0.0011500000255182388 0.0060499999672174462 1.0000000180025095e-35 0.0017499999958090486 0.0059500001370906839 1.0000000180025095e-35 0.0010500000207684936 0.0029499999945983295 0.0038499999791383748 1.0000000180025095e-35 0.0011500000255182388 0.0013499999768100681 0.0010500000207684936 0.0015499999863095584
decision_type=2 2 2 2 2 2 2 2 2 2 2 2 2 2
left_child=1 2 3 7 -5 6 13 10 -2 11 -1 12 -9 -3
right_child=8 5 -4 4 -6 -7 -8 9 -10 -11 -12 -13 -14 -15
leaf_value=-0.0239182148456119 0.032925980789052123 -0.01046831294121725 0.034315172476928883 0.04511030556948431 -0.024685251203849456 -0.035877904746429039 0.02903546833621137 -0.026173694391438337 0.058685740903915776 -0.032140624402624496 0.074665737093253984 0.052791252520333558 0.078866863434335147 0.066606874900943205
leaf_weight=272.93867468833923 134.73499263823032 63.257915258407593 39.747468888759613 41.885169789195061 39.739484399557114 15.751024350523947 203.61339575052261 18.520521402359012 116.64935192465782 18.65341828763485 4.0923303514719001 22.55663213133812 4.1628655344247809 6.4627544283866873
leaf_count=1022 298 170 102 101 144 68 491 76 216 86 10 70 11 10
internal_value=0.0128847 0.00215914 -0.00754662 -0.011501 0.0110923 0.0176914 0.020805 -0.0169238 0.0449137 0.0068469 -0.0224211 0.0230459 -0.00645949 -0.00318138
internal_weight=1002.77 751.382 462.297 422.549 81.6247 289.085 273.334 340.924 251.384 63.8934 277.031 45.24 22.6834 69.7207
internal_count=2875 2361 1622 1520 245 739 671 1275 514 243 1032 157 87 180
is_linear=0
shrinkage=0.04


Tree=19
num_leaves=15
num_cat=0
split_feature=278 250 303 309 109 182 281 155 150 279 159 250 300 211
split_gain=191.217 48.8368 45.7574 39.6173 39.1502 36.4833 34.911 30.0177 27.5456 25.1893 25.7289 23.9753 34.0746 26.2594
threshold=1.0000000180025095e-35 0.010250000283122064 0.0024500000290572648 0.0030000001424923543 0.0016499999910593035 1.0000000180025095e-35 0.0010500000207684936 0.0030500000575557355 0.14114999771118167 1.0000000180025095e-35 0.0048500001430511483 0.0016499999910593035 0.0023500000825151805 0.019899999722838405
decision_type=2 2 2 2 2 2 2 2 2 2 2 2 2 2
left_child=1 3 4 5 8 9 7 -7 -2 11 -11 13 -13 -1
right_child=2 -3 -4 -5 -6 6 -8 -9 -10 10 -12 12 -14 -15
leaf_value=-0.020694316323316673 0.035366882832996181 0.04746896435443422 0.058732393893592867 0.059441674303727446 -0.014059698820311431 0.039308069617103751 -0.0047875570049430525 -0.049334398813857712 -0.061980555439746531 0.055771001691187476 -0.012441382529855256 0.04644925082466466 -0.012565256243544943 0.033529512931773316
leaf_weight=310.49662058055401 206.23051889240742 32.368699178099632 103.54628999531269 15.802181795239447 32.197058141231537 68.702013343572617 97.25242081284523 6.5850017368793479 4.6408503800630561 17.553729847073555 17.527169674634933 23.745369374752045 45.336380645632744 14.836856722831724
leaf_count=1141 465 68 183 37 100 160 335 17 21 35 68 55 141 49
internal_value=0.0124453 -0.000340944 0.0364355 -0.00285947 0.0269004 -0.00451099 0.011009 0.0314467 0.0331771 -0.0107562 0.0216384 -0.0136524 0.00769972 -0.0181996
internal_weight=996.821 650.206 346.615 617.838 243.068 602.036 172.539 75.287 210.871 429.496 35.0809 394.415 69.0818 325.333
internal_count=2875 2106 769 2038 586 2001 512 177 486 1489 103 1386 196 1190
is_linear=0
shrinkage=0.04


Tree=20
num_leaves=15
num_cat=0
split_feature=278 303 50 231 260 222 296 25 179 105 188 182 303 127
split_gain=175.078 57.8383 41.8145 31.7559 30.5503 26.3904 27.3633 24.2105 29.2579 25.0883 34.3067 30.3703 22.7731 21.0453
threshold=0.0028499999316409235 0.0024500000290572648 0.0013499999768100681 0.0035500000230968003 0.0022500000195577745 0.0014499999815598132 0.002650000038556755 0.0054500000551342973 0.0032500000670552258 0.0017499999958090486 1.0000000180025095e-35 0.0017499999958090486 0.0014499999815598132 0.0037500000325962905
decision_type=2 2 2 2 2 2 2 2 2 2 2 2 2 2
left_child=1 2 3 5 -4 6 7 8 9 10 11 -1 -7 -2
right_child=13 -3 4 -5 -6 12 -8 -9 -10 -11 -12 -13 -14 -15
leaf_value=-0.011934769812217957 0.053245221012802386 0.042152652182761992 -0.029900336681706934 0.032663506247934342 0.014078045897987349 0.044555737022398401 0.053623979211535229 0.026469466310389017 -0.041570390057526801 -0.021531701693575937 0.02067021797360033 0.033165271675177091 -0.038753926660139694 0.019957707258921382
leaf_weight=196.59850080311298 144.35905903577805 55.790760397911072 108.22861066460609 57.927425041794777 32.759030684828758 35.325164347887039 14.190958976745604 42.069250836968422 32.755226537585258 86.742216169834137 111.84648287296295 27.062405750155449 6.0327114760875693 39.230872929096222
leaf_count=652 262 123 447 150 105 67 34 119 100 336 287 69 11 113
internal_value=0.0109205 0.00289525 -1.89431e-05 0.00451033 -0.0196507 0.00154662 -0.000934507 -0.00251061 -0.0052041 -0.0023644 0.00258414 -0.00644752 0.032243 0.0461686
internal_weight=990.919 807.329 751.538 610.55 140.988 552.623 511.265 497.074 455.005 422.25 335.507 223.661 41.3579 183.59
internal_count=2875 2500 2377 1825 552 1675 1597 1563 1444 1344 1008 721 78 375
is_linear=0
shrinkage=0.04


Tree=21
num_leaves=15
num_cat=0
split_feature=301 250 59 296 188 182 159 301 277 159 263 287 113 105
split_gain=178.442 44.9392 37.4674 35.241 31.508 35.7722 33.1529 30.0603 24.0553 21.3401 23.5321 21.0247 20.2981 17.1223
threshold=1.0000000180025095e-35 0.011400000192224981 1.0000000180025095e-35 0.0010500000207684936 0.0013499999768100681 0.0012500000302679839 0.029550000093877319 0.0023500000825151805 0.0015499999863095584 0.0069500000681728133 0.0051500000990927228 0.019049999304115776 0.0011500000255182388 1.0000000180025095e-35
decision_type=2 2 2 2 2 2 2 2 2 2 2 2 2 2
left_child=1 2 3 4 5 13 -6 9 -8 10 -2 -7 -3 -1
right_child=7 12 -4 -5 6 11 8 -9 -10 -11 -12 -13 -14 -15
leaf_value=-0.0095432257946869194 -0.025774190175768982 0.053429772428406005 -0.039750999588853107 0.060065768498686299 0.02268940431285606 0.028509652648578996 -0.030996563720814205 0.052094756010702195 0.011640170350866081 0.0064969281111030876 0.045981806779137394 -0.019939011307417997 -0.043531834352263717 -0.03372871676719625
leaf_weight=268.66500513255596 8.0111870020627958 32.792726010084152 39.865075260400772 15.239868760108946 139.52335925400257 57.854158416390419 40.99474610388279 131.31104975938797 43.421969279646873 57.376209586858749 71.079716891050339 18.860665455460548 3.7386970818042746 56.943614587187767
leaf_count=879 17 66 186 35 356 144 177 267 144 156 132 63 15 238
internal_value=0.0105423 0.000140913 -0.0021735 0.000161287 -0.00129944 -0.00799828 0.0107158 0.0384024 -0.00903008 0.0251695 0.0386397 0.0165358 0.0433056 -0.0137942
internal_weight=985.678 717.9 681.368 641.503 626.264 402.323 223.94 267.778 84.4167 136.467 79.0909 76.7148 36.5314 325.609
internal_count=2875 2303 2222 2036 2001 1324 677 572 321 305 149 207 81 1117
is_linear=0
shrinkage=0.04


Tree=22
num_leaves=15
num_cat=0
split_feature=301 278 301 124 231 185 109 312 127 263 25 218 53 177
split_gain=167.039 50.3309 29.2749 28.2796 41.71 35.9006 43.2503 28.0192 24.1205 20.5567 20.5278 25.0734 19.4029 19.3813
threshold=1.0000000180025095e-35 0.0016499999910593035 0.0023500000825151805 0.0084500000812113302 0.0035500000230968003 0.0010500000207684936 0.0015499999863095584 0.0052499999292194852 0.0011500000255182388 0.0051500000990927228 0.0010500000207684936 0.0011500000255182388 0.0010500000207684936 0.0013499999768100681
decision_type=2 2 2 2 2 2 2 2 2 2 2 2 2 2
left_child=1 3 8 4 5 6 7 13 9 -2 -3 -12 -13 -1
right_child=2 10 -4 -5 -6 -7 -8 -9 -10 -11 11 12 -14 -15
leaf_value=-0.0040330258122757466 -0.02473806938847212 0.051492933039567264 0.051033530724059396 -0.023853989076736776 0.036423600758067547 0.035088827167756589 -0.033658914404499897 0.060979059437048601 -8.7131600125124511e-05 0.041757644278375299 -0.043909904034711678 0.047636235591488579 -0.011358030975900992 0.074150547525918237
leaf_weight=359.24275442957878 8.016915485262869 36.761552944779396 128.73430751264095 95.108766630291939 45.438100889325142 35.458026066422462 78.314370170235634 11.218719795346258 43.705945581197739 84.032829090952873 10.104437008500097 24.75744566321373 13.713625892996786 5.0419456362724295
leaf_count=1182 17 64 267 409 123 84 274 25 133 155 31 49 51 11
internal_value=0.0101851 0.000133374 0.0373387 -0.00376849 -0.000184638 -0.0035993 -0.00663798 -0.000984431 0.0242947 0.0359023 0.0289482 0.0117337 0.0265282 -0.00291988
internal_weight=979.65 715.16 264.49 629.823 534.714 489.276 453.818 375.503 135.756 92.0497 85.3371 48.5755 38.4711 364.285
internal_count=2875 2303 572 2108 1699 1576 1492 1218 305 172 195 131 100 1193
is_linear=0
shrinkage=0.04


Tree=23
num_leaves=15
num_cat=0
split_feature=301 278 301 105 214 263 155 127 281 263 176 25 218 194
split_gain=156.469 46.6736 28.5315 27.8111 34.085 23.2991 24.091 22.5525 19.3915 19.1692 19.3914 19.1653 23.1974 19.0474
threshold=1.0000000180025095e-35 0.0016499999910593035 0.0023500000825151805 0.0018500000005587938 0.039200000464916236 0.0047500000800937423 1.0000000180025095e-35 0.0011500000255182388 0.0030500000575557355 0.0051500000990927228 0.12674999982118609 0.0010500000207684936 0.0011500000255182388 0.0024500000290572648
decision_type=2 2 2 2 2 2 2 2 2 2 2 2 2 2
left_child=1 3 7 5 -5 -1 -7 9 -6 -2 -11 -3 -13 -8
right_child=2 11 -4 4 8 6 13 -9 -10 10 -12 12 -14 -15
leaf_value=-0.0069702406064418585 -0.023751512527343501 0.049863303884583862 0.050029386809845353 -0.024109800898564931 -0.05401846784846176 0.020411685606085524 -0.013174018410309272 -8.3653834802338469e-05 0.068485279543904792 0.043998600887487908 -0.064189008184527857 -0.042173889558999589 0.025617237159404404 0.066981296629890497
leaf_weight=257.75815081596375 8.0199959278106672 36.453946441411972 126.12046904861927 140.75679981708527 2.4699504822492591 142.90831725299358 69.132049083709717 43.706170126795769 10.202954441308973 80.640050977468491 2.6261547505855551 10.103654935956 38.251200690865517 4.9823552668094626
leaf_count=854 17 64 267 593 10 389 225 133 24 151 4 31 100 13
internal_value=0.00983677 0.000128502 0.0363216 -0.00362749 -0.0184281 0.0011499 0.0108114 0.0234575 0.0440601 0.0347601 0.0404656 0.0279691 0.0113121 -0.00764867
internal_weight=974.132 713.019 261.113 628.211 153.43 474.781 217.023 134.992 12.6729 91.2862 83.2662 84.8088 48.3549 74.1144
internal_count=2875 2303 572 2108 627 1481 627 305 34 172 155 195 131 238
is_linear=0
shrinkage=0.04


Tree=24
num_leaves=15
num_cat=0
split_feature=301 278 250 301 159 185 287 109 250 263 150 155 127 50
split_gain=146.667 43.2307 35.972 27.8154 23.6034 33.5284 29.4756 26.1733 28.962 29.6491 29.9028 25.3117 21.1091 18.1597
threshold=1.0000000180025095e-35 0.0016499999910593035 0.011400000192224981 0.0023500000825151805 0.17580000311136249 0.0010500000207684936 0.0049499999731779107 0.0021499999566003685 0.0018500000005587938 0.002549999975599349 0.0010500000207684936 0.010650000069290401 0.0011500000255182388 0.0015499999863095584
decision_type=2 2 2 2 2 2 2 2 2 2 2 2 2 2
left_child=1 2 4 12 5 7 -7 8 9 -1 -11 -9 -2 -3
right_child=3 13 -4 -5 -6 6 -8 11 -10 10 -12 -13 -14 -15
leaf_value=-0.0223334080524283 0.033676787905765768 0.03644444188145711 0.040560489976955987 0.049076580632862687 -0.036028254142485769 -0.010002364719815962 0.050730010352137152 -0.040980691412539801 0.020338873967322618 0.012544872838547199 -0.016385917296162251 0.037545042104513093 -8.0314526385749649e-05 -0.0091856458213989307
leaf_weight=139.49426122009754 90.461275532841682 66.992830663919449 28.197551339864731 123.48179495334625 38.071085706353188 20.985593393445015 32.136991441249847 53.224175900220871 69.700042933225632 141.86430451273918 95.570688232779503 7.3581579476594916 43.706385314464569 17.410245731472969
leaf_count=533 172 137 65 267 176 66 78 206 178 396 386 24 133 58
internal_value=0.00949946 0.000122888 -0.00349277 0.0353493 -0.00558173 -0.00349989 0.0266894 -0.00667427 -0.00331451 -0.00770323 0.000881016 -0.0313311 0.0226584 0.026985
internal_weight=968.655 711.006 626.603 257.649 598.405 560.334 53.1226 507.212 446.629 376.929 237.435 60.5823 134.168 84.4031
internal_count=2875 2303 2108 572 2043 1867 144 1723 1493 1315 782 230 305 195
is_linear=0
shrinkage=0.04


Tree=25
num_leaves=15
num_cat=0
split_feature=278 127 188 50 127 202 194 225 300 47 232 204 2 33
split_gain=148.907 48.1487 60.2363 34.3487 33.5793 28.9757 27.3437 24.2355 21.2187 20.4709 19.6065 18.0984 27.3384 17.109
threshold=0.0020500000100582842 1.0000000180025095e-35 1.0000000180025095e-35 1.0000000180025095e-35 0.002549999975599349 0.0071499999612569818 0.0017499999958090486 1.0000000180025095e-35 1.0000000180025095e-35 0.0018500000005587938 0.0021499999566003685 0.0040500001050531873 0.0081500001251697558 0.0022500000195577745
decision_type=2 2 2 2 2 2 2 2 2 2 2 2 2 2
left_child=1 2 3 5 -2 7 -3 8 -1 -9 -4 12 -6 -8
right_child=4 6 10 -5 11 -7 13 9 -10 -11 -12 -13 -14 -15
leaf_value=0.044823221302037468 0.049336633539530647 -0.02127421023245428 0.02191092021397861 -0.030683465026730711 0.01977505564206624 0.060011968616117441 0.025813897384038206 -0.0091017001976621062 -0.0055135260968649713 0.025662519658794101 0.06320114815242564 0.048654374604868808 -0.054037489994271999 -0.04233845868155816
leaf_weight=33.981648951768875 167.85841181874275 157.37510615587234 195.9515173137188 52.810895457863808 27.451921537518501 14.121559649705885 36.009883925318718 196.43792861700058 21.831780701875687 31.300105154514313 20.401653677225113 16.083788886666298 11.225141957402228 6.9136887192726126
leaf_count=107 336 656 490 231 78 27 117 599 72 70 42 41 45 36
internal_value=0.0116632 0.00329769 0.00925866 -0.000976432 0.040458 0.00428907 -0.0135478 0.00147965 0.0250875 -0.00429702 0.0258504 0.013129 -0.00162832 0.0146707
internal_weight=989.755 767.136 566.837 350.484 222.619 297.673 200.299 283.551 55.8134 227.738 216.353 54.7609 38.6771 42.9236
internal_count=2947 2447 1638 1106 500 875 809 848 179 669 532 164 123 153
is_linear=0
shrinkage=0.04


Tree=26
num_leaves=15
num_cat=0
split_feature=278 250 184 309 127 50 253 109 263 159 250 102 169 25
split_gain=140.276 59.029 37.6417 32.4982 32.2936 31.6774 25.0131 28.5424 28.3117 39.2503 29.3884 27.0735 26.0522 23.9411
threshold=0.0020500000100582842 0.0072500000242143878 1.0000000180025095e-35 0.0050000001210719356 0.002549999975599349 0.0012500000302679839 0.019999999552965168 0.0014499999815598132 0.0067499999422580012 0.014650000259280207 1.0000000180025095e-35 0.0011500000255182388 0.0016499999910593035 1.0000000180025095e-35
decision_type=2 2 2 2 2 2 2 2 2 2 2 2 2 2
left_child=1 2 3 5 -2 6 7 8 10 -10 -1 13 -9 -12
right_child=4 -3 -4 -5 -6 -7 -8 12 9 -11 11 -13 -14 -15
leaf_value=-0.012985327042185491 0.048317113426338903 0.038094165014565112 0.061597656258879814 0.062725375931284563 0.012663264395866179 -0.019876681524439586 0.056810611844276444 -0.031966937469425326 0.029115729991899961 -0.010624288186486315 0.0050762281135981659 -0.047872229680817668 0.025769571619136209 0.055651096783299166
leaf_weight=180.2338849902153 164.61237849295139 70.233811259269714 15.24144199490547 12.173038482666014 54.518711894750595 139.78233003616333 12.6786972284317 67.70847649872303 123.17967537045479 58.456735908985138 34.973554328083992 8.7287048846483213 15.175297722220419 26.379646271467209
leaf_count=647 336 155 37 28 164 585 17 232 299 225 90 33 46 53
internal_value=0.0112646 0.00317404 -0.000355524 -0.00175996 0.0394747 -0.00295154 0.00152867 0.00014872 0.00428322 0.0163052 -0.00442736 0.0175118 -0.0213294 0.0269418
internal_weight=984.076 764.945 694.711 679.47 219.131 667.297 527.515 514.836 431.952 181.636 250.316 70.0819 82.8838 61.3532
internal_count=2947 2447 2292 2255 500 2227 1642 1625 1347 524 823 176 278 143
is_linear=0
shrinkage=0.04


Tree=27
num_leaves=15
num_cat=0
split_feature=278 127 188 127 224 194 185 225 24 159 47 214 225 275
split_gain=131.935 42.7079 53.3719 31.2418 31.0631 25.2262 23.6555 29.2378 23.0751 20.0825 19.2753 19.0663 17.9417 25.673
threshold=0.0020500000100582842 1.0000000180025095e-35 1.0000000180025095e-35 0.002549999975599349 0.0030500000575557355 0.0017499999958090486 0.0010500000207684936 1.0000000180025095e-35 0.0018500000005587938 0.031700000166893012 0.0010500000207684936 0.014949999749660494 0.0029499999945983295 1.0000000180025095e-35
decision_type=2 2 2 2 2 2 2 2 2 2 2 2 2 2
left_child=1 2 4 -2 6 -3 7 -1 -9 12 -8 -7 -4 -14
right_child=3 5 9 -5 -6 11 10 8 -10 -11 -12 -13 13 -15
leaf_value=0.019505676754354773 0.047344398487982178 -0.020376124220145921 0.055075119498539528 0.012172246133022788 0.05448793914655993 -0.00048451892119472529 0.0093313832858849307 -0.015164122131146157 0.041820747833874454 -0.02334802579746028 0.084262583821471018 0.062154412881755737 -0.018776706424783809 0.028139861757527154
leaf_weight=55.798119857907295 161.3431444466114 155.55618886649609 31.906931355595589 54.454588785767555 15.334254965186117 32.77444913983345 17.425069198012356 239.77150785923004 11.806750029325483 13.085979893803595 8.0434198975563032 10.042405039072035 21.163394644856453 148.58789339661598
leaf_count=182 336 656 79 164 31 127 45 809 29 47 10 26 57 349
internal_value=0.010896 0.00306287 0.00869104 0.0384973 -0.000971811 -0.0128844 -0.00355447 -0.00663843 -0.0124583 0.0243698 0.0333895 0.0142244 0.0274962 0.0222595
internal_weight=977.094 761.296 562.923 215.798 348.179 198.373 332.845 307.376 251.578 214.744 25.4685 42.8169 201.658 169.751
internal_count=2947 2447 1638 500 1106 809 1075 1020 838 532 55 153 485 406
is_linear=0
shrinkage=0.04


Tree=28
num_leaves=15
num_cat=0
split_feature=278 250 184 127 257 53 253 202 109 250 254 43 263 225
split_gain=124.213 53.2008 34.2748 30.2471 30.1427 36.6714 27.4333 27.3198 31.8212 37.3066 29.2226 20.5181 20.45 20.2104
threshold=0.0020500000100582842 0.0072500000242143878 1.0000000180025095e-35 0.002549999975599349 0.009000000078231098 0.0016499999910593035 0.015050000045448543 0.0022500000195577745 0.0017499999958090486 0.0017499999958090486 0.0013499999768100681 1.0000000180025095e-35 0.0079499999992549437 0.010549999773502352
decision_type=2 2 2 2 2 2 2 2 2 2 2 2 2 2
left_child=1 2 4 -2 5 6 7 8 9 12 -9 -11 -1 -14
right_child=3 -3 -4 -5 -6 -7 -8 10 -10 11 -12 -13 13 -15
leaf_value=-0.014277944434846699 0.046413921339820245 0.036312146687119087 0.059753211213452673 0.011700453855076573 0.047801535023895843 -0.032551307514454703 0.051806910518029554 -0.012345936839237452 -0.030168447364918034 0.028728894369073256 0.032207150481580647 -0.062935617945100844 0.023694066427467877 -0.010731118897764623
leaf_weight=216.86786909401417 158.0632204413414 69.382198244333267 14.723677277565001 54.389695405960083 18.990143269300461 61.525809794664383 15.735774874687193 35.599166631698608 71.71971994638443 72.720677718520164 68.679065674543381 4.0108358114957801 55.9926997423172 52.869981184601784
leaf_count=775 336 155 37 164 52 294 25 144 267 172 193 14 152 167
internal_value=0.0105275 0.00295107 -0.00040524 0.0375555 -0.00173262 -0.00318033 -0.000127424 -0.00155581 -0.0056392 -0.00125168 0.0169618 0.0238098 -0.00717311 0.006944
internal_weight=971.271 758.818 689.435 212.453 674.712 655.722 594.196 578.46 474.182 402.462 104.278 76.7315 325.731 108.863
internal_count=2947 2447 2292 500 2255 2203 1909 1884 1547 1280 337 186 1094 319
is_linear=0
shrinkage=0.04


Tree=29
num_leaves=15
num_cat=0
split_feature=301 113 250 194 253 109 301 216 231 124 185 225 239 152
split_gain=108.776 37.0826 43.1178 29.9607 28.6828 36.2274 27.0629 24.3494 24.8364 22.157 25.5928 27.5758 24.1833 21.4388
threshold=1.0000000180025095e-35 0.0013499999768100681 0.0049499999731779107 0.0020500000100582842 0.014449999667704107 0.0014499999815598132 0.0038499999791383748 0.0021499999566003685 1.0000000180025095e-35 0.0084500000812113302 0.0011500000255182388 0.0016499999910593035 0.0016499999910593035 1.0000000180025095e-35
decision_type=2 2 2 2 2 2 2 2 2 2 2 2 2 2
left_child=1 2 4 -3 5 7 -2 8 9 10 11 -1 -13 -4
right_child=6 3 13 -5 -6 -7 -8 -9 -10 -11 -12 12 -14 -15
leaf_value=0.019340187923736974 0.02273352380294133 -0.027754622791820165 0.039910655752076918 0.046667793274783806 0.044017408505430192 -0.026175153836883937 0.049839246358319537 0.046468380419962749 0.023272433266514937 -0.032514478222921965 0.058909620929098912 -0.031284113916821114 -0.00074339731761863953 -0.075130776638390351
leaf_weight=76.586479917168617 170.85078111290932 90.151549309492111 66.441364288330078 9.4459506869316083 24.528602093458176 73.321944445371628 90.990982323884964 20.671861499547958 72.819666266441345 35.060639664530754 11.645589366555212 55.61952868103981 163.51270127296448 2.5839864313602439
leaf_count=258 415 410 149 32 43 264 218 60 204 169 21 226 467 11
internal_value=0.0101837 0.0019733 0.00571517 -0.0206165 0.00185734 -0.000173782 0.0321836 0.00419552 0.00207077 -0.00243175 0.000996193 -0.0012901 -0.00852414 0.0354437
internal_weight=964.232 702.39 602.792 99.5975 533.767 509.238 261.842 435.916 415.245 342.425 307.364 295.719 219.132 69.0254
internal_count=2947 2314 1872 442 1712 1669 633 1405 1345 1141 972 951 693 160
is_linear=0
shrinkage=0.04


Tree=30
num_leaves=15
num_cat=0
split_feature=301 250 50 279 150 253 109 257 201 287 202 105 167 202
split_gain=122.956 41.5392 33.2982 32.5579 27.4212 25.1761 27.0311 23.869 23.8326 24.4778 22.4085 19.263 19.104 19.604
threshold=0.0019500000635161998 0.0055499998852610597 0.0012500000302679839 0.0015499999863095584 0.010650000069290401 0.013749999925494196 0.0010500000207684936 0.0030000001424923543 0.0029499999945983295 0.040799999609589584 0.0010500000207684936 0.0017499999958090486 1.0000000180025095e-35 0.0071499999612569818
decision_type=2 2 2 2 2 2 2 2 2 2 2 2 2 2
left_child=1 2 3 5 -3 6 11 -4 -5 -10 -7 12 13 -1
right_child=-2 4 7 8 -6 10 -8 -9 9 -11 -12 -13 -14 -15
leaf_value=1.0598688210374497e-06 0.042455100367314265 0.03547287678263681 -0.023052526152475685 0.041332164537170847 -0.041351033698302626 0.059356309446530413 -0.025684025651714001 0.024988728768675722 0.014555721653193406 -0.068104781680158211 -0.054574374991793163 -0.021249317309768083 0.050530204655062097 0.040690683494527403
leaf_weight=274.55991683900356 141.123201161623 78.075114786624908 139.86746315658092 56.011562332510948 8.0848169326782209 17.644280269742016 71.54146808385849 18.605109453201294 38.281274035573006 6.63471695780754 3.1541880071163169 52.118780240416527 13.992054045200346 20.264945730566978
leaf_count=846 340 178 598 131 28 20 250 61 121 27 13 221 29 46
internal_value=0.00804772 0.00195971 -0.0012079 0.0034101 0.0281782 -0.00115795 -0.00323786 -0.0173749 0.0239461 0.00213259 0.0417083 0.00120602 0.00501439 0.00282429
internal_weight=939.959 798.836 712.676 554.203 86.1599 453.276 432.477 158.473 100.928 44.916 20.7985 360.936 308.817 294.825
internal_count=2909 2569 2363 1704 206 1425 1392 659 279 148 33 1142 921 892
is_linear=0
shrinkage=0.04


Tree=31
num_leaves=15
num_cat=0
split_feature=301 250 239 225 25 312 275 101 159 277 105 50 227 47
split_gain=116.318 38.5464 31.2548 29.7694 28.1324 28.6918 26.5601 22.4618 21.0873 20.6175 19.1236 21.6729 18.5487 18.1656
threshold=0.0019500000635161998 0.0055499998852610597 0.013650000095367433 0.0027499999850988392 0.0021499999566003685 0.0011500000255182388 1.0000000180025095e-35 1.0000000180025095e-35 0.041349999606609351 0.0052499999292194852 1.0000000180025095e-35 1.0000000180025095e-35 0.007849999703466894 1.0000000180025095e-35
decision_type=2 2 2 2 2 2 2 2 2 2 2 2 2 2
left_child=1 2 3 4 5 10 13 -8 -3 -9 11 -1 -10 -4
right_child=-2 8 6 -5 -6 -7 7 9 12 -11 -12 -13 -14 -15
leaf_value=0.024168270187728283 0.041644634840607257 0.036043108202271343 0.011798114979130903 -0.012203786355456894 -0.019390526103259142 0.056424553671119149 0.030534994876577588 -0.045746538532120712 -0.041622006349713629 0.022757149500353863 -0.02695644711663852 -0.050318835613436863 0.068413510814395478 -0.041301881514496791
leaf_weight=68.351971864700317 138.17680835723877 71.538519874215126 20.498666986823082 372.46619462966919 42.947704523801804 24.910326838493347 106.04311212897301 13.25307770073414 11.01531073451042 14.679267525672911 19.504566222429276 6.7541552037000647 3.0298067927360526 20.39834176003933
leaf_count=212 340 160 55 1325 196 63 236 54 41 43 91 35 5 53
internal_value=0.00778196 0.00188975 -0.00116392 -0.00596828 0.00830099 0.0182928 0.0135048 0.022126 0.0272345 -0.00965039 0.00816173 0.0173586 -0.0172866 -0.0146253
internal_weight=933.568 795.391 709.807 534.935 162.469 119.521 174.872 133.975 85.5836 27.9323 94.6107 75.1061 14.0451 40.897
internal_count=2909 2569 2363 1922 597 401 441 333 206 97 338 247 46 108
is_linear=0
shrinkage=0.04


Tree=32
num_leaves=15
num_cat=0
split_feature=303 188 102 277 124 219 250 300 225 25 202 225 214 224
split_gain=102.431 36.3242 47.1725 30.0782 31.4534 20.8155 20.239 19.2576 23.9654 22.2286 20.5777 21.3943 17.9111 16.447
threshold=0.0022500000195577745 0.0011500000255182388 0.0011500000255182388 0.0038499999791383748 0.0057500000111758718 0.0012500000302679839 0.0049499999731779107 0.12985000014305118 1.0000000180025095e-35 1.0000000180025095e-35 0.0071499999612569818 0.0024500000290572648 0.034749999642372138 0.0010500000207684936
decision_type=2 2 2 2 2 2 2 2 2 2 2 2 2 2
left_child=1 6 -3 4 5 -4 7 8 9 -1 -10 -12 -8 -11
right_child=-2 2 3 -5 -6 -7 12 -9 10 13 11 -13 -14 -15
leaf_value=0.031077498785821604 0.041024886055525844 0.030211287057829259 -0.0070043909896114935 0.017608311769566839 -0.036513243898509663 0.035256235058470586 0.031541070821856108 0.031198670357330573 -0.019187102495328311 -0.023384650909926492 -0.054677595542203361 0.053367979592175346 -0.054934196345118938 0.077120947519789609
leaf_weight=36.73336336016655 126.05549854040146 133.1616363376379 88.556384399533272 106.00069665908813 49.006448581814766 23.502362161874771 33.360813036561012 17.851069778203964 261.47415113449097 29.248420879244808 3.7350447326898566 12.136180505156515 4.2064382433891288 2.7475949227809897
leaf_count=108 301 317 280 334 227 59 84 47 958 129 19 29 13 4
internal_value=0.00751957 0.00224204 0.0107721 0.00105689 -0.00981533 0.0018469 -0.00625174 -0.00914626 -0.0112473 0.00985038 -0.0164916 0.0275075 0.021632 -0.0144159
internal_weight=927.776 801.721 400.228 267.066 161.065 112.059 401.493 363.926 346.075 68.7294 277.345 15.8712 37.5673 31.996
internal_count=2909 2608 1217 900 566 339 1391 1294 1247 241 1006 48 97 133
is_linear=0
shrinkage=0.04


Tree=33
num_leaves=15
num_cat=0
split_feature=301 250 50 263 150 263 150 225 250 250 278 201 300 253
split_gain=105.764 34.2929 29.5428 35.7383 27.313 26.6901 23.1123 20.2871 28.0002 20.8975 20.2438 20.1265 19.0281 19.8596
threshold=0.0019500000635161998 0.0055499998852610597 0.0012500000302679839 0.0027499999850988392 0.0010500000207684936 0.0624500010162592 0.010650000069290401 0.0027499999850988392 1.0000000180025095e-35 0.0028499999316409235 0.0019500000635161998 0.014050000347197058 1.0000000180025095e-35 0.0070500001311302194
decision_type=2 2 2 2 2 2 2 2 2 2 2 2 2 2
left_child=1 2 3 7 12 10 -3 8 -1 11 -4 -9 -5 -14
right_child=-2 6 5 4 -6 -7 -8 9 -10 -11 -12 -13 13 -15
leaf_value=-0.010988877863184237 0.040275658929296458 0.032577308787276833 -0.020014823709111465 0.057908942309474416 -0.0036812952790905994 0.018169936835998955 -0.038516986243048203 -0.041131957493437114 0.048490511033095277 0.0409081698290076 -0.08331218154084509 0.030472517917534959 0.010075987904250818 0.045400482449565134
leaf_weight=61.011993691325188 132.82671923935413 76.408568024635315 118.62525679171085 17.603691771626472 152.73305544257164 28.711492359638214 7.9561327844858161 63.389499604701996 15.868638619780539 6.3655298203229895 8.6481654942035657 6.8326678276062003 195.63907273113728 29.320593789219856
leaf_count=245 340 178 537 44 550 92 28 231 36 15 30 26 509 48
internal_value=0.00726637 0.00170066 -0.00118034 0.00318044 0.00954625 -0.0165397 0.0257876 -0.0131858 0.00128312 -0.027745 -0.0244093 -0.0340745 0.0178897 0.014716
internal_weight=921.941 789.114 704.75 548.765 395.296 155.985 84.3647 153.468 76.8806 76.5877 127.273 70.2222 242.563 224.96
internal_count=2909 2569 2363 1704 1151 659 206 553 281 272 567 257 601 557
is_linear=0
shrinkage=0.04


Tree=34
num_leaves=15
num_cat=0
split_feature=301 257 124 250 263 250 50 229 211 300 231 225 250 244
split_gain=100.101 32.0732 41.5217 33.7174 30.3066 24.4984 23.9188 20.8265 24.4583 21.1926 23.3558 18.7023 26.0234 19.7813
threshold=0.0019500000635161998 0.009000000078231098 0.0079499999992549437 0.011400000192224981 0.0027499999850988392 0.0028499999316409235 0.0012500000302679839 0.0011500000255182388 0.0048500001430511483 0.0010500000207684936 0.0035500000230968003 0.002650000038556755 1.0000000180025095e-35 0.013550000265240671
decision_type=2 2 2 2 2 2 2 2 2 2 2 2 2 2
left_child=1 2 3 4 5 11 7 9 -9 -6 -11 12 -1 -13
right_child=-2 -3 -4 -5 6 -7 -8 8 -10 10 -12 13 -14 -15
leaf_value=-0.013800744516010504 0.039527116995043986 0.043668459114995964 -0.022657841032959012 0.039554536275484192 0.050941716827126671 0.028784318197864388 -0.011973372200752681 -0.069305093519562905 0.047104240763251939 0.0019267065448611751 0.040045449382045115 -0.038928109348915933 0.052212163454046071 0.022219428131818857
leaf_weight=60.140896424651146 129.98813924193382 27.91561022400856 109.72826763987541 39.819529578089714 17.430701360106468 19.960242599248886 84.021835148334503 3.0084032863378516 38.373705565929413 266.39293180406094 28.405678793787956 69.941989377140999 11.247868672013281 9.4755345135927183
leaf_count=248 340 76 494 88 46 49 312 9 72 780 61 275 24 35
internal_value=0.00702471 0.00163911 8.03123e-05 0.00393842 0.00159467 -0.0126841 0.00717708 0.0117408 0.0383984 0.00818374 0.00562558 -0.0182147 -0.00328545 -0.0315633
internal_weight=915.851 785.863 757.948 648.219 608.4 170.767 437.633 353.611 41.3821 312.229 294.799 150.806 71.3888 79.4175
internal_count=2909 2569 2493 1999 1911 631 1280 968 81 887 841 582 272 310
is_linear=0
shrinkage=0.04


Tree=35
num_leaves=15
num_cat=0
split_feature=218 127 105 253 312 204 277 222 202 179 263 225 109 263
split_gain=87.0204 59.2738 30.9359 27.8626 25.4773 25.0811 24.5232 24.2247 24.1902 22.2752 31.9003 25.7689 18.1429 18.3453
threshold=0.0012500000302679839 0.002549999975599349 1.0000000180025095e-35 0.015050000045448543 0.0013499999768100681 0.012550000101327898 0.055850001052021987 0.0010500000207684936 0.002549999975599349 0.0012500000302679839 0.0067499999422580012 0.0044499998912215242 1.0000000180025095e-35 0.020250000059604648
decision_type=2 2 2 2 2 2 2 2 2 2 2 2 2 2
left_child=2 -2 3 4 8 -3 7 -4 9 10 -1 -11 -12 -14
right_child=1 5 6 -5 -6 -7 -8 -9 -10 11 12 -13 13 -15
leaf_value=-0.0039002465151568634 0.04083698843143848 -0.0052505730227451379 -0.024586539102960249 0.056719247537239385 0.046498055388316473 0.042775970698375736 0.027789416710403178 0.036836548242620476 0.028906967798749638 0.024266721980646597 0.040279835583333694 -0.026303525934258106 -0.051070403487868017 0.04663127501539404
leaf_weight=198.16148975491524 171.31944850087166 93.447685420513153 144.70080940425396 15.888457730412481 20.366989746689796 21.254976496100426 18.950913771986961 10.920846402645109 43.649102061986923 19.369564607739449 48.447030931711197 92.246634945273399 7.8265379220247251 4.8993293344974518
leaf_count=666 426 354 635 21 52 61 58 26 114 58 113 289 30 8
internal_value=0.00766925 0.0259419 -0.000683667 0.00484552 0.00292889 0.00364365 -0.014981 -0.0202296 0.000768232 -0.00253892 0.00387964 -0.017478 0.0291121 -0.0130741
internal_weight=911.45 286.022 625.428 450.855 434.967 114.703 174.573 155.622 414.6 370.951 259.334 111.616 61.1729 12.7259
internal_count=2911 841 2070 1351 1330 415 719 661 1278 1164 817 347 151 38
is_linear=0
shrinkage=0.04


Tree=36
num_leaves=15
num_cat=0
split_feature=301 257 59 279 253 92 109 250 43 211 50 263 225 201
split_gain=100.892 30.7936 30.961 31.1589 26.1252 28.4385 23.9327 32.2384 41.1331 22.4039 23.7061 22.0456 30.35 22.004
threshold=0.0023500000825151805 0.009000000078231098 1.0000000180025095e-35 0.0034500000765547161 0.012300000060349705 0.0024500000290572648 0.0015499999863095584 0.0017499999958090486 1.0000000180025095e-35 0.015150000341236593 1.0000000180025095e-35 0.0067499999422580012 0.002549999975599349 0.046250000596046455
decision_type=2 2 2 2 2 2 2 2 2 2 2 2 2 2
left_child=1 2 3 4 6 -6 7 9 -9 10 11 12 -1 -8
right_child=-2 -3 -4 -5 5 -7 13 8 -10 -11 -12 -13 -14 -15
leaf_value=0.0078714636239399401 0.043573897657326069 0.043812622979034814 -0.034554336156253342 0.024169421338959489 0.040209648887360942 -0.06733585791681386 -0.027206428181633328 0.030068418391654236 -0.062444218905744711 0.024634059881104581 -0.028571037660042764 0.013701645229591589 -0.024216447642415161 0.024161170760745688
leaf_weight=84.725043088197708 108.56266039609909 27.736521780490875 37.216135263442993 94.87143549323082 39.286148592829704 4.2547396868467322 91.39096437394619 87.559892803430557 8.3112168461084348 39.371019095182419 66.776846557855606 94.324443250894547 105.7783560603857 15.458996847271917
leaf_count=300 295 76 193 254 72 20 339 216 29 121 303 282 360 51
internal_value=0.00741428 0.00247934 0.000978454 0.00279467 -0.000384604 0.0294786 -0.00258606 0.00116978 0.02195 -0.0039198 -0.0071346 -0.0020866 -0.00992795 -0.0197215
internal_weight=905.624 797.062 769.325 732.109 637.238 43.5409 593.697 486.847 95.8711 390.976 351.605 284.828 190.503 106.85
internal_count=2911 2616 2540 2347 2093 92 2001 1611 245 1366 1245 942 660 390
is_linear=0
shrinkage=0.04


Tree=37
num_leaves=15
num_cat=0
split_feature=301 239 225 185 300 113 180 250 105 50 152 275 47 25
split_gain=96.0597 31.0944 25.2973 24.6239 22.8434 22.4485 21.3745 19.9816 25.3982 18.7675 18.5619 20.1236 24.6348 29.0363
threshold=0.0023500000825151805 0.01340000005438924 0.0016499999910593035 0.0010500000207684936 0.0036499999696388845 1.0000000180025095e-35 0.0012500000302679839 0.0057500000111758718 0.0012500000302679839 1.0000000180025095e-35 1.0000000180025095e-35 0.0015499999863095584 1.0000000180025095e-35 0.0031500000040978198
decision_type=2 2 2 2 2 2 2 2 2 2 2 2 2 2
left_child=1 2 5 6 -5 9 7 -4 -9 -1 11 12 -3 -14
right_child=-2 10 3 4 -6 -7 -8 8 -10 -11 -12 -13 13 -15
leaf_value=0.024746464106698229 0.04296767859332179 0.022965682677473263 -0.014471267185805747 0.10268108368559105 0.0093607522203544933 -0.034052264405968737 0.052460350150162642 0.035364357389569286 -0.039426021087210057 -0.049692825102374071 -0.021650000094632482 0.028143393812699223 -0.062068142931825963 0.03830198598342277
leaf_weight=98.626986399292946 105.74908038973808 28.670364752411842 356.9685093909502 4.3976651430129996 66.624361604452133 13.418516278266905 8.411842152476309 28.072350442409515 9.6560030579566938 5.6089721322059622 18.833410859107971 131.56104415655136 15.817181468009951 6.3622267097234717
leaf_count=319 295 73 1346 4 211 73 22 65 33 30 73 311 42 14
internal_value=0.00717377 0.00239086 -0.00222258 -0.00634844 0.0153316 0.0143613 -0.0101809 -0.011539 0.0160635 0.0206587 0.0159715 0.0198875 -0.00140732 -0.0330545
internal_weight=898.779 793.029 591.785 474.131 71.022 117.654 403.109 394.697 37.7284 104.236 201.244 182.411 50.8498 22.1794
internal_count=2911 2616 2103 1681 215 422 1466 1444 98 349 513 440 129 56
is_linear=0
shrinkage=0.04


Tree=38
num_leaves=15
num_cat=0
split_feature=301 239 225 25 250 231 216 244 113 152 275 6 222 33
split_gain=91.4958 28.8483 23.304 21.3136 19.2351 21.6412 19.9017 18.6527 18.5373 17.2257 18.6757 16.451 15.6928 15.6701
threshold=0.0023500000825151805 0.01340000005438924 0.0016499999910593035 0.0020500000100582842 0.0055499998852610597 0.0035500000230968003 0.0021499999566003685 0.0047500000800937423 1.0000000180025095e-35 1.0000000180025095e-35 0.0015499999863095584 1.0000000180025095e-35 0.0010500000207684936 1.0000000180025095e-35
decision_type=2 2 2 2 2 2 2 2 2 2 2 2 2 2
left_child=1 2 3 11 5 6 13 -7 -6 10 12 -1 -3 -4
right_child=-2 9 4 -5 8 7 -8 -9 -10 -11 -12 -13 -14 -15
leaf_value=0.028828260672786987 0.042378580735631506 0.0083559361538198054 -0.01249993952326574 -0.015630936854963966 0.029279946948488726 -0.055640679539043413 0.028286947115664689 0.021130279402215117 -0.03759334605017417 -0.020873475758767253 0.027202173455008062 -0.032822415559482933 -0.051987908146907985 -0.049993261703310685
leaf_weight=81.022330403327942 102.98775395750999 42.380136951804161 329.74299013614655 29.399955198168755 39.396595478057861 5.4802193641662589 18.107380732893944 52.850163608789444 7.834553822875022 18.757954195141792 130.69002655148506 7.429837465286254 8.1271587163209897 18.864366859197617
leaf_count=251 295 111 1199 136 97 24 62 163 29 73 311 35 18 107
internal_value=0.00693363 0.00230352 -0.00214016 0.0137544 -0.00611703 -0.00881514 -0.0124206 0.0137662 0.0180467 0.0154327 0.0192227 0.0235733 -0.00135853 -0.0145541
internal_weight=893.071 790.084 590.128 117.852 472.276 425.045 366.715 58.3304 47.2311 199.955 181.197 88.4522 50.5073 348.607
internal_count=2911 2616 2103 422 1681 1555 1368 187 126 513 440 286 129 1306
is_linear=0
shrinkage=0.04


Tree=39
num_leaves=15
num_cat=0
split_feature=301 257 134 53 312 188 288 102 161 239 220 220 124 120
split_gain=87.1661 27.9695 30.4096 27.6601 32.9189 21.3186 21.2858 20.4131 18.8619 21.5071 18.4529 19.2429 19.2363 17.5119
threshold=0.0023500000825151805 0.009000000078231098 0.0014499999815598132 1.0000000180025095e-35 0.0047500000800937423 0.0064499999862164268 0.0015499999863095584 0.0020500000100582842 1.0000000180025095e-35 0.0019500000635161998 0.0031500000040978198 0.0016499999910593035 0.0079499999992549437 0.0040500001050531873
decision_type=2 2 2 2 2 2 2 2 2 2 2 2 2 2
left_child=1 2 3 4 5 10 13 -7 9 -5 11 12 -1 -4
right_child=-2 -3 6 8 -6 7 -8 -9 -10 -11 -12 -13 -14 -15
leaf_value=0.0033205992155595017 0.041804992749591909 0.0419571999166879 -0.053234401056885011 -0.041172772428176553 0.046985478471534253 0.045917040303604412 0.0099145756597510803 0.0014310825353624984 -0.033926894786754626 0.016654069462561944 -0.041347563738211079 0.045815172703992983 -0.038305284386699605 -0.0094465408435260596
leaf_weight=428.22014290094376 100.2810821980238 27.256004273891449 34.376379251480103 14.038148149847983 31.054855361580849 36.550323292613029 23.898989945650101 30.382377922534943 47.799966640770435 37.686679005622864 15.296345874667166 16.228327333927155 18.423591390252113 25.890671297907829
leaf_count=1337 295 76 143 74 83 75 78 94 250 128 48 37 87 106
internal_value=0.00669976 0.00221735 0.000781267 0.00361157 0.00698047 0.00468581 -0.0218702 0.0258157 -0.0158384 0.000833485 0.00171496 0.00315529 0.00158643 -0.0345362
internal_weight=887.384 787.103 759.847 675.681 576.156 545.101 84.166 66.9327 99.5248 51.7248 478.168 462.872 446.644 60.2671
internal_count=2911 2616 2540 2213 1761 1678 327 169 452 202 1509 1461 1424 249
is_linear=0
shrinkage=0.04


Tree=40
num_leaves=15
num_cat=0
split_feature=278 167 105 202 120 253 125 245 231 109 111 277 127 244
split_gain=67.218 31.3611 25.7197 25.4099 27.2121 27.176 21.6237 18.8232 23.2991 23.1088 19.615 18.5139 21.8312 18.3928
threshold=0.0028499999316409235 1.0000000180025095e-35 0.0013499999768100681 0.0084500000812113302 0.0037500000325962905 0.011149999685585501 0.0017499999958090486 0.017350000329315666 0.0043500000610947618 1.0000000180025095e-35 0.0011500000255182388 0.0039500000420957812 0.054250000044703491 0.002549999975599349
decision_type=2 2 2 2 2 2 2 2 2 2 2 2 2 2
left_child=1 2 3 4 5 7 -2 8 9 -1 -11 -4 -13 -5
right_child=6 -3 11 13 -6 -7 -8 -9 -10 10 -12 12 -14 -15
leaf_value=0.0015723524490829997 0.038119331510122159 0.023565181719587405 -0.025015449822169997 -0.043210489432291013 0.043674529414748198 0.042299460328826442 -0.0051866103580971348 -0.034445887304317399 0.040734498617133678 -0.032131299225784747 0.018212705518422606 0.012023846957177054 -0.052646758338581463 0.048800260049913113
leaf_weight=269.84644654393196 118.29271373152733 87.929217085242271 109.71114115417004 3.8440231233835247 22.041953474283218 21.104466691613197 21.639437064528465 30.258877247571945 19.521929174661636 66.16552671790123 15.050585895776747 54.122245013713837 9.7672302424907667 27.913463532924652
leaf_count=859 323 256 520 14 68 39 75 114 43 238 46 186 49 64
internal_value=0.00598829 0.00115719 -0.00187411 0.00292816 0.000442961 -0.00181573 0.0313949 -0.00415835 -0.0016659 -0.00404603 -0.0227417 -0.0150517 0.00200787 0.0374368
internal_weight=877.209 737.277 649.348 475.747 443.99 421.948 139.932 400.843 370.584 351.063 81.2161 173.601 63.8895 31.7575
internal_count=2894 2496 2240 1485 1407 1339 398 1300 1186 1143 284 755 235 78
is_linear=0
shrinkage=0.04


Tree=41
num_leaves=15
num_cat=0
split_feature=278 257 250 185 109 159 231 250 312 152 176 0 201 90
split_gain=63.254 31.124 29.0801 24.3922 30.4453 30.4043 23.2942 21.4842 21.5875 20.9394 18.1996 18.064 17.3591 16.7812
threshold=0.0028499999316409235 0.009000000078231098 0.01124999998137355 1.0000000180025095e-35 1.0000000180025095e-35 0.35729999840259558 0.0010500000207684936 0.0017499999958090486 0.0011500000255182388 0.0015499999863095584 0.0042499999981373557 1.0000000180025095e-35 0.0014499999815598132 0.0011500000255182388
decision_type=2 2 2 2 2 2 2 2 2 2 2 2 2 2
left_child=1 2 3 4 6 -5 7 8 11 -2 -8 -1 -10 -6
right_child=9 -3 -4 5 13 -7 10 -9 12 -11 -12 -13 -14 -15
leaf_value=-0.013024292040546037 0.034617273687468079 0.044609383992356866 0.031881220636644059 0.027355172418296478 -0.032304536063685142 -0.0479053108880255 0.033967992966070053 0.0175317095519135 0.046916173470332632 -0.0306889872457973 -0.0138671777767745 0.088961315215119838 -0.010570257466389184 -0.0053232760282976932
leaf_weight=270.26337473094463 129.36243805289268 25.314455062150955 41.794812500476837 70.525379821658134 86.372318848967552 9.65185499191284 49.826351016759872 62.191007941961288 19.11343377828598 8.2227651476860029 16.87942086160183 2.6996487379074088 14.718606539070604 65.090394236147404
leaf_count=1024 367 76 102 195 345 46 137 169 54 31 55 5 59 229
internal_value=0.0057847 0.00111467 -0.000438436 -0.00247307 -0.00530505 0.018197 5.75099e-05 -0.00386733 -0.00822251 0.0306657 0.0218011 -0.0119688 0.0218314 -0.020747
internal_weight=872.026 734.441 709.127 667.332 587.155 80.1772 435.692 368.986 306.795 137.585 66.7058 272.963 33.832 151.463
internal_count=2894 2496 2420 2318 2077 241 1503 1311 1142 398 192 1029 113 574
is_linear=0
shrinkage=0.04


Tree=42
num_leaves=15
num_cat=0
split_feature=278 257 250 59 185 109 244 125 178 250 47 253 204 300
split_gain=59.4752 29.0973 27.1059 23.3236 26.3007 22.516 21.5302 20.2949 19.0462 18.9709 24.3192 17.7634 17.348 17.0735
threshold=0.0028499999316409235 0.009000000078231098 0.01124999998137355 1.0000000180025095e-35 1.0000000180025095e-35 1.0000000180025095e-35 0.017150000669062141 0.0017499999958090486 0.0047500000800937423 0.0013499999768100681 0.0010500000207684936 0.013549999799579384 0.012550000101327898 0.0046500000171363362
decision_type=2 2 2 2 2 2 2 2 2 2 2 2 2 2
left_child=1 2 3 4 5 6 9 -2 11 12 13 -7 -1 -11
right_child=7 -3 -4 -5 -6 8 -8 -9 -10 10 -12 -13 -14 -15
leaf_value=-0.0083819600010056356 0.036679414986220238 0.043417392233246165 0.030964702727006334 -0.035960383780484106 0.022152644507916014 -0.026505767676424125 0.023929461263546191 -0.0054827818966487049 0.038531038453744136 0.057538608929638871 -0.020750684545003294 0.022788919182879949 0.076163927593739619 0.011433622708893913
leaf_weight=287.68278657644987 113.7887719720602 24.978678181767464 41.323250070214272 31.435992836952209 71.312885582447052 116.36608908325434 56.447023779153824 21.53666964173317 8.8927779346704465 21.072493702173233 21.443370372056961 12.837902620434759 3.8286860138177863 33.591813012957573
leaf_count=1059 323 76 102 176 199 448 165 75 29 49 56 26 12 99
internal_value=0.00559068 0.00107527 -0.000422588 -0.00238364 -0.000705679 -0.0036159 0.000944431 0.0299408 -0.0176392 -0.00257953 0.0151745 -0.021563 -0.00723209 0.0293522
internal_weight=866.539 731.214 706.235 664.912 633.476 562.163 424.066 135.325 138.097 367.619 76.1077 129.204 291.511 54.6643
internal_count=2894 2496 2420 2318 2142 1943 1440 398 503 1275 204 474 1071 148
is_linear=0
shrinkage=0.04


Tree=43
num_leaves=15
num_cat=0
split_feature=301 296 112 185 218 127 113 231 225 0 300 245 245 47
split_gain=72.23 25.6234 22.5634 30.0189 28.8339 19.7351 19.0177 21.7304 27.1186 20.1544 19.7052 24.708 14.8241 15.0323
threshold=0.0022500000195577745 0.0010500000207684936 0.0010500000207684936 1.0000000180025095e-35 0.0012500000302679839 0.0027499999850988392 0.0010500000207684936 0.0010500000207684936 0.028949999250471595 0.0010500000207684936 0.0019500000635161998 0.018450000323355201 0.0094499997794628161 0.0018500000005587938
decision_type=2 2 2 2 2 2 2 2 2 2 2 2 2 2
left_child=1 2 3 4 6 -6 7 8 12 -8 -9 -12 13 -1
right_child=-2 -3 -4 -5 5 -7 9 10 -10 -11 11 -13 -14 -15
leaf_value=-0.0037555388564898123 0.038561855739261505 0.047974637519141626 -0.029075475504140275 0.025277050180837365 0.0290784887388322 -0.0038292039162941879 -0.028904755145077395 -0.031403945506496687 -0.038272494649733181 0.095935235671103222 0.039398955174765542 -0.010378797329509248 -0.039992086510270107 0.025302880108286067
leaf_weight=269.81340023130178 93.592059299349785 18.308938220143318 39.764234140515327 77.82328137755394 75.299629956483841 47.189512766897678 65.626079030334949 11.952124834060667 38.374018579721451 2.0269609391689292 50.339454293251038 23.121174648404121 16.083154693245888 31.736516252160072
leaf_count=925 304 52 196 211 193 183 324 37 129 5 123 79 57 76
internal_value=0.00540479 0.00135156 0.00020052 0.00185108 -0.00103277 0.0163752 -0.00523159 -0.00219252 -0.00654806 -0.0249693 0.0159014 0.0236846 -0.00269192 -0.000676661
internal_weight=861.051 767.458 749.15 709.385 631.562 122.489 509.073 441.42 356.007 67.653 85.4128 73.4606 317.633 301.55
internal_count=2894 2590 2538 2342 2131 376 1755 1426 1187 329 239 202 1058 1001
is_linear=0
shrinkage=0.04


Tree=44
num_leaves=15
num_cat=0
split_feature=252 150 218 127 105 250 202 253 109 127 53 277 182 312
split_gain=53.5415 39.1015 24.7665 37.4862 23.9109 28.1786 28.3177 23.9001 23.2565 20.9582 19.0196 18.5448 18.2025 17.8664
threshold=0.0012500000302679839 0.16470000147819522 0.0013499999768100681 0.0027499999850988392 0.0018500000005587938 0.0017499999958090486 0.0022500000195577745 0.015050000045448543 0.0010500000207684936 1.0000000180025095e-35 1.0000000180025095e-35 0.0054500000551342973 0.0021499999566003685 0.0031500000040978198
decision_type=2 2 2 2 2 2 2 2 2 2 2 2 2 2
left_child=2 -2 4 -4 5 6 7 8 -1 -8 12 -12 -5 -13
right_child=1 -3 3 10 -6 -7 9 -9 -10 -11 11 13 -14 -15
leaf_value=-0.005389605516128596 0.040143364219517669 -0.033892396482111842 0.032967649169348391 0.041501292221914128 -0.020367314176679467 0.017635557051940042 0.033914605941621982 0.052438254094937332 -0.033621709406644058 -0.047269850328454127 -0.044872597797842237 0.033465566027282914 -0.02572693119896511 -0.060540250122559883
leaf_weight=250.13733465969563 96.269152164459229 12.811432883143423 87.335778534412384 19.037847250700001 98.367658421397209 124.80482925474644 42.385843604803085 9.7888773977756482 57.476129323244095 5.6535050123929969 25.304173566401005 12.47562710940838 9.557009205222128 4.2416151314973822
leaf_count=850 307 57 242 59 449 317 109 14 241 25 129 40 35 20
internal_value=0.00522307 0.0313882 0.00139104 0.0154532 -0.00237767 0.00122721 -0.00436889 -0.00871154 -0.0106869 0.024199 -0.00616751 -0.0233122 0.0188814 0.00915774
internal_weight=855.647 109.081 746.566 157.952 588.614 490.247 365.442 317.402 307.613 48.0393 70.6163 42.0214 28.5949 16.7172
internal_count=2894 364 2530 525 2005 1556 1239 1105 1091 134 283 189 94 60
is_linear=0
shrinkage=0.04


Tree=45
num_leaves=15
num_cat=0
split_feature=252 250 239 105 150 275 185 296 180 278 133 109 254 244
split_gain=63.6637 29.3352 24.1866 24.1716 20.4099 20.0305 18.532 20.3899 20.2476 20.035 15.8207 14.6381 15.5193 22.4693
threshold=0.0012500000302679839 0.0057500000111758718 0.017549999989569191 0.0058500000741332778 0.2217499986290932 0.0010500000207684936 0.0010500000207684936 1.0000000180025095e-35 0.0010500000207684936 0.0011500000255182388 0.0012500000302679839 1.0000000180025095e-35 0.0067499999422580012 0.0066499998793005952
decision_type=2 2 2 2 2 2 2 2 2 2 2 2 2 2
left_child=1 2 6 -3 -2 -4 7 8 11 -8 -7 12 -1 -14
right_child=4 3 5 -5 -6 10 9 -9 -10 -11 -12 -13 13 -15
leaf_value=-0.011654146953506426 0.040496818742589584 0.030774478986196768 -0.013593122583388016 -0.038032525798086046 -0.019475900724728479 0.026249057720206304 0.027018038365274121 0.042467983786478786 0.053655540679936498 -0.038121827594459069 -0.018179668225366399 -0.023085805543263116 -0.018407548783887246 0.024966841867055559
leaf_weight=246.17860112339258 91.948965519666672 74.553214699029922 36.089589834213257 9.0373981893062574 9.9191441982984525 99.234886765480042 45.216979570686817 12.086913645267485 7.7595899254083625 8.9310477674007398 14.54326508939266 118.62101103365421 30.595651879906654 50.298967480659485
leaf_count=932 292 192 96 35 42 256 128 35 22 27 57 495 127 157
internal_value=0.00494139 0.000919881 -0.00186513 0.0232511 0.0346045 0.012278 -0.00595301 -0.00853534 -0.00991273 0.0161498 0.020524 -0.0110402 -0.00665365 0.00851009
internal_weight=855.015 753.147 669.557 83.5906 101.868 149.868 519.689 465.541 453.454 54.148 113.778 445.694 327.073 80.8946
internal_count=2893 2559 2332 227 334 409 1923 1768 1733 155 313 1711 1216 284
is_linear=0
shrinkage=0.04


Tree=46
num_leaves=15
num_cat=0
split_feature=252 250 105 239 150 275 159 180 185 296 278 275 109 254
split_gain=59.9683 27.3054 22.5144 22.4255 19.2941 18.0374 17.921 17.3067 18.7809 19.1901 18.7325 14.2037 13.6701 14.8147
threshold=0.0012500000302679839 0.0057500000111758718 0.0058500000741332778 0.016749999485909942 0.2217499986290932 0.0010500000207684936 0.088050000369548811 0.0012500000302679839 0.0010500000207684936 1.0000000180025095e-35 0.0011500000255182388 0.054849999025464065 1.0000000180025095e-35 0.0067499999422580012
decision_type=2 2 2 2 2 2 2 2 2 2 2 2 2 2
left_child=1 3 -3 7 -2 -5 -7 8 9 12 -10 -8 13 -1
right_child=4 2 -4 5 -6 6 11 -9 10 -11 -12 -13 -14 -15
leaf_value=-0.011331254959485513 0.039688816454025992 0.029856080311072907 -0.036785258484384617 -0.012636450054449766 -0.018790574585378438 0.02640004438588783 -0.043738636944474676 0.055035558065724008 0.025828121239301016 0.041243218555792542 -0.038822810087250956 0.028700366009883804 -0.022407421365119716 0.0084125200867170916
leaf_weight=244.95676024258137 90.107701569795609 73.79139818251133 8.9747437983751279 36.620906665921211 9.874250724911688 96.610627003014088 11.474995106458666 7.2661489993333808 45.408704712986946 11.570093169808386 8.378090485930441 6.7688312828540793 116.90688958764076 80.559603780508041
leaf_count=931 292 192 35 98 42 251 50 21 128 34 25 19 492 283
internal_value=0.00477768 0.000887655 0.0225459 -0.00179876 0.0338604 0.011717 0.019521 -0.00578302 -0.00667185 -0.00932575 0.0156302 -0.0166343 -0.0106663 -0.00643165
internal_weight=849.27 749.288 82.7661 666.522 99.982 151.475 114.854 515.046 507.78 453.993 53.7868 18.2438 442.423 325.516
internal_count=2893 2559 227 2332 334 418 320 1914 1893 1740 153 69 1706 1214
is_linear=0
shrinkage=0.04


Tree=47
num_leaves=15
num_cat=0
split_feature=252 127 219 180 111 155 90 150 253 169 244 167 134 150
split_gain=56.478 25.5963 28.304 18.9172 21.1793 19.4393 19.1789 18.2392 17.3045 23.3675 16.5308 16.2465 20.8519 16.5489
threshold=0.0012500000302679839 0.023000000044703487 0.0012500000302679839 0.0012500000302679839 0.0037500000325962905 0.020800000056624416 0.0052499999292194852 0.2217499986290932 0.0081500001251697558 0.0011500000255182388 0.026950000785291198 1.0000000180025095e-35 0.0013499999768100681 0.0066499998793005952
decision_type=2 2 2 2 2 2 2 2 2 2 2 2 2 2
left_child=1 2 3 5 -5 6 8 -2 11 -10 -11 12 -1 -13
right_child=7 -3 -4 4 -6 -7 -8 -9 9 10 -12 13 -14 -15
leaf_value=-0.0032834239011516292 0.038893549561864402 -0.036037058995367043 0.027140568152559098 0.048230697976901944 -0.089164401494886664 0.032633653809510735 -0.042289885373201525 -0.018128554893220027 0.038582437694567456 -0.07508971725155246 0.061623476068603508 0.026863076246246984 -0.033597628873414928 -0.040700063446865935
leaf_weight=453.80079792439938 88.310895308852196 28.80811382830143 66.722373269498348 20.202521264553074 1.8591183722019184 25.518428266048431 19.091481387615204 9.8300118744373304 32.159055009484291 5.4429407119750968 1.7848485410213468 44.210276588797569 39.424939006567001 6.5418589860200873
leaf_count=1568 292 154 203 53 6 89 72 42 72 23 4 120 169 26
internal_value=0.0046191 0.000856994 0.00235025 -0.000191963 0.0361219 -0.00147964 -0.0029364 0.0331287 -0.00163462 0.023921 -0.0404033 -0.00349639 -0.00572095 0.0180127
internal_weight=843.708 745.567 716.759 650.036 22.0616 627.975 602.456 98.1409 583.365 39.3868 7.22779 543.978 493.226 50.7521
internal_count=2893 2559 2405 2202 59 2143 2054 334 1982 99 27 1883 1737 146
is_linear=0
shrinkage=0.04


Tree=48
num_leaves=15
num_cat=0
split_feature=303 250 278 309 105 137 219 231 300 102 312 250 253 225
split_gain=51.4854 24.4868 17.3581 16.3491 16.1257 15.95 21.7853 19.0106 19.667 19.5166 24.4482 18.1512 20.8944 23.9681
threshold=0.0022500000195577745 0.0057500000111758718 0.0036499999696388845 0.009000000078231098 0.0010500000207684936 0.0019500000635161998 0.0015499999863095584 1.0000000180025095e-35 0.49950000643730169 0.0077499998733401307 0.0011500000255182388 0.0010500000207684936 0.0057500000111758718 0.013749999925494196
decision_type=2 2 2 2 2 2 2 2 2 2 2 2 2 2
left_child=1 2 3 5 -3 6 7 8 9 10 11 -1 13 -13
right_child=-2 4 -4 -5 -6 -7 -8 -9 -10 -11 -12 12 -14 -15
leaf_value=-0.015610530365967752 0.034135897826521815 0.038589429219554675 0.019906791222370112 0.050537302593740688 0.002279743607038056 -0.050730578986337829 0.024887632478979654 0.007892426070406142 0.077378948706088413 -0.031070224265791823 0.031934215140312319 0.012345427370776603 0.050198251969320234 -0.032004650153615602
leaf_weight=233.38870263844728 84.067204967141151 43.286417290568352 56.344894275069237 8.798279717564581 36.123285099864006 11.402254551649092 41.153327234089375 133.92440599948168 4.0305395126342765 61.432728871703148 24.341672390699387 57.700103141367435 13.812551289796827 29.297818794846535
leaf_count=908 277 111 168 25 116 52 135 445 7 310 70 154 23 92
internal_value=0.00445989 0.00114633 -0.00131887 -0.00325943 0.0221462 -0.00404945 -0.00314598 -0.00522502 -0.00937857 -0.0102389 -0.00665086 -0.00948192 0.00466835 -0.00256378
internal_weight=839.104 755.037 675.627 619.282 79.4097 610.484 599.082 557.929 424.004 419.974 358.541 334.199 100.81 86.9979
internal_count=2893 2616 2389 2221 227 2196 2144 2009 1564 1557 1247 1177 269 246
is_linear=0
shrinkage=0.04


Tree=49
num_leaves=15
num_cat=0
split_feature=301 250 277 102 211 180 50 121 127 120 250 182 225 175
split_gain=69.3329 23.6666 16.4872 32.0418 26.7282 19.0777 16.658 15.4773 14.653 15.1683 12.6866 17.8745 18.0684 15.4697
threshold=0.0022500000195577745 0.011400000192224981 0.0038499999791383748 0.0087500000372529047 0.014849999919533731 0.0010500000207684936 0.0012500000302679839 0.0020500000100582842 0.051400000229477889 0.0082499999552965182 0.0013499999768100681 0.0019500000635161998 0.011750000063329937 0.014349999837577345
decision_type=2 2 2 2 2 2 2 2 2 2 2 2 2 2
left_child=1 2 3 4 5 6 10 -6 9 -4 13 12 -12 -1
right_child=-2 -3 8 -5 7 -7 -8 -9 -10 -11 11 -13 -14 -15
leaf_value=-0.0076480976743613927 0.040210910732780228 0.029084402635618765 0.0081030754679188195 -0.028922410207613995 0.032134483903246892 0.052947559238564493 -0.025837369863091868 -0.099447901233270394 -0.02684669712003997 0.042743819483618321 0.017091846928398758 0.055273313426728983 -0.021016280580472078 0.086816917733164994
leaf_weight=259.13301329314709 77.929131932556629 43.869516357779503 126.87231206893921 74.273303039371967 45.394847616553307 9.1494114845991117 53.892626248300076 1.3677402883768071 15.608038455247877 24.107582174241543 56.749892294406891 12.217107847332953 30.487501978874207 2.6981285512447348
leaf_count=896 286 113 417 367 115 24 268 6 69 74 142 30 82 4
internal_value=0.0043124 0.000600958 -0.00115237 -0.00452172 -0.000660831 -0.00383426 -0.00510766 0.0279965 0.00985003 0.0136854 -0.00199807 0.0101416 0.0037193 -0.00662661
internal_weight=833.75 755.821 711.952 545.364 471.09 424.328 415.178 46.7626 166.588 150.98 361.286 99.4545 87.2374 261.831
internal_count=2893 2607 2494 1934 1567 1446 1422 121 560 491 1154 254 224 900
is_linear=0
shrinkage=0.04


Tree=50
num_leaves=15
num_cat=0
split_feature=301 36 185 312 180 90 211 250 263 109 120 277 161 244
split_gain=49.4172 31.5026 26.2583 23.5181 15.9134 17.7735 21.2134 18.752 18.7483 17.6789 18.7153 17.1625 14.5645 14.4325
threshold=0.0038499999791383748 1.0000000180025095e-35 1.0000000180025095e-35 0.0018500000005587938 0.0030500000575557355 0.0045499999541789302 0.024349999614059929 0.0022500000195577745 0.002549999975599349 0.0017499999958090486 0.0011500000255182388 0.0028499999316409235 0.0010500000207684936 1.0000000180025095e-35
decision_type=2 2 2 2 2 2 2 2 2 2 2 2 2 2
left_child=1 2 3 4 5 6 7 8 13 -9 -11 -8 -10 -1
right_child=-2 -3 -4 -5 -6 -7 11 9 12 10 -12 -13 -14 -15
leaf_value=0.0016539039849143712 0.041903667703297058 -0.020570420199970713 0.028400444901138491 0.031512449061575805 0.049463177681463091 -0.025937888514597593 0.052416899543706263 0.023791546264522418 0.0032245237094331025 -0.026355628968104453 0.049824297547783808 -0.034163903408851289 -0.052418344472121119 -0.02713714131022783
leaf_weight=41.722701251506805 53.77469090372324 85.708801843225956 69.650969386100769 41.511768475174904 10.266927957534788 40.808893755078316 20.742744818329815 81.445649474859238 248.27538015693426 25.819734543561935 6.3216320276260367 4.3130419701337805 7.6576545462012282 82.160832390189171
leaf_count=172 214 420 178 116 26 149 53 211 830 78 16 17 48 363
internal_value=0.00486921 0.00226035 0.00514352 0.00248179 0.00035365 -0.000549423 0.00144585 -0.000372813 -0.0046455 0.0138707 -0.0111403 0.0372775 0.00152421 -0.0174148
internal_weight=820.181 766.407 680.698 611.047 569.535 559.268 518.459 493.404 379.817 113.587 32.1414 25.0558 255.933 123.884
internal_count=2891 2677 2257 2079 1963 1937 1788 1718 1413 305 94 70 878 535
is_linear=0
shrinkage=0.04


Tree=51
num_leaves=15
num_cat=0
split_feature=301 36 185 312 253 109 164 250 231 176 225 231 222 300
split_gain=47.302 29.2134 24.2289 21.9046 19.4998 18.7193 20.0884 18.7475 19.5084 21.6154 17.7498 17.5233 17.3267 16.5136
threshold=0.0038499999791383748 1.0000000180025095e-35 1.0000000180025095e-35 0.0018500000005587938 0.011049999855458738 0.0015499999863095584 0.023000000044703487 0.0023500000825151805 1.0000000180025095e-35 0.0072500000242143878 0.012450000271201135 0.0043500000610947618 0.0011500000255182388 0.0058500000741332778
decision_type=2 2 2 2 2 2 2 2 2 2 2 2 2 2
left_child=1 2 3 4 5 6 7 8 -1 10 12 -7 -10 -9
right_child=-2 -3 -4 -5 -6 11 -8 13 9 -11 -12 -13 -14 -15
leaf_value=-0.0085228316663186407 0.041546866898756515 -0.019881240672266532 0.027315990809829521 0.030548655663486444 0.027396211290262568 -0.028049360046504358 0.042304317417264717 0.040288257528263635 -0.014962451404501831 -0.039801203704357496 0.042906067128619857 0.015939425539141676 0.090812368429896623 0.0013645731432902655
leaf_weight=284.69508677721024 52.101760111749172 85.147743903100491 69.525998055934906 41.119801104068756 39.561068773269653 68.090293549001217 18.517515107989311 31.257566571235657 20.565926343202594 9.5798751413822156 34.406830430030823 18.203447610139847 2.7134116590023032 39.808502539992332
leaf_count=1067 214 420 178 116 102 278 48 74 83 36 91 58 4 122
internal_value=0.00470498 0.0021795 0.00495827 0.00239317 0.000340647 -0.00168437 0.00163865 -0.000141564 -0.00393596 0.0154018 0.0246916 -0.018716 -0.00212668 0.0185735
internal_weight=815.295 763.193 678.045 608.519 567.4 527.838 441.545 423.027 351.961 67.266 57.6862 86.2937 23.2793 71.0661
internal_count=2891 2677 2257 2079 1963 1861 1525 1477 1281 214 178 336 87 196
is_linear=0
shrinkage=0.04


Tree=52
num_leaves=15
num_cat=0
split_feature=301 36 185 312 253 109 250 201 231 179 0 254 273 101
split_gain=45.2722 27.0928 22.3574 20.3979 18.2504 16.116 20.1049 19.77 19.3968 16.8726 15.3711 14.1914 13.7873 17.6916
threshold=0.0038499999791383748 1.0000000180025095e-35 1.0000000180025095e-35 0.0018500000005587938 0.014449999667704107 0.0011500000255182388 0.0023500000825151805 0.087850000709295287 1.0000000180025095e-35 0.0062500000931322583 1.0000000180025095e-35 0.02400000020861626 1.0000000180025095e-35 1.0000000180025095e-35
decision_type=2 2 2 2 2 2 2 2 2 2 2 2 2 2
left_child=1 2 3 4 5 6 8 9 10 -7 12 -8 13 -1
right_child=-2 -3 -4 -5 -6 7 11 -9 -10 -11 -12 -13 -14 -15
leaf_value=-0.0055039455220193077 0.041196936189207091 -0.019212870795605363 0.026277640071272722 0.029613287470409286 0.030953353403807705 -0.028811128690026489 0.027400780931320715 0.056914321462152008 0.017280386569639584 0.0059725070117762156 0.080066245352528778 -0.035601874391345503 0.044184686924046368 -0.04011743682798162
leaf_weight=245.96342032402754 50.476291254162788 84.600229181349277 69.389100730419159 40.732987448573112 29.423018157482147 76.170140743255615 63.97603040933609 5.7205617278814307 69.345344632863998 31.250757627189159 3.1519408524036399 6.142664246261119 7.9541421681642523 26.116041325032711
leaf_count=895 214 420 178 116 71 318 169 14 218 96 6 22 20 134
internal_value=0.00454788 0.00210322 0.00478188 0.0023098 0.000330169 -0.0013495 0.00223235 -0.0147553 -0.00164976 -0.0186586 -0.00630389 0.0217817 -0.00731854 -0.0088546
internal_weight=810.413 759.936 675.336 605.947 565.214 535.791 422.65 113.141 352.531 107.421 283.186 70.1187 280.034 272.079
internal_count=2891 2677 2257 2079 1963 1892 1464 428 1273 414 1055 191 1049 1029
is_linear=0
shrinkage=0.04


Tree=53
num_leaves=15
num_cat=0
split_feature=301 112 278 2 252 39 182 201 167 202 127 75 250 179
split_gain=43.3257 20.7593 17.9231 15.2631 23.4444 15.0731 14.9177 18.3511 15.6963 15.7703 14.2694 17.681 14.1257 15.712
threshold=0.0038499999791383748 0.0045499999541789302 0.0028499999316409235 0.0048500001430511483 0.0013499999768100681 0.0010500000207684936 1.0000000180025095e-35 0.011549999937415125 1.0000000180025095e-35 0.0013499999768100681 0.0014499999815598132 0.0012500000302679839 0.0018500000005587938 1.0000000180025095e-35
decision_type=2 2 2 2 2 2 2 2 2 2 2 2 2 2
left_child=1 2 5 -4 -5 6 7 8 9 12 11 -11 13 -1
right_child=-2 -3 3 4 -6 -7 -8 -9 -10 10 -12 -13 -14 -15
leaf_value=0.0022074299049397719 0.040853146617104201 -0.05086085971682635 0.029611562927837048 -0.065142984391217254 0.036270315468790962 -0.039846200607058062 0.010655510304487595 -0.022703069698824838 0.025834642000396538 0.061812139367527615 -0.010791593963614983 -0.058248835549890091 0.0106310854499173 -0.018035658964691201
leaf_weight=110.63438415527344 48.897809632122517 11.582078345119951 62.865038827061653 7.4069295376539213 6.9564635902643204 14.214545220136641 202.68650925904512 61.444160118699074 36.237191706895828 16.319452285766609 10.292718872427939 2.1151829063892356 76.96695151925087 136.67403775453568
leaf_count=423 214 67 181 32 20 81 634 282 103 47 54 9 211 533
internal_value=0.00439731 0.00203022 0.00286477 0.0210972 -0.0158389 0.000746759 0.00164197 -0.00240429 0.00079475 -0.00177096 0.0265628 0.0475806 -0.00430078 -0.00896643
internal_weight=805.293 756.396 744.814 77.2284 14.3634 667.585 653.371 450.684 389.24 353.003 28.7274 18.4346 324.275 247.308
internal_count=2891 2677 2610 233 52 2377 2296 1662 1380 1277 110 56 1167 956
is_linear=0
shrinkage=0.04


Tree=54
num_leaves=15
num_cat=0
split_feature=301 36 312 253 239 90 109 201 47 164 175 53 275 134
split_gain=41.4715 24.2068 19.9761 19.8262 17.0565 21.4771 16.1973 26.8519 16.2792 15.7348 15.3261 14.4682 14.4322 17.4103
threshold=0.0038499999791383748 1.0000000180025095e-35 0.0018500000005587938 0.0041499999351799497 0.0047500000800937423 0.0034500000765547161 0.0015499999863095584 0.11119999736547471 0.0050500000361353168 0.023000000044703487 0.023000000044703487 1.0000000180025095e-35 0.012450000271201135 0.0012500000302679839
decision_type=2 2 2 2 2 2 2 2 2 2 2 2 2 2
left_child=1 2 3 6 10 -6 9 8 -8 12 -5 -4 13 -1
right_child=-2 -3 11 4 5 -7 7 -9 -10 -11 -12 -13 -14 -15
leaf_value=0.0016668504780426808 0.040514812809828438 -0.018336232436897981 0.037785057364336447 -0.036312777056837511 0.037957129387373903 -0.0050424821710337983 -0.029403416252257644 0.053957638621030202 0.02580943443639613 0.039968105550235958 0.10263485049753186 -0.021404615088785387 0.026730223976518898 -0.026910101953180193
leaf_weight=340.41207513213158 47.365746796131134 83.457263879477978 42.742079764604568 12.575340718030928 61.961521498858929 26.278211921453476 72.461903512477875 7.8560217022895804 9.5294763892889005 17.184707045555115 1.3033287227153767 7.6538469642400733 32.040054738521576 37.79428705573082
leaf_count=1164 214 420 122 54 151 86 298 21 25 45 3 27 105 156
internal_value=0.00424648 0.00195548 0.00449219 0.00251246 0.0186113 0.0251151 -0.000660941 -0.0160955 -0.0229139 0.0025771 -0.0223373 0.0286919 0.000991734 -0.00118464
internal_weight=800.616 753.25 669.793 619.397 102.118 88.2397 517.279 89.8474 81.9914 427.431 13.8787 50.3959 410.246 378.206
internal_count=2891 2677 2257 2108 294 237 1814 344 323 1470 57 149 1425 1320
is_linear=0
shrinkage=0.04


Tree=55
num_leaves=15
num_cat=0
split_feature=301 180 50 277 260 253 188 102 123 225 231 201 188 105
split_gain=40.3479 15.7155 16.8731 22.7241 18.1901 14.6858 14.4615 20.5886 15.0959 12.9175 20.8316 16.9153 15 15.2896
threshold=0.0038499999791383748 0.0030500000575557355 0.0012500000302679839 0.0056499999482184657 0.046250000596046455 0.00335000001359731 0.017150000669062141 0.14275000244379046 0.0015499999863095584 0.002650000038556755 0.0010500000207684936 0.051950000226497657 0.0017499999958090486 1.0000000180025095e-35
decision_type=2 2 2 2 2 2 2 2 2 2 2 2 2 2
left_child=1 2 6 4 -4 -5 8 -8 9 11 -11 12 13 -1
right_child=-2 -3 3 5 -6 -7 7 -9 -10 10 -12 -13 -14 -15
leaf_value=0.01748297234932886 0.040911335802262992 0.040905092025295423 -0.025029647096726903 -0.0096359255555521998 0.090317129925252676 0.029926777821125558 0.042115228861006368 -0.039291131724584885 -0.056878092106048668 -0.0061625757301759943 0.015271921258093029 -0.047077109439088501 0.047893237944308241 -0.018664971845642302
leaf_weight=100.23170919716358 44.300280347466469 15.88570763170719 97.325222134590149 32.144402086734772 2.1275696754455558 27.852158799767494 29.848832547664642 5.8282026574015608 6.6908737123012534 288.17307077348232 96.819472089409828 7.0045658424496642 20.288993448019028 22.830805473029613
leaf_count=327 208 42 495 135 5 70 85 25 28 952 283 34 63 122
internal_value=0.00385321 0.00166271 0.000806187 -0.0107021 -0.0224336 0.00868292 0.0039907 0.0286322 0.00235643 0.00311471 -0.000759189 0.0130545 0.0160513 0.0107345
internal_weight=797.352 753.052 737.166 159.449 99.4528 59.9966 577.717 35.677 542.039 535.349 384.993 150.356 143.352 123.063
internal_count=2874 2666 2624 705 500 205 1919 110 1809 1781 1235 546 512 449
is_linear=0
shrinkage=0.04


Tree=56
num_leaves=15
num_cat=0
split_feature=301 180 50 275 275 188 279 123 163 220 150 263 134 244
split_gain=38.628 14.7886 15.6348 16.3494 16.236 13.6136 18.5048 14.1679 11.7632 11.5749 11.861 18.9681 18.4854 14.8385
threshold=0.0038499999791383748 0.0030500000575557355 0.0012500000302679839 0.063349999487400069 0.14410000294446948 0.017150000669062141 0.025449999608099464 0.0015499999863095584 0.0070000002160668382 0.052799999713897712 0.0010500000207684936 0.0067499999422580012 0.0012500000302679839 0.050650000572204597
decision_type=2 2 2 2 2 2 2 2 2 2 2 2 2 2
left_child=1 2 5 -4 -5 7 -7 8 9 10 11 12 -1 -12
right_child=-2 -3 3 4 -6 6 -8 -9 -10 -11 13 -13 -14 -15
leaf_value=0.0024615676691449933 0.04060113859468964 0.040030140923014303 -0.016044440391886339 0.04266791355155488 -0.02279059502493987 0.03836450734263766 -0.052491938116028911 -0.055645433115918241 0.060246134736282868 -0.12900611876625309 -0.010211650608105399 0.019594584237523274 -0.053910856416801524 0.032916453191189687
leaf_weight=238.29366035759449 42.882634744048119 15.591800794005392 132.43153797090054 16.402740277349952 9.416779011487959 31.157610647380352 3.9291003793478003 6.5701943486928931 5.5862010568380347 0.96970120072364707 146.21300383657217 120.6560891866684 9.5845506489276868 13.853381961584089
leaf_count=739 208 42 632 41 32 95 15 28 17 5 603 332 44 41
internal_value=0.00371872 0.00160128 0.000775376 -0.0103514 0.018644 0.00383624 0.0279562 0.00226178 0.00299045 0.00236767 0.00264059 0.0065943 0.000244859 -0.00643582
internal_weight=793.539 750.656 735.065 158.251 25.8195 576.813 35.0867 541.727 535.157 529.57 528.601 368.534 247.878 160.066
internal_count=2874 2666 2624 705 73 1919 110 1809 1781 1764 1759 1115 783 644
is_linear=0
shrinkage=0.04


Tree=57
num_leaves=15
num_cat=0
split_feature=301 39 218 150 152 113 277 164 231 225 245 67 225 223
split_gain=36.9778 13.899 13.7884 19.7729 16.0524 14.0891 19.7821 15.0026 13.4779 19.0469 20.8644 16.938 18.1065 15.1223
threshold=0.0038499999791383748 0.003249999950639904 0.0011500000255182388 0.35489998757839208 0.0049499999731779107 0.0010500000207684936 0.0015499999863095584 1.0000000180025095e-35 0.0022500000195577745 0.021249999292194847 0.0093499999493360537 0.0010500000207684936 0.099750000983476653 0.002650000038556755
decision_type=2 2 2 2 2 2 2 2 2 2 2 2 2 2
left_child=1 2 5 4 -4 8 -7 -8 9 10 13 12 -10 -1
right_child=-2 -3 3 -5 -6 6 7 -9 11 -11 -12 -13 -14 -15
leaf_value=0.0073116279026800525 0.040295211947203764 -0.049515379119039082 0.016230531200187335 -0.057231998671597763 -0.059377692481488699 -0.033980072665278672 0.016461349765503938 -0.038647918915979185 0.031528137491752602 -0.019169270164581816 -0.036967739445455637 -0.039577444564745004 -0.065851837932140195 -0.043888315472166761
leaf_weight=301.35944782197475 41.508439101278782 8.3281907290220243 170.78873714804649 6.3039976432919493 4.4968803748488417 45.519816271960735 33.779041036963463 10.193550437688826 54.040542870759964 74.459450140595436 19.33642266690731 6.9388869404792777 3.1210868805646887 9.4041420295834524
leaf_count=1027 208 57 572 37 25 251 127 45 147 244 70 24 11 29
internal_value=0.00358965 0.0015425 0.00212934 0.0117021 0.0142353 -0.000979435 -0.015518 0.00353668 0.00179094 -0.000901332 0.00321174 0.01882 0.0260355 0.00573576
internal_weight=789.579 748.07 739.742 181.59 175.286 558.152 89.4924 43.9726 468.66 404.559 330.1 64.1005 57.1616 310.764
internal_count=2874 2666 2609 634 597 1975 423 172 1552 1370 1126 182 158 1056
is_linear=0
shrinkage=0.04


Tree=58
num_leaves=15
num_cat=0
split_feature=301 180 50 225 254 172 25 179 188 159 155 6 223 275
split_gain=35.411 13.7578 14.0027 20.3972 14.1636 13.741 13.0573 16.9956 18.8895 17.4841 20.3424 17.2044 20.2902 22.9677
threshold=0.0038499999791383748 0.0030500000575557355 0.0012500000302679839 0.12234999984502794 0.70265001058578502 0.007299999939277769 0.0053499999921768912 0.00075000003562308859 0.017549999989569191 0.15675000101327899 0.011649999767541887 0.0010500000207684936 0.002650000038556755 0.0028499999316409235
decision_type=2 2 2 2 2 2 2 2 2 2 2 2 2 2
left_child=1 2 6 4 5 -4 7 8 11 10 -9 12 -1 -14
right_child=-2 -3 3 -5 -6 -7 -8 9 -10 -11 -12 -13 13 -15
leaf_value=0.011339057511117436 0.039993001388439364 0.039027677939904172 -0.019865157633270486 0.022611199927322769 0.093069819243020366 0.06743788450779252 0.023943327188445267 -0.0075609151808431266 0.04419449886032098 -0.055750744724411425 0.063732538595411892 -0.018204513377309217 -0.084065874822758013 0.0044846604093330723
leaf_weight=259.25625375658274 40.176912419497967 15.196577697992323 126.66672440618277 25.644413322210312 1.7590859532356251 2.8364729881286612 46.275026150047779 166.04429318010807 20.513584464788437 11.422106273472307 6.5525849461555472 45.090809509158134 7.7139421254396465 11.489267773926256
leaf_count=815 208 42 624 71 4 6 152 540 58 56 19 214 25 40
internal_value=0.00345575 0.00147875 0.00068774 -0.00989177 -0.0162846 -0.0178716 0.0035861 0.00179046 0.00704395 -0.00800886 -0.00479578 0.00466326 0.0083858 -0.0311302
internal_weight=786.638 746.461 731.265 156.907 131.262 129.503 574.358 528.083 344.064 184.019 172.597 323.55 278.459 19.2032
internal_count=2874 2666 2624 705 634 630 1919 1767 1152 615 559 1094 880 65
is_linear=0
shrinkage=0.04


Tree=59
num_leaves=15
num_cat=0
split_feature=252 150 33 219 178 220 124 225 231 253 102 6 47 225
split_gain=26.8477 19.7293 16.9696 19.3478 18.1472 12.3108 12.111 13.8283 20.5136 18.5619 27.494 18.4637 18.3845 18.3865
threshold=0.0012500000302679839 0.32684999704360967 0.0020500000100582842 0.0012500000302679839 0.015399999916553499 0.48160000145435339 0.0079499999992549437 0.002650000038556755 1.0000000180025095e-35 0.0047500000800937423 0.0058500000741332778 0.0015499999863095584 1.0000000180025095e-35 0.0075499999802559623
decision_type=2 2 2 2 2 2 2 2 2 2 2 2 2 2
left_child=2 -2 3 4 6 -5 7 -1 9 12 11 -11 -9 -14
right_child=1 -3 -4 5 -6 -7 -8 8 -10 10 -12 -13 13 -15
leaf_value=0.012120051197182598 0.030986976190643879 -0.051448821033002981 -0.035787172484128271 0.026835153492956711 0.052176301340957902 -0.078344398037177673 -0.018480027828323017 -0.0061513403636530087 0.01153137348401833 0.037250559256983375 -0.027345820696681549 -0.082180713325528801 -0.00086463163967798911 -0.044856246882797011
leaf_weight=131.25000676512718 72.398306906223297 4.8397051766514769 19.525219976902008 58.23524559289217 10.328882083296774 1.7237556725740422 57.611915089190006 182.05475351959467 117.08556991070509 38.100560814142227 19.081168435513973 2.0779559910297385 22.877036236226559 46.364138349890709
leaf_count=466 305 27 130 192 33 8 284 685 362 83 73 9 72 145
internal_value=0.00333361 0.02571 0.000877722 0.00193097 -0.000140663 0.0236193 -0.00103199 0.00076243 -0.00271608 -0.0081025 0.0119859 0.0307858 -0.0128585 -0.0304015
internal_weight=783.554 77.238 706.316 686.791 626.832 59.959 616.503 558.891 427.641 310.556 59.2597 40.1785 251.296 69.2412
internal_count=2874 332 2542 2412 2212 200 2179 1895 1429 1067 165 92 902 217
is_linear=0
shrinkage=0.04


Tree=60
num_leaves=15
num_cat=0
split_feature=301 53 263 250 159 179 218 211 300 244 287 263 159 277
split_gain=36.1259 19.7247 20.5734 23.3233 18.5227 27.6175 24.7101 17.9061 18.506 17.6924 17.1542 16.6719 14.7875 14.6102
threshold=0.0038499999791383748 0.0031500000040978198 0.0067499999422580012 1.0000000180025095e-35 0.0046500000171363362 0.00075000003562308859 0.0010500000207684936 0.0013499999768100681 0.0016499999910593035 0.015050000045448543 0.0076500000432133683 0.0058500000741332778 0.017699999734759334 0.007849999703466894
decision_type=2 2 2 2 2 2 2 2 2 2 2 2 2 2
left_child=1 2 3 7 5 -4 9 -1 -9 -7 12 -10 -5 -6
right_child=-2 -3 4 10 13 6 -8 8 11 -11 -12 -13 -14 -15
leaf_value=-0.021162996077335738 0.040736214475626642 -0.024978806522801249 0.0335796465161603 0.020483875673347935 -0.0078990204781215784 -0.026730537291599681 0.038733945478125524 -0.036883443842184782 0.018221378101188318 0.015043009108914727 -0.027581995868886829 -0.046842413792180113 -0.041678984990167124 0.015257522686757896
leaf_weight=130.04608657956123 39.75799248367548 41.899659685790539 95.739676207304001 94.679835259914398 116.14314819127321 39.43880732357502 22.562121838331223 15.396278291940687 61.277268543839455 27.296749331057072 16.297915428876877 6.8990231677889815 6.4147620275616637 69.624165795743465
leaf_count=533 212 222 246 232 455 141 77 81 238 83 49 34 39 231
internal_value=0.00363182 0.00163768 0.00323577 -0.00400369 0.00970843 0.0186634 0.00260666 -0.0118816 0.00252139 -0.00958717 0.0102955 0.0115198 0.0164626 0.000761893
internal_weight=783.473 743.715 701.816 331.011 370.805 185.037 89.2977 213.619 83.5726 66.7356 117.393 68.1763 101.095 185.767
internal_count=2873 2661 2439 1206 1233 547 301 886 353 224 320 272 271 686
is_linear=0
shrinkage=0.04


Tree=61
num_leaves=15
num_cat=0
split_feature=303 124 263 250 108 256 288 179 6 275 254 253 25 278
split_gain=26.1649 18.8113 19.346 42.3148 18.2817 15.6377 14.5262 14.6289 24.2677 18.5204 14.9074 30.8076 18.7448 15.5276
threshold=0.0024500000290572648 0.0079499999992549437 0.0016499999910593035 0.0017499999958090486 0.002549999975599349 1.0000000180025095e-35 0.0029499999945983295 0.00075000003562308859 0.0047500000800937423 0.061499999836087234 0.0068500000052154073 0.0067499999422580012 0.0054500000551342973 0.010149999987334015
decision_type=2 2 2 2 2 2 2 2 2 2 2 2 2 2
left_child=1 2 3 4 -1 -2 7 8 -4 10 11 12 13 -9
right_child=5 -3 6 -5 -6 -7 -8 9 -10 -11 -12 -13 -14 -15
leaf_value=-0.025300841969365068 0.0027001491070505717 -0.013428983832863664 0.015167536758740326 0.038058355183382284 0.12712091165838527 0.044190283200035936 0.03422694240528646 -0.03645106086299664 -0.042818984293383738 0.052459405263186251 0.007287346917817232 0.037272029572973514 0.012949702033218897 0.047632459582884472
leaf_weight=88.438588798046112 23.74941697716713 115.48015041649342 238.05157691985369 22.522498965263367 1.1713856831192959 38.306805938482285 30.744517743587494 70.896775960922241 12.008662924170492 9.4296253547072393 90.976469233632088 15.495636492967604 18.023272626101971 3.5728713423013678
leaf_count=379 80 554 765 49 4 175 100 255 62 22 321 39 59 9
internal_value=0.00350722 0.00134244 0.00418757 -0.0107768 -0.0231243 0.0284059 0.00762732 0.00582772 0.0123509 -0.00198261 -0.00460795 -0.0146638 -0.0234388 -0.0323048
internal_weight=778.868 716.812 601.332 112.132 89.61 62.0562 489.199 458.455 250.06 208.395 198.965 107.989 92.4929 74.4696
internal_count=2873 2618 2064 432 383 255 1632 1532 827 705 683 362 323 264
is_linear=0
shrinkage=0.04


Tree=62
num_leaves=15
num_cat=0
split_feature=301 53 263 250 159 179 218 185 222 211 249 113 225 214
split_gain=33.5885 17.9665 18.3079 20.6028 17.1426 24.8008 22.7665 20.8152 17.4813 16.8164 16.78 16.3499 15.4183 14.0499
threshold=0.0038499999791383748 0.0031500000040978198 0.0067499999422580012 1.0000000180025095e-35 0.0046500000171363362 0.00075000003562308859 0.0010500000207684936 1.0000000180025095e-35 0.0015499999863095584 0.007849999703466894 1.0000000180025095e-35 1.0000000180025095e-35 0.07140000164508821 0.0096500003710389155
decision_type=2 2 2 2 2 2 2 2 2 2 2 2 2 2
left_child=1 2 3 9 5 -4 7 8 -7 -1 11 -5 -13 -6
right_child=-2 -3 4 10 13 6 -8 -9 -10 -11 -12 12 -14 -15
leaf_value=-0.014789569708591967 0.040294747422104787 -0.024056900122170839 0.032062713490067479 0.017369454318381737 -0.0062524361940800655 -0.027947913515760585 0.037848719988148261 0.042629933057137803 0.03615146443742729 0.024992460820690249 -0.077441755848875443 -0.051260836510220162 0.084347945558643223 0.01833551301402794
leaf_weight=192.90989486128092 37.451651394367218 41.392043516039848 94.629554577171803 102.16725370287895 133.64142119884491 47.975293397903442 21.84573969244957 10.328314974904059 7.7923069894313803 18.48442991822958 3.3264898955821982 9.8610732629895193 1.4389820396900166 51.387743882834911
leaf_count=811 212 222 246 259 523 182 77 24 18 75 13 44 4 163
internal_value=0.00338839 0.00150276 0.00303228 -0.00382558 0.00916513 0.0178582 0.00250894 -0.00915052 -0.0188711 -0.0112819 0.00963413 0.0122881 -0.0330527 0.00056093
internal_weight=774.632 737.181 695.788 328.188 367.6 182.571 87.9417 66.0959 55.7676 211.394 116.794 113.467 11.3001 185.029
internal_count=2873 2661 2439 1206 1233 547 301 224 200 886 320 307 48 686
is_linear=0
shrinkage=0.04


Tree=63
num_leaves=15
num_cat=0
split_feature=301 112 263 250 133 211 176 300 263 225 225 67 222 202
split_gain=32.1782 17.6992 17.4582 19.8265 17.72 17.0304 15.5523 15.3655 15.6925 15.3622 15.0275 14.7832 20.094 14.117
threshold=0.0038499999791383748 0.0010500000207684936 0.0067499999422580012 1.0000000180025095e-35 0.0012500000302679839 0.0013499999768100681 1.0000000180025095e-35 0.0016499999910593035 0.0058500000741332778 0.0029499999945983295 0.045050000771880157 1.0000000180025095e-35 0.0010500000207684936 0.0022500000195577745
decision_type=2 2 2 2 2 2 2 2 2 2 2 2 2 2
left_child=1 2 3 5 11 9 -5 -7 -9 -1 13 12 -4 -8
right_child=-2 -3 4 6 -6 7 10 8 -10 -11 -12 -13 -14 -15
leaf_value=-0.008659997818814099 0.040034622991320531 -0.026458319234591757 0.0092855906564589131 0.016361236659855647 -0.029754034649625623 -0.033136162957232672 -0.057898405026628526 0.017510514440739269 -0.0458045236129387 -0.036806786966333743 0.069895300672042457 -0.020382060547627288 0.0397321851130676 0.013153203238117275
leaf_weight=76.357032388448715 36.212889529764652 34.516496628522873 289.32126446813345 95.221747078001499 17.980847373604774 15.307195603847502 12.606572516262537 61.542237587273121 6.8479966297745696 52.840220391750336 2.4554892629384986 22.56580788642168 39.472205713391304 6.7328816503286353
leaf_count=330 212 193 982 239 80 82 56 240 35 219 7 80 101 17
internal_value=0.00327494 0.00145012 0.00283704 -0.00384136 0.00881275 -0.011118 0.00936145 0.0028951 0.0110547 -0.0202222 -0.0209728 0.0108057 0.0129639 -0.0330162
internal_weight=769.981 733.768 699.251 329.911 369.34 212.895 117.017 83.6974 68.3902 129.197 21.7949 351.359 328.793 19.3395
internal_count=2873 2661 2468 1225 1243 906 319 357 275 549 80 1163 1083 73
is_linear=0
shrinkage=0.04


Tree=64
num_leaves=15
num_cat=0
split_feature=301 123 250 263 211 112 216 179 225 275 25 239 180 225
split_gain=30.8346 16.9686 19.8769 30.3424 15.3015 13.2866 15.084 12.8639 16.1332 12.9248 14.8583 13.0036 12.5433 12.4705
threshold=0.0038499999791383748 0.0015499999863095584 0.0017499999958090486 0.0015499999863095584 0.015399999916553499 0.0010500000207684936 0.0022500000195577745 0.0012500000302679839 0.0052499999292194852 0.049450000748038299 0.011549999937415125 0.0019500000635161998 0.0012500000302679839 1.0000000180025095e-35
decision_type=2 2 2 2 2 2 2 2 2 2 2 2 2 2
left_child=1 2 3 4 13 6 12 -4 -9 10 -10 -11 -5 -1
right_child=-2 -3 7 5 -6 -7 -8 8 9 11 -12 -13 -14 -15
leaf_value=-0.00079206159739649983 0.039776868865292248 -0.023240749417795477 0.023909673218738728 0.001726793784332584 0.10765193420005308 -0.031131481672034479 0.037579572592085927 0.042993019745243992 -0.019796078917817466 -0.064996308144846415 0.042636320760201352 0.035493672772478148 0.052782962119200569 -0.034936753558174417
leaf_weight=24.263683989644051 35.014525786042213 42.024936400353909 98.441261701285839 364.03244153410196 1.303235962986945 17.165029682219028 21.044275045394897 13.84633783996105 54.272203102707863 2.2082247287035015 6.7417768836021414 17.988120883703232 7.7746412605047217 60.05994751304388
leaf_count=104 212 196 275 1314 4 101 71 35 179 11 18 48 23 282
internal_value=0.00315845 0.00139418 0.00290541 -0.00133233 -0.0229803 0.00318333 0.00470038 0.0137761 0.00322557 -0.00355011 -0.0127736 0.0240431 0.00281906 -0.0251718
internal_weight=766.181 731.166 689.141 495.643 85.6269 410.016 392.851 193.498 95.0567 81.2103 61.014 20.1963 371.807 84.3236
internal_count=2873 2661 2465 1899 390 1509 1408 566 291 256 197 59 1337 386
is_linear=0
shrinkage=0.04


Tree=65
num_leaves=15
num_cat=0
split_feature=301 257 53 216 125 124 277 250 188 287 90 155 312 101
split_gain=29.9793 16.2916 21.3104 16.425 15.467 13.1531 15.3858 14.3722 14.1914 13.9266 13.9001 12.9507 18.4283 12.9121
threshold=0.0019500000635161998 0.009000000078231098 0.0031500000040978198 0.0021499999566003685 0.003249999950639904 0.0079499999992549437 0.0018500000005587938 0.011950000189244749 0.017150000669062141 0.03089999966323376 0.0047500000800937423 0.0076500000432133683 0.002549999975599349 0.007849999703466894
decision_type=2 2 2 2 2 2 2 2 2 2 2 2 2 2
left_child=1 2 3 5 -2 7 -7 8 9 10 -1 12 -11 -8
right_child=4 -3 -4 -5 -6 6 13 -9 -10 11 -12 -13 -14 -15
leaf_value=0.0021051117115770198 0.033075015538422896 0.034984700267931379 -0.034258791600563422 0.02785523243479146 -0.042635074124305269 -0.035822170025331994 0.013010764761082955 0.029173084645248277 0.031673096070240409 -0.050684041709706938 -0.035580932730576074 0.019207911058465393 0.033986250032666789 -0.064004479979398593
leaf_weight=443.65940012037754 66.456244237720966 21.632959648966789 28.069757618010044 35.091070912778378 4.4877247586846343 33.950863428413868 27.057567305862907 28.905461296439171 21.90644770860672 24.85962907969952 16.127596519887447 8.3207222521305066 4.7925056517124167 3.8902512937784186
leaf_count=1534 335 71 173 116 20 202 103 80 60 100 62 22 15 19
internal_value=0.00341913 0.000894396 -0.000194622 0.00127856 0.0281762 -0.000239419 -0.0172593 0.0017696 0.000232316 -0.00114944 0.00076708 -0.0244014 -0.0367966 0.00302587
internal_weight=769.208 698.264 676.631 648.562 70.944 613.47 64.8987 548.572 519.666 497.76 459.787 37.9729 29.6521 30.9478
internal_count=2912 2557 2486 2313 355 2197 324 1873 1793 1733 1596 137 115 122
is_linear=0
shrinkage=0.04


Tree=66
num_leaves=15
num_cat=0
split_feature=301 257 134 59 188 250 96 250 90 67 231 225 250 227
split_gain=28.3969 16.9577 19.9293 16.0525 15.5889 16.1533 14.1786 13.7302 11.1798 10.9233 12.4928 17.0786 20.7961 24.1879
threshold=0.0038499999791383748 0.009000000078231098 0.0012500000302679839 1.0000000180025095e-35 0.014849999919533731 0.01124999998137355 0.0013499999768100681 0.010800000280141832 0.0049499999731779107 1.0000000180025095e-35 1.0000000180025095e-35 0.0027499999850988392 0.0045499999541789302 0.0015499999863095584
decision_type=2 2 2 2 2 2 2 2 2 2 2 2 2 2
left_child=1 2 3 4 5 7 -6 8 9 10 11 -1 13 -13
right_child=-2 -3 -4 -5 6 -7 -8 -9 -10 -11 -12 12 -14 -15
leaf_value=0.011762415209791766 0.038432355526546912 0.035090443256810058 -0.017501610230246541 -0.030147931986396155 0.041113608247356818 0.030518387130844069 -0.0049317741191616171 -0.1298789206421318 -0.033740788267045491 -0.034378679200754117 0.015609789136350432 -0.0036655213700055849 0.032485215326175806 -0.037459012994313756
leaf_weight=127.40401890128851 35.03049647808075 23.323948293924332 86.318224154412746 22.400740563869476 32.480362832546234 30.620230555534363 15.68582710623741 1.1856058537960041 14.306413047015665 12.761094331741331 99.353560701012611 203.49272679537535 20.51515457034111 40.660521134734154
leaf_count=480 225 80 360 155 105 82 56 6 55 39 311 753 52 153
internal_value=0.00329925 0.00160399 0.0004891 0.00299918 0.0042514 0.00233121 0.0260564 0.000657136 0.000988324 0.0019882 0.00294749 -0.000254172 -0.00605599 -0.00932279
internal_weight=765.539 730.508 707.184 620.866 598.466 550.299 48.1662 519.679 518.493 504.187 491.426 392.072 264.668 244.153
internal_count=2912 2687 2607 2247 2092 1931 161 1849 1843 1788 1749 1438 958 906
is_linear=0
shrinkage=0.04


Tree=67
num_leaves=15
num_cat=0
split_feature=252 36 180 50 287 254 271 124 277 263 287 250 225 109
split_gain=26.1682 18.8717 16.1234 14.0132 13.3251 12.3414 12.164 11.6911 13.5952 13.4674 18.9872 20.8429 17.7236 17.3424
threshold=0.0012500000302679839 0.0018500000005587938 0.0030500000575557355 1.0000000180025095e-35 0.088250000029802336 0.062650002539157881 1.0000000180025095e-35 0.0079499999992549437 0.0034500000765547161 0.0067499999422580012 0.010250000283122064 0.0011500000255182388 0.002650000038556755 0.0016499999910593035
decision_type=2 2 2 2 2 2 2 2 2 2 2 2 2 2
left_child=2 -2 3 7 5 -5 -3 9 -9 10 11 12 -1 -11
right_child=1 6 -4 4 -6 -7 -8 8 -10 13 -12 -13 -14 -15
leaf_value=0.0067865343610197795 0.040364519755178144 -0.015513349668335688 0.041292425413484962 -0.018270484076037322 0.032093177646413368 0.011906762425483646 0.049452414159968358 -0.034651510483827058 0.018453989366517605 0.017358078436794017 -0.057523306591200862 0.017394018514608069 -0.019353579926024097 -0.013752177739150318
leaf_weight=76.625267192721367 48.626733683049679 21.088822983205322 15.220495589077471 130.37015900015831 10.961495339870451 25.765470273792744 5.7900968492031089 25.500702001154423 10.855770006775854 176.79271098971367 9.1689306646585447 81.213212624192238 89.928287103772163 33.992279268801212
leaf_count=294 248 90 50 629 32 107 22 150 40 546 30 202 346 126
internal_value=0.00318307 0.0255193 0.000716833 -0.000203372 -0.0102441 -0.0132606 -0.00123912 0.00311847 -0.0186778 0.0048249 -0.00130911 0.000777404 -0.0073066 0.012318
internal_weight=761.9 75.5057 686.395 671.174 167.097 156.136 26.8789 504.077 36.3565 467.721 256.936 247.767 166.554 210.785
internal_count=2912 360 2552 2502 768 736 112 1734 190 1544 872 842 640 672
is_linear=0
shrinkage=0.04


Tree=68
num_leaves=15
num_cat=0
split_feature=301 257 53 219 134 178 250 287 250 263 6 201 176 307
split_gain=26.2306 15.3132 22.8748 18.0504 17.6385 13.3986 12.0651 12.2733 12.284 12.7641 14.7078 20.8141 19.2856 14.6603
threshold=0.0038499999791383748 0.009000000078231098 0.0031500000040978198 0.0012500000302679839 0.0012500000302679839 0.009000000078231098 0.01124999998137355 0.028899999335408214 0.010800000280141832 0.0027499999850988392 0.0051500000990927228 0.089449997991323485 0.058000000193715102 0.0012500000302679839
decision_type=2 2 2 2 2 2 2 2 2 2 2 2 2 2
left_child=1 2 3 4 6 -6 7 8 9 13 12 -12 -11 -1
right_child=-2 -3 -4 -5 5 -7 -8 -9 -10 10 11 -13 -14 -15
leaf_value=-0.0075452327821506427 0.037934319851908732 0.033616016431974496 -0.034055429288817385 0.020488138889132528 -0.024271473614571507 0.055227557690214958 0.02748821977215371 -0.021231669300896646 -0.11771647923692713 0.012441858915429409 -0.041631171773424909 0.020773222379122297 -0.054576968977954464 0.13026768707675243
leaf_weight=157.43686021864414 32.939422659575939 22.87519733607769 29.385004974901676 74.531935892999172 62.121707238256931 3.4663852751255027 28.126945689320564 37.945020690560341 1.2569727152585972 264.31644957512617 21.267984196543694 14.082249864935873 6.935907006263732 1.1422675251960743
leaf_count=641 225 80 181 259 263 9 79 144 6 837 117 49 19 3
internal_value=0.00307392 0.00147931 0.000421799 0.00193878 -0.000369097 -0.0199313 0.00203612 0.000603683 0.00239274 0.00275112 0.00752152 -0.0166702 0.010694 -0.00644587
internal_weight=757.83 724.891 702.016 672.631 598.099 65.5881 532.511 504.384 466.439 465.182 306.603 35.3502 271.252 158.579
internal_count=2912 2687 2607 2426 2167 272 1895 1816 1672 1666 1022 166 856 644
is_linear=0
shrinkage=0.04


Tree=69
num_leaves=15
num_cat=0
split_feature=301 257 53 219 105 202 244 225 211 287 176 155 223 179
split_gain=25.11 14.2924 21.3866 16.7243 12.8587 13.2914 14.5749 14.216 15.0578 18.5514 18.5411 15.7437 14.119 12.424
threshold=0.0038499999791383748 0.009000000078231098 0.0031500000040978198 0.0012500000302679839 1.0000000180025095e-35 0.0085500003769993799 0.002549999975599349 1.0000000180025095e-35 0.0048500001430511483 0.0013499999768100681 0.10875000059604646 0.018849999643862251 0.0019500000635161998 0.0027499999850988392
decision_type=2 2 2 2 2 2 2 2 2 2 2 2 2 2
left_child=1 2 3 4 5 7 -7 -1 9 12 13 -11 -9 -10
right_child=-2 -3 -4 -5 -6 6 -8 8 10 11 -12 -13 -14 -15
leaf_value=0.020502519301019744 0.037655244066769109 0.032650135324916382 -0.033180957215422982 0.019764777074086831 -0.0093185754090932705 -0.059166456742539071 0.044121720021120511 -0.025260749731540969 0.027288891192491782 -0.0010402372203140906 -0.11085531278115909 0.077776295004585105 0.14643550720487764 -0.014091894839866122
leaf_weight=55.537073783576488 31.878421805799007 22.618076086044312 28.964325502514839 74.180246070027351 179.3109365105629 2.328323811292651 20.414668723940849 69.192795731127262 54.258479937911034 194.97178036719561 1.7143840417265881 4.0403180271387091 0.67028585076331992 14.553848274052141
leaf_count=183 225 80 181 259 772 9 49 317 160 614 4 11 2 46
internal_value=0.00296425 0.00142361 0.000404603 0.00186467 -0.000355777 0.00348369 0.0331597 0.00175668 -0.0013041 -0.00563061 0.0151182 0.000578055 -0.0233493 0.018471
internal_weight=754.634 722.756 700.137 671.173 596.993 417.682 22.743 394.939 339.402 268.875 70.5267 199.012 69.8631 68.8123
internal_count=2912 2687 2607 2426 2167 1395 58 1337 1154 944 210 625 319 206
is_linear=0
shrinkage=0.04


Tree=70
num_leaves=15
num_cat=0
split_feature=250 239 301 102 176 296 313 185 50 188 159 277 202 275
split_gain=20.027 16.3733 15.9097 12.8581 14.3936 11.9816 13.8478 12.3072 14.7618 21.2015 17.0129 17.2726 16.8398 14.5195
threshold=0.0057500000111758718 0.0016499999910593035 0.0038499999791383748 0.021450000815093521 0.0012500000302679839 1.0000000180025095e-35 0.12014999985694887 0.0010500000207684936 0.0012500000302679839 0.017549999989569191 0.014349999837577345 0.0085500003769993799 0.0084500000812113302 0.010149999987334015
decision_type=2 2 2 2 2 2 2 2 2 2 2 2 2 2
left_child=2 -2 5 -3 -5 6 7 8 9 10 12 -12 13 -1
right_child=1 3 -4 4 -6 -7 -8 -9 -10 -11 11 -13 -14 -15
leaf_value=-0.0034444918892279999 -0.03799269233713088 0.034235174502827745 0.037602186847765944 -0.075999847509774746 0.014367951218938363 0.034857282363683531 -0.068439310577027124 0.01316267372418501 -0.017636255328490773 0.037275807195548391 -0.0305704993278136 0.028339004437961727 0.040209202632616438 0.028959913953429926
leaf_weight=317.57701916247606 6.8762249946594229 60.64848954230547 17.155100710690022 3.5478817373514167 12.219687901437281 14.208570107817648 4.9050458520650855 78.581707969307899 99.964819140732288 22.319136686623096 53.551732018589973 9.2011493295431119 16.386637285351753 23.669919386506081
leaf_count=1071 27 225 119 14 46 54 21 243 533 74 283 30 45 81
internal_value=0.00204419 0.020511 -0.000291797 0.0258705 -0.00606456 -0.00131892 -0.00215164 -0.0016109 -0.0037596 -0.000613881 -0.00264342 -0.0218379 0.000718561 -0.00117728
internal_weight=740.813 83.2923 657.521 76.4161 15.7676 640.366 626.157 621.252 542.67 442.706 420.386 62.7529 357.634 341.247
internal_count=2866 312 2554 285 60 2435 2381 2360 2117 1584 1510 313 1197 1152
is_linear=0
shrinkage=0.04


Tree=71
num_leaves=15
num_cat=0
split_feature=150 277 218 202 250 225 244 244 225 182 244 220 300 275
split_gain=18.8302 32.4424 25.3925 15.6949 15.6767 14.4697 17.7862 17.2493 19.7604 17.856 14.7132 14.604 13.9935 14.8909
threshold=0.0012500000302679839 0.00335000001359731 0.0011500000255182388 0.0084500000812113302 0.0057500000111758718 0.0016499999910593035 0.0014499999815598132 0.0020500000100582842 0.0047500000800937423 0.0013499999768100681 0.0017499999958090486 0.0012500000302679839 0.012749999761581423 0.0046500000171363362
decision_type=2 2 2 2 2 2 2 2 2 2 2 2 2 2
left_child=2 -2 3 4 5 -1 -7 8 10 -10 -8 12 -9 -14
right_child=1 -3 -4 -5 -6 6 7 11 9 -11 -12 -13 13 -15
leaf_value=0.015470886826343875 -0.018591830140470209 0.0096143802426026468 0.029047018701243401 0.043017956540577267 0.02611051993280393 -0.029223797037388369 0.013826794748628227 -0.012333452540621926 -0.029027351106574801 0.081983676051176624 0.11120178762738521 -0.04858547477013931 0.026813613266040214 -0.0042326303822630244
leaf_weight=66.546198792755604 152.38049491494894 113.7570296227932 69.755639031529427 14.922932133078573 36.84465229511261 42.025901809334755 4.3282160162925738 104.88322883844376 9.5159090906381589 2.9524589478969565 6.1793204843997955 11.3153980076313 41.704601541161537 60.003144413232803
leaf_count=231 783 444 319 37 102 155 14 392 34 6 13 33 105 198
internal_value=0.00197433 -0.00652134 0.00678388 0.00289701 0.00132603 -0.00128239 -0.00524134 -0.00103021 0.0318352 -0.00197898 0.0719771 -0.00452689 -0.00207202 0.00847222
internal_weight=737.115 266.138 470.978 401.222 386.299 349.454 282.908 240.882 22.9759 12.4684 10.5075 217.906 206.591 101.708
internal_count=2866 1227 1639 1320 1283 1181 950 795 67 40 27 728 695 303
is_linear=0
shrinkage=0.04


Tree=72
num_leaves=15
num_cat=0
split_feature=222 296 150 300 250 225 90 150 253 202 225 155 121 159
split_gain=18.1619 14.6772 13.494 14.7878 14.9335 12.1108 17.5981 16.2886 19.4954 19.402 14.0817 15.4867 14.1156 13.3365
threshold=0.0011500000255182388 1.0000000180025095e-35 0.0054500000551342973 0.0051500000990927228 0.0065500000491738328 0.12854999303817752 0.0045499999541789302 0.0016499999910593035 0.014650000259280207 0.0022500000195577745 0.0016499999910593035 0.0057500000111758718 0.0011500000255182388 0.00335000001359731
decision_type=2 2 2 2 2 2 2 2 2 2 2 2 2 2
left_child=1 5 3 4 -2 6 7 8 9 10 -1 12 -12 -11
right_child=2 -3 -4 -5 -6 -7 -8 -9 -10 13 11 -13 -14 -15
leaf_value=0.015292361331117483 -0.028598534305508121 0.035818983935416 -0.017919225166596352 0.036955153071493746 0.049701552443406946 0.023331722823933636 -0.029271536076031435 -0.010900213610200127 0.041341438477384002 0.039015181040323352 -0.0087862057901033075 0.056729084806276087 0.060061401093000323 -0.0097065412851691894
leaf_weight=61.700804188847542 12.714163713157179 17.359308898448944 12.916898749768732 52.855147331953049 5.4885866343975058 30.142228998243809 37.053541541099548 177.05209739506245 20.777196012437344 33.436452329158783 249.78730051219463 6.0474361330270758 4.7454995512962332 12.070680037140844
leaf_count=212 46 81 54 200 15 109 172 861 52 87 906 13 12 46
internal_value=0.00190416 -0.000351983 0.0193995 0.0262551 -0.00462799 -0.00135605 -0.00260109 -0.000841978 0.00373245 0.0015863 -0.00185717 -0.00593752 -0.00746382 0.0260112
internal_weight=734.147 650.173 83.9748 71.0579 18.2028 632.813 602.671 565.617 388.565 367.788 322.281 260.58 254.533 45.5071
internal_count=2866 2551 315 261 61 2470 2361 2189 1328 1276 1143 931 918 133
is_linear=0
shrinkage=0.04


Tree=73
num_leaves=15
num_cat=0
split_feature=301 250 239 150 273 90 134 278 179 67 105 214 93 155
split_gain=17.5813 14.573 14.6003 10.3614 10.3454 11.9524 18.3206 14.3805 12.1628 16.6799 10.8853 12.9912 12.8849 11.7665
threshold=0.0038499999791383748 0.0057500000111758718 0.0016499999910593035 0.011450000107288362 0.0014499999815598132 0.0045499999541789302 0.0034500000765547161 0.0036499999696388845 0.08924999833106996 1.0000000180025095e-35 0.0017499999958090486 0.062699999660253539 0.0016499999910593035 0.075750000774860396
decision_type=2 2 2 2 2 2 2 2 2 2 2 2 2 2
left_child=1 4 -3 -4 5 7 -7 8 9 10 13 12 -12 -1
right_child=-2 2 3 -5 -6 6 -8 -9 -10 -11 11 -13 -14 -15
leaf_value=0.0011264699918994798 0.03450735914345212 -0.037165899643596893 0.028997984728908872 -0.024745437776122856 0.035012184715019205 -0.039456856834742086 0.016802010013128092 0.026797617099709112 0.056204696161212472 -0.046958956837057288 -0.017143396470977925 0.040786282996639896 0.070151728561315324 0.082399255183096973
leaf_weight=404.74273772537708 25.346786223351955 6.843418836593627 58.27498546987772 6.2087149918079367 12.22035665810108 30.109881654381752 13.171626456081865 29.26373552531004 5.5926101803779593 13.107208397239445 113.65563775599003 6.9414159506559363 2.6577815860509864 2.7725649774074546
leaf_count=1413 200 27 180 24 44 138 47 95 18 57 586 21 8 8
internal_value=0.00183982 0.000655871 0.0177886 0.0237311 -0.00126709 -0.00199179 -0.0222444 -0.000466677 -0.00193061 -0.00254598 -0.00143305 -0.0118479 -0.0150558 0.00170931
internal_weight=730.909 705.563 71.3271 64.4837 634.236 622.015 43.2815 578.734 549.47 543.877 530.77 123.255 116.313 407.515
internal_count=2866 2666 231 204 2435 2391 185 2206 2111 2093 2036 615 594 1421
is_linear=0
shrinkage=0.04


Tree=74
num_leaves=15
num_cat=0
split_feature=239 150 277 218 202 250 179 239 300 263 202 225 201 254
split_gain=16.7731 18.3641 27.2027 18.0409 14.0487 13.8798 14.2046 14.4663 14.0647 13.9394 22.3316 16.8108 15.7462 16.02
threshold=0.13740000128746035 0.0012500000302679839 0.0037500000325962905 0.0011500000255182388 0.0084500000812113302 0.0018500000005587938 0.00075000003562308859 0.039600001648068435 0.14490000158548358 0.002549999975599349 0.0010500000207684936 0.0016499999910593035 0.0054500000551342973 0.0020500000100582842
decision_type=2 2 2 2 2 2 2 2 2 2 2 2 2 2
left_child=1 3 -3 4 5 6 7 9 -7 10 11 -1 -11 -14
right_child=-2 2 -4 -5 -6 8 -8 -9 -10 12 -12 -13 13 -15
leaf_value=0.0082673403723232692 0.033182530366420007 -0.019140817074330432 0.0076643586241345327 0.026925947208431115 0.0407710634631974 0.016285625635649784 -0.01799570195762434 -0.052604914259347275 -0.042867552825301025 0.022448054369411947 0.05357449057134054 -0.03060911704610051 -0.046780145814358742 0.025113789994617101
leaf_weight=29.504816681146622 26.133821621537209 146.96751265227795 102.66474820673466 54.736596927046776 14.629551529884337 106.41786988824606 80.908369801938534 7.3412488698959342 6.7167792171239844 79.003118276596069 8.3607476875185949 44.114382706582546 11.863249093294145 8.3097054511308652
leaf_count=114 127 771 407 244 37 289 310 23 17 217 34 202 45 29
internal_value=0.00177718 0.000597004 -0.00810214 0.00541198 0.00243089 0.000943918 -0.00398252 0.00201748 0.0127036 0.0042809 -0.00788658 -0.014984 0.0143768 -0.0169903
internal_weight=727.673 701.539 249.632 451.906 397.17 382.54 269.406 188.497 113.135 181.156 81.9799 73.6192 99.1761 20.173
internal_count=2866 2739 1178 1561 1317 1280 974 664 306 641 350 316 291 74
is_linear=0
shrinkage=0.04


Tree=75
num_leaves=15
num_cat=0
split_feature=303 134 288 179 53 39 258 1 253 127 120 188 313 253
split_gain=21.6502 14.5233 17.196 14.0063 10.7378 10.0939 15.3797 10.4808 15.2458 12.6748 15.4959 12.7258 12.3968 11.839
threshold=0.0024500000290572648 0.0011500000255182388 0.0014499999815598132 0.08924999833106996 0.0051500000990927228 0.003249999950639904 1.0000000180025095e-35 0.0018500000005587938 0.0038499999791383748 1.0000000180025095e-35 0.0021499999566003685 0.017150000669062141 0.007849999703466894 0.014449999667704107
decision_type=2 2 2 2 2 2 2 2 2 2 2 2 2 2
left_child=1 5 3 -3 -4 6 7 9 -9 10 13 -11 -13 -1
right_child=-2 2 4 -5 -6 -7 -8 8 -10 11 -12 12 -14 -15
leaf_value=0.0011026566486084296 0.026195722783896144 -0.032329747792133753 0.021314390152929144 0.046889918492482023 -0.024545500305212468 -0.048249550008054538 0.039176636549294375 0.076758684668625204 -0.042440588346320876 -0.016151167449414437 0.037458467544080609 0.047973514834274089 -0.010973643765909568 0.033545717364638204
leaf_weight=375.40647091716528 54.75630571693182 56.776522941887379 26.03928354382515 3.6839966475963584 11.731234073638914 6.0943431109189978 18.167129322886467 6.3775870576500875 2.215509906411171 101.27367398142815 21.544164471328259 10.721409965306522 11.843732587993143 18.825579822063446
leaf_count=1311 285 269 89 14 52 49 61 21 12 519 74 39 55 43
internal_value=0.00203503 5.29704e-05 -0.0141424 -0.0273672 0.00693783 0.0024978 0.00305934 0.00184822 0.0454314 0.00113848 0.00449096 -0.0100794 0.0169456 0.00267015
internal_weight=725.457 670.701 98.231 60.4605 37.7705 572.47 566.375 548.208 8.5931 539.615 415.776 123.839 22.5651 394.232
internal_count=2893 2608 424 283 141 2184 2135 2074 33 2041 1428 613 94 1354
is_linear=0
shrinkage=0.04


Tree=76
num_leaves=15
num_cat=0
split_feature=252 150 2 180 67 111 50 231 116 179 124 279 225 231
split_gain=20.3064 17.6256 17.4497 13.3168 15.7082 14.1736 13.4458 13.713 13.3385 12.4858 11.8164 13.6504 13.8539 13.0688
threshold=0.0012500000302679839 0.095600001513957991 0.01200000010430813 0.0013499999768100681 1.0000000180025095e-35 0.0037500000325962905 0.0012500000302679839 0.022950000129640106 0.0014499999815598132 0.16149999946355822 0.070250000804662718 0.0021499999566003685 0.0046500000171363362 0.0045499999541789302
decision_type=2 2 2 2 2 2 2 2 2 2 2 2 2 2
left_child=2 -2 3 4 6 -5 10 -8 9 -6 11 12 -1 -14
right_child=1 -3 -4 5 8 -7 7 -9 -10 -11 -12 -13 13 -15
leaf_value=0.010621421717327415 0.034215501632961456 -0.013314205968791484 -0.050233287431734289 0.038015316450406129 -0.054499140197179052 -0.08075598818525824 -0.016493762989093656 0.031959993307942504 0.014645490796964812 0.061883767344394623 -0.040520459362160206 0.024155956062705153 -0.0069558001467085687 0.025389111672265301
leaf_weight=182.0082396119833 51.621894851326942 16.254828453063965 10.864673733711241 22.67716267704964 19.537073314189918 1.6174312382936467 97.477951664477587 10.193122453987597 7.8774199299514285 1.481153331696986 9.3291588649153692 51.21872990578413 218.88719615340233 21.859041169285774
leaf_count=669 292 76 55 82 82 5 528 27 27 6 55 168 765 56
internal_value=0.00196191 0.0227716 -0.000191518 0.00065396 -0.000480452 0.0296454 0.000923164 -0.0118442 -0.0292293 -0.045854 0.00377763 0.00466635 0.00229048 -0.00399305
internal_weight=722.905 67.8767 655.028 644.164 619.869 24.2946 590.973 107.671 28.8956 21.0182 483.302 473.973 422.754 240.746
internal_count=2893 368 2525 2470 2383 87 2268 555 115 88 1713 1658 1490 821
is_linear=0
shrinkage=0.04


Tree=77
num_leaves=15
num_cat=0
split_feature=303 134 288 135 155 127 39 258 105 120 250 108 94 253
split_gain=19.5854 13.2786 15.737 14.0146 14.0859 9.75398 9.50964 13.7757 11.285 18.3936 14.9518 14.7167 13.2785 12.3604
threshold=0.0024500000290572648 0.0011500000255182388 0.0014499999815598132 0.0017499999958090486 0.015649999491870407 0.0090499999932944792 0.003249999950639904 1.0000000180025095e-35 0.0013499999768100681 0.0022500000195577745 0.0049499999731779107 0.037649998441338546 0.0021000000415369873 0.014650000259280207
decision_type=2 2 2 2 2 2 2 2 2 2 2 2 2 2
left_child=1 6 3 -3 -5 -4 7 8 9 10 11 13 -12 -1
right_child=-2 2 5 4 -6 -7 -8 -9 -10 -11 12 -13 -14 -15
leaf_value=-0.0019574222402032565 0.025250632673127167 -0.035568345376842975 0.022331761377996966 -0.0007677786309642471 0.14686313962785033 -0.019656734534787456 -0.047792920668700611 0.037105977464227162 -0.0080554500966539596 0.038416111270891437 0.030030148105000119 0.11704286089799892 -0.10501021760511327 0.036569368298100244
leaf_weight=326.17544937878847 53.087626308202744 48.743810914456844 23.525569073855877 9.7597774267196638 1.0497810542583454 13.985736012458799 5.877431094646453 18.136315882205963 139.51644383370876 24.838809117674828 39.030809253454208 1.6164627969264973 1.092615857720374 13.788827851414679
leaf_count=1163 285 236 78 44 3 63 49 61 672 79 122 4 5 29
internal_value=0.00189099 2.26422e-05 -0.0136395 -0.0264193 0.0144177 0.00655976 0.00235786 0.00289577 0.00174563 0.00512013 0.00293348 0.000205299 0.0260014 -0.000372733
internal_weight=720.225 667.138 97.0647 59.5534 10.8096 37.5113 570.073 564.196 546.059 406.543 381.704 341.581 40.1234 339.964
internal_count=2893 2608 424 283 47 141 2184 2135 2074 1402 1323 1196 127 1192
is_linear=0
shrinkage=0.04


Tree=78
num_leaves=15
num_cat=0
split_feature=252 150 2 180 67 111 68 50 231 254 25 36 124 279
split_gain=18.7331 16.358 15.9468 12.4598 14.7002 13.1937 12.6233 12.2139 12.4087 11.5476 12.6462 14.1656 10.7912 12.3556
threshold=0.0012500000302679839 0.095600001513957991 0.01200000010430813 0.0013499999768100681 1.0000000180025095e-35 0.0037500000325962905 0.0017499999958090486 0.0012500000302679839 0.022950000129640106 0.062650002539157881 0.0038499999791383748 1.0000000180025095e-35 0.070250000804662718 0.0021499999566003685
decision_type=2 2 2 2 2 2 2 2 2 2 2 2 2 2
left_child=2 -2 3 4 7 -5 -6 12 9 -9 11 -11 13 -1
right_child=1 -3 -4 5 6 -7 -8 8 -10 10 -12 -13 -14 -15
leaf_value=0.0021453979790393768 0.033337763722947819 -0.012703465660359193 -0.048281479455436441 0.037236442997119916 -0.047089101592825769 -0.077611190027403645 0.0092371985077028956 -0.021392395154532267 0.030394135792121878 0.072705002198239055 -0.049788465513226243 -0.027175364168161919 -0.03925365983399659 0.023048334405814021
leaf_weight=421.86375096440315 50.17130272090435 16.160699971020222 10.770082108676432 22.100773401558403 19.140998706221584 1.6117817610502232 9.3107349276542646 83.256464220583439 10.127780646085737 6.893246576189993 3.1544346734881392 3.2301352024078369 9.1225415617227537 50.685574762523174
leaf_count=1490 292 76 55 82 80 5 35 463 27 24 22 19 55 168
internal_value=0.00182335 0.0220581 -0.000234497 0.000574587 -0.000515079 0.0289689 -0.0285486 0.000838442 -0.0113937 -0.0158462 0.0185317 0.0404902 0.00355725 0.00440031
internal_weight=717.6 66.332 651.268 640.498 616.786 23.7126 28.4517 588.334 106.662 96.5343 13.2778 10.1234 481.672 472.549
internal_count=2893 368 2525 2470 2383 87 115 2268 555 528 65 43 1713 1658
is_linear=0
shrinkage=0.04


Tree=79
num_leaves=15
num_cat=0
split_feature=252 150 2 180 67 111 104 50 32 15 179 271 179 124
split_gain=17.549 15.427 14.8045 11.7007 13.6405 12.3699 12.1291 11.3214 11.8269 12.4378 11.4531 10.3669 10.3038 10.0884
threshold=0.0012500000302679839 0.095600001513957991 0.01200000010430813 0.0013499999768100681 1.0000000180025095e-35 0.0037500000325962905 0.0015499999863095584 0.0012500000302679839 0.006499999901279808 0.0029499999945983295 0.00075000003562308859 0.034100001677870757 0.16149999946355822 0.070250000804662718
decision_type=2 2 2 2 2 2 2 2 2 2 2 2 2 2
left_child=2 -2 3 4 7 -5 12 13 9 11 -10 -9 -6 -1
right_child=1 -3 -4 5 6 -7 -8 8 10 -11 -12 -13 -14 -15
leaf_value=0.0042269205765877154 0.032620957916851871 -0.012226203042230717 -0.046670671322275113 0.036482274821768794 -0.045269793361682825 -0.074970359963833791 0.034523439128092831 -0.018213117927246735 0.10808835990011305 0.058522063152250212 -0.01536351144689419 0.09132744540559927 0.061034297193150303 -0.038304014022194306
leaf_weight=472.35282506048679 49.243999317288399 16.124542593955994 10.700997725129126 21.666288413107399 22.680758308619268 1.605454921722411 4.1422957032918921 96.49472626671195 2.4644422829151145 3.5374432727694503 2.1295944526791573 1.2933833152055729 1.4425532892346371 8.980156794190405
leaf_count=1658 292 76 55 82 97 5 12 520 9 11 11 4 6 55
internal_value=0.00175636 0.0214956 -0.000227155 0.000551788 -0.000496563 0.0283344 -0.0275923 0.000805274 -0.011019 -0.0139133 0.0509012 -0.0166316 -0.038522 0.00341733
internal_weight=714.859 65.3685 649.491 638.79 615.518 23.2717 28.2656 587.253 105.92 101.326 4.59404 97.7881 24.1233 481.333
internal_count=2893 368 2525 2470 2383 87 115 2268 555 535 20 524 103 1713
is_linear=0
shrinkage=0.04


Tree=80
num_leaves=15
num_cat=0
split_feature=204 127 252 185 201 287 201 2 263 313 222 94 102 134
split_gain=16.8264 18.0411 12.2955 12.5275 22.2729 11.7267 11.8341 11.0712 11.3526 13.3099 13.9557 12.4245 11.3664 11.2928
threshold=0.012149999849498274 0.054250000044703491 0.0012500000302679839 1.0000000180025095e-35 0.0010500000207684936 0.0093499999493360537 0.017549999989569191 0.0097500002011656779 0.072350002825260176 0.014549999963492157 0.0015499999863095584 0.0021000000415369873 0.1758999973535538 0.0014499999815598132
decision_type=2 2 2 2 2 2 2 2 2 2 2 2 2 2
left_child=1 2 3 7 -5 6 -6 8 9 10 13 -12 -10 -1
right_child=-2 -3 -4 4 5 -7 -8 -9 12 -11 11 -13 -14 -15
leaf_value=-0.00074464051491726093 0.034292568353646947 -0.044107976890223249 0.022768336433762727 0.062778245695116475 -0.049210881037762264 0.028189764143642153 0.0046886753421781545 -0.055345357747631642 0.027477676361321458 -0.030756920589632909 0.030670228238018963 -0.10005870883731093 -0.062401282821548464 -0.019744222271243918
leaf_weight=420.22412195056677 24.104407772421837 14.194070316851137 40.053424909710884 13.184271030128 8.9469029158353823 20.575221814215183 22.894194401800632 6.050611086189746 31.502812594175339 25.833436466753483 28.328752912580971 1.1040163487195958 2.3061119243502608 56.808733139187098
leaf_count=1634 129 103 207 18 34 64 77 29 120 97 88 5 12 272
internal_value=0.00150821 0.000355675 0.00129906 -4.63722e-05 0.0164899 0.00467352 -0.0104378 -0.00195188 -0.00136446 -0.00280015 -0.00136047 0.025309 0.0210631 -0.0030193
internal_weight=716.111 692.007 677.813 637.759 65.6006 52.4163 31.8411 572.159 566.108 532.299 506.466 29.4328 33.8089 477.033
internal_count=2889 2760 2657 2450 193 175 111 2257 2228 2096 1999 93 132 1906
is_linear=0
shrinkage=0.04


Tree=81
num_leaves=15
num_cat=0
split_feature=301 216 105 297 185 150 50 257 287 300 233 245 231 124
split_gain=15.241 10.6859 14.2106 9.08907 9.98225 19.1734 13.1429 13.197 10.9395 16.4226 17.5021 10.0694 17.059 15.4269
threshold=0.0038499999791383748 0.0021499999566003685 0.054050000384449966 1.0000000180025095e-35 1.0000000180025095e-35 0.10265000164508821 0.010250000283122064 0.009000000078231098 0.0093499999493360537 0.0036499999696388845 0.0010500000207684936 0.018450000323355201 0.0022500000195577745 0.012800000142306091
decision_type=2 2 2 2 2 2 2 2 2 2 2 2 2 2
left_child=1 2 3 4 6 8 7 11 9 -6 -11 12 -1 -14
right_child=-2 -3 -4 -5 5 -7 -8 -9 -10 10 -12 -13 13 -15
leaf_value=-0.0023053575321737838 0.033436453758316373 0.020572104678608767 -0.050857805824263802 -0.038812569701527855 0.074054164746180581 -0.052579706433769344 -0.045903998332909507 0.040387321367457825 0.038130648433681531 -0.018164471775569027 0.047870845051944041 -0.020218476721335886 0.035092987772004661 -0.021828928707105132
leaf_weight=444.83332596719265 22.969212673604488 39.441860843449831 8.8642863892018777 9.4799873158335668 4.9285381957888594 6.2526324093341819 10.334050823003052 12.195950217545031 30.127316519618034 28.034809820353985 8.2120746001601201 42.328626498579979 36.491313792765141 9.4560301527380926
leaf_count=1744 208 152 72 43 6 32 67 47 84 93 26 176 95 44
internal_value=0.00145151 0.000377813 -0.000841509 -0.000137616 0.000441134 0.0138793 -0.00142951 -0.000571083 0.0198287 0.00628064 -0.00300295 -0.00152299 8.50924e-05 0.0232695
internal_weight=713.95 690.981 651.539 642.675 633.195 77.5554 555.639 545.305 71.3027 41.1754 36.2469 533.109 490.781 45.9473
internal_count=2889 2681 2529 2457 2414 241 2173 2106 209 125 119 2059 1883 139
is_linear=0
shrinkage=0.04


Tree=82
num_leaves=15
num_cat=0
split_feature=204 127 290 2 229 134 155 102 211 164 134 227 50 102
split_gain=15.0533 16.4896 12.2406 13.3714 12.2555 14.3996 12.1447 14.6409 12.0771 11.1648 15.2883 13.6269 12.8543 14.2681
threshold=0.012149999849498274 0.054250000044703491 0.0021000000415369873 0.041600000113248832 0.0011500000255182388 0.0011500000255182388 0.062950000166893019 0.14570000022649768 0.0048500001430511483 0.023000000044703487 0.0014499999815598132 0.022400000132620338 0.0012500000302679839 0.007849999703466894
decision_type=2 2 2 2 2 2 2 2 2 2 2 2 2 2
left_child=1 2 3 4 6 8 9 -8 -6 10 11 12 13 -1
right_child=-2 -3 -4 -5 5 -7 7 -9 -10 -11 -12 -13 -14 -15
leaf_value=0.00254021839970686 0.032798850071519427 -0.042999260461953411 0.034813481019926457 -0.092298748969383823 -0.019481961435524168 -0.017728133366359072 0.053335680620335051 -0.052888418029882693 0.025774800557569946 0.026309232943230003 -0.025899881598004586 0.058931587953863183 -0.022305756500810073 -0.020103888004606118
leaf_weight=366.01201304793358 23.518875390291214 13.676622740924357 16.806741066277027 2.3831673562526694 10.595517978072165 19.502262070775032 11.718424201011656 2.397992566227912 75.866635411977768 20.31132484972477 45.708768498152494 5.7567548975348464 46.785388357937336 50.581798575818539
leaf_count=1261 129 103 91 13 51 87 35 13 282 73 219 11 283 238
internal_value=0.00139809 0.000314411 0.00120494 0.000334764 0.000691819 0.0131443 -0.00170516 0.0347647 0.0201665 -0.00268096 -0.00383731 -0.00167413 -0.00244825 -0.000203739
internal_weight=711.622 688.103 674.427 657.62 655.237 105.964 549.272 14.1164 86.4622 535.156 514.845 469.136 463.379 416.594
internal_count=2889 2760 2657 2566 2553 420 2133 48 333 2085 2012 1793 1782 1499
is_linear=0
shrinkage=0.04


Tree=83
num_leaves=15
num_cat=0
split_feature=301 204 127 241 216 170 185 201 150 202 287 50 62 25
split_gain=14.2498 9.51494 17.2412 10.1321 10.344 9.08918 9.4917 20.5227 11.4919 13.3263 14.5885 9.68151 13.08 12.0779
threshold=0.0038499999791383748 0.012149999849498274 0.054250000044703491 0.010650000069290401 0.0020500000100582842 0.0019500000635161998 1.0000000180025095e-35 0.0010500000207684936 0.036049999296665199 0.0019500000635161998 0.0093499999493360537 0.010250000283122064 0.0016499999910593035 0.0035500000230968003
decision_type=2 2 2 2 2 2 2 2 2 2 2 2 2 2
left_child=1 2 3 4 5 6 11 -8 9 10 -9 12 -1 -14
right_child=-2 -3 -4 -5 -6 -7 7 8 -10 -11 -12 -13 13 -15
leaf_value=-0.0022428619674394511 0.032976024204339642 0.029009721070847067 -0.046239220423750539 -0.060668748503461878 0.028001004155379178 -0.073705574493313303 0.059156515150962242 -0.031088058544489958 -0.037788080588453801 0.029201542495677083 0.039448234780983096 -0.042975619694580129 -0.019392309360463485 0.043407517312043079
leaf_weight=520.04498670622706 21.982295915484428 17.919696666300297 12.801090843975542 4.2093528211116782 21.621890172362328 2.5708820968866339 12.992204949259756 16.740137398242954 8.9005008190870267 28.935402303934097 6.372845694422721 8.7865387015044671 6.4505045786500004 18.785623975098133
leaf_count=2015 208 66 100 21 79 11 18 57 44 91 17 57 33 72
internal_value=0.00134604 0.000323682 -0.000442696 0.000451226 0.000861071 -6.74779e-05 0.000239293 0.0136961 0.00385891 0.0111162 -0.0113809 -0.00155146 -0.000868869 0.0271844
internal_weight=709.114 687.132 669.212 656.411 652.202 630.58 628.009 73.9411 60.9489 52.0484 23.113 554.068 545.281 25.2361
internal_count=2889 2681 2615 2515 2494 2415 2404 227 209 165 74 2177 2120 105
is_linear=0
shrinkage=0.04


Tree=84
num_leaves=15
num_cat=0
split_feature=184 229 50 239 300 36 185 254 137 155 102 223 169 250
split_gain=14.2749 10.7941 14.0346 14.4842 9.53361 9.43856 9.56847 9.48749 9.31165 13.8897 14.095 17.2027 17.6237 16.2062
threshold=0.0010500000207684936 0.0011500000255182388 0.0015499999863095584 0.010149999987334015 0.11659999936819078 0.0014499999815598132 1.0000000180025095e-35 0.038099998608231551 0.0017499999958090486 0.0061500000301748523 0.0011500000255182388 0.0011500000255182388 0.00335000001359731 0.0011500000255182388
decision_type=2 2 2 2 2 2 2 2 2 2 2 2 2 2
left_child=1 8 3 4 -3 6 7 -4 9 10 13 12 -12 -1
right_child=-2 2 5 -5 -6 -7 -8 -9 -10 -11 11 -13 -14 -15
leaf_value=-0.0040049337528094437 0.044495626258293813 -0.017104905465407307 -0.018655479345476084 0.040434110526223303 0.047617355348536394 -0.036177069211980641 0.033088661269240607 0.028223035725760758 -0.036796393651063568 0.017575451987859508 -0.025899963322869861 0.010736292463311561 0.012784284889987547 0.015192521467764621
leaf_weight=237.06025720387697 11.932424467056988 15.261821903288366 25.241592764854431 37.320622023195028 4.6673644781112662 10.51194056868553 14.122951645404099 9.3585651069879514 11.746734347194431 57.971119176596403 110.02726731449366 39.389331869781017 22.518603459000587 99.863326005637646
leaf_count=900 96 67 110 150 14 75 38 41 66 250 531 148 91 312
internal_value=0.0012955 0.000541814 0.01165 0.0257597 -0.00158535 -0.00193984 0.00542383 -0.00581583 -0.00168932 -0.000948354 -0.00306955 -0.0123879 -0.0192929 0.0016761
internal_weight=706.994 695.061 116.485 57.2498 19.9292 59.2351 48.7231 34.6002 578.577 566.83 508.859 171.935 132.546 336.924
internal_count=2889 2793 495 231 81 264 189 151 2298 2232 1982 770 622 1212
is_linear=0
shrinkage=0.04


Tree=85
num_leaves=15
num_cat=0
split_feature=301 239 179 22 277 176 253 224 166 102 53 176 102 312
split_gain=15.6398 10.1021 12.2447 11.2783 16.3515 11.9514 14.0434 19.3749 11.1433 12.4025 11.0253 13.3516 12.5154 12.446
threshold=0.0038499999791383748 0.14085000008344653 0.00075000003562308859 0.0011500000255182388 0.11684999987483026 0.0060499999672174462 0.0073500000871717939 0.0065500000491738328 1.0000000180025095e-35 0.0062500000931322583 0.0011500000255182388 0.016300000250339512 0.0059500001370906839 0.0024500000290572648
decision_type=2 2 2 2 2 2 2 2 2 2 2 2 2 2
left_child=1 2 10 4 5 6 8 -8 -4 -10 13 12 -12 -1
right_child=-2 -3 3 -5 -6 -7 7 -9 9 -11 11 -13 -14 -15
leaf_value=0.0055345293445361989 0.036421183421532957 0.031057709415281205 -0.0097330155293793522 -0.058095046925089287 0.037195600983126464 -0.020635250100741596 0.044013632355617921 -0.054725062903723386 0.02679520748733609 -0.02496946476280261 0.0070627739149209025 0.068070930457326345 -0.04622267197673921 0.030963857912196382
leaf_weight=314.54127214103937 21.71022605150938 18.556245982646942 152.16021628677845 6.1305874139070502 14.767035350203512 66.490122325718403 19.554545633494858 3.6721122711896887 29.951939240098 9.6665097177028638 11.669468291103845 2.6066831648349753 17.201531641185284 34.170559369027615
leaf_count=1142 220 71 602 32 52 278 53 16 97 50 64 8 137 119
internal_value=0.00305271 0.00200873 0.00120873 -0.00479023 -0.00365446 -0.00582407 -0.00121768 0.028064 -0.00479765 0.0140334 0.00599067 -0.0166051 -0.0245969 0.008046
internal_weight=722.849 701.139 682.583 302.393 296.262 281.495 215.005 23.2267 191.779 39.6184 380.19 31.4777 28.871 348.712
internal_count=2941 2721 2650 1180 1148 1096 818 69 749 147 1470 209 201 1261
is_linear=0
shrinkage=0.04


Tree=86
num_leaves=15
num_cat=0
split_feature=301 127 216 300 169 2 312 0 113 277 176 125 253 97
split_gain=14.9813 11.1411 12.9832 12.5971 9.79221 9.39332 9.80932 10.1174 12.2767 22.611 13.3793 12.9206 9.86637 14.0378
threshold=0.0038499999791383748 0.051400000229477889 0.0021499999566003685 0.52674999833107006 0.030999999493360523 0.016050000675022606 0.002650000038556755 1.0000000180025095e-35 0.0010500000207684936 0.0015499999863095584 0.10875000059604646 0.0030500000575557355 0.015050000045448543 0.0014499999815598132
decision_type=2 2 2 2 2 2 2 2 2 2 2 2 2 2
left_child=1 2 3 4 5 6 7 8 10 -10 12 -11 -1 -14
right_child=-2 -3 -4 -5 -6 -7 -8 -9 9 11 -12 -13 13 -15
leaf_value=0.0019054406951744991 0.036150375627460651 -0.025955627897217202 0.029493852482736713 0.03814910997734141 -0.041977168398177098 -0.064389213480002802 0.023301507415694974 0.074474777176834164 -0.035671921977614471 0.0012346880190528655 -0.070131323114484029 0.11370428797150166 0.037482990475971721 -0.063720443355978568
leaf_weight=474.31005682423711 21.01281575486064 22.064455706626177 27.971890419721603 14.724448978900908 8.3283635824918729 3.3482141196727744 32.070321388542652 2.852489858865737 39.988623563200235 43.326509222388268 3.9083667695522299 1.6022497713565815 22.582624025642875 2.3103166818618766
leaf_count=1731 220 141 102 40 40 19 115 8 258 182 11 4 58 12
internal_value=0.002942 0.00193352 0.00285164 0.00169346 0.00083545 0.00141776 0.00178815 0.000609991 0.000232275 -0.0138191 0.00261416 0.00557802 0.00320564 0.0277129
internal_weight=720.402 699.389 677.324 649.353 634.628 626.3 622.952 590.881 588.029 84.9174 503.111 44.9288 499.203 24.8929
internal_count=2941 2721 2580 2478 2438 2398 2379 2264 2256 444 1812 186 1801 70
is_linear=0
shrinkage=0.04


Tree=87
num_leaves=15
num_cat=0
split_feature=301 127 216 300 50 257 150 176 253 155 219 169 287 144
split_gain=14.347 10.3502 12.0336 11.7384 9.54181 14.5501 9.48515 16.2218 14.5362 12.0598 11.5241 11.129 10.8576 10.6789
threshold=0.0038499999791383748 0.051400000229477889 0.0021499999566003685 0.52674999833107006 0.01690000016242266 0.009000000078231098 0.0010500000207684936 0.10439999774098398 0.018350000493228439 0.020149999298155311 0.0011500000255182388 0.0016499999910593035 0.0038499999791383748 0.0017499999958090486
decision_type=2 2 2 2 2 2 2 2 2 2 2 2 2 2
left_child=1 2 3 4 5 6 7 8 10 11 -1 13 -11 -8
right_child=-2 -3 -4 -5 -6 -7 9 -9 -10 12 -12 -13 -14 -15
leaf_value=0.0013820872651259097 0.035877011719784302 -0.025133961595738302 0.028456778457210046 0.036992079071191133 -0.052314155395049265 0.041788749477424211 -0.018121075172366715 -0.081714556712412664 0.042291700851294863 0.089272900513679018 0.031647128728942472 0.0066332991552266575 0.0091851853385690272 0.050011461611169275
leaf_weight=375.17012500762939 20.340384114533663 21.881392434239388 27.838049501180649 14.583610922098158 5.2617685943841925 13.763551659882067 128.18135530129075 3.4156551808118811 15.602293908596037 3.1308780983090427 21.201628781855106 45.950079489499331 18.037448972463608 3.6659132763743392
leaf_count=1295 220 141 102 40 39 55 633 10 36 14 78 193 74 11
internal_value=0.00283479 0.00186073 0.00274428 0.00162922 0.000802968 0.00126255 0.000341474 0.00378731 0.00452557 -0.00683075 0.0030186 -0.0102463 0.0215826 -0.0161599
internal_weight=718.024 697.684 675.802 647.964 633.381 628.119 614.355 415.39 411.974 198.966 396.372 177.797 21.1683 131.847
internal_count=2941 2721 2580 2478 2438 2399 2344 1419 1409 925 1373 837 88 644
is_linear=0
shrinkage=0.04


Tree=88
num_leaves=15
num_cat=0
split_feature=301 59 211 202 93 179 179 185 62 150 167 155 253 214
split_gain=13.7332 10.1427 10.0479 10.0655 9.43598 9.27454 10.9518 14.192 13.1612 13.0805 11.5907 15.0692 11.4305 12.0274
threshold=0.0038499999791383748 1.0000000180025095e-35 0.0019500000635161998 0.0056499999482184657 0.0016499999910593035 0.031250000000000007 0.0012500000302679839 1.0000000180025095e-35 0.0019500000635161998 0.0057500000111758718 1.0000000180025095e-35 0.0095500000752508658 0.0021499999566003685 0.02094999980181456
decision_type=2 2 2 2 2 2 2 2 2 2 2 2 2 2
left_child=1 4 3 -3 5 6 -1 8 9 10 11 -8 13 -12
right_child=-2 2 -4 -5 -6 -7 7 -9 -10 -11 12 -13 -14 -15
leaf_value=0.0053137298101588962 0.035600888627675735 -0.017359485023756872 -0.049014179557759573 0.057656733407938698 0.083836874158320501 0.033369304187104147 -0.018126876901560354 0.016178019397798133 0.03580340271764592 -0.038935024952403453 0.04262326583863079 0.063718731881677149 -0.033554548614145141 -0.018593081930830892
leaf_weight=445.02415316551924 19.692124430090189 13.225584425032144 12.087419725954531 3.5419745072722426 2.1945217698812476 15.148624479770659 95.628669638186693 37.854833848774433 8.9908325374126417 27.008504401892424 17.886479437351234 3.6241855919361106 6.5787654593586913 7.015095777809619
leaf_count=1669 220 96 100 15 6 56 389 110 37 132 46 10 33 22
internal_value=0.00273438 0.00179349 -0.0213676 -0.00102806 0.00280457 0.00251848 0.00178787 -0.00586097 -0.0108954 -0.0136034 -0.00831374 -0.0150369 0.0127373 0.0252124
internal_weight=715.502 695.81 28.855 16.7676 666.955 664.76 649.612 204.587 166.733 157.742 130.733 99.2529 31.4803 24.9016
internal_count=2941 2721 211 111 2510 2504 2448 779 669 632 500 399 101 68
is_linear=0
shrinkage=0.04


Tree=89
num_leaves=15
num_cat=0
split_feature=301 59 125 93 179 179 185 159 62 250 216 105 218 244
split_gain=13.1454 9.47303 9.18414 8.79216 8.66704 10.1008 13.125 14.4988 12.175 11.4124 15.6128 12.4425 12.1131 12.0232
threshold=0.0038499999791383748 1.0000000180025095e-35 0.0050000001210719356 0.0016499999910593035 0.031250000000000007 0.0012500000302679839 1.0000000180025095e-35 0.0014499999815598132 0.0019500000635161998 0.0011500000255182388 0.0022500000195577745 0.0018500000005587938 0.0013499999768100681 0.0042499999981373557
decision_type=2 2 2 2 2 2 2 2 2 2 2 2 2 2
left_child=1 3 -2 4 5 9 8 -8 -7 10 -1 13 -13 -11
right_child=2 -3 -4 -5 -6 6 7 -9 -10 11 -12 12 -14 -15
leaf_value=-0.0010151730841500702 0.041294537707271151 -0.020824187944788516 -0.091490833392951054 0.081178783443353886 0.032418899367115138 -0.013117099291369935 0.053334398434223593 -0.0004991355047661636 0.034434171801327372 0.0082272741544354589 0.04332866784261518 -0.04195542716364338 0.012611970394275425 0.035084899343662629
leaf_weight=297.41050995513797 18.304125666618351 28.445416122674942 0.76312316209077735 2.1792977526783934 14.975511662662027 157.0711710639298 11.278036467730997 26.509280383586884 8.9786320030689222 57.462591558694839 13.166637785732744 10.852747321128847 15.80545938760042 50.611086122691631
leaf_count=1202 215 211 5 6 56 632 20 90 37 169 48 45 63 142
internal_value=0.00263273 0.00172487 0.0353218 0.00269651 0.00242077 0.00171768 -0.00564613 0.0155609 -0.0105027 0.0050979 0.00086521 0.0148173 -0.0095271 0.0208625
internal_weight=713.814 694.746 19.0672 666.301 664.122 649.146 203.837 37.7873 166.05 445.309 310.577 134.732 26.6582 108.074
internal_count=2941 2721 220 2510 2504 2448 779 110 669 1669 1250 419 108 311
is_linear=0
shrinkage=0.04


Tree=90
num_leaves=15
num_cat=0
split_feature=167 109 180 224 244 222 188 157 250 50 214 254 47 244
split_gain=13.9243 10.6923 9.8639 9.72581 11.5396 11.0217 10.9104 13.75 10.256 9.89074 12.9628 12.4581 10.0641 12.4111
threshold=1.0000000180025095e-35 0.0010500000207684936 0.003249999950639904 0.0079499999992549437 0.0027499999850988392 0.0027499999850988392 0.014849999919533731 0.0017499999958090486 0.0019500000635161998 0.0013499999768100681 0.057600000873208053 0.70265001058578502 0.0030500000575557355 0.0011500000255182388
decision_type=2 2 2 2 2 2 2 2 2 2 2 2 2 2
left_child=2 -2 3 5 -5 6 9 -8 -7 12 11 -11 -1 -14
right_child=1 -3 -4 4 -6 8 7 -9 -10 10 -12 -13 13 -15
leaf_value=0.00051947262760409726 0.026670252856904945 -0.0011667003425881602 0.049284827155321419 0.0052986841416477956 -0.058273597724641281 -0.043005322453959896 0.031961302308731107 -0.043197343050691235 0.046465923855185144 -0.022766711157470938 0.027437902325817113 0.095687634710920927 0.020150269015109485 -0.075127107986386485
leaf_weight=445.33464002609253 56.323097258806229 35.816472262144089 6.1119368635117999 8.0229313522577304 10.148369722068308 2.2973552457988253 27.430596195161346 4.406307488679885 13.171257972717283 76.422826051712036 10.027411088347433 1.3384179174900044 3.2627755254507047 6.0171823054552078
leaf_count=1642 308 141 18 25 44 9 116 31 40 460 39 3 12 20
internal_value=0.00132342 0.0158166 -0.000847222 -0.00136588 -0.0301111 -0.000468386 -0.00137518 0.0213312 0.0327301 -0.00271901 -0.0150037 -0.0205562 -0.000335187 -0.041344
internal_weight=706.132 92.1396 613.992 607.88 18.1713 589.709 574.24 31.8369 15.4686 542.403 87.7887 77.7612 454.615 9.27996
internal_count=2908 449 2459 2441 69 2372 2323 147 49 2176 502 463 1674 32
is_linear=0
shrinkage=0.04


Tree=91
num_leaves=15
num_cat=0
split_feature=303 1 1 179 223 263 105 250 127 47 275 250 155 287
split_gain=13.8301 11.3099 10.9914 11.8875 10.8581 10.8247 10.3415 12.8411 16.2777 13.0978 21.9077 13.4947 11.6958 11.5229
threshold=0.0024500000290572648 0.0015499999863095584 1.0000000180025095e-35 0.010249999817460777 0.0057500000111758718 0.0043500000610947618 0.0011500000255182388 0.0010500000207684936 0.0011500000255182388 0.0010500000207684936 0.0019500000635161998 0.010250000283122064 0.10995000228285791 0.043050000444054611
decision_type=2 2 2 2 2 2 2 2 2 2 2 2 2 2
left_child=1 2 3 6 -4 -2 7 12 9 -9 11 -11 -1 -12
right_child=5 -3 4 -5 -6 -7 -8 8 -10 10 13 -13 -14 -15
leaf_value=-0.0042219230760261123 -0.057898175321880893 0.036415528594634934 -0.082583268820776323 0.018927668624850253 0.022842111306059926 0.028201796777737848 -0.010008156514104088 0.024099197990006354 -0.068289067639864115 -0.052276378989372922 0.026139452839980887 0.01797763531367336 0.078242021616455132 -0.064214285014012829
leaf_weight=276.44740957394242 2.3587011545896521 13.159017086029051 4.9206927046179763 47.282681338489056 2.1414205729961395 40.557988431304693 176.45217024162412 80.429489959031343 3.8582618236541739 15.502554796636106 30.039290741086006 5.9186912029981604 2.6755800843238822 2.3244469240307799
leaf_count=1047 10 53 26 178 10 257 901 247 17 47 82 17 7 9
internal_value=0.00127563 -0.000148231 -0.00090242 -0.000345421 -0.0501844 0.0232532 -0.00189014 0.00153534 0.0115152 0.0138883 -0.00132324 -0.032686 -0.00338939 0.019349
internal_weight=704.068 661.152 647.993 640.931 7.06211 42.9167 593.648 417.196 138.073 134.214 53.785 21.4212 279.123 32.3637
internal_count=2908 2641 2588 2552 36 267 2374 1473 419 402 155 64 1054 91
is_linear=0
shrinkage=0.04


Tree=92
num_leaves=15
num_cat=0
split_feature=303 1 1 179 134 53 263 25 211 213 105 155 3 6
split_gain=12.9688 10.4335 10.1721 10.9791 10.2982 10.2785 10.1698 9.56 9.70913 13.3666 11.0983 15.5081 11.7306 10.7114
threshold=0.0024500000290572648 0.0015499999863095584 1.0000000180025095e-35 0.010249999817460777 0.0014499999815598132 0.0030500000575557355 0.0059500001370906839 0.0054500000551342973 0.018649999983608726 0.0060499999672174462 0.0010500000207684936 0.0035500000230968003 0.0017499999958090486 0.0010500000207684936
decision_type=2 2 2 2 2 2 2 2 2 2 2 2 2 2
left_child=1 2 3 4 5 7 -2 8 10 -10 13 12 -12 -1
right_child=6 -3 -4 -5 -6 -7 -8 -9 9 -11 11 -13 -14 -15
leaf_value=0.003689098088153514 -0.043775892712480238 0.034980078927864165 -0.048362018913360318 0.018206532132652574 -0.018467649453303221 -0.035398227194866204 0.028457980931798674 0.019921735497639304 0.028340133442892421 -0.042226169774224456 -0.025054869747852218 0.0095590631391003263 0.12065034393524128 -0.018497188287388531
leaf_weight=302.1722896322608 3.259716108441352 13.155223429203032 7.0369361899793139 47.195041071623564 53.927406314760447 12.816856652498243 38.955510184168816 38.358611572533846 32.041893474757671 4.8263103738427153 75.782670218497515 32.413430470973253 0.78811785578727622 39.227029226720333
leaf_count=1010 14 53 36 178 267 109 253 137 119 25 383 143 3 178
internal_value=0.0012284 -0.0001424 -0.000868474 -0.000332172 -0.00181879 -0.000140742 0.0226955 0.000717963 -0.000789413 0.0189051 -0.00241431 -0.0135242 -0.0233476 0.00112349
internal_weight=701.957 659.742 646.587 639.55 592.355 538.427 42.2152 525.61 487.252 36.8682 450.384 108.984 76.5708 341.399
internal_count=2908 2641 2588 2552 2374 2107 267 1998 1861 144 1717 529 386 1188
is_linear=0
shrinkage=0.04


Tree=93
num_leaves=15
num_cat=0
split_feature=184 239 254 1 253 1 53 227 53 50 257 253 93 287
split_gain=12.5898 9.79019 8.10564 8.20871 11.7808 9.00806 8.38852 13.7702 10.1596 9.50857 9.17071 8.70853 7.82151 8.39655
threshold=0.0010500000207684936 0.13740000128746035 0.70265001058578502 0.0015499999863095584 0.00335000001359731 0.0013499999768100681 0.0031500000040978198 0.018450000323355201 0.0066499998793005952 0.011750000063329937 1.0000000180025095e-35 0.029749999754130844 0.0016499999910593035 0.055050000548362739
decision_type=2 2 2 2 2 2 2 2 2 2 2 2 2 2
left_child=1 2 3 5 -5 6 7 11 -8 10 -10 12 13 -1
right_child=-2 -3 -4 4 -6 -7 8 -9 9 -11 -12 -13 -14 -15
leaf_value=-0.0010586951168190925 0.044261678262845959 0.02969507756920596 0.080922278231750869 0.057104187285086844 -0.022165937253848699 -0.081755988343143557 -0.047145052986559507 0.032531018251548346 -0.026076982258909087 -0.051667395507012402 0.049392750778842497 0.031818062177370335 0.061559075200218312 -0.025528671473358671
leaf_weight=567.50491639226675 10.590769350528715 17.813246954232454 1.8612793833017338 8.8253104835748655 4.3637961968779555 2.1115047708153716 13.466626204550268 20.16324695199728 4.0180115513503534 3.8995500616729251 6.62925685942173 12.56343276798725 3.0074449330568305 23.289964985102415
leaf_count=2218 104 97 5 29 26 10 104 78 31 32 26 38 10 100
internal_value=0.00118233 0.000508518 -0.000263845 -0.000507452 0.0306061 -0.00114303 -0.000864424 8.83555e-05 -0.0222404 0.000706287 0.0205625 -0.000989038 -0.00169513 -0.00203426
internal_weight=700.108 689.518 671.704 669.843 13.1891 656.654 654.542 626.529 28.0134 14.5468 10.6473 606.366 593.802 590.795
internal_count=2908 2804 2707 2702 55 2647 2637 2444 193 89 57 2366 2328 2318
is_linear=0
shrinkage=0.04


Tree=94
num_leaves=15
num_cat=0
split_feature=184 188 202 225 271 201 96 102 6 169 250 300 109 227
split_gain=12.0588 8.78885 13.5061 13.5469 14.3765 15.5345 12.3581 12.0604 13.6258 14.3723 11.7638 11.8513 10.8283 9.79844
threshold=0.0010500000207684936 0.0011500000255182388 0.0029499999945983295 0.0058500000741332778 0.0031500000040978198 0.0063499999232590207 0.0013499999768100681 0.0011500000255182388 0.0021499999566003685 0.0058500000741332778 0.0017499999958090486 0.053499998524785049 0.0022500000195577745 0.0041499999351799497
decision_type=2 2 2 2 2 2 2 2 2 2 2 2 2 2
left_child=1 2 6 4 5 -4 10 8 -3 -10 -1 -12 -7 -9
right_child=-2 7 3 -5 -6 12 -8 13 9 -11 11 -13 -14 -15
leaf_value=-0.011972806473000506 0.044055991221669387 0.020673704939259331 0.076127862109621885 0.037772436768629007 0.1197672145942219 -0.045891189886743046 0.06218024982775229 -0.0035440894031025 0.056331229674440354 -0.059133534925587643 0.010817646846072216 -0.036881688429126779 0.090522557497310627 0.020809156992708994
leaf_weight=235.87290762364864 10.222507584840058 97.55459325760603 2.2017422243952778 23.312161304056644 1.1758846342563618 12.614053875207897 4.0270902439951888 187.46579636260867 2.1783220618963224 6.8120326921343803 74.39694095402956 9.2612574547529203 0.89469799399375993 30.668685611337423
leaf_count=1020 104 357 8 67 3 81 17 854 7 33 210 28 2 117
internal_value=0.00113876 0.000489369 -0.00377363 0.0180391 -0.00902986 -0.0196195 -0.00650072 0.00527746 0.0163017 -0.030405 -0.00739801 0.00545168 -0.0359637 -9.38419e-05
internal_weight=698.659 688.436 363.757 40.1985 16.8864 15.7105 323.558 324.679 106.545 8.99035 319.531 83.6582 13.5088 218.134
internal_count=2908 2804 1436 161 94 91 1275 1368 397 40 1258 238 83 971
is_linear=0
shrinkage=0.04


Tree=95
num_leaves=15
num_cat=0
split_feature=167 137 241 202 253 254 245 287 70 290 120 124 6 124
split_gain=10.3761 11.2677 11.124 12.5535 15.4893 13.8349 17.0157 13.4816 10.2988 9.28675 9.84324 24.7366 11.6954 9.232
threshold=1.0000000180025095e-35 0.0011500000255182388 0.0037500000325962905 0.0020500000100582842 0.014650000259280207 0.0013499999768100681 0.0042499999981373557 0.0018500000005587938 0.0020500000100582842 0.0021000000415369873 0.0035500000230968003 0.0065500000491738328 0.0010500000207684936 0.0015499999863095584
decision_type=2 2 2 2 2 2 2 2 2 2 2 2 2 2
left_child=2 8 3 4 9 6 -5 -7 -2 10 12 -12 -1 -6
right_child=1 -3 -4 5 13 7 -8 -9 -10 -11 11 -13 -14 -15
leaf_value=-0.0042624152659787931 0.023249053669773569 -0.014894811266267667 -0.034732576554831411 -0.024043463378978541 0.038953080233531327 0.050184993259557845 0.036738933593397673 0.011941616015107334 -0.072285637364724986 0.053058307927625295 0.044484473062320139 -0.020362303259106054 -0.026369511892008854 -0.034442246198450994
leaf_weight=360.80474727973342 71.894204463809729 17.244364399462938 14.699778858572243 27.536465547978878 20.304987061768774 19.814458101987839 9.9200661331415159 59.053931552916765 1.7376700118184079 4.3747891597449771 20.398289453238249 17.224568620324135 42.879796002060175 3.0310914665460578
leaf_count=1325 377 77 71 157 60 69 33 241 6 16 80 136 237 18
internal_value=0.00142089 0.0140105 -0.000481149 0.000377963 -0.00253278 0.0121404 -0.00778426 0.0216517 0.0208453 -0.00420647 -0.0047951 0.0147149 -0.00662651 0.0291429
internal_weight=690.919 90.8762 600.043 585.343 469.018 116.325 37.4565 78.8684 73.6319 445.682 441.307 37.6229 403.685 23.3361
internal_count=2903 460 2443 2372 1872 500 190 310 383 1794 1778 216 1562 78
is_linear=0
shrinkage=0.04


Tree=96
num_leaves=15
num_cat=0
split_feature=247 39 307 59 231 232 179 250 239 32 254 244 287 120
split_gain=11.4219 10.0405 9.55886 8.43256 8.4362 11.2354 12.0751 21.9321 14.4466 14.5312 13.5519 11.7867 12.2491 11.9438
threshold=0.0018500000005587938 0.0011500000255182388 0.0055499998852610597 0.0029499999945983295 0.0010500000207684936 0.025150000117719177 1.0000000180025095e-35 0.0018500000005587938 0.0016499999910593035 0.0014499999815598132 0.045749999582767494 0.0014499999815598132 0.0013499999768100681 0.36259999871253973
decision_type=2 2 2 2 2 2 2 2 2 2 2 2 2 2
left_child=1 2 3 4 5 6 11 8 -8 10 -10 12 13 -1
right_child=-2 -3 -4 -5 -6 -7 7 -9 9 -11 -12 -13 -14 -15
leaf_value=0.007163905378870023 0.039691454781350957 -0.038504121293825973 0.042432838312432164 -0.054149358196310268 0.0093886989750520886 0.051764542388712073 -0.032892194888320396 0.0078181104211342903 -0.014106915670023278 0.040294266437368796 0.044414989429217816 0.014993313726310385 -0.021114142586665968 0.17673875564646527
leaf_weight=39.293397046625614 12.125802941620348 10.202787313610314 8.8137859329581243 4.3488134965300551 150.94649738818407 6.1776779703795901 51.264300249516964 106.96997073665261 139.14417873695493 9.1136629208922368 6.5075959041714659 103.37700347229838 39.89491817727685 0.57924404740333457
leaf_count=180 104 84 38 37 595 21 293 375 566 27 25 395 160 3
internal_value=0.00136789 0.000669423 0.00128084 0.000716848 0.00109645 -0.00138877 -0.00206896 -0.00684757 -0.0144814 -0.00833996 -0.0114361 0.00607529 -0.00543649 0.0101634
internal_weight=688.76 676.634 666.431 657.617 653.268 502.322 496.144 313 206.03 154.765 145.652 183.145 79.7676 39.8726
internal_count=2903 2799 2715 2677 2640 2045 2024 1286 911 618 591 738 343 183
is_linear=0
shrinkage=0.04


Tree=97
num_leaves=15
num_cat=0
split_feature=247 307 297 124 219 239 225 70 231 245 300 300 194 50
split_gain=10.815 9.21819 8.34268 8.2338 10.3851 11.7201 15.1706 11.4038 10.0228 12.0614 13.8456 11.0145 10.628 11.4631
threshold=0.0018500000005587938 0.0055499998852610597 0.048100000247359283 0.070250000804662718 0.0011500000255182388 0.041149999946355827 0.032050000503659255 0.0016499999910593035 0.0022500000195577745 0.018450000323355201 0.0016499999910593035 0.49950000643730169 0.0024500000290572648 0.0024500000290572648
decision_type=2 2 2 2 2 2 2 2 2 2 2 2 2 2
left_child=1 2 3 4 5 7 -7 8 11 10 -10 -1 13 -11
right_child=-2 -3 -4 -5 -6 6 -8 -9 9 12 -12 -13 -14 -15
leaf_value=-0.001576267774088235 0.039071768350539687 0.04134138107778363 -0.078009445462087088 -0.021041559362017865 0.01612474926152551 -0.047313291631215608 0.010825304320906129 -0.070286100474408864 -0.027166278797668055 0.0035730490848375832 0.038632224645156484 0.062366343394205492 0.062854194425328386 -0.050777044056018739
leaf_weight=449.15506339073181 11.832952097058294 8.6898061819374544 2.0801309049129477 27.438497137278318 67.463006287813187 18.373181544244293 11.539974760264156 3.4757119975984088 5.8192650079727164 29.438833750784397 35.853039603680372 4.2501459419727317 3.6549296528100959 7.7309782132506362
leaf_count=1804 104 38 7 181 311 77 50 15 17 115 126 9 10 39
internal_value=0.00131813 0.000644641 0.00010173 0.000364088 0.00129592 -0.000456844 -0.0247898 0.00088956 0.00137167 0.0141901 0.0293051 -0.00095444 -0.00117477 -0.00772985
internal_weight=686.796 674.963 666.273 664.193 636.754 569.291 29.9132 539.378 535.902 82.497 41.6723 453.405 40.8247 37.1698
internal_count=2903 2799 2761 2754 2573 2262 127 2135 2120 307 143 1813 164 154
is_linear=0
shrinkage=0.04


Tree=98
num_leaves=15
num_cat=0
split_feature=301 307 276 102 155 232 223 239 313 124 125 313 70 121
split_gain=10.5198 8.37434 8.08486 8.74971 12.9757 12.9045 10.7197 9.79713 10.5293 9.88944 11.1654 10.3501 9.4773 11.3511
threshold=0.0038499999791383748 0.0055499998852610597 0.0019500000635161998 0.21860000491142276 0.0094499997794628161 0.019549999386072162 0.0061500000301748523 0.11544999852776529 0.014549999963492157 0.058150000870227821 0.0051500000990927228 0.013150000013411047 0.0016499999910593035 0.0030500000575557355
decision_type=2 2 2 2 2 2 2 2 2 2 2 2 2 2
left_child=1 2 3 4 5 7 -6 8 9 10 11 12 13 -1
right_child=-2 -3 -4 -5 6 -7 -8 -9 -10 -11 -12 -13 -14 -15
leaf_value=-0.0014853871788069414 0.033616929494782108 0.040247675385875183 0.043773850923072739 -0.025827762929530405 0.024654758036077307 0.054512682852330477 -0.061616830239160494 0.039931534075512011 -0.022731041271261573 -0.034662433543235047 0.093062951393570278 0.04614951804166622 -0.068622471296970258 0.051780411979566482
leaf_weight=499.51097841560841 15.620043762028216 8.2762816473841649 6.5826709866523734 20.938570734113455 45.889225155115128 6.4615829065442076 2.3079461157321921 8.7165479436516744 38.447371073067188 13.561542887240646 1.9463699385523785 7.3784675970673552 3.2199220471084109 6.3819608688354483
leaf_count=1934 212 33 34 117 197 24 8 44 148 98 6 14 14 20
internal_value=0.00126867 0.000503211 0 -0.000446877 0.000389223 -0.00124759 0.0203218 -0.00188591 -0.00253878 -0.00106798 -0.000174972 -0.000552024 -0.00124564 -0.00079542
internal_weight=685.239 669.619 661.343 654.76 633.822 585.625 48.1972 579.163 570.447 531.999 518.438 516.491 509.113 505.893
internal_count=2903 2691 2658 2624 2507 2302 205 2278 2234 2086 1988 1982 1968 1954
is_linear=0
shrinkage=0.04


Tree=99
num_leaves=15
num_cat=0
split_feature=247 39 50 260 244 111 137 155 188 279 105 127 211 202
split_gain=9.90264 9.05491 8.51607 11.3399 18.7426 9.93556 9.66235 13.0885 10.1932 9.72442 10.9656 12.2609 11.9916 10.0147
threshold=0.0018500000005587938 0.0011500000255182388 0.0014499999815598132 1.0000000180025095e-35 0.0052499999292194852 0.0015499999863095584 0.0014499999815598132 0.0035500000230968003 0.014349999837577345 0.011649999767541887 0.0012500000302679839 1.0000000180025095e-35 0.0028499999316409235 0.0015499999863095584
decision_type=2 2 2 2 2 2 2 2 2 2 2 2 2 2
left_child=1 2 3 6 -5 -6 7 8 9 10 11 13 -12 -1
right_child=-2 -3 -4 4 5 -7 -8 -9 -10 -11 12 -13 -14 -15
leaf_value=-0.00066476262386652024 0.038211835795488099 -0.037235181476303558 -0.0086755827265157567 -0.033367243386624112 0.032254857895829915 -0.017059619177210539 -0.037685278812548607 0.02088667130640438 0.030139729305305871 0.041740326682115914 -0.0060940355833693513 -0.040957992602872195 -0.042970724235913853 0.022210504603565578
leaf_weight=277.52740829065442 11.29130272194743 9.8693044446408731 115.77180293947458 9.6042142994701845 54.101608902215958 7.2581570297479621 9.9897781647741777 51.412769485265017 16.575921904295683 7.9388260357081881 46.714292980730534 10.987255834043024 20.350792154669762 34.282555628567934
leaf_count=927 104 84 634 54 213 30 52 195 106 26 220 50 98 110
internal_value=0.00122337 0.000590688 0.00116574 0.00325814 0.0181658 0.0263382 0.00102286 0.00186953 -0.000484795 -0.00177819 -0.0026851 0.000362301 -0.0173911 0.00184379
internal_weight=683.676 672.385 662.515 546.744 70.964 61.3598 475.78 465.79 414.377 397.801 389.862 322.797 67.0651 311.81
internal_count=2903 2799 2715 2081 297 243 1784 1732 1537 1431 1405 1087 318 1037
is_linear=0
shrinkage=0.04


Tree=100
num_leaves=15
num_cat=0
split_feature=184 250 250 124 179 211 32 155 159 111 96 253 166 210
split_gain=9.72429 8.6726 12.6391 10.4524 8.71364 12.3997 18.577 11.513 13.5219 10.6721 10.3696 9.79016 9.17111 9.28481
threshold=0.0010500000207684936 0.011400000192224981 0.010800000280141832 0.0064499999862164268 1.0000000180025095e-35 0.0049499999731779107 0.0047500000800937423 0.010650000069290401 0.14450000226497653 0.0040500001050531873 0.0012500000302679839 0.010350000113248827 0.0070000002160668382 0.0013499999768100681
decision_type=2 2 2 2 2 2 2 2 2 2 2 2 2 2
left_child=1 2 4 -3 -1 7 9 12 -9 10 11 -7 13 -6
right_child=-2 3 -4 -5 5 6 -8 8 -10 -11 -12 -13 -14 -15
leaf_value=0.0085437068796904454 0.043608325359661713 0.031366718857569205 -0.10738336998313587 -0.037225874613855278 -0.010695538950396251 0.0052768288757955618 0.048746802464395868 0.039315875368361397 -0.031381438070071627 -0.056449847672666385 -0.018775478323859 0.039501442287163784 0.037365087956945882 0.058545941644120109
leaf_weight=195.2485185675323 9.1184984967112523 27.73697675019503 1.6096162497997273 3.9385983273386946 261.40692080557346 92.800603874027729 15.692931100726126 16.66253695636988 5.6904294714331618 4.57513578608632 23.834410458803177 15.629851672798393 6.6159556359052649 3.0209298208355895
leaf_count=784 103 121 9 20 1038 373 54 62 30 35 125 65 30 9
internal_value=0.00277965 0.00221535 0.00120017 0.0226216 0.0014957 -0.00158249 0.00765324 -0.00639862 0.0210806 0.00287923 0.00500278 0.0102789 -0.00868652 -0.00986754
internal_weight=683.582 674.463 642.788 31.6756 641.178 445.93 152.533 293.397 22.353 136.84 132.265 108.43 271.044 264.428
internal_count=2858 2755 2614 141 2605 1821 652 1169 92 598 563 438 1077 1047
is_linear=0
shrinkage=0.04


Tree=101
num_leaves=15
num_cat=0
split_feature=301 250 250 179 231 229 244 50 185 277 250 257 213 159
split_gain=9.37876 7.75201 11.1073 9.60885 11.3657 10.5327 13.929 13.1129 12.4535 10.4503 10.3497 9.67548 9.90164 15.6043
threshold=0.0031500000040978198 0.01124999998137355 0.010800000280141832 1.0000000180025095e-35 1.0000000180025095e-35 0.0011500000255182388 0.0022500000195577745 0.0014499999815598132 1.0000000180025095e-35 0.36954998970031744 1.0000000180025095e-35 0.0030000001424923543 0.0012500000302679839 1.0000000180025095e-35
decision_type=2 2 2 2 2 2 2 2 2 2 2 2 2 2
left_child=1 2 3 -1 5 6 10 -7 -9 11 -5 12 13 -8
right_child=-2 -3 -4 4 -6 7 9 8 -10 -11 -12 -13 -14 -15
leaf_value=0.0085058249501133339 0.029713410224505465 0.02202277542603381 -0.1126629244979606 -0.0066633079354212381 0.0071286311553516828 0.037305502028898492 -0.025030714962195857 -0.022472190465456468 0.040923691145330468 0.050500457535613212 0.024669107066550823 0.046852891075105534 -0.033611778380683889 0.0041769825616207474
leaf_weight=196.90811567008495 19.84873891249299 29.071365788578987 1.2738251239061344 45.246101979166269 142.03344691172242 18.151056412607431 67.291197665035725 19.911878097802404 6.4689021259546271 3.5859607011079779 26.663266718387604 3.5482155606150618 50.558285642415285 51.32688757404685
leaf_count=788 230 108 6 224 516 56 258 102 17 10 84 15 212 232
internal_value=0.00267703 0.00185604 0.000920154 0.00117332 -0.00213946 -0.00665058 -0.0098728 0.0112023 -0.00667983 -0.015927 0.00491701 -0.0173576 -0.0187549 -0.0123658
internal_weight=681.887 662.039 632.967 631.693 434.785 292.752 248.22 44.5318 26.3808 176.311 71.9094 172.725 169.176 118.618
internal_count=2858 2628 2520 2514 1726 1210 1035 175 119 727 308 717 702 490
is_linear=0
shrinkage=0.04


Tree=102
num_leaves=15
num_cat=0
split_feature=184 194 250 250 124 88 254 176 244 116 313 155 179 32
split_gain=9.27881 8.04184 7.91773 10.2487 9.8965 7.99588 13.1519 11.399 12.6883 8.79017 8.13497 7.30072 7.27472 9.60177
threshold=0.0010500000207684936 0.061149999499320991 0.011400000192224981 0.010800000280141832 0.0064499999862164268 0.0012500000302679839 0.059149999171495445 0.0093499999493360537 0.0059500001370906839 1.0000000180025095e-35 0.13915000110864642 0.0012500000302679839 1.0000000180025095e-35 0.0012500000302679839
decision_type=2 2 2 2 2 2 2 2 2 2 2 2 2 2
left_child=1 2 3 5 -4 6 10 8 -8 11 12 -10 -1 -14
right_child=-2 -3 4 -5 -6 -7 7 -9 9 -11 -12 -13 13 -15
leaf_value=0.0066558214156008386 0.043400946258529603 0.053596467629793761 0.030209168187058703 -0.094131897673758222 -0.036709854313109191 -0.048574019329582135 -0.021764023765704493 -0.021367134910497132 0.064925713107073221 -0.0094493109281499916 -0.06828749742044822 0 -0.0050554929349594328 0.014620200095110763
leaf_weight=191.00262745842338 8.7028698511421663 4.7103873305022708 26.854110173881057 1.7176730334758747 3.9326790831983081 5.0653871223330489 5.1752963513135937 7.0072613209485999 18.982242867350585 3.7566818594932547 2.6850444898009291 3.1589546129107466 353.16296069696546 44.533659376204014
leaf_count=765 103 19 121 9 20 34 31 35 68 21 14 18 1433 167
internal_value=0.00257733 0.0020361 0.00165802 0.000691288 0.0214403 0.000969069 0.00138176 0.0241356 0.0345608 0.0460107 -8.04825e-05 0.0556006 0.00023536 -0.00283905
internal_weight=680.448 671.745 667.035 636.248 30.7868 634.53 629.465 38.0804 31.0732 25.8979 591.384 22.1412 588.699 397.697
internal_count=2858 2755 2736 2595 141 2586 2552 173 138 107 2379 86 2365 1600
is_linear=0
shrinkage=0.04


Tree=103
num_leaves=15
num_cat=0
split_feature=309 59 216 216 15 211 220 250 312 113 279 263 239 244
split_gain=8.46927 9.5739 10.5872 11.7984 7.85393 7.73798 12.4048 13.5671 13.2229 12.5173 11.1156 10.2665 12.4556 13.4754
threshold=0.009000000078231098 1.0000000180025095e-35 0.0021499999566003685 0.019000000320374969 0.007299999939277769 0.0018500000005587938 0.0027499999850988392 0.0011500000255182388 0.0014499999815598132 0.0010500000207684936 0.010449999943375589 0.0088499998673796671 0.015150000341236593 0.024900000542402271
decision_type=2 2 2 2 2 2 2 2 2 2 2 2 2 2
left_child=1 2 5 -4 -3 6 7 8 -1 -9 -11 12 13 -7
right_child=-2 4 3 -5 -6 11 -8 9 -10 10 -12 -13 -14 -15
leaf_value=-0.010556423256740968 0.039383703234345709 -0.028405900608112277 0.040063462486219663 -0.012916751382453467 0.080062488327277026 0.0046796350274800743 -0.053931028605588544 0.014840682106629768 0.024476352695425096 -0.045692180902361372 0.073970154859380841 0.00039728863723638658 0.046644631493621906 0.052919420936515346
leaf_weight=189.12605706602335 9.715981509536503 22.256232567131523 23.457772519439459 9.2167451158165914 1.0092998892068852 84.872581828385592 7.2695896364748469 95.611540772020817 18.81349290907383 9.5123058035969716 1.3125014007091511 179.45352216809988 17.651965007185936 10.34766213595867
leaf_count=806 70 185 99 41 4 358 32 298 73 45 3 780 31 33
internal_value=0.0024765 0.00192945 0.00284345 0.0250031 -0.0232066 0.00165376 -0.00261811 -0.00140207 -0.00735734 0.0101909 -0.0302728 0.00636706 0.0158141 0.0100139
internal_weight=679.627 669.911 646.646 32.6745 23.2655 613.971 321.645 314.376 207.94 106.436 10.8248 292.326 112.872 95.2202
internal_count=2858 2788 2599 140 189 2459 1257 1225 879 346 48 1202 422 391
is_linear=0
shrinkage=0.04


Tree=104
num_leaves=15
num_cat=0
split_feature=301 59 216 216 313 220 257 93 211 300 245 239 155 155
split_gain=8.65956 7.71342 9.21536 10.8808 9.81589 7.66957 6.98087 6.58645 7.21442 12.7364 12.4889 11.2564 14.9005 15.1909
threshold=0.0031500000040978198 1.0000000180025095e-35 0.0021499999566003685 0.019000000320374969 0.13475000113248828 0.0065500000491738328 0.0030000001424923543 0.0016499999910593035 0.0018500000005587938 0.0010500000207684936 1.0000000180025095e-35 0.0016499999910593035 0.010650000069290401 0.0011500000255182388
decision_type=2 2 2 2 2 2 2 2 2 2 2 2 2 2
left_child=1 2 4 -4 7 -5 -3 8 9 10 -1 -11 13 -13
right_child=-2 6 3 5 -6 -7 -8 -9 -10 11 -12 12 -14 -15
leaf_value=0.021684878188654437 0.028968079524436276 -0.032474801552021211 0.038701661380382252 -0.038721696223615668 -0.070931130474523513 0.037379167576658816 0.01725421973835738 0.080610672602004177 0.0061796462367143994 -0.018341199477316598 -0.01999320794102212 0.0021125376858316474 0.048871277251592113 -0.031395487467011096
leaf_weight=53.398602291941643 18.9762232452631 18.49981086328626 22.212449282407764 6.1046751886606199 2.8881462886929503 3.0837246552109718 5.7793620228767386 1.5905158817768086 279.95966537669301 87.654606394469738 14.474608816206453 127.91277942806482 9.10181165486574 25.91816172003746
leaf_count=205 230 170 82 28 13 11 26 4 1061 392 53 444 31 108
internal_value=0.0023873 0.00161105 0.00246492 0.0235638 0.00135567 -0.0126233 -0.0204511 0.00172205 0.00149226 -0.00261653 0.0127214 -0.0067903 -0.000544165 -0.00352379
internal_weight=677.555 658.579 634.3 31.4008 602.899 9.1884 24.2792 600.011 598.42 318.461 67.8732 250.587 162.933 153.831
internal_count=2858 2628 2432 121 2311 39 196 2298 2294 1233 258 975 583 552
is_linear=0
shrinkage=0.04


Tree=105
num_leaves=15
num_cat=0
split_feature=204 102 101 90 253 155 180 223 222 245 254 205 113 239
split_gain=11.198 11.7022 11.0238 10.4234 11.7201 11.7843 11.3822 10.387 16.5241 10.4961 17.184 14.2071 14.0552 12.5686
threshold=0.012149999849498274 0.0077499998733401307 0.0043500000610947618 0.0045499999541789302 0.014050000347197058 0.0062500000931322583 0.0013499999768100681 0.0029499999945983295 0.0012500000302679839 1.0000000180025095e-35 0.0066499998793005952 0.0031500000040978198 0.0010500000207684936 0.019849999807775024
decision_type=2 2 2 2 2 2 2 2 2 2 2 2 2 2
left_child=1 2 3 4 5 7 -5 9 -9 -1 11 13 -12 -11
right_child=-2 -3 -4 6 -6 -7 -8 8 -10 10 12 -13 -14 -15
leaf_value=0.0080188436510209432 0.029749064696509977 -0.011203687634010443 0.054194270551419697 -0.039445461548160241 0.037278485005141943 0.039401845988990963 0.027461201210652743 -0.051151815037196686 0.038105103958858182 -0.018745436217076056 0.020296370565463559 0.058217810763861413 -0.02061378227140374 0.021167858493907867
leaf_weight=219.37360048666596 20.097562914714217 130.28294415771961 6.3498999681323758 18.132625047117475 15.193550858646629 12.786868564784525 5.0863655693829051 13.439388550817968 4.2634024769067755 125.54190663248301 58.956353235989809 4.2889767922461024 17.218561563640833 13.858588129281996
leaf_count=827 132 691 37 85 66 48 23 59 30 510 220 13 82 40
internal_value=0.000417743 -0.000494782 0.00221088 0.00154287 0.0028059 0.00167466 -0.0245624 0.000601772 -0.0293379 0.00182395 -0.00433976 -0.012492 0.0109817 -0.0147364
internal_weight=664.871 644.773 514.49 508.14 484.921 469.728 23.219 456.941 17.7028 439.238 219.864 143.689 76.1749 139.4
internal_count=2863 2731 2040 2003 1895 1829 108 1781 89 1692 865 563 302 550
is_linear=0
shrinkage=0.04


Tree=106
num_leaves=15
num_cat=0
split_feature=204 241 102 279 113 254 245 185 185 214 275 300 176 182
split_gain=10.4335 11.4694 9.16046 10.8708 9.86077 12.1857 16.4645 14.809 18.5605 14.0681 12.5437 12.9394 12.4859 14.8487
threshold=0.012149999849498274 0.010650000069290401 0.0077499998733401307 0.0034500000765547161 0.0010500000207684936 0.0040500001050531873 1.0000000180025095e-35 1.0000000180025095e-35 0.0040500001050531873 0.0040500001050531873 0.0055499998852610597 0.0010500000207684936 0.058000000193715102 0.0018500000005587938
decision_type=2 2 2 2 2 2 2 2 2 2 2 2 2 2
left_child=1 2 3 4 5 6 9 -8 -9 10 11 -1 13 -7
right_child=-2 -3 -4 -5 -6 12 7 8 -10 -11 -12 -13 -14 -15
leaf_value=0.024574465334301538 0.028866258597144343 -0.058026975036432261 -0.0095935106811007552 0.026059647224899635 -0.014526526279754775 0.010229636664101651 -0.018037469432448282 0.048614265910751284 -0.053441080081848898 -0.047347574228124377 0.0498716902907239 -0.00048844001692588542 -0.062322902642326677 0.050690804617751911
leaf_weight=43.857550598680973 19.891030279919505 5.3929024264216414 126.87562788650393 29.228870498016477 57.687726654112339 91.210778787732124 104.32281779870391 11.667862132191656 3.6406020373105994 7.4075723923742762 10.928004790097473 130.53120550140738 3.1753572076559058 17.294360931962729
leaf_count=162 132 32 668 148 319 359 427 22 12 32 38 435 9 68
internal_value=0.000404579 -0.000473705 1.56632e-05 0.00241097 0.000962663 0.00308224 -0.000961389 -0.0126228 0.0238949 0.00625931 0.00844807 0.00580225 0.0144183 0.0167562
internal_weight=663.112 643.221 637.828 510.953 481.724 424.036 312.356 119.631 15.3085 192.724 185.317 174.389 111.68 108.505
internal_count=2863 2731 2699 2031 1883 1564 1128 461 34 667 635 597 436 427
is_linear=0
shrinkage=0.04


Tree=107
num_leaves=15
num_cat=0
split_feature=204 127 202 244 169 124 271 245 150 244 219 239 287 113
split_gain=9.72042 11.0328 8.71706 15.3836 13.1092 13.8384 8.85269 8.67 8.98675 9.39727 8.1976 10.5331 11.4357 10.4963
threshold=0.012149999849498274 0.050850000232458122 0.0077499998733401307 0.0034500000765547161 0.0074499999172985562 0.20265000313520434 0.020250000059604648 0.0014499999815598132 0.0014499999815598132 0.0075499999802559623 0.0011500000255182388 0.032549999654293067 0.014849999919533731 0.0010500000207684936
decision_type=2 2 2 2 2 2 2 2 2 2 2 2 2 2
left_child=1 2 4 6 10 -6 -4 -5 -9 -10 11 13 -13 -1
right_child=-2 -3 3 7 5 -7 -8 8 9 -11 -12 12 -14 -15
leaf_value=0.0024654001415417427 0.028002377352541897 -0.038595813815281807 -0.030366077940303927 0.055258544888574131 -0.039502736581076309 0.12377337243664306 0.093359412671789974 0.048345391143440455 -0.067245588052241123 0.011251319551541371 0.016602383920100112 -0.048937501235320341 -0.0046938015469651416 -0.015668139593694289
leaf_weight=408.91332290321589 19.691685654222965 11.811531476676462 12.97463050857186 12.159024782478808 19.641968864947561 0.76069748401641746 0.88621372729539949 9.3059218078851682 2.6670990288257626 20.387055568397045 43.357417281717062 14.808077953755854 25.750623790547252 58.254104685038328
leaf_count=1554 132 105 78 46 96 2 3 27 15 84 208 59 106 348
internal_value=0.000389212 -0.000456174 0.000258701 0.0149731 -0.0012398 -0.032646 -0.0215569 0.0264591 0.0153778 0.00174618 -6.40872e-05 -0.00149819 -0.0210263 0.000192783
internal_weight=661.369 641.678 629.866 58.3799 571.486 20.4027 13.8608 44.5191 32.3601 23.0542 551.084 507.726 40.5587 467.167
internal_count=2863 2731 2626 253 2373 98 81 172 126 99 2275 2067 165 1902
is_linear=0
shrinkage=0.04


Tree=108
num_leaves=15
num_cat=0
split_feature=273 219 120 224 300 105 90 231 202 113 250 225 216 99
split_gain=8.13586 6.72434 9.69407 8.51709 8.18821 11.6136 11.6554 10.9169 10.733 12.5392 12.086 14.8453 13.1073 11.3012
threshold=0.0014499999815598132 0.0013499999768100681 0.0015499999863095584 0.0015499999863095584 0.49950000643730169 0.0011500000255182388 0.0045499999541789302 0.06659999862313272 0.0084500000812113302 0.0010500000207684936 0.0010500000207684936 0.0044499998912215242 0.0011500000255182388 0.0019500000635161998
decision_type=2 2 2 2 2 2 2 2 2 2 2 2 2 2
left_child=1 4 -3 -4 5 6 8 -7 9 10 12 -12 -1 -13
right_child=-2 2 3 -5 -6 7 -8 -9 -10 -11 11 13 -14 -15
leaf_value=-0.0042241390647886536 0.033754544545862755 0.033984116232146588 0.012675566976681617 -0.023447199167792265 0.030539329655705806 -0.01403481292751684 -0.031370612250204911 0.036978681202861574 0.030820995956356883 -0.023508854349369238 0.036445915936656983 0.010252626461790194 0.053161862839236962 -0.031472021257836331
leaf_weight=211.72840753383934 11.381389088928698 21.223916098475456 34.101054016500711 14.914366379380224 12.266989529132841 147.36491864360869 16.788748223334551 6.8983049988746634 20.291827462613583 30.522849339991808 32.251249596476555 81.881812188774347 6.4594189561903468 11.764964800328015
leaf_count=801 103 128 149 91 34 809 70 25 59 167 95 274 18 40
internal_value=0.000374887 -0.000209921 0.0114608 0.00157736 -0.00163628 -0.00234602 0.00115322 -0.0117052 0.00255365 0.00100397 0.00319625 0.0130652 -0.00248333 0.00494006
internal_weight=659.84 648.459 70.2393 49.0154 578.219 565.953 411.689 154.263 394.901 374.609 344.086 125.898 218.188 93.6468
internal_count=2863 2760 368 240 2392 2358 1524 834 1454 1395 1228 409 819 314
is_linear=0
shrinkage=0.04


Tree=109
num_leaves=15
num_cat=0
split_feature=204 241 159 108 263 123 125 155 102 250 271 263 307 281
split_gain=8.81347 10.8698 8.28596 11.2179 9.77199 9.9749 9.53613 8.28972 9.32211 17.033 11.4875 11.0887 20.309 13.3582
threshold=0.012149999849498274 0.010650000069290401 0.1200000010430813 0.053449999541044242 0.064649999141693129 0.0016499999910593035 0.0030500000575557355 0.011649999767541887 0.0012500000302679839 0.0010500000207684936 0.0070500001311302194 0.0010500000207684936 1.0000000180025095e-35 0.0017499999958090486
decision_type=2 2 2 2 2 2 2 2 2 2 2 2 2 2
left_child=1 2 3 4 5 6 7 8 9 11 -11 12 -1 -13
right_child=-2 -3 -4 -5 -6 -7 -8 -9 -10 10 -12 13 -14 -15
leaf_value=-0.024272776068630281 0.026863921846028833 -0.057224044029634852 -0.014643820245632575 0.11793071483662063 0.020688594076712714 -0.048146985483735229 0.13815920188235578 0.028299323064329075 -0.0088008523179657454 0.019143315342984146 -0.03359077626502318 0.0049031759475290137 0.1129835636500158 -0.030033881681337402
leaf_weight=49.751920036971569 19.389633450657129 5.248551480472087 55.938931446522474 1.2209553495049466 38.294420395046473 6.7533877901732913 0.70307555794715781 16.191076345741749 157.13885552063584 104.89873049035668 6.9118165969848624 173.82075325772166 1.6799121499061573 19.359709784388542
leaf_count=253 132 32 334 4 219 38 2 66 684 340 25 636 4 94
internal_value=0.000363583 -0.000439722 3.4006e-05 0.0014669 0.00119242 -0.000193494 0.000418437 0.00020204 -0.000681333 0.00288863 0.0158206 -0.00301019 -0.0195014 0.00136751
internal_weight=657.302 637.912 632.664 576.725 575.504 537.209 530.456 529.753 513.562 356.423 111.811 244.612 51.4318 193.18
internal_count=2863 2731 2699 2365 2361 2142 2104 2102 2036 1352 365 987 257 730
is_linear=0
shrinkage=0.04


Tree=110
num_leaves=15
num_cat=0
split_feature=33 194 225 275 275 24 301 223 224 300 150 287 254 271
split_gain=9.82887 10.9444 11.2465 16.2421 14.438 13.3393 13.0816 10.9825 11.571 10.7366 10.6407 10.208 13.7575 10.9581
threshold=0.002549999975599349 0.0094499997794628161 0.0016499999910593035 0.0010500000207684936 0.0011500000255182388 0.0016499999910593035 0.0023500000825151805 0.0018500000005587938 0.0010500000207684936 0.020049999468028549 0.003249999950639904 0.0042499999981373557 0.0020500000100582842 0.0028499999316409235
decision_type=2 2 2 2 2 2 2 2 2 2 2 2 2 2
left_child=1 2 -1 5 -5 7 -6 8 11 10 -10 13 -13 -4
right_child=-2 -3 3 4 6 -7 -8 -9 9 -11 -12 12 -14 -15
leaf_value=0.013485196658765526 -0.031513454967105767 0.029718626447263214 -0.035470512825458961 0.050328591471764814 -0.00039766442346278317 0.054283588552587692 0.032157229471765407 -0.071304583957754658 0.014624969396149289 -0.030151597307333699 0.12139222805841879 -0.013556691241316386 0.075178297126117843 0.069402798364700716
leaf_weight=99.774339500814676 14.052265867590902 22.193277377635241 50.635575748980045 9.7364127747714502 384.87259376049042 4.1566912680864325 20.706670854240656 5.7382724583148947 17.332974411547191 8.2236516326665861 1.5597985237836827 15.94654329121113 3.2827306464314452 1.5309322178363789
leaf_count=442 129 91 254 25 1539 10 235 15 56 26 4 45 6 5
internal_value=0.00144428 0.00217251 0.00118099 -0.00115757 0.00243382 -0.0149429 0.00126207 -0.0177908 -0.014564 0.00754956 0.0242431 -0.0230175 0.00169535 -0.0321894
internal_weight=659.743 645.69 623.497 523.723 415.316 108.407 405.579 104.25 98.5122 27.1164 18.8928 71.3958 19.2293 52.1665
internal_count=2882 2753 2662 2220 1799 421 1774 411 396 86 60 310 51 259
is_linear=0
shrinkage=0.04


Tree=111
num_leaves=15
num_cat=0
split_feature=301 225 275 275 24 224 239 225 33 263 263 225 201 225
split_gain=9.31667 9.77181 10.68 13.4423 11.8458 11.028 12.7904 10.4987 10.1856 9.72703 16.6614 12.113 10.1251 9.72306
threshold=0.0023500000825151805 0.0016499999910593035 0.0010500000207684936 0.0011500000255182388 0.0016499999910593035 0.0010500000207684936 0.011149999685585501 0.0015499999863095584 0.0021499999566003685 0.0010500000207684936 0.0012500000302679839 1.0000000180025095e-35 0.018699999898672107 0.0011500000255182388
decision_type=2 2 2 2 2 2 2 2 2 2 2 2 2 2
left_child=1 7 4 -4 5 -3 -7 9 -5 11 13 -1 -12 -11
right_child=-2 2 3 8 -6 6 -8 -9 -10 10 12 -13 -14 -15
leaf_value=0.0054495333419177349 0.024319423393773777 -0.023721205821779622 0.04700929867730156 0.0011059625171667105 0.052405306522584988 0.03062601201977826 -0.022344320659495855 0.063473186142274513 -0.035047006700354356 0.028855799132108957 0.016888707141940327 -0.049850410521084972 -0.038219932051548187 0.15123160835712107
leaf_weight=22.557450801134113 27.089445568621159 75.396951988339424 9.8564519658684713 396.61237759143114 4.1374196559190741 15.130330860614778 13.844495221972464 5.8209975361824027 12.77308135665953 2.2236156724393359 56.228225946426392 8.6548953689634782 5.7602915838360778 2.144530177116394
leaf_count=93 295 327 25 1571 10 47 43 16 108 11 247 45 42 2
internal_value=0.00139079 0.000396627 -0.00180036 0.00108654 -0.0129819 -0.0156599 0.00518882 0.0116406 -2.05476e-05 0.00844548 0.0171213 -0.00986712 0.01165 0.0918711
internal_weight=658.231 631.141 527.751 419.242 108.509 104.372 28.9748 103.39 409.385 97.569 66.3567 31.2123 61.9885 4.36815
internal_count=2882 2587 2131 1704 427 417 90 456 1679 440 302 138 289 13
is_linear=0
shrinkage=0.04


Tree=112
num_leaves=15
num_cat=0
split_feature=301 33 194 214 201 4 281 218 174 127 290 22 300 70
split_gain=8.96616 9.54935 10.7405 11.5634 9.77076 11.9905 8.51169 9.17333 8.17102 7.38927 7.52619 8.40165 9.26579 9.31943
threshold=0.0038499999791383748 0.002549999975599349 0.0021499999566003685 0.011049999855458738 0.0015499999863095584 1.0000000180025095e-35 1.0000000180025095e-35 0.0028499999316409235 0.0013499999768100681 0.051400000229477889 0.0021000000415369873 0.0011500000255182388 0.49950000643730169 0.0016499999910593035
decision_type=2 2 2 2 2 2 2 2 2 2 2 2 2 2
left_child=1 2 9 4 -4 6 -6 8 -8 10 11 12 13 -1
right_child=-2 -3 3 -5 5 -7 7 -9 -10 -11 -12 -13 -14 -15
leaf_value=-1.8930859242140573e-05 0.034624389473287186 -0.032850901049901238 0.057384470467984346 0.053471188885544654 0.02909825563291582 0.079159642574166744 -0.05087186306045724 0.015199922389281905 0.027677130351549489 -0.039943162866274744 0.03414640494111381 -0.048830386484165496 0.036423411578794376 -0.058763708553520547
leaf_weight=542.61545910686255 12.602513788267968 13.202787024900315 5.4439562708139411 11.885666053742169 7.5247093662619617 2.7022490799427024 12.575401902198793 7.7569115832447997 2.4070443511009207 7.2701682448387137 10.26212966814637 5.5399519205093375 10.996951714158056 4.2567072771489611
leaf_count=2175 219 125 16 41 25 6 56 34 8 52 49 26 31 19
internal_value=0.0013383 0.000675888 0.00138855 0.0191029 0.00825283 0 -0.00731599 -0.0196157 -0.0378873 -0.000141231 0.000363084 -0.00025111 0.000232806 -0.000494157
internal_weight=657.043 644.44 631.237 50.2959 38.4103 32.9663 30.2641 22.7394 14.9824 580.941 573.671 563.409 557.869 546.872
internal_count=2882 2663 2538 186 145 129 123 98 64 2352 2300 2251 2225 2194
is_linear=0
shrinkage=0.04


Tree=113
num_leaves=15
num_cat=0
split_feature=301 33 225 275 223 275 263 250 239 188 300 254 225 201
split_gain=8.56292 8.93515 8.37488 12.4392 12.0851 11.5719 11.3837 12.5322 10.5923 10.8656 10.8949 9.89715 8.73833 9.38021
threshold=0.0038499999791383748 0.002549999975599349 0.0016499999910593035 0.0010500000207684936 0.0018500000005587938 0.0011500000255182388 0.0019500000635161998 0.0029499999945983295 0.0072500000242143878 0.0066499998793005952 0.015850000083446506 0.011549999937415125 0.0015499999863095584 0.02465000003576279
decision_type=2 2 2 2 2 2 2 2 2 2 2 2 2 2
left_child=1 2 11 4 6 -5 7 -4 -8 10 -10 12 13 -1
right_child=-2 -3 3 5 -6 -7 8 -9 9 -11 -12 -13 -14 -15
leaf_value=0.01474421424778676 0.034351021466120853 -0.032022981185235777 -0.03769380517931125 0.045017325663826664 -0.069438210467443598 0.0013991797163036277 0.016894177795922439 0.028259621882769974 -0.0049913949924843097 0.03314208322858906 -0.05421372329445738 -0.042942650346829467 0.061894400997378175 -0.03926059992636776
leaf_weight=86.42973804473877 12.203571639955042 13.008934417739509 30.44344786554575 9.880323760211466 5.6134638711810103 408.37985572591424 31.843381687998772 5.282840132713317 18.517712727189068 6.1723091155290595 11.908423110842703 4.8971497491002074 5.8224528580903998 5.3407596796751013
leaf_count=359 219 125 164 25 15 1645 123 15 63 15 37 28 15 34
internal_value=0.00128922 0.000650811 0.00133624 -0.000688272 -0.0126712 0.00244962 -0.00951007 -0.027778 0 -0.0146075 -0.0245019 0.0117963 0.0146251 0.0115184
internal_weight=655.744 643.541 630.532 528.042 109.782 418.26 104.168 35.7263 68.4418 36.5984 30.4261 102.49 97.593 91.7705
internal_count=2882 2663 2538 2102 432 1670 417 179 238 115 100 436 408 393
is_linear=0
shrinkage=0.04


Tree=114
num_leaves=15
num_cat=0
split_feature=167 109 137 136 241 291 263 245 231 256 179 180 25 105
split_gain=8.39199 13.9992 8.14981 8.0045 8.21915 14.1188 9.62021 8.07732 8.3283 10.5313 9.2909 10.4481 9.78686 13.2771
threshold=1.0000000180025095e-35 0.0010500000207684936 0.0011500000255182388 0.0063500001560896644 0.0037500000325962905 1.0000000180025095e-35 0.0022500000195577745 0.049750000238418586 0.0035500000230968003 0.009000000078231098 0.0032500000670552258 0.003249999950639904 0.0046500000171363362 0.0018500000005587938
decision_type=2 2 2 2 2 2 2 2 2 2 2 2 2 2
left_child=3 2 -2 4 5 7 -6 8 10 -10 12 -12 13 -1
right_child=1 -3 -4 -5 6 -7 -8 -9 9 -11 11 -13 -14 -15
leaf_value=0.0015678432496590139 0.033377775020171578 -0.0061816849320607816 -0.019958318819826518 -0.053165515865231452 0.086495539773559157 0.026535541854406489 -0.040897735468268984 -0.030450233942853257 0.020535657488999454 -0.073792657636772521 -0.025500354539970502 0.036647444487581643 0.020990642420853699 -0.019094057600186044
leaf_weight=328.29168169014156 41.58055268228054 33.71296120993793 4.9861272890120736 4.4719963371753684 0.91635409742593665 31.848388761281967 12.24866673350334 14.246576264500616 43.191926637664437 1.8675394393503655 40.352314352989197 4.7093186639249316 33.3789780177176 58.506903490051627
leaf_count=1242 285 148 28 17 3 156 69 68 152 8 187 12 156 351
internal_value=0.00123851 0.0133451 0.0275506 -0.000449682 -1.9492e-05 0.000715226 -0.0311437 -0.00084962 -9.58576e-06 0.0163828 -0.001609 -0.0188501 0.000234532 -0.00155125
internal_weight=654.31 80.2796 46.5667 574.031 569.559 556.394 13.165 524.545 510.299 45.0595 465.239 45.0616 420.178 386.799
internal_count=2882 461 313 2421 2404 2332 72 2176 2108 160 1948 199 1749 1593
is_linear=0
shrinkage=0.04


Tree=115
num_leaves=15
num_cat=0
split_feature=296 241 216 297 2 211 50 167 127 219 120 225 229 47
split_gain=7.49768 6.92367 9.47747 11.9729 8.05624 8.77245 14.2868 9.74792 7.73769 7.63713 13.36 7.55049 7.76791 9.11887
threshold=1.0000000180025095e-35 0.0035500000230968003 0.0023500000825151805 1.0000000180025095e-35 0.0097500002011656779 0.013749999925494196 0.0065500000491738328 1.0000000180025095e-35 0.070000000298023238 0.0020500000100582842 0.095599997788667693 0.0036499999696388845 0.0011500000255182388 0.0011500000255182388
decision_type=2 2 2 2 2 2 2 2 2 2 2 2 2 2
left_child=1 2 3 4 5 7 11 9 -4 -1 -11 -7 13 -13
right_child=-2 -3 8 -5 -6 6 -8 -9 -10 10 -12 12 -14 -15
leaf_value=-0.0032730917848962891 0.031238356321336078 -0.0240847603208907 0.035664399056822754 -0.054865060945002958 -0.031393528432585804 0.098052042657851113 -0.021522831062406957 0.016998990803231095 -0.025441090384845981 0.040049018991936192 -0.058784871936526185 0.013187107646630239 0.029584643960291663 -0.054808394446734444
leaf_weight=444.90862919576466 12.754810092970727 17.883346688002348 20.139613276347522 6.174381297081708 12.161485048010944 1.987101200968026 14.326837871223686 46.058948209509254 3.8118844628334037 13.813332831487061 2.4771559685468665 14.020469829440119 40.508779102936387 3.9586917106062165
leaf_count=1820 99 93 86 32 79 7 75 198 27 55 16 54 207 23
internal_value=0.000987177 0.000375386 0.00108616 9.3149e-05 0.00068007 0.00136236 0.0141424 -0.000516757 0.0257078 -0.00227799 0.0245092 0.0226793 0.0198873 -0.00178339
internal_weight=654.985 642.231 624.347 600.396 594.221 582.06 74.8019 507.258 23.9515 461.199 16.2905 60.475 58.4879 17.9792
internal_count=2871 2772 2679 2566 2534 2455 366 2089 113 1891 71 291 284 77
is_linear=0
shrinkage=0.04


Tree=116
num_leaves=15
num_cat=0
split_feature=296 101 214 102 109 222 102 25 287 245 245 47 136 245
split_gain=7.04083 7.59583 8.4482 9.33923 8.61005 10.1334 10.0137 11.0483 12.7641 8.74601 9.53914 10.2536 10.0324 9.61866
threshold=1.0000000180025095e-35 0.0064499999862164268 0.0099499998614192026 0.18840000033378604 0.0016499999910593035 0.0011500000255182388 0.10510000213980676 0.0010500000207684936 0.0059500001370906839 0.0029499999945983295 0.0022500000195577745 1.0000000180025095e-35 0.0017499999958090486 0.0020500000100582842
decision_type=2 2 2 2 2 2 2 2 2 2 2 2 2 2
left_child=1 2 4 -4 5 9 7 8 -7 10 11 -1 13 -13
right_child=-2 -3 3 -5 -6 6 -8 -9 -10 -11 -12 12 -14 -15
leaf_value=0.0037527448169121453 0.030515767042956991 -0.033646280167757142 0.013329965946836943 -0.046663092187136386 -0.01427153245738645 -0.037518347192121618 -0.091549435799212681 0.047991646398445456 0.039087312112226054 -0.011620556774020683 0.029684275477346558 -0.029860394067903119 0.017353393849910564 0.071995506914804039
leaf_weight=256.5891626663506 12.541307570412753 10.233502272516487 106.1982804723084 4.1976676285266867 69.760686494410038 7.0080835185945052 1.0772909820079792 17.288879491388798 6.7182473503053188 93.491168675944209 18.997120745480061 36.982852203771472 10.922520626336334 1.4306044578552235
leaf_count=1088 99 74 476 21 322 19 5 90 34 405 61 147 29 1
internal_value=0.000949889 0.000360422 0.000923823 0.0109724 -0.00120242 0.000815173 0.0224451 0.0268147 0 -0.000839261 0.0022532 0.000527588 -0.0161387 -0.0257861
internal_weight=653.437 640.896 630.663 110.396 520.267 450.506 32.0925 31.0152 13.7263 418.413 324.922 305.925 49.336 38.4135
internal_count=2871 2772 2698 497 2201 1879 148 143 53 1731 1326 1265 177 148
is_linear=0
shrinkage=0.04


Tree=117
num_leaves=15
num_cat=0
split_feature=309 22 296 39 67 244 167 214 222 202 254 105 288 281
split_gain=6.72648 8.83625 8.47968 6.87916 7.35794 8.34702 8.54502 11.768 10.3496 15.8652 10.4257 9.91068 9.65642 11.0334
threshold=0.009000000078231098 0.0011500000255182388 1.0000000180025095e-35 0.0011500000255182388 1.0000000180025095e-35 0.017150000669062141 1.0000000180025095e-35 0.0012500000302679839 0.0010500000207684936 0.0021499999566003685 0.064150001853704466 0.0043500000610947618 0.0034500000765547161 0.0088499998673796671
decision_type=2 2 2 2 2 2 2 2 2 2 2 2 2 2
left_child=1 2 3 4 5 6 7 -1 9 12 -11 -10 -9 -14
right_child=-2 -3 -4 -5 -6 -7 -8 8 11 10 -12 -13 13 -15
leaf_value=0.0031885593615157293 0.036662758053013049 -0.043742611337361598 0.037500423003184444 -0.035833155452139581 -0.018600815129718826 0.011414641894049131 0.020196216535086339 -0.024660476261395545 0.021519463745715478 -0.00054781476593070697 0.057152909766678847 -0.095130234799224139 0.06182011539321066 -0.03967110382208857
leaf_weight=273.68340912275016 8.2169275972992164 7.0561811681836835 9.8979125581681711 8.1865075919777137 29.491366900503635 116.61782807670534 29.705182632431388 103.97309650853276 21.148309998214248 30.016328208148479 5.8826740756630889 1.1249098330736149 4.4020673334598532 2.6339758597314358
leaf_count=1091 70 38 72 73 129 543 125 487 71 125 19 6 10 12
internal_value=0.00091423 0.000446144 0.000948886 0.000359486 0.000850573 0.00183398 -0.000523731 -0.0019268 -0.0102225 -0.014089 0.00892883 0.0150504 -0.0215701 0.0232424
internal_weight=652.037 643.82 636.764 626.866 618.679 589.188 472.57 442.865 169.181 146.908 35.899 22.2732 111.009 7.03604
internal_count=2871 2801 2763 2691 2618 2489 1946 1821 730 653 144 77 509 22
is_linear=0
shrinkage=0.04


Tree=118
num_leaves=15
num_cat=0
split_feature=152 229 239 225 47 25 47 211 50 225 235 105 214 275
split_gain=6.56802 7.47276 8.91924 8.79868 11.6412 15.9346 11.5196 11.1552 11.1232 10.524 9.66337 13.1904 11.9177 11.8396
threshold=0.0049499999731779107 0.0013499999768100681 0.0054500000551342973 0.0044499998912215242 1.0000000180025095e-35 0.0011500000255182388 0.0011500000255182388 0.021249999292194847 1.0000000180025095e-35 0.0020500000100582842 0.0011500000255182388 1.0000000180025095e-35 0.0012500000302679839 0.0016499999910593035
decision_type=2 2 2 2 2 2 2 2 2 2 2 2 2 2
left_child=1 3 -3 6 -5 -6 7 8 10 -8 11 13 -12 -1
right_child=-2 2 -4 4 5 -7 9 -9 -10 -11 12 -13 -14 -15
leaf_value=0.0020358364872955633 -0.0476028644882786 -0.009984665590178677 0.01957525293380857 0.00038889671410174048 -0.044523949048094272 -0.0070405265057126064 0.0066152784928124606 0.099441219255034047 -0.031740025522352264 0.049525931800270193 0.077852352895067145 -0.01980956184889366 -0.035199639702029523 0.035722746631823246
leaf_weight=91.676811866462231 4.3362577557563773 21.544691909104586 64.89906838722527 245.94545971602201 23.452609974890947 80.989605320617557 20.527593232691288 1.7452394273132075 15.413371546193956 16.817678894847631 5.4967558011412612 35.163412474095821 1.9119650423526762 20.399628270417452
leaf_count=331 37 133 338 1027 82 331 82 6 135 52 21 197 12 87
internal_value=0.0008796 0.00121855 0.0121587 -0.000466318 -0.00434789 -0.0155303 0.00601624 0.00160896 0.000523608 0.0261267 0.00378351 0.00149717 0.0480641 0.00822941
internal_weight=650.32 645.984 86.4438 559.54 350.388 104.442 209.152 171.807 170.062 37.3453 154.649 147.24 7.40872 112.076
internal_count=2871 2834 471 2363 1440 413 923 789 783 134 648 615 33 418
is_linear=0
shrinkage=0.04


Tree=119
num_leaves=15
num_cat=0
split_feature=184 152 237 180 224 266 111 211 116 288 90 224 224 225
split_gain=6.4548 6.47555 7.02901 6.52242 8.85573 8.5489 7.44794 7.35798 10.4869 11.9056 9.071 7.26595 8.23937 10.0469
threshold=0.0010500000207684936 0.0049499999731779107 0.020100000314414505 0.0016499999910593035 0.0075499999802559623 0.0017499999958090486 0.0037500000325962905 0.013749999925494196 0.0011500000255182388 0.0010500000207684936 0.0045499999541789302 0.0056499999482184657 0.0022500000195577745 0.0047500000800937423
decision_type=2 2 2 2 2 2 2 2 2 2 2 2 2 2
left_child=1 2 3 4 7 -6 -5 11 10 -10 -9 12 -1 -14
right_child=-2 -3 -4 6 5 -7 -8 8 9 -11 -12 -13 13 -15
leaf_value=0.00032339956976739541 0.042263322330912283 -0.048744997395882644 -0.069842348030379572 0.035890297254341091 -0.046931257597428805 0.031390121899763521 -0.050953152152381838 0.028545227645597155 -0.069196251480189319 0.0050749069854584385 -0.05042393976982254 0.045382707537608584 0.029635646547392078 -0.030631060330030897
leaf_weight=502.34514679200947 5.8673861157149068 4.1493103615939608 2.1447915043681851 14.185825433582066 11.013088859617708 2.650724120438098 1.6529267542064179 43.711386853829026 4.1640097554773119 17.740906078368425 2.3336747214198104 5.3765476904809466 5.1572907511144903 26.587385648861527
leaf_count=2086 102 35 15 89 48 13 7 194 21 84 18 23 21 115
internal_value=0.000846046 0.000455509 0.000788793 0.00104385 0.000388846 -0.0313289 0.0263136 0.00111396 0.0135103 -0.00911217 0.0243556 -0.00044226 -0.000919466 -0.0206521
internal_weight=649.08 643.213 639.064 636.919 621.08 13.6638 15.8388 607.416 67.95 21.9049 46.0451 539.466 534.09 31.7447
internal_count=2871 2769 2734 2719 2623 61 96 2562 317 105 212 2245 2222 136
is_linear=0
shrinkage=0.04


Tree=120
num_leaves=15
num_cat=0
split_feature=278 125 201 225 254 287 224 202 32 250 168 254 105 202
split_gain=9.6335 11.0406 7.75506 7.63274 11.3094 12.9169 14.4345 14.1578 12.4793 10.9641 10.0119 9.8976 11.0349 10.3639
threshold=0.0028499999316409235 0.003249999950639904 0.3294499963521958 0.0027499999850988392 0.0067499999422580012 0.0024500000290572648 0.0015499999863095584 0.0014499999815598132 0.0021499999566003685 0.003249999950639904 0.002650000038556755 0.0072500000242143878 0.0027499999850988392 0.0017499999958090486
decision_type=2 2 2 2 2 2 2 2 2 2 2 2 2 2
left_child=3 2 -2 10 5 7 -7 9 -8 -5 -1 12 -6 -13
right_child=1 -3 -4 4 11 6 8 -9 -10 -11 -12 13 -14 -15
leaf_value=0.0055329099198443846 0.026420047123437162 -0.020323651719150324 -0.043911295910603831 -0.040567802248453758 0.063913805395988565 0.0009442486828875221 -0.029157045138003657 0.0083242635350272692 0.05525689279372429 0.02638853880693404 0.15129027047712867 -0.0058162706298372693 -0.056838494915037063 0.017935758500975438
leaf_weight=153.56196751631796 49.539774486795068 11.390013772994278 2.5126713421195737 45.043579095974565 7.7658787220716459 186.8539335988462 44.145313426852226 15.945923771709202 2.8701389133930197 4.1423440724611273 0.66029448062181373 83.431540001183748 1.3161767683923242 45.168740078806877
leaf_count=689 338 53 14 235 17 694 169 74 8 13 3 403 8 177
internal_value=0.00022848 0.0150331 0.0228706 -0.00135652 -0.00406365 -0.00843616 -0.00402365 -0.0241884 -0.0238126 -0.0348056 0.00628051 0.00540223 0.0455502 0.00250261
internal_weight=654.348 63.4425 52.0524 590.906 436.684 299.001 233.869 65.1318 47.0155 49.1859 154.222 137.682 9.08206 128.6
internal_count=2895 405 352 2490 1798 1193 871 322 177 248 692 605 25 580
is_linear=0
shrinkage=0.04


Tree=121
num_leaves=15
num_cat=0
split_feature=180 134 105 227 179 201 114 211 307 256 159 133 225 6
split_gain=8.25014 9.40327 11.7821 11.5546 15.0038 16.6387 9.89346 11.9575 10.1513 8.15448 9.93198 7.57308 7.34839 7.64718
threshold=0.0017499999958090486 1.0000000180025095e-35 0.0019500000635161998 0.018450000323355201 0.0032500000670552258 0.059650000184774406 0.0021499999566003685 0.014100000262260439 1.0000000180025095e-35 1.0000000180025095e-35 0.47249999642372137 0.0092500001192092913 0.0113500002771616 0.0014499999815598132
decision_type=2 2 2 2 2 2 2 2 2 2 2 2 2 2
left_child=1 3 -3 4 6 -6 7 8 -1 -4 11 -11 13 -9
right_child=-2 2 9 -5 5 -7 -8 12 -10 10 -12 -13 -14 -15
leaf_value=0.00070272023665685632 0.028763985437560619 -0.026372093342047497 -0.024219457029376411 0.052834319807175269 -0.034288746640705491 0.017188299660736515 -0.049459692593777541 0.062140840778594442 0.055476117737494973 0.028375836832349687 -0.036733509994547928 -0.071844986008001349 0.013047992950260986 -0.021259075711730829
leaf_weight=426.74366549029946 15.714187629520891 46.74307045340538 12.868480704724787 6.8277536127716294 36.141505846753716 13.712732616811989 5.5824929177761069 10.493748862296341 5.387229284271597 24.978178393095739 5.1130086537450543 1.1527147144079197 39.005020311102271 1.9778537917882193
leaf_count=1747 112 214 74 29 174 54 64 33 26 111 32 7 205 13
internal_value=0.000220685 -0.000481878 -0.0123942 0.0014954 0.00082802 -0.0200435 0.00296691 0.00359047 0.00140749 0.00235299 0.0134674 0.0235453 0.0218001 0.0485325
internal_weight=652.442 636.727 90.8555 545.872 539.044 49.8542 489.19 483.608 432.131 44.1124 31.2439 26.1309 51.4766 12.4716
internal_count=2895 2783 438 2345 2316 228 2088 2024 1773 224 150 118 251 46
is_linear=0
shrinkage=0.04


Tree=122
num_leaves=15
num_cat=0
split_feature=278 125 127 125 253 300 245 225 275 25 47 287 218 254
split_gain=8.66912 10.2521 7.95238 7.7697 7.6688 7.82911 7.64007 7.35946 9.95087 12.9749 10.1984 11.832 14.2843 11.2961
threshold=0.0028499999316409235 0.003249999950639904 0.085500001907348647 0.0027499999850988392 0.002549999975599349 0.010750000365078451 0.0012500000302679839 0.0027499999850988392 1.0000000180025095e-35 0.0022500000195577745 0.0011500000255182388 0.002650000038556755 1.0000000180025095e-35 0.0018500000005587938
decision_type=2 2 2 2 2 2 2 2 2 2 2 2 2 2
left_child=2 -2 3 7 5 -5 -3 -1 9 10 11 -9 13 -13
right_child=1 6 -4 4 -6 -7 -8 8 -10 -11 -12 12 -14 -15
leaf_value=0.0060564626042661635 0.022128084049784912 -0.079246884262170844 -0.050693049398602259 -0.041146593029805362 -0.0029273370483780935 0.077566694855130139 -0.0012543285197612823 -0.038659892944283722 -0.0015988305235191064 0.020356888616408379 -0.059592130105020305 0.0037000569663028162 -0.06505943180010583 0.08735337918072103
leaf_weight=150.44518784247339 50.796634780243039 2.5469324290752402 5.0687525141984215 0.93980272114276697 5.6755311787128448 5.6345849260687828 8.8201917465776187 20.866398863494396 355.78452767804265 11.130128622055052 11.823262535035608 14.293284833431249 3.8394382894039145 3.0876668542623511
leaf_count=660 352 14 56 8 33 24 39 111 1452 44 38 39 16 9
internal_value=0.000212183 0.0144112 -0.00128284 -0.000838175 0.0305364 0.0596352 -0.0196169 -0.00152318 -0.0042432 -0.0186224 -0.0267669 -0.0173312 0.00353708 0.0192043
internal_weight=650.752 62.1638 588.589 583.52 12.2499 6.57439 11.3671 571.27 420.825 65.0402 53.9101 42.0868 21.2204 17.381
internal_count=2895 405 2490 2434 65 32 53 2369 1709 257 213 175 64 48
is_linear=0
shrinkage=0.04


Tree=123
num_leaves=15
num_cat=0
split_feature=278 96 127 244 235 93 102 263 313 233 287 220 124 210
split_gain=8.06908 9.92022 7.58636 7.3361 6.68856 6.13172 6.96273 6.98127 11.2216 8.97653 9.80081 9.1253 10.7975 9.48304
threshold=0.0028499999316409235 0.0036499999696388845 0.085500001907348647 0.014549999963492157 0.003249999950639904 0.0016499999910593035 0.1758999973535538 0.069350000470876708 0.014549999963492157 0.0011500000255182388 0.0021499999566003685 0.0014499999815598132 0.0015499999863095584 0.0016000000177882614
decision_type=2 2 2 2 2 2 2 2 2 2 2 2 2 2
left_child=2 -2 4 -3 5 6 7 8 9 -1 -11 12 -12 -14
right_child=1 3 -4 -5 -6 -7 -8 -9 -10 10 11 -13 13 -15
leaf_value=-0.0021729920393089024 0.02082115161877204 -0.0013411223556193811 -0.050241717147397572 -0.081084462523781015 0.030623497603880181 0.069463149873402977 -0.03597574924560111 0.019428899600215647 -0.02720282484628625 0.051867984381465816 0.026341793351402198 0.048462632475603985 -0.047620862627004018 0.056629485293389251
leaf_weight=473.6847522649914 52.149363286793232 6.8533533941954357 4.9137499630451194 2.4835246428847313 10.524870926514266 1.8447015285491932 9.2053876109421235 25.249339032918215 26.850842157378793 10.069321829825638 8.3652084600180441 5.9133432842791072 9.8703085873275977 1.5041142106056202
leaf_count=1924 352 36 56 17 44 5 59 108 112 51 37 21 68 5
internal_value=0.000201099 0.0139817 -0.00123526 -0.0236105 -0.000806872 -0.00139686 -0.00164504 -0.00106879 -0.00204481 -0.000705803 0.0185895 0.00522102 -0.00771011 -0.0331132
internal_weight=649.482 61.4862 587.996 9.33688 583.082 572.557 570.713 561.507 536.258 509.407 35.7223 25.653 19.7396 11.3744
internal_count=2895 405 2490 53 2434 2390 2385 2326 2218 2106 182 131 110 73
is_linear=0
shrinkage=0.04


Tree=124
num_leaves=15
num_cat=0
split_feature=278 25 127 235 24 218 220 239 225 275 25 194 50 169
split_gain=7.49538 9.35888 7.23927 6.1899 6.13148 8.89341 8.5645 6.1212 5.94628 10.4415 12.6581 10.26 10.7625 9.98493
threshold=0.0028499999316409235 0.0011500000255182388 0.085500001907348647 0.003249999950639904 0.0011500000255182388 0.0011500000255182388 0.34510000050067907 0.019450000487267975 0.0027499999850988392 1.0000000180025095e-35 0.0022500000195577745 0.0079999999143183249 0.0019500000635161998 0.0024500000290572648
decision_type=2 2 2 2 2 2 2 2 2 2 2 2 2 2
left_child=2 -2 3 8 5 7 -7 -3 -1 10 11 12 -10 -14
right_child=1 4 -4 -5 -6 6 -8 -9 9 -11 -12 -13 13 -15
leaf_value=0.0054699926750060891 0.037120028210781739 -0.081881513430697161 -0.049802058071012081 0.029516106146008074 -0.038700457088181747 0.021895930481203793 -0.056470237519105786 0.006831856102201138 -0.033322816315058679 -0.0011277941926859374 0.019559493513519943 0.064022094822146589 -0.030817633471919358 0.20062613935159021
leaf_weight=150.5319673679769 18.608997104689479 2.607328910380601 4.7627818509936324 10.487477723509071 4.848670655861496 30.438418198376894 2.2876672111451617 2.1345510929822922 49.160844765603542 358.29074636101723 11.14675300568342 1.7876752763986576 0.48337374627590068 0.51755669713020325
leaf_count=665 135 11 56 44 26 206 18 9 196 1472 44 6 5 2
internal_value=0.000193948 0.0135416 -0.00118628 -0.000773366 0.00301545 0.00860895 0.0161407 -0.0418048 -0.00134085 -0.0037841 -0.0187789 -0.0271038 -0.0305519 0.0925761
internal_weight=648.095 60.9256 587.169 582.406 42.3166 37.468 32.7261 4.74188 571.919 421.387 63.0962 51.9495 50.1618 1.00093
internal_count=2895 405 2490 2434 270 244 224 20 2390 1725 253 209 203 7
is_linear=0
shrinkage=0.04


Tree=125
num_leaves=15
num_cat=0
split_feature=32 239 244 263 225 225 278 105 252 214 279 224 239 25
split_gain=6.46308 8.69318 13.5038 9.42379 7.22915 14.5959 9.86392 9.81408 9.61701 8.82545 8.60444 7.61388 7.39271 12.7425
threshold=0.0055499998852610597 0.0054500000551342973 0.0095500000752508658 0.0014499999815598132 0.021450000815093521 0.025549999438226226 0.0016499999910593035 0.019650000147521499 0.0012500000302679839 0.0085500003769993799 0.0015499999863095584 0.063050001859664931 0.031099999323487285 0.0035500000230968003
decision_type=2 2 2 2 2 2 2 2 2 2 2 2 2 2
left_child=4 2 -2 -4 6 10 12 -8 9 11 -6 -7 -1 -14
right_child=1 -3 3 -5 5 8 7 -9 -10 -11 -12 -13 13 -15
leaf_value=0.0020191645167387529 -0.041239198972039245 0.04253140036584007 0.11215877613073369 0.011858091660042286 -0.051807895850528571 -0.016442038413322126 0.035470047173436409 -0.032079253898566015 0.022440002951177176 0.0048044310023477145 0.0089047381817870652 0.056603671541868773 -0.032852491543056521 0.039583681840533666
leaf_weight=364.49887448176742 7.6258814856410053 13.072739426046608 1.632826656103133 12.53357210382819 16.60653120465577 90.251109145581722 23.117057645693425 3.8982654958963385 20.341257151216269 62.75224432721734 4.6387157943099728 2.2235236018896094 21.655813895165924 4.5967546701431266
leaf_count=1546 52 43 4 55 70 404 136 22 178 261 23 7 86 21
internal_value=0.000135056 0.0168685 0.0011672 0.0244043 -0.000810312 -0.00713359 0.00216006 0.0254929 -0.00330945 -0.00672174 -0.0383848 -0.0145832 0.000530553 -0.0199152
internal_weight=649.445 34.865 21.7923 14.1664 614.58 196.813 417.767 27.0153 175.568 155.227 21.2452 92.4746 390.751 26.2526
internal_count=2908 154 111 59 2754 943 1811 158 850 672 93 411 1653 107
is_linear=0
shrinkage=0.04


Tree=126
num_leaves=15
num_cat=0
split_feature=123 188 229 245 218 205 90 109 201 109 150 220 277 127
split_gain=6.33203 9.63898 9.46347 9.46702 8.66283 8.27649 9.28597 12.102 14.0073 11.6658 10.1962 10.056 9.36833 9.36277
threshold=0.0015499999863095584 0.013449999969452621 0.0049499999731779107 0.002549999975599349 0.0045499999541789302 0.0034500000765547161 0.0014499999815598132 0.0014499999815598132 0.042700000107288368 0.0019500000635161998 0.0010500000207684936 0.0022500000195577745 0.0023500000825151805 0.0070500001311302194
decision_type=2 2 2 2 2 2 2 2 2 2 2 2 2 2
left_child=1 2 5 -4 -2 6 7 10 -9 -10 -1 13 -12 -8
right_child=4 -3 3 -5 -6 -7 11 8 9 -11 12 -13 -14 -15
leaf_value=0.0042047331136300173 -0.045863163165662232 0.022138361241885476 0.030299958051091196 -0.072194457952309277 -0.0031060328649069255 0.025219953236868983 0.015825869126269206 -0.026620340582111629 -0.056790595909162481 0.031639480011834517 -0.021259661251360459 -0.021310953705578308 0.0031591427619250489 -0.049739698621648211
leaf_weight=251.95843689888716 10.840225739404557 32.876150988973677 1.8335407860577095 5.3461496345698833 25.509338213130832 20.754982439801097 103.37776570394635 59.733188265934587 2.7983510419726363 13.024364052340387 58.341917051002383 14.883601970970629 43.628418669104576 3.483684515580534
leaf_count=944 80 264 9 30 147 91 373 299 14 53 341 57 181 25
internal_value=0.000131942 0.00110246 -8.83501e-05 -0.0454134 -0.0160577 0.000481428 -0.000447181 -0.00321847 -0.0177399 0.0154904 -0.000103022 0.00929098 -0.0107799 0.0136065
internal_weight=648.39 612.041 579.164 7.17969 36.3496 571.985 551.23 429.485 75.5559 15.8227 353.929 121.745 101.97 106.861
internal_count=2908 2681 2417 39 227 2378 2287 1832 366 67 1466 455 522 398
is_linear=0
shrinkage=0.04


Tree=127
num_leaves=15
num_cat=0
split_feature=184 172 32 275 225 225 239 214 150 220 33 253 253 300
split_gain=5.94951 6.03549 6.25467 8.53935 7.82715 12.6107 9.33626 14.4275 13.3959 17.844 12.7534 12.3426 16.6465 15.2513
threshold=0.0010500000207684936 0.01275000022724271 0.0055499998852610597 0.0017499999958090486 0.021450000815093521 0.025549999438226226 0.0016499999910593035 0.0012500000302679839 0.0010500000207684936 0.0015499999863095584 1.0000000180025095e-35 0.0015499999863095584 0.0013499999768100681 0.0070500001311302194
decision_type=2 2 2 2 2 2 2 2 2 2 2 2 2 2
left_child=1 2 4 -4 6 -6 7 8 11 -10 -9 12 13 -1
right_child=-2 -3 3 -5 5 -7 -8 10 9 -11 -12 -13 -14 -15
leaf_value=0.019858006704874111 0.041580542327585603 0.04779440348704931 -0.02869757800725466 0.024765221530076553 -0.037408512200208896 -0.0045458496950511384 0.0062126088923260738 -0.030864986238070768 -0.033822600001343989 0.064921016721631489 0.027319360656402673 -0.041518575641783566 0.11359413793424736 -0.039024618234699694
leaf_weight=56.020154159516096 5.3929410399869075 4.0590468998998395 5.5692854523658744 28.978401158004999 20.970391504466534 170.167894622311 259.72275047004223 45.673525605350733 23.413271322846416 3.2278336808085433 6.7898715510964385 6.2615589424967757 2.6312770694494239 7.9154904410243025
leaf_count=217 102 14 33 120 90 804 988 233 187 14 44 24 7 31
internal_value=0.000124489 -0.000224269 -0.000543811 0.0159733 -0.00149958 -0.00818991 0.00159837 -0.00626205 0.00265677 -0.0215112 -0.023221 0.0115698 0.0166783 0.0124561
internal_weight=646.794 641.401 637.342 34.5477 602.794 191.138 411.656 151.933 99.4696 26.6411 52.4634 72.8285 66.5669 63.9356
internal_count=2908 2806 2792 153 2639 894 1745 757 480 201 277 279 255 248
is_linear=0
shrinkage=0.04


Tree=128
num_leaves=15
num_cat=0
split_feature=123 90 113 263 109 201 205 134 277 164 167 271 297 253
split_gain=5.82233 8.19052 11.3755 9.85468 8.68571 11.8246 10.3144 8.34015 12.1999 9.77337 8.59045 8.27232 8.3939 7.69054
threshold=0.0015499999863095584 0.0014499999815598132 0.0011500000255182388 0.0019500000635161998 0.0015499999863095584 0.042700000107288368 0.0034500000765547161 0.0014499999815598132 0.028100000694394115 0.063000001013278975 1.0000000180025095e-35 0.014299999922513964 0.0097000002861022967 0.0050500000361353168
decision_type=2 2 2 2 2 2 2 2 2 2 2 2 2 2
left_child=1 4 3 -3 7 6 -6 10 9 -9 11 12 -1 -7
right_child=-2 2 -4 -5 5 13 -8 8 -10 -11 -12 -13 -14 -15
leaf_value=0.001349044361889591 -0.015453942104622358 -0.029452884115311259 -0.02162700176469513 0.016197034533536183 -0.026567257309593858 0.024068743968860305 0.041267359510863806 -0.034305427747899089 0.048829342131869381 0.048230624156357579 0.029398740081600469 0.066646293105313822 -0.055382137788345692 -0.059581584634843837
leaf_weight=328.19652845151722 36.128157945349813 7.9205739274621001 16.64484148286283 121.31223134417087 56.220982069149613 15.847462650388481 3.6984975636005393 26.589812897145752 3.6923034843057385 2.3862678110599509 18.199629064649343 2.9660522118210784 4.1250690445303908 1.8589895796030749
leaf_count=1332 227 36 104 492 284 68 19 136 13 11 141 12 22 11
internal_value=0.000118536 0.0010503 0.00931751 0.0133477 -0.00154289 -0.013746 -0.0222518 0.000902782 -0.0183871 -0.0272283 0.00270151 0.00123211 0.000616366 0.0147764
internal_weight=645.787 609.659 145.878 129.233 463.782 77.6259 59.9195 386.156 32.6684 28.9761 353.487 335.288 332.322 17.7065
internal_count=2908 2681 632 528 2049 382 303 1667 160 147 1507 1366 1354 79
is_linear=0
shrinkage=0.04


Tree=129
num_leaves=15
num_cat=0
split_feature=39 309 67 24 135 222 201 254 194 201 250 75 155 253
split_gain=5.76865 5.55238 7.06378 8.88342 8.10526 6.85196 6.67347 13.0693 11.3582 12.4654 10.8449 11.2834 10.4912 9.64984
threshold=0.003249999950639904 0.009000000078231098 1.0000000180025095e-35 0.0016499999910593035 0.0056499999482184657 0.0043500000610947618 0.0022500000195577745 0.059800000861287124 0.0017499999958090486 0.0018500000005587938 0.0049499999731779107 0.0010500000207684936 0.0034500000765547161 0.018350000493228439
decision_type=2 2 2 2 2 2 2 2 2 2 2 2 2 2
left_child=1 2 6 4 5 -4 8 -8 9 10 11 12 13 -1
right_child=-2 -3 3 -5 -6 -7 7 -9 -10 -11 -12 -13 -14 -15
leaf_value=-0.0029516081311326777 -0.044947832164003207 0.034918604856196238 -0.04574572379494888 0.031852059963443015 0.055922625083385705 0.0026635453975076386 -0.0070561365942542623 0.021977034365326942 0.051000305727528235 0.038281781398578477 0.023168377207046245 -0.034702697033443433 0.023732438828340391 0.045937825579005623
leaf_weight=237.62456763908267 4.4119379334151736 7.286132199689745 18.405891463160525 4.5734192691743365 1.6093055978417385 6.0422582589089862 228.38839656766504 27.684570292010903 8.159882100298999 15.60619894787669 33.790792185813189 14.754489570856093 29.155184468254447 6.5344993472099295
leaf_count=953 56 65 86 19 6 19 1090 128 30 64 169 69 132 22
internal_value=0.000113881 0.000437937 2.88443e-05 -0.0186704 -0.0277786 -0.0336565 0.000990365 -0.00389433 0.00462107 0.003473 0.00176142 -0.00074293 0.00108773 -0.00160852
internal_weight=644.028 639.616 632.329 30.6309 26.0575 24.4481 601.699 256.073 345.626 337.466 321.86 288.069 273.314 244.159
internal_count=2908 2852 2787 130 111 105 2657 1218 1439 1409 1345 1176 1107 975
is_linear=0
shrinkage=0.04


Tree=130
num_leaves=15
num_cat=0
split_feature=36 155 96 123 222 211 179 47 6 263 275 155 250 25
split_gain=7.20211 11.0757 12.4864 10.8849 9.84995 8.28771 11.3 11.6022 13.1086 10.6087 12.2551 13.2268 10.3908 10.3754
threshold=1.0000000180025095e-35 0.0094499997794628161 0.0036499999696388845 0.0015499999863095584 0.0031500000040978198 0.0048500001430511483 0.00075000003562308859 1.0000000180025095e-35 0.0039500000420957812 0.0010500000207684936 0.002549999975599349 0.0010500000207684936 0.0017499999958090486 0.010149999987334015
decision_type=2 2 2 2 2 2 2 2 2 2 2 2 2 2
left_child=1 3 -3 4 5 6 7 8 9 10 11 12 -1 -8
right_child=-2 2 -4 -5 -6 -7 13 -9 -10 -11 -12 -13 -14 -15
leaf_value=-0.031587790246149147 -0.012625118988418976 0.035444525875403254 -0.01180200106841657 -0.038974326619626007 0.030386756123656929 0.0091015818150934642 -0.014930929756214073 -0.020322708909072319 -0.034703056472980782 0.012067703207655716 0.06450989499494568 0.096273336903303308 0.030751301901117585 0.028984092947339186
leaf_weight=29.891416002064943 63.34519518725574 29.638196960091591 12.588704744353889 11.1142630726099 17.368867909535766 118.71868935786188 131.40141439437866 32.120257310569286 12.210892282426355 169.93930630292743 3.0505369529128066 1.4532705917954434 4.84432728588581 9.0621923282742483
leaf_count=153 441 116 64 66 110 516 578 114 68 622 9 7 11 40
internal_value=0.000167009 0.00156474 0.0212703 1.61249e-05 0.000848414 -0.000150209 -0.00294986 0.00207964 0.00535564 0.00772866 -0.0109442 -0.017575 -0.0227157 -0.0120506
internal_weight=646.748 583.402 42.2269 541.175 530.061 512.692 393.974 253.51 221.39 209.179 39.2396 36.189 34.7357 140.464
internal_count=2915 2474 180 2294 2228 2118 1602 984 870 802 180 171 164 618
is_linear=0
shrinkage=0.04


Tree=131
num_leaves=15
num_cat=0
split_feature=225 137 163 188 123 125 275 241 271 287 279 287 245 301
split_gain=6.71378 7.56377 8.62502 7.78874 9.07182 8.71811 12.7138 7.80085 7.25878 6.63162 10.2078 6.6 6.48272 11.0544
threshold=0.12854999303817752 0.0011500000255182388 0.0070000002160668382 0.017150000669062141 0.0015499999863095584 0.0017499999958090486 0.0048500001430511483 0.0078000000212341556 1.0000000180025095e-35 0.0086500002071261423 0.0010500000207684936 0.068250000476837172 1.0000000180025095e-35 0.0013499999768100681
decision_type=2 2 2 2 2 2 2 2 2 2 2 2 2 2
left_child=1 2 3 4 5 7 -7 12 -3 10 -2 -6 -1 -14
right_child=9 8 -4 -5 11 6 -8 -9 -10 -11 -12 -13 13 -15
leaf_value=0.0040379767275237396 0.087133068426875696 -0.032518220210287635 0.052623878086395022 0.02286347967906029 -0.04909240948676357 -0.052325203264838076 0.092674058058190886 -0.042591429406743979 0.019053321097563004 0.02407259448153231 -0.072778289057680287 0.073214924670554959 -0.0024611465776960819 -0.033123743060065471
leaf_weight=262.70275613479316 0.72933262586593572 20.790471831336621 4.8720928262919179 22.253232105635107 8.9058882221579516 1.2206932082772244 3.4252465441823006 7.0255676694214335 5.3447584835812441 29.097390620969236 2.5657844766974449 0.65338970720768053 255.36884512007236 20.257106248289347
leaf_count=1048 3 133 45 176 72 9 9 40 28 155 13 2 1076 106
internal_value=0.000160444 -0.000772648 0.00016021 -0.000281214 -0.00121273 -0.000530364 0.0534338 -0.00100714 -0.0217867 0.0178844 -0.0346818 -0.039647 -0.000449193 -0.00474039
internal_weight=645.213 612.82 586.685 581.813 559.559 550 4.64594 545.354 26.1352 32.3925 3.29512 9.55928 538.329 275.626
internal_count=2915 2744 2583 2538 2362 2288 18 2270 161 171 16 74 2230 1182
is_linear=0
shrinkage=0.04


Tree=132
num_leaves=15
num_cat=0
split_feature=250 250 239 164 102 241 268 313 123 260 54 32 211 263
split_gain=6.55219 8.77835 8.77721 7.37982 7.19722 6.64476 6.96901 7.72491 5.94378 5.46545 6.55486 7.57595 10.5988 8.74462
threshold=0.011400000192224981 0.010800000280141832 0.0031500000040978198 0.057000000029802329 1.0000000180025095e-35 0.0078000000212341556 0.0011500000255182388 0.1176000013947487 0.0074499999172985562 0.08819999918341638 0.0014499999815598132 0.0055499998852610597 0.0061500000301748523 0.0030500000575557355
decision_type=2 2 2 2 2 2 2 2 2 2 2 2 2 2
left_child=1 3 4 5 -2 6 7 9 -4 10 11 -1 13 -13
right_child=2 -3 8 -5 -6 -7 -8 -9 -10 -11 -12 12 -14 -15
leaf_value=-0.0011951159071264615 0.027460224768064406 -0.098675959411850089 0.031216041994082139 0.039647204480244586 -0.070964892404512203 -0.034721929912833606 0.03147337163429352 -0.055649035942294714 -0.069729424773551318 0.048521120090807175 -0.026360989116025833 -0.042598752647416513 0.058405879451662167 0.023796863375841189
leaf_weight=540.32936188951135 1.8592756688594843 1.3612601533532132 24.937831185758117 7.1350701171904793 2.8226427137851715 9.1019797008484584 10.631675899028776 4.0186071135103694 0.85413359105586906 3.4905600026249877 15.722535563632844 4.697112578898671 8.2039873637258989 9.2610340416431409
leaf_count=2308 7 7 149 61 11 50 85 27 5 11 102 33 24 35
internal_value=0.000154874 -0.000738743 0.0182328 -0.000498515 -0.0312851 -0.000984691 -0.000457329 -0.00104902 0.0274622 -0.000655446 -0.00096757 -0.000246114 0.022613 0.00102519
internal_weight=644.427 613.953 30.4739 612.592 4.68192 605.457 596.355 585.723 25.792 581.705 578.214 562.491 22.1621 13.9581
internal_count=2915 2743 172 2736 18 2675 2625 2540 154 2513 2502 2400 92 68
is_linear=0
shrinkage=0.04


Tree=133
num_leaves=15
num_cat=0
split_feature=36 155 96 123 253 169 263 245 111 0 113 287 254 275
split_gain=6.44496 10.0394 11.4226 9.81265 9.37259 11.3189 8.81036 7.8148 8.29025 7.60703 9.46395 15.1793 9.91589 10.5419
threshold=1.0000000180025095e-35 0.0094499997794628161 0.0036499999696388845 0.0015499999863095584 0.010250000283122064 0.0023500000825151805 0.042750000953674323 0.012749999761581423 0.024149999953806404 0.0010500000207684936 0.0010500000207684936 0.0093499999493360537 0.058100000023841865 0.0023500000825151805
decision_type=2 2 2 2 2 2 2 2 2 2 2 2 2 2
left_child=1 3 -3 4 9 -6 -7 8 -2 10 12 -12 -1 -14
right_child=7 2 -4 -5 5 6 -8 -9 -10 -11 11 -13 13 -15
leaf_value=-0.00021637902907201674 -0.027298285573846219 0.033872754350092009 -0.011465924540450657 -0.037400583649502897 0.036657372873201942 -0.082499006613962686 0.038831402479138577 0.010544631474156536 0.024001936995344589 0.052971458912364426 -0.028367882153383404 0.017808131075219228 -0.0081282009534380129 0.049148091196216742
leaf_weight=419.52196077723056 39.62099888548255 29.480337152257562 12.491457799449561 10.894735729321836 20.705099433660511 2.4281478822231288 1.4136005435138939 17.422477010637522 5.6113695614039889 4.1357447272166601 42.551899749785662 15.351011311635373 8.0696964636445063 13.45473266020417
leaf_count=1649 322 116 64 66 129 9 8 87 32 22 248 64 36 63
internal_value=0.000148243 0.00147059 0.020289 0 0.000779631 0.0248659 -0.0369873 -0.0120224 -0.020807 -0.000392361 -0.000853229 -0.0160473 0.00113565 0.0275514
internal_weight=643.153 580.498 41.9718 538.527 527.632 24.5468 3.84175 62.6548 45.2324 503.085 498.949 57.9029 441.046 21.5244
internal_count=2915 2474 180 2294 2228 146 17 441 354 2082 2060 312 1748 99
is_linear=0
shrinkage=0.04


Tree=134
num_leaves=15
num_cat=0
split_feature=309 36 155 123 96 222 178 0 300 25 167 227 185 135
split_gain=6.06838 5.99774 9.12007 11.2079 10.5103 8.87259 9.08124 9.58005 7.68514 7.62548 7.48303 12.0589 11.0003 8.42752
threshold=0.009000000078231098 1.0000000180025095e-35 0.0094499997794628161 0.0015499999863095584 0.0036499999696388845 0.0031500000040978198 0.0021499999566003685 0.0010500000207684936 0.11890000104904176 0.012050000019371511 1.0000000180025095e-35 0.0030500000575557355 0.0011500000255182388 0.0012500000302679839
decision_type=2 2 2 2 2 2 2 2 2 2 2 2 2 2
left_child=1 2 3 5 -4 6 7 10 9 -8 11 13 -13 -1
right_child=-2 -3 4 -5 -6 -7 8 -9 -10 -11 -12 12 -14 -15
leaf_value=0.0017025732100831032 0.03756421452547716 -0.012200878138997746 0.032230170026222825 -0.041912380550585493 -0.011513231197571064 0.029062287461526386 -0.048537007786498394 0.066230999458934334 0.010188765847146159 0.029346465975271213 0.017964107383028723 -0.030236019354033226 0.028621532441742273 -0.0405682454524737
leaf_weight=394.15162411145866 6.7609001770615569 60.754236938431859 29.022669656202197 10.106405662372707 12.3623478282243 16.640914086252451 15.281194178387528 3.4406383447349063 7.1568259280174962 2.1791976764798155 35.003325901925564 35.366005159914494 5.7803031504154196 7.589552864432334
leaf_count=1537 68 431 115 57 61 104 82 11 33 10 189 160 13 44
internal_value=0.000142997 -0.000255087 0.00100406 -0.000395339 0.0190707 0.000407775 -0.000532339 0.000673705 -0.0241828 -0.038477 0.000179591 -0.0012207 -0.0218213 0.000884157
internal_weight=641.596 634.835 574.081 532.696 41.385 522.59 505.949 481.331 24.6172 17.4604 477.891 442.887 41.1463 401.741
internal_count=2915 2847 2416 2240 176 2183 2079 1954 125 92 1943 1754 173 1581
is_linear=0
shrinkage=0.04


Tree=135
num_leaves=15
num_cat=0
split_feature=172 254 244 176 75 185 288 300 90 90 105 220 127 287
split_gain=7.92094 6.08553 13.9635 11.7558 9.12759 5.63568 13.2883 7.85102 7.82439 9.14748 9.1609 8.71594 13.7248 10.8716
threshold=0.0035500000230968003 0.059149999171495445 0.0042499999981373557 0.0093499999493360537 0.002650000038556755 0.0010500000207684936 0.0081000002101063746 0.0038499999791383748 0.0041499999351799497 0.0035500000230968003 0.0035500000230968003 0.0011500000255182388 1.0000000180025095e-35 0.0037500000325962905
decision_type=2 2 2 2 2 2 2 2 2 2 2 2 2 2
left_child=1 5 -3 4 -4 8 7 -7 9 11 -11 12 -1 -13
right_child=-2 2 3 -5 -6 6 -8 -9 -10 10 -12 13 -14 -15
leaf_value=-0.0013569333769221416 0.033677971230644324 -0.041909630648365434 0.043379702542246983 -0.022415729292367261 -0.026422015330991151 0.064439720915264162 -0.03843441513498537 0.011373447091512169 -0.020110299215407475 0.052513471048499849 -0.036325262371873779 0.056579641217809194 -0.022369425847541004 0.005206800787481005
leaf_weight=320.95023404341191 11.157991982996462 5.8622302450239649 25.567520479671661 6.8541401997208586 3.2522429116070262 4.7953686434775582 8.1102132461965066 57.768446068279445 38.303453734144568 8.9120526239275915 2.2078019585460416 7.2766258269548407 58.8775221593678 65.090540568344295
leaf_count=1294 58 45 123 42 21 8 59 216 217 29 15 31 417 318
internal_value=0.000427641 -0.000175646 0.0145816 0.0240677 0.0353003 -0.00125605 0.00929812 0.015601 -0.00275258 -0.00130491 0.0343518 -0.00219798 -0.00462966 0.0104986
internal_weight=624.986 613.828 41.5361 35.6739 28.8198 572.292 70.674 62.5638 501.618 463.315 11.1199 452.195 379.828 72.3672
internal_count=2893 2835 231 186 144 2604 283 224 2321 2104 44 2060 1711 349
is_linear=0
shrinkage=0.04


Tree=136
num_leaves=15
num_cat=0
split_feature=172 169 204 36 185 176 254 201 176 169 185 53 223 214
split_gain=7.37325 6.19804 6.38012 6.83536 8.00047 8.41615 10.8402 14.9474 10.5212 10.1085 8.335 10.1186 8.54718 8.11948
threshold=0.0035500000230968003 0.11625000089406969 0.014250000007450582 0.010999999940395357 0.0010500000207684936 0.0093499999493360537 0.059149999171495445 0.0049499999731779107 0.018450000323355201 0.0011500000255182388 0.0041499999351799497 0.0013499999768100681 0.0017499999958090486 0.010449999943375589
decision_type=2 2 2 2 2 2 2 2 2 2 2 2 2 2
left_child=1 2 3 4 5 6 13 -8 -7 -10 -6 12 -12 -1
right_child=-2 -3 -4 -5 10 8 7 -9 9 -11 11 -13 -14 -15
leaf_value=-0.0034619528075399263 0.032634298782284001 -0.054220169652985692 0.029136681949438567 -0.033745848907430091 0.02382173893996244 -0.045908665993672722 -0.005640734741844765 0.049265838019300671 0.014489859169667232 -0.045930742986284308 -0.034725126467796609 0.040714765248057894 0.042846260926231165 0.014546738295339661
leaf_weight=411.74540408328176 11.0594713287428 3.2761332578957072 11.79447283875197 9.6041562929749471 42.187347009778023 14.8074684292078 15.230591755360367 16.156525433063507 15.839801654219629 6.0267240293323985 13.887614183127885 5.3245196342468253 2.5832534469664088 44.222853035666049
leaf_count=1831 58 17 108 97 135 81 99 68 61 34 56 21 15 212
internal_value=0.000410737 -0.000169626 0.00012323 -0.000447462 9.52532e-05 -0.00152909 -0.000128465 0.0225621 -0.0199821 -0.0021141 0.013443 -0.00648065 -0.0221325 -0.00170377
internal_weight=623.746 612.687 609.411 597.616 588.012 524.029 487.355 31.3871 36.674 21.8665 63.9827 21.7954 16.4709 455.968
internal_count=2893 2835 2818 2710 2613 2386 2210 167 176 95 227 92 71 2043
is_linear=0
shrinkage=0.04


Tree=137
num_leaves=15
num_cat=0
split_feature=172 169 204 36 185 176 176 169 214 313 109 111 32 239
split_gain=6.8619 5.77368 5.93779 6.41976 7.40573 7.80158 9.80595 9.37388 8.63728 12.1146 10.4835 7.91391 8.87747 10.4719
threshold=0.0035500000230968003 0.11625000089406969 0.014250000007450582 0.010999999940395357 0.0010500000207684936 0.0093499999493360537 0.018450000323355201 0.0011500000255182388 0.010449999943375589 1.0000000180025095e-35 1.0000000180025095e-35 0.011599999852478506 0.0023500000825151805 0.0060499999672174462
decision_type=2 2 2 2 2 2 2 2 2 2 2 2 2 2
left_child=1 2 3 4 5 8 -7 -8 10 -10 -1 12 -12 -14
right_child=-2 -3 -4 -5 -6 6 7 -9 9 -11 11 -13 13 -15
leaf_value=0.0012986759647730865 0.031617274245068765 -0.052538447517509017 0.028234298456892067 -0.032982546782266378 0.012957917776973861 -0.044432206471542834 0.01391678636039103 -0.044392812171013506 -0.010730388903008576 0.029127682968164814 -0.021095826297150264 0.040904319275860086 -0.022294839169316627 0.050122664985075394
leaf_weight=338.452985400334 10.963800819590686 3.249504577368497 11.689929541200398 9.4390617888420802 63.763404148630798 14.693205650895832 15.83656305074692 5.9903076477348796 18.609375143423676 34.468869728036225 79.091809564270079 3.9357447363436213 6.0520391687750799 6.466809943318367
leaf_count=1489 58 17 108 97 227 81 61 34 101 169 373 17 46 15
internal_value=0.000395023 -0.000163091 0.000118623 -0.000430035 9.18098e-05 -0.00146955 -0.0192756 -0.00203313 -0.000122598 0.0150842 -0.00199466 -0.0136916 -0.0161228 0.0148973
internal_weight=622.703 611.74 608.49 596.8 587.361 523.598 36.5201 21.8269 487.078 53.0782 433.999 95.5464 91.6107 12.5188
internal_count=2893 2835 2818 2710 2613 2386 176 95 2210 270 1940 451 434 61
is_linear=0
shrinkage=0.04


Tree=138
num_leaves=15
num_cat=0
split_feature=172 22 296 254 244 250 167 155 214 244 263 202 250 253
split_gain=6.38503 5.84047 6.42913 5.46454 12.8605 12.4384 8.66677 7.48517 7.08466 6.79275 9.31079 11.3463 12.0325 14.7183
threshold=0.0035500000230968003 0.0011500000255182388 0.0010500000207684936 0.059149999171495445 0.0042499999981373557 0.0012500000302679839 0.0030000001424923543 0.0010500000207684936 0.06515000015497209 0.0036499999696388845 0.0050500000361353168 0.0014499999815598132 0.0024500000290572648 0.020600000396370891
decision_type=2 2 2 2 2 2 2 2 2 2 2 2 2 2
left_child=1 2 3 8 -5 7 -7 -6 9 -1 11 12 13 -11
right_child=-2 -3 -4 4 5 6 -8 -9 -10 10 -12 -13 -14 -15
leaf_value=0.0027334246454764062 0.030626265043723819 -0.039247135576036284 0.037125146400890249 -0.041269452239019976 0.050934741524596421 -0.028278410147085202 0.04668894007374752 -0.0095906372935068325 0.023851526457240854 -0.037641274408194841 -0.0017195102177767604 0.0192847551463762 0.0073746895248222753 0.046523907398233526
leaf_weight=249.72212923876941 10.870978407561777 5.9562019342556587 7.3637768169865003 5.6806343533098689 18.857529593631629 9.3837175518274289 3.214817449450492 3.78692309744656 17.273361397907138 52.045271474868059 207.23465200513601 11.283152878284453 15.446549914777277 3.4259506762027732
leaf_count=1112 58 38 74 45 74 56 26 25 77 254 954 44 51 5
internal_value=0.00037944 -0.000157378 0.00022745 -0.000226842 0.0138539 0.0229437 -0.00861667 0.0406393 -0.00127192 -0.00208851 -0.00626215 -0.0176499 -0.0236015 -0.0322968
internal_weight=621.546 610.675 604.718 597.355 40.9236 35.243 12.5985 22.6445 556.431 539.158 289.436 82.2009 70.9178 55.4712
internal_count=2893 2835 2797 2723 226 181 82 99 2497 2420 1308 354 310 259
is_linear=0
shrinkage=0.04


Tree=139
num_leaves=15
num_cat=0
split_feature=172 169 204 217 216 102 312 179 159 223 175 120 176 108
split_gain=5.93987 5.38553 5.49139 6.32669 5.94949 5.51546 11.9205 9.34516 9.0646 10.9255 9.04461 8.65896 14.6909 11.6802
threshold=0.0035500000230968003 0.11625000089406969 0.014250000007450582 0.0087999999523162859 0.012700000312179329 0.0077499998733401307 0.0011500000255182388 0.010249999817460777 0.038850000128149993 0.0037000000011175875 0.0065500000491738328 0.0022500000195577745 0.011450000107288362 0.002549999975599349
decision_type=2 2 2 2 2 2 2 2 2 2 2 2 2 2
left_child=1 2 3 5 -4 6 11 8 9 -7 -10 12 13 -1
right_child=-2 -3 4 -5 -6 7 -8 -9 10 -11 -12 -13 -14 -15
leaf_value=-0.00086132544055973737 0.029660689018195248 -0.050939383291700113 0.055180273033955035 -0.048407569934923698 -0.001340162245058495 -0.045475473359726466 0.027323441987266581 0.019349608578293577 -0.013280209097737188 0.05379957266099096 0.01906983784422495 0.017025150280254822 -0.037416480979242689 0.052154982161547167
leaf_weight=374.82225424051285 10.780991532839833 3.2227584011852732 5.8792908033356053 4.2610906343907109 5.6634980160742998 18.619208272546533 27.663461240939796 17.237248966470361 64.219991832971573 1.8397434726357449 17.442825693637133 44.4610416572541 17.385937850922346 6.6687322221696368
leaf_count=1471 58 17 77 31 31 100 177 75 429 12 77 230 79 29
internal_value=0.000365299 -0.0001512 0.000120583 -0.000405416 0.0273315 -4.40336e-05 0.00189573 -0.00772719 -0.0123511 -0.0361355 -0.00630658 0.000294267 -0.00156442 6.83796e-05
internal_weight=620.168 609.387 606.164 594.622 11.5428 590.36 471.001 119.359 102.122 20.459 81.6628 443.338 398.877 381.491
internal_count=2893 2835 2818 2710 108 2679 1986 693 618 112 506 1809 1579 1500
is_linear=0
shrinkage=0.04


Tree=140
num_leaves=15
num_cat=0
split_feature=214 313 291 176 213 185 185 168 231 279 176 26 303 113
split_gain=6.36942 8.43281 7.9419 11.8312 6.84359 7.76721 11.1557 10.4726 9.68032 12.3061 7.68093 6.98341 7.64352 6.72787
threshold=0.0085500003769993799 0.088550001382827773 0.0023500000825151805 0.054800000041723258 0.0059500001370906839 0.0040500001050531873 0.0010500000207684936 0.002650000038556755 0.0010500000207684936 0.0056499999482184657 0.023750000633299354 0.0017499999958090486 0.002650000038556755 0.0011500000255182388
decision_type=2 2 2 2 2 2 2 2 2 2 2 2 2 2
left_child=1 2 3 4 5 6 7 13 9 -8 -7 12 -6 -1
right_child=-2 -3 -4 -5 11 10 8 -9 -10 -11 -12 -13 -14 -15
leaf_value=-0.00069311022379925651 0.0075502255134754495 -0.05230172013072365 0.026896399731341083 -0.064357546134824861 -0.053218743155282744 -0.043106899593578787 0.0454560330090093 0.14525607005883759 -0.037321270281617691 -0.051689651617986353 0.043291473217798027 0.069288345042614441 0.017007151299739398 -0.018225415545381294
leaf_weight=390.05032983981073 124.65699269715697 5.2966012861579648 14.652180184610186 4.8616836480796328 10.452660776674742 11.725026323460041 19.514468282461173 0.67046824097633262 3.2707785032689562 2.2138106357306233 1.7851696759462345 0.9530690014362343 3.0866702338680634 38.447203522548079
leaf_count=1612 628 41 88 19 52 53 48 2 14 15 7 2 32 290
internal_value=-0.000538614 -0.00253649 -0.0019928 -0.00287548 -0.00223405 -0.00138308 -0.000481758 -0.00200584 0.025427 0.0351835 -0.0311626 -0.0292233 -0.0369082 -0.00227943
internal_weight=631.637 506.98 501.684 487.031 482.17 467.677 454.167 429.168 24.9991 21.7283 13.5102 14.4924 13.5393 428.498
internal_count=2903 2275 2234 2146 2127 2041 1981 1904 77 63 60 86 84 1902
is_linear=0
shrinkage=0.04


Tree=141
num_leaves=15
num_cat=0
split_feature=253 22 25 1 176 167 150 253 277 105 64 155 150 111
split_gain=6.08666 7.50702 8.29224 8.10353 10.163 9.6657 11.325 8.56746 8.07797 7.23128 7.1167 7.09231 6.82872 7.29017
threshold=0.029749999754130844 0.0011500000255182388 0.0046500000171363362 0.0018500000005587938 0.0093499999493360537 1.0000000180025095e-35 0.0042499999981373557 0.0038499999791383748 0.049100000411272056 0.0060499999672174462 0.0076500000432133683 0.1933500021696091 0.16470000147819522 0.0073500000871717939
decision_type=2 2 2 2 2 2 2 2 2 2 2 2 2 2
left_child=1 2 3 4 5 12 9 -5 10 -7 -6 -8 13 -1
right_child=-2 -3 -4 7 8 6 11 -9 -10 -11 -12 -13 -14 -15
leaf_value=-0.003349802070252646 0.023761105339142507 -0.04641548134178608 0.011016041526173052 0.053752047592978053 -0.034055380363605142 0.036313777840601053 -0.051367439852946215 -0.040794433078552059 0.0041312384965882416 -0.033480951057507952 0.070963891959214584 0.062657019327122573 -0.051165933372842698 0.029264532387764261
leaf_weight=417.97091126348823 15.984541635029016 5.7119746915996066 82.954414779320359 7.356888594105838 34.017028017900884 25.339861084707085 4.8006781488656989 1.8027429785579441 14.758609490469096 2.4823866188526145 0.9500240683555593 0.94462066888809193 4.5716782677918664 11.142036460340021
leaf_count=1772 103 36 430 31 160 157 26 15 69 12 3 2 40 47
internal_value=-0.000518055 -0.00115957 -0.000721047 -0.00258094 -0.00325171 -0.00141097 0.0192195 0.0344724 -0.0204306 0.0298456 -0.0308938 -0.0311845 -0.00302107 -0.00248702
internal_weight=630.788 614.804 609.092 526.137 516.978 467.252 33.5675 9.15963 49.7257 27.8222 34.9671 5.7453 433.685 429.113
internal_count=2903 2800 2764 2334 2288 2056 197 46 232 169 163 28 1859 1819
is_linear=0
shrinkage=0.04


Tree=142
num_leaves=15
num_cat=0
split_feature=184 214 313 263 250 176 244 69 68 159 176 168 275 204
split_gain=5.90279 5.7625 9.35673 9.01127 12.7989 10.4666 9.99841 9.20543 7.74348 7.50029 6.89289 6.94462 6.52947 6.29268
threshold=0.0010500000207684936 0.0085500003769993799 0.088550001382827773 0.0036499999696388845 0.0020500000100582842 0.0093499999493360537 0.0095500000752508658 0.0029000000795349483 0.0017499999958090486 0.05569999851286412 0.054800000041723258 0.002549999975599349 0.03354999981820584 0.01905000023543835
decision_type=2 2 2 2 2 2 2 2 2 2 2 2 2 2
left_child=1 2 10 4 -3 7 -7 9 12 -5 11 13 -8 -1
right_child=-2 3 -4 5 -6 6 8 -9 -10 -11 -12 -13 -14 -15
leaf_value=-0.0026782783285131391 0.041689460300183043 -0.048653046820543056 -0.057365463840631133 0.028165936503983319 0.044827600845461682 0.036606781589584844 -0.042890985590202754 -0.057976377787546704 0.033643184993814579 -0.012901314801955999 -0.044571663500104323 0.048978870750771855 -0.0053577210971042597 0.036366626230136076
leaf_weight=479.65526621136814 5.1585705522447816 9.2983673401176912 4.8786682914942494 57.49731782078743 2.9936910569667807 7.5472835823893538 12.773241842165591 2.1988898105919352 4.6415861118584862 7.9170757587999097 5.9789932891726485 4.1855284869670859 18.251307280734181 6.5852652173489323
leaf_count=2104 107 49 31 261 7 33 63 14 19 47 25 18 91 34
internal_value=-0.000497464 -0.000859021 -0.00276924 0.006882 -0.0253853 0.0105166 -0.00477918 0.0203442 -0.0137265 0.0231224 -0.00221317 -0.00167962 -0.0210274 -0.00213389
internal_weight=629.561 624.402 501.284 123.119 12.2921 110.827 43.2134 67.6133 35.6661 65.4144 496.405 490.426 31.0245 486.241
internal_count=2903 2796 2212 584 56 528 206 322 173 308 2181 2156 154 2138
is_linear=0
shrinkage=0.04


Tree=143
num_leaves=15
num_cat=0
split_feature=184 25 224 90 222 278 286 308 239 125 127 300 90 188
split_gain=5.64599 5.70906 7.18339 9.3493 8.47094 8.01419 7.36903 6.94403 9.05373 6.84687 7.92902 6.79696 6.74801 11.3589
threshold=0.0010500000207684936 0.0046500000171363362 0.0079499999992549437 0.032949998974800117 0.0031500000040978198 0.0041499999351799497 0.0012500000302679839 1.0000000180025095e-35 0.0022500000195577745 0.0020500000100582842 0.051400000229477889 0.36904999613761907 0.003249999950639904 0.0017499999958090486
decision_type=2 2 2 2 2 2 2 2 2 2 2 2 2 2
left_child=1 2 4 6 5 9 -4 8 -3 10 -1 -11 -10 -14
right_child=-2 7 3 -5 -6 -7 -8 -9 12 11 -12 -13 13 -15
leaf_value=-0.0034966312523309847 0.041519689021199485 -0.0097539822436092435 -0.060203284573418267 0.032004325538273842 0.035197463066368659 0.020590644863928028 -0.0017485220456852765 -0.024407951306686146 0.032208299388659128 0.046626029933064167 -0.054202998013676104 -0.034439818888762429 -0.043330123068627102 0.019279320673845336
leaf_weight=466.85474601015449 4.9765599509701124 21.672233115881681 9.9841026272624749 3.4120721966028205 9.7554681096225959 23.331607134081423 5.4731702907010904 9.0665081199258548 33.371668191626668 7.7532079825177771 4.9003544338047496 1.9602959491312502 5.8983059003949192 20.138813698664308
leaf_count=1952 107 143 43 10 45 152 36 67 132 38 39 14 25 100
internal_value=-0.000478249 -0.00082644 -0.00240603 -0.0265923 -0.00150632 -0.00223039 -0.0399068 0.00846834 0.0122194 -0.00334863 -0.0040432 0.0296742 0.0203054 0.00483157
internal_weight=628.549 623.573 533.425 18.8693 514.556 504.8 15.4573 90.1475 81.081 481.469 471.755 9.7135 59.4088 26.0371
internal_count=2903 2796 2329 89 2240 2195 79 467 400 2043 1991 52 257 125
is_linear=0
shrinkage=0.04


Tree=144
num_leaves=15
num_cat=0
split_feature=253 275 214 109 263 176 244 253 36 70 24 90 222 222
split_gain=5.41603 5.75007 8.50829 9.1254 7.86598 8.42146 7.61196 7.12195 8.40158 6.8271 6.64878 8.40179 7.52312 9.58835
threshold=0.029749999754130844 0.14410000294446948 0.0086500002071261423 0.0014499999815598132 0.0036499999696388845 0.0093499999493360537 0.0095500000752508658 0.0024500000290572648 0.0027499999850988392 0.0012500000302679839 0.0041499999351799497 0.0011500000255182388 0.0087500000372529047 0.0015499999863095584
decision_type=2 2 2 2 2 2 2 2 2 2 2 2 2 2
left_child=1 2 3 -1 -4 9 -7 -8 -9 -6 11 -5 13 -13
right_child=-2 -3 4 10 5 6 7 8 -10 -11 -12 12 -14 -15
leaf_value=-0.00067512835149176624 0.02266211992139601 -0.034317686884203925 -0.021619544886068601 -0.030941647488553745 0.024675902775002406 0.034624888026458141 -0.021919377259878751 0.051066324698428041 -0.056155681633228371 -0.041465697960387737 0.054408127105186582 0.0039957698807630707 0.048724160203227625 -0.054045087816362365
leaf_weight=425.37838861625642 15.685091083869336 8.1122354203835112 11.502867098897694 37.926574565470219 60.282070181332529 7.04979433864355 22.69309321790934 4.8504204191267482 1.4100198224186895 2.4729551505297414 1.9307869859039772 17.962752768769867 3.9068071395158759 5.9505900852382174
leaf_count=1847 103 42 53 210 307 31 109 31 9 16 7 102 10 26
internal_value=-0.000460243 -0.00106355 -0.000604175 -0.00285704 0.00942721 0.013102 -0.00221714 -0.0114136 0.0257849 0.021944 -0.0164909 -0.0187133 -0.00184819 -0.0104454
internal_weight=627.114 611.429 603.317 493.056 110.261 98.7584 36.0033 28.9535 6.26044 62.755 67.6775 65.7467 27.8201 23.9133
internal_count=2903 2800 2758 2202 556 503 180 149 40 323 355 348 138 128
is_linear=0
shrinkage=0.04


Tree=145
num_leaves=15
num_cat=0
split_feature=180 179 235 249 32 32 201 43 201 211 182 244 201 229
split_gain=6.83604 6.90402 11.4406 9.95323 7.83982 8.07353 9.82512 9.31989 12.1871 9.01183 8.92351 7.51254 12.634 10.4264
threshold=0.0030500000575557355 1.0000000180025095e-35 0.0010500000207684936 0.0012500000302679839 1.0000000180025095e-35 0.0010500000207684936 0.034549999982118614 0.0015499999863095584 0.0015499999863095584 0.015399999916553499 1.0000000180025095e-35 0.0014499999815598132 0.0049499999731779107 1.0000000180025095e-35
decision_type=2 2 2 2 2 2 2 2 2 2 2 2 2 2
left_child=1 2 3 11 -3 -6 7 9 -9 10 -7 12 -1 -13
right_child=-2 4 -4 -5 5 6 -8 8 -10 -11 -12 13 -14 -15
leaf_value=0.0022008218418221068 0.035416378867647355 -0.0057474420678744831 0.052055638142600051 -0.062676725228810043 0.075100036301228301 -0.03784768945688527 0.0349336383543353 0.11704551106184091 -0.047191988652335953 0.029261920852868412 0.0079692841752660188 0.018106049889241721 -0.042647467091373507 -0.014751149832412829
leaf_weight=67.315729642286897 8.3788995277136546 365.99167394079268 8.013017079792915 3.462542798370122 2.8307334631681433 17.291188895702366 14.255403831601141 2.0335919260978694 0.9839206039905547 7.3715720865875474 10.916282434016464 82.792942891828716 11.687699407339094 18.778722675517201
leaf_count=293 70 1742 42 19 9 111 47 5 6 29 41 323 73 94
internal_value=-0.000244865 -0.000743938 0.00553251 0.00345799 -0.00361265 0.0103324 0.00665263 -0.00375271 0.0624135 -0.00963568 -0.0200097 0.00478226 -0.00442895 0.0119835
internal_weight=622.104 613.725 192.051 184.038 421.674 55.6827 52.852 38.5966 3.01751 35.579 28.2075 180.575 79.0034 101.572
internal_count=2904 2834 844 802 1990 248 239 192 11 181 152 783 366 417
is_linear=0
shrinkage=0.04


Tree=146
num_leaves=15
num_cat=0
split_feature=257 134 227 179 201 114 244 180 155 244 185 144 225 303
split_gain=6.6182 9.38101 8.0097 7.68639 9.00662 8.31565 7.3393 7.24395 6.55746 6.87294 6.40554 6.26596 6.38044 6.85911
threshold=0.009000000078231098 0.0011500000255182388 0.018450000323355201 0.0032500000670552258 0.015150000341236593 0.0019500000635161998 0.0015499999863095584 0.0030500000575557355 0.023850000463426117 0.10009999945759775 0.0057500000111758718 0.0014499999815598132 0.15340000391006473 0.0024500000290572648
decision_type=2 2 2 2 2 2 2 2 2 2 2 2 2 2
left_child=1 2 3 5 6 -1 -5 8 9 10 -8 12 13 -3
right_child=-2 11 -4 4 -6 -7 7 -9 -10 -11 -12 -13 -14 -15
leaf_value=0.0027331948444237432 0.023375628318745508 -0.025269679676824974 0.052441376942345033 0.023566857233662506 0.009456497117788688 -0.045989355616811792 -0.047050877472758275 0.039952938854574419 0.048202168607260773 0.053035863852239844 0.070383496571024329 0.01884821668299352 0.025788148102766445 0.022471161768784706
leaf_weight=460.9040291570127 18.320360817015171 58.688297418877482 4.6883524581789962 4.2640008218586436 17.927870627492666 5.5665465388447037 27.927286507561814 2.0081778606399885 1.2868142575025547 1.0990277230739582 0.65129241347312827 8.0924724005162698 4.7866276986896983 5.0795089062303296
leaf_count=2027 133 316 24 19 82 70 136 13 5 3 2 34 21 19
internal_value=-0.000234103 -0.00096184 0.000935908 0.000455358 -0.0136405 0.00213347 -0.0248635 -0.0312997 -0.0361633 -0.0401053 -0.043999 -0.0140298 -0.0179909 -0.021375
internal_weight=621.291 602.97 526.323 521.635 55.1645 466.471 37.2366 32.9726 30.9644 29.6776 28.5786 76.6469 68.5544 63.7678
internal_count=2904 2771 2381 2357 260 2097 178 159 146 141 138 390 356 335
is_linear=0
shrinkage=0.04


Tree=147
num_leaves=15
num_cat=0
split_feature=180 67 99 167 134 287 62 159 172 227 279 287 250 150
split_gain=6.20883 6.45577 6.8337 6.36404 6.66493 10.7571 9.36375 8.93131 7.41833 6.14841 5.88161 5.59956 9.32846 6.74539
threshold=0.0030500000575557355 1.0000000180025095e-35 0.0056999998632818469 0.020999999716877941 0.0011500000255182388 0.024950000457465652 0.017899999395012859 0.47249999642372137 0.0098999999463558214 0.01690000016242266 0.012850000057369472 0.028899999335408214 0.0064499999862164268 0.011649999767541887
decision_type=2 2 2 2 2 2 2 2 2 2 2 2 2 2
left_child=1 3 -3 4 9 6 8 -7 10 11 -6 -1 -13 -14
right_child=-2 2 -4 -5 5 7 -8 -9 -10 -11 -12 12 13 -15
leaf_value=0.002452165133577384 0.034469745611834378 -0.031611160167114676 0.0091906318808857128 0.03623700706604626 -0.033621506517799105 0.025263026978167746 0.036172344375793156 -0.051846665776689678 0.042618710445527723 0.053466639772918205 0.046426628924060388 -0.018415696396352998 0.041053111035924357 -0.041006307550034232
leaf_weight=446.81534625310451 8.041508140973745 20.637171059846882 9.3647785279899818 7.6539992010220876 41.570632042363286 15.952416034415366 3.9435124211013308 2.7054030932486048 2.1894962042570105 3.4959965832531443 1.3968818634748448 46.500963385216892 7.797289905138312 1.8791697006672619
leaf_count=1933 70 107 37 71 237 58 18 19 6 17 5 257 58 11
internal_value=-0.000221755 -0.000689758 -0.0187542 0.000237808 -0.000241277 -0.0120194 -0.0218635 0.013652 -0.0270888 0.00132857 -0.0308245 0.00094768 -0.0109305 0.0244516
internal_weight=619.945 611.903 30.0019 581.901 574.247 67.7583 49.1005 18.6578 45.157 506.489 42.9675 502.993 56.1774 9.67646
internal_count=2904 2834 144 2690 2619 343 266 77 248 2276 242 2259 326 69
is_linear=0
shrinkage=0.04


Tree=148
num_leaves=15
num_cat=0
split_feature=257 134 227 179 201 224 114 92 120 113 244 225 301 239
split_gain=6.01712 8.25399 7.15929 6.93826 8.43042 8.72455 7.81169 6.3925 6.43158 6.09471 5.95396 5.82679 5.78927 6.24419
threshold=0.009000000078231098 0.0011500000255182388 0.018450000323355201 0.0032500000670552258 0.015150000341236593 0.063050001859664931 0.0019500000635161998 0.0014499999815598132 0.0013499999768100681 0.02809999976307154 0.10009999945759775 0.0024500000290572648 0.0021499999566003685 0.04150000028312207
decision_type=2 2 2 2 2 2 2 2 2 2 2 2 2 2
left_child=1 2 3 6 5 7 9 10 -9 12 11 -5 13 -1
right_child=-2 -3 -4 4 -6 -7 -8 8 -10 -11 -12 -13 -14 -15
leaf_value=0.0025638885666136465 0.022487414063200158 -0.013279220489894931 0.05037691383438668 0.025351927398835718 0.0092153269649938429 0.056116411298549558 -0.045300799288608501 0.051675308965273094 -0.054681539825517884 0.060438432481966189 0.051686838576467428 -0.043411055884871867 0.026837192932537252 -0.01762652993793714
leaf_weight=417.60169501230121 18.025681543163955 75.326079176738858 4.533260963857173 1.9839881435036719 17.909879639744759 1.9276714324951161 5.4105277583003035 2.7720010131597514 1.210363909602165 2.7998619489371768 1.0960650136694301 27.54483537375927 14.688795632682739 25.905478022992611
leaf_count=1708 133 390 24 10 82 8 70 11 10 15 5 134 189 115
internal_value=-0.000210784 -0.000902182 0.000866932 0.000418753 -0.0130705 -0.0240998 0.00200442 -0.028832 0.0178227 0.002578 -0.0350673 -0.038586 0.0022026 0.00137183
internal_weight=618.736 600.711 525.384 520.851 54.4448 36.5349 466.406 34.6073 3.98236 460.996 30.6249 29.5288 458.196 443.507
internal_count=2904 2771 2381 2357 260 178 2097 170 21 2027 149 144 2012 1823
is_linear=0
shrinkage=0.04


Tree=149
num_leaves=15
num_cat=0
split_feature=180 224 224 121 90 287 134 227 188 287 250 155 213 92
split_gain=5.69438 5.81995 7.61399 6.56104 8.09201 8.91065 5.41178 8.06129 8.13351 10.9272 9.15474 8.96103 8.798 8.58847
threshold=0.0030500000575557355 0.0075499999802559623 0.044900000095367439 0.0011500000255182388 0.0031500000040978198 0.0030500000575557355 0.0011500000255182388 0.018450000323355201 0.014849999919533731 0.028899999335408214 0.0066499998793005952 0.011649999767541887 0.0036499999696388845 1.0000000180025095e-35
decision_type=2 2 2 2 2 2 2 2 2 2 2 2 2 2
left_child=1 3 -3 6 5 -5 7 8 9 13 11 12 -11 -1
right_child=-2 2 -4 4 -6 -7 -8 -9 -10 10 -12 -13 -14 -15
leaf_value=0.0020969986730816409 0.033647867630105861 -0.032042932858424404 0.045506611170545101 -0.037296640359908401 -0.0015540688981667066 0.048958341586590778 -0.011170205693572363 0.051927683198733442 0.02414632697546891 -0.049589617912050833 0.026776076649126016 0.043144216439662715 0.0080802561586606567 -0.021358219298759255
leaf_weight=398.99210899788886 7.7469782708212724 16.480235937982801 2.1796609051525584 2.0862078927457359 17.397452874109149 14.119143281131981 72.495357384905219 4.7346764700487247 21.258204936981201 21.334769411012537 4.8734491392970076 2.2243150547146788 5.099656267091631 26.535367529839277
leaf_count=1630 70 97 8 13 93 52 374 22 183 108 23 8 26 197
internal_value=-0.000200249 -0.000642257 -0.0225769 4.70532e-05 0.0171919 0.0374483 -0.000981973 0.000534492 8.86008e-06 -0.00110521 -0.0230576 -0.0317346 -0.0383248 0.000620288
internal_weight=617.558 609.811 18.6599 591.151 33.6028 16.2054 557.548 485.053 480.318 459.06 33.5322 28.6587 26.4344 425.527
internal_count=2904 2834 105 2729 158 65 2571 2197 2175 1992 165 142 134 1827
is_linear=0
shrinkage=0.04


end of trees

feature_importances:
Column_250=103
Column_301=80
Column_225=67
Column_263=54
Column_253=49
Column_50=47
Column_105=44
Column_127=44
Column_300=41
Column_239=40
Column_244=40
Column_275=39
Column_278=39
Column_150=36
Column_179=36
Column_287=35
Column_109=34
Column_155=33
Column_185=32
Column_159=30
Column_202=30
Column_102=29
Column_201=29
Column_231=29
Column_254=29
Column_25=26
Column_176=26
Column_180=26
Column_211=24
Column_188=23
Column_277=23
Column_167=22
Column_124=21
Column_279=21
Column_47=20
Column_53=20
Column_113=20
Column_214=20
Column_218=20
Column_245=20
Column_90=19
Column_134=19
Column_222=19
Column_224=19
Column_257=19
Column_312=17
Column_36=16
Column_216=16
Column_296=16
Column_125=14
Column_169=14
Column_204=14
Column_252=14
Column_120=13
Column_220=13
Column_303=13
Column_111=12
Column_184=12
Column_223=12
Column_227=12
Column_313=12
Column_6=11
Column_32=11
Column_33=11
Column_123=11
Column_194=11
Column_219=11
Column_2=10
Column_67=10
Column_182=10
Column_59=9
Column_309=9
Column_1=8
Column_39=8
Column_164=8
Column_172=8
Column_229=8
Column_241=8
Column_271=8
Column_288=8
Column_24=7
Column_96=7
Column_137=7
Column_152=7
Column_0=6
Column_93=6
Column_281=6
Column_307=6
Column_22=5
Column_70=5
Column_101=5
Column_178=5
Column_62=4
Column_108=4
Column_112=4
Column_121=4
Column_161=4
Column_213=4
Column_235=4
Column_260=4
Column_286=4
Column_297=4
Column_43=3
Column_75=3
Column_92=3
Column_114=3
Column_116=3
Column_133=3
Column_135=3
Column_166=3
Column_168=3
Column_175=3
Column_205=3
Column_232=3
Column_247=3
Column_256=3
Column_258=3
Column_273=3
Column_290=3
Column_15=2
Column_68=2
Column_94=2
Column_97=2
Column_99=2
Column_136=2
Column_144=2
Column_163=2
Column_210=2
Column_233=2
Column_249=2
Column_276=2
Column_291=2
Column_3=1
Column_4=1
Column_26=1
Column_54=1
Column_64=1
Column_69=1
Column_88=1
Column_104=1
Column_157=1
Column_170=1
Column_174=1
Column_177=1
Column_217=1
Column_237=1
Column_266=1
Column_268=1
Column_308=1

parameters:
[boosting: gbdt]
[objective: binary]
[metric: auc]
[tree_learner: serial]
[device_type: cpu]
[data_sample_strategy: bagging]
[data: ]
[valid: ]
[num_iterations: 150]
[learning_rate: 0.04]
[num_leaves: 15]
[num_threads: 0]
[seed: 0]
[deterministic: 0]
[force_col_wise: 0]
[force_row_wise: 0]
[histogram_pool_size: -1]
[max_depth: -1]
[min_data_in_leaf: 3]
[min_sum_hessian_in_leaf: 0.001]
[bagging_fraction: 0.8]
[pos_bagging_fraction: 1]
[neg_bagging_fraction: 1]
[bagging_freq: 5]
[bagging_seed: 3]
[bagging_by_query: 0]
[feature_fraction: 0.8]
[feature_fraction_bynode: 1]
[feature_fraction_seed: 2]
[extra_trees: 0]
[extra_seed: 6]
[early_stopping_round: 0]
[early_stopping_min_delta: 0]
[first_metric_only: 0]
[max_delta_step: 0]
[lambda_l1: 0.1]
[lambda_l2: 0.1]
[linear_lambda: 0]
[min_gain_to_split: 0]
[drop_rate: 0.1]
[max_drop: 50]
[skip_drop: 0.5]
[xgboost_dart_mode: 0]
[uniform_drop: 0]
[drop_seed: 4]
[top_rate: 0.2]
[other_rate: 0.1]
[min_data_per_group: 100]
[max_cat_threshold: 32]
[cat_l2: 10]
[cat_smooth: 10]
[max_cat_to_onehot: 4]
[top_k: 20]
[monotone_constraints: ]
[monotone_constraints_method: basic]
[monotone_penalty: 0]
[feature_contri: ]
[forcedsplits_filename: ]
[refit_decay_rate: 0.9]
[cegb_tradeoff: 1]
[cegb_penalty_split: 0]
[cegb_penalty_feature_lazy: ]
[cegb_penalty_feature_coupled: ]
[path_smooth: 0]
[interaction_constraints: ]
[verbosity: -1]
[saved_feature_importance_type: 0]
[use_quantized_grad: 0]
[num_grad_quant_bins: 4]
[quant_train_renew_leaf: 0]
[stochastic_rounding: 1]
[linear_tree: 0]
[max_bin: 255]
[max_bin_by_feature: ]
[min_data_in_bin: 3]
[bin_construct_sample_cnt: 200000]
[data_random_seed: 1]
[is_enable_sparse: 1]
[enable_bundle: 1]
[use_missing: 1]
[zero_as_missing: 0]
[feature_pre_filter: 1]
[pre_partition: 0]
[two_round: 0]
[header: 0]
[label_column: ]
[weight_column: ]
[group_column: ]
[ignore_column: ]
[categorical_feature: ]
[forcedbins_filename: ]
[precise_float_parser: 0]
[parser_config_file: ]
[objective_seed: 5]
[num_class: 1]
[is_unbalance: 1]
[scale_pos_weight: 1]
[sigmoid: 1]
[boost_from_average: 1]
[reg_sqrt: 0]
[alpha: 0.9]
[fair_c: 1]
[poisson_max_delta_step: 0.7]
[tweedie_variance_power: 1.5]
[lambdarank_truncation_level: 30]
[lambdarank_norm: 1]
[label_gain: ]
[lambdarank_position_bias_regularization: 0]
[eval_at: ]
[multi_error_top_k: 1]
[auc_mu_weights: ]
[num_machines: 1]
[local_listen_port: 12400]
[time_out: 120]
[machine_list_filename: ]
[machines: ]
[gpu_platform_id: -1]
[gpu_device_id: -1]
[gpu_use_dp: 0]
[num_gpu: 1]

end of parameters

pandas_categorical:null
