tree
version=v4
num_class=1
num_tree_per_iteration=1
label_index=0
max_feature_idx=49
objective=binary sigmoid:1
feature_names=Column_0 Column_1 Column_2 Column_3 Column_4 Column_5 Column_6 Column_7 Column_8 Column_9 Column_10 Column_11 Column_12 Column_13 Column_14 Column_15 Column_16 Column_17 Column_18 Column_19 Column_20 Column_21 Column_22 Column_23 Column_24 Column_25 Column_26 Column_27 Column_28 Column_29 Column_30 Column_31 Column_32 Column_33 Column_34 Column_35 Column_36 Column_37 Column_38 Column_39 Column_40 Column_41 Column_42 Column_43 Column_44 Column_45 Column_46 Column_47 Column_48 Column_49
feature_infos=[0:0.44279998540878296] [0:0.97310000658035278] [0:0.86529999971389771] [0:0.75209999084472656] [0:0.88650000095367432] [0:0.85600000619888306] [0:0.7150999903678894] [0:0.19979999959468842] [0:0.99260002374649048] [0:0.9562000036239624] [0:0.95590001344680786] [0:1] [0:0.97020000219345093] [0:0.99730002880096436] [0:0.97439998388290405] [0:0.95279997587203979] [0:0.99540001153945923] [0:0.982200026512146] [0:0.92820000648498535] [0:0.61879998445510864] [0:0.98756301403045654] [0:0.53600001335144043] [0:0.93279999494552612] [0:0.54579997062683105] [0:0.99029999971389771] [0:0.81169998645782471] [0:0.59439998865127563] [0:0.5228000283241272] [0:0.99999994039535522] [0:0.94609999656677246] [0:0.37349998950958252] [0:0.93730002641677856] [0:0.10080000013113022] [0:0.4828999936580658] [0:0.9836999773979187] [0:0.79079997539520264] [0:0.030300000682473183] [0:1] [0:0.64529997110366821] [0:0.58550000190734863] [0:0.85519999265670776] [0:0.59460002183914185] [0:1] [0:0.95779997110366821] [0:0.97119998931884766] [0:0.68010002374649048] [0:0.75919997692108154] [0:0.40380001068115234] [0:0.92089998722076416] [0:0.97850000858306885]
tree_sizes=1716 1738 1726 1735 1723 1735 1748 1741 1735 1737 1739 1740 1750 1753 1742 1738 1745 1754 1740 1741 1737 1750 1743 1747 1737 1751 1748 1750 1749 1756 1750 1745 1745 1756 1745 1763 1744 1761 1755 1752 1754 1744 1757 1748 1755 1758 1758 1760 1757 1757 1763 1761 1757 1758 1756 1767 1756 1765 1764 1762 1759 1752 1763 1759 1755 1742 1752 1746 1757 1753 1744 1764 1770 1751 1753 1766 1769 1751 1754 1753 1763 1745 1760 1750 1768 1769 1764 1763 1756 1779 1757 1750 1743 1738 1741 1772 1762 1754 1756 1759 1764 1760 1764 1754 1751 1749 1753 1757 1747 1752 1749 1757 1758 1755 1758 1762 1753 1760 1751 1761 1763 1765 1771 1769 1764 1756 1760 1754 1751 1763 1744 1756 1749 1770 1754 1754 1748 1763 1758 1759 1747 1735 1738 1751 1750 1761 1749 1757 1758 1761

Tree=0
num_leaves=15
num_cat=0
split_feature=0 0 1 6 3 1 30 4 29 4 25 13 18 25
split_gain=1402.99 201.135 176.577 200.41 130.998 130.498 119.557 119.235 123.739 115.677 109.795 107.497 75.2106 72.3257
threshold=1.0000000180025095e-35 0.0022500000195577745 0.0024500000290572648 1.0000000180025095e-35 0.0029499999945983295 0.088550001382827773 0.0010500000207684936 0.0019500000635161998 0.01415000017732382 0.0083499997854232805 0.0084500000812113302 0.0031500000040978198 0.058900000527501113 0.0011500000255182388
decision_type=2 2 2 2 2 2 2 2 2 2 2 2 2 2
left_child=2 7 -1 4 5 11 12 -2 -9 -8 -6 -4 -5 -13
right_child=1 -3 3 6 10 -7 9 8 -10 -11 -12 13 -14 -15
leaf_value=-1.0510469572788759 -0.90496088343241321 -0.87152899350799284 -0.92368769893896829 -1.0372026298773274 -0.91204777507105894 -0.91305929619099013 -0.9041391891609456 -1.0357200754751854 -0.92055212775306638 -1.0146970548313543 -1.0083372330558582 -0.98381526748465187 -0.91268889067859105 -1.0325131853495313
leaf_weight=136.17648306488991 68.731068670749664 141.21850723028183 23.465133160352707 278.97643512487411 66.858261913061142 27.859586298465729 23.995340064167976 32.095546528697014 27.688123404979706 40.955632328987122 26.57487852871418 78.949255555868149 7.8762292116880408 127.36669538915157
leaf_count=573 159 304 56 731 173 71 64 56 87 104 54 169 25 304
internal_value=-0.983862 -0.904521 -1.00938 -1.0013 -0.979922 -0.994673 -1.02263 -0.94089 -0.982378 -0.973683 -0.939355 -1.00463 -1.03374 -1.01389
internal_weight=1108.79 269.733 839.054 702.877 351.074 257.641 351.804 128.515 59.7837 64.951 93.4331 229.781 286.853 206.316
internal_count=2930 606 2324 1751 827 600 924 302 143 168 227 529 756 473
is_linear=0
shrinkage=1


Tree=1
num_leaves=15
num_cat=0
split_feature=0 1 6 0 3 1 30 19 13 8 25 1 35 25
split_gain=1207.18 163.882 180.959 159.679 113.476 113.037 109.284 102.395 94.3949 94.0783 92.8286 69.2945 68.023 66.1407
threshold=1.0000000180025095e-35 0.0024500000290572648 1.0000000180025095e-35 0.0022500000195577745 0.0029499999945983295 0.088550001382827773 0.0010500000207684936 1.0000000180025095e-35 0.0031500000040978198 0.014650000259280207 0.0084500000812113302 0.035949999466538436 0.0069500000681728133 0.0011500000255182388
decision_type=2 2 2 2 2 2 2 2 2 2 2 2 2 2
left_child=1 -1 4 7 5 8 -4 11 -3 -8 -6 -2 -11 -10
right_child=3 2 6 -5 10 -7 9 -9 13 12 -12 -13 -14 -15
leaf_value=-0.03461078751190285 0.048527807879807094 0.084623224877497863 -0.017556973651817402 0.12966062869096853 0.094832401923301474 0.093964700187006645 0.106704764014096 0.0075071444705627098 0.030069732619091055 -0.020466833295899045 0.0069578601112695671 0.11667223693206216 0.099608938466465735 -0.016361084475482228
leaf_weight=133.90287053585052 40.489495247602463 24.456192076206207 284.39264297485352 150.44982093572617 70.031050503253937 29.169072270393372 22.066740781068802 32.571018651127815 80.117464572191238 34.581165671348572 26.665240719914436 59.838373199105263 9.5439252704381925 126.3555199354887
leaf_count=573 107 56 756 304 173 71 56 64 169 84 54 131 28 304
internal_value=0.030002 0.00594226 0.0136282 0.101396 0.0336805 0.0198904 -0.00677169 0.0692948 0.01048 0.0394634 0.0706734 0.0892866 0.00558071 0.00164188
internal_weight=1124.63 841.282 707.379 283.349 356.795 260.098 350.584 132.899 230.929 66.1918 96.6963 100.328 44.1251 206.473
internal_count=2930 2324 1751 606 827 600 924 302 529 168 227 238 112 473
is_linear=0
shrinkage=0.04


Tree=2
num_leaves=15
num_cat=0
split_feature=0 1 4 9 0 14 13 15 11 46 6 7 1 18
split_gain=1051.89 152.228 167.421 184.455 131.92 115.418 130.155 102.296 98.1051 74.9941 67.252 71.8368 61.089 68.8772
threshold=1.0000000180025095e-35 0.0024500000290572648 0.0010500000207684936 0.03264999948441983 0.0023500000825151805 0.13475000113248828 0.0031500000040978198 0.023449999280273918 0.86493477225303661 0.043400000780820853 1.0000000180025095e-35 0.002650000038556755 0.071649998426437392 0.0018500000005587938
decision_type=2 2 2 2 2 2 2 2 2 2 2 2 2 2
left_child=1 -1 3 5 7 6 -3 -2 -9 -4 11 12 13 -8
right_child=4 2 9 -5 -6 -7 10 8 -10 -11 -12 -13 -14 -15
leaf_value=-0.033805367754291604 0.087554964635740001 0.077956198846299035 -0.01146162461921753 0.09770631461791672 0.11919605719602216 0.093628166780910599 -0.011180121779178256 -0.03862559069472956 0.084944929002498476 0.12665932163421015 -0.032993167787996283 0.066987203981756477 0.10175988128164383 0.08552504436540817
leaf_weight=131.65769135951996 99.451367437839508 41.23216088116169 310.27870164811611 55.828713536262512 153.37564544379711 30.303907126188278 144.96826985478401 24.470764607191086 17.557203069329262 6.3163906931877127 66.956124350428581 33.145697176456451 9.2793143391609174 12.722736805677412
leaf_count=573 219 86 923 120 297 60 289 41 49 12 131 76 22 32
internal_value=0.0284404 0.00567917 0.0129996 0.0303881 0.0934541 0.0192515 0.0118998 0.0654548 0.0129802 -0.00865422 0.00166134 0.0132869 0.00256911 -0.0033032
internal_weight=1137.54 842.69 711.032 394.437 294.855 338.608 308.304 141.479 42.028 316.595 267.072 200.116 166.97 157.691
internal_count=2930 2324 1751 816 606 696 636 309 90 935 550 419 343 321
is_linear=0
shrinkage=0.04


Tree=3
num_leaves=15
num_cat=0
split_feature=0 1 4 2 6 1 0 23 45 22 10 25 4 29
split_gain=926.313 141.459 152.389 155.694 114.877 116.267 111.607 100.058 84.4667 77.7249 73.0987 68.282 66.9713 106.705
threshold=1.0000000180025095e-35 0.0024500000290572648 0.0083499997854232805 0.013249999843537809 0.002549999975599349 0.039450000971555717 0.0022500000195577745 0.0013499999768100681 0.0038499999791383748 0.002549999975599349 0.0012500000302679839 0.01415000017732382 0.0019500000635161998 0.01415000017732382
decision_type=2 2 2 2 2 2 2 2 2 2 2 2 2 2
left_child=1 -1 3 4 5 7 8 9 12 10 -3 -7 -2 -14
right_child=6 2 -4 -5 -6 11 -8 -9 -10 -11 -12 -13 13 -15
leaf_value=-0.033020149799366405 0.074910978609518078 -0.0040587117299911027 -0.01949116438191156 0.11247698640266823 -0.024540698002229595 0.078053124398497528 0.10922258402611423 -0.03548442937846915 0.11408695880443143 -0.044390442945275978 0.045903860417195429 0.0061209439962921176 -0.043059866817717021 0.069760611306654841
leaf_weight=129.44459372758865 51.406601816415787 65.806215852499008 179.27661195397377 29.388754963874817 84.826763048768044 87.374966561794281 164.33813153207302 54.633965030312538 35.191014990210533 23.79485784471035 161.24117083847523 28.019407168030739 27.907307907938957 25.618854537606239
leaf_count=573 121 164 528 68 196 191 304 132 60 41 382 49 44 77
internal_value=0.0270188 0.00542998 0.0124065 0.0231027 0.0178796 0.0264427 0.0868171 0.0134951 0.0604521 0.0241888 0.03141 0.060642 0.0423352 0.0108934
internal_weight=1148.27 843.807 714.363 535.086 505.697 420.871 304.462 305.476 140.124 250.842 227.047 115.394 104.933 53.5262
internal_count=2930 2324 1751 1223 1155 959 606 719 302 587 546 240 242 121
is_linear=0
shrinkage=0.04


Tree=4
num_leaves=15
num_cat=0
split_feature=0 1 8 1 23 0 3 8 11 44 8 10 11 45
split_gain=823.453 131.494 142.974 123.161 125.07 96.7609 84.4027 75.6799 80.1961 65.8171 61.834 54.2241 52.201 51.6192
threshold=1.0000000180025095e-35 0.0024500000290572648 0.011149999685585501 0.22084999829530719 0.0012500000302679839 0.0023500000825151805 0.0023500000825151805 0.010950000025331976 0.86493477225303661 0.15164999663829806 0.54330000281333934 0.030049999244511131 0.1324296370148659 0.0085500003769993799
decision_type=2 2 2 2 2 2 2 2 2 2 2 2 2 2
left_child=1 -1 3 4 6 7 13 12 -9 -4 -11 -6 -2 -3
right_child=5 2 9 -5 11 -7 -8 8 -10 10 -12 -13 -14 -15
leaf_value=-0.032253700779861436 -0.032319238815845454 0.027222642589599486 -0.017381268640063324 0.10190915417932324 -0.020804695541498316 0.10237540121489273 0.065555857322420141 -0.018280902825840283 0.075239969204623516 0.13246586187937914 -0.051576054025495421 0.068712499650359207 0.089315032497844449 -0.031962049928934928
leaf_weight=127.26669579744339 5.9599509090185157 183.28761084377766 237.29155710339546 30.97238577902317 121.52194598317146 164.39005953073502 92.237704232335091 33.463930130004883 25.916463881731033 9.0394439846277219 4.1899090111255637 11.771805763244627 82.523853644728661 26.91254386305809
leaf_count=573 15 425 685 66 266 297 217 74 67 21 3 35 153 33
internal_value=0.0257223 0.00519231 0.011846 0.0249316 0.0194287 0.0812133 0.0336559 0.0576058 0.0225267 -0.0125159 0.0739277 -0.0128234 0.0810498 0.0196144
internal_weight=1156.75 844.492 717.225 466.704 435.732 312.254 302.438 147.864 59.3804 250.521 13.2294 133.294 88.4838 210.2
internal_count=2930 2324 1751 1042 976 606 675 309 141 709 24 301 168 458
is_linear=0
shrinkage=0.04


Tree=5
num_leaves=15
num_cat=0
split_feature=0 1 4 9 4 14 13 20 0 35 21 5 5 17
split_gain=685.761 123.6 153.418 141.771 115.716 96.928 103.089 75.0549 68.0103 67.5495 64.4053 63.6868 54.0892 49.8463
threshold=0.0010500000207684936 0.0024500000290572648 0.0010500000207684936 0.025850000791251663 0.01415000017732382 0.13475000113248828 0.0037500000325962905 0.0033975100377574567 0.0023500000825151805 0.003249999950639904 0.0053499999921768912 0.0071499999612569818 0.10804999992251398 0.034949999302625663
decision_type=2 2 2 2 2 2 2 2 2 2 2 2 2 2
left_child=1 11 3 5 7 6 -3 -2 -6 12 -11 -1 -4 -5
right_child=4 2 9 13 8 -7 -8 -9 -10 10 -12 -13 -14 -15
leaf_value=-0.037116028908763012 -0.046808427420448599 0.062102814393288228 -0.0238127346707665 0.084749628216519185 -0.011993323864621113 0.082577700112609273 -0.0017872341943573505 0.089525308481776894 0.085429366209564372 -0.0094705532727733764 0.056993003389849514 0.12529943570534771 0.11521723598413004 -0.018586952485234995
leaf_weight=124.47478327155113 6.5429441034793845 47.824575990438461 234.51076279580593 72.477857366204262 34.825535118579865 30.843501478433609 256.93495959043503 239.30945906043053 16.93995013833046 54.926563248038292 40.317324846982956 3.8803224563598624 4.4576876759529105 8.2203862965106946
leaf_count=556 29 99 704 143 74 54 528 409 39 133 120 13 12 15
internal_value=0.0219476 0.00416874 0.0103771 0.0265811 0.0744164 0.0151089 0.00824271 0.0858632 0.0199138 -0.00979691 0.0186522 -0.0320812 -0.0211554 0.0741637
internal_weight=1176.49 878.869 750.514 416.301 297.618 335.603 304.76 245.852 51.7655 334.212 95.2439 128.355 238.968 80.6982
internal_count=2928 2377 1808 839 551 681 627 438 113 969 253 569 716 158
is_linear=0
shrinkage=0.04


Tree=6
num_leaves=15
num_cat=0
split_feature=2 8 3 14 4 1 38 28 6 1 23 42 21 19
split_gain=406.104 145.985 219.261 137.069 130.354 136.093 116.768 90.8104 68.6816 56.328 51.0349 67.371 50.7238 52.0308
threshold=0.011950000189244749 0.011149999685585501 0.0023500000825151805 0.11304999887943269 0.015950000844895843 0.0051500000990927228 0.00095000001601874839 0.43004490435123449 0.0012500000302679839 0.0014499999815598132 1.0000000180025095e-35 0.95717099308967601 0.0050500000361353168 0.024600000120699409
decision_type=2 2 2 2 2 2 2 2 2 2 2 2 2 2
left_child=1 2 3 6 5 -2 9 -6 -4 -1 11 -11 13 -3
right_child=4 12 8 -5 7 -7 -8 -9 -10 10 -12 -13 -14 -15
leaf_value=-0.038579173400367983 -0.05199061552262875 -0.028883955877054075 0.064315315320750355 0.066060925524587977 -0.036307374655234488 0.089246260876418126 0.087172559279332817 0.069576185199888924 0.00019579505509799419 0.030152602989680217 -0.027165758244219362 -0.014461800320066951 0.019846576433576575 0.051117688067238286
leaf_weight=81.233694702386856 11.494147270917891 209.60841412842274 167.32545739412308 50.167982429265976 29.497883468866348 186.60950821638107 21.20657978951931 22.934738710522652 31.956387236714363 115.42459015548229 85.904939562082291 101.72897380590439 52.094335958361626 13.743446052074431
leaf_count=392 64 553 352 89 50 323 50 64 70 254 225 234 157 51
internal_value=0.0209746 0.00879454 0.0190718 0.00375337 0.0661691 0.0810093 -0.0039598 0.00997566 0.0540586 -0.00902058 -0.0010742 0.00923684 -0.015626 -0.0239227
internal_weight=1180.93 930.395 654.949 455.667 250.536 198.104 405.499 52.4326 199.282 384.292 303.059 217.154 275.446 223.352
internal_count=2928 2427 1666 1244 501 387 1155 114 422 1105 713 488 761 604
is_linear=0
shrinkage=0.04


Tree=7
num_leaves=15
num_cat=0
split_feature=2 5 4 4 5 9 28 20 32 49 24 1 38 21
split_gain=367.994 120.277 136.264 116.124 255.271 88.9197 77.9518 69.1203 69.712 62.4513 79.9306 50.2542 49.7985 56.4224
threshold=0.011950000189244749 0.0010500000207684936 0.01415000017732382 0.0010500000207684936 0.0016499999910593035 0.025850000791251663 0.43004490435123449 0.0060988301411271104 0.0024500000290572648 0.012749999761581423 0.0012500000302679839 0.0049499999731779107 0.0065500000491738328 0.0050500000361353168
decision_type=2 2 2 2 2 2 2 2 2 2 2 2 2 2
left_child=3 -2 -3 4 5 -1 -4 9 -9 10 -6 -7 13 -5
right_child=1 2 6 12 7 11 -8 8 -10 -11 -12 -13 -14 -15
leaf_value=-0.011930884661664488 -0.036649059827247303 0.086580761171508383 -0.032315846119382964 -0.020813404870747617 0.09954764660725253 -0.018167517181709555 0.065959756794636087 0.077336996699740715 -0.0044913776082004158 0.089206064378253083 -0.010006868013902737 0.077947398638972071 0.063168727585451737 0.018584632861738701
leaf_weight=280.64039908349514 17.962578177452087 183.59134460985661 27.876801535487175 272.12125679850578 12.623643457889555 12.101336792111395 23.854050502181053 132.32092407345772 18.937940493226051 18.648160398006439 65.276022031903267 30.068107292056084 14.427868768572806 73.774136751890182
leaf_count=804 72 322 42 799 33 32 65 257 28 31 122 49 43 229
internal_value=0.0200651 0.0628059 0.0704269 0.00842664 0.0196538 -0.00377698 0.0129635 0.0501817 0.0670693 0.023641 0.00780003 0.050293 -0.00934241 -0.0123959
internal_weight=1184.22 253.285 235.322 930.94 570.617 322.81 51.7309 247.807 151.259 96.5478 77.8997 42.1694 360.323 345.895
internal_count=2928 501 429 2427 1356 885 107 471 285 186 155 81 1071 1028
is_linear=0
shrinkage=0.04


Tree=8
num_leaves=15
num_cat=0
split_feature=0 15 12 8 5 44 7 14 5 20 14 20 24 30
split_gain=534.821 92.5997 95.5586 91.4444 164.998 109.949 81.4101 80.7955 68.9164 55.5833 51.35 53.1957 50.1879 38.8038
threshold=0.0010500000207684936 0.025150000117719177 0.0011500000255182388 0.013749999925494196 0.0015499999863095584 0.15164999663829806 0.002650000038556755 0.091149996966123595 0.038450000807642944 0.0033975100377574567 0.12339999899268152 0.044195100665092475 1.0000000180025095e-35 0.0023500000825151805
decision_type=2 2 2 2 2 2 2 2 2 2 2 2 2 2
left_child=3 9 -3 4 7 -5 8 -1 10 -2 11 12 -6 -12
right_child=1 2 -4 5 6 -7 -8 -9 -10 -11 13 -13 -14 -15
leaf_value=-0.012656467170467334 -0.044867159548363851 -0.03586487810943411 0.063481507431986037 -0.022348382880063748 0.088990837934593239 0.10930406904179568 0.075958547477808239 0.066569716070905005 0.084658587905150309 0.078880107293767654 0.078553473258125367 0.077673704152304748 -0.0086457432141144493 -0.0011871290854986631
leaf_weight=314.34116768836975 5.8507287651300421 26.735861331224442 36.473614275455475 243.83208507299423 8.872774735093115 10.483622044324873 58.325055658817291 21.928997844457626 25.709958925843239 237.78813992440701 30.420959442853928 14.408371701836584 136.94423681497574 14.208792835474013
leaf_count=976 26 52 68 711 25 23 117 57 56 405 53 37 297 25
internal_value=0.0192183 0.0646784 0.0214073 0.0033472 0.0115772 -0.0168647 0.0337452 -0.00745979 0.023021 0.0758748 0.0152282 0.00461913 -0.00262036 0.0531311
internal_weight=1186.32 306.848 63.2095 879.476 625.16 254.316 288.89 336.27 230.565 243.639 204.855 160.225 145.817 44.6298
internal_count=2928 551 120 2377 1643 734 610 1033 493 431 437 359 322 78
is_linear=0
shrinkage=0.04


Tree=9
num_leaves=15
num_cat=0
split_feature=0 1 8 44 14 23 3 12 15 13 17 5 15 21
split_gain=489.017 106.479 140.382 101.76 80.5239 109.396 87.0485 78.3575 117.957 49.8033 49.1091 48.648 44.8521 40.1722
threshold=0.0011500000255182388 0.0024500000290572648 0.013749999925494196 0.15164999663829806 0.11304999887943269 0.0012500000302679839 0.0023500000825151805 0.0011500000255182388 0.025150000117719177 0.0040500001050531873 0.010850000195205213 0.0071499999612569818 0.0087500000372529047 0.037400001659989364
decision_type=2 2 2 2 2 2 2 2 2 2 2 2 2 2
left_child=1 11 4 -4 5 6 9 8 13 -3 -11 -1 -6 -2
right_child=7 2 3 -5 12 -7 -8 -9 -10 10 -12 -13 -14 -15
leaf_value=-0.035444438445661031 0.067102788396621829 0.050310266690422316 -0.020370550296752245 0.10200490023639075 0.063665135723124114 -0.018497987283902121 0.056137685009303072 0.080689221147922777 -0.037381287268554393 -0.0072580850200601541 0.055494098832117408 0.097048444926331648 -0.044388733602850013 -0.043317399571370159
leaf_weight=119.19766415655613 81.419180601835251 41.967046022415161 243.48747463524342 11.272775396704672 83.400038808584213 118.94428841769695 105.37943048775196 174.47786432504654 25.673877879977226 142.00905179977417 23.108956828713417 4.4959287196397772 6.5213111191987982 5.5249029844999304
leaf_count=559 166 83 689 24 160 285 235 288 50 305 59 13 8 4
internal_value=0.018433 0.00392273 0.0094209 -0.014902 0.0213151 0.0141184 0.0265491 0.0638784 0.0377495 0.0114532 0.00152841 -0.0305219 0.0557438 0.0599984
internal_weight=1186.88 899.784 776.09 254.76 521.33 431.409 312.464 287.096 112.618 207.085 165.118 123.694 89.9213 86.9441
internal_count=2928 2420 1848 713 1135 967 682 508 220 447 364 572 168 170
is_linear=0
shrinkage=0.04


Tree=10
num_leaves=15
num_cat=0
split_feature=0 1 4 9 20 6 14 13 18 46 7 19 26 13
split_gain=495.057 131.687 120.112 110.75 85.9618 62.3029 64.8772 62.558 85.8528 61.8496 53.538 47.5003 46.9178 45.8208
threshold=1.0000000180025095e-35 0.0017499999958090486 0.0010500000207684936 0.025850000791251663 0.0015495850821025672 0.0020500000100582842 0.096599999815225615 0.0031500000040978198 0.0010500000207684936 0.0071499999612569818 0.003249999950639904 1.0000000180025095e-35 0.0012500000302679839 0.13745000213384631
decision_type=2 2 2 2 2 2 2 2 2 2 2 2 2 2
left_child=1 -1 3 5 -2 6 7 -3 10 -4 -9 -6 13 -13
right_child=4 2 9 -5 11 -7 -8 8 -10 -11 -12 12 -14 -15
leaf_value=-0.038990956846924142 -0.056291447060403323 0.058589061182867733 -0.013086787319405416 0.066645257367073066 0.071102310145641626 -0.031883134262024042 0.064538805609583388 -0.014075640683259366 0.068804772375956946 0.054900689744884899 0.059003890503310626 0.082033551930886586 0.069807807763285171 -0.043585262670815084
leaf_weight=99.220573604106903 9.512573376297949 39.421230301260948 298.57953405380249 79.999340161681175 283.91398459672928 40.986011058092117 45.512495219707489 158.91899164021015 27.800348892807961 22.947401911020279 17.72742460668087 6.1426557302475002 21.453058376908302 17.98909018933773
leaf_count=483 47 83 889 154 489 71 82 344 71 53 49 12 52 28
internal_value=0.0208456 0.00422131 0.0100895 0.0244328 0.0615762 0.0141818 0.0207287 0.012513 0.00358485 -0.00820652 -0.00668985 0.0650073 0.0268856 -0.0112378
internal_weight=1170.12 831.113 731.893 410.366 339.011 330.367 289.38 243.868 204.447 321.527 176.646 329.499 45.5848 24.1317
internal_count=2907 2279 1796 854 628 700 629 547 464 942 393 581 92 40
is_linear=0
shrinkage=0.04


Tree=11
num_leaves=15
num_cat=0
split_feature=0 1 4 9 20 35 6 28 24 1 9 18 37 19
split_gain=454.409 123.375 110.109 99.8916 78.992 73.4526 57.5489 79.76 57.9994 57.8104 52.9495 46.8797 43.7397 43.082
threshold=1.0000000180025095e-35 0.0017499999958090486 0.0010500000207684936 0.025850000791251663 0.0015495850821025672 0.0065500000491738328 0.0020500000100582842 0.0022493399446830158 0.067099999636411681 0.059650000184774406 0.022349999286234382 0.0037500000325962905 0.0012500000302679839 1.0000000180025095e-35
decision_type=2 2 2 2 2 2 2 2 2 2 2 2 2 2
left_child=1 -1 3 6 -2 -4 7 -3 9 11 -7 12 -9 -6
right_child=4 2 5 -5 13 10 -8 8 -10 -11 -12 -13 -14 -15
leaf_value=-0.038303322029671627 -0.05536082773968188 -0.011414877991098802 -0.015617298490161588 0.06312994574932021 0.068003829278169323 -0.033059006526415344 -0.03107902932765445 0.039592054318573253 -0.030586789594655391 0.085354596936860747 0.065823036652858158 0.096412715680436287 -0.0085365548945602939 0.025858179630883577
leaf_weight=97.008575424551964 9.2917312234640104 90.124683693051338 275.6750555485487 81.058513715863228 284.95640181005001 11.641891524195669 40.379587203264236 80.20677874982357 19.982515752315521 37.322570636868477 32.723620012402534 14.890180647373198 48.195141315460205 45.491457358002663
leaf_count=483 47 217 825 154 489 21 71 167 23 67 96 31 124 92
internal_value=0.0200247 0.00405386 0.00967565 0.0233444 0.0589805 -0.00791679 0.0135761 0.0198008 0.0338441 0.0410076 0.0397696 0.0293774 0.0215035 0.0622235
internal_weight=1168.95 829.209 732.201 412.16 339.74 320.041 331.101 290.722 200.597 180.615 44.3655 143.292 128.402 330.448
internal_count=2907 2279 1796 854 628 942 700 629 412 389 117 322 291 581
is_linear=0
shrinkage=0.04


Tree=12
num_leaves=15
num_cat=0
split_feature=0 3 20 16 16 15 14 43 38 40 19 26 13 34
split_gain=417.684 117.145 72.6938 64.0901 62.2854 53.8607 56.5849 62.4188 61.9567 59.7032 40.0275 42.7306 42.0701 33.961
threshold=1.0000000180025095e-35 0.0020500000100582842 0.0015495850821025672 0.0013499999768100681 0.39354999363422399 0.0077499998733401307 0.088449999690055861 0.0019500000635161998 0.000650000001769513 0.0011500000255182388 1.0000000180025095e-35 0.0012500000302679839 0.13745000213384631 0.0001499999962106813
decision_type=2 2 2 2 2 2 2 2 2 2 2 2 2 2
left_child=1 5 -2 -3 -5 6 8 9 13 -8 -4 12 -12 -1
right_child=2 3 10 4 -6 -7 7 -9 -10 -11 11 -13 -14 -15
leaf_value=-0.034604482981324194 -0.054490450221500286 0.049718287484955027 0.065202831865024555 0.0041594409790573807 0.083070583190412481 -0.036076495541235987 0.065748444396263497 -0.04670802995303415 0.068311249883280467 -0.045836433391840146 0.076617849097359705 0.065336165296552867 -0.043201505436287806 -0.0049343372981445911
leaf_weight=81.068874955177307 9.0686541944742185 99.907103791832924 285.30453714728355 192.20855030417442 17.375429943203926 88.827553123235703 49.330053701996803 13.464464262127875 15.979998722672461 8.9643006175756437 6.23515656590462 21.665044993162155 17.855606183409691 259.77232471108437
leaf_count=392 47 208 489 469 45 279 94 16 40 19 12 52 28 717
internal_value=0.0192482 0.00389338 0.056554 0.0233591 0.0107571 -0.00774472 -0.00185629 0.0305168 -0.00838465 0.0484717 0.0596234 0.02468 -0.0118361 -0.0120112
internal_weight=1167.03 826.899 340.129 309.491 209.584 517.408 428.58 71.7588 356.821 58.2944 331.06 45.7558 24.0908 340.841
internal_count=2907 2279 628 722 514 1557 1278 129 1149 113 581 92 40 1109
is_linear=0
shrinkage=0.04


Tree=13
num_leaves=15
num_cat=0
split_feature=3 2 6 1 15 36 2 38 32 1 23 18 10 47
split_gain=339.717 125.201 130.391 92.3524 93.8145 66.6775 96.5702 52.3618 47.7587 44.331 38.1145 32.7173 39.8785 34.6987
threshold=0.002549999975599349 0.017849999479949478 0.0014499999815598132 0.0019500000635161998 0.0066499998793005952 0.0014499999815598132 0.0027499999850988392 0.00045000000682193791 0.003249999950639904 0.029150000773370269 0.015649999491870407 0.0010500000207684936 0.0013499999768100681 0.0043500000610947618
decision_type=2 2 2 2 2 2 2 2 2 2 2 2 2 2
left_child=3 2 8 -1 5 6 7 11 -2 -4 -11 13 -13 -5
right_child=1 -3 9 4 -6 -7 -8 -9 -10 10 -12 12 -14 -15
leaf_value=-0.035585083224502656 0.053275474182518538 0.069627374536267508 -0.03458870823419629 -0.0056179133131507557 -0.025901048915234291 -0.020712782679337485 0.060472069235187276 0.07441717012308155 -0.004625124341744411 0.031937550895151802 -0.024337271825789757 -0.055275600261491711 0.076173612327297399 0.047096012187237253
leaf_weight=105.55097180604935 202.61658577620983 175.13908968865871 46.215305134654045 189.96729946136475 118.16882053017616 70.431372761726379 79.679441869258881 18.601522594690323 25.521919965744019 59.524478614330292 28.279932618141174 4.4971880763769176 18.446544408798218 22.226008787751198
leaf_count=534 397 315 86 449 356 158 153 41 57 170 63 16 42 70
internal_value=0.0185078 0.0418505 0.0283911 -0.00147421 0.00542077 0.0145998 0.0220752 0.00998289 0.0467814 -0.00289605 0.0137601 0.00483907 0.0501067 -5.80123e-05
internal_weight=1164.87 537.297 362.158 627.569 522.018 403.849 333.418 253.739 228.139 134.02 87.8044 235.137 22.9437 212.193
internal_count=2907 1088 773 1819 1285 929 771 618 454 319 233 577 58 519
is_linear=0
shrinkage=0.04


Tree=14
num_leaves=15
num_cat=0
split_feature=3 2 6 1 43 11 4 28 32 35 32 1 7 28
split_gain=312.441 116.914 119.009 86.773 87.4207 86.6057 62.6173 57.8941 45.0724 43.7278 43.501 41.3998 38.4966 37.2446
threshold=0.002549999975599349 0.017849999479949478 0.0014499999815598132 0.0019500000635161998 0.0019500000635161998 0.75267764925956737 0.0015499999863095584 0.0017499999958090486 0.0019500000635161998 0.0016499999910593035 0.003249999950639904 0.029150000773370269 0.0013499999768100681 0.056095743551850326
decision_type=2 2 2 2 2 2 2 2 2 2 2 2 2 2
left_child=3 2 10 -1 5 6 7 9 12 -5 -2 -4 13 -9
right_child=1 -3 11 4 -6 -7 -8 8 -10 -11 -12 -13 -14 -15
leaf_value=-0.034888613155647313 0.050825371832706592 0.067075958576186243 -0.033810990563959857 -0.022998052441337024 -0.02505942849374625 0.079637927574167447 -0.022520951380289488 0.014288925813046147 -0.033574934536516929 0.090336008281449637 -0.0044481482659514673 0.013154283971705472 0.064799033606483536 0.065647171344948185
leaf_weight=103.39766356348991 203.86637836694717 174.54372048377991 45.406052023172379 66.34211340546608 117.92602863907814 29.766473308205605 79.955869317054749 129.61914868652821 17.630244448781013 5.8250349760055533 25.48068331182003 88.121210411190987 46.598139673471451 27.390923157334328
leaf_count=534 397 315 86 160 379 55 223 263 33 17 57 233 91 64
internal_value=0.017808 0.0401645 0.0271941 -0.00142955 0.00520779 0.0140757 0.0088181 0.0173767 0.0275278 -0.0136825 0.0446677 -0.00279971 0.0328521 0.0233101
internal_weight=1161.87 537.418 362.874 624.452 521.054 403.128 373.361 293.406 221.238 72.1671 229.347 133.527 203.608 157.01
internal_count=2907 1088 773 1819 1285 906 851 628 451 177 454 319 418 327
is_linear=0
shrinkage=0.04


Tree=15
num_leaves=15
num_cat=0
split_feature=2 4 5 1 24 8 11 6 20 24 40 14 35 20
split_gain=243.546 82.7184 145.841 73.8342 67.8846 64.5632 50.6701 60.9446 45.8386 43.3985 42.7792 42.2833 39.3302 38.9903
threshold=0.013249999843537809 0.0029499999945983295 0.0016499999910593035 0.013050000183284284 0.019049999304115776 0.13094999641180041 0.1004997529089451 0.0011500000255182388 0.12425640225410463 1.0000000180025095e-35 0.0013499999768100681 0.10244999825954439 0.0072500000242143878 0.02641791291534901
decision_type=2 2 2 2 2 2 2 2 2 2 2 2 2 2
left_child=1 2 4 -2 8 -5 9 10 -1 -4 -8 -9 -7 -3
right_child=3 13 6 5 -6 12 7 11 -10 -11 -12 -13 -14 -15
leaf_value=-0.01662242623706997 -0.041295239220910482 -0.027332659877952997 0.071975620422063333 0.067251180966887827 0.0259376686777208 -0.038654971388442684 0.060266844892570622 -0.0091820041840522792 0.088432939066534003 -0.029212941534561738 -0.0045556704722122046 0.05643902131371107 0.042769908538105035 0.0039681621442113338
leaf_weight=249.84574334323406 12.700044512748716 135.1488371938467 8.5648200064897519 186.38855911791325 93.691286519169807 15.463700592517851 164.50730292499065 51.495135962963104 6.7180590331554404 30.995433673262596 17.936977967619896 22.453848987817764 24.152740210294724 119.91175019741058
leaf_count=801 75 464 23 315 209 33 320 103 9 79 31 48 64 329
internal_value=0.0161935 0.00667108 0.0142867 0.0521122 -0.00317117 0.0573948 0.0349553 0.0414567 -0.0138226 -0.00707845 0.0538729 0.0107384 0.0108689 -0.0126057
internal_weight=1139.97 901.269 646.209 238.705 350.255 226.005 295.954 256.393 256.564 39.5603 182.444 73.949 39.6164 255.061
internal_count=2903 2416 1623 487 1019 412 604 502 810 102 351 151 97 793
is_linear=0
shrinkage=0.04


Tree=16
num_leaves=15
num_cat=0
split_feature=0 1 4 28 39 32 20 9 17 5 25 8 21 8
split_gain=304.416 74.2616 96.1471 88.07 67.2863 50.4644 42.7881 42.4025 43.4417 55.9376 46.8916 45.4159 32.1774 26.5445
threshold=0.0019500000635161998 0.0014499999815598132 0.0029499999945983295 0.059020241722464568 0.0016499999910593035 0.0022500000195577745 0.02641791291534901 0.0099499998614192026 0.002549999975599349 0.0010500000207684936 0.0011500000255182388 0.016549999825656418 0.078549999743700041 0.071750000119209303
decision_type=2 2 2 2 2 2 2 2 2 2 2 2 2 2
left_child=1 -1 3 4 5 7 -4 -3 -9 10 -10 -11 13 -8
right_child=-2 2 6 -5 -6 -7 12 8 9 11 -12 -13 -14 -15
leaf_value=-0.029710600235939917 0.062000505630453964 -0.0015047175110646047 -0.026506985627885209 0.049696381562868215 0.059290624978966026 -0.031471576349604347 0.024342851678589877 0.060144070037206988 0.074051775650560425 0.043685244060342424 -0.037379378206059369 -0.046121335163331327 0.10155353807088226 -0.01115991906928719
leaf_weight=83.166723132133484 188.60250353813171 194.13428190350533 127.57076573371887 119.52497524023056 42.19609746336937 49.652113199234009 51.955272868275642 43.667670667171478 6.9890791177749625 77.020528942346573 40.369829997420311 10.076843068003653 5.215709149837493 95.367929726839066
leaf_count=478 337 453 432 245 86 109 143 100 14 161 71 15 13 246
internal_value=0.0156058 0.00635518 0.00983551 0.0190822 0.0111803 0.00634629 -0.00941644 0.0114083 0.0254974 0.0141791 -0.0207291 0.0332081 0.00485845 0.00134144
internal_weight=1135.51 946.908 863.741 583.631 464.106 421.91 280.11 372.258 178.124 134.456 47.3589 87.0974 152.539 147.323
internal_count=2903 2566 2088 1254 1009 923 834 814 361 261 85 176 402 389
is_linear=0
shrinkage=0.04


Tree=17
num_leaves=15
num_cat=0
split_feature=0 3 8 21 48 32 20 38 42 45 23 49 47 36
split_gain=284.512 71.1463 74.2453 71.8636 55.8209 47.6606 42.5377 37.3803 33.98 37.3568 35.8049 39.1994 33.0657 32.409
threshold=0.0019500000635161998 0.0010500000207684936 0.013950000051409008 0.0039500000420957812 0.02680000010877848 0.0023500000825151805 0.0054926555603742608 0.00095000001601874839 0.84468957781791698 0.0028499999316409235 0.0012500000302679839 0.0022500000195577745 0.0048500001430511483 1.0000000180025095e-35
decision_type=2 2 2 2 2 2 2 2 2 2 2 2 2 2
left_child=1 7 5 -4 -5 6 -3 12 -8 10 11 -10 13 -1
right_child=-2 2 3 4 -6 -7 8 -9 9 -11 -12 -13 -14 -15
leaf_value=-0.0073479344657201504 0.060158206811562684 -0.0043740107880112598 -0.019773115488017693 0.058711159039784029 -0.018739311359270747 -0.012374048508299342 0.059108830416490628 0.067710743503056836 0.00041961106333950017 0.051068711081906672 -0.023959419155571277 0.055341677482888089 0.023512643463393164 -0.038867792995820501
leaf_weight=263.54232175648212 186.64547915756702 44.322431817650795 142.16293643414974 41.573523551225662 23.004440099000931 44.464340493083 83.13651542365551 10.260746926069258 42.807734817266464 70.224727869033813 29.438460826873779 40.606683999300003 43.278239190578461 65.176366671919823
leaf_count=860 337 85 378 128 41 89 185 31 100 130 57 80 146 256
internal_value=0.0150439 0.00611437 0.0151742 -0.00386404 0.031073 0.0262706 0.031819 -0.00718935 0.0378593 0.0281609 0.0138381 0.0272382 -0.0092837 -0.0136196
internal_weight=1130.64 943.999 561.742 206.741 64.578 355.001 310.537 382.258 266.214 183.078 112.853 83.4144 371.997 328.719
internal_count=2903 2566 1273 547 169 726 637 1293 552 367 237 180 1262 1116
is_linear=0
shrinkage=0.04


Tree=18
num_leaves=15
num_cat=0
split_feature=2 39 1 33 5 8 10 4 24 11 24 40 26 21
split_gain=203.032 71.1132 63.1022 56.1635 107.378 55.6577 48.1168 37.4583 37.2789 37.2642 41.8473 35.7297 35.4759 32.7913
threshold=0.013249999843537809 0.0016499999910593035 0.0051500000990927228 0.0010500000207684936 0.0016499999910593035 0.13094999641180041 0.037550000473856933 0.0021499999566003685 0.041449999436736114 0.1004997529089451 1.0000000180025095e-35 0.0015499999863095584 0.0010500000207684936 0.12774999439716342
decision_type=2 2 2 2 2 2 2 2 2 2 2 2 2 2
left_child=1 3 -2 4 8 -4 7 9 13 10 -6 -3 -7 -1
right_child=2 11 5 -5 6 12 -8 -9 -10 -11 -12 -13 -14 -15
leaf_value=-0.015343739578874072 -0.049396306660074274 0.065336685829711263 0.061514410641935129 -0.014988543153256165 0.067820315121549415 -0.025413172735625988 0.064425904755592248 -0.016290404839141442 0.027511340456943013 0.036478826866834589 -0.031977611364422377 0.015195366697316824 0.050668545023653325 0.059981038728768192
leaf_weight=261.79225033521652 10.106387272477148 43.699492454528809 183.1054285466671 223.97944234311581 8.6828120648860914 21.551190808415413 46.303180113434792 38.376068830490112 42.601023197174072 142.19015474617481 28.450674787163734 47.996351301670074 17.787227019667625 9.4693305194377881
leaf_count=831 68 85 320 690 23 53 98 85 82 284 70 148 46 20
internal_value=0.0145002 0.00582817 0.0477872 0.00200479 0.00859975 0.0522408 0.0273985 0.0194787 -0.00720361 0.0271606 -0.00841526 0.0391799 0.0089277 -0.0126784
internal_weight=1126.09 893.541 232.55 801.845 577.865 222.444 264.003 217.7 313.863 179.324 37.1335 91.6958 39.3384 271.262
internal_count=2903 2416 487 2183 1493 419 560 462 933 377 93 233 99 851
is_linear=0
shrinkage=0.04


Tree=19
num_leaves=15
num_cat=0
split_feature=2 33 10 34 16 20 8 14 20 22 12 26 9 36
split_gain=190.167 65.8407 99.4589 53.2062 53.0243 52.0345 46.32 40.3376 40.4347 39.1957 37.3832 35.3021 28.3995 26.9291
threshold=0.013249999843537809 0.0010500000207684936 0.0040500001050531873 0.00095000001601874839 0.0011500000255182388 0.0056440026964992293 0.13094999641180041 0.088449999690055861 0.12425640225410463 1.0000000180025095e-35 1.0000000180025095e-35 0.0010500000207684936 0.26780000329017645 0.0030500000575557355
decision_type=2 2 2 2 2 2 2 2 2 2 2 2 2 2
left_child=1 2 7 -2 13 -6 -5 8 -1 -9 -7 -8 -3 -4
right_child=3 12 4 6 5 10 11 9 -10 -11 -12 -13 -14 -15
leaf_value=-0.0092128028378231225 -0.044276973987369496 -0.013978152766434387 0.055694283668458355 0.058903254620562423 -0.018641619472187655 0.009004133417379219 -0.024195977162703157 0.049671488341146937 0.076334074877406746 -0.04717018956518379 0.054635556716808135 0.052846231421561543 0.068357094102457577 -0.029870473085822781
leaf_weight=303.05354003608227 9.7866526246070844 244.68968504667282 109.13897833228111 181.86440655589104 49.301301494240761 61.823017209768295 21.077752217650414 38.851204887032509 8.998668894171713 7.9488840699195853 54.043270394206047 17.141670316457748 6.7790641635656348 6.0976442396640769
leaf_count=933 65 768 214 328 114 144 51 74 14 14 116 43 19 6
internal_value=0.0139897 0.00561156 0.012435 0.0464202 0.0302799 0.0157005 0.0504898 -0.00150231 -0.0067094 0.0330724 0.0303512 0.0103013 -0.0117164 0.05111
internal_weight=1120.6 890.725 639.257 229.87 280.404 165.168 220.084 358.852 312.052 46.8001 115.866 38.2194 251.469 115.237
internal_count=2903 2416 1629 487 594 374 422 1035 947 88 260 94 787 220
is_linear=0
shrinkage=0.04


Tree=20
num_leaves=15
num_cat=0
split_feature=0 1 8 11 25 45 14 18 2 18 4 4 31 13
split_gain=231.064 77.111 76.8215 62.0543 39.8929 41.2994 39.5671 37.8392 32.7926 38.5364 32.4878 27.1651 42.703 24.1202
threshold=0.0023500000825151805 0.0017499999958090486 0.0072500000242143878 0.28876203298568731 0.0024500000290572648 0.0089499996975064295 0.096599999815225615 0.0010500000207684936 0.016050000675022606 0.058050001040101058 0.066700000315904631 0.0038499999791383748 0.014050000347197058 0.23780000209808352
decision_type=2 2 2 2 2 2 2 2 2 2 2 2 2 2
left_child=1 -1 3 4 5 -3 7 -6 9 -4 -10 12 13 -5
right_child=-2 2 8 11 6 -7 -8 -9 10 -11 -12 -13 -14 -15
leaf_value=-0.029139205253053878 0.058115253668857073 0.022432014109385907 -0.014112453053044023 0.052288246479830144 -0.031055650335033508 -0.04327704572036236 0.059204952626053541 0.027732910842381553 0.047027503451627956 0.071113941137517317 -0.032468322331958184 0.0028576408297058841 -0.031921135990140591 0.003186554543998655
leaf_weight=94.593038976192474 152.43928629159927 202.65544199943542 273.92977927625179 144.88327825069427 84.870682656764984 16.424205437302589 11.365117803215979 21.913941949605942 31.311646804213524 8.648579075932501 11.002260640263556 35.134595558047295 11.682797133922575 18.205206960439682
leaf_count=521 285 454 807 274 201 14 24 58 70 25 30 78 14 53
internal_value=0.0123598 0.00513465 0.00886 0.0180094 0.00736247 0.0174701 -0.0113448 -0.0189392 -0.00653661 -0.0114656 0.0262353 0.0350839 0.0415342 0.046837
internal_weight=1119.06 966.621 872.028 547.135 337.229 219.08 118.15 106.785 324.892 282.578 42.3139 209.906 174.771 163.088
internal_count=2908 2623 2102 1170 751 468 283 259 932 832 100 419 341 327
is_linear=0
shrinkage=0.04


Tree=21
num_leaves=15
num_cat=0
split_feature=0 1 4 11 31 32 34 45 9 25 1 2 8 34
split_gain=217.639 71.5547 70.2067 74.4956 74.7013 49.9668 44.2925 44.2012 42.3853 31.4259 30.3866 30.9815 30.1707 27.6306
threshold=0.0022500000195577745 0.0017499999958090486 0.0019500000635161998 0.2919119149446488 0.014050000347197058 0.0019500000635161998 0.022950000129640106 0.0076500000432133683 0.0095500000752508658 0.0010500000207684936 0.0099499998614192026 0.0011500000255182388 0.060399999842047698 0.037350000813603408
decision_type=2 2 2 2 2 2 2 2 2 2 2 2 2 2
left_child=1 -1 3 5 12 8 -4 13 10 -10 -3 -12 -5 -8
right_child=-2 2 6 4 -6 -7 7 -9 9 -11 11 -13 -14 -15
leaf_value=-0.028510490235218171 0.056030779775435489 0.018195703563198388 -0.022412213427118802 0.046086111295915319 -0.036570263731830185 -0.033945443265984795 0.036139249122382061 0.06809803867110048 0.060435256961078279 0.01586440786588169 -0.031900588990854205 0.011700026594356414 -0.044292356492851688 -0.0087893854841325624
leaf_weight=92.849719114601612 154.16656425595284 79.345190167427063 151.26546244323254 186.07821142673492 20.671059340238571 44.842607334256172 27.417735025286674 17.321356475353241 37.190604880452156 80.320626527070999 64.75100065767765 43.372504562139511 5.9828210771083823 107.16351765394211
leaf_count=521 292 229 521 376 27 90 102 39 67 170 106 89 9 270
internal_value=0.0119332 0.00483176 0.00841526 0.0167785 0.035442 0.00541063 -0.00709071 0.00814493 0.0112197 0.0300438 -0.000568296 -0.0143791 0.0432284 0.000354094
internal_weight=1112.74 958.572 865.723 562.555 212.732 349.823 303.168 151.903 304.98 117.511 187.469 108.124 192.061 134.581
internal_count=2908 2616 2095 1163 412 751 932 411 661 237 424 195 385 372
is_linear=0
shrinkage=0.04


Tree=22
num_leaves=15
num_cat=0
split_feature=0 1 4 11 31 22 25 34 33 9 24 10 41 25
split_gain=205.178 67.6433 65.1192 78.5728 58.1005 45.5302 51.6509 44.6326 42.872 36.0469 34.4641 34.4293 31.3859 31.1774
threshold=0.0023500000825151805 0.0014499999815598132 0.0010500000207684936 0.2919119149446488 0.014050000347197058 0.0029499999945983295 0.0011500000255182388 0.022950000129640106 0.033350000157952316 0.0099499998614192026 0.13279999792575839 0.20690000057220462 0.0010500000207684936 0.11044999957084657
decision_type=2 2 2 2 2 2 2 2 2 2 2 2 2 2
left_child=1 -1 3 5 -5 6 9 -4 10 -3 11 13 -12 -9
right_child=-2 2 7 4 -6 -7 -8 8 -10 -11 12 -13 -14 -15
leaf_value=-0.031050152980950988 0.055438654168120022 0.014680937584763631 -0.017763993728051302 0.0453965206645962 -0.035973382712506191 -0.0462129369233132 -0.0060876660501208669 -0.012703518125850228 -0.025202339614739989 0.058837942680568578 0.056584074257569554 0.09010896822926294 -0.048752784150655773 0.085125267655871154
leaf_weight=77.426333323121071 147.44993251562119 110.94526359438896 199.07813704013824 164.19098681211472 15.223312854766844 24.946446746587753 158.7061900049448 61.826041162014008 41.025330081582069 40.48895788192749 47.461462065577507 6.6796213388442984 4.8846049010753623 5.5871095508337012
leaf_count=486 285 249 654 318 18 38 343 167 106 71 130 17 11 15
internal_value=0.0115259 0.00476115 0.00791596 0.0170952 0.0384538 0.00563921 0.00983644 -0.00495879 0.0102414 0.0265446 0.0217842 0.00415597 0.0466042 -0.00442228
internal_weight=1105.92 958.47 881.043 514.501 179.414 335.087 310.14 366.542 167.464 151.434 126.439 74.0928 52.3461 67.4132
internal_count=2908 2623 2137 1037 336 701 663 1100 446 320 340 199 141 182
is_linear=0
shrinkage=0.04


Tree=23
num_leaves=15
num_cat=0
split_feature=0 1 4 11 31 32 20 9 13 36 41 18 33 25
split_gain=193.592 63.3215 61.107 66.8688 62.148 45.5676 42.5468 34.3559 40.7012 44.8302 33.415 32.4869 31.9336 28.8327
threshold=0.0023500000825151805 0.0014499999815598132 0.0019500000635161998 0.2919119149446488 0.0069500000681728133 0.0019500000635161998 0.024387647397816185 0.0099499998614192026 0.0040500001050531873 0.0014499999815598132 0.0058500000741332778 0.0012500000302679839 0.033350000157952316 0.0010500000207684936
decision_type=2 2 2 2 2 2 2 2 2 2 2 2 2 2
left_child=1 -1 3 5 -5 7 -4 8 9 10 -3 -10 -8 -9
right_child=-2 2 6 4 -6 -7 12 13 11 -11 -12 -13 -14 -15
leaf_value=-0.030440395183279251 0.054220865652294926 0.060767958336936552 -0.024585558069590667 0.040992621295724653 -0.026815656940742817 -0.03310188959980815 0.014834399563810614 0.056553543347059206 -0.015372403008896678 -0.059718012466670224 -0.053820587961797478 0.050682999233526371 -0.025083337709525193 0.013506983241362703
leaf_weight=75.852341882884502 144.78735710680485 36.926573842763901 126.12486471235752 187.51615622639656 24.300723418593407 44.261689230799675 139.52461868524551 37.425245106220245 140.71425105631351 7.1108046770095816 4.4600772410631171 12.894885584712027 41.480112463235855 75.321550831198692
leaf_count=486 285 76 465 373 41 92 369 68 324 19 3 34 111 162
internal_value=0.0111374 0.00458894 0.00762266 0.0153633 0.0331854 0.00483388 -0.006754 0.0101884 0.000296502 0.0322237 0.0482228 -0.00977192 0.00565573 0.0278688
internal_weight=1098.7 953.914 878.062 570.932 211.817 359.115 307.13 314.853 202.107 48.4975 41.3867 153.609 181.005 112.747
internal_count=2908 2623 2137 1192 414 778 945 686 456 98 79 358 480 230
is_linear=0
shrinkage=0.04


Tree=24
num_leaves=15
num_cat=0
split_feature=0 1 4 11 6 20 13 37 8 9 25 33 10 49
split_gain=182.888 58.9327 56.9919 61.1015 39.5455 38.8965 36.7413 42.4435 33.6353 32.306 41.887 29.9349 36.4706 27.3063
threshold=0.0022500000195577745 0.0014499999815598132 0.0019500000635161998 0.2919119149446488 0.0010500000207684936 0.024387647397816185 0.0037500000325962905 0.011450000107288362 0.041449999436736114 0.0099499998614192026 0.0015499999863095584 0.033350000157952316 0.20385000109672549 0.0064499999862164268
decision_type=2 2 2 2 2 2 2 2 2 2 2 2 2 2
left_child=1 -1 3 4 6 -4 7 -3 -5 -8 -11 12 -7 -12
right_child=-2 2 5 8 -6 11 9 -9 -10 10 13 -13 -14 -15
leaf_value=-0.0298381353718103 0.052393468879618987 0.06205751167820403 -0.023932488749305217 0.035838169109476625 -0.022607718717028612 0.006891438423163425 -0.0075920566127299664 -0.041192148924429885 -0.03185363205867528 0.052041673634301129 -0.016184410337381726 -0.025047307607037862 0.07329143670731729 0.041943658989001258
leaf_weight=74.321328766644001 146.1399045586586 37.135615885257721 124.42161248624325 197.78429037332535 68.658377468585968 122.9538494348526 139.50410878658295 7.5633679181337348 12.347975865006445 43.022123143076897 44.230954542756081 40.30694679915905 14.76782803237438 18.151500955224037
leaf_count=486 292 71 465 389 158 330 315 18 23 82 91 109 36 43
internal_value=0.0107633 0.00431744 0.00724008 0.0147058 0.00464592 -0.00677737 0.0111264 0.0444447 0.0318281 0.00501341 0.0217262 0.00519634 0.0140885 0.000705228
internal_weight=1091.31 945.17 870.849 568.398 358.266 302.45 289.608 44.699 210.132 244.909 105.405 178.029 137.722 62.3825
internal_count=2908 2616 2130 1190 778 940 620 89 412 531 216 475 366 134
is_linear=0
shrinkage=0.04


Tree=25
num_leaves=15
num_cat=0
split_feature=3 2 16 10 21 43 1 5 29 34 20 28 34 28
split_gain=160.082 71.6706 48.8004 52.4496 53.6893 47.0054 53.768 40.9794 34.4333 29.6331 47.985 27.7799 36.4031 44.4831
threshold=0.0023500000825151805 0.017849999479949478 0.0013499999768100681 0.0055499998852610597 0.0039500000420957812 0.0044499998912215242 0.247299998998642 0.04150000028312207 0.0034500000765547161 0.0060499999672174462 0.0094807045534253138 0.068074449896812453 0.0012500000302679839 0.0039965300820767888
decision_type=2 2 2 2 2 2 2 2 2 2 2 2 2 2
left_child=5 2 -2 -4 -5 6 7 8 9 10 -1 12 13 -10
right_child=1 -3 3 4 -6 -7 -8 -9 11 -11 -12 -13 -14 -15
leaf_value=-0.010630314234009326 0.036564480589337006 0.048694922511510967 -0.02545109963298528 -0.0022835982264863856 0.041197545485604926 -0.032652777724042056 0.062843097207033086 0.053772339661997133 -0.034017965613995775 -0.038438353730002942 0.057408723180954635 0.053606085709764086 -0.01126173735959775 0.063626308280616814
leaf_weight=265.35415777564049 127.55052845180035 157.21084704995155 62.768138721585274 102.92662435770035 81.004544824361801 80.111879527568817 20.970030233263969 19.83051709830761 10.169295743107794 55.124536544084549 17.578438624739647 21.672944650053978 77.733903825283051 27.012665271759033
leaf_count=901 259 318 154 247 191 283 45 51 47 96 41 58 227 67
internal_value=0.0100673 0.0260247 0.0164804 0.0060696 0.016856 -0.00416795 0.000256945 -0.00240132 -0.0047675 -0.0116209 -0.00637017 0.0121616 0.00427066 0.0367936
internal_weight=1127.02 531.461 374.25 246.699 183.931 595.558 515.446 494.476 474.646 338.057 282.933 136.589 114.916 37.182
internal_count=2985 1169 851 592 438 1816 1533 1488 1437 1038 942 399 341 114
is_linear=0
shrinkage=0.04


Tree=26
num_leaves=15
num_cat=0
split_feature=0 12 8 5 47 40 35 16 48 38 18 7 39 19
split_gain=190.847 52.6888 57.3728 55.6075 55.1139 57.5648 49.1977 45.5548 36.4596 34.95 33.481 31.0982 29.0786 26.8417
threshold=0.0021499999566003685 0.0010500000207684936 0.010950000025331976 0.028150000609457496 0.0011500000255182388 0.0013499999768100681 0.0040500001050531873 0.37210001051425939 0.0016499999910593035 0.000650000001769513 0.0039500000420957812 0.073699999600648894 1.0000000180025095e-35 0.0069500000681728133
decision_type=2 2 2 2 2 2 2 2 2 2 2 2 2 2
left_child=1 2 3 4 9 8 12 -4 -6 10 -1 -7 -3 -9
right_child=-2 6 7 -5 5 11 -8 13 -10 -11 -12 -13 -14 -15
leaf_value=-0.01960566913080667 0.050404275080669081 -0.00049853915404159837 -0.027433217506303485 0.057477924748564981 0.0088794771473029999 -0.030696871103122261 0.045543424656840407 0.064948053740604653 0.043848873671578484 0.033997969555928452 0.049954091978080636 0.074583046401969125 0.049305414642952308 -0.048806511269235554
leaf_weight=225.61696533113718 158.31994862854481 132.72688864171505 173.10668008774519 29.761051282286644 103.09544964134693 49.995275221765041 77.772953554987907 14.171874582767488 89.364072650671005 24.354441195726395 11.51883180439472 4.8174342513084403 21.715279892086983 4.2035970687866202
leaf_count=770 329 300 562 67 236 154 169 38 181 63 41 8 61 6
internal_value=0.00972064 0.00301802 -0.00225678 0.00442431 0.00130229 0.0148449 0.0196113 -0.02106 0.0251518 -0.0114894 -0.0161903 -0.0212521 0.00650562 0.0385856
internal_weight=1120.54 962.221 730.006 538.524 508.762 247.272 232.215 191.482 192.46 261.49 237.136 54.8127 154.442 18.3755
internal_count=2985 2656 2126 1520 1453 579 530 606 417 874 811 162 361 44
is_linear=0
shrinkage=0.04


Tree=27
num_leaves=15
num_cat=0
split_feature=0 3 43 1 12 8 16 40 23 5 17 24 5 15
split_gain=180.457 55.7319 45.2569 47.7584 40.6674 60.5412 52.9431 35.9138 30.7343 30.542 30.3168 28.6078 34.2404 36.9949
threshold=0.0021499999566003685 0.0023500000825151805 0.0044499998912215242 0.247299998998642 0.0011500000255182388 0.0051500000990927228 0.37210001051425939 0.0013499999768100681 0.026749999262392524 0.048699999228119857 0.012349999975413086 0.0061500000301748523 0.016549999825656418 0.0077499998733401307
decision_type=2 2 2 2 2 2 2 2 2 2 2 2 2 2
left_child=1 2 3 9 5 7 -7 -3 10 11 -6 -1 13 -13
right_child=-2 4 -4 -5 8 6 -8 -9 -10 -11 -12 12 -14 -15
leaf_value=-0.016105513936233672 0.04941238938902718 0.032514811500825885 -0.034045611621076152 0.060075452141725903 0.061011759418546599 -0.021883977786369937 0.077603892072115987 -0.024876055127345111 -0.038833835347108749 0.053808687506923997 0.019795563229314545 0.015345004429998914 -0.040310641187637657 -0.029958068324051266
leaf_weight=205.66890911757946 155.10535682737827 117.12999702990055 74.618901342153549 19.788585066795349 53.520694389939308 115.38243533670902 9.1321448981761915 20.339924514293671 8.617745488882063 14.472491592168806 62.239465147256851 197.87724456936121 25.139322251081467 33.61702972650528
leaf_count=751 329 256 275 43 122 288 21 44 25 36 125 523 34 113
internal_value=0.0094002 0.00291027 -0.00502111 -0.000645548 0.0146443 0.0056794 -0.0144988 0.0239823 0.0334758 -0.00318624 0.0389222 -0.00499038 0.00390464 0.00873884
internal_weight=1112.65 957.545 571.182 496.564 386.362 261.985 124.515 137.47 124.378 476.775 115.76 462.303 256.634 231.494
internal_count=2985 2656 1775 1500 881 609 309 300 272 1457 247 1421 670 636
is_linear=0
shrinkage=0.04


Tree=28
num_leaves=15
num_cat=0
split_feature=26 3 41 1 12 8 9 18 15 38 14 31 21 4
split_gain=140.219 62.9636 51.4677 41.9243 36.7867 50.0185 36.8367 33.8597 33.4992 39.5132 40.9451 60.0473 32.0531 24.2731
threshold=0.0012500000302679839 0.0023500000825151805 0.0042999999132007369 0.247299998998642 0.0011500000255182388 0.010950000025331976 0.050750000402331359 0.059299999848008163 0.0077499998733401307 0.00055000002612359833 0.091149996966123595 0.0012500000302679839 0.0010500000207684936 0.16470000147819522
decision_type=2 2 2 2 2 2 2 2 2 2 2 2 2 2
left_child=1 3 13 8 5 6 12 -7 9 10 -1 -12 -3 -2
right_child=2 4 -4 -5 -6 7 -8 -9 -10 -11 11 -13 -14 -15
leaf_value=-0.011847169430803897 0.05429044569744438 0.029611595380605284 -0.0464681975624767 0.04705928557484744 0.0351922288012722 -0.018382474764808011 0.049441799401809899 0.073321904108084063 -0.032394972947709121 0.044630415704796908 0.044394312423889429 -0.039283724369006831 -0.012381899007184026 -0.007292769043727854
leaf_weight=363.09895264357328 137.55216027796268 59.203558593988419 9.3454521223902685 23.256227515637875 109.89516149461269 105.57834219932556 52.497961401939392 6.748625934123992 75.265299402177334 25.539433494210243 50.479190036654472 18.695127084851265 56.828195363283157 10.917246170341967
leaf_count=1199 306 140 16 59 230 272 111 17 281 66 100 22 118 48
internal_value=0.00908809 0.00326484 0.0439853 -0.00537319 0.0155717 0.00787045 0.0216553 -0.012777 -0.00767652 -0.00359784 -0.00646616 0.0216976 0.00901729 0.0497333
internal_weight=1104.9 947.086 157.815 556.334 390.752 280.857 168.53 112.327 533.078 457.813 432.273 69.1743 116.032 148.469
internal_count=2985 2615 370 1727 888 658 369 289 1668 1387 1321 122 258 354
is_linear=0
shrinkage=0.04


Tree=29
num_leaves=15
num_cat=0
split_feature=26 3 4 12 8 9 43 27 9 4 18 13 17 37
split_gain=132.191 58.3008 46.7585 33.7778 46.3265 34.6648 33.4027 34.5822 33.6432 46.8441 31.1652 29.9727 36.2794 29.6547
threshold=0.0012500000302679839 0.0023500000825151805 0.16470000147819522 0.0011500000255182388 0.010950000025331976 0.050750000402331359 0.01415000017732382 1.0000000180025095e-35 0.018649999983608726 0.0014499999815598132 0.059299999848008163 0.0031500000040978198 0.0014499999815598132 0.0020500000100582842
decision_type=2 2 2 2 2 2 2 2 2 2 2 2 2 2
left_child=1 6 -2 4 5 -3 7 8 11 -10 -6 12 -1 -11
right_child=2 3 -4 -5 10 -7 -8 -9 9 13 -12 -13 -14 -15
leaf_value=0.052715739366454503 0.050481264509110869 0.0086632061149902306 -0.021398924406011842 0.033804401637592962 -0.017785416566918157 0.048044994033849896 -0.04110500951955974 -0.049493328951397679 0.037973163639403396 0.019286912913524763 0.06991226812417671 -0.011838493397414683 -0.016216813787977614 -0.032343611661906135
leaf_weight=27.163632169365883 138.95015881210566 115.92831292748451 16.024528592824936 109.83578646183014 104.77760857343674 51.878762990236282 38.468282677233219 23.785409115254879 74.798865854740143 34.331205695867538 6.7984300851821891 295.45062748342752 21.94568395614624 36.661866560578346
leaf_count=77 312 258 58 230 272 111 147 181 157 114 17 864 88 99
internal_value=0.00879088 0.00315135 0.043014 0.0150103 0.00759792 0.0208836 -0.0051953 -0.00249325 -0.000195647 0.0158967 -0.0123483 -0.00701898 0.0218599 -0.00732758
internal_weight=1096.8 941.824 154.975 389.219 279.383 167.807 552.606 514.137 490.352 145.792 111.576 344.56 49.1093 70.9931
internal_count=2985 2615 370 888 658 369 1727 1580 1399 370 289 1029 165 213
is_linear=0
shrinkage=0.04


Tree=30
num_leaves=15
num_cat=0
split_feature=0 5 6 7 10 17 22 14 23 45 5 3 7 8
split_gain=160.317 46.3738 46.831 60.706 56.8828 30.3528 29.0605 43.4081 31.9508 29.8146 41.0629 33.7537 28.643 28.323
threshold=0.0022500000195577745 0.10990000143647195 0.0027499999850988392 0.0097500002011656779 0.0043500000610947618 0.044250000268220908 0.0013499999768100681 0.088449999690055861 0.0012500000302679839 0.0010500000207684936 0.0011500000255182388 0.0011500000255182388 0.00045000000682193791 0.0022500000195577745
decision_type=2 2 2 2 2 2 2 2 2 2 2 2 2 2
left_child=1 2 3 4 6 -6 7 8 9 10 -1 -11 -13 -12
right_child=-2 -3 -4 -5 5 -7 -8 -9 -10 11 13 12 -14 -15
leaf_value=-0.030277327590611063 0.047886087875732487 0.064883589484992316 -0.016085206924287259 0.045611351751747957 0.017886331423332485 -0.039000116383262375 -0.044649958926941027 0.030508176128677938 -0.039535005352995402 -0.010467971497218478 0.040629838978686231 -0.033230129400796879 0.05609403677873015 -0.028826651383772554
leaf_weight=96.838900007307529 137.64871257543564 18.097203463315964 211.87453719228506 55.155738145112991 280.52881268411875 15.721752330660818 32.968666911125183 46.329906597733498 51.907667957246304 42.190133929252625 27.646164417266846 6.8137919753789893 33.153685837984085 14.050689734518526
leaf_count=494 299 48 681 128 636 39 101 91 146 97 74 9 63 27
internal_value=0.00760304 0.00165293 0.000391255 0.00536214 0.00192437 0.0148418 -0.00894006 -0.00522326 -0.0113196 -0.00465028 -0.0159818 0.0144047 0.040721 0.0171162
internal_weight=1070.93 933.278 915.18 703.306 648.15 296.251 351.9 318.931 272.601 220.693 138.536 82.1576 39.9675 41.6969
internal_count=2933 2634 2586 1905 1777 675 1102 1001 910 764 595 169 72 101
is_linear=0
shrinkage=0.04


Tree=31
num_leaves=15
num_cat=0
split_feature=0 5 6 1 49 5 13 17 1 13 7 29 12 43
split_gain=151.887 43.0263 43.4227 56.4771 48.2365 42.1883 36.7548 36.9461 36.1309 34.0273 31.4049 29.9848 29.2843 23.661
threshold=0.0022500000195577745 0.10990000143647195 0.0027499999850988392 0.027150000445544723 0.079900000244379057 1.0000000180025095e-35 0.0021499999566003685 0.0041499999351799497 0.43549999594688421 0.18304999917745593 0.0024500000290572648 0.0061500000301748523 0.16465000063180926 0.0037500000325962905
decision_type=2 2 2 2 2 2 2 2 2 2 2 2 2 2
left_child=1 2 3 5 -5 -1 -7 10 -6 11 13 -9 -4 -8
right_child=-2 -3 12 4 8 6 7 9 -10 -11 -12 -13 -14 -15
leaf_value=-0.017450799825057404 0.047056508258823543 0.062674307786817748 -0.017922295470273814 0.029920853521757641 -0.017320764212364888 0.058900883964391026 -0.034550974514028582 0.009085919778066812 0.060902390799533142 -0.02003504261171778 0.041403539353354467 0.055099387557001424 0.078717069750346536 0.06987496455388939
leaf_weight=198.60882297158241 134.53730906546116 17.991365164518356 205.3281287625432 196.15254028141499 70.028570950031281 20.406957723200321 64.591107249259949 54.573728561401367 10.80790916085243 30.752806812524796 11.793155342340468 39.022342935204506 5.0313386321067801 3.5533973798155776
leaf_count=825 299 48 666 408 113 51 139 132 25 79 28 92 15 13
internal_value=0.00735116 0.00159008 0.000372123 0.00516387 0.0192057 -0.00401734 0.00784132 0.00269489 -0.00675051 0.016346 -0.0184843 0.028351 -0.0155556 -0.0289527
internal_weight=1063.18 928.642 910.651 700.291 276.989 423.302 224.693 204.287 80.8365 124.349 79.9377 93.5961 210.359 68.1445
internal_count=2933 2634 2586 1905 546 1359 534 483 138 303 180 224 681 152
is_linear=0
shrinkage=0.04


Tree=32
num_leaves=15
num_cat=0
split_feature=0 5 7 6 1 49 5 14 13 17 13 12 17 7
split_gain=144.048 39.812 39.7884 41.7772 52.6348 47.9733 37.7678 36.6637 35.5867 32.2703 35.2091 29.1591 26.5254 25.8825
threshold=0.0023500000825151805 0.10990000143647195 0.042249999940395362 0.0027499999850988392 0.027150000445544723 0.079900000244379057 1.0000000180025095e-35 0.41490000486373907 0.0021499999566003685 0.0041499999351799497 0.18304999917745593 0.16465000063180926 0.039750000461936004 0.0024500000290572648
decision_type=2 2 2 2 2 2 2 2 2 2 2 2 2 2
left_child=1 2 3 4 6 -6 -1 -7 -8 13 12 -5 -11 -10
right_child=-2 -3 -4 11 5 7 8 -9 9 10 -12 -13 -14 -15
leaf_value=-0.017905099289244292 0.047048553042481789 0.0606037636537737 0.057483091973729063 -0.019054422320689803 0.028244089124407627 -0.022550540160811434 0.056460949710730728 0.046316655021491585 -0.028204032289280933 0.032427558318899714 -0.024082311092913668 0.073275326352178885 -0.048097581641679453 0.037741978471997333
leaf_weight=193.16072928905487 127.00649552047253 17.867706298828125 19.075557425618172 200.73992619663477 194.75236493349075 62.369220413267612 20.440804377198219 15.301849216222761 67.173768393695354 85.009220957756042 29.168644607067108 5.5131121426820746 6.9648879766464225 10.956584647297857
leaf_count=817 292 48 43 657 403 99 51 33 152 205 76 16 15 26
internal_value=0.007111 0.00163925 0.00047137 -0.000750272 0.00399564 0.0176428 -0.00500144 -0.00888958 0.00632755 0.00113922 0.014081 -0.0165328 0.0262406 -0.0188686
internal_weight=1055.5 928.494 910.627 891.551 685.298 272.423 412.875 77.6711 219.714 199.273 121.143 206.253 91.9741 78.1304
internal_count=2933 2641 2593 2550 1877 535 1342 132 525 474 296 673 220 178
is_linear=0
shrinkage=0.04


Tree=33
num_leaves=15
num_cat=0
split_feature=0 5 6 1 49 5 1 24 12 18 3 12 1 17
split_gain=136.659 37.1572 40.3667 46.0201 41.7875 35.0411 30.2085 29.6061 27.9975 27.2237 36.4504 27.0946 23.9054 28.956
threshold=0.0023500000825151805 0.049500001594424255 0.0027499999850988392 0.027150000445544723 0.079900000244379057 1.0000000180025095e-35 0.43549999594688421 1.0000000180025095e-35 0.0047500000800937423 1.0000000180025095e-35 0.0075499999802559623 0.16465000063180926 0.069449998438358321 0.0056499999482184657
decision_type=2 2 2 2 2 2 2 2 2 2 2 2 2 2
left_child=1 2 3 5 12 -1 -6 -7 9 -9 -11 -4 13 -5
right_child=-2 -3 11 4 6 7 -8 8 -10 10 -12 -13 -14 -15
leaf_value=-0.016385931792878054 0.046300442567501369 0.036430295976154888 -0.018760807375607036 0.036533366429076147 -0.01679427276147432 0.061900615724543737 0.059095112183703488 -0.011981047812470579 0.048890722093164196 0.046217465424199355 -0.021044731429589878 0.075742321370484103 0.043550001631426027 -0.0044189708805189142
leaf_weight=195.22211758047342 123.95974706113338 46.389983400702477 189.62977904826403 52.224505633115768 68.617167599499226 14.542845480144022 9.4477176666259748 127.97912000119686 19.127969637513161 35.070842176675797 20.179763808846474 4.8693031370639792 81.900108799338341 58.161954715847969
leaf_count=825 292 121 630 111 112 36 24 299 46 95 44 14 166 118
internal_value=0.00688176 0.0015811 -0.000261726 0.00431535 0.0171395 -0.00408969 -0.00749482 0.00696161 0.00296493 -0.00183166 0.0215847 -0.0163367 0.0271601 0.0149352
internal_weight=1047.32 923.363 876.973 682.474 270.351 412.123 78.0649 216.901 202.358 183.23 55.2506 194.499 192.287 110.386
internal_count=2933 2641 2520 1876 531 1345 136 520 484 438 139 644 395 229
is_linear=0
shrinkage=0.04


Tree=34
num_leaves=15
num_cat=0
split_feature=0 21 5 6 5 15 46 18 22 1 32 6 12 9
split_gain=129.779 36.6559 37.2651 40.086 40.0444 39.0983 38.5045 37.676 36.813 33.1663 27.7472 27.0604 27.0189 26.5557
threshold=0.0022500000195577745 0.13679999858140948 0.049500001594424255 0.0027499999850988392 1.0000000180025095e-35 0.024900000542402271 0.0062500000931322583 0.0012500000302679839 1.0000000180025095e-35 0.015649999491870407 0.0057500000111758718 0.0021499999566003685 0.16465000063180926 0.0090499999932944792
decision_type=2 2 2 2 2 2 2 2 2 2 2 2 2 2
left_child=1 2 3 4 9 6 7 8 -6 -1 12 -7 -5 -11
right_child=-2 -3 -4 10 5 11 -8 -9 -10 13 -12 -13 -14 -15
leaf_value=-0.020044893510722171 0.044810700267398307 0.050902623522412878 0.035001675658027927 -0.024191162234142402 0.0090461512426154057 -0.036432543100309911 0.048717825116507289 0.036601329432974825 -0.03182385730946645 -0.03053527163082723 0.050667722338993956 0.063257922546693351 0.073603857666578246 0.030764891927235142
leaf_weight=165.58016293495893 125.34568646550179 23.241057530045509 46.356803052127361 172.97585362195969 237.45682667940855 39.716032847762108 45.120941892266273 65.896626614034176 41.290176250040531 15.107196159660814 8.7953442186117154 4.7742007225751868 4.5274544209241858 43.599204368889332
leaf_count=749 299 57 121 588 542 66 88 157 89 42 28 13 13 81
internal_value=0.00665752 0.001419 0.000118493 -0.00179475 0.00283485 0.0099277 0.0139905 0.00941959 0.00296858 -0.0108785 -0.018174 -0.0255273 -0.0216342 0.0148971
internal_weight=1039.78 914.438 891.197 844.84 658.541 434.255 389.765 344.644 278.747 224.287 186.299 44.4902 177.503 58.7064
internal_count=2933 2634 2577 2456 1827 955 876 788 631 872 629 79 601 123
is_linear=0
shrinkage=0.04


Tree=35
num_leaves=15
num_cat=0
split_feature=3 12 23 16 1 16 27 38 32 15 16 14 25 7
split_gain=84.279 39.4538 47.7153 39.7462 38.4076 33.9754 30.9621 29.0386 23.8416 23.5672 29.3431 27.2888 41.5387 40.5772
threshold=0.0023500000825151805 1.0000000180025095e-35 0.0082499999552965182 0.0013499999768100681 0.28174999356269842 0.37210001051425939 1.0000000180025095e-35 0.00045000000682193791 0.0016499999910593035 0.0077499998733401307 0.60159999132156383 0.08964999765157701 0.0028499999316409235 0.00045000000682193791
decision_type=2 2 2 2 2 2 2 2 2 2 2 2 2 2
left_child=4 3 -3 -2 6 -5 7 9 -9 11 -11 12 13 -1
right_child=1 2 -4 5 -6 -7 -8 8 -10 10 -12 -13 -14 -15
leaf_value=-0.010703978003266975 0.02743125738664744 0.041703703365658859 -0.0082706479321916996 -0.010701409840207501 0.052310450129540359 0.057099378663837241 -0.050004520825407128 0.04302314694370029 -0.039138756264535557 -0.037869105683585966 0.06056214794266785 0.019889586455782978 -0.027829636499524912 0.023520679949743401
leaf_weight=142.16265907138586 113.73658254742622 178.85738664865494 36.67615282535553 127.04083116352558 19.657911874353886 12.929297134280203 22.781232662498951 34.649585857987404 6.6166897267103186 53.425408117473125 5.209649220108985 75.18914420902729 103.43382757902145 90.660530284047127
leaf_count=493 259 403 96 365 53 31 187 81 17 234 20 135 299 267
internal_value=0.00812153 0.0205929 0.0331814 0.00987389 -0.00244044 -0.00437368 -0.00447238 -0.00242666 0.0296897 -0.00526023 -0.0289673 -0.00186581 -0.00674681 0.00261019
internal_weight=1023.03 469.24 215.534 253.707 553.787 139.97 534.129 511.347 41.2663 470.081 58.6351 411.446 336.257 232.823
internal_count=2940 1154 499 655 1786 396 1733 1546 98 1448 254 1194 1059 760
is_linear=0
shrinkage=0.04


Tree=36
num_leaves=15
num_cat=0
split_feature=0 41 1 22 15 1 16 1 23 18 42 24 27 16
split_gain=95.3987 41.9839 42.0631 30.773 32.624 42.717 40.2331 42.4804 34.2564 30.6191 27.4087 29.0074 24.2689 24.1374
threshold=0.0021499999566003685 0.0010500000207684936 0.0014499999815598132 0.0011500000255182388 0.007849999703466894 0.026549999602139 0.018500000238418583 0.247299998998642 0.0014499999815598132 0.058050001040101058 0.95419710874557506 0.13135000318288806 0.0019500000635161998 0.0024500000290572648
decision_type=2 2 2 2 2 2 2 2 2 2 2 2 2 2
left_child=1 2 -1 4 5 8 7 -6 10 -5 11 -4 -2 -7
right_child=12 -3 3 9 6 13 -8 -9 -10 -11 -12 -13 -14 -15
leaf_value=-0.027155582395878751 0.044463114255119195 -0.043320951779879942 0.028177427333414332 -0.015406294439023211 -0.03309389247133615 0.036490140345019302 0.023509412485796237 0.037873313786338569 -0.027934728731090624 0.048708201769564169 -0.0017930073315822399 -0.06115168412374742 -0.087301485811864588 0.0054962608393599021
leaf_weight=60.312133207917213 114.28260590136051 29.602477990090847 126.11431132256985 128.84924177825451 79.009325243532658 167.74006143212318 49.205244109034538 16.135693222284317 41.213888138532639 13.011808037757872 129.69945921748877 5.9786867797374716 2.1715542674064627 53.337077982723713
leaf_count=472 294 96 291 329 238 347 182 46 144 32 333 7 9 120
internal_value=0.00784481 0.00343084 0.00502989 0.00743352 0.0110272 0.0156664 -0.00578745 -0.0209894 0.00589182 -0.00946723 0.011241 0.0240608 0.0418989 0.0290365
internal_weight=1016.66 900.209 870.607 810.295 668.434 524.083 144.35 95.145 303.006 141.861 261.792 132.093 116.454 221.077
internal_count=2940 2637 2541 2069 1708 1242 466 284 775 361 631 298 303 467
is_linear=0
shrinkage=0.04


Tree=37
num_leaves=15
num_cat=0
split_feature=0 41 27 39 8 5 40 13 9 13 20 14 21 25
split_gain=90.7415 39.4872 34.0792 31.9422 30.3117 26.953 23.4137 30.1008 33.6949 29.8003 29.2505 28.6126 52.904 28.4209
threshold=0.0021499999566003685 0.0010500000207684936 1.0000000180025095e-35 0.0013499999768100681 0.091699998825788512 0.13159999996423724 0.0013499999768100681 0.26889999210834509 0.010750000365078451 0.024149999953806404 0.0062903387006372222 0.027749999426305298 0.0051500000990927228 0.0011500000255182388
decision_type=2 2 2 2 2 2 2 2 2 2 2 2 2 2
left_child=1 2 3 5 -5 6 7 8 10 -10 -1 12 -11 -12
right_child=-2 -3 -4 4 -6 -7 -8 -9 9 11 13 -13 -14 -15
leaf_value=-0.010388419546419024 0.041247877979595698 -0.042559267645526873 -0.046036752288450236 0.037998738818038787 -0.0089577807966513632 0.058397255115819037 -0.017084421847427363 -0.019567280521953979 0.041849849524956469 -0.028687586143863349 0.042346430081847526 0.022778053506045292 0.038175281558780451 -0.0038920170593330396
leaf_weight=196.05261795967817 113.61263805627823 28.94220844656229 20.442952767014503 84.344313658773899 29.527213640511036 13.700150609016417 90.256237931549549 72.256609909236431 63.431166790425777 58.621518835425377 39.722003504633904 125.20098511129618 27.818636938929558 45.315608814358711
leaf_count=606 303 96 183 202 94 34 362 212 151 143 98 290 64 102
internal_value=0.00758549 0.00330676 0.00484776 0.00608701 0.0257905 0.00301489 0.00194559 0.00468741 0.00784872 0.0178001 -0.00187828 0.0105569 -0.00710395 0.0176839
internal_weight=1009.24 895.632 866.69 846.247 113.872 732.376 718.675 628.419 556.163 275.072 281.09 211.641 86.4402 85.0376
internal_count=2940 2637 2541 2358 296 2062 2028 1666 1454 648 806 497 207 200
is_linear=0
shrinkage=0.04


Tree=38
num_leaves=15
num_cat=0
split_feature=0 41 10 36 13 39 13 11 21 6 30 37 16 31
split_gain=86.1981 37.1461 37.045 35.3495 34.4038 43.5476 27.4276 38.7289 26.1827 25.7763 26.2711 24.0467 24.9849 24.5593
threshold=0.0021499999566003685 0.0010500000207684936 1.0000000180025095e-35 0.0015499999863095584 0.0070500001311302194 0.0011500000255182388 0.26889999210834509 0.28506720066070562 0.011450000107288362 1.0000000180025095e-35 0.0042499999981373557 0.75204998254776012 0.024349999614059929 0.0050500000361353168
decision_type=2 2 2 2 2 2 2 2 2 2 2 2 2 2
left_child=1 2 -1 4 -4 6 7 9 -8 10 -6 12 13 -9
right_child=-2 -3 3 -5 5 -7 8 11 -10 -11 -12 -13 -14 -15
leaf_value=-0.015455572414263614 0.040567168696172988 -0.04181756620613343 0.039886129769152893 -0.0071760808335858319 0.012116805931548154 0.035813736977513604 -0.024711193396439245 0.029360434994183424 0.065778538311194318 -0.025950176305062307 -0.050990690438518373 -0.041070621528064011 0.063658866122220548 -0.018134689169487492
leaf_weight=124.89674635976553 110.95402763783932 28.292322292923927 67.41493621468544 182.42214170843363 119.63314909487963 82.787041760981083 68.76440142095089 88.760560497641563 5.4107539355754843 55.518000967800617 11.460251390933989 8.3133313581347448 26.130957700312138 21.484614193439484
leaf_count=592 303 96 173 503 290 203 214 223 15 163 7 13 81 64
internal_value=0.00733302 0.00318722 0.00467196 0.00808486 0.0131024 0.00938877 0.00397616 0.00890724 -0.0179768 -0.003117 0.00653477 0.0244344 0.028484 0.0200603
internal_weight=1002.24 891.289 862.997 738.1 555.678 488.263 405.476 331.301 74.1752 186.611 131.093 144.689 136.376 110.245
internal_count=2940 2637 2541 1949 1446 1273 1070 841 229 460 297 381 368 287
is_linear=0
shrinkage=0.04


Tree=39
num_leaves=15
num_cat=0
split_feature=0 7 15 22 1 28 48 38 13 10 27 11 1 14
split_gain=82.1196 34.7824 39.0078 55.3958 41.419 39.356 42.0589 27.7686 25.6776 26.2875 24.0371 21.1084 18.8961 22.2614
threshold=0.0023500000825151805 0.00045000000682193791 0.0077499998733401307 0.0014499999815598132 0.011549999937415125 0.073213703930377974 0.020149999298155311 0.0014499999815598132 0.0062500000931322583 0.007849999703466894 0.0019500000635161998 0.7194008231163026 0.0012500000302679839 0.00335000001359731
decision_type=2 2 2 2 2 2 2 2 2 2 2 2 2 2
left_child=1 7 3 4 8 -4 -7 12 -3 -10 -2 -5 -1 -14
right_child=10 2 5 11 -6 6 -8 -9 9 -11 -12 -13 13 -15
leaf_value=-0.03865247323341979 0.04425645902357872 0.047788416434213631 -0.026285836906772216 -0.028911719388127591 0.032490000028975015 0.04842154702413054 -0.011901425040026765 0.046618621243142234 -0.011301299722742731 0.035461983580244563 -0.087037253035644913 0.024574985492769846 0.040754348706386299 -0.009636939610335302
leaf_weight=33.515778779983521 98.594545289874077 18.96713150292635 86.242284886538982 54.691276051104069 217.83691854774952 31.544676311314106 44.257918730378151 14.209389016032217 98.016460627317429 23.811449825763702 2.1729731857776633 14.885875567793844 14.765761055052279 242.52104600518942
leaf_count=297 276 52 282 127 453 79 153 41 327 64 9 30 50 700
internal_value=0.00708291 0.00322269 0.00889299 0.0152209 0.0215622 -0.00780301 0.0131795 -0.0077366 0.00461544 -0.00210695 0.0413021 -0.0173921 -0.0104214 -0.00671472
internal_weight=996.033 895.266 590.254 428.209 358.632 162.045 75.8026 305.012 140.795 121.828 100.768 69.5772 290.803 257.287
internal_count=2940 2655 1567 1053 896 514 232 1088 443 391 285 157 1047 750
is_linear=0
shrinkage=0.04


Tree=40
num_leaves=15
num_cat=0
split_feature=0 5 47 23 14 18 31 16 9 35 22 12 27 27
split_gain=91.471 32.3966 32.4331 47.8569 43.4498 29.561 42.5878 24.0507 41.9779 26.524 21.9969 21.8765 19.85 19.7852
threshold=0.0022500000195577745 0.10990000143647195 0.0011500000255182388 0.011049999855458738 0.12339999899268152 0.0031500000040978198 0.0079499999992549437 0.0013499999768100681 0.018350000493228439 0.0014499999815598132 0.0051500000990927228 0.014549999963492157 0.0019500000635161998 1.0000000180025095e-35
decision_type=2 2 2 2 2 2 2 2 2 2 2 2 2 2
left_child=1 2 13 4 5 7 -7 8 9 -4 -5 -9 -2 -1
right_child=12 -3 3 10 -6 6 -8 11 -10 -11 -12 -13 -14 -15
leaf_value=-0.0050567629661716906 0.044338811107876158 0.053323446792560833 -0.016888660829903545 -0.029356376217564858 0.039775936261996457 0.058318369046775967 -0.018388274986861755 -0.012962570270415785 0.047985734319267767 0.045366733459684457 0.039403089435957404 0.056195198324461161 -0.081091776770520041 -0.046037801761307416
leaf_weight=380.09806200116873 102.92701317369938 19.433989033102989 52.198962718248367 63.963809654116631 82.622270129621029 36.496348932385445 16.78521766513586 137.49694514274597 40.127554446458817 13.737335115671156 8.2889664247632009 7.6141925975680342 1.9485002905130375 19.773320578038692
leaf_count=1174 295 53 141 181 150 92 50 408 90 41 26 22 8 185
internal_value=0.00660302 0.00238164 0.00121868 0.00847288 0.0140577 0.00705447 0.0340895 0.00129235 0.015776 -0.00380858 -0.0213693 -0.00927002 0.0418953 -0.00710425
internal_weight=983.512 878.637 859.203 459.332 387.079 304.457 53.2816 251.175 106.064 65.9363 72.2528 145.111 104.876 399.871
internal_count=2916 2613 2560 1201 994 844 142 702 272 182 207 430 303 1359
is_linear=0
shrinkage=0.04


Tree=41
num_leaves=15
num_cat=0
split_feature=0 19 10 19 2 17 40 39 18 17 31 17 37 48
split_gain=87.1689 33.3934 41.3974 33.9919 32.5642 39.3609 31.6932 34.8352 30.9545 28.0456 25.3449 22.5752 21.4853 21.1702
threshold=0.0022500000195577745 0.0015499999863095584 0.0012500000302679839 0.024600000120699409 0.0089499996975064295 0.043400000780820853 0.0013499999768100681 0.0011500000255182388 0.0010500000207684936 0.0030500000575557355 0.0053499999921768912 0.0066499998793005952 0.0010500000207684936 0.12440000101923944
decision_type=2 2 2 2 2 2 2 2 2 2 2 2 2 2
left_child=1 2 -1 13 5 6 7 8 9 -4 -6 -5 -12 -3
right_child=-2 3 4 11 10 -7 -8 -9 -10 -11 12 -13 -14 -15
leaf_value=-0.01329860675722355 0.041352287618636456 -0.028315188624728548 0.018561921850637743 -0.049005876978320484 0.04314987288563412 -0.048070177657522334 -0.013454320228449645 0.047529189228059543 0.033025597950190784 -0.007423037680734915 -0.036223300533452546 0.069397368156809178 0.030494621767205941 0.051130680271246398
leaf_weight=149.81202327460051 102.05339738726616 105.42316361516714 110.7447429895401 3.2558869943022719 73.916216365993023 20.60395522415638 87.494043484330177 42.042860522866249 68.46634066849947 165.64340884238482 14.111743845045568 10.784935943782328 16.814160272479057 5.5303993225097647
leaf_count=678 303 281 304 21 197 58 331 71 164 379 39 31 42 17
internal_value=0.00638538 0.0022966 0.00549255 -0.016828 0.0101938 0.00589153 0.00825329 0.0131749 0.00896239 0.00297724 0.0304433 0.0415059 0 -0.0242768
internal_weight=976.697 874.644 749.649 124.994 599.837 494.995 474.391 386.897 344.854 276.388 104.842 14.0408 30.9259 110.954
internal_count=2916 2613 2263 350 1585 1307 1249 918 847 683 278 52 81 298
is_linear=0
shrinkage=0.04


Tree=42
num_leaves=15
num_cat=0
split_feature=0 5 4 1 17 28 7 21 20 15 5 32 42 17
split_gain=82.9498 29.3363 31.3835 51.2567 30.5479 34.1325 29.2197 28.1829 48.7169 26.3248 28.6643 24.0859 23.4491 22.9039
threshold=0.0022500000195577745 0.10990000143647195 0.0093499999493360537 0.15224999934434894 0.043400000780820853 0.11648551747202875 0.00045000000682193791 0.0011500000255182388 0.00024998500157380482 0.0077499998733401307 1.0000000180025095e-35 0.0024500000290572648 0.90665173530578624 0.0066499998793005952
decision_type=2 2 2 2 2 2 2 2 2 2 2 2 2 2
left_child=1 2 3 4 5 6 7 -1 -9 10 -8 -12 -11 -10
right_child=-2 -3 -4 -5 -6 -7 9 8 13 12 11 -13 -14 -15
leaf_value=-0.025223176943736218 0.040766920106666375 0.051076924618663998 -0.014270274083960352 0.037854188907264191 -0.038328920719313125 0.035092379182362493 -0.0042391288573970839 0.12274336242613569 -0.013752061715285603 0.06356806448350262 0.026032219577362618 -0.020509406822957928 -0.029346656449323612 0.045492058637798025
leaf_weight=111.1484038606286 99.432689264416695 19.128003120422363 169.81572384387255 68.050716266036034 29.534381076693535 49.347973987460136 114.37331243604422 5.2680582702159873 54.689032077789307 4.7052758261561385 168.36854825913906 19.719866327941418 43.873277075588703 12.790829911828039
leaf_count=471 303 53 610 144 109 121 361 19 170 15 351 54 102 33
internal_value=0.00617187 0.00221286 0.00110486 0.00494135 0.0012804 0.00329563 0.000348885 -0.0125556 0.0067519 0.00712206 0.0115211 0.0211231 -0.0201527 -0.00241243
internal_weight=970.246 870.813 851.685 681.87 613.819 584.285 534.937 183.896 72.7479 351.04 302.462 188.088 48.5786 67.4799
internal_count=2916 2613 2560 1950 1806 1697 1576 693 222 883 766 405 117 203
is_linear=0
shrinkage=0.04


Tree=43
num_leaves=15
num_cat=0
split_feature=0 19 2 18 16 5 5 7 5 13 13 9 36 14
split_gain=78.922 30.3207 37.0814 37.11 40.291 34.9558 32.9593 45.1447 31.6368 25.9832 25.0444 28.3408 22.8118 32.7704
threshold=0.0022500000195577745 0.0015499999863095584 0.0089499996975064295 1.0000000180025095e-35 0.0010500000207684936 0.0010500000207684936 0.0056499999482184657 0.00045000000682193791 0.12374999746680261 0.65575000643730175 0.0065500000491738328 0.049750000238418586 0.0010500000207684936 0.023650000803172592
decision_type=2 2 2 2 2 2 2 2 2 2 2 2 2 2
left_child=1 2 3 4 6 -4 7 -1 -3 -7 -9 -12 13 -5
right_child=-2 8 5 12 -6 9 -8 10 -10 -11 11 -13 -14 -15
leaf_value=-0.020114387913764506 0.040193821747072533 -0.022353108690321127 -0.038580207577150756 0.009999531961393188 -0.016512961890850587 0.044599807368896432 0.03728257016161679 0.061418159549163624 0.051255196367207517 -0.011282171002033483 0.0013751496003547581 0.057648047936149992 -0.00025365396472302082 0.061008201927869606
leaf_weight=100.17279707640409 96.869908362627029 112.82056359946728 11.413893491029738 44.201031945645809 215.6340464875102 78.383945487439632 46.147914879024029 16.340776868164539 10.06232614815235 15.859067246317862 108.89314583688974 16.418312236666679 52.534369736909866 37.360997706651688
leaf_count=418 303 323 74 143 667 197 127 41 27 35 272 27 173 89
internal_value=0.00596993 0.00213394 0.00518114 0.00153631 -0.00343692 0.0271198 0.00634286 0.00040908 -0.0162564 0.0351517 0.0149549 0.00882001 0.020232 0.0334601
internal_weight=963.113 866.243 743.36 637.703 503.607 105.657 287.973 241.825 122.883 94.243 141.652 125.311 134.096 81.562
internal_count=2916 2613 2263 1957 1552 306 885 758 350 232 340 299 405 232
is_linear=0
shrinkage=0.04


Tree=44
num_leaves=15
num_cat=0
split_feature=26 19 27 19 2 18 16 5 7 13 13 9 30 12
split_gain=60.61 38.8879 31.8258 32.9051 41.6 32.6544 40.3151 30.291 37.668 30.7995 30.028 28.5478 24.1498 24.0986
threshold=0.0012500000302679839 0.002650000038556755 1.0000000180025095e-35 0.0015499999863095584 0.0089499996975064295 1.0000000180025095e-35 0.0010500000207684936 0.0060499999672174462 0.00045000000682193791 0.0065500000491738328 0.65575000643730175 0.049750000238418586 1.0000000180025095e-35 0.025549999438226226
decision_type=2 2 2 2 2 2 2 2 2 2 2 2 2 2
left_child=2 -2 3 4 5 6 7 8 -1 -10 -6 -11 -3 -5
right_child=1 12 -4 13 10 -7 -8 -9 9 11 -12 -13 -14 -15
leaf_value=-0.018052519764396563 0.046129861049064184 -0.034560768896899637 -0.049220307176989823 -0.02431499947738161 0.037558601913449549 0.019504609279167126 -0.015946823445167579 0.039734680189447757 0.068794895793868979 0.00079357106420110295 -0.021397438112821198 0.056715574086930898 0.033758212505971698 0.078886382730291874
leaf_weight=92.333359599113464 87.940852709114552 18.735139355063438 18.909292779862881 84.672990411520004 92.429347798228264 132.61954827606678 212.53083994984627 39.281316548585892 15.00600356608629 109.71328771859407 16.091589838266373 16.777561083436012 14.647199928760527 3.6695147305726996
leaf_count=345 273 30 180 250 255 391 655 107 27 270 38 29 55 11
internal_value=0.00578054 0.0321866 0.00193118 0.00312859 0.00593548 0.0019173 -0.00288024 0.00727543 0.00179082 0.0147714 0.0287681 0.00828152 -0.00445363 -0.0198987
internal_weight=955.358 121.323 834.035 815.125 726.783 618.262 485.642 273.112 233.83 141.497 108.521 126.491 33.3823 88.3425
internal_count=2916 358 2558 2378 2117 1824 1433 778 671 326 293 299 85 261
is_linear=0
shrinkage=0.04


Tree=45
num_leaves=15
num_cat=0
split_feature=0 33 10 45 6 6 16 5 7 34 12 48 1 9
split_gain=86.4548 26.3334 44.2385 31.8708 30.5744 23.4778 34.5029 31.5507 24.0783 23.6632 23.4288 22.7734 20.3758 20.8892
threshold=0.0023500000825151805 0.021249999292194847 0.061799999326467521 0.0028499999316409235 0.010449999943375589 0.0011500000255182388 0.038149999454617507 0.0069500000681728133 0.0017499999958090486 0.057649999856948859 0.0010500000207684936 0.11519999802112581 0.0055499998852610597 0.0052499999292194852
decision_type=2 2 2 2 2 2 2 2 2 2 2 2 2 2
left_child=1 2 3 5 -4 7 -7 8 -1 12 -5 -3 13 -10
right_child=-2 11 4 10 -6 6 -8 -9 9 -11 -12 -13 -14 -15
leaf_value=-0.012193246940197444 0.040854951355965313 -0.035648517712745527 0.044439479782643787 0.0070033184999569358 -0.013355814461419846 -0.028596781394618121 0.020613364273962938 0.032642094317400921 0.066768317272040176 -0.047713436360605356 0.054141474046045496 0.031962908280464587 0.036656033978391206 -0.022116141670782966
leaf_weight=232.40109296143055 89.513980507850647 52.805935852229595 58.909217767417431 217.69407802820206 19.30010324716568 129.56971631199121 27.48614426702261 38.739338174462318 5.0415434390306499 9.0852721035480482 18.238089337944984 9.242742292582987 46.180097565054893 23.591327548027039
leaf_count=836 289 206 162 476 36 444 104 104 25 27 29 31 98 76
internal_value=0.00340937 -0.000363754 0.00152026 -0.00146899 0.0301271 -0.00707763 -0.0199515 -0.00136744 -0.00555446 0.0127802 0.0106855 -0.0254776 0.0202338 -0.00614866
internal_weight=977.799 888.285 826.236 748.027 78.2093 512.095 157.056 355.039 316.299 83.8982 235.932 62.0487 74.813 28.6329
internal_count=2943 2654 2417 2219 198 1714 548 1166 1062 226 505 237 199 101
is_linear=0
shrinkage=0.04


Tree=46
num_leaves=15
num_cat=0
split_feature=7 10 33 6 5 35 49 35 14 5 13 25 1 23
split_gain=51.5746 40.5208 42.3442 32.4027 31.5212 31.626 40.2323 31.7891 26.051 26.2024 28.9841 38.1434 25.4325 31.7246
threshold=0.042249999940395362 0.0045499999541789302 0.021249999292194847 0.0010500000207684936 0.049500001594424255 0.003249999950639904 1.0000000180025095e-35 0.0016499999910593035 0.21585000306367877 0.0024500000290572648 0.013050000183284284 0.042750000953674323 0.014650000259280207 1.0000000180025095e-35
decision_type=2 2 2 2 2 2 2 2 2 2 2 2 2 2
left_child=1 3 4 12 5 7 -7 8 9 -3 -11 -12 -1 -14
right_child=-2 2 -4 -5 -6 6 -8 -9 -10 10 11 -13 13 -15
leaf_value=-0.011286622569105394 0.043813141363818357 0.031926359727621069 -0.02228181243403372 -0.029054790169378446 0.045837903649775406 -0.027714121643637124 0.030252963785455483 -0.018747479988249733 0.047172348413232278 0.030674386068534929 -0.027910210518434932 0.06407247833711098 0.030174254243960853 -0.013010859315719927
leaf_weight=183.42698714137077 47.703572064638138 38.792568542063236 63.328359857201576 93.905717991292477 41.39338493347168 21.867758251726627 147.30147605389357 89.705411702394485 26.352157257497311 25.169884696602821 70.739525832235813 7.9142286852002135 67.642825096845627 45.268221728503704
leaf_count=769 142 115 237 312 125 46 403 206 69 67 189 34 129 100
internal_value=0.00329902 0.00119583 0.00837403 -0.00858963 0.0125237 0.00928133 0.0227242 0.000469008 0.0106998 0.00390412 -0.00654823 -0.0185344 -0.00208337 0.0128289
internal_weight=970.512 922.809 532.565 390.244 469.236 427.843 169.169 258.674 168.968 142.616 103.824 78.6538 296.338 112.911
internal_count=2943 2801 1491 1310 1254 1129 449 680 474 405 290 223 998 229
is_linear=0
shrinkage=0.04


Tree=47
num_leaves=15
num_cat=0
split_feature=0 27 41 5 12 19 9 17 6 1 46 35 18 1
split_gain=79.5474 24.783 23.6681 28.0571 23.7714 21.5802 32.3796 30.0605 23.9473 33.8602 27.5347 28.3352 25.632 30.173
threshold=0.0023500000825151805 1.0000000180025095e-35 0.0011500000255182388 0.048699999228119857 0.011549999937415125 0.0015499999863095584 0.064449999481439604 0.0079499999992549437 0.0010500000207684936 0.092099998146295561 0.0065500000491738328 0.0088499998673796671 0.0010500000207684936 0.0061500000301748523
decision_type=2 2 2 2 2 2 2 2 2 2 2 2 2 2
left_child=1 2 3 5 -5 6 8 -8 9 12 11 -10 -1 -14
right_child=-2 -3 -4 4 -6 -7 7 -9 10 -11 -12 -13 13 -15
leaf_value=-0.0047101659571497237 0.040038769261039192 -0.045558381957033836 -0.038924919651455982 0.054461193932552263 -0.015608544616653744 -0.019958292243070847 0.044988344995181812 0.0045765145822855144 -0.022970470924477796 0.040448171418465052 0.0306932817077206 0.037981271427939604 -0.0085027933191723758 0.045494791356969377
leaf_weight=300.2578085437417 85.325987368822098 18.916926294565201 23.46161912381649 27.817363679409027 10.560386992990969 77.283588722348213 49.617964588105679 72.932836405932903 160.10087453573942 36.885176405310631 20.357675358653069 13.073799662292002 28.575283467769623 38.832251131534576
leaf_count=878 289 195 96 78 22 224 130 189 492 80 45 37 105 83
internal_value=0.00318888 -0.000389123 0.000605252 0.00172354 0.0350857 0.000109702 0.00226989 0.0209943 -0.00156303 0.0039655 -0.0131363 -0.0183266 0.000284582 0.0225663
internal_weight=964 878.674 859.757 836.295 38.3778 797.917 720.634 122.551 598.083 404.551 193.532 173.175 367.665 67.4075
internal_count=2943 2654 2459 2363 100 2263 2039 319 1720 1146 574 529 1066 188
is_linear=0
shrinkage=0.04


Tree=48
num_leaves=15
num_cat=0
split_feature=0 21 8 11 24 35 4 10 25 45 22 29 42 1
split_gain=75.5885 31.5555 23.9896 49.1001 25.1998 25.4918 23.6356 23.477 28.4119 23.2299 31.1051 23.8369 26.9732 20.01
threshold=0.0023500000825151805 0.15959999710321429 0.014650000259280207 0.61613911390304577 0.094900000840425505 0.0049499999731779107 0.40489999949932104 0.0017499999958090486 0.010549999773502352 0.0028499999316409235 0.0035500000230968003 0.0061500000301748523 0.71435391902923595 0.011549999937415125
decision_type=2 2 2 2 2 2 2 2 2 2 2 2 2 2
left_child=1 2 3 7 -4 -6 -7 13 9 11 -11 12 -9 -1
right_child=-2 -3 4 -5 5 6 -8 8 -10 10 -12 -13 -14 -15
leaf_value=-0.021296507280236444 0.039545516035304686 0.052438170470387811 -0.024703874382467853 0.03737209047940912 -0.012737661813120776 0.033232312788560245 -0.052900706030193881 0.024878910934833867 -0.022288583894606286 0.044494038320666646 -0.028082582170094138 0.022694416261420318 -0.013926644817814721 0.0064084706591310912
leaf_weight=127.20909893512726 82.983445450663567 17.628817796707153 123.43492663651705 59.554185979068279 87.499083295464516 43.646697357296944 5.6469092071056357 37.487807363271713 50.83180046081543 52.297833576798439 11.383813619613646 75.094995275139809 120.13728391379118 61.698027960956097
leaf_count=625 289 43 427 158 291 114 13 105 113 105 14 191 302 153
internal_value=0.00308631 -0.000376699 -0.00147516 0.00294571 -0.0116077 0.00018979 0.0231971 -0.000877147 0.00528842 0.0100372 0.0314337 0.00415406 -0.00466228 -0.0122282
internal_weight=956.535 873.551 855.922 595.695 260.228 136.793 49.2936 536.141 347.234 296.402 63.6816 232.72 157.625 188.907
internal_count=2943 2654 2611 1766 845 418 127 1608 830 717 119 598 407 778
is_linear=0
shrinkage=0.04


Tree=49
num_leaves=15
num_cat=0
split_feature=0 21 36 14 13 20 35 35 42 18 25 15 10 12
split_gain=71.8253 29.0144 22.3757 27.38 32.6873 33.0907 24.9941 23.3605 19.1357 18.1263 28.6156 18.3704 17.9735 17.8887
threshold=0.0023500000825151805 0.15959999710321429 0.0015499999863095584 0.22820000350475314 0.017749999649822715 0.014073407743126156 0.0023500000825151805 0.0063499999232590207 0.45776972174644476 1.0000000180025095e-35 0.0057500000111758718 0.041050000116229064 0.021949999965727333 0.0017499999958090486
decision_type=2 2 2 2 2 2 2 2 2 2 2 2 2 2
left_child=1 2 3 4 5 -1 9 -4 -8 11 -11 -6 -12 -10
right_child=-2 -3 7 -5 6 -7 8 -9 13 10 12 -13 -14 -15
leaf_value=0.0060830767538795358 0.039059535826652038 0.050196074800914127 -0.021977866674804291 0.027210853730132482 -0.019820012906574952 0.052594761686528317 -0.050627178295466042 0.009984420345240665 5.2241373635614727e-05 -0.027533037652636608 0.055197713509805818 0.029255114625560703 -0.029653130369135125 0.031316034840197529
leaf_weight=143.75554948300123 80.702828899025917 17.682881355285645 139.12346946448088 62.469967469573021 235.99216049164534 29.479695625603199 8.3178216964006406 49.366634093225002 79.732053987681866 17.91993123292923 20.102985709905628 12.719571106135843 4.8441715389490119 46.41793218255043
leaf_count=560 289 43 441 153 680 72 12 141 243 49 60 77 8 115
internal_value=0.00298828 -0.000365259 -0.00142729 0.00203105 -0.000591156 0.0140469 -0.00655443 -0.0135847 0.00768949 -0.0131374 0.0108084 -0.0172834 0.0385093 0.0116034
internal_weight=948.628 867.925 850.242 661.752 599.282 173.235 426.047 188.49 134.468 291.579 42.8671 248.712 24.9472 126.15
internal_count=2943 2654 2611 2029 1876 632 1244 582 370 874 117 757 68 358
is_linear=0
shrinkage=0.04


Tree=50
num_leaves=15
num_cat=0
split_feature=0 27 41 36 46 13 13 42 20 4 11 26 22 22
split_gain=60.3976 31.9696 25.7492 24.9698 27.7793 32.1847 26.0586 25.8023 23.0831 21.8363 39.5125 18.1012 16.9261 15.2431
threshold=0.0038499999791383748 1.0000000180025095e-35 0.003249999950639904 0.0015499999863095584 0.0077499998733401307 0.017749999649822715 0.030300000682473186 0.98971691727638256 1.0000000180025095e-35 0.0056499999482184657 0.098579861223697676 0.0012500000302679839 0.013750000391155483 0.0035500000230968003
decision_type=2 2 2 2 2 2 2 2 2 2 2 2 2 2
left_child=1 2 3 4 5 8 -7 13 -1 10 -5 12 -11 -8
right_child=-2 -3 -4 9 -6 6 7 -9 -10 11 -12 -13 -14 -15
leaf_value=-0.044896735500974227 0.043180774717876957 -0.049075264956097348 -0.049180646859524925 -0.042632960074811592 0.036233032819835122 -0.024368321917537825 0.011569003197922239 -0.022068394611179754 0.023347293506452944 -0.033514364040172724 0.014558147541842592 0.038729683675466177 0.0424557359465077 -0.012998642836760251
leaf_weight=8.2285242155194265 58.337985217571259 19.692204922437668 15.135777421295641 24.347297072410583 48.611538976430893 64.726975031197071 257.84179095923901 54.746484138071537 155.18138292431831 77.4525962844491 92.073932930827141 6.7184762507677069 4.8655778914690009 47.683749467134476
leaf_count=76 219 202 50 68 140 165 751 214 450 182 256 23 16 106
internal_value=0.00380395 0.00117634 0.00234045 0.00327654 0.00719071 0.00477883 -0.0010141 0.00317625 0.019861 -0.00883746 0.00253706 -0.0237414 -0.0289294 0.00771861
internal_weight=935.644 877.306 857.614 842.478 637.02 588.409 424.999 360.272 163.41 205.458 116.421 89.0367 82.3182 305.526
internal_count=2918 2699 2497 2447 1902 1762 1236 1071 526 545 324 221 198 857
is_linear=0
shrinkage=0.04


Tree=51
num_leaves=15
num_cat=0
split_feature=0 23 14 20 23 17 14 49 10 22 34 17 28 11
split_gain=57.7645 26.8212 28.2747 26.5703 23.0053 28.9748 24.2038 27.8141 23.0902 22.5388 22.4617 22.0662 21.1331 27.8264
threshold=0.0038499999791383748 0.011299999896436931 0.12339999899268152 0.052845519036054618 0.0012500000302679839 0.040599999949336059 0.012349999975413086 0.071249999105930342 0.0019500000635161998 0.013750000391155483 0.00035000000207219278 0.0011500000255182388 0.0058891912922263154 0.081920821219682707
decision_type=2 2 2 2 2 2 2 2 2 2 2 2 2 2
left_child=1 2 3 4 5 6 8 -8 11 -3 -4 -1 13 -10
right_child=-2 9 10 -5 -6 -7 7 -9 12 -11 -12 -13 -14 -15
leaf_value=0.0072030667902623314 0.042838231182378797 -0.024132904317784993 -0.044556983023973408 0.019576360553971307 -0.018261025352474702 -0.04111541251541375 0.014255809945760669 -0.050656406451378908 0.090415972497332187 0.03568919969320581 0.024620387812506098 -0.041401775343261685 -0.0047728353279199477 -0.020933095616701231
leaf_weight=21.709977455437183 56.490457430481911 94.450118467211723 7.8591841906309119 96.114646963775158 125.18522475659847 24.141788262873888 239.33967853337526 10.928750626742838 9.3997328132390958 11.140306286513804 125.37255794554949 46.783058770000935 55.175495646893978 5.6413936913013449
leaf_count=123 219 277 38 273 442 107 601 25 20 30 278 312 153 20
internal_value=0.00367256 0.00112971 0.00373459 0.000209123 -0.00324447 0.00129954 0.00395218 0.0113861 -0.00943033 -0.0177557 0.0204793 -0.0259493 0.00664027 0.0485263
internal_weight=929.732 873.242 767.651 634.42 538.305 413.12 388.978 250.268 138.71 105.59 133.232 68.493 70.2166 15.0411
internal_count=2918 2699 2392 2076 1803 1361 1254 626 628 307 316 435 193 40
is_linear=0
shrinkage=0.04


Tree=52
num_leaves=15
num_cat=0
split_feature=0 27 23 1 18 49 16 11 1 25 25 21 11 22
split_gain=55.2484 29.6035 28.0863 34.4616 38.8878 22.1246 28.0892 23.8637 24.2326 24.7105 23.902 25.0972 21.9461 21.3224
threshold=0.0038499999791383748 1.0000000180025095e-35 0.011299999896436931 0.14525000005960467 0.0035500000230968003 0.079900000244379057 0.0013499999768100681 0.24231437593698504 0.0017499999958090486 0.011850000359117987 0.0034500000765547161 0.0022500000195577745 0.017992238514125351 0.032449999824166305
decision_type=2 2 2 2 2 2 2 2 2 2 2 2 2 2
left_child=1 2 3 4 5 6 7 10 -9 -10 11 -1 -13 -4
right_child=-2 -3 13 -5 -6 -7 -8 8 9 -11 -12 12 -14 -15
leaf_value=0.00086731974191097208 0.042504212117435464 -0.048669928051262613 -0.02159154831002847 0.027602014609059339 0.028934455333425133 -0.032363632339934514 -0.0085792319056592365 -0.037295717477674586 0.042806373553056568 -0.024017928548835284 -0.031562415448454402 0.25790996324117482 0.039367986318731604 0.057080691772373092
leaf_weight=124.15992203354836 54.694129899144173 18.614513572305441 98.919084951281548 93.571032233536243 73.990779459476471 35.557299114763737 282.19115449488163 8.3282020017504674 66.945737257599831 10.054519966244696 29.541159063577652 0.67544621229172008 20.898864239454269 5.7173950970172873
leaf_count=472 219 202 289 235 223 59 842 34 167 29 82 1 46 18
internal_value=0.00354598 0.00108524 0.00218444 0.00491158 0.00164704 -0.00184143 0.00015624 0.00963033 0.0269671 0.0340089 0.00115697 0.0078339 0.047553 -0.0172043
internal_weight=923.859 869.165 850.551 745.914 652.343 578.352 542.795 260.604 85.3285 77.0003 175.275 145.734 21.5743 104.636
internal_count=2918 2699 2497 2190 1955 1732 1673 831 230 196 601 519 47 307
is_linear=0
shrinkage=0.04


Tree=53
num_leaves=15
num_cat=0
split_feature=7 26 6 17 19 12 35 40 1 39 10 13 46 11
split_gain=43.611 27.1407 37.7138 29.8485 26.6628 30.1517 26.1391 28.1393 21.2228 21.0973 30.4321 24.3941 21.0418 20.3204
threshold=0.044299999251961715 0.0014499999815598132 0.0099499998614192026 0.041850000619888313 0.0015499999863095584 0.025549999438226226 0.003249999950639904 0.0013499999768100681 0.11675000190734865 0.0011500000255182388 0.0015499999863095584 0.22784999758005145 0.0039500000420957812 0.10352134332060815
decision_type=2 2 2 2 2 2 2 2 2 2 2 2 2 2
left_child=1 3 -3 4 6 -6 7 9 -5 11 -11 12 -1 -8
right_child=-2 2 -4 8 5 -7 13 -9 -10 10 -12 -13 -14 -15
leaf_value=0.0018692153764180595 0.043076745683673236 0.044317525506199183 -0.017982867689851002 -0.047642260924367505 -0.024542986167829177 0.083996726182671483 -0.031167224705704384 -0.023654120813042044 0.014322417767227239 -0.048557457423025772 0.050096827033800966 -0.02536229707424861 0.039483446702794744 0.023009543051240169
leaf_weight=336.52582561969757 42.247297272086143 49.891354538500309 22.389257550239563 34.401394341140985 84.558025903999805 4.1921817064285269 11.890644505620001 70.740939855575562 11.719841592013834 5.9132979959249488 29.116464957594872 49.509646363556385 25.537160634994507 138.83666022866964
leaf_count=1032 146 178 62 144 252 13 49 339 42 25 60 136 59 381
internal_value=0.0034286 0.0015055 0.0249662 -0.000604298 0.00129625 -0.0192822 0.00403848 -0.000225654 -0.031813 0.00348088 0.0332385 0.00093097 0.00454345 0.0186913
internal_weight=917.47 875.223 72.2806 802.942 756.821 88.7502 668.071 517.343 46.1212 446.602 35.0298 411.573 362.063 150.727
internal_count=2918 2772 240 2532 2346 265 2081 1651 186 1312 85 1227 1091 430
is_linear=0
shrinkage=0.04


Tree=54
num_leaves=15
num_cat=0
split_feature=0 1 15 10 48 14 40 35 22 37 28 48 20 47
split_gain=50.8557 25.0279 28.106 25.5592 37.4768 31.2637 25.3003 29.1148 33.3712 20.7184 19.8929 19.7224 19.582 25.5422
threshold=0.0038499999791383748 0.0014499999815598132 0.0077499998733401307 0.0095500000752508658 0.020149999298155311 0.01264999993145466 0.0013499999768100681 0.0027499999850988392 0.0023500000825151805 0.0053499999921768912 0.17409789562225345 0.0082499999552965182 0.063865352421998992 0.036199999973177917
decision_type=2 2 2 2 2 2 2 2 2 2 2 2 2 2
left_child=1 -1 6 -4 5 -5 7 8 10 11 -3 -7 13 -8
right_child=-2 2 3 4 -6 9 12 -9 -10 -11 -12 -13 -14 -15
leaf_value=-0.025127843716320944 0.041915739441317379 0.0074461729218230719 -0.031652803449401919 -0.037931617981881091 -0.019689811152469511 -0.018012944004933334 -0.030480399483173708 0.029639616409316293 -0.031396410063991576 0.053240687694861837 0.053319902054126178 0.040088301927816705 0.024850155698209066 0.065294041504757941
leaf_weight=54.802572101354599 51.42348138988018 343.30397256463766 59.497926414012909 13.140937343239782 85.032194837927818 19.998553767800331 59.571465708315372 104.14950624853373 34.934134654700756 31.063512578606606 15.765755616128443 17.310191981494427 16.920007318258286 4.6979787200689307
leaf_count=487 219 824 230 35 233 54 212 273 68 103 50 66 51 13
internal_value=0.00331311 0.000996131 0.0027816 -0.00917052 -0.0011006 0.0182425 0.00745267 0.0108318 0.00584379 0.029137 0.00948578 0.00887255 -0.0132192 -0.0233268
internal_weight=911.612 860.189 805.386 226.043 166.545 81.5132 579.343 498.153 394.004 68.3723 359.07 37.3087 81.1895 64.2694
internal_count=2918 2699 2212 721 491 258 1491 1215 942 223 874 120 276 225
is_linear=0
shrinkage=0.04


Tree=55
num_leaves=15
num_cat=0
split_feature=0 27 18 31 17 36 2 13 19 44 14 23 11 13
split_gain=49.5022 23.3447 20.6608 35.0534 23.0266 20.0872 25.3213 26.9792 24.2786 22.4623 28.0243 25.7321 20.6661 22.8155
threshold=0.0023500000825151805 0.0031500000040978198 0.0035500000230968003 0.0087500000372529047 0.014449999667704107 0.0015499999863095584 0.01124999998137355 0.0046500000171363362 0.024600000120699409 0.0017499999958090486 0.32344999909400945 0.019150000065565113 0.098579861223697676 0.13745000213384631
decision_type=2 2 2 2 2 2 2 2 2 2 2 2 2 2
left_child=2 -2 5 4 -4 6 7 -1 9 10 -9 -11 -7 -14
right_child=1 -3 3 -5 -6 12 -8 8 -10 11 -12 -13 13 -15
leaf_value=0.020861860264539015 0.039026299842697801 -0.085141365104718966 0.050218444390730935 -0.0090555640237181666 -0.014670685560793791 -0.05145206032938833 0.02847907073762344 -0.0047512992195236168 0.061627227224121749 -0.032939158298566355 0.049816823042664854 0.054150713275909722 0.0060451886557754972 -0.02856222780064813
leaf_weight=72.994203515350819 68.004628792405128 2.401063159108161 45.483818754553795 46.491267867386341 10.670542471110819 22.150269534438848 48.016209620982409 380.55922339111567 8.4296187758445722 70.713769726455212 15.571229085326193 5.7570725828409186 67.693669322878122 55.092995777726173
leaf_count=279 281 10 116 125 48 75 169 1164 31 162 30 20 236 154
internal_value=0.00241297 0.0346203 -0.000254998 0.0165577 0.0378128 -0.00257256 0.000640259 -0.00176996 -0.00521617 -0.00642968 -0.00258419 -0.0262682 -0.0159368 -0.00946083
internal_weight=920.03 70.4057 849.624 102.646 56.1544 746.978 602.041 554.025 481.031 472.601 396.13 76.4708 144.937 122.787
internal_count=2900 291 2609 289 164 2320 1855 1686 1407 1376 1194 182 465 390
is_linear=0
shrinkage=0.04


Tree=56
num_leaves=15
num_cat=0
split_feature=0 27 27 18 31 38 6 40 28 30 1 45 34 1
split_gain=47.0624 21.92 19.9984 20.6854 33.4112 18.1322 19.1638 29.3249 26.3813 28.2783 30.3172 28.4412 25.811 24.8783
threshold=0.0023500000825151805 0.0031500000040978198 1.0000000180025095e-35 0.0035500000230968003 0.0087500000372529047 0.01124999998137355 0.0010500000207684936 0.0012500000302679839 0.13736385852098468 0.002650000038556755 0.071649998426437392 0.0077499998733401307 0.022950000129640106 0.027150000445544723
decision_type=2 2 2 2 2 2 2 2 2 2 2 2 2 2
left_child=2 -2 3 5 -5 6 7 8 9 10 11 13 -8 -1
right_child=1 -3 -4 4 -6 -7 12 -9 -10 -11 -12 -13 -14 -15
leaf_value=0.0008839609438214878 0.038620242783765961 -0.081465561446574242 -0.044559901867074626 0.038788399054385546 -0.0076590591225622262 0.052441903861512505 -0.02016163611396973 -0.02822959273357048 0.045560689049049488 -0.033798648275830116 0.039273564687304828 -0.035740559685643811 0.0040731323037546084 0.033467301757696681
leaf_weight=217.36753516644239 66.012298420071602 2.4132554531097403 15.889248907566069 54.42079721391201 45.152520373463631 9.6501230895519239 173.97807752341032 43.380045644938946 25.624259546399117 29.547684460878372 40.668823316693306 28.09256848692894 117.51715162396431 45.281117610633373
leaf_count=678 281 10 193 143 113 28 596 167 73 48 87 50 326 107
internal_value=0.0023298 0.0342139 -0.000246301 0.000601776 0.0176996 -0.0017235 -0.00246073 0.00289976 0.00640966 0.00360741 0.0069637 0.0024185 -0.0103796 0.00652721
internal_weight=914.996 68.4256 846.57 830.681 99.5733 731.107 721.457 429.962 386.582 360.958 331.41 290.741 291.495 262.649
internal_count=2900 291 2609 2416 256 2160 2132 1210 1043 970 922 835 922 785
is_linear=0
shrinkage=0.04


Tree=57
num_leaves=15
num_cat=0
split_feature=0 3 41 5 6 6 40 30 1 45 1 16 21 24
split_gain=44.7397 20.7581 19.1941 20.1641 16.7729 16.3261 30.6921 29.3494 30.6285 29.0161 24.7367 23.9786 22.4928 22.3525
threshold=0.0023500000825151805 0.00054999998246785264 0.003249999950639904 0.043649999424815185 0.018899999558925632 0.0010500000207684936 0.0012500000302679839 0.002650000038556755 0.071649998426437392 0.0080500002950429934 0.014650000259280207 0.0023500000825151805 0.0017499999958090486 0.098049998283386244
decision_type=2 2 2 2 2 2 2 2 2 2 2 2 2 2
left_child=2 -2 3 5 -5 6 7 8 9 10 -1 -9 -7 -14
right_child=1 -3 -4 4 -6 12 -8 11 -10 -11 -12 -13 13 -15
leaf_value=0.0016853446488107047 -0.048195295346306559 0.039866458852813674 -0.048599919343555717 0.041917137315864841 -0.011404393190474441 -0.017554107846802086 -0.02437474766831154 -0.044344101710091899 0.040647320310039231 -0.030170589221191479 0.025451530973128089 0.044747628226220679 -0.0081600371530075443 0.025962214455492249
leaf_weight=201.67617965117097 4.4767811149358741 62.019967213273048 12.830798633396624 32.245617441833019 13.129305981099604 175.55010608956218 55.126378159970045 27.404941722750664 47.083967223763466 31.631023943424225 107.62559931725264 5.7368232309818259 83.992287889122963 48.223978936672211
leaf_count=734 20 271 55 101 37 623 232 47 103 56 238 13 235 135
internal_value=0.00225256 0.0338143 -0.000238233 0.000510844 0.0264094 -0.00098604 0.00364784 0.00733019 0.0104257 0.00622961 0.00997358 -0.0287138 -0.00816906 0.00426555
internal_weight=908.754 66.4967 842.257 829.426 45.3749 784.051 476.285 421.159 388.017 340.933 309.302 33.1418 307.766 132.216
internal_count=2900 291 2609 2554 138 2416 1423 1191 1131 1028 972 60 993 370
is_linear=0
shrinkage=0.04


Tree=58
num_leaves=15
num_cat=0
split_feature=26 19 27 8 15 18 22 20 31 15 10 48 49 14
split_gain=35.8324 44.9686 21.7044 20.6259 23.424 23.3461 26.7215 24.029 23.7537 20.3968 20.1721 20.1028 20.0328 19.2588
threshold=0.0012500000302679839 0.002650000038556755 1.0000000180025095e-35 0.10209999978542329 0.043650001287460334 0.0035500000230968003 0.0013499999768100681 0.056068511679768569 0.0079499999992549437 0.007849999703466894 0.031549999490380294 0.051400000229477889 0.20780000090599063 0.13475000113248828
decision_type=2 2 2 2 2 2 2 2 2 2 2 2 2 2
left_child=2 -2 3 4 5 6 7 9 11 10 13 -7 -8 -1
right_child=1 -3 -4 -5 -6 8 12 -9 -10 -11 -12 -13 -14 -15
leaf_value=-0.0036605221104734032 0.0451234886230115 -0.013202478725612683 -0.047735885832816793 -0.018336065574825512 0.061830053317243894 0.042763863060927533 -0.035917543283598252 0.029900917476144488 -0.0051804678090328271 -0.025510457335881882 0.027958698509046545 -0.10014587080810979 0.014064294855273241 0.024663396983289607
leaf_weight=365.09142146259546 62.655177906155586 31.708185970783234 15.198133014142511 84.204530701041222 10.42526689916849 50.098403558135033 54.132414564490318 45.163895606994629 32.611507140100002 47.259712152183056 43.453682340681553 1.5175800696015347 16.613916419446468 42.816120848059654
leaf_count=1119 252 92 184 304 25 133 158 140 82 142 127 6 49 87
internal_value=0.00217653 0.0254891 -0.000541958 0.000362949 0.00259108 0.00169281 -0.00100905 0.00199424 0.021431 -0.000530953 0.00208073 0.0382993 -0.0241202 -0.000672375
internal_weight=902.95 94.3634 808.587 793.388 709.184 698.759 614.531 543.785 84.2275 498.621 451.361 51.616 70.7463 407.908
internal_count=2900 344 2556 2372 2068 2043 1822 1615 221 1475 1333 139 207 1206
is_linear=0
shrinkage=0.04


Tree=59
num_leaves=15
num_cat=0
split_feature=0 27 22 18 0 15 10 15 23 4 17 9 7 13
split_gain=41.2591 23.9116 20.6421 21.8079 21.4846 19.6179 25.9803 25.176 26.734 23.7994 23.292 32.3714 20.7361 19.8832
threshold=0.0038499999791383748 1.0000000180025095e-35 0.0013499999768100681 0.0035500000230968003 0.0012500000302679839 0.0077499998733401307 0.031549999490380294 0.049799999222159393 0.015649999491870407 0.019949999637901786 0.0028499999316409235 0.0090499999932944792 0.0053499999921768912 0.081100001931190505
decision_type=2 2 2 2 2 2 2 2 2 2 2 2 2 2
left_child=1 2 3 4 5 6 10 -7 9 -9 11 -1 -12 -14
right_child=-2 -3 -4 -5 -6 7 -8 8 -10 -11 12 -13 13 -15
leaf_value=-0.0014890200364110107 0.039996585300733925 -0.047482002312490751 -0.013105427141492692 0.028212578972099972 0.025384257041362587 -0.028514881271204287 0.032248941983889286 -0.015180279325369424 -0.029936263998999346 0.055066509478078902 -0.012008965907303737 0.034227720626642359 0.060900540796730657 -0.0082160043440825566
leaf_weight=112.50537244230509 43.635473892092705 16.42757835239172 136.64719732105732 54.29273147881031 56.430044613778591 77.999122887849808 45.100428231060505 12.042016521096228 19.239847086369991 20.847961716353893 211.99030565470457 63.24561496078968 12.876006856560709 13.458267733454703
leaf_count=387 211 200 376 156 172 255 131 29 57 82 618 162 27 37
internal_value=0.00210429 0.000156982 0.00110269 0.00388334 0.00182751 -0.000425347 0.00345334 -0.0141346 0.0073186 0.0292577 0.000300284 0.0113534 -0.00783533 0.0255294
internal_weight=896.738 853.102 836.675 700.028 645.735 589.305 459.176 130.129 52.1298 32.89 414.076 175.751 238.325 26.3343
internal_count=2900 2689 2489 2113 1957 1785 1362 423 168 111 1231 549 682 64
is_linear=0
shrinkage=0.04


Tree=60
num_leaves=15
num_cat=0
split_feature=7 22 32 27 41 42 1 25 23 25 23 10 43 25
split_gain=41.9903 28.379 23.1167 18.1814 16.8469 19.2707 31.6766 31.6683 24.9354 24.8458 24.5677 22.1001 21.4698 20.567
threshold=0.0047500000800937423 1.0000000180025095e-35 0.0010500000207684936 1.0000000180025095e-35 0.0010500000207684936 0.95419710874557506 0.026050000451505188 0.01415000017732382 0.0022500000195577745 0.011049999855458738 0.014549999963492157 0.0013499999768100681 0.0017499999958090486 0.0017499999958090486
decision_type=2 2 2 2 2 2 2 2 2 2 2 2 2 2
left_child=1 3 -2 4 5 8 13 -8 11 -10 -11 -1 -13 -7
right_child=2 -3 -4 -5 -6 6 7 -9 9 10 -12 12 -14 -15
leaf_value=-0.027636544469674697 0.033738430439199538 -0.019695844383971439 0.0037521466314345696 -0.047292293055725694 -0.035757510489137244 -3.1069156879755928e-05 0.032062606248526297 -0.024986828007307324 -0.025725057861000988 0.040337436001227196 -0.013510454041034722 0.028209290480066013 -0.0025263730855592369 -0.030558009807775122
leaf_weight=15.555790387094019 98.109597630798817 109.94405269250274 71.385032691061497 11.408542718738316 16.868238389492035 68.994969144463539 55.533128850162029 21.456920698285103 50.10466405749321 26.93120814114809 26.97191059589386 166.72324696928263 46.181276597082615 72.802015319466591
leaf_count=69 364 337 223 150 70 305 135 50 155 96 90 474 128 252
internal_value=0.00331047 -0.00106984 0.0211425 0.00245962 0.00347388 0.00468788 -0.00451732 0.0160994 0.0107571 -0.00544534 0.013344 0.01815 0.0215256 -0.015743
internal_weight=858.971 689.476 169.495 579.532 568.123 551.255 218.787 76.99 332.468 104.008 53.9031 228.46 212.905 141.797
internal_count=2898 2311 587 1974 1824 1754 742 185 1012 341 186 671 602 557
is_linear=0
shrinkage=0.04


Tree=61
num_leaves=15
num_cat=0
split_feature=0 27 7 22 45 48 13 7 1 7 42 29 13 17
split_gain=39.8696 21.8657 18.4163 23.8834 20.0787 22.7528 14.4822 24.3036 22.409 27.2798 24.7884 20.2107 21.8801 19.477
threshold=0.0038499999791383748 1.0000000180025095e-35 0.081350002437829985 1.0000000180025095e-35 0.013950000051409008 0.0039500000420957812 0.013349999673664572 0.00045000000682193791 0.010549999773502352 0.0047500000800937423 0.9565807878971101 0.003249999950639904 0.018649999983608726 0.0010500000207684936
decision_type=2 2 2 2 2 2 2 2 2 2 2 2 2 2
left_child=1 2 3 6 -5 -6 7 13 10 -10 11 -8 -13 -1
right_child=-2 -3 -4 4 5 -7 8 -9 9 -11 -12 12 -14 -15
leaf_value=0.027956784929926006 0.040538211974701054 -0.047318233609662565 0.051582573110877855 -0.021895581824716275 -0.014489751844520905 0.048961967613867667 -0.020064325098034633 0.038357940024893976 0.0021454246047300889 0.034369796548935953 -0.027142513109658296 0.11635435797265764 0.015450912482177087 -0.0084666703581567811
leaf_weight=36.026948042213917 43.323827460408211 14.494395699352024 11.751152515411375 109.01737577468157 21.293381534516811 15.499858573079107 25.004427179694176 49.727661520242691 299.42830064147711 48.870153404772282 78.277420103549957 3.8133439123630515 30.286721676588058 66.853130355477333
leaf_count=136 225 191 31 324 58 47 95 139 841 146 317 6 91 251
internal_value=0.00319475 0.00118855 0.00208284 0.00132941 -0.0132641 0.0121923 0.00467097 0.0154177 0.00128347 0.00668691 -0.0123815 0.00711321 0.0271589 0.00426416
internal_weight=853.668 810.344 795.85 784.099 145.811 36.7932 638.288 152.608 485.68 348.298 137.382 59.1045 34.1001 102.88
internal_count=2898 2673 2482 2451 429 105 2022 526 1496 987 509 192 97 387
is_linear=0
shrinkage=0.04


Tree=62
num_leaves=15
num_cat=0
split_feature=7 22 32 38 19 14 1 24 26 17 24 32 11 29
split_gain=36.9974 24.7157 21.2989 17.7665 15.5039 23.1248 19.8634 34.577 17.5353 18.6765 25.0141 32.2838 24.2872 34.7228
threshold=0.0047500000800937423 1.0000000180025095e-35 0.0010500000207684936 0.0012500000302679839 0.0015499999863095584 0.22820000350475314 0.10759999975562097 0.12974999845027926 0.0011500000255182388 0.0028499999316409235 0.0057500000111758718 0.0031500000040978198 0.38323532044887548 0.0061500000301748523
decision_type=2 2 2 2 2 2 2 2 2 2 2 2 2 2
left_child=1 3 -2 4 5 8 7 -6 9 -1 11 -11 13 -12
right_child=2 -3 -4 -5 6 -7 -8 -9 -10 10 12 -13 -14 -15
leaf_value=0.009506200226243525 0.032383680351408616 -0.018569425165580352 0.0033339936763058125 0.028143758516326996 -0.018646044505804826 0.036991263908275188 -0.042733130393060419 0.074059389393674013 0.037967974500237547 -0.031941256765927309 -0.0051199650956654883 0.12527286657538755 -0.016738950795016513 0.042231060811528068
leaf_weight=162.43054083734751 95.113357324153185 108.07922005653381 70.74246359616518 39.44260985404253 29.735785845667124 29.753063328564167 28.697315104305744 8.1062185838818532 19.117503747344017 72.140263289213181 65.659413404762745 2.0459557324647895 78.2647326849401 39.562616616487503
leaf_count=602 364 337 223 136 148 81 67 32 69 330 169 6 230 104
internal_value=0.00308528 -0.00102493 0.0200267 0.00226875 0.000350587 0.00292267 -0.0176948 0.00125002 0.000597849 -0.00110185 -0.00780551 -0.0273889 0.000101124 0.0126688
internal_weight=848.891 683.035 165.856 574.956 535.513 468.974 66.5393 37.842 439.221 420.104 257.673 74.1862 183.487 105.222
internal_count=2898 2311 587 1974 1838 1591 247 180 1510 1441 839 336 503 273
is_linear=0
shrinkage=0.04


Tree=63
num_leaves=15
num_cat=0
split_feature=0 27 21 40 0 19 11 47 13 13 29 13 18 17
split_gain=37.2067 20.5061 17.0471 19.1513 21.065 21.3481 21.8752 18.4469 18.1232 26.045 24.8595 20.6409 16.5179 19.271
threshold=0.0038499999791383748 1.0000000180025095e-35 0.19720000028610232 0.0062500000931322583 1.0000000180025095e-35 0.0015499999863095584 0.1324296370148659 0.0014499999815598132 0.022199999541044239 0.030300000682473186 0.0059500001370906839 0.013650000095367433 0.0037500000325962905 1.0000000180025095e-35
decision_type=2 2 2 2 2 2 2 2 2 2 2 2 2 2
left_child=1 2 3 4 8 6 -6 -7 10 -10 12 -12 13 -1
right_child=-2 -3 -4 -5 5 7 -8 -9 9 -11 11 -13 -14 -15
leaf_value=0.023476076267675196 0.040100725614483225 -0.047001989284641804 0.047520933611731889 -0.024723235956368304 -0.048460937579360208 0.040789570442332765 0.03235561238499108 -0.039298837783114104 -0.034699114492411476 -0.0016473360215800842 0.0063735666559625878 0.088793871984085379 0.050816897872359712 -0.0060983972832477163
leaf_weight=48.107258386909962 40.998006641864777 13.843483280390499 12.810247749090193 43.058342404663563 5.5950364992022505 6.3193912059068706 84.749189108610153 15.948799774050711 42.497592531144619 368.61393788456917 8.9764929562807101 10.84478187561035 11.658613882958887 130.85311967879534
leaf_count=177 225 191 34 163 13 21 242 31 107 1186 31 25 30 422
internal_value=0.00297586 0.00107274 0.00192605 0.00116339 0.00269023 0.0186005 0.0272584 -0.0163113 -0.000188475 -0.00508131 0.00934894 0.0518882 0.00487969 0.001838
internal_weight=844.874 803.876 790.033 777.223 734.164 112.612 90.3442 22.2682 621.552 411.112 210.44 19.8213 190.619 178.96
internal_count=2898 2673 2482 2448 2285 307 255 52 1978 1293 685 56 629 599
is_linear=0
shrinkage=0.04


Tree=64
num_leaves=15
num_cat=0
split_feature=0 27 7 13 13 12 24 1 23 18 36 3 17 13
split_gain=35.6042 19.568 16.7871 15.7132 24.5632 20.3254 21.1751 13.9939 24.8199 19.342 15.1024 13.3062 15.8614 13.7178
threshold=0.0038499999791383748 1.0000000180025095e-35 0.081350002437829985 0.021450000815093521 0.030300000682473186 1.0000000180025095e-35 0.0087500000372529047 0.15850000083446505 0.0070500001311302194 0.0014499999815598132 0.0015499999863095584 0.0065500000491738328 0.0053499999921768912 0.018050000071525577
decision_type=2 2 2 2 2 2 2 2 2 2 2 2 2 2
left_child=1 2 3 5 -5 11 -7 -6 -9 10 -10 12 13 -1
right_child=-2 -3 -4 4 7 6 -8 8 9 -11 -12 -13 -14 -15
leaf_value=0.0031267903194368025 0.039817150974785165 -0.046767428835917668 0.049881465416503498 -0.029592579071861511 -0.0034221959913544905 0.0097372817008472088 0.070276496344031852 0.030759968504868139 0.0024409471945431825 0.056069581397667982 -0.044976033278632317 0.038478148711644469 -0.023588782859471059 0.045933490306261884
leaf_weight=129.4126163572073 39.666049085557461 13.366530790925024 11.37879393994808 48.827287085354328 389.4486947208643 21.061857834458351 16.685841165482998 57.633364155888557 25.578346855938435 6.5086829215288153 18.240985453128815 16.835776403546333 33.02542433142662 13.139657638967035
leaf_count=432 225 191 31 131 1264 52 36 167 86 19 43 49 132 40
internal_value=0.00287122 0.00103223 0.00185417 0.00113881 -0.00254934 0.00990649 0.0367185 0.000102682 0.0128464 -0.00760845 -0.017264 0.0046094 0.00131897 0.00712994
internal_weight=840.81 801.144 787.777 776.399 546.237 230.161 37.7477 497.41 107.961 50.328 43.8193 192.413 175.578 142.552
internal_count=2898 2673 2482 2451 1710 741 88 1579 315 148 129 653 604 472
is_linear=0
shrinkage=0.04


Tree=65
num_leaves=15
num_cat=0
split_feature=0 22 16 37 14 38 9 45 4 42 25 16 21 47
split_gain=37.0897 25.4942 20.2744 22.3021 19.7364 18.7065 23.5937 15.1789 16.8909 16.5201 20.0745 24.5219 16.368 14.8016
threshold=0.0038499999791383748 0.0012500000302679839 0.42470000684261328 0.015950000844895843 0.015549999661743643 0.0047500000800937423 0.085799999535083785 0.0028499999316409235 0.022600000724196437 0.98102977871894848 0.0041499999351799497 0.0015499999863095584 0.15959999710321429 0.017150000669062141
decision_type=2 2 2 2 2 2 2 2 2 2 2 2 2 2
left_child=1 7 5 -4 -5 -3 -7 12 9 -9 11 -11 -1 -12
right_child=-2 2 3 4 -6 6 -8 8 -10 10 13 -13 -14 -15
leaf_value=-0.00013970003479492631 0.042082857230210664 -0.030946653299581631 0.062304887420623081 0.075590378186154106 -0.028814643351175402 -0.0215424800588324 0.058376959319350663 0.028035691453040329 -0.031492323502011962 0.046174954184090816 -0.043236292654519608 -0.038115118118978601 0.050541584488702211 0.04306442569283668
leaf_weight=507.91977373883128 36.588545471429825 87.358340959995985 10.257956922054293 3.4151191189885166 16.165364235639572 15.731789886951448 9.3077312111854535 98.957016587257385 11.461223408579825 19.70354621112347 18.450370952486995 7.522517502307891 10.301810920238493 3.7089481353759757
leaf_count=1844 221 319 26 9 29 33 26 251 39 46 42 16 29 11
internal_value=0.00273249 0.000967436 -0.0144167 0.0147763 -0.0101101 -0.0222085 0.00812023 0.00420228 0.0149773 0.0186133 -0.000204594 0.0226851 0.000869641 -0.0284833
internal_weight=856.85 820.262 142.236 29.8384 19.5805 112.398 25.0395 678.025 159.804 148.342 49.3854 27.2261 518.222 22.1593
internal_count=2941 2720 442 64 38 378 59 2278 405 366 115 62 1873 53
is_linear=0
shrinkage=0.04


Tree=66
num_leaves=15
num_cat=0
split_feature=7 22 10 6 16 47 15 37 1 10 49 6 14 35
split_gain=27.521 32.6064 24.0831 32.1403 22.5219 21.6884 26.9849 20.0156 19.4328 25.6691 20.8536 26.8857 18.2416 17.751
threshold=0.042249999940395362 0.0012500000302679839 0.031549999490380294 0.0098500000312924402 0.42470000684261328 0.0011500000255182388 0.007849999703466894 0.015950000844895843 0.014349999837577345 0.019550000317394737 0.0041499999351799497 1.0000000180025095e-35 0.015549999661743643 0.0015499999863095584
decision_type=2 2 2 2 2 2 2 2 2 2 2 2 2 2
left_child=1 2 5 -4 -3 -1 8 -6 13 10 11 -10 -9 -7
right_child=-2 4 3 -5 7 6 -8 12 9 -11 -12 -13 -14 -15
leaf_value=-0.0081627279822712347 0.038041592170948831 -0.025468229577096473 0.031229428187050986 -0.011702704284671395 0.060632516862353873 -0.013544842175430945 -0.015454025172560093 0.072279291385085209 0.024918746217639391 -0.021027888070316223 0.042429049904006789 -0.044963886846131035 -0.028312806847327149 0.021366697320254053
leaf_weight=237.90421770140529 33.647237733006477 105.01693662628531 101.86152116954327 38.189211755990982 9.7750448808074015 59.525202371180058 62.654757842421532 3.4328877478837994 39.509046539664268 18.273585870862007 77.910870537161827 11.20520221441984 15.417765438556669 38.151067465543747
leaf_count=950 152 359 389 140 26 189 224 9 85 41 178 43 27 129
internal_value=0.00263775 0.00117359 0.00470384 0.0194941 -0.0168861 0.000893853 0.00792023 0.0144384 0.0139284 0.0231176 0.0294318 0.00934151 -0.00949819 5.81432e-05
internal_weight=852.475 818.827 685.185 140.051 133.643 545.134 307.23 28.6257 244.575 146.899 128.625 50.7142 18.8507 97.6763
internal_count=2941 2789 2368 529 421 1839 889 62 665 347 306 128 36 318
is_linear=0
shrinkage=0.04


Tree=67
num_leaves=15
num_cat=0
split_feature=7 22 10 6 16 47 15 40 1 10 5 37 21 47
split_gain=25.9588 30.338 22.457 30.0066 21.011 20.0734 25.0176 18.7259 21.8816 21.7456 19.6744 18.6642 17.2591 16.7274
threshold=0.042249999940395362 0.0012500000302679839 0.031549999490380294 0.0098500000312924402 0.42470000684261328 0.0011500000255182388 0.007849999703466894 0.0012500000302679839 0.014349999837577345 0.0021499999566003685 0.018150000832974914 0.015950000844895843 0.025200000032782558 0.0024500000290572648
decision_type=2 2 2 2 2 2 2 2 2 2 2 2 2 2
left_child=1 2 5 -4 -3 -1 7 8 9 -7 -10 -6 -5 -13
right_child=-2 4 3 12 11 6 -8 -9 10 -11 -12 13 -14 -15
leaf_value=-0.0078600575900938646 0.037300650668091934 -0.024725642349012669 0.030327114393444196 -0.018366419146346315 0.058876480941083331 -0.014050387160972478 -0.014959865785218641 -0.011036401589264729 0.032307958894760375 0.029024309642757592 -0.050058759838461482 -0.033683514994515981 0.091707105550385873 0.04888704848850603
leaf_weight=237.20113463699818 32.959044098854065 103.87070306763053 100.72291915118694 35.662349067628384 9.669063940644266 49.787623934447765 62.149167321622372 41.272025085985661 117.71497971564531 29.923014454543591 4.7065846174955359 13.198338635265829 2.3269532322883597 5.4502666592597953
leaf_count=950 152 359 389 134 26 130 224 168 270 90 7 19 6 17
internal_value=0.00255048 0.00113352 0.00454039 0.018899 -0.0163897 0.000860578 0.00764385 0.0134355 0.0184551 0.00208565 0.0290704 0.0140254 -0.011296 -0.00920595
internal_weight=846.614 813.655 681.467 138.712 132.188 542.755 305.553 243.404 202.132 79.7106 122.422 28.3177 37.9893 18.6486
internal_count=2941 2789 2368 529 421 1839 889 665 497 220 277 62 140 36
is_linear=0
shrinkage=0.04


Tree=68
num_leaves=15
num_cat=0
split_feature=0 27 13 29 31 18 16 37 19 13 14 13 32 20
split_gain=33.7935 18.8729 17.8694 15.9889 16.1412 25.8835 18.3529 32.4482 28.2113 23.7298 17.0737 18.126 23.8887 20.0703
threshold=0.0038499999791383748 1.0000000180025095e-35 0.0037500000325962905 1.0000000180025095e-35 0.0089499996975064295 0.0035500000230968003 0.0013499999768100681 0.028250000439584259 0.011599999852478506 0.18644999712705615 0.021650000475347046 0.017749999649822715 0.0010500000207684936 0.0020492651965469126
decision_type=2 2 2 2 2 2 2 2 2 2 2 2 2 2
left_child=1 2 -1 -4 5 6 10 8 -8 -9 11 -5 -13 -14
right_child=-2 -3 3 4 -6 -7 7 9 -10 -11 -12 12 13 -15
leaf_value=0.02145862911782323 0.041692397001340434 -0.045806405340939549 -0.009863042762533197 0.03108516733126868 -0.0099651928674043804 0.039985980724544457 -0.014048360933408785 0.0030182547091747421 0.14103197036292595 0.066655954283237964 0.020273639417422142 -0.040239419781995113 0.18982647548799317 0.0047200513942078533
leaf_weight=66.507471434772015 33.633876986801624 13.54832426831126 198.55320155620575 12.887894816696642 112.63353774696589 34.971718735992908 159.63534246385098 23.930540896952152 1.7956413775682438 15.475861452519892 136.66176467388868 25.995912149548534 1.2194494307041157 3.41774071007967
leaf_count=235 221 208 600 38 454 97 479 81 6 48 359 93 6 16
internal_value=0.00246581 0.000821495 0.00162815 -0.000182741 0.00344682 0.00708938 0.00404979 -0.00424968 -0.0122124 0.0282171 0.0133201 -0.00841987 -0.0252176 0.0572218
internal_weight=840.868 807.234 793.686 727.179 528.625 415.992 381.02 200.837 161.431 39.4064 180.183 43.521 30.6331 4.63719
internal_count=2941 2720 2512 2277 1677 1223 1126 614 485 129 512 153 115 22
is_linear=0
shrinkage=0.04


Tree=69
num_leaves=15
num_cat=0
split_feature=0 21 36 45 42 49 11 11 4 34 45 10 34 21
split_gain=32.4158 17.3987 15.7209 18.0204 20.1841 16.0053 17.1587 18.3743 15.9016 15.2972 14.1012 13.67 23.2809 18.7456
threshold=0.0038499999791383748 0.19720000028610232 0.0017499999958090486 0.0017499999958090486 0.98389384150505077 0.0018500000005587938 0.053185490891337402 0.21667573601007464 0.0010500000207684936 0.098850000649690642 0.037500001490116126 0.0036499999696388845 0.0036499999696388845 0.0011500000255182388
decision_type=2 2 2 2 2 2 2 2 2 2 2 2 2 2
left_child=1 2 3 11 8 -6 -7 -8 -5 -4 -9 12 -1 -14
right_child=-2 -3 9 4 5 6 7 10 -10 -11 -12 -13 13 -15
leaf_value=0.00038835546004386705 0.041516148378751137 0.046057526673547865 -0.015712632792505836 0.031131540008021014 0.041411916356929195 0.098105757549966963 -0.04064550152756656 0.022483313245396964 0.0052702274975716728 0.030787453823378001 -0.049484128210378175 0.0038641545236245741 -0.005133652932959901 -0.049071291683444596
leaf_weight=109.82964768260717 32.449918515980244 13.260435029864309 134.37210062146187 87.26463932543993 9.3447665199637395 1.9640736207365979 29.178321070969105 19.133208557963375 68.215144082903862 12.215486839413641 5.5170738771557799 250.51288216933608 27.811986822634935 35.818288825452328
leaf_count=589 221 36 480 216 29 8 56 58 204 39 19 808 97 81
internal_value=0.00238007 0.000791442 2.19858e-05 0.00271626 0.0119877 -0.00665168 -0.0148331 -0.0192025 0.0198215 -0.0117921 0.00607954 -0.00210046 -0.0107349 -0.0299677
internal_weight=836.888 804.438 791.178 644.59 220.617 65.1374 55.7927 53.8286 155.48 146.588 24.6503 423.973 173.46 63.6303
internal_count=2941 2720 2684 2165 590 170 141 133 420 519 77 1575 767 178
is_linear=0
shrinkage=0.04


Tree=70
num_leaves=15
num_cat=0
split_feature=39 42 4 6 7 18 37 1 13 43 37 4 25 17
split_gain=27.9847 24.3136 23.07 21.0274 24.2187 19.4502 17.9084 16.6511 16.8079 17.8001 16.3939 22.5143 17.817 15.6733
threshold=0.0016499999910593035 0.71738088130950939 0.16470000147819522 0.0010500000207684936 0.002650000038556755 0.0034500000765547161 0.91930001974105846 0.0024500000290572648 0.024149999953806404 0.0023500000825151805 0.10029999911785127 0.010350000113248827 0.10670000314712526 0.0010500000207684936
decision_type=2 2 2 2 2 2 2 2 2 2 2 2 2 2
left_child=1 2 6 4 7 -6 10 13 9 -9 11 -1 -13 -3
right_child=-2 3 -4 -5 5 -7 -8 8 -10 -11 -12 12 -14 -15
leaf_value=0.02837369470077232 0.021821213405759782 0.0085287109570522605 -0.027313288307964163 -0.015000710272846302 0.02941580753930461 -0.014051783489336811 -0.047304665955260665 0.0086202645616010459 -0.010143705532880652 0.1127349681400697 0.051484549550684572 -0.026284809611442608 0.071995112356924934 -0.039411145826019893
leaf_weight=63.776022426784039 93.767086714506149 15.243529755622147 19.068525157868862 213.05867062136531 67.838584721088409 21.535297863185406 5.9257072657346717 104.61775543540716 128.65525002032518 2.6049473881721488 25.721234619617462 24.727259911596779 3.2368380203843108 36.963069763034582
leaf_count=251 401 107 49 776 201 48 11 255 346 7 84 71 10 290
internal_value=0.00125515 -0.00137297 0.0134463 -0.0049564 0.000705051 0.0188933 0.0197948 -0.00492829 -0.000383165 0.0112897 0.0232513 0.0152445 -0.0145504 -0.0253474
internal_weight=826.74 732.973 142.456 590.517 377.458 89.3739 123.387 288.085 235.878 107.223 117.461 91.7401 27.9641 52.2066
internal_count=2907 2506 476 2030 1254 249 427 1005 608 262 416 332 81 397
is_linear=0
shrinkage=0.04


Tree=71
num_leaves=15
num_cat=0
split_feature=39 21 36 2 13 20 28 21 20 24 17 30 17 26
split_gain=25.9238 23.8216 23.0022 22.5549 22.6244 26.5442 21.6136 16.288 17.6144 14.9967 14.2351 15.2581 14.2059 15.66
threshold=0.0016499999910593035 0.15959999710321429 0.0012500000302679839 0.016050000675022606 0.021450000815093521 0.0018999100429937246 0.0021493949461728339 0.0017499999958090486 0.0005499450198840351 0.0019500000635161998 0.0046500000171363362 0.0020500000100582842 0.040599999949336059 0.0012500000302679839
decision_type=2 2 2 2 2 2 2 2 2 2 2 2 2 2
left_child=1 2 3 4 5 7 -6 -1 -9 -4 11 -11 -8 -14
right_child=-2 -3 9 -5 6 -7 12 8 -10 10 -12 -13 13 -15
leaf_value=-0.014131805765564609 0.021051078931904676 0.04855958261022536 -0.047229275888281255 0.032548870062767028 -0.031678133310051287 0.026762074233015035 -0.00014695681319418187 0.066459323852444602 -0.012418585031849288 0.0010746204808086497 -0.018275320661322831 0.08424967168308975 -0.056127666225476019 0.047291268511542264
leaf_weight=64.958706896752119 93.322452250868082 14.893808037042616 20.278640896081924 35.398180600255728 46.859749667346478 87.481253508478403 268.67114067450166 9.3692886605858821 8.4970128908753377 40.960322849452496 111.92684341967106 3.773339867591857 13.582431718707086 2.7049262896180144
leaf_count=340 401 37 152 170 183 252 805 27 29 135 313 11 40 12
internal_value=0.00120984 -0.00132594 -0.00237811 0.00173362 -0.000436838 0.0114023 -0.00652694 -0.0047855 0.0288629 -0.0148857 -0.010646 0.00835203 -0.00236728 -0.0385245
internal_weight=822.678 729.356 714.462 537.523 502.125 170.306 331.818 82.825 17.8663 176.939 156.661 44.7337 284.958 16.2874
internal_count=2907 2506 2469 1858 1688 648 1040 396 56 611 459 146 857 52
is_linear=0
shrinkage=0.04


Tree=72
num_leaves=15
num_cat=0
split_feature=26 19 21 17 36 21 38 34 48 24 3 46 6 13
split_gain=24.3495 28.6974 21.7678 19.444 16.9133 29.0316 22.2728 20.1048 19.0457 19.4419 17.3411 16.981 20.7433 19.533
threshold=0.0012500000302679839 0.0047500000800937423 0.15959999710321429 0.041850000619888313 0.0014499999815598132 0.0058500000741332778 0.0047500000800937423 0.15219999849796298 0.0074499999172985562 0.11089999973773958 0.0062500000931322583 0.0020500000100582842 0.0010500000207684936 0.19950000196695331
decision_type=2 2 2 2 2 2 2 2 2 2 2 2 2 2
left_child=2 -2 3 4 5 6 7 8 9 11 -10 12 -1 -14
right_child=1 -3 -4 -5 -6 -7 -8 -9 10 -11 -12 -13 13 -15
leaf_value=0.00013881625642749872 0.039187090608012135 -0.016827316493712784 0.045279093777491924 -0.029249483876299519 -0.011936142260055335 0.026186420550118012 0.045543569621328252 -0.047402706942517227 0.0059491800131519744 -0.036879737612071833 0.048834474281474166 0.019331673310455131 -0.03279353481020271 0.04308734483531116
leaf_weight=204.64339973405004 51.69134397059679 20.215525921434164 15.828507497906683 39.484161384403706 157.51878160610795 74.139405615627766 15.932005070149897 15.26620192080736 62.020671017467976 27.927252091467381 19.975980147719383 49.696382820606232 58.829273749142885 5.8489868640899649
leaf_count=763 267 67 37 189 512 211 57 25 263 76 73 122 209 36
internal_value=0.00116564 0.0233824 -0.000970145 -0.00198273 -0.000416702 0.00297363 -0.000762688 -0.00244239 -0.000822238 -0.00492945 0.0164924 -0.00210926 -0.00608619 -0.0258138
internal_weight=819.018 71.9069 747.111 731.283 691.798 534.28 460.14 444.208 428.942 346.945 81.9967 319.018 269.322 64.6783
internal_count=2907 334 2573 2536 2347 1835 1624 1567 1542 1206 336 1130 1008 245
is_linear=0
shrinkage=0.04


Tree=73
num_leaves=15
num_cat=0
split_feature=39 42 4 6 7 18 37 1 11 14 21 18 13 29
split_gain=23.1107 21.3646 20.6555 18.151 22.7689 17.582 16.0812 15.2439 19.8932 16.3645 15.2335 14.7343 17.1103 27.3542
threshold=0.0016499999910593035 0.71738088130950939 0.16470000147819522 0.0010500000207684936 0.002650000038556755 0.0034500000765547161 0.91930001974105846 0.0024500000290572648 0.015401368029415609 0.013749999925494196 1.0000000180025095e-35 0.0035500000230968003 0.024149999953806404 0.0017499999958090486
decision_type=2 2 2 2 2 2 2 2 2 2 2 2 2 2
left_child=1 2 6 4 7 10 -1 8 9 -3 -6 12 13 -9
right_child=-2 3 -4 -5 5 -7 -8 11 -10 -11 -12 -13 -14 -15
leaf_value=0.022075707196225095 0.019976706869483642 0.011383340383913271 -0.026344511327231163 -0.014098607733163925 0.048872436565068858 -0.013084917488425749 -0.046788791498019906 -0.00078420467828002681 -0.034992914412606477 0.18638684601412542 0.010460712448920375 0.044363639383561408 -0.013103238189438211 0.051526854839474667
leaf_weight=115.25261636450887 92.188899371773005 6.4205640256404868 18.539167758077383 208.60756459459662 31.179182805120945 21.347907282412052 5.5666194111108771 84.800897233188152 43.552781857550144 0.90150338411331166 35.85753520578146 11.026715777814386 119.94193320721388 19.570764906704426
leaf_count=416 401 45 49 776 109 48 11 211 351 1 92 29 323 45
internal_value=0.00112496 -0.00127715 0.0127803 -0.00464467 0.000611739 0.0183556 0.0188337 -0.00485817 -0.0246915 0.0356899 0.028432 -0.000545036 -0.00278925 0.0090263
internal_weight=814.755 722.566 139.358 583.207 374.6 88.3846 120.819 286.215 50.8748 7.32207 67.0367 235.34 224.314 104.372
internal_count=2907 2506 476 2030 1254 249 427 1005 397 46 201 608 579 256
is_linear=0
shrinkage=0.04


Tree=74
num_leaves=15
num_cat=0
split_feature=12 39 35 12 33 5 37 9 17 3 48 20 24 4
split_gain=22.5035 25.7674 22.2316 23.0115 19.0626 22.469 16.7058 16.5176 19.3435 23.8304 19.6051 14.347 13.884 13.507
threshold=0.0010500000207684936 1.0000000180025095e-35 0.0031500000040978198 0.0020500000100582842 0.021049999631941322 0.04150000028312207 0.68130001425743114 0.12734999507665637 0.0019500000635161998 0.0031500000040978198 0.010250000283122064 0.00049993500579148542 0.41070000827312475 0.031449999660253532
decision_type=2 2 2 2 2 2 2 2 2 2 2 2 2 2
left_child=4 2 3 -2 5 7 -4 8 9 10 -1 -10 -9 -3
right_child=1 13 6 -5 -6 -7 -8 12 11 -11 -12 -13 -14 -15
leaf_value=-0.0010163450350515817 0.026412501887072531 0.043332132747640938 0.032185653362003491 -0.015995026618273112 -0.041761888968076144 0.040963192775579423 -0.035157263331805404 0.038074416294587292 -0.041815674220394644 0.049681195927105862 0.11559375383224403 -0.0079824681946398628 -0.021139742410523198 -0.012719226631089289
leaf_weight=127.2373725399375 26.540013417601585 47.935035228729248 50.723226860165596 87.869194991886616 19.595135718584061 18.960445165634155 6.5288077890872946 25.892886150628328 21.291868656873703 18.360684730112553 2.2487422078847876 341.76775878109038 8.2110361903905851 7.8600002303719512
leaf_count=521 74 192 171 216 123 77 15 89 235 55 8 1077 13 41
internal_value=0.00108431 0.0117575 0.00404799 -0.00610816 -0.00307024 -0.00171164 0.0243885 -0.00321084 -0.00501801 0.00715953 0.00106556 -0.00998862 0.0236806 0.0353558
internal_weight=811.022 227.456 171.661 114.409 583.566 563.971 57.252 545.01 510.906 147.847 129.486 363.06 34.1039 55.795
internal_count=2907 709 476 290 2198 2075 186 1998 1896 584 529 1312 102 233
is_linear=0
shrinkage=0.04


Tree=75
num_leaves=15
num_cat=0
split_feature=0 17 12 32 39 17 3 32 15 48 29 35 10 38
split_gain=22.1377 16.3276 19.1071 17.3389 14.0962 15.1424 19.1854 19.7308 17.8983 22.1407 21.1122 16.8407 23.5569 20.4258
threshold=0.0038499999791383748 0.034549999982118614 0.016449999995529655 0.0010500000207684936 0.0013499999768100681 0.002549999975599349 0.0030500000575557355 1.0000000180025095e-35 0.02185000013560057 0.010250000283122064 0.0011500000255182388 0.0068500000052154073 0.0047500000800937423 0.0070500001311302194
decision_type=2 2 2 2 2 2 2 2 2 2 2 2 2 2
left_child=1 4 3 -3 5 6 7 8 9 10 -1 13 -13 -7
right_child=-2 2 -4 -5 -6 11 -8 -9 -10 -11 -12 12 -14 -15
leaf_value=0.023399383590508353 0.037177868071147376 -0.01725950248245342 0.029636228739190862 -0.075641205585480362 0.017118783786709741 -0.0081637475751101321 0.037522699214807845 -0.030849292492630812 -0.039225001921872039 0.096114981579254813 -0.0095518436687903642 -0.028496698491469422 0.031091647432207367 0.052054182512314244
leaf_weight=77.710838232189417 27.633003070950508 38.723380265757442 10.359755873680113 10.351955629885195 91.644136518239975 379.69130643457174 32.633342280983925 22.367294326424599 11.043546512722967 4.906099021434783 51.553605891764164 13.906293235719202 43.239568419754505 9.1173355281352979
leaf_count=291 219 201 28 31 312 1161 96 83 54 19 223 35 135 31
internal_value=0.00204259 0.000815262 -0.0193278 -0.0297847 0.00244572 0.000356172 0.00949774 0.00399743 0.00940992 0.0134691 0.0102295 -0.00374025 0.0164967 -0.00672837
internal_weight=824.881 797.248 59.4351 49.0753 737.813 646.169 200.215 167.581 145.214 134.171 129.264 445.955 57.1459 388.809
internal_count=2919 2700 260 232 2440 2128 766 670 587 533 514 1362 170 1192
is_linear=0
shrinkage=0.04


Tree=76
num_leaves=15
num_cat=0
split_feature=0 27 45 34 34 7 15 22 34 1 14 13 13 29
split_gain=21.1496 15.9971 13.752 23.4913 17.08 30.8796 17.6202 15.3134 18.6119 14.0028 16.1338 15.2922 24.098 16.4579
threshold=0.0038499999791383748 1.0000000180025095e-35 0.0064499999862164268 0.00025000000459840527 0.0059500001370906839 0.0036499999696388845 0.011900000274181368 0.0014499999815598132 0.0082499999552965182 0.02744999993592501 0.0084500000812113302 0.017749999649822715 0.043250000104308135 0.0016499999910593035
decision_type=2 2 2 2 2 2 2 2 2 2 2 2 2 2
left_child=1 2 4 -4 5 6 9 8 -6 11 -11 13 -13 -1
right_child=-2 -3 3 -5 7 -7 -8 -9 -10 10 -12 12 -14 -15
leaf_value=0.0015392067391944331 0.036882104813779459 -0.045374450881393004 -0.045468120699218989 0.018019492976133242 -0.031810059825794011 0.046759884591247546 -0.029898368778710608 -0.028418850840018859 -2.6620320516496464e-05 -0.046942946274002806 0.025702877706784963 -0.032429329243518386 0.0095633537812142757 0.040370533440050219
leaf_weight=84.766708642244339 26.75891750305891 11.729073964059351 9.9634410962462407 123.03022133558989 33.298131711781025 26.778902597725391 25.274623095989227 46.844013229012489 253.36365356296301 5.1605994850397101 65.216845609247684 46.978288065642118 40.55559616163373 21.978264324367046
leaf_count=348 219 198 27 311 96 87 97 145 753 9 185 163 217 64
internal_value=0.00196876 0.000783993 0.00148606 0.0132026 -0.000905923 0.00573878 0.00192134 -0.00722781 -0.00374228 0.00498537 0.0202601 -0.000534908 -0.0129392 0.00960212
internal_weight=821.697 794.938 783.209 132.994 650.216 316.71 289.931 333.506 286.662 264.656 70.3774 194.279 87.5339 106.745
internal_count=2919 2700 2502 338 2164 1170 1083 994 849 986 194 792 380 412
is_linear=0
shrinkage=0.04


Tree=77
num_leaves=15
num_cat=0
split_feature=0 41 27 42 37 39 22 16 30 1 42 42 25 9
split_gain=20.2047 18.7966 15.7014 15.4303 28.5303 20.6112 19.0174 17.8489 16.1211 17.9908 16.7973 32.5813 20.9176 18.7864
threshold=0.0038499999791383748 0.003249999950639904 1.0000000180025095e-35 0.72626152634620678 0.0010500000207684936 0.0012500000302679839 0.0014499999815598132 0.97269999980926525 0.0023500000825151805 0.36405000090599066 0.90931081771850597 0.98288097977638256 0.0014499999815598132 0.0011500000255182388
decision_type=2 2 2 2 2 2 2 2 2 2 2 2 2 2
left_child=1 2 3 7 5 8 -7 -1 10 -10 -5 -12 13 -13
right_child=-2 -3 -4 4 -6 6 -8 -9 9 -11 11 12 -14 -15
leaf_value=0.018043155156206178 0.036584446621738258 -0.046476390385290597 -0.045177462526823309 -0.010466363865346591 -0.01206723588833699 0.037484284923342263 -0.034505735274807485 -0.042170307942547447 -0.035429997541891599 0.03658013734573435 0.023910210426419762 -0.02687065902282464 -0.022852158516824327 0.027228146157312026
leaf_weight=129.48944373428822 25.915466278791428 13.152927264571188 11.22619319334626 81.197833713144064 218.75236582756042 47.927938498556614 6.5520148277282706 8.2569399923086149 30.777942389249802 6.6308154314756385 131.45101278275251 13.958743892610071 55.421535193920135 37.619966402649879
leaf_count=407 219 60 197 228 750 149 32 7 58 27 377 55 202 151
internal_value=0.00189503 0.000751009 0.00155914 0.00225328 -0.000391764 0.00580602 0.0287058 0.0143768 0.00229372 -0.0224958 0.00521349 0.0105717 -0.00578439 0.0124863
internal_weight=818.331 792.416 779.263 768.037 630.29 411.538 54.48 137.746 357.058 37.4088 319.649 238.451 107 51.5787
internal_count=2919 2700 2640 2443 2029 1279 181 414 1098 85 1013 785 408 206
is_linear=0
shrinkage=0.04


Tree=78
num_leaves=15
num_cat=0
split_feature=0 41 17 12 32 42 37 37 47 17 49 47 42 13
split_gain=19.2973 17.906 15.2678 17.1764 16.3214 15.9011 21.9847 19.0088 20.524 33.337 30.042 21.7633 18.9425 17.6487
threshold=0.0038499999791383748 0.003249999950639904 0.034549999982118614 0.016449999995529655 0.0010500000207684936 0.70618537068367015 0.60525000095367443 0.0010500000207684936 0.0011500000255182388 0.0027499999850988392 1.0000000180025095e-35 0.0022500000195577745 0.98168909549713146 0.018050000071525577
decision_type=2 2 2 2 2 2 2 2 2 2 2 2 2 2
left_child=1 2 5 4 -4 6 -1 8 9 12 13 -10 -7 -11
right_child=-2 -3 3 -5 -6 7 -8 -9 11 10 -12 -13 -14 -15
leaf_value=0.025012184372170596 0.03628465001656004 -0.046146676483399388 -0.015958065704368512 0.028378089277779336 -0.073222590180601926 0.036131922799447984 -0.025527358049454156 -0.0092155272886857223 0.034818551334117431 0.05751699058042653 -0.027886965679150916 0.0062811709544298121 -0.0037149187290756226 -0.017369592556451603
leaf_weight=90.604199010878801 25.101717181503773 12.726359650492666 37.555959006771445 10.244110934436319 10.150008313357828 38.286377910524607 16.077442333102226 207.83872657269239 58.742033459246159 11.735171083360912 90.666938357055187 158.5121973529458 37.610716346651316 8.588656432926653
leaf_count=310 219 60 198 28 31 149 27 715 161 41 320 455 180 25
internal_value=0.00182514 0.000719775 0.00149877 -0.018224 -0.0283531 0.00309701 0.0173414 0.000604939 0.00566625 -0.00403517 -0.018016 0.0140281 0.0163543 0.0257447
internal_weight=814.441 789.339 776.613 57.9501 47.706 718.662 106.682 611.981 404.142 186.888 110.991 217.254 75.8971 20.3238
internal_count=2919 2700 2640 257 229 2383 337 2046 1331 715 386 616 329 66
is_linear=0
shrinkage=0.04


Tree=79
num_leaves=15
num_cat=0
split_feature=0 45 10 23 17 26 22 19 22 3 5 38 22 21
split_gain=18.4274 13.6065 15.8158 15.7122 15.3218 18.0152 13.9429 18.3126 14.1024 13.5199 13.276 12.5378 15.7329 15.5235
threshold=0.0038499999791383748 0.0064499999862164268 1.0000000180025095e-35 0.0086500002071261423 0.036650000140070922 0.0012500000302679839 1.0000000180025095e-35 0.0015499999863095584 0.0036499999696388845 0.002549999975599349 0.025050000287592415 0.0070500001311302194 0.0011500000255182388 0.087950002402067198
decision_type=2 2 2 2 2 2 2 2 2 2 2 2 2 2
left_child=1 4 3 9 11 -6 7 10 -8 -3 -4 12 -1 -14
right_child=-2 2 6 -5 5 -7 8 -9 -10 -11 -12 -13 13 -15
leaf_value=0.0013017356629840082 0.03598248474335887 -0.047163822130114899 0.044590273049333592 0.078161875427366689 -0.035720347126571371 0.021463769632808209 -0.020944767268302297 -0.049881842528778461 0.020922432115270149 0.041502681955674942 -0.021084643660270248 0.038202087138164399 -0.026307476395280745 0.068390572902787133
leaf_weight=537.27056193724275 24.316754214465618 15.473492816090589 48.942025683820248 2.2367776632308951 39.038419177755713 11.210522562265394 21.906688205897808 3.9513028264045706 30.82548101246357 3.2133485078811637 5.3288451433181754 13.40898050367832 51.680665072053671 2.8106518164277068
leaf_count=1864 219 38 118 9 182 46 52 8 91 8 14 51 211 8
internal_value=0.00175646 0.000689827 0.0124112 -0.0193281 -0.00166409 -0.0228659 0.0184446 0.0319303 0.00344698 -0.0315643 0.0380412 9.3228e-05 -0.000769847 -0.0212334
internal_weight=811.615 787.298 131.878 20.9236 655.42 50.2489 110.954 58.2222 52.7322 18.6868 54.2709 605.171 591.762 54.4913
internal_count=2919 2700 338 55 2362 228 283 140 143 46 132 2134 2083 219
is_linear=0
shrinkage=0.04


Tree=80
num_leaves=15
num_cat=0
split_feature=26 19 48 12 9 17 12 31 18 45 45 46 40 3
split_gain=19.9371 21.6512 21.1204 19.0494 17.6889 15.2921 13.8679 14.1021 16.9787 14.4144 19.6022 13.4879 13.1978 14.0881
threshold=0.0010500000207684936 0.0017499999958090486 0.028050000779330734 0.0046500000171363362 0.14734999835491183 0.011850000359117987 0.0042499999981373557 0.0084500000812113302 0.050049999728798873 0.01264999993145466 0.0085500003769993799 0.0012500000302679839 1.0000000180025095e-35 0.0024500000290572648
decision_type=2 2 2 2 2 2 2 2 2 2 2 2 2 2
left_child=2 -2 3 4 6 12 7 9 -9 10 -1 -7 -5 -14
right_child=1 -3 -4 5 -6 11 -8 8 -10 -11 -12 -13 13 -15
leaf_value=0.0010980876091924402 0.039262638227037246 -0.0048802322428712968 -0.024105889643952102 0.055893051624232831 0.03326237665534252 -0.041246333081749957 -0.053045862237463444 -0.027745193483543536 0.027878065382598561 0.025904483989825682 -0.032682833571120791 0.036690812134886334 -0.046216151034086134 0.06312668723215549
leaf_weight=470.14175811782479 42.928043514490128 30.010269414633512 57.481225151568651 24.089118503034118 23.52547250688076 8.2983523532748205 8.3057522252202016 54.794231358915567 10.299359783530234 34.282076857984066 29.083388894796371 6.0286171510815612 4.7814064100384703 2.9653270170092583
leaf_count=1662 251 114 218 71 66 15 9 277 27 102 58 13 19 9
internal_value=0.00113095 0.0210636 -0.000846723 0.00112666 -0.000685084 0.0259035 -0.00201284 -0.00128932 -0.0188536 0.000849353 -0.00086803 -0.00814705 0.04133 -0.00358058
internal_weight=807.014 72.9383 734.076 676.595 630.432 46.1628 606.907 598.601 65.0936 533.507 499.225 14.327 31.8359 7.74673
internal_count=2911 365 2546 2328 2201 127 2135 2126 304 1822 1720 28 99 28
is_linear=0
shrinkage=0.04


Tree=81
num_leaves=15
num_cat=0
split_feature=12 13 0 34 13 35 25 23 17 47 33 9 10 13
split_gain=18.728 22.5731 20.5996 18.9722 16.252 18.5547 18.259 20.7537 16.1899 18.2163 15.632 18.0409 14.377 14.2489
threshold=1.0000000180025095e-35 0.0031500000040978198 0.0011500000255182388 1.0000000180025095e-35 0.33175000548362737 0.0037500000325962905 0.014050000347197058 0.0022500000195577745 0.0036499999696388845 0.0020500000100582842 0.017649999819695953 0.14429999887943271 0.0011500000255182388 0.079549998044967665
decision_type=2 2 2 2 2 2 2 2 2 2 2 2 2 2
left_child=1 12 4 -3 6 -6 7 8 9 13 11 -5 -1 -2
right_child=2 3 -4 10 5 -7 -8 -9 -10 -11 -12 -13 -14 -15
leaf_value=-0.0061254358024663861 -0.035290085777121727 -0.047380072487377446 0.031931166452918894 -0.0043254141292728768 -0.041163417063954579 0.014606139267659374 0.050344663214448818 -0.025052868875463284 0.026970602880005554 0.060607722617009911 -0.040533705495257991 0.030326045175786798 0.037314543896275726 0.047514927247340591
leaf_weight=18.549698036164045 21.72745996713639 16.490529285743833 55.729071818292141 463.85824952833354 23.45697383582592 15.843715205788611 16.183394193649292 27.705840855836868 57.85784575343132 4.9123963564634314 17.870801955461502 25.23562216758728 34.535229239612818 3.7960981950163832
leaf_count=169 43 181 298 1481 72 55 56 63 141 16 132 81 109 14
internal_value=0.00108977 -0.00273794 0.0108169 -0.00526586 0.00391724 -0.0185989 0.010651 0.00504017 0.014546 -0.00895273 -0.003879 -0.0025235 0.0220769 -0.0226811
internal_weight=803.753 576.54 227.213 523.455 171.484 39.3007 132.183 116 88.2938 30.436 506.965 489.094 53.0849 25.5236
internal_count=2911 2153 758 1875 460 127 333 277 214 73 1694 1562 278 57
is_linear=0
shrinkage=0.04


Tree=82
num_leaves=15
num_cat=0
split_feature=27 26 19 23 17 9 19 30 9 29 45 17 12 21
split_gain=18.592 20.058 19.1318 16.3684 25.3017 25.6109 23.9463 14.6451 14.5176 25.3189 16.6788 18.7231 19.9406 15.5082
threshold=1.0000000180025095e-35 0.0010500000207684936 0.0017499999958090486 0.0017499999958090486 0.0090499999932944792 0.05790000036358834 0.002549999975599349 1.0000000180025095e-35 0.0087500000372529047 0.013349999673664572 0.0035500000230968003 0.041850000619888313 0.0030500000575557355 0.090649999678134932
decision_type=2 2 2 2 2 2 2 2 2 2 2 2 2 2
left_child=1 3 -3 8 5 -5 -7 -4 9 -1 11 12 13 -10
right_child=-2 2 7 4 -6 6 -8 -9 10 -11 -12 -13 -14 -15
leaf_value=-0.0068767181975365743 -0.04924887304538425 0.03998051189774559 -0.031574344742318856 -0.0080626841724615993 -0.02606064582384077 0.046959323036409664 -0.04483129708670755 0.025492378121390727 0.0011401395059154331 0.059178652250756074 0.031441460090446578 -0.034860894923860145 0.040455886662214037 0.052249127460999294
leaf_weight=205.06832795217633 11.481807377189396 40.580852754414082 14.121685847640039 107.66693108901381 86.585593000054359 27.876620285212994 5.3040043711662284 14.437482789158819 174.68845098465681 9.6169095635414106 47.865546628832817 16.922784306108952 27.472821958363056 9.9592371731996518
leaf_count=721 195 244 37 432 281 107 9 65 507 34 126 56 74 23
internal_value=0.00105071 0.00179469 0.022357 -0.000179801 -0.00905573 0.00138068 0.0320756 -0.00259761 0.00391947 -0.00387294 0.00997452 0.00545913 0.00870958 0.00394522
internal_weight=799.649 788.167 69.14 719.027 227.433 140.848 33.1806 28.5592 491.594 214.685 276.909 229.043 212.121 184.648
internal_count=2911 2716 346 2370 829 548 116 102 1541 755 786 660 604 530
is_linear=0
shrinkage=0.04


Tree=83
num_leaves=15
num_cat=0
split_feature=27 13 12 37 34 5 5 1 13 9 5 24 29 42
split_gain=17.7477 20.3128 20.3837 18.0448 15.5811 14.5151 15.474 22.917 24.2673 18.3989 21.5239 15.5133 14.7496 16.3941
threshold=1.0000000180025095e-35 0.0031500000040978198 1.0000000180025095e-35 0.011450000107288362 1.0000000180025095e-35 0.04150000028312207 0.0022500000195577745 0.28174999356269842 0.59679999947547924 0.11435000225901605 0.0018500000005587938 0.059049999341368682 1.0000000180025095e-35 0.91033020615577709
decision_type=2 2 2 2 2 2 2 2 2 2 2 2 2 2
left_child=1 3 4 -1 -3 6 9 11 -9 10 -6 12 -8 -14
right_child=-2 2 -4 -5 5 -7 7 8 -10 -11 -12 -13 13 -15
leaf_value=0.03625927955941019 -0.049002416813074483 -0.046896011599243448 0.010216933457239175 -0.025006579929679862 -0.0042876438795496049 0.035981398772855978 -0.025957199912946836 0.043259275403688228 -0.03821555373062277 0.045475692920143571 0.035451527102995678 -0.034216981198470643 -0.014809994712802905 0.022447753748951898
leaf_weight=43.963403791189194 11.086461706086991 13.334398388862608 218.74659525603056 9.1642256528139097 229.1628518179059 14.554892696440218 51.910998947918415 21.002881295979027 7.9567363113164893 14.634045280516146 23.996708292514086 60.102024860680103 42.614829685539007 33.757650427520275
leaf_count=192 195 133 734 24 797 65 112 85 16 36 70 202 130 120
internal_value=0.00101351 0.00173121 0 0.025589 -0.00436338 -0.00321124 -0.00440249 -0.0123322 0.0206817 0.00202061 -0.000492508 -0.0174367 -0.00952333 0.00161394
internal_weight=795.989 784.902 731.775 53.1276 513.028 499.694 485.139 217.345 28.9596 267.794 253.16 188.386 128.283 76.3725
internal_count=2911 2716 2500 216 1766 1633 1568 665 101 903 867 564 362 250
is_linear=0
shrinkage=0.04


Tree=84
num_leaves=15
num_cat=0
split_feature=26 48 12 15 9 1 12 31 18 45 45 23 5 6
split_gain=16.3027 18.4909 15.5583 14.555 14.5541 13.9876 13.0249 12.6078 15.1002 12.8769 18.3107 13.0337 16.7477 19.3648
threshold=0.0010500000207684936 0.028050000779330734 0.0046500000171363362 0.12480000033974649 0.14734999835491183 0.14375000447034839 0.0042499999981373557 0.0084500000812113302 0.050049999728798873 0.01264999993145466 0.0085500003769993799 0.0017499999958090486 0.0064499999862164268 0.0012500000302679839
decision_type=2 2 2 2 2 2 2 2 2 2 2 2 2 2
left_child=1 2 4 -2 6 -5 7 9 -9 10 11 12 -1 -14
right_child=3 -3 -4 5 -6 -7 -8 8 -10 -11 -12 -13 13 -15
leaf_value=0.00093669401171887377 0.031943112807670968 -0.022930557697169434 0.023664065713111387 -0.042267302283429127 0.03059591759924802 0.021368909112941991 -0.052387186379091892 -0.026632737759089663 0.026094060177013007 0.024700779397653638 -0.031844298492162457 -0.012936355584981183 0.041607124684808525 -0.0097079907359235527
leaf_weight=326.98896040953696 47.445153418928385 55.661708053201437 45.253568902611732 9.9493340924382228 22.930668383836746 12.115359861403702 7.9390116557478896 52.895451385527849 10.237626999616621 33.948001064360142 28.42030331492424 85.352028027176857 36.324362896382809 17.16709791123867
leaf_count=1164 281 218 127 35 66 49 9 277 27 102 58 326 118 54
internal_value=0.000975221 -0.000799102 0.00104369 0.0194658 -0.000598628 -0.00720648 -0.00180384 -0.00110922 -0.0179916 0.000904091 -0.000726972 0.00116933 0.00434669 0.0250765
internal_weight=792.629 723.119 667.457 69.5098 622.204 22.0647 599.273 591.334 63.1331 528.201 494.253 465.832 380.48 53.4915
internal_count=2911 2546 2328 365 2201 84 2135 2126 304 1822 1720 1662 1336 172
is_linear=0
shrinkage=0.04


Tree=85
num_leaves=15
num_cat=0
split_feature=38 41 44 22 18 1 15 3 48 6 36 30 21 3
split_gain=20.0365 17.8154 14.9157 19.7946 16.7671 16.5288 19.0338 18.249 17.4402 16.8253 16.4065 15.7795 15.3709 15.2008
threshold=0.0063499999232590207 0.0010500000207684936 0.29444999992847448 0.0014499999815598132 0.0035500000230968003 0.026549999602139 0.0066499998793005952 0.0011500000255182388 0.01544999983161688 0.0023500000825151805 0.0013499999768100681 0.0014499999815598132 0.11864999681711198 0.0023500000825151805
decision_type=2 2 2 2 2 2 2 2 2 2 2 2 2 2
left_child=1 2 3 4 5 10 7 -7 9 -9 12 -12 13 -1
right_child=-2 -3 -4 -5 -6 6 -8 8 -10 -11 11 -13 -14 -15
leaf_value=-0.0083322973637911264 0.031897578547443219 -0.039823157751142244 0.051856444721687732 -0.017709715684563712 0.025604584401535329 0.032703918864272701 -0.0056996842202229015 0.0057583308660727629 0.034570242294389146 -0.038831264497489408 -0.030058312637593398 0.071649811678867067 0.065754809109854873 0.014333822823346472
leaf_weight=199.92646091245115 31.772520821541548 17.871289111673832 8.8315302506089193 90.197244862094522 45.707848150283098 63.184041447937489 110.23515944555402 76.545649103820324 26.608093105256557 16.332877144217491 53.420598801225424 2.4425178840756407 5.2117202877998343 61.841913387179375
leaf_count=831 185 84 31 342 153 172 376 199 131 32 247 16 6 165
internal_value=0.00081099 -0.000456761 0.000468198 -0.000137083 0.00225542 0.000511806 0.00739681 0.0153207 0.00607549 -0.00207315 -0.00572272 -0.0254197 -0.00157834 -0.0029588
internal_weight=810.129 778.357 760.486 751.654 661.457 615.749 292.906 182.671 119.487 92.8785 322.843 55.8631 266.98 261.768
internal_count=2970 2785 2701 2670 2328 2175 910 534 362 231 1265 263 1002 996
is_linear=0
shrinkage=0.04


Tree=86
num_leaves=15
num_cat=0
split_feature=0 41 44 21 36 20 13 29 46 25 7 48 1 31
split_gain=18.6873 16.7319 14.329 12.8809 15.2753 16.3225 22.5255 24.3377 14.1094 13.3121 31.9665 15.117 12.1998 18.1332
threshold=0.0038499999791383748 0.0010500000207684936 0.2877000123262406 0.19720000028610232 0.0016499999910593035 0.11139150708913804 0.13745000213384631 0.011149999685585501 0.003249999950639904 0.0012500000302679839 0.0047500000800937423 0.0073500000871717939 0.023750000633299354 0.0023500000825151805
decision_type=2 2 2 2 2 2 2 2 2 2 2 2 2 2
left_child=1 2 3 4 8 6 7 -6 9 10 12 -11 -1 -14
right_child=-2 -3 -4 -5 5 -7 -8 -9 -10 11 -12 -13 13 -15
leaf_value=-0.0019307992322430876 0.036788315623388176 -0.038093917111224014 0.050734289575282164 0.041420927116692548 -0.015380663167741391 0.027100354711697607 -0.039687068832148786 0.041010100671855731 0.017673494215974309 -0.010741630255072791 0.078940129955019353 0.0086981998554882707 0.036214758261239308 -0.013345872520649921
leaf_weight=143.47631299868226 22.324213124811649 18.153125982731581 8.9339945465326291 11.756785809993742 61.601457318291068 14.583919443190096 45.639010585844517 15.162369705736635 80.748144740238786 232.14143832400441 9.4987909011542779 88.048844829201698 36.734356708824635 17.180801138281822
leaf_count=632 220 87 30 30 283 51 148 34 269 712 30 308 106 30
internal_value=0.000783354 -0.000241783 0.000655471 5.22019e-05 -0.000600899 -0.0126665 -0.0174555 -0.00415147 0.00211338 -0.00026572 0.0076324 -0.00538235 0.00414247 0.0203521
internal_weight=805.984 783.659 765.506 756.572 744.815 136.987 122.403 76.7638 607.829 527.081 206.89 320.19 197.391 53.9152
internal_count=2970 2750 2663 2633 2603 516 465 317 2087 1818 798 1020 768 136
is_linear=0
shrinkage=0.04


Tree=87
num_leaves=15
num_cat=0
split_feature=38 27 0 44 23 7 8 25 7 22 9 45 29 34
split_gain=18.2127 14.1582 14.195 13.4682 14.6439 14.0492 21.318 17.2924 14.6764 14.0782 13.6404 13.2842 17.3402 13.5156
threshold=0.0063499999232590207 1.0000000180025095e-35 0.0023500000825151805 0.29444999992847448 0.0011500000255182388 0.00045000000682193791 0.013749999925494196 0.0037500000325962905 0.0010500000207684936 1.0000000180025095e-35 0.028849999420344833 0.0057500000111758718 0.0037500000325962905 0.0058500000741332778
decision_type=2 2 2 2 2 2 2 2 2 2 2 2 2 2
left_child=1 2 3 4 5 -1 9 8 -8 -7 -11 12 13 -6
right_child=-2 -3 -4 -5 11 6 7 -9 -10 10 -12 -13 -14 -15
leaf_value=-0.0064889937110915053 0.030790165711393588 -0.047801948048611584 0.028809360170336331 0.049905184370771273 -0.011077852130419454 0.017195793464481159 0.039213367059757122 0.021970834525064063 -0.034701005425047414 -0.028562092777976129 0.044931059685845369 0.0062803841659142753 -0.0046683311834056079 -0.044529953659578354
leaf_weight=161.0154544301331 30.959837883710861 9.871959947049616 26.622006274759769 8.1603749319910985 37.38231085985899 205.86440808326006 4.7075610011816016 16.09274760633707 38.266301326453686 20.615808993577961 4.8930472731590262 69.837957315146923 126.37942141294479 40.992631964385509
leaf_count=604 185 193 194 27 139 561 19 55 68 57 14 210 555 89
internal_value=0.000757445 -0.000447647 0.000167732 -0.000869133 -0.00145211 0.0029716 0.0082306 -0.0131672 -0.026439 0.0137138 -0.0141882 -0.00873809 -0.0138807 -0.0286598
internal_weight=801.662 770.702 760.83 734.208 726.048 451.455 290.44 59.0666 42.9739 231.373 25.5089 274.592 204.754 78.3749
internal_count=2970 2785 2592 2398 2371 1378 774 142 87 632 71 993 783 228
is_linear=0
shrinkage=0.04


Tree=88
num_leaves=15
num_cat=0
split_feature=0 44 21 15 24 7 9 34 22 13 43 7 1 17
split_gain=17.2336 13.1104 12.469 14.7792 23.8177 21.8512 19.5676 21.9337 19.0504 18.8988 19.4662 16.6209 15.9644 15.7515
threshold=0.0038499999791383748 0.2877000123262406 0.19720000028610232 0.0066499998793005952 0.096500001847744002 0.00045000000682193791 0.11435000225901605 0.023399999365210537 0.0014499999815598132 0.0062500000931322583 0.0022500000195577745 0.013249999843537809 0.077700000256299986 1.0000000180025095e-35
decision_type=2 2 2 2 2 2 2 2 2 2 2 2 2 2
left_child=1 2 3 5 -5 13 7 -6 9 -7 -11 -10 -9 -1
right_child=-2 -3 -4 4 6 8 -8 12 11 10 -12 -13 -14 -15
leaf_value=0.012086826430703303 0.036358176814091668 0.048494883121374031 0.039927511740813042 -0.026624296265773971 -0.010341856593993398 0.044254774837806064 -0.018944117707617125 0.075829153865576843 -0.029821005175743036 0.0051072237116960278 0.042297850036112992 0.031149737956559873 0.017882228343093675 -0.014498461455196452
leaf_weight=45.660418029874563 21.047823779284954 8.631857752799986 11.73891296982765 86.174960978329182 28.098527614027262 25.417933862656355 43.584589004516602 11.364762112498282 34.172878740355372 265.22713116742671 24.569726623594761 8.8945873100310546 23.678035244345665 159.65820047818124
leaf_count=212 220 30 30 386 128 79 134 38 109 756 94 36 87 631
internal_value=0.000729606 -0.000235086 -0.000794057 -0.00143643 -0.0109929 0.00182868 0.00160426 0.015859 0.00779609 0.0112137 0.00828764 -0.0170933 0.0369512 -0.00856373
internal_weight=797.92 776.873 768.241 756.502 192.901 563.601 106.726 63.1413 358.282 315.215 289.797 43.0675 35.0428 205.319
internal_count=2970 2750 2720 2690 773 1917 387 253 1074 929 850 145 125 843
is_linear=0
shrinkage=0.04


Tree=89
num_leaves=15
num_cat=0
split_feature=38 41 27 0 44 22 18 34 36 13 11 46 49 13
split_gain=16.9703 15.616 13.7677 12.8544 11.2251 12.623 15.0871 14.6757 13.6839 19.013 25.5074 14.0928 14.2161 13.3703
threshold=0.0094499997794628161 0.0010500000207684936 1.0000000180025095e-35 0.0038499999791383748 0.29444999992847448 0.0014499999815598132 0.0035500000230968003 0.050075000151991851 0.0016499999910593035 0.13745000213384631 0.092311780899763121 0.0055499998852610597 0.16450000554323199 0.013349999673664572
decision_type=2 2 2 2 2 2 2 2 2 2 2 2 2 2
left_child=1 2 3 4 5 6 7 8 11 10 -10 12 13 -1
right_child=-2 -3 -4 -5 -6 -7 -8 -9 9 -11 -12 -13 -14 -15
leaf_value=0.012238658714184425 0.036161403865375585 -0.038171053774119564 -0.047674554592581839 0.038639385346685769 0.047587378553512964 -0.014218547388255665 0.024315420634056381 0.032717409613470722 -0.054086440454150772 -0.038550797845722781 0.011462429183598436 0.023649996537490531 -0.039050115428453588 -0.0035657621168179738
leaf_weight=119.82310695201159 20.927779894322157 16.900259591639042 9.2348483968526107 14.293232325464485 7.8985336124896994 88.361240208148956 44.600304760038853 21.322431735694408 11.696751266717909 34.441869273781776 48.593511745333672 42.7000417932868 14.615910984575747 299.17224801331758
leaf_count=422 140 86 190 145 27 306 131 67 55 104 165 137 33 962
internal_value=0.000704472 -0.000254038 0.000592393 0.00120033 0.000459883 -5.42921e-05 0.00190625 0.000208449 -0.00100393 -0.0148844 -0.0012568 0.00175086 -0.000401405 0.000946239
internal_weight=794.582 773.654 756.754 747.519 733.226 725.327 636.966 592.366 571.043 94.7321 60.2903 476.311 433.611 418.995
internal_count=2970 2830 2744 2554 2409 2382 2076 1945 1878 324 220 1554 1417 1384
is_linear=0
shrinkage=0.04


Tree=90
num_leaves=15
num_cat=0
split_feature=41 1 46 44 10 22 42 7 6 3 25 10 7 11
split_gain=16.6574 16.7016 13.351 19.497 14.3466 13.022 13.3924 15.4782 23.6432 18.4435 15.1539 14.8941 14.0997 14.0552
threshold=0.0011500000255182388 0.026050000451505188 0.0011500000255182388 0.04279999993741513 0.0020500000100582842 0.0012500000302679839 0.98673769831657421 0.0014499999815598132 0.0014499999815598132 0.014500000048428776 0.0028499999316409235 0.043250000104308135 0.00035000000207219278 0.01942316256463528
decision_type=2 2 2 2 2 2 2 2 2 2 2 2 2 2
left_child=1 2 3 5 -4 6 7 11 9 -9 12 13 -8 -1
right_child=-2 -3 4 -5 -6 -7 10 8 -10 -11 -12 -13 -14 -15
leaf_value=0.039122548086233958 -0.035193271357470052 0.009077063534500435 0.012737818597436197 0.054363624151445133 -0.043711630385484937 -0.02594928734714055 -0.024519841379418279 0.037252113534190182 -0.021307201225504443 -0.049196755528965498 -0.035984565188999285 0.053855679517558319 0.01536247983451024 -0.0083613587304173596
leaf_weight=10.65510708466172 18.687289200723171 366.5228105597198 10.127472056075929 9.9695627838373166 23.76029933616519 33.040950562804937 23.925171699374914 57.749095719307661 17.309207549318671 4.1143715865910044 29.855814818292856 7.1646728031337252 34.493261314928532 134.21420785225928
leaf_count=32 94 1254 38 29 72 160 160 155 61 17 140 24 132 585
internal_value=0.00200015 0.00292094 -0.00276226 -0.000503267 -0.026736 -0.00208126 0.000382019 0.00545461 0.019789 0.031368 -0.0128499 -0.00199192 -0.000916893 -0.00481676
internal_weight=781.589 762.902 396.379 362.491 33.8878 352.522 319.481 231.207 79.1727 61.8635 88.2742 152.034 58.4184 144.869
internal_count=2953 2859 1605 1495 110 1466 1306 874 233 172 432 641 292 617
is_linear=0
shrinkage=0.04


Tree=91
num_leaves=15
num_cat=0
split_feature=41 27 0 11 17 12 37 21 33 37 12 5 21 31
split_gain=15.6668 15.4398 16.5991 12.9613 13.0422 19.0938 18.8893 13.0353 11.6014 12.4394 11.3053 11.1035 11.3836 10.0235
threshold=0.0011500000255182388 1.0000000180025095e-35 1.0000000180025095e-35 0.20132392644882205 0.025249999947845939 0.0012500000302679839 0.0011500000255182388 0.0018500000005587938 0.0027499999850988392 0.37949998676776892 0.034900000318884856 0.12374999746680261 0.18074999749660495 0.013650000095367433
decision_type=2 2 2 2 2 2 2 2 2 2 2 2 2 2
left_child=1 2 11 7 13 6 -6 -4 -7 10 -10 12 -1 -5
right_child=-2 -3 3 4 5 8 -8 -9 9 -11 -12 -13 -14 -15
leaf_value=-0.00061691945900294314 -0.034545072975328939 -0.047380286825036921 0.015459695008732765 0.035428429661244959 0.006280987499274672 0.041731361529184524 -0.068849875321271611 -0.090780910998428874 -0.060908239946768784 0.060837192378641103 0.033066285217223566 0.051550176198327816 0.039608318131936195 -0.017618931122137412
leaf_weight=600.53170331940055 18.28648010827601 9.5713859442621452 3.7138124331831923 64.122247312217951 13.011648774147035 21.062647324055433 8.8816673159599286 3.4322497695684433 6.2381554879248124 3.0882476195693007 2.8888943418860435 6.6960029155015937 11.370815351605414 6.0893932804465285
leaf_count=2032 94 203 14 231 63 158 27 9 25 12 16 24 29 16
internal_value=0.00192424 0.00281061 0.00346172 0.0163042 0.0193182 0.00466541 -0.0241906 -0.0355642 0.023785 -0.0069223 -0.0306939 0.000701688 0.000130389 0.0307523
internal_weight=778.985 760.699 751.127 132.529 125.383 55.1713 21.8933 7.14606 33.2779 12.2153 9.12705 618.599 611.903 70.2116
internal_count=2953 2859 2656 571 548 301 90 23 211 53 41 2085 2061 247
is_linear=0
shrinkage=0.04


Tree=92
num_leaves=15
num_cat=0
split_feature=41 1 4 12 44 16 49 1 17 38 37 48 23 5
split_gain=14.7361 15.0435 13.6204 15.5984 15.3574 20.0586 23.2364 26.6763 19.5004 15.3879 14.5008 13.7755 22.9717 13.5332
threshold=0.0011500000255182388 0.026050000451505188 0.52304998040199291 0.0010500000207684936 0.21050000190734866 0.0012500000302679839 0.041249999776482589 0.28174999356269842 0.0019500000635161998 0.0018500000005587938 0.75204998254776012 0.020450000651180748 0.002549999975599349 0.034749999642372138
decision_type=2 2 2 2 2 2 2 2 2 2 2 2 2 2
left_child=1 -1 3 4 5 6 -3 9 -7 -8 11 -5 -13 -10
right_child=-2 2 -4 10 -6 8 7 -9 13 -11 -12 12 -14 -15
leaf_value=-0.0027097259951151492 -0.033900159756815117 0.025531652069972911 -0.046877077331150652 0.044347726922020742 0.052354284051526097 0.035447861094817977 -0.036549499246693561 0.03407410950341172 -0.021208496749877889 0.047745800026054885 -0.024319297779882839 0.037672972065989296 -0.012640850905567255 0.046496898962077746
leaf_weight=393.30102762579918 17.898809047415853 82.059745784848928 6.8343179859220973 41.683580935001373 10.024872846901415 12.511116579174994 32.46911165677011 16.104016989469528 86.957973197102547 3.7519455924630156 9.5920073091983777 30.783193629235029 27.170843202620745 4.8678960502147666
leaf_count=1605 94 235 18 148 30 60 78 77 264 16 21 165 121 21
internal_value=0.00185526 0.00270907 0.00856117 0.00964353 0.00408718 0.00202243 0.0122493 -0.00851373 -0.0111104 -0.0276003 0.022245 0.0267877 0.0140341 -0.0175291
internal_weight=776.01 758.112 364.811 357.976 248.747 238.722 134.385 52.3251 104.337 36.2211 109.23 99.6376 57.954 91.8259
internal_count=2953 2859 1254 1236 781 751 406 171 345 94 455 434 286 285
is_linear=0
shrinkage=0.04


Tree=93
num_leaves=15
num_cat=0
split_feature=27 0 45 35 6 29 11 24 21 35 21 21 5 30
split_gain=14.6386 15.3562 11.8549 11.3873 11.5262 16.5963 14.4776 12.2818 11.8801 11.5655 10.6938 10.1528 9.70408 12.469
threshold=1.0000000180025095e-35 1.0000000180025095e-35 0.0039500000420957812 0.050999999046325691 0.0014499999815598132 0.0057500000111758718 0.20132392644882205 0.086849998682737364 0.0012500000302679839 0.0014499999815598132 0.19720000028610232 0.0017499999958090486 0.12374999746680261 0.0034500000765547161
decision_type=2 2 2 2 2 2 2 2 2 2 2 2 2 2
left_child=1 10 3 4 6 -6 8 -8 -3 -7 12 -5 13 -1
right_child=-2 2 -4 11 5 9 7 -9 -10 -11 -12 -13 -14 -15
leaf_value=-9.8939104977553705e-05 -0.047196824854832266 0.028415412771631145 0.037612204353911376 0.040766947922276468 -0.050323074055422502 -0.029962240474765901 0.041089440574554839 0 -0.080870825513677552 0.023130634152785049 0.041221590315900468 -0.13153838615954397 0.046412651106227117 -0.026595528469187481
leaf_weight=582.48451618105173 9.5305353384464961 2.6122580692172042 28.463957685977221 0.70622248202562277 9.9759561568498594 8.9416667148470861 37.508249364793301 16.842815682291985 3.6751158982515335 23.580438777804375 9.7130712121725065 1.5945573672652242 6.7653041854500762 29.791669137775898
leaf_count=2038 207 12 168 4 30 15 180 56 8 101 26 7 26 75
internal_value=0.00179077 0.00241429 0.0147088 0.00845806 0.0104873 -0.00540443 0.0216814 0.0283763 -0.0351047 0.0083635 -0.000199534 -0.0774882 -0.000862465 -0.00139885
internal_weight=772.186 762.656 133.901 105.437 103.137 42.4981 60.6384 54.3511 6.28737 32.5221 628.755 2.30078 619.041 612.276
internal_count=2953 2746 581 413 402 146 256 236 20 116 2165 11 2139 2113
is_linear=0
shrinkage=0.04


Tree=94
num_leaves=15
num_cat=0
split_feature=41 42 42 9 23 14 30 12 5 24 14 8 23 32
split_gain=13.7535 13.8445 14.9274 12.0247 11.8223 12.2211 16.3978 16.5721 12.278 11.6492 12.1216 11.2139 11.0346 10.9309
threshold=0.0011500000255182388 0.71738088130950939 0.49688316881656652 0.21480000019073489 0.058150000870227821 0.10064999759197236 0.0023500000825151805 0.002650000038556755 0.038450000807642944 0.0090499999932944792 0.49044999480247503 0.63260000944137584 0.052000001072883613 0.0061500000301748523
decision_type=2 2 2 2 2 2 2 2 2 2 2 2 2 2
left_child=1 2 -1 4 5 8 -7 9 12 -8 -11 -4 -3 -5
right_child=-2 3 11 13 -6 6 7 -9 -10 10 -12 -13 -14 -15
leaf_value=-0.0043075015448281505 -0.03326511150728037 -0.0044967383750589259 0.026811496173558727 0.039550738935358737 -0.036780963100619207 0.01956653332414245 0.077067671112168029 0.047827456125352955 0.045947556180787927 -0.039873372513123749 0.042733591524785064 -0.04917331652540944 0.089943222482285229 -0.057488250163955236
leaf_weight=44.9893145468086 17.447855398058891 446.27869731932878 83.750469064339995 18.690904557704929 14.313246630132197 93.482735112309456 1.5911093447357441 5.9820121228694907 7.8820753991603842 25.139898054301742 3.0746732242405406 3.1020879819989196 1.8848560974001873 1.9414268545806397
leaf_count=117 94 1738 417 83 44 287 7 23 22 69 20 17 6 9
internal_value=0.00172553 0.0025469 0.0143129 3.75717e-05 -0.000991327 -0.000103166 0.010741 -0.0121913 -0.00318751 -0.0244905 -0.0306109 0.0239981 -0.00407065 0.0299935
internal_weight=769.551 752.104 131.842 620.262 599.629 585.316 129.27 35.7877 456.046 29.8057 28.2146 86.8526 448.164 20.6323
internal_count=2953 2859 551 2308 2216 2172 406 119 1766 96 89 434 1744 92
is_linear=0
shrinkage=0.04


Tree=95
num_leaves=15
num_cat=0
split_feature=3 47 45 33 15 10 1 17 11 18 33 40 30 45
split_gain=16.6352 16.5598 21.7298 16.2255 17.5701 15.7312 15.4869 14.9221 13.6386 19.3735 17.8365 18.5167 16.0007 16.307
threshold=0.0027499999850988392 0.0029499999945983295 0.0039500000420957812 0.01925000082701445 0.067800000309944167 0.0051500000990927228 0.28174999356269842 0.0024500000290572648 0.5157403051853181 0.003249999950639904 0.013050000183284284 0.0011500000255182388 1.0000000180025095e-35 0.0080500002950429934
decision_type=2 2 2 2 2 2 2 2 2 2 2 2 2 2
left_child=3 5 -3 4 6 7 8 -2 9 10 11 12 13 -1
right_child=1 2 -4 -5 -6 -7 -8 -9 -10 -11 -12 -13 -14 -15
leaf_value=0.0028173691411758524 0.028314183369286795 -0.013937246405112701 0.017495966418719797 -0.041322497275561018 0.048256503972130674 0.024927143601903991 0.039630722797883114 -0.022824152222721602 -0.022815956282131331 0.026941567049811124 0.081664104888903424 -0.034178904218160139 -0.027155427488589803 -0.034081930901157922
leaf_weight=235.87536215223372 13.967094004154204 97.680915862321854 54.820507809519768 19.475416557863355 9.9166068974882347 99.671815939247608 11.835979141294954 25.799921475350857 69.095592280849814 30.641866143792868 3.548720706254243 36.179050540551543 40.670837473124266 20.755251467227936
leaf_count=898 38 302 220 137 56 434 47 68 204 119 15 256 93 44
internal_value=-0.00103616 0.00647949 -0.00260751 -0.00563519 -0.00410198 0.0164412 -0.0052788 -0.00473689 -0.00651376 -0.00343388 -0.00621458 -0.00718593 -0.00387727 -0.00016343
internal_weight=769.935 291.94 152.501 477.995 458.519 139.439 448.603 39.767 436.767 367.671 337.029 333.481 297.301 256.631
internal_count=2931 1062 522 1869 1732 540 1676 106 1629 1425 1306 1291 1035 942
is_linear=0
shrinkage=0.04


Tree=96
num_leaves=15
num_cat=0
split_feature=26 33 28 37 21 28 5 29 17 47 21 9 5 37
split_gain=16.658 12.5602 13.0246 13.7235 19.4448 12.6415 14.0939 13.6954 15.091 19.2674 14.2013 13.6169 15.3955 12.1826
threshold=0.0014499999815598132 0.067450001835823073 0.0021493949461728339 1.0000000180025095e-35 0.0051500000990927228 0.0036986500490456824 0.0036499999696388845 1.0000000180025095e-35 0.0024500000290572648 0.033749999478459365 0.14185000211000445 0.019450000487267975 0.0069500000681728133 0.66324999928474437
decision_type=2 2 2 2 2 2 2 2 2 2 2 2 2 2
left_child=1 2 3 4 -1 6 -4 8 11 -10 13 12 -7 -9
right_child=-2 -3 5 -5 -6 7 -8 10 9 -11 -12 -13 -14 -15
leaf_value=-0.013251781090835951 0.023392597120935364 -0.046037296962913546 0.027321024495969945 -0.048165958833764434 0.054137224369821935 -0.017917150892547109 -0.063658521412882849 0.0027384627901609975 -0.024515996259792262 0.047794425719091684 0.051448372634412098 0.046760440479414397 0.039434293800050542 -0.047292921270977624
leaf_weight=95.911867247894406 42.191246427595615 10.323704067617653 41.015817496925592 16.07286024466157 7.2618310004472724 30.863362340256572 2.800360679626464 380.4918707460165 95.863731246441603 6.1556031554937354 9.3155782818794233 10.555118300020693 9.7620860263705236 7.8441666364669791
leaf_count=434 297 72 139 94 20 112 5 1238 401 14 25 27 36 17
internal_value=-0.0010006 -0.00243021 -0.00178766 -0.0138484 -0.00842208 0.000626038 0.0212836 -0.00101342 -0.0111761 -0.0200713 0.00289364 0.00648135 -0.00397469 0.00170564
internal_weight=766.429 724.238 713.914 119.247 103.174 594.668 43.8162 550.852 153.2 102.019 397.652 51.1806 40.6254 388.336
internal_count=2931 2634 2562 548 454 2014 144 1870 590 415 1280 175 148 1255
is_linear=0
shrinkage=0.04


Tree=97
num_leaves=15
num_cat=0
split_feature=26 33 9 17 32 16 29 11 29 23 5 47 20 32
split_gain=15.4615 11.9502 10.4124 20.8625 18.4709 18.2112 17.271 17.29 14.1759 18.0852 38.5508 18.4516 14.8479 14.444
threshold=0.0014499999815598132 0.067450001835823073 0.0099499998614192026 0.0031500000040978198 1.0000000180025095e-35 0.0015499999863095584 0.040800001472234733 0.01942316256463528 0.0041499999351799497 0.0017499999958090486 0.0010500000207684936 0.0058500000741332778 0.0017993750516325238 0.0015499999863095584
decision_type=2 2 2 2 2 2 2 2 2 2 2 2 2 2
left_child=1 2 6 4 -4 -6 7 -1 9 10 -5 -11 -10 -13
right_child=-2 -3 3 8 5 -7 -8 -9 12 11 -12 13 -14 -15
leaf_value=0.025278173239412165 0.022619449852943889 -0.045477055047186042 0.027516370375645915 -0.043571350171846712 0.033894261671398994 -0.031183745238501603 0.079303403128382161 -0.011944316185207089 0.073202502680647347 -0.051662645090782215 0.020973312117689519 0.016254458346211951 0.0017756518934980321 -0.051100220873348222
leaf_weight=21.541446730494499 41.897543355822563 10.039842292666433 78.584691653028131 21.806585295125842 10.276509910821916 20.184109043329954 3.4854782335460177 250.41080903448164 4.6727246865630141 30.263985883444548 45.577294766902924 16.421378001570705 201.1466676518321 7.2497164979577056
leaf_count=102 297 72 267 127 24 61 12 976 8 80 160 62 662 21
internal_value=-0.000965289 -0.00234304 -0.00172256 0.00211514 0.017264 -0.0090584 -0.00781303 -0.008973 -0.00292596 -0.0137722 0 -0.0310115 0.00345144 -0.00433409
internal_weight=763.559 721.661 711.621 436.184 109.045 30.4606 275.438 271.952 327.138 121.319 67.3839 53.9351 205.819 23.6711
internal_count=2931 2634 2562 1472 352 85 1090 1078 1120 450 287 163 670 83
is_linear=0
shrinkage=0.04


Tree=98
num_leaves=15
num_cat=0
split_feature=5 41 28 11 1 1 37 35 11 7 3 8 10 39
split_gain=14.6798 13.8737 13.1281 13.8671 15.9421 14.0999 13.2896 15.4742 14.1897 13.4993 13.0432 28.9864 12.0297 11.8669
threshold=0.10444999858736993 0.0011500000255182388 0.0021493949461728339 0.01942316256463528 0.0014499999815598132 0.0015499999863095584 1.0000000180025095e-35 0.0016499999910593035 0.016606556251645092 1.0000000180025095e-35 0.0022500000195577745 0.0022500000195577745 0.0011500000255182388 1.0000000180025095e-35
decision_type=2 2 2 2 2 2 2 2 2 2 2 2 2 2
left_child=1 2 6 12 -5 -6 7 8 9 -1 -10 -12 -4 -9
right_child=-2 -3 3 4 5 -7 -8 13 10 -11 11 -13 -14 -15
leaf_value=-0.040646571906998955 0.035206895781537996 -0.042659840529483795 -0.026911872031172752 -0.035271898812969139 0.080175130454989085 0.0011935099829686292 -0.047579069119905074 0.061842505998282754 -0.025966978624585257 0.078448472031010991 0.058765124605376105 -0.039203520220366862 0.072573169673943144 -0.044818609888880367
leaf_weight=2.0881466418504706 17.458772368729115 12.961426243185995 2.4765079505741578 19.180820636451244 3.541400395333766 579.59313021041453 15.618572946637867 7.8013232089579088 66.328956842422485 4.7883130386471748 9.8987071588635462 9.2209848314523679 7.5779667273163795 1.9933252856135366
leaf_count=24 125 87 16 238 8 1897 94 31 312 18 26 25 13 17
internal_value=-0.000931732 -0.00179083 -0.00105407 0.00129251 0.000504217 0.00169369 -0.0132836 -0.00795777 -0.0130728 0.0416458 -0.0175666 0.0113509 0.0476515 0.0394979
internal_weight=760.528 743.07 730.108 612.37 602.315 583.135 117.738 102.12 92.3251 6.87646 85.4486 19.1197 10.0545 9.79465
internal_count=2931 2806 2719 2172 2143 1905 547 453 405 42 363 51 29 48
is_linear=0
shrinkage=0.04


Tree=99
num_leaves=15
num_cat=0
split_feature=3 33 15 47 45 10 1 44 43 47 3 11 9 32
split_gain=14.1704 15.1646 15.5084 15.1064 19.6169 14.2438 14.0602 13.1634 20.5766 18.8544 15.6843 13.087 21.6785 17.5469
threshold=0.0027499999850988392 0.01925000082701445 0.067800000309944167 0.0029499999945983295 0.0039500000420957812 0.0051500000990927228 0.28174999356269842 0.0019500000635161998 0.0021499999566003685 0.0049499999731779107 0.0037500000325962905 0.5157403051853181 0.013749999925494196 0.0018500000005587938
decision_type=2 2 2 2 2 2 2 2 2 2 2 2 2 2
left_child=1 2 6 5 7 -2 11 8 -5 10 -10 12 -1 -14
right_child=3 -3 -4 4 -6 -7 -8 -9 9 -11 -12 -13 13 -15
leaf_value=-0.0091022022280770557 -0.0046272086295293651 -0.040625175681448335 0.045127554973701321 -0.018121785269828557 0.016594003341735671 0.023786948014293065 0.03851389957306852 -0.034512742470959083 0.10479311802900278 0.060473325059225501 -0.04638643954964649 -0.022117318685919769 0.018289213918773441 -0.036696299781472576
leaf_weight=260.50773675553501 39.2309255823493 18.478482430800796 10.051669074222444 44.732298266142607 53.985565043985844 98.342932779341936 11.526136226952074 31.824732072651386 1.2254119515419031 12.506695926189421 6.1263354606926441 68.057273726910353 91.155920291319489 10.202806375920771
leaf_count=1047 106 137 56 127 220 434 47 108 3 51 13 204 335 43
internal_value=-0.000899866 -0.00518529 -0.00371732 0.00607951 -0.00265985 0.0156578 -0.00484853 -0.0134881 -0.00302974 0.030686 -0.0195825 -0.00602905 -0.00298696 0.0126842
internal_weight=757.955 469.98 451.502 287.975 150.401 137.574 441.45 96.4155 64.5907 19.8584 7.35175 429.924 361.866 101.359
internal_count=2931 1869 1732 1062 522 540 1676 302 194 67 16 1629 1425 378
is_linear=0
shrinkage=0.04


Tree=100
num_leaves=15
num_cat=0
split_feature=0 41 22 22 45 29 13 46 45 18 47 25 30 31
split_gain=11.811 11.5177 10.8944 11.1401 11.0256 16.2508 22.2896 17.7098 16.6644 13.8328 12.233 13.6764 16.0377 15.8932
threshold=0.0038499999791383748 0.0023000000510364775 0.0011500000255182388 0.028850000351667408 0.0028499999316409235 0.0072500000242143878 0.0031500000040978198 0.0069999999832361945 0.0010500000207684936 0.0023500000825151805 0.032150000333786018 0.003249999950639904 0.0012500000302679839 0.0015499999863095584
decision_type=2 2 2 2 2 2 2 2 2 2 2 2 2 2
left_child=1 2 4 -4 5 6 -1 8 -7 -10 11 -6 -13 -14
right_child=-2 -3 3 -5 10 7 -8 -9 9 -11 -12 12 13 -15
leaf_value=0.017041721215123276 0.03272973853931916 -0.043006424300720998 -0.017495863485394638 0.014071513796771323 0.025168978277100955 0.0054268926594545699 -0.013077675530924471 -0.042536044580934566 0.056285792335901474 -0.014185591644251535 0.045920943868863494 -0.017009725356042726 0.036739782784464561 -0.039854349372753312
leaf_weight=47.350735541433096 16.254284851253033 10.51559643447399 100.55258639156818 21.532087566331029 42.536158546805382 146.29014635458589 227.00171849317849 10.512379713356493 19.736563120037321 5.5945104286074629 14.555876240134237 48.17219378426671 21.625078409910206 5.2814426422119132
leaf_count=262 210 65 344 79 129 551 885 23 56 19 48 138 63 18
internal_value=-0.000872681 -0.00163992 -0.00101631 -0.0118886 0.0012334 -0.00170515 -0.00786045 0.00754401 0.0106579 0.0405699 0.0114063 0.00706548 -0.00315776 0.0214652
internal_weight=737.511 721.257 710.741 122.085 588.657 456.486 274.352 182.134 171.621 25.3311 132.171 117.615 75.0787 26.9065
internal_count=2890 2680 2615 423 2192 1796 1147 649 626 75 396 348 219 81
is_linear=0
shrinkage=0.04


Tree=101
num_leaves=15
num_cat=0
split_feature=7 22 41 1 5 13 5 29 45 16 29 18 7 17
split_gain=12.3754 11.1979 12.1699 13.2454 19.8646 17.8281 15.2807 19.563 15.6349 14.911 14.7971 13.892 23.2306 16.4912
threshold=0.081350002437829985 0.0011500000255182388 0.0023000000510364775 0.026549999602139 0.0071499999612569818 0.012249999679625036 0.0020500000100582842 0.0041499999351799497 0.01264999993145466 0.0019500000635161998 1.0000000180025095e-35 0.0035500000230968003 0.0054500000551342973 0.0029499999945983295
decision_type=2 2 2 2 2 2 2 2 2 2 2 2 2 2
left_child=1 2 3 4 11 -5 -7 8 9 10 -8 -1 13 -13
right_child=-2 -3 -4 5 -6 6 7 -9 -10 -11 -12 12 -14 -15
leaf_value=-0.010204700293368943 0.039530658999945796 -0.012742218925586881 -0.043704002933038971 0.038466456476225937 0.028509192747994315 0.022629187833161001 -0.036035966538202666 0.010011427941518609 0.032942882722687791 -0.054513635548525299 0.0080700350899007844 -0.015671156492584597 -0.031854405906152794 0.054034932584039026
leaf_weight=263.25712763331831 11.843969032168387 118.68175095319748 9.6161616556346399 27.618313822895288 27.548349339514971 56.622429583221674 21.957875326275826 104.64841359481215 8.8138560801744443 17.909704748541117 26.846088029444218 7.2611981779336956 11.561610570177434 20.138572752475739
leaf_count=1129 91 421 58 108 115 156 51 453 32 52 100 30 32 62
internal_value=-0.000840894 -0.00151364 0.000688551 0.00142096 -0.00391822 0.00809379 0.00451973 -0.00115859 -0.0166811 -0.0233365 -0.0117255 -0.00689578 0.0153286 0.0354269
internal_weight=734.325 722.481 603.8 594.184 329.767 264.417 236.798 180.176 75.5275 66.7137 48.804 302.219 38.9614 27.3998
internal_count=2890 2799 2378 2320 1368 952 844 688 235 203 151 1253 124 92
is_linear=0
shrinkage=0.04


Tree=102
num_leaves=15
num_cat=0
split_feature=7 27 22 41 22 18 1 5 13 42 12 42 25 5
split_gain=11.6792 10.7121 10.3164 11.7155 11.6776 15.2092 11.3005 19.3082 16.6411 14.8842 20.3213 16.9992 17.1551 13.2831
threshold=0.081350002437829985 1.0000000180025095e-35 0.0011500000255182388 0.0023000000510364775 0.0022500000195577745 0.058500001206994064 0.026549999602139 0.0071499999612569818 0.012249999679625036 0.93076619505882274 0.0010500000207684936 0.9500405788421632 0.012349999975413086 0.044400000944733627
decision_type=2 2 2 2 2 2 2 2 2 2 2 2 2 2
left_child=1 2 3 6 -4 -6 7 -1 -8 10 13 -11 -13 -10
right_child=-2 -3 4 -5 5 -7 8 -9 9 11 -12 12 -14 -15
leaf_value=-0.006048808858052747 0.038871906077860799 -0.046919947012902086 -0.032434454368238573 -0.043403596127698243 -0.0087723437040697124 0.056231433596501318 0.03764363751773267 0.029329563591174296 -0.028912695565853061 0.051293198602710692 0.0097841449642849538 0.019706772893793963 -0.021226827712831822 0.025444300177701457
leaf_weight=296.19907615706325 11.570179067552088 8.1025297716259939 31.852022331207991 9.1692389585077745 78.563856728374958 6.1055996753275386 27.223035804927349 26.80266672745347 51.764357704669237 18.131477139890194 75.300526574254036 59.676160961389542 22.396690834313631 8.1940095908939821
leaf_count=1116 91 200 96 56 267 18 107 106 208 59 298 163 67 38
internal_value=-0.000810826 -0.00145985 -0.000929918 0.00119647 -0.0118114 -0.00397686 0.00190882 -0.00309256 0.00807264 0.00462228 -0.00400988 0.0163065 0.00847557 -0.0213876
internal_weight=731.051 719.481 711.379 594.857 116.521 84.6695 585.688 323.002 262.686 235.463 135.259 100.204 82.0729 59.9584
internal_count=2890 2799 2599 2218 381 285 2162 1222 940 833 544 289 230 246
is_linear=0
shrinkage=0.04


Tree=103
num_leaves=15
num_cat=0
split_feature=7 27 41 5 13 37 2 20 12 18 15 15 6 29
split_gain=11.0195 10.2704 9.84778 14.176 10.8847 19.712 17.2491 14.2577 11.6185 15.8624 15.4879 23.1645 13.4353 12.1693
threshold=0.081350002437829985 1.0000000180025095e-35 0.0029499999945983295 0.10990000143647195 0.0031500000040978198 0.011450000107288362 0.0034500000765547161 1.0000000180025095e-35 0.0048500001430511483 0.058500001206994064 0.11910000070929529 0.038399999961256988 0.0038499999791383748 0.18244999647140506
decision_type=2 2 2 2 2 2 2 2 2 2 2 2 2 2
left_child=1 2 3 4 5 7 -7 -1 9 -6 11 12 13 -10
right_child=-2 -3 -4 -5 8 6 -8 -9 10 -11 -12 -13 -14 -15
leaf_value=-0.042555990462324306 0.03821312856893589 -0.046723782740831867 -0.042806177244985338 0.040283993369767977 -0.0057082397397974806 -0.063802178609810009 0.062857304666328606 0.035753006861620501 0.026396339298047713 0.038214905850795289 -0.026854312057776872 0.067800859063797056 -0.029206195004552821 -0.048027434983158188
leaf_weight=3.9895507320761672 11.305974293500183 7.8172654788941136 8.7599443793296796 13.36122355610132 543.15125499665737 7.442698270082472 2.1121824234724045 38.328897073864937 35.876868467777967 13.362798441201447 13.50033203139901 12.89780121296644 11.839969661086796 3.7701529264450064
leaf_count=46 91 200 56 90 1937 21 5 134 137 44 40 42 39 8
internal_value=-0.000781677 -0.00140807 -0.000895837 -0.000359329 -0.00116221 0.0164262 -0.0350278 0.0281932 -0.00260904 -0.00463971 0.0118368 0.0200408 0.00789081 0.0191155
internal_weight=727.517 716.211 708.394 699.634 686.273 51.8733 9.55488 42.3184 634.399 556.514 77.8851 64.3848 51.487 39.647
internal_count=2890 2799 2599 2543 2453 206 26 180 2247 1981 266 226 184 145
is_linear=0
shrinkage=0.04


Tree=104
num_leaves=15
num_cat=0
split_feature=0 17 9 14 21 45 8 9 5 40 23 1 16 7
split_gain=10.532 11.1352 14.6698 19.6987 16.24 15.0063 14.5195 13.5748 15.1468 13.2822 12.6196 19.471 13.8093 13.4659
threshold=0.0038499999791383748 0.011750000063329937 0.019049999304115776 0.072850000113248839 0.0036499999696388845 0.0021499999566003685 0.5040000081062318 0.024349999614059929 0.0079499999992549437 0.0013499999768100681 0.0024500000290572648 0.1155500002205372 0.44579999148845678 0.0021499999566003685
decision_type=2 2 2 2 2 2 2 2 2 2 2 2 2 2
left_child=1 2 9 4 7 -5 -7 -4 -9 -1 11 12 13 -3
right_child=-2 10 3 5 -6 6 -8 8 -10 -11 -12 -13 -14 -15
leaf_value=-0.0012399658628700818 0.032156328164198132 -0.029332238943337169 0.024341281811869623 0.049953706543238809 0.016846625236758443 0.021320721135070938 -0.045124218685019958 -0.028738898603042844 0.029797669882778426 -0.029680615626801545 -0.024376837286125278 0.031877207830122802 0.046835492564996681 0.0031995688977588931
leaf_weight=309.52626465447247 15.12102138251066 45.310107146389782 13.139919660985468 27.514487726613879 54.844759043306112 38.149418279528618 5.9761652648448935 49.851445954293013 8.0911237560212594 28.654488746076822 63.980863090604544 21.636538943275809 6.1423756182193747 36.503631804138422
leaf_count=1074 210 276 60 88 162 125 18 172 41 192 221 84 17 150
internal_value=-0.00075414 -0.00146578 0.00138067 0.0100432 0.000479557 0.026774 0.0121496 -0.0120984 -0.0204587 -0.00366966 -0.0102704 -0.00198372 -0.0103854 -0.0147822
internal_weight=724.443 709.322 535.748 197.567 125.927 71.6401 44.1256 71.0825 57.9426 338.181 173.574 109.593 87.9561 81.8137
internal_count=2890 2680 1932 666 435 231 143 273 213 1266 748 527 443 426
is_linear=0
shrinkage=0.04


Tree=105
num_leaves=15
num_cat=0
split_feature=17 29 1 16 8 20 1 39 38 13 9 10 12 15
split_gain=13.7441 14.4618 13.6523 13.5535 12.4678 10.7467 10.6694 10.4865 11.3775 10.3233 10.4177 10.2742 10.1234 11.2896
threshold=1.0000000180025095e-35 0.0010500000207684936 0.0014499999815598132 0.010950000025331976 0.0067499999422580012 0.00029999000253155833 0.0015499999863095584 0.0013499999768100681 0.013749999925494196 0.0054500000551342973 0.0059500001370906839 0.0010500000207684936 0.012249999679625036 0.023449999280273918
decision_type=2 2 2 2 2 2 2 2 2 2 2 2 2 2
left_child=1 3 -2 4 5 9 -4 8 -8 -1 -11 -3 13 -9
right_child=2 11 6 -5 -6 -7 7 12 -10 10 -12 -13 -14 -15
leaf_value=0.08752597857850479 -0.030166660456399583 -0.039893477820167188 0.063845048889068501 -0.035096404276614791 0.13069722068912229 0.018303278348610813 -0.0042872122133534741 0.016386872459760546 0.043702746053080603 -0.046648343632005401 0.11370653650680877 0.010173837074023173 0.050318043346225035 -0.016702378500756527
leaf_weight=8.2183086946606618 26.61409657727927 9.5989776924252528 3.9375131018459788 4.539752595126628 2.0778014659881583 29.122541967779398 513.83267536200583 55.612025037407875 7.9156525544822207 2.1171142309904094 0.81604110822081555 19.978873491287231 9.4479843899607641 23.249479608610272
leaf_count=32 379 63 11 19 10 96 1649 256 49 14 3 112 72 115
internal_value=-0.000249483 0.0157611 -0.00216907 0.0295684 0.0366605 0.0313982 -0.000944263 -0.00137938 -0.00354324 0.0647741 0 -0.00601953 0.0113493 0.00657224
internal_weight=717.079 76.4694 640.609 46.8916 42.3518 40.274 613.995 610.058 521.748 11.1515 2.93316 29.5779 88.3095 78.8615
internal_count=2880 349 2531 174 155 145 2152 2141 1698 49 17 175 443 371
is_linear=0
shrinkage=0.04


Tree=106
num_leaves=15
num_cat=0
split_feature=0 17 35 15 34 15 37 11 9 24 21 3 24 49
split_gain=13.4227 14.1584 14.2631 16.8912 12.1195 11.2075 12.2793 11.0541 9.43856 9.23196 10.5138 8.81358 8.7638 8.71699
threshold=0.0031500000040978198 1.0000000180025095e-35 1.0000000180025095e-35 0.0059500001370906839 1.0000000180025095e-35 0.0048500001430511483 0.011549999937415125 0.01942316256463528 0.0083499997854232805 0.37075001001358038 0.029849999584257606 0.0001499999962106813 0.0081500001251697558 0.0023500000825151805
decision_type=2 2 2 2 2 2 2 2 2 2 2 2 2 2
left_child=1 2 3 5 -3 6 7 -1 13 -6 -11 -2 -10 -9
right_child=11 4 -4 -5 9 -7 -8 8 12 10 -12 -13 -14 -15
leaf_value=0.065859807577778304 -0.048705269344252747 -0.03701505639232236 -0.029674084664341405 -0.028854690777673577 -0.00099559487014513567 0.15429410558686577 -0.050510168989863685 -0.010970223504325881 0.017019467780300907 -0.02904339942404079 0.046999688350832354 0.041652551526987727 0.081663214492185346 0.033641972868911268
leaf_weight=11.712343215942381 1.7941282317042375 16.388479429297149 9.7834901362657529 8.989493001252411 568.47534683160484 1.0497447848319996 2.968427561223506 16.079586315900091 7.2069591991603357 31.944186113774776 3.0728011056780806 17.306010857224464 6.6323715448379517 12.170157849788664
leaf_count=38 12 274 50 58 1896 4 11 87 19 107 11 232 23 58
internal_value=-0.000238844 -0.00115377 0.0150505 0.0216943 -0.00316452 0.0296587 0.0270164 0.0314538 0.0216513 -0.00223267 -0.0221417 0.0327472 0.0486499 0.00815876
internal_weight=715.574 696.473 76.5926 66.8091 619.881 57.8196 56.7698 53.8014 42.0891 603.492 35.017 19.1001 13.8393 28.2497
internal_count=2880 2636 348 298 2288 240 236 225 187 2014 118 244 42 145
is_linear=0
shrinkage=0.04


Tree=107
num_leaves=15
num_cat=0
split_feature=0 17 35 15 34 16 14 3 7 22 35 22 7 13
split_gain=12.7902 13.0446 13.1798 15.5476 11.5293 10.2297 8.58086 8.40474 7.58821 9.35252 13.095 9.94808 8.55302 8.6547
threshold=0.0031500000040978198 1.0000000180025095e-35 1.0000000180025095e-35 0.0059500001370906839 1.0000000180025095e-35 0.011950000189244749 1.0000000180025095e-35 0.0001499999962106813 0.081350002437829985 0.0011500000255182388 0.011850000359117987 0.030299999751150612 0.00025000000459840527 0.02615000028163195
decision_type=2 2 2 2 2 2 2 2 2 2 2 2 2 2
left_child=1 2 3 5 -3 -1 -7 -2 9 -6 11 12 13 -11
right_child=7 4 -4 -5 8 6 -8 -9 -10 10 -12 -13 -14 -15
leaf_value=0.032964200719569278 -0.046633856153979865 -0.03650489533479942 -0.028844753617714245 -0.028320846917847087 -0.00042282956147477542 0.13927092958278831 -0.050225463287230147 0.041558209903362855 0.036057286191339986 0.082018572572989501 0.02508235560749086 0.012953957154048188 -0.028024622571917412 -0.039232502111271814
leaf_weight=54.08633629232645 1.803121499717238 15.962873945012687 9.6674544066190702 8.7983747869729978 495.66026215534657 0.31890562176704307 3.7791258692741394 16.664642404764891 8.0922715254127962 2.2308374941349025 11.962738048285244 12.841753076761959 70.839059957303107 1.451011326164007
leaf_count=221 12 274 50 58 1648 1 18 232 32 4 53 50 210 17
internal_value=-0.000229868 -0.00110974 0.0144361 0.020776 -0.00304311 0.0283047 -0.0315599 0.0325273 -0.00214487 -0.00267715 -0.0138748 -0.0192776 -0.0248954 0.0334022
internal_weight=714.159 695.691 76.6502 66.9827 619.041 58.1844 4.09803 18.4678 603.078 594.986 99.3254 87.3627 74.5209 3.68185
internal_count=2880 2636 348 298 2288 240 19 244 2014 1982 334 281 231 21
is_linear=0
shrinkage=0.04


Tree=108
num_leaves=15
num_cat=0
split_feature=0 11 17 16 1 24 20 32 45 25 16 3 20 1
split_gain=12.1877 12.2631 13.4638 12.3141 10.7564 9.5396 9.11996 9.10063 12.3752 8.23514 13.5711 8.02106 7.99879 7.78402
threshold=0.0031500000040978198 0.01942316256463528 0.0012500000302679839 0.011750000063329937 0.0014499999815598132 0.37075001001358038 1.0000000180025095e-35 0.0011500000255182388 0.0015499999863095584 0.0013499999768100681 0.0059500001370906839 0.0001499999962106813 0.00029999000253155833 0.0015499999863095584
decision_type=2 2 2 2 2 2 2 2 2 2 2 2 2 2
left_child=1 2 3 6 7 13 -1 8 -3 10 -9 -2 -8 -6
right_child=11 4 -4 -5 5 -7 12 9 -10 -11 -12 -13 -14 -15
leaf_value=-0.039101006885658256 -0.044663775334379034 -0.036189211992999709 -0.042401709575658607 -0.049583908953044847 0.053493826855480181 -0.021317403794465756 0.10749792017859899 0.19830176553921713 0.22421016752822578 -0.03719028239280734 -0.03268704552427637 0.041465905417982896 0.040234713264936495 -0.00011776271680428643
leaf_weight=1.23802035301924 1.8115832880139375 25.621126403100796 3.1658251155167809 1.7558884546160687 4.2635136470198622 34.527777478098869 5.3171285763382894 0.86067926883697443 0.19301474094390769 1.0342945158481596 0.61834564805030823 16.046355979517102 6.9350766316056252 608.56955601461232
leaf_count=12 12 381 41 4 14 118 14 4 1 12 3 232 21 2011
internal_value=-0.000221907 -0.00106908 0.0310377 0.0467248 -0.00195434 -0.000890296 0.0598273 -0.0260414 -0.0332301 0.0447091 0.103243 0.0323058 0.0703829 0.000257357
internal_weight=711.958 694.1 18.4119 15.2461 675.688 647.361 13.4902 28.3275 25.8141 2.51332 1.47902 17.8579 12.2522 612.833
internal_count=2880 2636 92 51 2544 2143 47 401 382 19 7 244 35 2025
is_linear=0
shrinkage=0.04


Tree=109
num_leaves=15
num_cat=0
split_feature=0 11 16 49 38 22 35 45 49 40 18 32 16 14
split_gain=11.6122 11.2737 10.168 10.8195 8.45251 9.05384 11.279 10.9256 14.3333 12.9314 9.93238 13.0242 13.2314 11.4828
threshold=0.0031500000040978198 0.01942316256463528 0.0082499999552965182 1.0000000180025095e-35 0.013749999925494196 0.0011500000255182388 0.011850000359117987 0.033200001344084747 0.71544998884201061 0.0075499999802559623 0.0038499999791383748 0.0064499999862164268 0.0043500000610947618 0.01264999993145466
decision_type=2 2 2 2 2 2 2 2 2 2 2 2 2 2
left_child=1 2 3 -1 5 10 7 -7 9 -9 13 12 -12 -3
right_child=-2 4 -4 -5 -6 6 -8 8 -10 -11 11 -13 -14 -15
leaf_value=0.053595019411869824 0.032082415808321947 -0.013473228475072355 -0.049635949159050993 -0.040119267207310363 0.034758622252894139 -0.024109179465439411 0.023772413400197701 0.059820122817086104 -0.034279856091090737 -0.042669287451029138 -0.030168231697539214 -0.077593849203215742 0.034935259974497201 0.0011991013044871581
leaf_weight=14.101454807445412 17.269964382052422 107.5253918459639 2.1457009464502326 2.1643040142953387 9.8137873671948892 77.940125493332744 11.704041892662643 8.9889742285013217 7.048914171755313 2.3900173902511588 5.7969665993005028 1.9972211644053448 31.221099510788918 410.55838069412857
leaf_count=56 244 590 7 29 48 299 52 27 21 7 32 10 99 1359
internal_value=-0.000213664 -0.00102832 0.0297555 0.0407121 -0.00187821 -0.0024299 -0.0130207 -0.0175508 0.00995215 0.0377608 -0.000366229 0.019061 0.0245786 -0.00184035
internal_weight=710.666 693.396 18.4115 16.2658 674.985 665.171 108.072 96.368 18.4279 11.379 557.099 39.0153 37.0181 518.084
internal_count=2880 2636 92 85 2544 2496 406 354 55 34 2090 141 131 1949
is_linear=0
shrinkage=0.04


Tree=110
num_leaves=15
num_cat=0
split_feature=44 36 21 20 21 13 45 29 34 11 11 6 25 7
split_gain=12.0882 14.5674 18.2479 13.3084 12.4769 15.4813 11.874 16.99 25.1277 14.2935 12.5115 12.1468 22.2271 20.6324
threshold=0.2877000123262406 0.0017499999958090486 0.090649999678134932 0.11139150708913804 0.14185000211000445 0.023449999280273918 0.0019500000635161998 0.0018500000005587938 0.0041499999351799497 0.24231437593698504 0.26584029197692877 1.0000000180025095e-35 0.0062500000931322583 0.0019500000635161998
decision_type=2 2 2 2 2 2 2 2 2 2 2 2 2 2
left_child=1 2 6 4 -3 -6 7 11 -9 -10 -11 12 13 -1
right_child=-2 3 -4 -5 5 -7 -8 8 9 10 -12 -13 -14 -15
leaf_value=-0.016532898630082567 0.047344488692090944 -0.019252406106175585 0.053908774423471528 0.027287461834268226 -0.03386012181649755 0.060558341196285989 0.011431566526681137 0.024672939232028419 -0.026925814243505375 0.06294367750225674 0.00017553036873427721 -0.033180365176144339 0.089509532474305653 0.029245528848971247
leaf_weight=92.084994587115943 9.2003466766327602 105.99392895959318 11.457460425794123 13.14338832348585 4.3733314573764783 7.1286954283714294 185.84663726203144 76.121813867241144 32.242900285869837 5.1958382949233046 128.66057416796684 32.416600814089179 3.7095915079116812 18.855869349092245
leaf_count=487 46 455 25 57 16 17 619 334 104 19 529 144 14 60
internal_value=0.00202084 0.00142735 0.00412274 -0.0106387 -0.0149348 0.0243311 0.00311478 -0.000847305 0.00565241 -0.00305006 0.002687 -0.0115762 -0.00540927 -0.0086969
internal_weight=726.432 717.232 586.592 130.639 117.496 11.502 575.135 389.288 242.221 166.099 133.856 147.067 114.65 110.941
internal_count=2926 2880 2335 545 488 33 2310 1691 986 652 548 705 561 547
is_linear=0
shrinkage=0.04


Tree=111
num_leaves=15
num_cat=0
split_feature=18 36 10 5 4 34 9 20 49 1 5 1 48 10
split_gain=11.5738 18.0169 13.0187 22.5827 16.1181 13.9298 13.5842 12.9852 12.7544 12.1562 19.2965 12.0934 11.9702 11.0564
threshold=1.0000000180025095e-35 0.0016499999910593035 0.0042499999981373557 0.0014499999815598132 0.0061500000301748523 0.0046500000171363362 0.01794999931007624 0.033282393589615829 0.015250000171363355 0.026549999602139 0.0084500000812113302 0.0073500000871717939 0.0050500000361353168 0.0014499999815598132
decision_type=2 2 2 2 2 2 2 2 2 2 2 2 2 2
left_child=1 2 4 11 5 6 -1 -2 -9 -3 -11 12 -4 -7
right_child=7 9 3 -5 -6 13 -8 8 -10 10 -12 -13 -14 -15
leaf_value=0.00018516125818443874 0.022851705864328348 -0.037274987539912478 0.065636228921536865 0.0042538969678502644 -0.046353583088637705 0.0037590909323629734 0.039747692682904373 -0.0087117781577243803 0.025147682829628055 0.015899992977199941 -0.035778115477499033 0.05821729619171219 -0.047728760573498424 -0.032458627882616151
leaf_weight=140.86574391555041 79.613428839482367 32.404193485155702 2.2664848044514683 222.23604620434344 13.921195719391106 21.242664640769362 15.330778161063789 64.490320609882474 24.463647173717618 27.838478174060583 19.577182473614812 20.264150885865092 3.9023606590926647 35.892626874148846
leaf_count=630 344 185 8 904 85 74 53 198 123 90 78 57 20 77
internal_value=0.00194687 -0.000831676 0.00211147 0.00844012 -0.00479666 -0.00204563 0.00411679 0.0111261 0.000572936 -0.0184107 -0.0053833 0.0433364 -0.00505684 -0.0189401
internal_weight=724.309 555.742 475.922 248.669 227.253 213.332 156.197 168.567 88.954 79.8199 47.4157 26.433 6.16885 57.1353
internal_count=2926 2261 1908 989 919 834 683 665 321 353 168 85 28 151
is_linear=0
shrinkage=0.04


Tree=112
num_leaves=15
num_cat=0
split_feature=44 21 20 7 27 41 5 35 30 7 7 6 24 11
split_gain=11.177 10.9221 10.5516 10.2028 9.2309 9.31872 13.1135 9.79369 9.10758 11.0463 10.3071 9.57551 21.556 17.4325
threshold=0.2877000123262406 0.14185000211000445 0.0032968857558444147 0.081350002437829985 1.0000000180025095e-35 0.0051499998662620792 0.10444999858736993 0.044549999758601196 0.002650000038556755 0.0008499999821651728 0.0016499999910593035 0.0010500000207684936 0.098049998283386244 0.49434752762317663
decision_type=2 2 2 2 2 2 2 2 2 2 2 2 2 2
left_child=1 3 -3 4 5 6 7 8 11 -10 -11 -1 -13 -14
right_child=-2 2 -4 -5 -6 -7 -8 -9 9 10 -12 12 13 -15
leaf_value=0.0059388222432393148 0.046102040297020037 -0.01487198338184673 0.053026223047414736 0.041191627219010332 -0.044522035274568071 -0.043267178336395595 0.039270727314938067 -0.061110731300334599 -0.041991146780613317 0.028766950531433536 -0.01513932073427573 -0.013114728967267866 0.060997817727127847 0.0052202695326424775
leaf_weight=372.96026168763638 8.9321902059018594 5.0683263912797001 12.078303739428518 9.6318495403975231 7.2887086728587738 7.6165036875754586 13.881424583494661 4.0526359640061846 16.567213747650385 11.439560342580078 32.755284048616886 150.4789044931531 10.504644621163605 59.656856883317232
leaf_count=1272 46 17 33 80 209 47 101 18 44 44 139 578 55 243
internal_value=0.00187114 0.00130581 0.0327546 0.000521641 -4.84817e-05 0.000428872 0.000936218 0.000116094 0.000510678 -0.0142178 -0.00364486 0.00202719 -0.00456642 0.0137032
internal_weight=722.913 713.98 17.1466 696.834 687.202 679.913 672.297 658.415 654.363 60.7621 44.1948 593.601 220.64 70.1615
internal_count=2926 2880 50 2830 2750 2541 2494 2393 2375 227 183 2148 876 298
is_linear=0
shrinkage=0.04


Tree=113
num_leaves=15
num_cat=0
split_feature=18 36 35 17 26 17 1 5 30 29 15 6 16 21
split_gain=10.5014 16.7831 13.7602 12.3311 15.1274 14.0872 11.5279 17.8512 11.3067 11.1115 10.9691 15.1575 15.316 13.6617
threshold=1.0000000180025095e-35 0.0016499999910593035 0.0031500000040978198 0.010049999691545965 0.0014499999815598132 0.0058500000741332778 0.026549999602139 0.0084500000812113302 0.002650000038556755 0.10089999809861185 0.051149999722838409 1.0000000180025095e-35 0.011750000063329937 0.010850000195205213
decision_type=2 2 2 2 2 2 2 2 2 2 2 2 2 2
left_child=1 2 8 5 -5 -2 -3 -8 10 -7 11 12 13 -1
right_child=3 6 -4 4 -6 9 7 -9 -10 -11 -12 -13 -14 -15
leaf_value=0.0047277140007218705 0.009326819715209966 -0.036523288419188192 0.017086320873379638 -0.01227396162705436 0.052465920664250779 0.047838770595869308 0.015124038957905948 -0.034822941093048621 -0.02322512192738373 -0.041900417040599713 0.035124586160691258 -0.012594279428337754 -0.041069640565803728 0.042127145519925947
leaf_weight=207.16033087577671 80.736057860776782 31.789157615974545 80.11888606660068 49.590182238258421 6.4233444370329371 28.896849026903514 27.837250409647822 19.253601156175137 33.650494774803519 2.2663166448473921 14.353745983913539 111.32268197741359 10.738150663673876 16.857572481036186
leaf_count=794 269 185 406 227 72 92 90 78 106 5 81 436 47 38
internal_value=0.00180074 -0.00085292 0.0019825 0.0105607 -0.00469837 0.018232 -0.0179301 -0.00524308 -0.00108159 0.0410715 0.000980539 -0.000433781 0.00531867 0.00757745
internal_weight=720.995 553.082 474.202 167.913 56.0135 111.899 78.88 47.0909 394.083 31.1632 360.432 346.079 234.756 224.018
internal_count=2926 2261 1908 665 299 366 353 168 1502 97 1396 1315 879 832
is_linear=0
shrinkage=0.04


Tree=114
num_leaves=15
num_cat=0
split_feature=44 36 20 20 18 49 25 41 10 15 47 34 7 48
split_gain=10.4919 12.0636 11.9198 11.8473 15.0937 16.5044 13.2686 10.4896 12.5929 14.938 14.506 16.3771 16.6028 15.9657
threshold=0.2877000123262406 0.0017499999958090486 0.11139150708913804 0.042249234393239028 0.0010500000207684936 0.0044499998912215242 0.10009999945759775 0.0010500000207684936 0.0040500001050531873 0.0011500000255182388 0.0011500000255182388 0.0046500000171363362 0.00045000000682193791 0.0016499999910593035
decision_type=2 2 2 2 2 2 2 2 2 2 2 2 2 2
left_child=1 7 3 4 5 -3 -6 8 9 10 11 12 -1 -12
right_child=-2 2 -4 -5 6 -7 -8 -9 -10 -11 13 -13 -14 -15
leaf_value=-0.01397126932069372 0.045154767478837218 -0.033877431340897983 0.026067647713526678 -0.031852403837135987 0.030715861045675523 0.017063025940908062 -0.043564860132457417 -0.033569479009265601 0.0099869073496817434 -0.019740426247163337 0.003316426165901849 -0.042077401364957398 0.023121541873001271 0.037197291129063274
leaf_weight=51.922182374633849 8.6992038395255786 33.3427992798388 13.053889406844972 39.322847271338105 23.416084937751297 14.437296357005833 4.4707540571689597 11.753274241462348 303.78442164883018 58.609056152403355 76.071944274008274 18.152814064174891 30.599098160862923 31.554228395223618
leaf_count=346 46 166 57 112 124 80 6 69 1193 264 189 58 131 85
internal_value=0.00173204 0.00118847 -0.00991492 -0.0140536 -0.00472123 -0.0183982 0.0185513 0.00363756 0.00441658 -0.0019097 0.00309517 -0.00779006 -0.00015741 0.0133122
internal_weight=719.19 710.491 128.044 114.99 75.6669 47.7801 27.8868 582.447 570.694 266.909 208.3 100.674 82.5213 107.626
internal_count=2926 2880 545 488 376 246 130 2335 2266 1073 809 535 477 274
is_linear=0
shrinkage=0.04


Tree=115
num_leaves=15
num_cat=0
split_feature=4 27 37 48 41 21 13 13 32 47 21 20 12 9
split_gain=13.9246 9.20681 9.60865 15.5531 11.5043 10.8129 14.0896 16.4232 16.5082 13.0503 11.1957 11.2176 10.8803 13.8621
threshold=0.35489998757839208 1.0000000180025095e-35 0.0010500000207684936 0.10559999942779542 0.0011500000255182388 0.0018500000005587938 0.25100000202655798 0.11755000054836275 0.0010500000207684936 0.0052499999292194852 0.0022500000195577745 0.00024998500157380482 0.0064499999862164268 0.063599999994039549
decision_type=2 2 2 2 2 2 2 2 2 2 2 2 2 2
left_child=1 2 4 5 -1 6 7 -4 9 -9 -7 -12 -13 -14
right_child=-2 -3 3 -5 -6 10 -8 8 -10 -11 11 12 13 -15
leaf_value=0.005985875595605844 -0.045420379755272453 -0.045394019000464816 -0.021398566565195513 0.044843064858720569 -0.040354729975559327 0.047831529672946828 -0.045783945088586499 0.057198608264492946 -0.048116170616129522 -0.027921777762388311 0.088316411243790152 -0.0078545483750942953 0.054492463896761052 -0.0055324652036835469
leaf_weight=413.48828064836562 10.516252957284449 6.7539278911426655 49.00312128663063 9.7600018456578237 8.6345904786139709 7.2111356183886519 21.490102926269174 13.160630632191902 4.2844456732273093 3.5461187232285729 2.0384801104664794 150.60992652364075 10.8096816316247 13.848403519019483
leaf_count=1548 56 200 199 53 39 31 100 53 17 15 8 520 34 47
internal_value=4.78108e-05 0.000728755 0.00118081 -0.00447492 0.00501916 -0.006249 -0.0174866 -0.00868852 0.0207537 0.0388346 -0.000649268 -0.0026694 -0.00380019 0.0207337
internal_weight=725.155 714.639 707.885 285.762 422.123 276.002 91.4844 69.9943 20.9912 16.7067 184.518 177.306 175.268 24.6581
internal_count=2920 2864 2664 1077 1587 1024 384 284 85 68 640 609 601 81
is_linear=0
shrinkage=0.04


Tree=116
num_leaves=15
num_cat=0
split_feature=4 40 44 36 48 37 47 10 5 6 5 11 23 31
split_gain=13.1984 10.6523 13.8292 13.0096 10.4148 12.8776 9.05839 9.04614 13.4013 12.3654 12.521 11.6673 11.1839 10.5621
threshold=0.35489998757839208 0.0056499999482184657 0.14389999955892566 0.0076500000432133683 0.13120000064373019 0.60525000095367443 0.032449999824166305 0.093200001865625395 0.011049999855458738 0.0010500000207684936 0.047049999237060554 0.64944612979888927 0.0011500000255182388 0.0063499999232590207
decision_type=2 2 2 2 2 2 2 2 2 2 2 2 2 2
left_child=1 2 3 4 5 6 7 8 -1 12 -11 -9 -10 -13
right_child=-2 -3 -4 -5 -6 -7 -8 11 9 10 -12 13 -14 -15
leaf_value=0.0025964538263058066 -0.044827492216561751 -0.018602350679360898 0.04660360283206403 -0.051609472060017127 0.044081272866174748 -0.032648058939255341 0.029921628532255058 0.046693883500812605 0.016827135368237947 -0.033189849861526545 0.033021628576259447 0.028983302379622908 -0.042490755315828209 -0.027458730347214237
leaf_weight=487.63264295365661 10.236141389235852 42.857154008001089 10.816839840263127 7.2765289675444356 9.0947189005091769 17.393242452293634 18.144115062430501 15.562267959117888 25.319084906950597 46.874576099216938 4.9223631247878066 10.619073117151858 6.2411500997841349 10.39266926050186
leaf_count=1883 56 210 55 35 76 51 73 66 115 140 15 85 25 35
internal_value=4.28896e-05 0.000698739 0.00194138 0.00119579 0.0017989 0.00118796 0.00213998 0.00129895 5.50402e-05 -0.0147494 -0.0267691 0.0205565 0.00487331 0.000879073
internal_weight=723.383 713.146 670.289 659.472 652.196 643.101 625.708 607.564 570.99 83.3572 51.7969 36.574 31.5602 21.0117
internal_count=2920 2864 2654 2599 2564 2488 2437 2364 2178 295 155 186 140 120
is_linear=0
shrinkage=0.04


Tree=117
num_leaves=15
num_cat=0
split_feature=4 40 44 36 9 4 32 7 17 29 34 25 17 23
split_gain=12.5111 9.87597 13.0344 12.2751 12.8366 11.0975 15.245 17.5261 20.6055 25.4069 25.2173 14.4042 18.9483 18.2669
threshold=0.35489998757839208 0.0056499999482184657 0.14389999955892566 0.0076500000432133683 0.22694999724626544 0.0010500000207684936 0.0020500000100582842 0.00045000000682193791 0.0021499999566003685 0.0061500000301748523 0.0015499999863095584 0.048750000074505813 0.0088499998673796671 0.064050000160932555
decision_type=2 2 2 2 2 2 2 2 2 2 2 2 2 2
left_child=1 2 3 4 5 6 7 8 -1 -10 -11 -7 13 -13
right_child=-2 -3 -4 -5 -6 11 -8 -9 9 10 -12 12 -14 -15
leaf_value=0.012988173857996037 -0.04423931424866212 -0.017967358338138294 0.045664728049640509 -0.050730799307673012 0.033004288980922544 -0.0099680159096141602 -0.020557340958017898 0.014583895414393422 -0.029771793778346413 0.052690608851779022 -0.032870897445929345 0.068913190021684015 -0.018680935641883618 -0.043054740908406955
leaf_weight=69.453696079552174 9.9642012976109964 42.605663602240384 10.604063201695679 7.11155140120536 20.25033276155591 202.23117529042065 34.663938667625189 212.56427162513137 61.636580948717892 14.056677639484407 8.8819221109151822 13.055255595594646 11.042414624243973 2.7155874483287326
leaf_count=272 56 210 55 35 117 882 111 726 311 27 18 49 40 11
internal_value=4.06119e-05 0.000673038 0.00186996 0.0011509 0.00173191 0.000715768 0.00473111 0.00713818 -0.00311397 -0.0163841 0.0193883 -0.00630015 0.0211493 0.0492316
internal_weight=720.837 710.873 668.267 657.663 650.552 630.302 401.257 366.593 154.029 84.5752 22.9386 229.044 26.8133 15.7708
internal_count=2920 2864 2654 2599 2564 2447 1465 1354 628 356 45 982 100 60
is_linear=0
shrinkage=0.04


Tree=118
num_leaves=15
num_cat=0
split_feature=4 40 44 36 9 4 32 7 17 29 34 14 25 17
split_gain=11.8574 9.1524 12.287 11.5808 11.982 10.2562 14.1056 16.1598 19.107 23.7133 23.2359 13.765 15.3827 17.2406
threshold=0.35489998757839208 0.0056499999482184657 0.14389999955892566 0.0076500000432133683 0.22694999724626544 0.0010500000207684936 0.0020500000100582842 0.00045000000682193791 0.0021499999566003685 0.0061500000301748523 0.0015499999863095584 0.0047500000800937423 0.048750000074505813 0.0088499998673796671
decision_type=2 2 2 2 2 2 2 2 2 2 2 2 2 2
left_child=1 2 3 4 5 6 7 8 -1 -10 -11 -7 -13 -14
right_child=-2 -3 -4 -5 -6 11 -8 -9 9 10 -12 12 13 -15
leaf_value=0.012430667876254414 -0.043654922231800869 -0.017350570431269714 0.044747040007334399 -0.049864447582683658 0.032050113641493405 0.043448258348622593 -0.019835265444450613 0.014011422982300901 -0.028968536975357239 0.05045217409780639 -0.031827779759460377 -0.011987830750563762 0.046681651770528639 -0.018098275176633882
leaf_weight=69.665940003469586 9.7003858033567649 42.363987595774233 10.39499010145664 6.950718952342867 20.02667747810483 8.521126142702995 34.495920687913895 212.40652008354664 60.83119357097894 14.096673756837847 8.8108352944254857 193.0058206981048 15.957306422293188 10.947186324745415
leaf_count=272 56 210 55 35 117 62 111 726 311 27 18 820 60 40
internal_value=3.60336e-05 0.000645969 0.00179897 0.0011053 0.00166514 0.00068601 0.00455059 0.0068659 -0.00300453 -0.015893 0.0186305 -0.00606788 -0.00802359 0.0202058
internal_weight=718.175 708.475 666.111 655.716 648.765 628.739 400.307 365.811 153.405 83.7387 22.9075 228.431 219.91 26.9045
internal_count=2920 2864 2654 2599 2564 2447 1465 1354 628 356 45 982 920 100
is_linear=0
shrinkage=0.04


Tree=119
num_leaves=15
num_cat=0
split_feature=4 27 41 26 48 10 17 5 24 48 14 22 14 37
split_gain=11.2373 8.56996 8.54621 12.5049 17.8851 13.5868 12.5955 11.7378 11.1981 10.7929 10.7341 9.23764 11.9269 11.6345
threshold=0.35489998757839208 1.0000000180025095e-35 0.003249999950639904 0.0012500000302679839 0.028050000779330734 0.093200001865625395 0.0023500000825151805 0.015150000341236593 0.0018500000005587938 0.01480000000447035 0.41490000486373907 0.0015499999863095584 0.08964999765157701 0.31720000505447393
decision_type=2 2 2 2 2 2 2 2 2 2 2 2 2 2
left_child=1 2 3 4 5 7 -5 10 -9 -10 11 12 -1 -13
right_child=-2 -3 -4 6 -6 -7 -8 8 9 -11 -12 13 -14 -15
leaf_value=0.00080747826511817506 -0.043073480676395319 -0.045048430635161119 -0.042702066055049982 -0.031432125021306975 -0.024962767193054961 0.03834351238379681 0.029847919557621921 0.026401545105251455 -0.038260734529642577 0.016265971968306762 0.045492117450529355 -0.014682978759793486 0.017538494829458347 0.062223823479002023
leaf_weight=377.22314793616533 9.4446262847632152 6.4098856877535573 6.9647951070219269 6.0531273037195197 42.559234129264951 15.786448862403629 39.90860640630126 7.1330019533634177 30.06822132319212 7.0182868503034106 9.0269756913185102 71.703723002225161 83.275272887200117 3.1772044897079459
leaf_count=1392 56 200 48 12 176 64 288 27 87 35 33 246 243 13
internal_value=3.2459e-05 0.000620543 0.00105088 0.00150252 6.26358e-05 0.00183524 0.0216398 0.000842973 -0.0189422 -0.0278185 0.00246056 0.00171918 0.0038449 -0.0112878
internal_weight=715.753 706.308 699.898 692.933 646.972 604.412 45.9617 588.626 44.2195 37.0865 544.406 535.379 460.498 74.8809
internal_count=2920 2864 2664 2616 2316 2140 300 2076 149 122 1927 1894 1635 259
is_linear=0
shrinkage=0.04


Tree=120
num_leaves=15
num_cat=0
split_feature=21 19 19 26 40 39 13 10 10 13 29 45 32 49
split_gain=9.9884 8.68434 9.9785 14.9556 10.572 16.7672 16.7654 18.8529 15.8778 15.2545 13.439 11.4122 11.0772 10.2185
threshold=0.19720000028610232 0.024600000120699409 0.0052499999292194852 0.0012500000302679839 0.0013499999768100681 0.0011500000255182388 0.20360000431537631 0.094550002366304411 0.0014499999815598132 0.19950000196695331 0.0016499999910593035 0.0039500000420957812 0.0079499999992549437 0.28854998946189886
decision_type=2 2 2 2 2 2 2 2 2 2 2 2 2 2
left_child=1 2 3 4 5 6 7 9 -7 13 -6 -12 -8 -1
right_child=-2 -3 -4 -5 10 8 12 -9 -10 -11 11 -13 -14 -15
leaf_value=-0.0016099110801842727 0.036922267545487157 0.031300051798329703 -0.023388459425041388 0.025417635089298628 -0.033745223768821726 -0.05440543778338941 -0.021135318011865002 0.055198942542884939 0.032399064409873751 0.11511929732263149 -0.013065549184925914 0.02281419481589865 0.12039806888691713 0.050662165221535334
leaf_weight=371.32386284694076 10.920157223939894 12.600598020479081 33.31975735956803 32.527058634907007 35.712868087925017 3.5832661241292945 73.96189683675766 9.990963798016308 37.347216501832008 1.7263819500803936 55.148229191079736 18.941750410944223 0.78945046663284202 5.9793647602200499
leaf_count=1321 29 64 128 289 218 28 261 47 125 5 299 84 2 20
internal_value=-0.00084652 -0.00145273 -0.00206972 -0.000962259 -0.00236902 7.11728e-05 -0.0020888 0.00123688 0.0245882 -0.000189154 -0.0136115 -0.00382028 -0.0194283 -0.000757719
internal_weight=703.873 692.953 680.352 647.032 614.505 504.702 463.772 389.021 40.9305 379.03 109.803 74.09 74.7513 377.303
internal_count=2920 2891 2827 2699 2410 1809 1656 1393 153 1346 601 383 263 1341
is_linear=0
shrinkage=0.04


Tree=121
num_leaves=15
num_cat=0
split_feature=21 21 42 36 18 23 1 7 19 19 17 3 29 23
split_gain=9.49512 10.8182 10.7477 9.26327 9.52441 11.4863 8.26069 7.45316 7.65597 9.37483 8.23581 18.3673 14.3522 16.4301
threshold=0.12774999439716342 0.033099999651312835 0.92568936944007885 0.0010500000207684936 0.0020500000100582842 0.0096500003710389155 0.0031500000040978198 0.081350002437829985 0.024600000120699409 0.012950000353157522 0.0096500003710389155 0.0020500000100582842 1.0000000180025095e-35 0.002650000038556755
decision_type=2 2 2 2 2 2 2 2 2 2 2 2 2 2
left_child=1 7 3 6 -5 -6 -3 8 9 10 11 -1 -12 -14
right_child=-2 2 -4 4 5 -7 -8 -9 -10 -11 12 -13 13 -15
leaf_value=-0.0037902599445944767 0.025080590147219389 -0.047687559673050273 -0.047535906858931186 -0.03486567694171485 0.043109810152476592 -0.034425000200729458 0.053556800948590388 0.036013877074463282 0.029981589310943274 -0.046018037655802771 -0.031860513450827882 0.013811303246042791 0.0073972088745257606 -0.020931052551441197
leaf_weight=275.95119844935834 21.829539112746716 1.5156738907098759 15.003297843039034 19.05104120075703 7.084330599755047 5.1859066933393478 5.9336974546313286 8.8745190910994989 12.632260546088217 7.3298246450722209 32.867270420305431 144.28171786293387 92.909478539600968 50.409992279484868
leaf_count=1128 57 7 38 60 26 11 17 86 64 30 299 458 399 240
internal_value=-0.000813961 -0.00165588 -0.0188554 -0.00756016 -0.0171847 0.0100037 0.0320686 -0.000167492 -0.000700669 -0.00135412 -0.000790883 0.00224535 -0.00805262 -0.00254649
internal_weight=700.86 679.03 53.7739 38.7706 31.3213 12.2702 7.44937 625.256 616.382 603.749 596.42 420.233 176.187 143.319
internal_count=2920 2863 159 121 97 37 24 2704 2618 2554 2524 1586 938 639
is_linear=0
shrinkage=0.04


Tree=122
num_leaves=15
num_cat=0
split_feature=21 27 0 4 47 47 49 14 47 6 28 25 7 16
split_gain=8.79076 8.30688 8.59821 7.52311 6.80477 15.4457 13.8349 13.1758 12.6341 16.0187 10.9054 20.803 14.6738 11.7674
threshold=0.19720000028610232 1.0000000180025095e-35 0.0038499999791383748 0.35489998757839208 0.0099499998614192026 0.0063499999232590207 0.011450000107288362 0.075350001454353346 0.030150000005960468 0.0055499998852610597 0.0021493949461728339 0.0019500000635161998 0.0027499999850988392 0.0023500000825151805
decision_type=2 2 2 2 2 2 2 2 2 2 2 2 2 2
left_child=1 2 3 4 5 10 7 -7 -6 -10 11 12 13 -1
right_child=-2 -3 -4 -5 8 6 -8 -9 9 -11 -12 -13 -14 -15
leaf_value=0.0019983807643549323 0.034825285792238966 -0.045450613081510688 0.033790077892732973 -0.037305297704225672 -0.021098713622291331 0.018745145206838162 0.046960365434664447 -0.05109084636848598 0.032957967310595852 -0.037105481015989525 0.0014219286481439442 -0.038909698424906825 0.053633550223102351 -0.043326350937359884
leaf_weight=46.577865738421679 10.809923999011515 6.6722036111168554 11.126463627442716 9.164761468768118 62.033824272453785 18.240833625197414 20.768550578504801 5.5493114814162245 17.776969604194168 7.2408491037785998 430.91613486222923 33.438566356897354 7.1250106766819945 11.266283903270958
leaf_count=244 29 208 216 48 225 77 65 20 67 34 1479 147 26 35
internal_value=-0.000785469 -0.00135587 -0.000911506 -0.00149862 -0.000990494 0.000584322 0.0231795 0.00214203 -0.011407 0.0124534 -0.00131422 -0.0133254 -5.65012e-05 -0.00682001
internal_weight=698.708 687.898 681.225 670.099 660.934 573.883 44.5587 23.7901 87.0516 25.0178 529.324 98.4077 64.9692 57.8441
internal_count=2920 2891 2683 2467 2419 2093 162 97 326 101 1931 452 305 279
is_linear=0
shrinkage=0.04


Tree=123
num_leaves=15
num_cat=0
split_feature=21 21 42 5 5 35 12 21 47 1 8 21 17 17
split_gain=8.34076 9.98877 10.083 9.64313 7.0059 10.8748 10.5591 8.96259 16.7968 21.9455 14.2528 11.0796 11.3991 11.0933
threshold=0.12774999439716342 0.033099999651312835 0.92568936944007885 0.0034500000765547161 0.082350000739097609 0.044549999758601196 0.0044499998912215242 0.0036499999696388845 0.0029499999945983295 0.0063499999232590207 0.0036499999696388845 0.002650000038556755 0.038750000298023231 1.0000000180025095e-35
decision_type=2 2 2 2 2 2 2 2 2 2 2 2 2 2
left_child=1 4 3 -3 5 7 -6 11 9 10 -9 13 -13 -1
right_child=-2 2 -4 -5 6 -7 -8 8 -10 -11 -12 12 -14 -15
leaf_value=0.014129769018853256 0.023611024785512635 0.0088863585320373955 -0.046414945044040853 -0.032128488945001782 0.046855136303066411 -0.061369443323360744 -0.011732172900309441 -0.022137564775826925 -0.0074727448241475652 0.036122845111984679 0.063784857217564966 -0.035118232104719885 0.064910433623028646 -0.0041138987247886566
leaf_weight=62.027906458824873 21.650361247360706 23.032982856035233 14.627899236977099 15.011116115376351 11.96496242284775 4.6234581759199491 8.1049278210848552 21.263799417763952 57.843199580907822 50.902902660891414 3.4984264969825736 25.120400385931138 1.8479490764439095 374.62652992457151
leaf_count=297 57 82 38 39 76 28 77 76 232 147 11 96 10 1654
internal_value=-0.000758119 -0.00154965 -0.0182582 -0.00723387 -0.000125195 -0.000908701 0.0230563 -0.000423672 0.00869675 0.0211041 -0.00962976 -0.00305999 -0.0279017 -0.00151054
internal_weight=696.147 674.496 52.672 38.0441 621.824 601.755 20.0699 597.131 133.508 75.6651 24.7622 463.623 26.9683 436.654
internal_count=2920 2863 159 121 2704 2551 153 2523 466 234 87 2057 106 1951
is_linear=0
shrinkage=0.04


Tree=124
num_leaves=15
num_cat=0
split_feature=27 7 22 18 37 25 47 47 47 28 25 7 14 6
split_gain=8.14112 8.15567 9.43804 8.67381 9.52588 9.53984 9.86957 8.00819 12.9772 13.3225 21.2737 12.7399 11.9724 11.796
threshold=1.0000000180025095e-35 0.081350002437829985 0.0013499999768100681 0.058050001040101058 0.22354999929666522 0.051200000569224365 0.0010500000207684936 0.033749999478459365 0.0097500002011656779 0.0021493949461728339 0.002549999975599349 0.00045000000682193791 0.062899999320507063 0.0055499998852610597
decision_type=2 2 2 2 2 2 2 2 2 2 2 2 2 2
left_child=1 2 7 4 5 -4 -7 8 9 10 11 -1 -13 -9
right_child=-2 -3 3 -5 -6 6 -8 13 -10 -11 -12 12 -14 -15
leaf_value=-0.019064764919886242 -0.045213003243186556 0.03854103241775729 -0.025226659011279899 0.022230240153169795 0.037471664171040156 0.054179073949757919 -0.01187904892763268 0.042307032264555115 -0.017198913558456517 0.0057381172810362533 -0.042143628968128628 0.025136172440974401 -0.027684171422430785 -0.037884513694763589
leaf_weight=31.342941373586655 6.4222367387264958 8.4372229576110822 71.647527562454343 10.527639461681245 4.9440426155924788 5.0812078118324306 11.754837982356547 15.146739114075901 60.125541694462299 397.7219934053719 25.383830577135086 34.035869497805834 8.4412615448236448 3.5005222596228114
leaf_count=195 208 86 258 33 24 21 41 59 235 1482 121 119 11 27
internal_value=-0.000729794 -0.000302292 -0.000795977 -0.011886 -0.0157927 -0.0188529 0.00802365 0.00120134 0.000328617 0.00246044 -0.0106325 0.000191221 0.0145051 0.0269181
internal_weight=694.513 688.091 679.654 103.955 93.4276 88.4836 16.836 575.699 557.051 496.926 99.2039 73.8201 42.4771 18.6473
internal_count=2920 2712 2626 377 344 320 62 2249 2163 1928 446 325 130 86
is_linear=0
shrinkage=0.04


Tree=125
num_leaves=15
num_cat=0
split_feature=42 29 7 32 42 5 5 1 12 5 22 18 33 2
split_gain=9.6923 10.7789 10.1892 13.3757 10.9922 10.0364 22.3949 13.0447 11.5885 10.8595 12.1996 13.808 15.2485 10.8919
threshold=0.75012069940567028 0.12969999760389331 0.0047500000800937423 0.0011500000255182388 0.97501480579376232 0.011549999937415125 0.044400000944733627 0.247299998998642 0.0048500001430511483 0.0098500000312924402 0.0016499999910593035 0.0035500000230968003 0.0011500000255182388 0.0093499999493360537
decision_type=2 2 2 2 2 2 2 2 2 2 2 2 2 2
left_child=1 -1 5 4 -4 7 -7 8 9 10 11 13 -13 -2
right_child=2 -3 3 -5 -6 6 -8 -9 -10 -11 -12 12 -14 -15
leaf_value=0.015186746882849236 -0.0070680389197804493 -0.020298629913702741 0.039039659660491756 -0.0037249046365208168 0.0013988359548155003 -0.035277272333645804 0.040862628457984738 0.037286425586501408 0.023558507272344646 0.06297128054597273 -0.030599081036269415 0.033953015038106139 -0.060445779627866222 0.051408294994135302
leaf_weight=111.51221751468256 307.17114900331944 15.434536188840864 31.453155731782317 57.641421776264906 20.849339433014393 36.183933515101671 7.3176057226955882 12.907439533621071 23.81207500398159 3.5981963090598574 29.253113959915936 24.480320920236412 2.9622142463922492 5.0687396219000211
leaf_count=592 1248 68 183 188 53 131 27 48 88 18 162 80 18 40
internal_value=0.000845637 0.0108283 -0.0014009 0.00950573 0.0241425 -0.00405973 -0.0223133 -0.00210472 -0.00340671 -0.0051469 -0.00583897 -0.00368651 0.0234357 -0.0060898
internal_weight=689.645 126.947 562.699 109.944 52.3025 452.755 43.5015 409.253 396.346 372.534 368.936 339.682 27.4425 312.24
internal_count=2944 660 2284 424 236 1860 158 1702 1654 1566 1548 1386 98 1288
is_linear=0
shrinkage=0.04


Tree=126
num_leaves=15
num_cat=0
split_feature=42 29 37 29 35 1 23 10 12 33 7 36 35 43
split_gain=8.93569 9.95388 9.87103 10.6474 14.2128 13.756 11.956 10.406 9.52541 10.626 12.8175 14.1989 11.8338 11.0951
threshold=0.75012069940567028 0.12969999760389331 0.87845000624656688 0.0031500000040978198 0.0013499999768100681 0.083549998700618758 0.0021499999566003685 0.0011500000255182388 0.013799999840557577 1.0000000180025095e-35 0.0097500002011656779 0.0035500000230968003 0.029450000263750557 0.0018500000005587938
decision_type=2 2 2 2 2 2 2 2 2 2 2 2 2 2
left_child=1 2 3 4 7 -6 -5 -1 9 10 12 -12 13 -2
right_child=8 -3 -4 6 5 -7 -8 -9 -10 -11 11 -13 -14 -15
leaf_value=-0.049011906386477982 -0.0030372688619834834 -0.019579830572000634 -0.036375648798343527 0.048683651732882166 -0.028325203680652972 0.032679402726452367 0.0078600488403157351 0.034680548036702438 0.026588532232458714 -0.012899673829871578 0.029288689329407536 -0.038861130421956352 -0.059244195497744484 0.021249946129140111
leaf_weight=2.5016876878216889 339.48087379336357 15.366200948134063 5.6298586316406718 27.276493515819311 23.056306424085054 7.8010479100048533 20.294835161417723 24.924091897904873 18.747365832328796 118.70073391962796 39.35682980902493 5.449173340573906 5.5460050068795672 32.907541108317673
leaf_count=32 1232 68 18 155 109 56 109 113 74 646 173 13 23 123
internal_value=0.000815862 0.0104014 0.0145835 0.0173633 0.00580013 -0.0127177 0.0314045 0.0267508 -0.00134905 -0.00232851 0.000632647 0.0208434 -0.00175773 -0.000875168
internal_weight=687.039 126.851 111.484 105.854 58.2831 30.8574 47.5713 27.4258 560.189 541.441 422.74 44.806 377.934 372.388
internal_count=2944 660 592 574 310 165 264 145 2284 2210 1564 186 1378 1355
is_linear=0
shrinkage=0.04


Tree=127
num_leaves=15
num_cat=0
split_feature=29 32 17 2 47 14 34 20 42 20 45 17 37 37
split_gain=8.63287 12.9273 13.7436 15.316 12.3281 12.8114 13.1238 12.6338 13.62 11.9447 10.3802 15.5347 9.36975 17.9458
threshold=1.0000000180025095e-35 0.0011500000255182388 0.0027499999850988392 0.0018500000005587938 0.0011500000255182388 0.078850001096725478 0.0037500000325962905 0.028525326400995258 0.59368228912353527 0.012713967356830837 0.0028499999316409235 1.0000000180025095e-35 0.049750000238418586 0.0010500000207684936
decision_type=2 2 2 2 2 2 2 2 2 2 2 2 2 2
left_child=1 2 3 10 -4 7 -7 8 -6 -8 11 -1 13 -2
right_child=12 -3 4 -5 5 6 9 -9 -10 -11 -12 -13 -14 -15
leaf_value=0.013258400996988171 0.0086350551002462601 -0.027177696026480468 -0.026745319033966611 0.043146510879629243 0.079495956316478239 0.052563723422265299 -0.084167061340762739 0.031200296048430245 -0.03475657311385745 0.031669037694352753 0.025913176079956593 -0.026513816981011074 0.018999629918344911 -0.0089442858272921876
leaf_weight=31.635282982140779 239.06016907840967 36.738108441233635 47.18855486670509 17.27834720723331 1.6830771118402506 12.032066844403746 2.5173887759447089 7.75154273957014 23.640653513371944 2.9801296852529049 21.295349914580584 30.907255200669169 58.270184021443129 151.72063868120313
leaf_count=128 1003 95 423 54 6 24 8 20 80 18 62 135 251 637
internal_value=0.000785232 -0.00540629 -0.00135343 0.00895978 -0.0120562 0.00158816 0.0292096 -0.0129743 -0.0267229 -0.0212153 0.00182349 -0.00634332 0.00404373 0.0017991
internal_weight=684.699 235.648 198.91 101.116 97.7934 50.6049 17.5296 33.0753 25.3237 5.49752 83.8379 62.5425 449.051 390.781
internal_count=2944 1053 958 379 579 156 50 106 86 26 325 263 1891 1640
is_linear=0
shrinkage=0.04


Tree=128
num_leaves=15
num_cat=0
split_feature=10 48 12 48 44 6 17 7 33 5 1 23 20 19
split_gain=8.20074 9.51607 10.9595 11.6098 13.458 11.291 10.457 12.452 16.9416 13.3636 14.0854 13.9717 13.1418 10.5012
threshold=0.0071499999612569818 0.0021499999566003685 0.0011500000255182388 0.020450000651180748 0.0036499999696388845 0.0037500000325962905 0.034549999982118614 0.0020500000100582842 0.011549999937415125 0.0098500000312924402 0.28174999356269842 0.0047500000800937423 0.052845519036054618 0.0045999998692423114
decision_type=2 2 2 2 2 2 2 2 2 2 2 2 2 2
left_child=-1 -2 6 5 -5 -4 7 9 -9 10 -3 -11 -13 -8
right_child=1 2 3 4 -6 -7 13 8 -10 11 -12 12 -14 -15
leaf_value=-0.0032105383361487189 0.023024696165661367 -0.02910704976168867 0.013108857655090528 -0.018400216409863671 0.020193626945105625 0.051591068181963726 -0.046224702394122456 0.025196077177371313 -0.044177131703429587 0.032634838860749846 0.042065893104281264 -0.056967564450168678 0.044760454115373084 0.042729276367785785
leaf_weight=374.76899181865156 43.068086169660091 46.925055850297213 45.97496721893549 32.407593905925751 25.913446005433798 16.797471329569817 14.971007635816934 40.615651672706008 6.4085031896829596 18.106488777324561 4.7828228548169127 6.7512030955404025 2.7606732994318008 2.3449197774752966
leaf_count=1566 146 190 163 141 210 61 93 170 28 92 15 42 14 13
internal_value=0.000755866 0.00559728 0.00273966 0.0116088 -0.00117836 0.0235357 -0.00471099 -0.000672976 0.0155833 -0.0103674 -0.0223781 0.0119745 -0.0268679 -0.0337727
internal_weight=682.597 307.828 264.76 121.093 58.321 62.7724 143.666 126.35 47.0242 79.3262 51.7079 27.6184 9.51188 17.3159
internal_count=2944 1378 1232 575 351 224 657 551 198 353 205 148 56 106
is_linear=0
shrinkage=0.04


Tree=129
num_leaves=15
num_cat=0
split_feature=7 42 30 1 6 14 28 21 35 7 21 10 18 13
split_gain=8.07413 7.90809 9.04258 11.0287 9.16068 11.2392 11.2024 12.9326 10.6975 10.804 12.2669 15.451 12.3313 10.8155
threshold=0.081350002437829985 0.77932056784629833 0.002650000038556755 0.247299998998642 0.0013499999768100681 0.002650000038556755 0.0011500000255182388 0.0010500000207684936 0.025200000032782558 0.002650000038556755 1.0000000180025095e-35 0.0073500000871717939 0.0064499999862164268 0.0042499999981373557
decision_type=2 2 2 2 2 2 2 2 2 2 2 2 2 2
left_child=1 -1 3 4 5 -3 7 -6 9 13 -11 12 -12 -7
right_child=-2 2 -4 -5 6 8 -8 -9 -10 10 11 -13 -14 -15
leaf_value=0.0087583676339273598 0.036855514677652898 -0.03586295765654253 -0.019975407060698704 0.029117965330863142 -0.037525050564637161 0.02177736767959302 -0.013754523376851589 0.13733368854942904 -0.043081347731374925 0.035408925778045844 -0.00021148483106512417 0.035728261853433668 -0.065392483431165535 -0.0035873893296512068
leaf_weight=137.33338989131153 9.6571704465895873 12.404209884814916 41.224904358386993 19.232413459569216 1.0233387202024453 30.53314916882664 108.72044445201755 1.5854245088994501 7.8596258983016005 32.228272811509669 35.684727981686592 17.745957667008042 5.2606927827000609 220.03090560343117
leaf_count=681 97 159 148 84 13 113 553 9 29 121 90 58 17 772
internal_value=0.000728063 0.00019663 -0.00200092 -0.000483903 -0.00170169 0.00137699 -0.0117336 0.0684121 0.00272061 0.00379881 0.0156032 0.00461782 -0.00882235 -0.000473087
internal_weight=680.525 670.867 533.534 492.309 473.077 361.748 111.329 2.60876 349.343 341.484 90.9197 58.6914 40.9454 250.564
internal_count=2944 2847 2166 2018 1934 1359 575 22 1200 1171 286 165 107 885
is_linear=0
shrinkage=0.04


Tree=130
num_leaves=15
num_cat=0
split_feature=29 40 25 45 20 19 28 36 47 4 11 10 21 19
split_gain=10.408 11.088 12.4371 10.4837 11.783 18.8647 14.3957 11.7154 10.5682 10.5199 11.9527 9.114 8.69953 8.22286
threshold=1.0000000180025095e-35 0.0010500000207684936 0.016449999995529655 0.0038499999791383748 0.0062903387006372222 0.0013499999768100681 0.60309219360351574 0.0063499999232590207 0.010049999691545965 0.0010500000207684936 0.16518164426088336 0.0045499999541789302 1.0000000180025095e-35 0.0012500000302679839
decision_type=2 2 2 2 2 2 2 2 2 2 2 2 2 2
left_child=1 13 -3 7 9 8 -7 -2 -6 10 -5 -4 -10 -1
right_child=3 2 11 4 5 6 -8 -9 12 -11 -12 -13 -14 -15
leaf_value=-0.00033824393574650546 0.0026047782919339096 -0.041643730792704226 -0.030872050396445548 -0.048707774610563838 0.047234554517534354 -0.041249120217782646 0.065103754670133782 -0.043855163417960759 -0.025042970544550264 -0.040933503568807858 0.030159680090099106 0.05469404632469526 0.03120065596776651 -0.038831564819603502
leaf_weight=178.75571394618601 362.52469175681472 24.510279394220561 3.4980076104402533 3.8667058572173181 37.519481793045998 9.8343047276139242 2.4449417293071738 8.7913965545594674 6.910553868860009 9.0695749111473543 13.314335115253924 4.2916992455720901 11.558989714831112 9.256902461871503
leaf_count=745 1477 185 17 6 184 27 9 27 51 44 33 15 55 65
internal_value=0.00113094 -0.00602317 -0.0276464 0.00452357 0.0164139 0.0251732 -0.019395 0.0014825 0.0350361 -0.00622301 0.0119994 0.0158589 0.00991963 -0.00227438
internal_weight=686.148 220.313 32.3 465.835 94.5189 68.2683 12.2792 371.316 55.989 26.2506 17.181 7.78971 18.4695 188.013
internal_count=2940 1027 217 1913 409 326 36 1504 290 83 39 32 106 810
is_linear=0
shrinkage=0.04


Tree=131
num_leaves=15
num_cat=0
split_feature=29 17 24 42 36 7 25 15 11 48 45 36 20 19
split_gain=9.63456 13.5666 11.7941 15.1235 15.3834 11.689 22.2636 15.928 11.9974 11.0824 9.88049 11.0563 11.0429 17.6011
threshold=1.0000000180025095e-35 0.0019500000635161998 0.010850000195205213 0.95489367842674266 0.0014499999815598132 0.00045000000682193791 0.003249999950639904 0.0013499999768100681 0.66359540820121776 1.0000000180025095e-35 0.0038499999791383748 0.0063499999232590207 0.0062903387006372222 0.0013499999768100681
decision_type=2 2 2 2 2 2 2 2 2 2 2 2 2 2
left_child=1 2 3 4 -1 -3 7 -7 -8 -5 11 -2 -12 -14
right_child=10 5 -4 9 -6 6 8 -9 -10 -11 12 -13 13 -15
leaf_value=0.034097111674936426 0.0024993813829823296 -0.029928028473464225 0.04415362885864612 -0.020968781114514674 -0.037787649520498512 0.021038693248898409 -0.03745481824287171 -0.031050754041379344 0.055915624943921188 0.069957114172252796 -0.0060959936600371032 -0.043167187342605669 0.034091151056482839 -0.019073407130030046
leaf_weight=26.390265535563231 362.70016820915043 46.233042685315013 11.584092475473879 37.375194439664483 5.6716157831251612 44.835424891673028 31.288667853921652 11.732795411255209 2.2478282935917369 2.1611885428428641 25.803094875067472 8.5801398120820505 55.265149047598243 11.978537656366823
leaf_count=96 1477 351 47 154 20 169 78 91 9 12 83 27 290 36
internal_value=0.00108723 -0.00580844 0.00688523 0.000746501 0.0211787 -0.0135818 -0.00512624 0.0101285 -0.03093 -0.0157336 0.00435646 0.00142194 0.0160089 0.024547
internal_weight=683.847 219.52 83.1824 71.5983 32.0619 136.338 90.1047 56.5682 33.5365 39.5364 464.327 371.28 93.0468 67.2437
internal_count=2940 1027 329 282 116 698 347 260 87 166 1913 1504 409 326
is_linear=0
shrinkage=0.04


Tree=132
num_leaves=15
num_cat=0
split_feature=29 17 23 36 42 24 7 25 15 5 18 7 11 48
split_gain=8.92204 12.6234 11.2464 11.969 12.1845 17.9518 11.0019 20.7967 14.7409 14.9228 16.9123 13.8262 11.3011 10.0697
threshold=1.0000000180025095e-35 0.0019500000635161998 0.020999999716877941 0.0014499999815598132 0.95489367842674266 0.010549999773502352 0.00045000000682193791 0.003249999950639904 0.0013499999768100681 0.0011500000255182388 0.0041499999351799497 0.0054500000551342973 0.66359540820121776 1.0000000180025095e-35
decision_type=2 2 2 2 2 2 2 2 2 2 2 2 2 2
left_child=1 2 3 4 -1 13 -3 8 9 10 11 -8 -9 -6
right_child=-2 6 -4 -5 5 -7 7 12 -10 -11 -12 -13 -14 -15
leaf_value=0.029739876275826874 0.0041893298683979814 -0.029158604846687357 0.092333059561908779 -0.042336958813786525 -0.020104760072848983 0.054877141195862109 -0.038377562862326672 -0.036493282706316812 -0.030149235103799375 0.039679246201201022 0.068625133400650296 0.089354164759908983 0.055372442000131347 0.065822585496109337
leaf_weight=28.174148233607411 463.48543723113835 45.57114513637498 2.2843856588006011 7.89207032136619 35.368568245321512 6.9138254374265662 13.709287406876685 30.840391483157873 11.60589555185288 26.128460662439466 3.6807920280843964 1.3929715212434519 2.1814109850674859 2.2102987691760054
leaf_count=109 1913 351 9 33 145 21 69 78 91 84 11 5 9 12
internal_value=0.00104596 -0.00561904 0.00663765 0.00404656 0.00919033 -0.00377009 -0.0131632 -0.00495423 0.00972661 0.0201642 -0.00683715 -0.0258227 -0.030155 -0.0147833
internal_weight=681.439 217.954 82.8433 80.5589 72.6668 44.4927 135.11 89.5392 56.5174 44.9115 18.7831 15.1023 33.0218 37.5789
internal_count=2940 1027 329 320 287 178 698 347 260 169 85 74 87 157
is_linear=0
shrinkage=0.04


Tree=133
num_leaves=15
num_cat=0
split_feature=36 40 25 22 23 1 22 20 18 34 15 20 14 17
split_gain=7.54525 8.27651 9.17822 15.7517 13.7296 13.0805 13.8396 10.0939 9.89452 15.3726 16.4984 24.0388 13.9185 13.1183
threshold=0.0064499999862164268 0.0062500000931322583 0.039300000295042999 0.0036499999696388845 0.0096500003710389155 0.24144999682903293 0.0035500000230968003 0.054789245128631599 0.0035500000230968003 0.0046500000171363362 0.015699999406933788 0.0058924108743667611 0.10244999825954439 0.0050500000361353168
decision_type=2 2 2 2 2 2 2 2 2 2 2 2 2 2
left_child=1 2 4 -4 5 6 7 8 9 10 11 12 -1 -14
right_child=-2 -3 3 -5 -6 -7 -8 -9 -10 -11 -12 -13 13 -15
leaf_value=-0.0021659287333105574 -0.022380646762581318 -0.018668706312129801 0.0081013694521012911 0.067916125543166325 -0.030524127660373858 0.029071022265175384 -0.022133986804215945 0.019235376284658479 0.023412819767051955 -0.010096929765473713 -0.038870516639391284 0.033790455329156255 0.042974541160373247 -0.051399993992371426
leaf_weight=169.0059122168459 21.252753906883299 30.093400527723134 34.564512247219682 8.831170588731764 20.62777042388916 28.308436832390726 37.651800550054759 54.367391958832741 29.277131092734635 164.69658662192523 12.525171436835079 46.468408333137631 19.393614321947101 2.5584888495504847
leaf_count=850 98 181 162 33 102 214 144 244 111 535 67 147 41 11
internal_value=0.00100718 0.00177152 0.00275975 0.020494 0.00143383 0.00261443 0.00120437 0.00297997 0.000976283 -0.000603516 0.00563737 0.00801755 0.00171054 0.0316107
internal_weight=679.623 658.37 628.276 43.3957 584.881 564.253 535.945 498.293 443.925 414.648 249.952 237.426 190.958 21.9521
internal_count=2940 2842 2661 195 2466 2364 2150 2006 1762 1651 1116 1049 902 52
is_linear=0
shrinkage=0.04


Tree=134
num_leaves=15
num_cat=0
split_feature=29 17 7 25 15 42 39 8 11 45 20 19 42 47
split_gain=8.29062 11.8274 10.233 19.1981 13.5521 10.724 10.4098 10.1555 9.16052 8.86904 10.0628 16.296 13.4499 10.0933
threshold=1.0000000180025095e-35 0.0019500000635161998 0.00045000000682193791 0.003249999950639904 0.0013499999768100681 0.8254397213459016 1.0000000180025095e-35 1.0000000180025095e-35 0.66359540820121776 0.0038499999791383748 0.0062903387006372222 0.0013499999768100681 0.62574934959411632 0.0086500002071261423
decision_type=2 2 2 2 2 2 2 2 2 2 2 2 2 2
left_child=1 7 -3 4 6 -5 -4 -1 -7 -2 -11 13 -13 -12
right_child=9 2 3 5 -6 8 -8 -9 -10 10 11 12 -14 -15
leaf_value=-0.00028262901265929165 0.0012241557003975173 -0.028492853860929417 0.011649627487572478 0.021593824281358583 -0.029280097165981085 -0.045070090258721301 0.06928785765838813 0.035751786788318141 0.058372433506326378 -0.0060597830456044968 0.046128658853814598 0.06332937850820558 -0.040436814928575579 0.010216243010504682
leaf_weight=67.157024275511503 369.98074655048549 44.670723184477538 38.485358765348792 5.3456492945551863 11.411085313186048 25.726800918579105 5.7384671764448276 15.219613609835504 1.3298042509704817 25.526445548981428 33.758682860992849 2.4087198413908473 9.4759687110781652 20.497059512883425
leaf_count=264 1504 351 156 16 91 65 13 65 6 83 169 9 27 121
internal_value=0.000970345 -0.00550653 -0.012903 -0.00492379 0.00927595 -0.0293814 0.0193584 0.00636174 -0.0396425 0.00399716 0.0151323 0.0233684 -0.0187194 0.0326788
internal_weight=676.732 215.085 132.708 88.0372 55.6349 32.4023 44.2238 82.3766 27.0566 461.648 91.6669 66.1404 11.8847 54.2557
internal_count=2940 1027 698 347 260 87 169 329 71 1913 409 326 36 290
is_linear=0
shrinkage=0.04


Tree=135
num_leaves=15
num_cat=0
split_feature=7 7 19 19 6 12 15 48 22 44 17 11 32 1
split_gain=7.34488 7.52501 6.87104 10.6498 11.173 11.6443 10.0783 17.9372 8.64456 8.18898 8.14823 17.8879 13.083 14.8567
threshold=0.042249999940395362 0.030000000260770324 0.024600000120699409 0.0015499999863095584 0.034849999472498901 0.0018500000005587938 0.0014499999815598132 0.0044499998912215242 0.076650001108646407 0.0064499999862164268 0.0028499999316409235 0.13754216581583026 1.0000000180025095e-35 0.0011500000255182388
decision_type=2 2 2 2 2 2 2 2 2 2 2 2 2 2
left_child=1 2 3 10 6 -6 7 -5 -8 -9 11 -1 -13 -14
right_child=-2 -3 -4 4 5 -7 8 9 -10 -11 -12 12 13 -15
leaf_value=-0.0053909484668288807 0.027674165275614372 -0.037669554095909275 0.02848298194461793 -0.052510652978137139 -0.042406498477725395 0.04833838012834954 -0.033751374629831736 0.083044303050192878 0.076987497051609732 -0.039354682232135292 -0.0033965003218934739 0.027546438379029339 0.17259964874030662 -0.012719197370663134
leaf_weight=95.858368062414229 13.783225456252692 9.0908246003091318 12.127679470926521 3.6791026741266233 3.1153194592334312 7.3666109703481197 46.961026345379651 4.4853280410170555 1.0425575375556935 0.9685249738395213 376.42311929864809 71.524176358245313 0.61244208365679043 22.498303044587374
leaf_count=423 144 32 63 24 47 24 184 16 3 5 1560 303 3 83
internal_value=-0.00110047 -0.00171551 -0.00119813 -0.00177612 -0.0167687 0.0208443 -0.0237632 0.0143281 -0.0311081 0.0602706 7.68659e-06 0.00675375 0.0190904 -0.00691339
internal_weight=669.537 655.753 646.663 634.535 67.6185 10.4819 57.1365 9.13296 48.0036 5.45385 566.916 190.493 94.6349 23.1107
internal_count=2914 2770 2738 2675 303 71 232 45 187 21 2372 812 389 86
is_linear=0
shrinkage=0.04


Tree=136
num_leaves=15
num_cat=0
split_feature=7 7 19 19 43 8 18 37 18 21 28 33 23 42
split_gain=6.86266 7.00165 6.33282 10.0196 11.0866 8.9626 7.59129 11.7954 12.232 13.3684 12.0574 9.19945 10.3541 8.98432
threshold=0.042249999940395362 0.030000000260770324 0.024600000120699409 0.0015499999863095584 0.0053499999921768912 0.0092500001192092913 0.0010500000207684936 0.0013499999768100681 0.0015499999863095584 0.0010500000207684936 0.09279313683509828 0.017450000159442428 0.27930000424385076 0.98437243700027477
decision_type=2 2 2 2 2 2 2 2 2 2 2 2 2 2
left_child=1 2 3 6 -5 -6 -1 8 -8 -10 -9 12 -12 -11
right_child=-2 -3 -4 4 5 -7 7 10 9 13 11 -13 -14 -15
leaf_value=-0.0024438238747467021 0.026947887965303865 -0.036471496912549042 0.027327060022063386 -0.027531190902343804 0.086876958423246886 -0.00090543774625742688 0.062715739097129491 -0.0097737043900139528 -0.014757493833430705 0.046916203534497804 0.045992135150415135 -0.039377526711981317 -0.041684474557545245 -0.036324645022095904
leaf_weight=442.0785274123773 13.595081206411121 9.0186539031565172 12.139036612585185 45.3617351539433 1.951837539672854 19.120316737797111 10.623239240609108 58.857416123151779 14.799464662559329 15.882829792797567 16.905444456264384 2.9555265344679347 2.3410038948059073 2.2538701295852652
leaf_count=1870 144 32 63 172 8 123 43 206 110 49 66 9 5 14
internal_value=-0.00105935 -0.00165144 -0.001153 -0.00170959 -0.0163941 0.00740853 7.39978e-06 0.00873004 0.0254925 0.0132119 -0.000248729 0.0247532 0.0349607 0.03621
internal_weight=667.884 654.289 645.27 633.131 66.4339 21.0722 566.697 124.619 43.5594 32.9362 81.0594 22.202 19.2464 18.1367
internal_count=2914 2770 2738 2675 303 131 2372 502 216 173 286 80 71 63
is_linear=0
shrinkage=0.04


Tree=137
num_leaves=15
num_cat=0
split_feature=27 7 7 16 16 14 3 5 17 28 11 8 17 1
split_gain=6.45181 7.05797 6.64581 6.26797 7.81676 11.6156 12.4725 6.12887 6.91108 14.4822 14.2049 27.628 11.4621 12.8122
threshold=1.0000000180025095e-35 0.042249999940395362 0.030000000260770324 0.97269999980926525 0.75985002517700206 0.019550000317394737 0.0010500000207684936 0.11174999922513963 0.0030500000575557355 0.0049949150998145351 0.1004997529089451 0.0092500001192092913 0.0037500000325962905 0.037949999794363982
decision_type=2 2 2 2 2 2 2 2 2 2 2 2 2 2
left_child=1 2 3 4 7 -6 -7 8 9 -1 -11 -12 13 -10
right_child=-2 -3 -4 -5 5 6 -8 -9 12 10 11 -13 -14 -15
leaf_value=-0.0072740923244862723 -0.044560709784944592 0.028378996004005171 -0.035298059155757226 -0.040921389935620535 0.067026490430416336 -0.040440425041126861 0.041038722860720973 0.02869340164200173 -0.037439829756424063 -0.010755963461772985 0.039626957532120283 -0.007589547567925836 -0.0022819457618109781 0.0075676754949415672
leaf_weight=94.540401797741652 5.3037803187035015 13.016489691101013 8.9504677150398475 6.0604694485664359 6.6580377370119121 5.7722312584519369 6.0529037639498711 10.705835565924643 32.180857924744487 27.757221672683954 53.245065458118916 31.313021417707205 349.91721000522375 14.502725332975386
leaf_count=426 208 139 32 9 19 15 21 84 96 107 169 169 1382 38
internal_value=-0.00102005 -0.000657766 -0.00125181 -0.000762991 -0.000365563 0.025184 0.000925087 -0.00114496 -0.00168561 0.00423007 0.013947 0.0221065 -0.00478144 -0.023386
internal_weight=665.977 660.673 647.656 638.706 632.646 18.4832 11.8251 614.162 603.457 206.856 112.315 84.5581 396.601 46.6836
internal_count=2914 2706 2567 2535 2526 55 36 2471 2387 871 445 338 1516 134
is_linear=0
shrinkage=0.04


Tree=138
num_leaves=15
num_cat=0
split_feature=40 17 31 33 10 26 4 14 19 19 43 12 33 5
split_gain=6.26941 7.63677 7.88155 8.43116 8.35257 7.04987 6.82304 6.69032 6.69833 11.154 11.058 9.82546 10.7996 8.68915
threshold=0.0059500001370906839 0.0048500001430511483 1.0000000180025095e-35 0.010750000365078451 0.0036499999696388845 0.0013499999768100681 0.22924999892711642 0.49985001981258398 0.024600000120699409 0.0015499999863095584 0.0053499999921768912 0.026050000451505188 0.0029499999945983295 0.058399999514222152
decision_type=2 2 2 2 2 2 2 2 2 2 2 2 2 2
left_child=7 -2 -3 4 -4 -5 -7 8 9 13 -11 12 -12 -1
right_child=1 2 3 5 -6 6 -8 -9 -10 10 11 -13 -14 -15
leaf_value=0.00011761310831158396 -0.047810278223459547 -0.056261623307579542 -0.047759358740828317 -0.039831048466870071 0.045068072655445247 0.059858677065152611 -0.065516135218306654 0.036411774427466174 0.029434458820446818 -0.027948595053516365 0.053250930845178762 0.052011168544767082 -0.028392094132201166 0.041158316702997445
leaf_weight=535.14334909198806 9.5102704390883428 4.095370294526222 1.7491137534379984 8.2684148205444199 8.8913791514933092 2.5778713747858997 0.82100777514278878 7.8482701163738957 11.608814002946017 44.451028498820961 3.2409297600388554 5.641085058450698 11.267386599443851 8.2870766939595324
leaf_count=2167 59 22 16 61 42 12 6 85 60 170 17 19 87 91
internal_value=-0.00098438 -0.0172149 -0.00590482 0.00337123 0.0291338 -0.0198321 0.0274239 -4.64821e-05 -0.000520512 -0.00110375 -0.0168063 0.00759352 -0.00964083 0.000758282
internal_weight=663.401 35.9134 26.4032 22.3078 10.6405 11.6673 3.39888 627.488 619.64 608.031 64.6004 20.1494 14.5083 543.43
internal_count=2914 218 159 137 58 79 18 2696 2611 2551 293 123 104 2258
is_linear=0
shrinkage=0.04


Tree=139
num_leaves=15
num_cat=0
split_feature=27 0 16 16 14 16 36 11 23 14 35 28 1 1
split_gain=6.12352 7.94733 5.66376 6.77547 11.1054 9.03263 7.42818 10.7364 14.5921 9.93268 8.45823 8.39337 9.84331 9.59824
threshold=1.0000000180025095e-35 0.003249999950639904 0.97269999980926525 0.75985002517700206 0.019550000317394737 0.8723999857902528 0.0016499999910593035 0.092311780899763121 0.002549999975599349 0.026850000023841861 0.051349999383091934 0.071513652801513686 0.0046500000171363362 0.060850000008940704
decision_type=2 2 2 2 2 2 2 2 2 2 2 2 2 2
left_child=1 2 3 6 -5 -6 10 -8 11 -10 -1 12 -9 -14
right_child=-2 -3 -4 4 5 -7 7 8 9 -11 -12 -13 13 -15
leaf_value=0.00075149691562058189 -0.044265567868104067 0.031821266640432069 -0.040364561555117889 0.063978115693573312 0.037644043995141041 -0.032232999236950402 -0.04759428817782585 0.045999570752983797 0.019907572873084364 -0.033157754355386516 -0.085757769847613755 0.033463722576369086 -0.017581870641841094 0.051412840777351303
leaf_weight=511.74230885878205 5.0831407746300092 11.76972264330834 5.7594882845878592 6.6329138353467014 5.3264823369681817 6.4090495444834232 11.466028179973362 5.6615267265588036 6.5667037311941376 34.716287152841687 1.7142535988241423 14.006769035011528 31.189385268837214 3.4780029803514472
leaf_count=1942 208 229 9 19 17 21 53 42 44 148 8 57 106 11
internal_value=-0.000948001 -0.000599787 -0.00120275 -0.000837198 0.0230246 -0.000129394 -0.00155356 -0.0111328 -0.00667362 -0.0245925 0.000438241 0.00688743 -0.00230387 -0.010417
internal_weight=661.522 656.439 644.669 638.91 18.3684 11.7355 620.541 107.085 95.6187 41.283 513.457 54.3357 40.3289 34.6674
internal_count=2914 2706 2477 2468 57 38 2411 461 408 192 1950 216 159 117
is_linear=0
shrinkage=0.04


Tree=140
num_leaves=15
num_cat=0
split_feature=33 12 20 1 23 25 31 34 15 39 1 40 29 20
split_gain=11.9229 9.46965 7.01163 13.9919 11.1839 9.35997 10.8451 10.5538 7.10766 6.67884 8.81045 12.9371 8.75682 9.94452
threshold=0.031749999150633819 0.18119999766349795 0.05954693257808686 0.011950000189244749 0.0030500000575557355 0.0011500000255182388 0.0017499999958090486 0.13215000182390216 0.064199998974800124 0.0013499999768100681 0.029799999669194225 0.0016499999910593035 0.0015499999863095584 0.0018495499971322717
decision_type=2 2 2 2 2 2 2 2 2 2 2 2 2 2
left_child=2 -2 9 5 -5 -4 -7 -8 -6 -1 12 -12 -11 -14
right_child=1 -3 3 4 8 6 7 -9 -10 10 11 -13 13 -15
leaf_value=-0.0012988275095926637 -0.029905032418057295 0.050989047718769033 0.041844725567459266 0.038369574795495805 0.017204713818816254 -0.051704265029808599 0.050222678952356631 -0.059669780484764318 -0.033563468950580877 -0.042066080716623232 0.050678576337127669 -0.001465025536950208 0.1481670012852335 0.0039899195321630105
leaf_weight=507.47331511322409 29.04400605335832 2.3912618756294242 3.7049577888101366 33.17927766405046 13.16716007795185 10.653023838996889 4.1979605779051772 1.9553556218743322 6.5093187056481829 6.8301388351246741 17.202693365514282 13.324865998700259 0.69596775621176021 22.827098509296775
leaf_count=2022 182 13 16 239 101 43 16 10 32 55 59 58 3 90
internal_value=0.000521514 -0.0234825 0.00170708 0.0133365 0.0242342 -0.0145332 -0.0273723 0.0142664 0.000122672 0.000196757 0.0127105 0.0278575 -0.00243358 0.00903411
internal_weight=673.156 31.4353 641.721 73.3671 52.8558 20.5113 16.8063 6.15332 19.6765 568.354 60.8808 30.5276 30.3532 23.5231
internal_count=2939 195 2744 457 372 85 69 26 133 2287 265 117 148 93
is_linear=0
shrinkage=0.04


Tree=141
num_leaves=15
num_cat=0
split_feature=33 12 7 1 9 7 3 32 7 33 17 43 33 8
split_gain=11.1503 8.92423 6.61702 11.2164 15.6684 8.97635 8.88777 10.059 8.41358 8.34295 9.16346 10.1492 8.89318 8.15085
threshold=0.031749999150633819 0.18119999766349795 0.0047500000800937423 0.011149999685585501 0.0075499999802559623 0.013900000136345627 0.012249999679625036 0.013650000095367433 0.0035500000230968003 1.0000000180025095e-35 0.02224999945610762 0.0019500000635161998 0.0022500000195577745 0.022049999795854095
decision_type=2 2 2 2 2 2 2 2 2 2 2 2 2 2
left_child=2 -2 8 4 5 -4 7 13 -1 -5 11 -11 -13 -6
right_child=1 -3 3 9 6 -7 -8 -9 -10 10 -12 12 -14 -15
leaf_value=0.0011470078478000498 -0.029151965927552492 0.050367212122310767 0.12051419305901608 0.033284246840936164 0.0060288494128031061 -0.035189176099421175 -0.055566120113163343 0.13172807742698456 -0.020492314137530873 -0.020028445995460241 -0.039603439732979549 -0.03346899891157936 0.060736090761982754 -0.04372809654495146
leaf_weight=513.8974974011071 28.613936048001055 2.3265007063746443 2.1718765981495376 37.803251024335623 17.791483292356141 0.70172271132469166 6.632357455790042 0.74526819586753745 30.350418618880212 6.66490405797959 5.9537341138347974 1.8560668490827072 8.2668661177158338 7.3165284004062405
leaf_count=2119 182 13 10 275 77 6 18 2 97 25 51 16 31 17
internal_value=0.000503795 -0.0229008 0.00164466 0.011327 -0.00647531 0.0812421 -0.0145828 -0.00374134 -5.59208e-05 0.0217833 0.0024282 0.0177176 0.0429136 -0.0084277
internal_weight=671.092 30.9404 640.152 95.9041 35.3592 2.8736 32.4856 25.8533 544.248 60.5448 22.7416 16.7878 10.1229 25.108
internal_count=2939 195 2744 528 130 16 114 96 2216 398 123 72 47 94
is_linear=0
shrinkage=0.04


Tree=142
num_leaves=15
num_cat=0
split_feature=33 12 38 6 6 39 7 47 14 23 13 9 8 48
split_gain=10.4218 8.41007 7.34197 6.1364 11.25 6.8226 12.6678 12.1986 10.3205 10.2575 7.61645 14.7443 11.8823 11.5098
threshold=0.031749999150633819 0.18119999766349795 0.026300000026822094 0.032300001010298736 0.0559499990195036 0.0011500000255182388 0.00045000000682193791 0.0073500000871717939 0.10960000008344652 0.012749999761581423 0.26889999210834509 0.007849999703466894 0.2334999963641167 0.0073500000871717939
decision_type=2 2 2 2 2 2 2 2 2 2 2 2 2 2
left_child=2 -2 3 5 -5 10 -7 -8 -9 -10 12 -12 -1 -13
right_child=1 -3 -4 4 -6 6 7 8 9 -11 11 13 -14 -15
leaf_value=0.00010328059649431188 -0.028408411900740092 0.049762826745418882 0.050167161806189971 0.064406982469165583 -0.043512898395042403 -0.048039229797137532 0.02657380947202229 -0.031939770572499707 0.027785344011431672 -0.038212924026633135 0.092192192556722646 -0.041252848629398382 0.062258967274556723 -0.0048341811977469966
leaf_weight=465.20756961777806 28.199493757914755 2.2630669828504315 4.8418683521449557 5.7954195253550997 1.9696666263043878 5.3890770981088272 52.780888494104147 13.02904083766043 16.765298195183281 4.71862251125276 1.9189648963510979 21.241125151515007 4.8753006011247626 40.704362757503986
leaf_count=1855 182 13 64 28 22 53 248 57 90 20 9 84 29 185
internal_value=0.000484053 -0.0223264 0.00158065 0.00119567 0.0363186 0.00074833 0.0107637 0.0144905 -0.00389635 0.0129946 -0.000984352 -0.0139375 0.000769518 -0.017433
internal_weight=669.7 30.4626 639.237 634.395 7.76509 626.63 92.6829 87.2939 34.513 21.4839 533.947 63.8645 470.083 61.9455
internal_count=2939 195 2744 2680 50 2630 468 415 167 110 2162 278 1884 269
is_linear=0
shrinkage=0.04


Tree=143
num_leaves=15
num_cat=0
split_feature=33 12 38 9 9 14 13 39 24 13 36 32 42 25
split_gain=9.73837 7.92544 6.98778 6.26646 15.0222 5.92462 8.66751 12.6352 13.1331 10.4631 10.0649 9.44041 9.22769 8.71334
threshold=0.031749999150633819 0.18119999766349795 0.026300000026822094 0.098200000822544112 0.05790000036358834 0.012349999975413086 0.016549999825656418 0.0011500000255182388 0.10480000078678132 0.015649999491870407 0.0012500000302679839 0.0018500000005587938 0.95367911458015453 1.0000000180025095e-35
decision_type=2 2 2 2 2 2 2 2 2 2 2 2 2 2
left_child=2 3 5 4 -2 6 9 8 -8 10 12 -9 13 -1
right_child=1 -3 -4 -5 -6 -7 7 11 -10 -11 -12 -13 -14 -15
leaf_value=0.0091295648484277601 -0.033407719847170683 0.049175110842897177 0.049588800851559069 -0.046706409785560322 0.059560764787095197 0.0032967251401824927 -0.022872240378391903 -0.0059845483333389069 0.040100539434031815 0.078173649535849682 -0.047040273304339512 0.091308624267800217 -0.016067020467787869 0.059207715638711446
leaf_weight=29.076528892852366 10.265672025736427 2.2009635157883158 4.7063276441767803 13.847072340548037 3.6874644299969068 484.61900540068746 74.228944106958807 3.1948935240507117 5.5724904891103497 2.9144776919856659 5.9729911675676695 2.9312298446893692 17.861545479856431 6.8816459104418746
leaf_count=172 99 13 64 66 17 1861 334 24 24 7 60 10 175 13
internal_value=0.000465427 -0.0217592 0.00152009 -0.0276746 -0.00830485 0.00114876 -0.00582524 -0.0140832 -0.0183801 0.00543131 0.00169424 0.0406447 0.00725426 0.018962
internal_weight=667.961 30.0012 637.96 27.8002 13.9531 633.254 148.635 85.9276 79.8014 62.7072 59.7927 6.12612 53.8197 35.9582
internal_count=2939 195 2744 182 116 2680 819 392 358 427 420 34 360 185
is_linear=0
shrinkage=0.04


Tree=144
num_leaves=15
num_cat=0
split_feature=33 12 10 28 14 12 8 25 1 9 5 17 37 21
split_gain=9.14493 7.49522 6.27627 10.657 10.2667 11.9595 8.86463 14.2082 13.8138 12.5912 12.4042 12.196 10.7456 9.86515
threshold=0.031749999150633819 0.18119999766349795 0.0015499999863095584 0.0076786454301327476 0.0024500000290572648 0.0010500000207684936 0.0067499999422580012 0.0024500000290572648 0.022049999795854095 0.0011500000255182388 1.0000000180025095e-35 0.00335000001359731 0.0016499999910593035 0.016050000675022606
decision_type=2 2 2 2 2 2 2 2 2 2 2 2 2 2
left_child=2 -2 3 6 5 -4 7 9 -8 -1 11 -11 -12 -13
right_child=1 -3 4 -5 -6 -7 8 -9 -10 10 12 13 -14 -15
leaf_value=-0.026537924129394694 -0.027099472742498031 0.048603299805088804 0.065584338760372687 -0.039954859646851852 0.0026028622766308541 -0.01211511636599309 -0.022820771442725988 -0.026253889623606273 0.074670026064584019 0.015869765314628186 0.053101362752923757 -0.039326421678124689 -0.048347097430522665 0.052125901704123727
leaf_weight=17.067615404725075 27.274001953192059 2.1401915233582249 8.7176769711077196 13.292888896539806 483.20843456406146 4.7841062173247328 3.8014515768736583 36.13361706584692 5.5562797822058201 31.883401319384575 14.731381742283704 13.792097593192009 1.7629239410161961 2.0610968321561804
leaf_count=96 182 13 31 130 1897 14 45 166 19 154 41 133 12 6
internal_value=0.000448606 -0.0213098 0.00146312 -0.00600121 0.00357705 0.0378722 -0.00238123 -0.00540682 0.0348202 0.00383052 0.011991 0.00154467 0.0417914 -0.0269336
internal_weight=666.207 29.4142 636.793 140.083 496.71 13.5018 126.79 117.432 9.35773 81.2985 64.2309 47.7366 16.4943 15.8532
internal_count=2939 195 2744 802 1942 45 672 608 64 442 346 293 53 139
is_linear=0
shrinkage=0.04


Tree=145
num_leaves=15
num_cat=0
split_feature=41 26 17 48 15 31 9 18 17 17 46 49 15 9
split_gain=7.19417 7.39125 10.2876 9.76541 8.60021 8.52619 9.97879 8.93946 10.0765 17.8436 17.2157 13.825 13.9935 14.6978
threshold=0.003249999950639904 0.0014499999815598132 0.041850000619888313 0.033749999478459365 0.0020500000100582842 0.0084500000812113302 0.22694999724626544 0.0031500000040978198 0.0030500000575557355 0.0041499999351799497 0.0016499999910593035 0.0037500000325962905 0.0081500001251697558 0.05790000036358834
decision_type=2 2 2 2 2 2 2 2 2 2 2 2 2 2
left_child=1 2 5 4 -3 6 7 8 11 10 -10 -1 -13 -14
right_child=-2 3 -4 -5 -6 -7 -8 -9 9 -11 -12 12 13 -15
leaf_value=-0.000811695227881849 -0.041399117659541379 0.03293840989724002 -0.023965165568975991 0.037966950152163989 -0.028597330245138664 -0.011740228632804555 0.04362219618199957 0.018868980940704379 -0.034829445436425695 0.00010426916015074888 0.033417088124548286 0.031210804256992894 -0.037080354717537511 0.072945555675462737
leaf_weight=115.20664314460009 6.5245792521163812 5.7518844911828628 28.412562424317002 18.691577026620507 9.4183350726962072 77.346313854679465 9.1752252839505655 44.329498727805912 44.887573451735079 231.7729893354699 6.6693067625164977 52.662223965860903 10.019945189356802 2.2911542877554885
leaf_count=479 56 68 198 183 42 388 39 159 151 889 23 182 46 9
internal_value=6.93322e-05 0.00049371 -0.00049091 0.0186684 -0.00494081 0.000628357 0.00248837 0.00172888 7.72762e-05 -0.00461668 -0.0258762 0.00747909 0.0222199 -0.015859
internal_weight=663.16 656.635 622.773 33.8618 15.1702 594.361 517.015 507.839 463.51 283.33 51.5569 180.18 64.9733 12.3111
internal_count=2912 2856 2563 293 110 2365 1977 1938 1779 1063 174 716 237 55
is_linear=0
shrinkage=0.04


Tree=146
num_leaves=15
num_cat=0
split_feature=41 34 22 25 44 23 43 31 22 17 40 43 43 42
split_gain=6.87422 5.19729 6.04765 7.42354 9.75937 9.73098 7.35296 10.5396 7.80634 6.93232 6.6337 6.58094 10.413 10.4418
threshold=0.003249999950639904 0.62154999375343334 0.0013499999768100681 0.026950000785291198 0.0053499999921768912 0.0070500001311302194 0.045599998906254775 0.052850000560283668 0.0079499999992549437 0.0010500000207684936 0.0015499999863095584 0.0054500000551342973 0.0087500000372529047 0.77468326687812816
decision_type=2 2 2 2 2 2 2 2 2 2 2 2 2 2
left_child=1 2 -1 4 11 9 7 8 10 -6 -5 -4 -13 -14
right_child=-2 -3 3 6 5 -7 -8 -9 -10 -11 -12 12 13 -15
leaf_value=0.0019097946413238784 -0.041168998221043376 0.062190124353763435 -0.038429791845553084 0.020112419510674391 -0.041722072319547783 -0.033304726728651181 -0.034853290845836084 0.065030403633773326 0.032008942495769702 0.029418182296762942 -0.046106225605473179 0.048636551248196408 0.039556054067785076 -0.044996978553175547
leaf_weight=552.17817604588345 6.3036315441131583 2.0766659872606388 28.812190583907068 3.7553782314062207 2.4071709066629472 7.8071195110678664 5.0287487152963868 5.6424499042332164 7.9550578221678725 15.932938438840209 6.2046819217503071 4.0054515274241593 2.9489475637674323 9.5653115622699243
leaf_count=2395 56 20 158 12 5 15 28 22 36 68 25 16 14 42
internal_value=6.63438e-05 0.000475942 0.000263816 -0.00877188 -0.0156751 0.00364652 0.00834439 0.0178431 0.00248068 0.0196884 -0.0207895 -0.0268912 -0.0064159 -0.0245996
internal_weight=660.624 654.32 652.244 100.065 71.4791 26.1472 28.5863 23.5576 17.9151 18.3401 9.96006 45.3319 16.5197 12.5143
internal_count=2912 2856 2836 441 318 88 123 95 73 73 37 230 72 56
is_linear=0
shrinkage=0.04


Tree=147
num_leaves=15
num_cat=0
split_feature=41 13 36 1 47 24 7 3 47 11 14 10 9 29
split_gain=6.56811 6.64477 19.2228 16.1877 9.04679 13.7136 13.2509 11.8783 10.4838 12.1882 19.5426 14.3072 11.7538 15.1428
threshold=0.003249999950639904 0.013349999673664572 0.0014499999815598132 0.029799999669194225 0.0011500000255182388 0.0063499999232590207 0.002650000038556755 0.0028499999316409235 0.0028499999316409235 0.24231437593698504 0.0049499999731779107 0.0017499999958090486 0.070100001990795149 0.017849999479949478
decision_type=2 2 2 2 2 2 2 2 2 2 2 2 2 2
left_child=1 2 -1 -4 5 6 -3 -8 12 10 -10 -11 13 -6
right_child=-2 4 3 -5 8 -7 7 -9 9 11 -12 -13 -14 -15
leaf_value=0.01543079798808729 -0.040939468585478409 -0.043152630072466995 -0.041160074066562427 0.027698706173624275 0.012494858952433675 -0.0032023431896342049 0.04914062588269253 -0.042679710821968961 0.071897293343723495 0.037246359596561578 -0.027701901303209039 -0.0014878153494490027 0.041621116851228754 -0.04181056460624049
leaf_weight=113.16298995818943 6.0902869077399364 28.734083579853177 19.556770250201229 7.4129509255290023 76.608490413054824 170.80779237765819 5.4553194460459036 3.6664261538535357 3.2837364301085463 17.068376772105694 43.441841103136539 135.8156514512375 18.784379252232611 9.0802787095308286
leaf_count=574 56 181 125 20 249 679 30 12 13 56 163 608 97 49
internal_value=6.21422e-05 0.000456957 0.00817757 -0.0220532 -0.00164646 -0.00806333 -0.0298248 0.0117377 0.0027449 -0.00261213 -0.0204783 0.00283194 0.0130112 0.00665156
internal_weight=658.969 652.879 140.133 26.9697 512.746 208.664 37.8558 9.12175 304.083 199.61 46.7256 152.884 104.473 85.6888
internal_count=2912 2856 719 145 2137 902 223 42 1235 840 176 664 395 298
is_linear=0
shrinkage=0.04


Tree=148
num_leaves=15
num_cat=0
split_feature=41 26 17 48 15 31 10 34 19 29 43 22 6 20
split_gain=6.27535 6.77025 9.29436 8.9072 7.99115 7.93666 9.4106 8.75412 13.2724 11.239 10.9601 10.6742 11.5479 14.9273
threshold=0.003249999950639904 0.0014499999815598132 0.041850000619888313 0.033749999478459365 0.0020500000100582842 0.0084500000812113302 0.17760000377893451 0.0011500000255182388 0.0012500000302679839 0.010250000283122064 0.0021499999566003685 0.0024500000290572648 0.0011500000255182388 0.010773773305118086
decision_type=2 2 2 2 2 2 2 2 2 2 2 2 2 2
left_child=1 2 5 4 -3 6 7 8 9 -1 -9 12 -12 -14
right_child=-2 3 -4 -5 -6 -7 -8 10 -10 -11 11 -13 13 -15
leaf_value=0.0088148850044481274 -0.040709995849937133 0.032243387907523798 -0.022963760695431636 0.036628238276179288 -0.027760184796497112 -0.01143797066839599 0.047831622241305584 -0.0045967624635982404 -0.052879544359656638 0.046721211872527306 0.051865616534585456 -0.0092322776123270039 -0.036538443872813013 0.027881820245928945
leaf_weight=114.08816418610513 5.8843579581007353 5.6040758956223717 28.041762166423723 18.319869634695351 9.2376792980357987 76.513172613456845 7.087218213826417 307.67909545078874 4.9626036286354056 14.061643347144125 15.983859010040758 21.850432943552732 8.0104676522314566 19.536312602460384
leaf_count=626 56 68 198 183 42 388 33 998 28 45 46 73 45 83
internal_value=5.69467e-05 0.00043779 -0.000502263 0.0180205 -0.00477166 0.000562638 0.00236128 0.0017074 0.0105133 0.0130387 -0.0014259 0.0134191 0.0248759 0.00893964
internal_weight=656.861 650.976 617.815 33.1616 14.8418 589.773 513.26 506.173 133.112 128.15 373.06 65.3811 43.5306 27.5468
internal_count=2912 2856 2563 293 110 2365 1977 1944 699 671 1245 247 174 128
is_linear=0
shrinkage=0.04


Tree=149
num_leaves=15
num_cat=0
split_feature=13 36 1 45 45 25 2 1 20 35 34 10 47 24
split_gain=5.70936 16.8575 15.2095 9.74007 12.6725 11.7248 10.3247 12.11 14.8147 10.7843 9.19844 10.3373 8.33335 12.6343
threshold=0.013349999673664572 0.0014499999815598132 0.029799999669194225 0.0011500000255182388 0.023550000041723255 0.0068500000052154073 0.0024500000290572648 0.010149999987334015 0.0094807045534253138 0.0022500000195577745 0.0047500000800937423 1.0000000180025095e-35 0.0011500000255182388 0.0063499999232590207
decision_type=2 2 2 2 2 2 2 2 2 2 2 2 2 2
left_child=1 3 -3 5 -5 6 7 9 -9 10 11 -1 13 -2
right_child=12 2 -4 4 -6 -7 -8 8 -10 -11 -12 -13 -14 -15
leaf_value=-0.0014205660515572091 -0.029210761633669813 -0.040345853585842105 0.026475312270938019 0.038930653287549549 -0.035731366217239983 0.16557903753586714 0.033349937387964615 -0.046333808535119196 0.056050528262371613 -0.055382270018677668 -0.052537065231023389 0.040159761301637266 0.0023054410907188002 -0.0034522815104356249
leaf_weight=18.698483924381435 37.094315939350054 19.128439805936072 7.4512496106326571 32.953329207375646 3.9528192728757849 0.62886705994605918 15.457934579811988 15.049299113452436 2.5379488244652739 3.8004703614860764 2.9414297565817824 19.097917789593339 304.81612114515156 171.66716947872192
leaf_count=172 225 125 21 110 8 2 115 50 15 19 12 80 1257 701
internal_value=5.42614e-05 0.00716552 -0.0214345 0.0138166 0.030751 0.00574558 0.00418705 -0.00304685 -0.0310996 0.00798585 0.0141166 0.0195343 -0.00190099 -0.00806019
internal_weight=655.276 141.698 26.5797 115.118 36.9061 78.2124 77.5835 62.1255 17.5872 44.5383 40.7378 37.7964 513.578 208.761
internal_count=2912 729 146 583 118 465 463 348 65 283 264 252 2183 926
is_linear=0
shrinkage=0.04


end of trees

feature_importances:
Column_1=112
Column_0=79
Column_17=79
Column_13=77
Column_7=76
Column_5=75
Column_21=60
Column_9=54
Column_14=53
Column_18=53
Column_10=52
Column_12=51
Column_20=51
Column_6=49
Column_11=49
Column_22=49
Column_25=49
Column_4=47
Column_15=45
Column_23=43
Column_29=42
Column_16=41
Column_45=40
Column_19=39
Column_27=38
Column_42=38
Column_3=37
Column_8=36
Column_47=36
Column_37=35
Column_34=34
Column_35=34
Column_36=34
Column_24=33
Column_32=33
Column_41=32
Column_48=31
Column_33=28
Column_40=26
Column_26=25
Column_28=25
Column_31=23
Column_38=23
Column_49=23
Column_2=21
Column_44=21
Column_39=20
Column_30=18
Column_43=18
Column_46=13

parameters:
[boosting: gbdt]
[objective: binary]
[metric: auc]
[tree_learner: serial]
[device_type: cpu]
[data_sample_strategy: bagging]
[data: ]
[valid: ]
[num_iterations: 150]
[learning_rate: 0.04]
[num_leaves: 15]
[num_threads: 0]
[seed: 0]
[deterministic: 0]
[force_col_wise: 0]
[force_row_wise: 0]
[histogram_pool_size: -1]
[max_depth: -1]
[min_data_in_leaf: 3]
[min_sum_hessian_in_leaf: 0.001]
[bagging_fraction: 0.8]
[pos_bagging_fraction: 1]
[neg_bagging_fraction: 1]
[bagging_freq: 5]
[bagging_seed: 3]
[bagging_by_query: 0]
[feature_fraction: 0.8]
[feature_fraction_bynode: 1]
[feature_fraction_seed: 2]
[extra_trees: 0]
[extra_seed: 6]
[early_stopping_round: 0]
[early_stopping_min_delta: 0]
[first_metric_only: 0]
[max_delta_step: 0]
[lambda_l1: 0.1]
[lambda_l2: 0.1]
[linear_lambda: 0]
[min_gain_to_split: 0]
[drop_rate: 0.1]
[max_drop: 50]
[skip_drop: 0.5]
[xgboost_dart_mode: 0]
[uniform_drop: 0]
[drop_seed: 4]
[top_rate: 0.2]
[other_rate: 0.1]
[min_data_per_group: 100]
[max_cat_threshold: 32]
[cat_l2: 10]
[cat_smooth: 10]
[max_cat_to_onehot: 4]
[top_k: 20]
[monotone_constraints: ]
[monotone_constraints_method: basic]
[monotone_penalty: 0]
[feature_contri: ]
[forcedsplits_filename: ]
[refit_decay_rate: 0.9]
[cegb_tradeoff: 1]
[cegb_penalty_split: 0]
[cegb_penalty_feature_lazy: ]
[cegb_penalty_feature_coupled: ]
[path_smooth: 0]
[interaction_constraints: ]
[verbosity: -1]
[saved_feature_importance_type: 0]
[use_quantized_grad: 0]
[num_grad_quant_bins: 4]
[quant_train_renew_leaf: 0]
[stochastic_rounding: 1]
[linear_tree: 0]
[max_bin: 255]
[max_bin_by_feature: ]
[min_data_in_bin: 3]
[bin_construct_sample_cnt: 200000]
[data_random_seed: 1]
[is_enable_sparse: 1]
[enable_bundle: 1]
[use_missing: 1]
[zero_as_missing: 0]
[feature_pre_filter: 1]
[pre_partition: 0]
[two_round: 0]
[header: 0]
[label_column: ]
[weight_column: ]
[group_column: ]
[ignore_column: ]
[categorical_feature: ]
[forcedbins_filename: ]
[precise_float_parser: 0]
[parser_config_file: ]
[objective_seed: 5]
[num_class: 1]
[is_unbalance: 1]
[scale_pos_weight: 1]
[sigmoid: 1]
[boost_from_average: 1]
[reg_sqrt: 0]
[alpha: 0.9]
[fair_c: 1]
[poisson_max_delta_step: 0.7]
[tweedie_variance_power: 1.5]
[lambdarank_truncation_level: 30]
[lambdarank_norm: 1]
[label_gain: ]
[lambdarank_position_bias_regularization: 0]
[eval_at: ]
[multi_error_top_k: 1]
[auc_mu_weights: ]
[num_machines: 1]
[local_listen_port: 12400]
[time_out: 120]
[machine_list_filename: ]
[machines: ]
[gpu_platform_id: -1]
[gpu_device_id: -1]
[gpu_use_dp: 0]
[num_gpu: 1]

end of parameters

pandas_categorical:null
