tree
version=v4
num_class=1
num_tree_per_iteration=1
label_index=0
max_feature_idx=301
objective=binary sigmoid:1
feature_names=Column_0 Column_1 Column_2 Column_3 Column_4 Column_5 Column_6 Column_7 Column_8 Column_9 Column_10 Column_11 Column_12 Column_13 Column_14 Column_15 Column_16 Column_17 Column_18 Column_19 Column_20 Column_21 Column_22 Column_23 Column_24 Column_25 Column_26 Column_27 Column_28 Column_29 Column_30 Column_31 Column_32 Column_33 Column_34 Column_35 Column_36 Column_37 Column_38 Column_39 Column_40 Column_41 Column_42 Column_43 Column_44 Column_45 Column_46 Column_47 Column_48 Column_49 Column_50 Column_51 Column_52 Column_53 Column_54 Column_55 Column_56 Column_57 Column_58 Column_59 Column_60 Column_61 Column_62 Column_63 Column_64 Column_65 Column_66 Column_67 Column_68 Column_69 Column_70 Column_71 Column_72 Column_73 Column_74 Column_75 Column_76 Column_77 Column_78 Column_79 Column_80 Column_81 Column_82 Column_83 Column_84 Column_85 Column_86 Column_87 Column_88 Column_89 Column_90 Column_91 Column_92 Column_93 Column_94 Column_95 Column_96 Column_97 Column_98 Column_99 Column_100 Column_101 Column_102 Column_103 Column_104 Column_105 Column_106 Column_107 Column_108 Column_109 Column_110 Column_111 Column_112 Column_113 Column_114 Column_115 Column_116 Column_117 Column_118 Column_119 Column_120 Column_121 Column_122 Column_123 Column_124 Column_125 Column_126 Column_127 Column_128 Column_129 Column_130 Column_131 Column_132 Column_133 Column_134 Column_135 Column_136 Column_137 Column_138 Column_139 Column_140 Column_141 Column_142 Column_143 Column_144 Column_145 Column_146 Column_147 Column_148 Column_149 Column_150 Column_151 Column_152 Column_153 Column_154 Column_155 Column_156 Column_157 Column_158 Column_159 Column_160 Column_161 Column_162 Column_163 Column_164 Column_165 Column_166 Column_167 Column_168 Column_169 Column_170 Column_171 Column_172 Column_173 Column_174 Column_175 Column_176 Column_177 Column_178 Column_179 Column_180 Column_181 Column_182 Column_183 Column_184 Column_185 Column_186 Column_187 Column_188 Column_189 Column_190 Column_191 Column_192 Column_193 Column_194 Column_195 Column_196 Column_197 Column_198 Column_199 Column_200 Column_201 Column_202 Column_203 Column_204 Column_205 Column_206 Column_207 Column_208 Column_209 Column_210 Column_211 Column_212 Column_213 Column_214 Column_215 Column_216 Column_217 Column_218 Column_219 Column_220 Column_221 Column_222 Column_223 Column_224 Column_225 Column_226 Column_227 Column_228 Column_229 Column_230 Column_231 Column_232 Column_233 Column_234 Column_235 Column_236 Column_237 Column_238 Column_239 Column_240 Column_241 Column_242 Column_243 Column_244 Column_245 Column_246 Column_247 Column_248 Column_249 Column_250 Column_251 Column_252 Column_253 Column_254 Column_255 Column_256 Column_257 Column_258 Column_259 Column_260 Column_261 Column_262 Column_263 Column_264 Column_265 Column_266 Column_267 Column_268 Column_269 Column_270 Column_271 Column_272 Column_273 Column_274 Column_275 Column_276 Column_277 Column_278 Column_279 Column_280 Column_281 Column_282 Column_283 Column_284 Column_285 Column_286 Column_287 Column_288 Column_289 Column_290 Column_291 Column_292 Column_293 Column_294 Column_295 Column_296 Column_297 Column_298 Column_299 Column_300 Column_301
feature_infos=[0:0.17520000040531158] [0:0.19419999420642853] [0:0.61659997701644897] [0:0.15569999814033508] [0:0.02370000071823597] [0:0.043600000441074371] [0:0.98930001258850098] [0:0.0043000001460313797] [0:0.0063000000081956387] [0:0.0017000000225380063] [0:0.0035000001080334187] [0:0.012600000016391277] [0:0.00559999980032444] [0:0.076700001955032349] [0:0.073499999940395355] [0:0.0348999984562397] [0:0.39590001106262207] [0:0.16570000350475311] [0:0.035100001841783524] [0:0.017899999395012856] [0:0.11599999666213989] [0:0.019300000742077827] [0:0.11640000343322754] [0:0.037000000476837158] [0:0.067000001668930054] [0:0.19169999659061432] [0:0.024599999189376831] [0:0.82639998197555542] [0:0.002199999988079071] [0:0.089299999177455902] [0:0.12259999662637711] none [0:0.93760001659393311] [0:0.25360000133514404] [0:0.010200000368058681] [0:0.055199999362230301] [0:0.59140002727508545] [0:0.026599999517202377] [0:0.0625] [0:0.59460002183914185] [0:0.0062000001780688763] none [0:0.089000001549720764] [0:0.17090000212192535] [0:0.3970000147819519] [0:0.021500000730156898] [0:0.19539999961853027] [0:0.16220000386238098] [0:0.30619999766349792] [0:0.63999998569488525] [0:0.85519999265670776] [0:0.2484000027179718] [0:0.023199999704957008] [0:0.5065000057220459] [0:0.68290001153945923] [0:0.12110000103712082] [0:0.0097000002861022949] [0:0.021299999207258224] [0:0.01119999960064888] [0:0.048500001430511475] [0:0.0012000000569969416] [0:0.80180001258850098] [0:0.90439999103546143] [0:0.05469999834895134] [0:0.72229999303817749] none [0:0.10339999943971634] [0:0.16990000009536743] [0:0.56319999694824219] [0:0.048799999058246613] [0:0.17299999296665192] [0:0.11550000309944153] [0:0.013799999840557575] [0:0.0098000001162290573] [0:0.0052000000141561031] [0:0.16869999468326569] none [0:0.042199999094009399] [0:0.0082999998703598976] [0:0.20749999582767487] none none [0:0.0030000000260770321] [0:0.0035000001080334187] [0:0.011500000022351742] [0:0.0086000002920627594] [0:0.11069999635219574] [0:0.0062000001780688763] [0:0.10119999945163727] [0:0.0044999998062849045] [0:0.63249999284744263] [0:0.10899999737739563] [0:0.87309998273849487] [0:0.073799997568130493] [0:0.035799998790025711] [0:0.10320000350475311] [0:0.34610000252723694] [0:0.01940000057220459] [0:0.12160000205039978] [0:0.70810002088546753] none [0:0.098700001835823059] [0:0.95279997587203979] [0:0.033799998462200165] [0:0.035500001162290573] [0:0.7150999903678894] [0:0.0068000000901520252] none [0:0.29359999299049377] [0:0.030300000682473183] [0:0.0024000001139938831] [0:0.61879998445510864] [0:0.14460000395774841] [0:0.27900001406669617] [0:0.13470000028610229] [0:0.013000000268220901] [0:0.71100002527236938] [0:0.0082000000402331352] [0:0.0082000000402331352] [0:0.55000001192092896] [0:0.95779997110366821] [0:0.093199998140335083] [0:0.009100000374019146] [0:0.9440000057220459] [0:0.93730002641677856] [0:0.75760000944137573] [0:0.0086000002920627594] [0:0.4828999936580658] [0:0.023299999535083771] [0:0.10040000081062317] [0:0.35649999976158142] [0:0.064699999988079071] [0:0.0017999999690800905] [0:0.14030000567436218] [0:0.93279999494552612] [0:0.3345000147819519] [0:0.12300000339746475] [0:0.070900000631809235] [0:0.037799999117851257] [0:0.01510000042617321] [0:0.0076999999582767487] [0:0.12839999794960022] [0:0.057599999010562897] none [0:0.42680001258850098] [0:0.011599999852478504] [0:0.0063000000081956387] [0:0.1867000013589859] [0:0.50169998407363892] [0:0.0024000001139938831] [0:0.88650000095367432] none [0:0.11620000004768372] [0:0.0060000000521540642] [0:0.02070000022649765] [0:0.84859997034072876] [0:0.0094999996945261955] [0:0.08190000057220459] [0:0.26519998908042908] [0:0.99260002374649048] [0:0.010900000110268593] [0:0.6841999888420105] [0:0.056699998676776886] [0:0.34790000319480896] [0:0.74570000171661377] [0:0.19329999387264252] [0:0.125] [0:0.061900001019239426] [0:0.63599997758865356] [0:0.52939999103546143] [0:0.52630001306533813] [0:0.67640000581741333] [0:0.088899999856948853] [0:0.50770002603530884] [0:0.15199999511241913] none [0:0.78990000486373901] [0:0.17980000376701355] [0:0.28529998660087585] [0:0.80159997940063477] [0:0.37439998984336853] [0:0.2840999960899353] [0:0.98989999294281006] [0:0.029600000008940697] [0:0.95260000228881836] [0:0.081200003623962402] [0:0.11129999905824661] [0:0.61150002479553223] [0:0.52100002765655518] [0:0.059099998325109482] [0:0.12259999662637711] [0:0.047699999064207077] [0:0.070000000298023224] [0:0.29030001163482666] [0:0.027400000020861626] [0:0.85379999876022339] [0:0.87379997968673706] [0:0.0035000001080334187] [0:0.99390000104904175] [0:0.76660001277923584] [0:0.34920001029968262] [0:0.61580002307891846] [0:0.41969999670982361] [0:0.79640001058578491] [0:0.51639997959136963] [0:0.96410000324249268] [0:0.91100001335144043] [0:0.48769998550415039] [0:0.92059999704360962] [0:0.081799998879432678] [0:0.98720002174377441] [0:0.5964999794960022] [0:0.97509998083114624] [0:0.95630002021789551] [0:0.99390000104904175] [0:0.18250000476837158] [0:0.14329999685287476] [0:0.37349998950958252] [0:0.44980001449584961] [0:0.92360001802444458] [0:0.68620002269744873] [0:0.4984000027179718] [0:0.7304999828338623] [0:0.58550000190734863] [0:0.96429997682571411] [0:0.92820000648498535] [0:0.63569998741149902] [0:0.99519997835159302] [0:0.84229999780654907] [0:0.92140001058578491] [0:0.096799999475479126] [0:0.91530001163482666] [0:0.57910001277923584] [0:0.81690001487731934] [0:0.76359999179840088] [0:0.88730001449584961] [0:0.0074999998323619366] [0:0.43209999799728394] [0:0.64099997282028198] [0:0.92779999971389771] [0:0.63919997215270996] [0:0.22259999811649323] [0:0.2533000111579895] [0:0.94989997148513794] [0:0.40139999985694885] [0:0.68949997425079346] [0:0.59439998865127563] [0:0.48710000514984131] [0:0.91930001974105835] [0:0.78810000419616699] [0:0.034200001507997513] [0:0.40610000491142273] [0:0.85909998416900635] [0:0.90920001268386841] [0:0.98430001735687256] none [0:0.89899998903274536] [0:0.01360000018030405] [0:0.65880000591278076] [0:0.014899999834597111] [0:0.16079999506473541] [0:0.51429998874664307] [0:0.082000002264976501] [0:0.93349999189376831] [0:0.01080000028014183] [0:0.61299997568130493] [0:0.26050001382827759] [0:0.97990000247955322] [0:0.93229997158050537] [0:0.6370999813079834] [0:0.28009998798370361] [0:0.39660000801086426] [0:0.0060999998822808266] [0:0.0082000000402331352] [0:0.10899999737739563] [0:0.59350001811981201] [0:0.11800000071525574] [0:0.76770001649856567] [0:0.45519998669624329] [0:0.1031000018119812] [0:0.70459997653961182] [0:0.1988999992609024] [0:0.29030001163482666] [0:0.031599998474121094] [0:0.33559998869895935] [0:0.10209999978542328] [0:0.83009999990463257] [0:0.99229997396469116] [0:0.16809999942779541] [0:0.29809999465942383] [0:0.98680001497268677] [0:0.44279998540878296] [0:0.3986000120639801] [0:0.52249997854232788] [0:0.45910000801086426] none [0:0.038699999451637268] [0:0.17430000007152557] [0:0.1598999947309494] [0:0.89319998025894165] [0:0.9968000054359436] [0:0.86339998245239258]
tree_sizes=1755 1771 1773 1773 1772 1770 1782 1766 1772 1759 1780 1781 1772 1779 1766 1771 1779 1776 1770 1767 1780 1783 1780 1779 1769 1774 1782 1759 1772 1782 1783 1771 1783 1783 1783 1779 1786 1781 1785 1773 1782 1781 1794 1785 1785 1788 1780 1789 1775 1779 1780 1788 1776 1776 1784 1780 1765 1777 1774 1784 1771 1768 1776 1781 1763 1782 1760 1775 1774 1774 1774 1774 1777 1781 1788 1775 1771 1775 1786 1775 1781 1775 1779 1775 1763 1768 1764 1778 1772 1772 1768 1766 1785 1777 1766 1770 1783 1777 1764 1784 1769 1774 1779 1769 1767 1782 1790 1787 1799 1787 1773 1774 1778 1767 1782 1783 1776 1768 1783 1758 1770 1769 1785 1777 1779 1778 1772 1778 1771 1777 1778 1786 1771 1781 1774 1774 1763 1764 1766 1782 1775 1792 1780 1769 1793 1778 1763 1767 1762 1781

Tree=0
num_leaves=15
num_cat=0
split_feature=291 268 291 216 50 33 286 254 218 247 238 161 212 173
split_gain=898.692 181.591 79.6455 65.7711 61.8183 57.9934 45.3247 38.4824 49.6435 35.2838 35.9462 31.5858 31.146 27.7738
threshold=1.0000000180025095e-35 1.0000000180025095e-35 0.0023500000825151805 0.0010500000207684936 0.0012500000302679839 1.0000000180025095e-35 1.0000000180025095e-35 0.0067499999422580012 0.0016499999910593035 0.019999999552965168 0.027250000275671486 0.0061500000301748523 0.0011500000255182388 0.01124999998137355
decision_type=2 2 2 2 2 2 2 2 2 2 2 2 2 2
left_child=1 3 11 4 6 12 9 8 -5 10 -1 -2 -3 -6
right_child=2 5 -4 7 13 -7 -8 -9 -10 -11 -12 -13 -14 -15
leaf_value=-0.58614983253115804 -0.50692738625748901 -0.54340280384841522 -0.47015194333644422 -0.61584702300340077 -0.61538735068593808 -0.61339645741481452 -0.49693995193824392 -0.50297543411366297 -0.50935824526947981 -0.49731844227629929 -0.54223291560773867 -0.57752606405569507 -0.50205423743737543 -0.52736490415254234
leaf_weight=389.54313074052334 117.30503216385841 56.64556784927845 154.87920533120632 16.640901327133182 118.48948621749878 12.068800821900366 10.356844186782835 24.454677507281303 11.934322118759153 7.7676332592964163 32.161444842815399 10.972322657704352 61.660065785050392 5.9044999927282324
leaf_count=1261 272 136 291 46 451 49 28 52 28 13 102 40 145 18
internal_value=-0.550193 -0.573187 -0.489517 -0.582244 -0.586254 -0.530308 -0.5792 -0.539711 -0.571434 -0.581211 -0.582784 -0.512994 -0.521774 -0.611141
internal_weight=1030.78 747.627 283.157 617.253 564.223 130.374 439.829 53.0299 28.5752 429.472 421.705 128.277 118.306 124.394
internal_count=2932 2329 603 1999 1873 330 1404 126 74 1376 1363 312 281 469
is_linear=0
shrinkage=1


Tree=1
num_leaves=15
num_cat=0
split_feature=291 268 244 291 105 50 254 127 105 247 300 244 277 238
split_gain=803.076 165.406 107.806 68.7133 53.0112 50.3979 47.2542 53.2806 36.5819 29.9438 30.9807 31.7307 31.4917 30.3796
threshold=1.0000000180025095e-35 1.0000000180025095e-35 0.0049499999731779107 0.0023500000825151805 0.017749999649822715 0.0012500000302679839 0.016050000675022606 1.0000000180025095e-35 0.0013499999768100681 0.019999999552965168 0.0015499999863095584 0.0015499999863095584 0.0088499998673796671 0.028100000694394115
decision_type=2 2 2 2 2 2 2 2 2 2 2 2 2 2
left_child=1 2 5 -2 -3 6 9 -8 -4 10 11 13 -13 -1
right_child=3 4 8 -5 -6 -7 7 -9 -10 -11 -12 12 -14 -15
leaf_value=-0.023180531112011682 0.059513089715870139 0.051735521678019696 0.073946482989813239 0.098894883723455063 -0.033186407297984805 -0.033321287311527718 0.056126808411393378 -0.0090824474844958779 -6.0494959860370684e-05 0.07021881708135054 0.043019884644533872 0.026043149529557698 -0.053708769628366529 0.039419691496989394
leaf_weight=270.48405654728413 130.43559239804745 119.04199123382568 33.831462472677231 159.13027070462704 12.92215523123741 124.9708990752697 39.65255469083786 40.219186544418335 15.441985234618185 7.060413032770156 15.34229791164398 46.77118618786335 9.4139763265848142 12.865611374378203
leaf_count=882 312 278 86 291 52 473 109 150 48 11 46 124 32 38
internal_value=0.0246478 0.00274419 -0.0059575 0.0811957 0.0433707 -0.0108998 -0.00454252 0.0232706 0.050719 -0.010696 -0.0123365 -0.0148615 0.0125378 -0.0203111
internal_weight=1037.58 748.018 616.054 289.566 131.964 566.78 441.809 79.8717 49.2734 361.938 354.877 339.535 56.1852 283.35
internal_count=2932 2329 1999 603 330 1865 1392 259 134 1133 1122 1076 156 920
is_linear=0
shrinkage=0.04


Tree=2
num_leaves=15
num_cat=0
split_feature=291 268 244 254 159 291 247 2 244 109 113 127 208 178
split_gain=722.292 152.108 126.844 61.4858 70.3719 60.524 46.0148 39.009 34.0551 30.8959 30.2308 29.4015 28.6891 26.6389
threshold=1.0000000180025095e-35 0.0016499999910593035 0.0051500000990927228 0.013950000051409008 0.0014499999815598132 0.0023500000825151805 0.019999999552965168 0.0014499999815598132 0.0015499999863095584 0.0019500000635161998 0.0017499999958090486 0.0083499997854232805 0.047299999743700034 0.0010500000207684936
decision_type=2 2 2 2 2 2 2 2 2 2 2 2 2 2
left_child=1 2 3 6 -5 11 8 -3 13 -10 -4 -2 -6 -1
right_child=5 7 10 4 12 -7 -8 -9 9 -11 -12 -13 -14 -15
leaf_value=-0.023922737727093836 0.064338062570115845 0.067752652869618263 0.063532966477710839 0.052338725409657193 -0.013091220845899044 0.092975031744573097 0.076649734199988925 -0.009208626139579219 0.021995160666020509 -0.039905940843422333 -0.022043126232413567 0.011654481489004821 0.048257611574112902 0.10228375172367862
leaf_weight=371.02383092045784 112.03648567199707 65.595012590289116 51.247492596507072 48.912264585494995 95.936629861593246 162.42566306889057 8.2269574552774412 12.418104931712149 53.975106284022331 16.819669649004936 7.4539555907249442 20.251306891441345 13.856580540537832 2.5870013535022727
leaf_count=1259 244 141 124 124 343 291 11 46 149 57 27 68 42 6
internal_value=0.0235319 0.00262779 -0.00352426 -0.00892567 0.0124776 0.0765591 -0.0164402 0.0554547 -0.0181893 0.00719651 0.0525794 0.0563181 -0.00527535 -0.023011
internal_weight=1042.77 748.053 670.039 611.338 158.705 294.713 452.633 78.0131 444.406 70.7948 58.7014 132.288 109.793 373.611
internal_count=2932 2329 2142 1991 509 603 1482 187 1471 206 151 312 385 1265
is_linear=0
shrinkage=0.04


Tree=3
num_leaves=15
num_cat=0
split_feature=291 268 244 254 159 291 105 50 105 244 205 300 50 238
split_gain=653.271 138.508 115.847 56.9012 63.9083 54.215 42.7071 39.6202 28.6751 28.1491 30.9652 30.3074 27.1927 25.3945
threshold=1.0000000180025095e-35 0.0016499999910593035 0.0051500000990927228 0.013950000051409008 0.0014499999815598132 0.0023500000825151805 0.013349999673664572 0.0012500000302679839 0.0013499999768100681 0.0015499999863095584 0.015399999916553499 0.0014499999815598132 0.0065500000491738328 0.0043500000610947618
decision_type=2 2 2 2 2 2 2 2 2 2 2 2 2 2
left_child=1 2 3 7 -5 12 -3 9 -4 10 11 -1 -2 -6
right_child=5 6 8 4 13 -7 -8 -9 -10 -11 -12 -13 -14 -15
leaf_value=-0.019887719676407387 0.058862665620741675 0.063176541916416959 0.069033722262241803 0.049606616251894824 -0.030416695125685719 0.087904590406723243 -0.028739027240478159 -0.040102410490513538 0.0092822902816107108 0.01347343709972107 0.075106283574111657 0.043810466693053857 -0.0060375689186406636 0.0094999488743494152
leaf_weight=278.70706827938557 122.69324898719788 69.916221752762794 40.234051272273064 49.534078553318977 40.075747832655907 164.8744458258152 9.0225202441215497 87.064470991492271 19.152107462286949 66.335098817944527 5.8269666433334342 12.357515811920164 11.138073876500128 69.533602744340897
leaf_count=905 277 151 95 124 161 291 36 346 56 179 14 38 35 224
internal_value=0.022502 0.00251878 -0.0033928 -0.00859776 0.011942 0.0724956 0.0525971 -0.0158669 0.0498791 -0.0100373 -0.0153065 -0.0171555 0.053431 -0.00507247
internal_weight=1046.47 747.759 668.821 609.435 159.143 298.706 78.9387 450.291 59.3862 363.227 296.892 291.065 133.831 109.609
internal_count=2932 2329 2142 1991 509 603 187 1482 151 1136 957 943 312 385
is_linear=0
shrinkage=0.04


Tree=4
num_leaves=15
num_cat=0
split_feature=291 268 244 291 50 105 176 127 278 105 109 90 97 174
split_gain=593.58 127.142 81.9545 49.315 44.8396 42.1899 40.6993 30.9094 29.326 28.6191 28.0563 33.4608 27.1266 26.6795
threshold=1.0000000180025095e-35 1.0000000180025095e-35 0.0049499999731779107 0.0023500000825151805 0.0012500000302679839 0.017749999649822715 1.0000000180025095e-35 1.0000000180025095e-35 0.0017499999958090486 0.0013499999768100681 0.0011500000255182388 0.0011500000255182388 0.0012500000302679839 0.0010500000207684936
decision_type=2 2 2 2 2 2 2 2 2 2 2 2 2 2
left_child=1 2 4 12 6 -3 8 10 13 -4 -8 -12 -2 -1
right_child=3 5 9 -5 -6 -7 7 -9 -10 -11 11 -13 -14 -15
leaf_value=-0.013919145118525695 0.054048790348378867 0.044676942435064329 0.063076675230797727 0.083511400235920574 -0.031195238601129393 -0.031530085560567682 0.054398597656248965 -0.0081061089066156496 0.068322638378110034 -0.0016894785908280322 -0.02618087050333389 0.088632225413153451 -0.047085903125416405 0.092787977049811912
leaf_weight=317.60647347569466 130.85722476243973 122.69080203771591 35.308233946561813 166.5732332020998 122.11249582469463 12.705416351556776 41.842434465885162 45.159665212035179 7.2066920250654212 15.602936848998068 18.022556245326999 5.1340757757425299 4.2700209766626349 3.6860606819391242
leaf_count=1027 295 278 86 291 473 52 107 167 20 48 56 6 17 9
internal_value=0.0215473 0.00241589 -0.00534351 0.0688913 -0.00976333 0.0374783 -0.0037823 0.0172338 -0.0108451 0.0431847 0.0348861 -0.00028192 0.0507909 -0.012654
internal_weight=1048.78 747.078 611.682 301.7 560.77 135.396 438.658 110.159 328.499 50.9112 64.9991 23.1566 135.127 321.293
internal_count=2932 2329 1999 603 1865 330 1392 336 1056 134 169 62 312 1036
is_linear=0
shrinkage=0.04


Tree=5
num_leaves=15
num_cat=0
split_feature=291 244 105 268 269 174 291 127 286 212 127 50 225 50
split_gain=503.861 126.261 100.933 84.3198 58.6977 44.659 44.2447 36.0597 34.6563 31.4348 31.101 30.4703 29.4072 26.7067
threshold=1.0000000180025095e-35 0.0018500000005587938 0.0030500000575557355 0.0012500000302679839 0.0016499999910593035 0.0023500000825151805 0.0038499999791383748 0.0074499999172985562 1.0000000180025095e-35 1.0000000180025095e-35 0.068599998950958266 0.0013499999768100681 0.0022500000195577745 1.0000000180025095e-35
decision_type=2 2 2 2 2 2 2 2 2 2 2 2 2 2
left_child=1 3 -3 4 5 8 7 9 12 -2 -6 -5 13 -1
right_child=6 2 -4 11 10 -7 -8 -9 -10 -11 -12 -13 -14 -15
leaf_value=-0.01648508963376704 0.03764134574025095 0.046219745152726574 -0.03240772270869096 0.050383510757371477 0.034844658792924657 0.10447287209443662 0.083441970122186182 0.0095636936559301139 0.098736787148604677 0.075109597234436332 -0.059499472045196962 -0.012893815144285281 0.0082681176977717295 -0.041061368498006352
leaf_weight=281.31483048200607 61.750243172049522 151.81199035048485 31.40990523993969 53.331602349877357 55.564166888594627 4.7419224381446829 123.75117547810078 27.27851527929306 3.9512661993503562 88.485359132289886 6.0956401377916327 15.603055462241171 56.096989035606384 95.095470741391182
leaf_count=905 140 366 111 105 165 11 214 88 9 166 27 55 187 380
internal_value=0.0212775 0.00381825 0.0327084 -0.00543621 -0.0111312 -0.0162463 0.065004 0.0520881 -0.0175907 0.0597712 0.0253719 0.0360051 -0.0186852 -0.0227139
internal_weight=1056.28 755.017 183.222 571.795 502.86 441.2 301.265 177.514 436.459 150.236 61.6598 68.9347 432.507 376.41
internal_count=2929 2321 477 1844 1684 1492 608 394 1481 306 192 160 1472 1285
is_linear=0
shrinkage=0.04


Tree=6
num_leaves=15
num_cat=0
split_feature=291 233 286 268 123 265 291 116 50 225 269 219 105 195
split_gain=461.438 110.89 61.1196 45.9004 47.9553 46.1792 41.83 42.6052 39.2544 32.7333 31.1939 31.9375 41.6008 30.5046
threshold=1.0000000180025095e-35 0.0051500000990927228 0.0021499999566003685 0.0028499999316409235 0.0016499999910593035 1.0000000180025095e-35 0.0019500000635161998 0.0015499999863095584 1.0000000180025095e-35 0.0035500000230968003 0.0015499999863095584 0.002650000038556755 1.0000000180025095e-35 0.0024500000290572648
decision_type=2 2 2 2 2 2 2 2 2 2 2 2 2 2
left_child=1 2 8 4 5 -3 7 -2 9 10 11 12 -1 -7
right_child=6 3 -4 -5 -6 13 -8 -9 -10 -11 -12 -13 -14 -15
leaf_value=0.018594009622826285 0.055732362640492063 -0.0087846465004158235 0.08095879899476012 0.059074810794683359 -0.048822032421484675 0.043608060949458023 0.074332088751451572 -0.0031294569626749091 -0.030648155809503703 0.050854412265531092 0.028666655428338329 -0.022877893612869439 -0.037207063703860531 0.0078901483761998781
leaf_weight=86.231410890817642 96.618023410439491 62.357410833239555 11.746894851326941 46.763630911707878 16.956459164619446 112.04743191599846 181.41625864803791 24.527504041790962 119.73936854302883 16.490770056843758 35.025652438402176 160.15439513325691 28.291106805205345 58.598100557923317
leaf_count=256 200 172 28 100 64 257 336 72 484 42 107 507 116 188
internal_value=0.0204093 0.00366367 -0.00867772 0.0227096 0.0158693 0.0206132 0.0621345 0.0437893 -0.0110655 -0.00385768 -0.00679933 -0.0113452 0.00475384 0.0313781
internal_weight=1056.96 754.403 457.68 296.723 249.959 233.003 302.562 121.146 445.933 326.193 309.703 274.677 114.523 170.646
internal_count=2929 2321 1540 781 681 617 608 272 1512 1028 986 879 372 445
is_linear=0
shrinkage=0.04


Tree=7
num_leaves=15
num_cat=0
split_feature=291 233 286 159 265 291 50 50 276 127 254 47 196 219
split_gain=423.905 101.947 55.8964 41.7239 62.5635 39.5169 37.9078 36.7619 33.8347 31.8657 32.0948 30.9164 29.7056 34.2322
threshold=1.0000000180025095e-35 0.0051500000990927228 0.0021499999566003685 0.06024999916553498 0.0016499999910593035 0.0038499999791383748 0.0012500000302679839 1.0000000180025095e-35 0.0015499999863095584 0.002549999975599349 0.0023500000825151805 0.0020500000100582842 0.0076500000432133683 0.002650000038556755
decision_type=2 2 2 2 2 2 2 2 2 2 2 2 2 2
left_child=1 2 7 4 8 9 -6 11 -3 10 -2 12 13 -1
right_child=5 3 -4 -5 6 -7 -8 -9 -10 -11 -12 -13 -14 -15
leaf_value=0.0064882467076438103 -0.05406132936698075 -0.0030169297187986211 0.076854174135388573 -0.016063727626254604 0.054730754719502041 0.076952793061536892 0.0085936728747684939 -0.0297449191471298 0.088531240110704512 0.017179720738959198 0.060255973518686744 0.046781015920354004 0.031054041127441489 -0.022200195409761782
leaf_weight=109.98300130665302 3.9389722496271125 94.79748846590519 11.881675988435743 40.241337329149246 118.01020956039429 124.02446012198925 37.893240198493004 118.46945278346539 6.8276500701904288 42.965615347027779 132.26653133332729 18.194482237100601 29.902847111225128 167.59912158548832
leaf_count=351 9 247 28 152 271 214 100 484 11 131 254 43 96 538
internal_value=0.0195892 0.00351583 -0.00836418 0.02172 0.0276436 0.0595231 0.0435552 -0.0106697 0.00317536 0.0473996 0.0568834 -0.0037116 -0.00672659 -0.0108207
internal_weight=1057 753.801 456.031 297.77 257.529 303.196 155.903 444.149 101.625 179.171 136.206 325.679 307.485 277.582
internal_count=2929 2321 1540 781 629 608 371 1512 258 394 263 1028 985 889
is_linear=0
shrinkage=0.04


Tree=8
num_leaves=15
num_cat=0
split_feature=291 244 254 50 113 268 159 291 127 62 290 173 290 171
split_gain=390.551 108.715 72.1227 73.3889 65.0276 43.5853 39.7797 37.8314 43.2354 34.8268 31.406 29.2984 27.5288 24.5405
threshold=1.0000000180025095e-35 0.0018500000005587938 0.0027499999850988392 0.0013499999768100681 1.0000000180025095e-35 0.0012500000302679839 0.11450000107288362 0.0019500000635161998 0.0018500000005587938 0.0011500000255182388 1.0000000180025095e-35 0.0043500000610947618 0.048250000923872001 0.064950000494718566
decision_type=2 2 2 2 2 2 2 2 2 2 2 2 2 2
left_child=1 2 -1 5 6 10 -3 8 -2 -6 -4 13 -12 -5
right_child=7 4 3 11 9 -7 -8 -9 -10 -11 12 -13 -14 -15
leaf_value=-0.026259934560230461 0.053810169136147036 0.047132521700763021 0.065548249019129909 -0.036528268866281785 -0.035789112772325729 0.048650400329058388 -0.029954768432435545 0.068783657614364321 -0.00047782376289980967 0.085325956215203114 -0.0047861522804617355 0.036187011064570972 0.026508415133104896 0.074872931499752909
leaf_weight=179.38298368453979 90.636493414640427 139.57712785899639 13.956881195306776 86.839764192700386 29.368728637695312 49.905176624655724 11.468628674745558 181.10718478262424 31.464054077863693 4.2500206530094138 162.02840837836266 11.037370100617407 62.082859888672829 3.1700063049793235
leaf_count=600 169 323 36 347 100 99 46 336 103 8 533 35 185 9
internal_value=0.0188175 0.00337611 -0.00528147 0.00438599 0.0300345 0.0146858 0.041237 0.0571418 0.039799 -0.0201517 0.00753166 -0.0249132 0.00387312 -0.0324818
internal_weight=1056.28 753.068 568.403 389.02 184.665 287.973 151.046 303.208 122.101 33.6187 238.068 101.047 224.111 90.0098
internal_count=2929 2321 1844 1244 477 853 369 608 272 108 754 391 718 356
is_linear=0
shrinkage=0.04


Tree=9
num_leaves=15
num_cat=0
split_feature=291 244 105 254 50 223 286 291 127 212 173 116 109 47
split_gain=360.7 99.85 82.8167 67.096 67.9122 41.2897 37.3837 36.3574 28.0832 28.9744 27.2436 24.4371 22.7625 40.2022
threshold=1.0000000180025095e-35 0.0018500000005587938 0.0030500000575557355 0.0027499999850988392 0.0013499999768100681 0.0011500000255182388 0.0060499999672174462 0.0038499999791383748 0.0071499999612569818 1.0000000180025095e-35 0.0043500000610947618 0.0011500000255182388 0.0021499999566003685 0.0016499999910593035
decision_type=2 2 2 2 2 2 2 2 2 2 2 2 2 2
left_child=1 3 12 -1 5 6 -5 8 9 11 -6 -2 -3 -14
right_child=7 2 -4 4 10 -7 -8 -9 -10 -11 -12 -13 13 -15
leaf_value=-0.025439934426706147 0.037986266394766627 0.050178922443223327 -0.030955025076974074 0.0062864756588489144 -0.031555951852353374 0.062657429671206966 0.08440733018861489 0.071792054598222896 0.0065788298128429245 0.06494186971430245 0.034431135224285085 -0.04144413833785128 -0.032558440218340021 0.046756156231498362
leaf_weight=177.79428771138191 55.798675954341888 111.81908245384693 30.855524927377701 253.02232433855534 88.962472185492516 25.439603298902512 10.110511869192122 122.91276499629021 28.236841633915901 88.871319338679314 11.139170259237288 6.8402098119258872 16.681497037410736 25.966465219855309
leaf_count=600 121 256 111 783 356 48 22 214 90 164 35 19 60 50
internal_value=0.0180948 0.003243 0.0287243 -0.00508987 0.00421289 0.014069 0.00933428 0.0549593 0.0433932 0.050219 -0.024146 0.0291964 0.0406838 0.0156356
internal_weight=1054.45 751.791 185.323 566.468 388.674 288.572 263.133 302.66 179.747 151.51 100.102 62.6389 154.467 42.648
internal_count=2929 2321 477 1844 1244 853 805 608 394 304 391 140 366 110
is_linear=0
shrinkage=0.04


Tree=10
num_leaves=15
num_cat=0
split_feature=291 244 268 225 50 125 254 244 150 300 36 219 50 221
split_gain=340.255 110.904 75.5033 44.6081 39.6102 38.8907 36.4178 69.1114 43.6073 34.1091 28.4646 25.2709 23.9162 23.7134
threshold=0.0011500000255182388 0.0051500000990927228 0.0021499999566003685 0.0035500000230968003 0.0013499999768100681 0.003249999950639904 0.0071499999612569818 1.0000000180025095e-35 0.0016499999910593035 0.0014499999815598132 1.0000000180025095e-35 0.0029499999945983295 0.0012500000302679839 0.0015499999863095584
decision_type=2 2 2 2 2 2 2 2 2 2 2 2 2 2
left_child=1 2 3 4 6 -2 7 9 11 -1 -3 -8 -4 -9
right_child=5 10 12 -5 -6 -7 8 13 -10 -11 -12 -13 -14 -15
leaf_value=-0.026717083695145933 0.060243062262233749 0.051976342700001434 0.059576282969906046 0.026742366141052729 -0.031466443446512907 -0.024711882453455351 0.069105425524555633 0.036621419279081607 -0.0080587517248863032 0.054455734840242853 -0.058532789715268319 0.018818162680365125 0.0024367761304923828 -0.0091626425144404576
leaf_weight=209.02702090144157 255.61705537140369 84.284763693809509 41.099232494831085 65.325562164187431 96.506938055157661 8.8031690269708616 21.63348887860775 50.462802976369858 90.834004357457161 8.5023656487464887 3.7878662794828406 62.459583684802055 16.599929079413414 27.952706426382065
leaf_count=695 497 189 83 192 393 31 53 124 327 24 17 165 50 68
internal_value=0.0181964 0.00487244 -0.000516838 -0.00451967 -0.00813018 0.0573913 -0.00333317 -0.0118907 0.0111202 -0.0235024 0.0471172 0.0318691 0.0432392 0.020259
internal_weight=1042.9 778.476 690.404 632.704 567.379 264.42 470.872 295.945 174.927 217.529 88.0726 84.0931 57.6992 78.4155
internal_count=2908 2380 2174 2041 1849 528 1456 911 545 719 206 218 133 192
is_linear=0
shrinkage=0.04


Tree=11
num_leaves=15
num_cat=0
split_feature=291 244 268 225 178 125 113 113 244 254 221 102 109 290
split_gain=315.664 101.85 69.5472 41.0125 39.8655 36.0972 35.9374 31.731 28.5818 54.4591 34.8368 41.1515 25.9708 25.2813
threshold=0.0011500000255182388 0.0051500000990927228 0.0021499999566003685 0.0035500000230968003 0.0010500000207684936 0.003249999950639904 0.0017499999958090486 0.0013499999768100681 1.0000000180025095e-35 0.0067499999422580012 0.0015499999863095584 0.0069500000681728133 0.0014499999815598132 0.0017499999958090486
decision_type=2 2 2 2 2 2 2 2 2 2 2 2 2 2
left_child=1 2 3 4 7 -2 -3 8 9 -1 11 -10 13 -12
right_child=5 6 -4 -5 -6 -7 -8 -9 10 -11 12 -13 -14 -15
leaf_value=-0.023555803298207615 0.058137859826630556 0.054174535744467019 0.041458229763993312 0.025507534657411925 0.081445495520204164 -0.023781234200972029 -0.026238803476623284 -0.032850634815952531 0.041025028494722171 0.0095779378215921415 0.073785742943844823 -0.02319884934814603 -0.052297713128335081 -0.012568136604732019
leaf_weight=217.26455229520798 254.30738246440887 78.423081621527672 57.77828261256218 65.744475096464157 7.7813644707202902 8.7860242128372175 9.8968732506036741 77.503201320767403 65.930693358182907 124.74041631817818 6.8439469188451794 20.893767923116684 19.471811786293983 24.558768600225449
leaf_count=729 497 171 133 192 17 31 35 318 155 410 12 83 60 65
internal_value=0.0175178 0.00468456 -0.000499652 -0.00435551 -0.00784147 0.055379 0.0450989 -0.00910993 -0.00525989 -0.0114599 0.0101072 0.025515 -0.0161083 0.00629944
internal_weight=1039.92 776.831 688.511 630.733 564.989 263.093 88.32 557.207 479.704 342.005 137.699 86.8245 50.8745 31.4027
internal_count=2908 2380 2174 2041 1849 528 206 1832 1514 1139 375 238 137 77
is_linear=0
shrinkage=0.04


Tree=12
num_leaves=15
num_cat=0
split_feature=291 233 265 36 286 50 125 225 269 219 276 120 167 212
split_gain=293.473 91.5445 46.4316 47.8478 46.3677 37.3319 33.5732 32.166 31.4028 32.4497 24.0033 22.9741 19.9257 19.8043
threshold=0.0011500000255182388 0.0062500000931322583 1.0000000180025095e-35 1.0000000180025095e-35 0.0010500000207684936 1.0000000180025095e-35 0.003249999950639904 0.0027499999850988392 0.0021499999566003685 0.002650000038556755 0.0028999999631196265 0.0010500000207684936 0.007299999939277769 0.0011500000255182388
decision_type=2 2 2 2 2 2 2 2 2 2 2 2 2 2
left_child=1 4 10 -4 5 7 13 8 9 11 -3 -1 -7 -2
right_child=6 2 3 -5 -6 12 -8 -9 -10 -11 -12 -13 -14 -15
leaf_value=0.015176822861719013 0.037771277659693771 -0.013482403448178084 0.036449483541148707 -0.034843991723421147 0.06259699620106253 -0.029504320325001131 -0.022890202303918864 0.043676619611422877 0.032472241666502775 -0.020234746621193844 0.076150612954080432 -0.028342860968481681 0.10476074236776245 0.063136281909732736
leaf_weight=98.962234765291214 69.498544409871101 62.549978420138359 204.94582027196884 16.121227383613586 15.125294566154478 118.80438606441021 8.7671869248151761 23.224693953990936 32.226434320211411 172.41623157262802 5.0680865049362174 23.99740107357502 1.686956763267516 183.12832649052143
leaf_count=302 139 172 495 66 37 497 31 58 96 547 7 99 4 358
internal_value=0.016872 0.00450402 0.022347 0.0312189 -0.00607929 -0.00830451 0.0535164 -0.00169239 -0.00493329 -0.00903749 -0.00660266 0.00663468 -0.027506 0.0561918
internal_weight=1036.52 775.129 288.685 221.067 486.444 471.318 261.394 350.827 327.602 295.376 67.6181 122.96 120.491 252.627
internal_count=2908 2380 740 561 1640 1603 528 1102 1044 948 179 401 501 497
is_linear=0
shrinkage=0.04


Tree=13
num_leaves=15
num_cat=0
split_feature=291 244 268 225 178 113 50 102 233 265 219 290 244 109
split_gain=273.545 91.8008 61.2449 36.2319 35.1524 32.5595 31.1233 24.564 24.0459 34.6599 30.6396 36.9087 25.6317 26.8799
threshold=0.0011500000255182388 0.0051500000990927228 0.0021499999566003685 0.0035500000230968003 0.0010500000207684936 0.0017499999958090486 0.0013499999768100681 0.10510000213980676 0.0063499999232590207 1.0000000180025095e-35 0.0027499999850988392 0.09054999798536302 0.0017499999958090486 0.0014499999815598132
decision_type=2 2 2 2 2 2 2 2 2 2 2 2 2 2
left_child=1 2 3 4 6 -3 8 -2 10 -10 -1 12 -12 -14
right_child=7 5 -4 -5 -6 -7 -8 -9 9 -11 11 -13 13 -15
leaf_value=0.0041924197147873822 0.055391623227456582 0.051275514703197446 0.038722244554967221 0.023695153934770591 0.076381676106700616 -0.025556473953931048 -0.029727442815726916 0.0092794497256836871 -0.016816933760106637 0.025227735921097252 -0.03481011663808168 0.024483550303315553 0.031860915159205645 -0.052125274425170537
leaf_weight=135.09603294730186 238.99312971532345 78.537559419870377 57.8583774715662 66.221297860145569 7.7619453966617575 9.8063151091337186 93.965094566345215 20.309839427471161 49.452934086322784 85.109468817710876 136.27618898451328 24.955709502100945 20.222016245126728 8.5966160744428617
leaf_count=449 466 171 133 192 17 35 393 62 141 218 468 76 54 33
internal_value=0.016251 0.00432895 -0.000613428 -0.00425141 -0.00755846 0.0426826 -0.00875602 0.0518003 -0.0044552 0.00974521 -0.0103456 -0.0206976 -0.027562 0.00657585
internal_weight=1033.16 773.86 685.516 627.657 561.436 88.3439 553.674 259.303 459.709 134.562 325.147 190.051 165.095 28.8186
internal_count=2908 2380 2174 2041 1849 206 1832 528 1439 359 1080 631 555 87
is_linear=0
shrinkage=0.04


Tree=14
num_leaves=15
num_cat=0
split_feature=268 244 293 105 254 244 97 269 150 247 196 25 227 246
split_gain=232.851 91.7147 56.8919 39.0576 49.8602 67.1348 35.798 30.1617 33.8425 27.0178 25.5536 21.6984 20.8851 20.6054
threshold=0.0020500000100582842 0.0065500000491738328 0.002549999975599349 0.0027499999850988392 0.0027499999850988392 0.0017499999958090486 0.0010500000207684936 0.0021499999566003685 0.0073500000871717939 0.015649999491870407 0.0071499999612569818 0.0045499999541789302 1.0000000180025095e-35 1.0000000180025095e-35
decision_type=2 2 2 2 2 2 2 2 2 2 2 2 2 2
left_child=1 2 3 4 5 13 -2 8 9 10 12 -10 -6 -1
right_child=6 -3 -4 -5 7 -7 -8 -9 11 -11 -12 -13 -14 -15
leaf_value=-0.026057426930798988 0.053503723623291845 0.046510840138059333 0.045788301057332934 -0.021294898724471063 0.0025169613140815957 0.041690174737331435 -0.036120417791207143 0.040945299652038171 -0.054906789532710311 0.072690353706564848 0.050874743889510909 0.017931413293421513 0.058839628759431876 0.076448870574068004
leaf_weight=156.41426199674606 227.07930943369865 77.920831173658371 42.288657814264297 134.17060594260693 228.7243893891573 29.3616082072258 7.2419941574335089 48.646219313144684 21.357099816203121 10.996891587972639 21.218404665589333 9.2548205554485303 10.957382276654242 3.0884860754013053
leaf_count=534 459 172 97 529 677 71 28 123 93 13 50 31 26 5
internal_value=0.0156695 0.00532585 0.000835324 -0.0019848 0.00280854 -0.0137504 0.0507025 0.0117274 0.00700364 0.0115066 0.00888552 -0.0327689 0.00513198 -0.0240009
internal_weight=1028.72 794.4 716.479 674.19 540.02 188.864 234.321 351.155 302.509 271.897 260.9 30.6119 239.682 159.503
internal_count=2908 2421 2249 2152 1623 610 487 1013 890 766 753 124 703 539
is_linear=0
shrinkage=0.04


Tree=15
num_leaves=15
num_cat=0
split_feature=291 233 244 113 286 127 265 102 276 212 174 0 254 179
split_gain=231.589 85.1642 45.0072 49.8971 40.6288 38.1977 40.8174 30.2519 27.0846 24.7496 20.8292 21.0733 20.8025 19.7589
threshold=0.0011500000255182388 0.0059500001370906839 0.0017499999958090486 1.0000000180025095e-35 0.0010500000207684936 0.012050000019371511 0.0010500000207684936 0.10510000213980676 0.0015499999863095584 1.0000000180025095e-35 0.0017499999958090486 0.0010500000207684936 0.0011500000255182388 1.0000000180025095e-35
decision_type=2 2 2 2 2 2 2 2 2 2 2 2 2 2
left_child=1 2 4 12 10 6 8 9 -3 -2 11 -1 -4 -8
right_child=7 5 3 -5 -6 -7 13 -9 -10 -11 -12 -13 -14 -15
leaf_value=-0.017025146372459114 0.028051645464497392 -0.010227556903685967 0.066011883790251386 -0.039127609138241745 0.061220051946974871 -0.031095774813408746 0.029205300670048413 0.0025961753513260516 0.073103618513596064 0.059421776355786937 0.095003734382000771 0.071076286817747705 0.019273048097273707 0.067443091880549755
leaf_weight=361.72284319996834 53.127276018261909 61.507767975330353 20.885974630713463 19.736755728721619 11.380704402923582 20.850193247199059 176.37248794734478 21.685761347413063 6.8415725231170645 177.26683843135834 2.6185093820095053 4.283267229795455 57.739169433712959 24.885559007525444
leaf_count=1317 110 165 41 78 27 85 433 66 11 339 6 12 167 49
internal_value=0.0147056 0.00378893 -0.00657835 0.0175083 -0.0128265 0.0208734 0.0249173 0.0479702 -0.00173329 0.0522207 -0.0151394 -0.0159641 0.0318076 0.0339844
internal_weight=1020.9 768.825 478.367 98.3619 380.005 290.458 269.607 252.08 68.3493 230.394 368.625 366.006 78.6251 201.258
internal_count=2906 2391 1648 286 1362 743 658 515 176 449 1335 1329 208 482
is_linear=0
shrinkage=0.04


Tree=16
num_leaves=15
num_cat=0
split_feature=268 244 105 225 178 293 267 113 247 244 219 205 170 219
split_gain=217.201 59.6751 53.7157 44.2097 36.1783 29.518 27.2831 25.6433 27.5895 25.1365 31.4963 29.7696 23.9472 25.5728
threshold=1.0000000180025095e-35 0.010250000283122064 0.018749999813735489 0.0035500000230968003 0.0010500000207684936 0.0024500000290572648 0.12094999849796297 0.0010500000207684936 0.019999999552965168 0.0018500000005587938 0.013150000013411047 0.019899999722838405 0.055850001052021987 1.0000000180025095e-35
decision_type=2 2 2 2 2 2 2 2 2 2 2 2 2 2
left_child=1 3 5 4 7 -2 -4 8 9 11 -11 12 13 -1
right_child=2 -3 6 -5 -6 -7 -8 -9 -10 10 -12 -13 -14 -15
leaf_value=0.0095485098577171874 0.036005920542842941 0.052477034320387167 -0.039991567082336275 0.025756523924969483 0.066842447143698816 0.062226315233717938 0.051443700738308999 -0.026314680630414446 0.060743075261634465 0.034455605061993265 -0.020758110140776585 0.059693007390994639 0.081486116220444493 -0.017682610420388309
leaf_weight=68.35022035241127 220.37315562367439 33.887150749564171 19.130852803587917 80.439726695418358 10.601267307996748 101.38577365875244 7.0452834963798514 94.625838160514832 10.372247040271757 49.913919389247894 24.515787467360497 9.6304770112037641 4.2972991317510596 281.50460858643055
leaf_count=222 496 70 81 221 24 175 19 389 13 128 70 29 8 961
internal_value=0.0141887 0.000835389 0.0398119 -0.00192528 -0.00595714 0.0442971 -0.0151275 -0.0073973 -0.00339291 -0.00493361 0.0162121 -0.00927427 -0.0111773 -0.0123499
internal_weight=1016.07 668.139 347.935 634.251 553.812 321.759 26.1761 543.21 448.585 438.212 74.4297 363.783 354.152 349.855
internal_count=2906 2135 771 2065 1844 671 100 1820 1431 1418 198 1220 1191 1183
is_linear=0
shrinkage=0.04


Tree=17
num_leaves=15
num_cat=0
split_feature=268 244 150 225 280 182 127 196 247 219 244 205 301 109
split_gain=202.143 55.2425 50.969 40.6871 38.3016 28.0421 25.7511 40.7655 33.6494 38.3563 26.9287 24.6967 24.5052 21.3025
threshold=1.0000000180025095e-35 0.010250000283122064 0.036049999296665199 0.0035500000230968003 0.0021000000415369873 0.0024500000290572648 1.0000000180025095e-35 0.0029499999945983295 0.019999999552965168 1.0000000180025095e-35 0.0018500000005587938 0.0019500000635161998 0.021249999292194847 0.0014499999815598132
decision_type=2 2 2 2 2 2 2 2 2 2 2 2 2 2
left_child=1 3 5 4 6 11 7 8 9 -1 -11 -2 -4 -12
right_child=2 -3 12 -5 -6 -7 -8 -9 -10 10 13 -13 -14 -15
leaf_value=0.020005516554385924 0.042052605834584082 0.050595945099896324 -0.049094770149960248 0.024649133600666274 0.0507590999347605 0.048145503838851154 -0.022714660974908943 0.040903524197854799 0.066820182545595241 -0.020575780889408889 0.027370740034983056 -0.016624467099417378 0.02336664176495061 -0.022319198127608332
leaf_weight=62.640052795410156 23.982551217079163 33.747610077261925 14.293846160173418 80.690600693225861 18.435265555977821 269.92472574114799 136.21917590498924 31.659900441765785 9.6799290478229505 233.29389774799347 38.278240337967873 21.727458640933037 15.352883413434027 21.392571732401848
leaf_count=188 53 70 62 221 46 558 570 91 10 780 99 52 46 60
internal_value=0.013689 0.000805506 0.0385219 -0.00185325 -0.00574116 0.0432336 -0.00771143 -0.00254828 -0.00633544 -0.00835629 -0.0144389 0.0140988 -0.011483 0.00948195
internal_weight=1011.32 666.037 345.281 632.29 551.599 315.635 533.164 396.945 365.285 355.605 292.965 45.71 29.6467 59.6708
internal_count=2906 2135 771 2065 1844 663 1798 1228 1137 1127 939 105 108 159
is_linear=0
shrinkage=0.04


Tree=18
num_leaves=15
num_cat=0
split_feature=291 233 244 102 266 36 102 238 174 109 188 300 150 225
split_gain=195.945 69.4449 36.0406 37.632 36.4489 34.3041 27.8853 26.4738 19.0299 19.8321 35.2197 22.0737 30.2581 19.832
threshold=0.0011500000255182388 0.0059500001370906839 0.0017499999958090486 1.0000000180025095e-35 1.0000000180025095e-35 1.0000000180025095e-35 0.10510000213980676 0.0028499999316409235 0.0017499999958090486 1.0000000180025095e-35 0.0018500000005587938 0.0011500000255182388 0.04475000128149987 1.0000000180025095e-35
decision_type=2 2 2 2 2 2 2 2 2 2 2 2 2 2
left_child=1 2 4 -4 8 7 -2 -3 9 11 -11 13 -13 -1
right_child=6 5 3 -5 -6 -7 -8 -9 -10 10 -12 12 -14 -15
leaf_value=-0.017866096795519225 0.048596396969924759 0.0026083505593438448 0.034844538871374946 -0.01598314034028752 0.06982572227129584 -0.037893841715166833 0.00075221635495360004 0.030008111193251842 0.091107691506653821 -0.038089162721025013 0.050013443292059374 0.053625830305888952 -0.028404958278499176 0.01494033341672278
leaf_weight=206.15041829645634 222.56475234031677 80.16738361120224 60.53069868683815 37.658641561865807 8.4216407090425474 16.0753563195467 21.550872564315796 193.24432930350304 2.6373432874679557 84.891690745949745 7.8146402835845938 19.083021327853206 11.362654849886892 34.188837811350822
leaf_count=764 449 230 148 138 20 69 66 444 6 340 25 48 47 112
internal_value=0.0132089 0.00321249 -0.00622906 0.0153134 -0.0118897 0.0186414 0.0443911 0.0219927 -0.0137988 -0.0145958 -0.0305736 -0.00910163 0.0228873 -0.0131784
internal_weight=1006.34 762.227 472.74 98.1893 374.55 289.487 244.116 273.412 366.129 363.491 92.7063 270.785 30.4457 240.339
internal_count=2906 2391 1648 286 1362 743 515 674 1342 1336 365 971 95 876
is_linear=0
shrinkage=0.04


Tree=19
num_leaves=15
num_cat=0
split_feature=291 233 53 269 127 268 179 102 212 173 219 196 225 159
split_gain=183.622 64.026 34.5743 36.3249 31.6603 27.5441 28.8453 26.3909 23.0412 21.0294 19.3359 30.9671 30.0226 20.3842
threshold=0.0011500000255182388 0.0059500001370906839 1.0000000180025095e-35 0.0012500000302679839 0.012050000019371511 0.002650000038556755 1.0000000180025095e-35 0.10510000213980676 1.0000000180025095e-35 0.016599999740719799 0.0020500000100582842 0.0014499999815598132 0.0010500000207684936 0.0015499999863095584
decision_type=2 2 2 2 2 2 2 2 2 2 2 2 2 2
left_child=1 2 3 10 5 6 -3 8 -2 -4 -1 -12 13 -13
right_child=7 4 9 -5 -6 -7 -8 -9 -10 -11 11 12 -14 -15
leaf_value=0.0094066047618077825 0.023797331210585845 0.011107718287905185 -0.032723062786270421 0.034174766584484421 -0.029917100930526779 0.049757690971648519 0.061074085587284416 0.00072227968102205487 0.054526141427695372 0.053043445143350326 -0.01855920533838851 0.039040631766295457 0.05733286267696644 -0.033478449804481995
leaf_weight=102.17935219407082 51.866936668753624 202.863934263587 86.056548744440079 42.329565167427063 20.441601350903511 45.9542066603899 20.311031565070152 21.55048456788063 167.71427664160728 4.7084963470697394 189.32068495452404 9.3206115663051623 18.457636848092079 17.950826242566109
leaf_count=332 110 527 379 116 85 93 38 66 339 13 648 32 49 79
internal_value=0.0127501 0.00309196 -0.006012 -0.000695204 0.0178895 0.0215452 0.0156984 0.0431559 0.0473001 -0.0281764 -0.00509283 -0.0114143 0.0180548 -0.00849524
internal_weight=1001.03 759.894 470.324 379.559 289.571 269.129 223.175 241.132 219.581 90.765 337.229 235.05 45.7291 27.2714
internal_count=2906 2391 1648 1256 743 658 565 515 449 392 1140 808 160 111
is_linear=0
shrinkage=0.04


Tree=20
num_leaves=15
num_cat=0
split_feature=291 268 244 50 159 254 277 254 291 233 105 300 244 176
split_gain=181.248 55.0536 48.202 28.5768 27.0624 32.9472 25.66 36.4311 23.3199 21.8547 21.1781 23.5664 24.776 27.3128
threshold=0.0011500000255182388 0.0016499999910593035 0.011400000192224981 0.0014499999815598132 0.17580000311136249 0.069350000470876708 0.037049999460577972 0.0070500001311302194 0.0023500000825151805 0.058049999177455909 1.0000000180025095e-35 0.0011500000255182388 1.0000000180025095e-35 1.0000000180025095e-35
decision_type=2 2 2 2 2 2 2 2 2 2 2 2 2 2
left_child=1 2 4 -3 5 6 7 10 -2 -5 11 12 -1 -14
right_child=8 3 -4 9 -6 -7 -8 -9 -10 -11 -12 -13 13 -15
leaf_value=-0.016299999620778601 0.026532805645326313 0.040455842108226898 0.044874747275239629 -0.041985390407263061 -0.038272574247146925 0.049623700909131888 -0.048340944673019567 0.0098217629113575133 0.053121723813976951 0.037796766013010921 -0.032094426446964655 0.066388093522444555 -0.00086788760195506676 0.058762629946563838
leaf_weight=198.71318237483501 92.214796707034111 75.76558643579483 31.460536032915115 13.83454565703869 38.412871405482292 17.895298570394516 21.280061081051826 203.44765889644623 127.14721445739269 8.9375662952661497 64.672899529337883 6.7683374881744376 70.849183544516563 14.737492009997366
leaf_count=686 209 157 71 52 171 48 71 644 264 20 276 17 197 25
internal_value=0.00992706 0.000747811 -0.00336398 0.0286478 -0.00576021 -0.0036603 -0.00531815 -0.0036654 0.0419798 -0.0104694 -0.0113905 -0.0067671 -0.00854551 0.00941003
internal_weight=986.137 766.775 668.238 98.5377 636.777 598.364 580.469 559.189 219.362 22.7721 355.741 291.068 284.3 85.5867
internal_count=2908 2435 2206 229 2135 1964 1916 1845 473 72 1201 925 908 222
is_linear=0
shrinkage=0.04


Tree=21
num_leaves=15
num_cat=0
split_feature=291 244 286 233 150 265 47 25 291 59 269 174 105 244
split_gain=169.806 48.2063 37.0485 33.7613 33.0776 31.5247 27.9266 25.4438 22.7942 20.7925 24.2564 19.7869 20.2917 20.7521
threshold=0.0011500000255182388 0.011400000192224981 0.0010500000207684936 0.015250000171363355 0.0011500000255182388 0.0018500000005587938 1.0000000180025095e-35 0.0031500000040978198 0.0023500000825151805 1.0000000180025095e-35 0.0021499999566003685 0.0010500000207684936 1.0000000180025095e-35 0.0013499999768100681
decision_type=2 2 2 2 2 2 2 2 2 2 2 2 2 2
left_child=1 2 3 9 5 6 -5 -8 -2 10 11 12 13 -1
right_child=8 -3 -4 4 -6 -7 7 -9 -10 -11 -12 -13 -14 -15
leaf_value=-0.0099138741758933759 0.025594035616076594 0.043866755257007027 0.053140704826753718 0.031871873363118489 -0.012440404830374997 0.049732841898771508 -0.051061010080166204 0.079027594493133346 0.052023031731414787 -0.035630692596140025 0.022093459017130793 0.068581506299162279 -0.022840926033862011 0.012125394621819696
leaf_weight=254.70214296877384 91.785747930407524 39.205215498805046 19.138230070471764 24.124264538288116 48.557302013039589 50.212114050984383 16.680332764983181 2.6957578063011161 124.69109715521336 39.115327313542366 46.584640711545944 5.2134989202022544 124.31476366519928 93.203446209430695
leaf_count=867 209 87 48 56 157 89 41 6 264 176 140 12 507 249
internal_value=0.00959008 0.000719578 -0.00161534 -0.00311391 0.01428 0.0281664 0.00312369 -0.0324438 0.0408527 -0.00751716 -0.0054046 -0.00810011 -0.00896951 -0.0039963
internal_weight=980.224 763.747 724.542 705.404 142.27 93.7125 43.5004 19.3761 216.477 563.134 524.018 477.434 472.22 347.906
internal_count=2908 2435 2348 2300 349 192 103 47 473 1951 1775 1635 1623 1116
is_linear=0
shrinkage=0.04


Tree=22
num_leaves=15
num_cat=0
split_feature=291 268 244 179 105 105 50 182 159 254 233 109 254 99
split_gain=159.16 48.4241 41.3847 28.1556 30.6261 27.2331 25.4752 25.4455 25.197 26.2271 26.5626 24.173 26.2453 23.8138
threshold=0.0011500000255182388 0.0016499999910593035 0.011400000192224981 0.0010500000207684936 0.0017499999958090486 0.0072500000242143878 0.0014499999815598132 0.0011500000255182388 0.031700000166893012 0.0072500000242143878 0.034700000658631332 1.0000000180025095e-35 0.013950000051409008 0.0014499999815598132
decision_type=2 2 2 2 2 2 2 2 2 2 2 2 2 2
left_child=1 2 3 4 7 -5 -3 11 9 -9 -11 12 -1 -6
right_child=-2 6 -4 5 13 -7 -8 8 -10 10 -12 -13 -14 -15
leaf_value=-0.0061065362383819887 0.039773640152141014 0.038214710206996613 0.041729326784866634 0.03235580439446805 -0.031677053263553974 -0.029062373964644589 -0.010067880959475962 -0.0099911982241695525 -0.034669861269900175 0.047506300395315608 -0.019582932232456555 -0.027340908273727999 0.044593690372809983 0.023075524451756421
leaf_weight=227.22845295071602 213.53667971491814 74.970450669527054 31.174673542380333 52.901813626289368 113.46537165343761 14.61987257003784 22.589278787374496 29.287422895431519 14.821057841181753 52.774771317839622 11.343287855386732 83.915834844112396 17.492437914013863 14.152684792876242
leaf_count=763 473 157 71 137 482 63 72 97 61 122 31 286 44 49
internal_value=0.00926672 0.000694163 -0.00317245 -0.00539989 -0.00832548 0.018975 0.0269954 -0.00327689 0.0135227 0.0212413 0.0355631 -0.00882392 -0.00244945 -0.0255604
internal_weight=974.274 760.737 663.178 632.003 564.481 67.5217 97.5597 436.863 108.227 93.4055 64.1181 328.637 244.721 127.618
internal_count=2908 2435 2206 2135 1935 200 229 1404 311 250 153 1093 807 531
is_linear=0
shrinkage=0.04


Tree=23
num_leaves=15
num_cat=0
split_feature=291 268 124 269 109 221 2 291 195 171 6 105 182 176
split_gain=148.994 45.6893 38.5675 36.4923 30.6916 28.568 24.5211 23.1421 22.3422 22.2248 21.5294 20.2611 23.3573 24.0167
threshold=0.0011500000255182388 0.0028499999316409235 0.0084500000812113302 1.0000000180025095e-35 0.0015499999863095584 0.015699999406933788 0.0011500000255182388 0.0023500000825151805 0.10315000265836717 0.052100000903010375 0.0051500000990927228 0.0018500000005587938 1.0000000180025095e-35 0.0017499999958090486
decision_type=2 2 2 2 2 2 2 2 2 2 2 2 2 2
left_child=1 2 3 10 -5 8 -3 -2 -6 -4 11 12 13 -1
right_child=7 6 9 4 5 -7 -8 -9 -10 -11 -12 -13 -14 -15
leaf_value=-0.0074668709192589446 0.023295759845676819 0.046814632724998417 -0.030335254912324965 0.039374066118126286 -0.050315464238230058 0.053523844275629673 -0.020775447907966833 0.050217599139255976 0.043643595181347181 0.040045187511578983 -0.034493941031685432 -0.025770204107891534 0.017142441862059207 0.030347704009293628
leaf_weight=271.53262360394001 90.613160967826843 47.770980983972549 93.773775935173035 66.719925075769424 18.992797166109089 8.7561941742897016 10.314490988850592 120.2220813035965 5.0116027146577826 7.6407759040594092 31.809619694948196 45.787625074386597 119.95895446836948 29.698972061276436
leaf_count=892 209 92 409 174 66 18 38 264 14 24 143 177 314 74
internal_value=0.00894896 0.000666837 -0.0021597 0.00170193 0.0238141 -0.00777699 0.0347285 0.0386826 -0.0304332 -0.024959 -0.00270408 -0.000523135 0.00221744 -0.00371655
internal_weight=968.604 757.768 699.683 598.268 99.4805 32.7606 58.0855 210.835 24.0044 101.415 498.788 466.978 421.191 301.232
internal_count=2908 2435 2305 1872 272 98 130 473 80 433 1600 1457 1280 966
is_linear=0
shrinkage=0.04


Tree=24
num_leaves=15
num_cat=0
split_feature=291 268 244 50 291 2 269 124 109 105 164 135 208 248
split_gain=139.791 42.4877 36.1071 29.5531 22.8943 22.8787 22.5467 24.4097 23.597 22.6574 18.4439 19.4426 18.0811 18.0851
threshold=0.0011500000255182388 0.0028499999316409235 0.011400000192224981 0.0013499999768100681 0.0031500000040978198 0.0011500000255182388 0.0010500000207684936 0.0089499996975064295 0.0015499999863095584 0.0018500000005587938 0.01049999985843897 0.0050000001210719356 0.060600001364946372 0.70265001058578502
decision_type=2 2 2 2 2 2 2 2 2 2 2 2 2 2
left_child=1 2 3 6 -2 -3 9 8 -8 -1 11 -11 13 -5
right_child=4 5 -4 12 -6 -7 7 -9 -10 10 -12 -13 -14 -15
leaf_value=-0.00038181956310518719 0.025262632187141431 0.045405554711603138 0.037571893900903271 -0.0290446697627262 0.052036791342567189 -0.020017603543954321 0.041149170188583488 -0.015714256092363998 -0.013513391324874779 -0.036137863941421731 0.059683729835180784 0.076744480740755266 0.027891758468505664 0.12450103450434709
leaf_weight=381.88587698340416 111.68264351785183 47.296074166893959 34.783818259835243 105.92110693454742 96.147809356451035 10.281255483627318 56.5517188757658 26.523012682795525 16.080973893404007 58.062088012695312 3.6589927524328223 2.4352165609598151 10.284651711583136 1.1354760825633992
leaf_count=1159 258 92 80 467 215 38 143 104 51 245 12 6 35 3
internal_value=0.00864609 0.000641545 -0.00208177 -0.00417501 0.0376874 0.0336395 -0.000246908 0.0169879 0.0289899 -0.00409015 -0.0260665 -0.0314088 -0.0223762 -0.0272641
internal_weight=962.731 754.9 697.323 662.539 207.83 57.5773 545.198 99.1557 72.6327 446.042 64.1563 60.4973 117.341 107.057
internal_count=2908 2435 2305 2225 473 130 1720 298 194 1422 263 251 505 470
is_linear=0
shrinkage=0.04


Tree=25
num_leaves=15
num_cat=0
split_feature=268 244 127 127 254 109 247 188 150 219 196 244 208 195
split_gain=139.14 58.0127 40.0623 36.1475 44.3748 36.7397 32.722 25.8861 21.0911 21.078 37.5284 28.3407 20.8049 20.452
threshold=0.0020500000100582842 0.0072500000242143878 0.0015499999863095584 1.0000000180025095e-35 0.0067499999422580012 0.0010500000207684936 0.019999999552965168 0.0017499999958090486 0.010650000069290401 1.0000000180025095e-35 0.0010500000207684936 0.0015499999863095584 1.0000000180025095e-35 0.013150000013411047
decision_type=2 2 2 2 2 2 2 2 2 2 2 2 2 2
left_child=1 3 -2 4 6 -6 9 -5 -3 -1 11 -11 -7 -14
right_child=2 8 -4 7 5 12 -8 -9 -10 10 -12 -13 13 -15
leaf_value=0.0172561147852912 0.05087863944688862 0.043097335728016564 0.013975410643775591 -0.023379089652502329 0.031131207356110933 0.063469947816377867 0.066351987217458386 0.012651306008467721 -0.040649878215759529 -0.025802408365373414 0.024493973222242591 0.007469637644485742 -0.029958658719354658 0.031847135610894153
leaf_weight=49.928639441728592 148.8847372084856 67.098419159650803 69.440228790044785 146.7331371307373 137.99213403463364 5.7791474610567084 10.085719600319861 40.534836173057556 5.056231588125228 165.42122064530849 39.956893146038055 54.156102135777473 38.088906392455101 10.898908063769339
leaf_count=168 305 146 203 626 345 13 9 150 16 572 125 136 142 32
internal_value=0.0109849 0.00300166 0.0391713 -0.000516953 0.00497464 0.0201303 -0.00415856 -0.0155562 0.0371253 -0.00649019 -0.0110787 -0.0175784 -0.00752102 -0.0160896
internal_weight=990.055 771.73 218.325 699.576 512.308 192.759 319.549 187.268 72.1547 309.463 259.534 219.577 54.767 48.9878
internal_count=2988 2480 508 2318 1542 532 1010 776 162 1001 833 708 187 174
is_linear=0
shrinkage=0.04


Tree=26
num_leaves=15
num_cat=0
split_feature=268 244 127 178 159 254 247 109 244 205 102 265 219 150
split_gain=130.713 53.9586 38.6999 34.5247 30.2914 29.6035 34.8987 27.7818 23.7649 29.3459 22.4157 22.2978 20.346 19.6371
threshold=0.0020500000100582842 0.0072500000242143878 0.0015499999863095584 1.0000000180025095e-35 0.19820000231266025 0.0067499999422580012 0.015050000045448543 0.0016499999910593035 1.0000000180025095e-35 0.0088499998673796671 0.0058500000741332778 0.052400000393390662 0.0022500000195577745 0.010650000069290401
decision_type=2 2 2 2 2 2 2 2 2 2 2 2 2 2
left_child=1 3 -2 4 5 6 8 10 9 12 -7 -9 -1 -3
right_child=2 13 -4 -5 -6 7 -8 11 -10 -11 -12 -13 -14 -15
leaf_value=-0.0056669667068654696 0.049859729744533059 0.041763097446122117 0.013446126797327864 0.05950652997111238 -0.034660424503697343 0.024345599252122697 0.063552225975515977 -0.023132441731998844 0.0069856244230598954 0.035235187073840983 -0.0042049040986832046 0.040428793838952752 -0.030039680022083202 -0.039118573012276087
leaf_weight=93.353888586163521 145.91256949305534 66.488003358244896 69.293645977973938 14.907767921686171 42.07329560816288 162.14095275104046 10.629947021603583 55.217899680137634 97.49225041270256 16.318565219640732 60.028849989175797 10.377749413251875 134.3905853331089 5.0480666309595099
leaf_count=359 305 146 203 38 196 437 11 210 262 60 223 28 494 16
internal_value=0.0106179 0.00289414 0.0381653 -0.000498098 -0.00182408 0.000333557 -0.0074357 0.00985524 -0.00967466 -0.0163462 0.016615 -0.0129694 -0.0200736 0.0359531
internal_weight=983.674 768.468 215.206 696.932 682.024 639.951 352.185 287.765 341.555 244.063 222.17 65.5956 227.744 71.5361
internal_count=2988 2480 508 2318 2280 2084 1186 898 1175 913 660 238 853 162
is_linear=0
shrinkage=0.04


Tree=27
num_leaves=15
num_cat=0
split_feature=293 244 105 50 219 247 254 102 102 244 25 47 164 267
split_gain=114.333 42.7818 36.2651 28.7885 38.9247 31.2896 30.9499 33.9553 24.3038 26.8023 23.9456 23.7972 19.8722 21.7746
threshold=0.0024500000290572648 0.0051500000990927228 0.0047500000800937423 0.0012500000302679839 0.11244999989867212 0.016950000077486042 0.0067499999422580012 0.007849999703466894 0.0011500000255182388 1.0000000180025095e-35 0.0013499999768100681 0.0012500000302679839 0.0016499999910593035 0.0038499999791383748
decision_type=2 2 2 2 2 2 2 2 2 2 2 2 2 2
left_child=1 3 -3 5 -5 6 8 -8 9 -1 11 -11 -9 -14
right_child=-2 2 -4 4 -6 -7 7 12 -10 10 -12 -13 13 -15
leaf_value=-0.0086347308933797558 0.045667268897438947 0.037427222469423364 -0.032336992929291763 -0.021560503618124834 0.029809631465486649 0.048747929623005809 0.023610029239919721 -0.021690687635665722 -0.031118572241504265 0.017947441821924984 0.053855209322498147 -0.053591716875242161 -0.065972954240883411 0.035579037847944861
leaf_weight=170.27137118577957 126.91929513216019 93.740127563476562 13.517257720232008 140.73023410141468 28.204459547996521 25.867773279547691 177.89705869555473 53.754609003663063 48.062164723873138 39.287626162171364 23.196047529578209 9.062341243028639 3.8497808426618603 22.692933067679405
leaf_count=578 287 220 49 595 80 40 474 214 203 98 44 21 17 68
internal_value=0.0102656 0.00497096 0.0285759 0.00155407 -0.0129478 0.00583105 0.00378966 0.013863 -0.00517055 0 0.0205244 0.0043732 -0.00768398 0.0205074
internal_weight=977.053 850.134 107.257 742.876 168.935 573.942 548.074 258.194 289.88 241.817 71.546 48.35 80.2973 26.5427
internal_count=2988 2701 269 2432 675 1757 1717 773 944 741 163 119 299 85
is_linear=0
shrinkage=0.04


Tree=28
num_leaves=15
num_cat=0
split_feature=291 124 212 244 225 164 293 102 113 266 247 188 247 170
split_gain=110.744 44.2073 50.4114 41.2681 28.4773 24.5801 27.6009 24.5447 24.4588 22.4358 21.239 19.2372 18.6396 19.3529
threshold=0.0019500000635161998 0.0079499999992549437 0.0011500000255182388 0.0018500000005587938 0.0035500000230968003 0.0016499999910593035 0.0021499999566003685 0.088750001043081297 1.0000000180025095e-35 0.0010500000207684936 0.019999999552965168 0.024550000205636028 0.0034500000765547161 0.0049499999731779107
decision_type=2 2 2 2 2 2 2 2 2 2 2 2 2 2
left_child=1 2 3 4 9 6 -3 -4 -5 10 11 -1 -10 -14
right_child=-2 5 7 8 -6 -7 -8 -9 12 -11 -12 -13 13 -15
leaf_value=-0.010394493916324323 0.043174278068910985 -0.035311282502504156 0.036356557672193368 0.02762581080220642 0.029643873959111722 0.0068161967259980508 0.060452506753167774 -0.021300167508587778 -0.038682530614584459 0.060927598461781217 0.056333226808176269 0.084766168811619441 -0.058466024335391727 0.083717214217946576
leaf_weight=359.31364674866199 137.4377083927393 80.262347146868706 119.13704761862755 131.24557137489319 37.953507378697395 45.229879200458527 5.0040427744388571 12.956553593277929 17.046128392219547 7.588892087340354 7.9030693024396887 3.323884278535842 2.1265666335821143 4.727600634098053
leaf_count=1255 339 363 284 306 101 168 10 46 62 19 9 9 10 7
internal_value=0.0099158 0.00442451 0.00839588 0.00323616 -0.00332146 -0.016939 -0.0295801 0.0306591 0.0208395 -0.00664779 -0.00805863 -0.00948811 -0.0162198 0.038822
internal_weight=971.256 833.819 703.322 571.229 416.083 130.496 85.2664 132.094 155.146 378.129 370.541 362.638 23.9003 6.85417
internal_count=2988 2649 2108 1778 1393 541 373 330 385 1292 1273 1264 79 17
is_linear=0
shrinkage=0.04


Tree=29
num_leaves=15
num_cat=0
split_feature=293 127 212 267 134 226 113 196 290 53 278 182 238 225
split_gain=103.715 42.4562 66.0417 32.7488 32.1618 25.6757 27.9684 24.6364 23.1552 22.4352 21.4145 19.6787 32.0635 26.5465
threshold=0.0024500000290572648 1.0000000180025095e-35 1.0000000180025095e-35 0.0050500000361353168 0.0014499999815598132 0.002549999975599349 0.0010500000207684936 0.0021499999566003685 0.052799999713897712 0.0016499999910593035 0.0012500000302679839 1.0000000180025095e-35 0.0022500000195577745 1.0000000180025095e-35
decision_type=2 2 2 2 2 2 2 2 2 2 2 2 2 2
left_child=1 2 4 9 5 6 7 11 -8 -3 -6 12 -1 -14
right_child=-2 3 -4 -5 10 -7 8 -9 -10 -11 -12 -13 13 -15
leaf_value=0.016719517191210075 0.043980553653912832 -0.011526344317125905 0.04104427479270293 0.008435383216884234 -0.045287601111238161 0.065510858971215336 -0.036876774492149302 0.040586053453679084 0.022170611739845011 -0.046356973386003295 0.029710158867513461 0.021190011188304783 -0.021500886984591593 0.019220184955872927
leaf_weight=109.41423381865025 122.39677456021309 109.91048760712147 94.659543976187706 100.8065854460001 30.842863455414772 11.821100935339926 39.423110619187355 37.324414804577827 14.3668055832386 40.702361837029457 7.4431732743978491 102.62851315736771 110.01441138982773 33.195538833737373
leaf_count=339 287 432 220 350 126 24 168 96 48 203 22 238 347 88
internal_value=0.00958566 0.00457978 0.0104383 -0.00917745 0.00458771 0.0075397 0.00598117 0.00969535 -0.0210196 -0.0209902 -0.0305637 0.00642807 0.000409197 -0.0120272
internal_weight=964.95 842.553 591.134 251.419 496.474 458.188 446.367 392.577 53.7899 150.613 38.286 355.253 252.624 143.21
internal_count=2988 2701 1716 985 1496 1348 1324 1108 216 635 148 1012 774 435
is_linear=0
shrinkage=0.04


Tree=30
num_leaves=15
num_cat=0
split_feature=293 182 102 267 124 182 50 109 173 244 221 251 238 105
split_gain=108.891 34.433 57.3298 28.2591 32.5779 23.771 22.0142 19.521 16.7906 16.6756 19.8864 25.6025 22.9838 16.7652
threshold=0.0023500000825151805 0.0011500000255182388 0.0011500000255182388 0.0038499999791383748 0.0057500000111758718 0.017150000669062141 0.0011500000255182388 0.0017499999958090486 0.012050000019371511 0.0050500000361353168 0.0016499999910593035 0.0012500000302679839 0.0015499999863095584 1.0000000180025095e-35
decision_type=2 2 2 2 2 2 2 2 2 2 2 2 2 2
left_child=1 6 -3 4 5 -4 9 -7 -8 10 13 12 -12 -1
right_child=-2 2 3 -5 -6 7 8 -9 -10 -11 11 -13 -14 -15
leaf_value=0.0055413621782671755 0.042652395275842948 0.031826246961446571 -0.0081157751126655093 0.015965445734053549 -0.037474598129496023 0.047789680594108382 -0.031218705598281937 -0.080541137584766248 0.057431454276631495 0.024723853352437083 0.029168570445744536 0.031187492804075605 -0.04558066807658899 -0.021545909512180623
leaf_weight=199.26289473474026 122.45382957160473 134.56261798739433 90.292455166578293 105.93374870717525 49.846883237361908 21.833875432610515 65.151688292622566 1.9644738137722004 3.4873020797967902 34.095594227313995 7.4972962737083426 10.992328882217405 47.590201169252396 44.660005658864975
leaf_count=620 289 323 292 342 230 50 292 6 10 87 22 29 143 200
internal_value=0.00749052 0.00221201 0.0105091 -0.000113087 -0.0105305 0.00122893 -0.00590902 0.0367363 -0.0265795 -0.00176762 -0.00470122 -0.0241495 -0.0353005 0.000558747
internal_weight=939.625 817.171 404.434 269.871 163.938 114.091 412.737 23.7983 68.639 344.098 310.003 66.0798 55.0875 243.923
internal_count=2935 2646 1243 920 578 348 1403 56 302 1101 1014 194 165 820
is_linear=0
shrinkage=0.04


Tree=31
num_leaves=15
num_cat=0
split_feature=291 244 233 219 6 265 150 150 218 301 164 269 47 25
split_gain=115.191 36.2463 28.5474 29.1838 26.0989 23.997 22.6639 22.6212 21.9292 20.1946 19.014 18.2034 18.1216 19.2019
threshold=0.0022500000195577745 0.0055499998852610597 0.013650000095367433 0.0027499999850988392 1.0000000180025095e-35 1.0000000180025095e-35 0.010650000069290401 0.0011500000255182388 0.0010500000207684936 0.054250000044703491 0.0085500003769993799 0.0034500000765547161 1.0000000180025095e-35 0.0031500000040978198
decision_type=2 2 2 2 2 2 2 2 2 2 2 2 2 2
left_child=1 2 3 4 8 12 -3 -7 -1 -8 -6 -5 -4 -14
right_child=-2 6 5 11 10 7 9 -9 -10 -11 -12 -13 13 -15
leaf_value=0.010423648250663586 0.043841933208348428 0.032934677786684026 0.012118807511831638 -0.015169388891300361 -0.038076070294789099 0.034460336485740872 -0.066921873770554585 0.0020230050381545772 0.064458877209042517 0.082844850821074748 0.035376008051993063 0.012384385384124865 -0.061630036769092296 0.031300423351527017
leaf_weight=125.48772002756596 119.78951580822468 78.631121024489403 20.439854517579079 329.36028000712395 27.586836457252502 79.961997225880623 6.7407713681459409 60.81577804684639 13.250952914357184 1.7135195434093473 6.9424621462821952 43.181089892983437 15.853052586317064 4.4479292184114447
leaf_count=418 303 185 56 1195 133 166 26 195 34 4 26 141 42 11
internal_value=0.00723405 0.00183988 -0.00107615 -0.00565131 0.00789418 0.0126544 0.0262134 0.0204872 0.0156561 -0.0354859 -0.0231328 -0.0119624 -0.0142974 -0.0410194
internal_weight=934.203 814.413 727.328 545.809 173.268 181.519 87.0854 140.778 138.739 8.45429 34.5293 372.541 40.7408 20.301
internal_count=2935 2632 2417 1947 611 470 215 361 452 30 159 1336 109 53
is_linear=0
shrinkage=0.04


Tree=32
num_leaves=15
num_cat=0
split_feature=291 233 50 152 265 269 124 213 247 92 105 219 196 277
split_gain=109.249 33.8012 28.6682 23.2893 28.3921 22.5317 25.0252 22.0783 20.6948 20.3385 20.2614 23.8377 34.6956 27.3284
threshold=0.0022500000195577745 0.013650000095367433 0.0012500000302679839 1.0000000180025095e-35 0.0019500000635161998 0.0010500000207684936 0.053500000387430198 0.0012500000302679839 0.0015499999863095584 0.0015499999863095584 1.0000000180025095e-35 0.002650000038556755 0.0015499999863095584 0.0021499999566003685
decision_type=2 2 2 2 2 2 2 2 2 2 2 2 2 2
left_child=1 2 5 4 7 10 8 9 -7 -3 11 -1 13 -13
right_child=-2 3 -4 -5 -6 6 -8 -9 -10 -11 -12 12 -14 -15
leaf_value=0.017461452437230632 0.043108075457031783 -0.023913082640834919 -0.020107677757801392 -0.023834393582294819 0.030541519089336493 0.038799689606190881 -0.049941145362352696 0.047048286776479965 -0.0080404946623940966 0.048082871714605457 -0.019890565914768076 -0.034697183569140283 0.033174275365325169 -0.00091386907267814192
leaf_weight=105.78183245658875 117.0137402266264 43.859440460801125 125.31358440220356 21.567285910248756 129.57135175168514 57.967772662639618 7.3510482758283606 11.71249347925186 20.173612907528877 7.2002500146627417 85.397051781415939 60.538864403963089 30.263789623975754 104.75648348033428
leaf_count=323 303 113 556 84 301 157 33 27 68 18 363 222 81 286
internal_value=0.0069913 0.00177358 -0.00310578 0.0154175 0.0198496 0.00140077 0.0199771 -0.00216998 0.0266611 -0.0136082 -0.00269948 0.00216402 -0.00609492 -0.0133246
internal_weight=928.469 811.455 597.544 213.911 192.344 472.23 85.4924 62.7722 78.1414 51.0597 386.738 301.341 195.559 165.295
internal_count=2935 2632 2089 543 459 1533 258 158 225 131 1275 912 589 508
is_linear=0
shrinkage=0.04


Tree=33
num_leaves=15
num_cat=0
split_feature=293 113 244 271 212 127 134 221 244 116 174 155 109 248
split_gain=94.2843 31.0471 31.528 24.3343 22.7917 29.0684 20.1004 22.7187 19.9143 18.755 17.6731 17.6295 23.8773 17.9563
threshold=0.0023500000825151805 0.0010500000207684936 0.0049499999731779107 0.0030500000575557355 0.0010500000207684936 0.0019500000635161998 0.0012500000302679839 0.0015499999863095584 0.0010500000207684936 0.0021499999566003685 0.0021499999566003685 0.018849999643862251 1.0000000180025095e-35 0.010149999987334015
decision_type=2 2 2 2 2 2 2 2 2 2 2 2 2 2
left_child=1 2 4 -3 6 -6 7 8 -1 -10 -8 12 13 -9
right_child=-2 3 -4 -5 5 -7 10 11 9 -11 -12 -13 -14 -15
leaf_value=-0.00044880378097601065 0.040488608831766866 -0.029368933711641759 0.028117759798182127 0.0046156235724586639 0.033841748345525911 -0.0016463399289672203 -0.032886832015737742 -0.018571239002657062 0.02843863022502548 -0.05007447090767795 0.092713941225843671 0.10742266250554844 -0.047122566330780546 0.039235313734232287
leaf_weight=237.87090419232845 115.82972444593906 81.331162869930267 85.729777306318283 57.17682620882988 72.204884931445122 75.047396585345268 43.354796096682549 29.278539538383484 70.832492962479591 5.1021854877471915 1.7595814764499653 1.6150867342948902 33.387942939996719 12.047279834747313
leaf_count=799 289 370 219 217 184 274 178 71 170 20 4 4 105 31
internal_value=0.00675611 0.0019035 0.00548081 -0.0153179 0.00213809 0.0157392 -0.00245676 0.000459036 0.00523063 0.0230517 -0.0277054 -0.0190869 -0.0220151 -0.00156891
internal_weight=922.569 806.739 668.231 138.508 582.501 147.252 435.249 390.134 313.806 75.9347 45.1144 76.3288 74.7138 41.3258
internal_count=2935 2646 2059 587 1840 458 1382 1200 989 190 182 211 207 102
is_linear=0
shrinkage=0.04


Tree=34
num_leaves=15
num_cat=0
split_feature=246 124 212 150 221 221 150 269 113 90 271 196 247 109
split_gain=88.4187 41.353 42.6142 34.1183 22.4082 22.0977 23.0532 20.6314 22.9593 22.6697 18.37 24.5041 26.512 18.745
threshold=0.0012500000302679839 0.0080500002950429934 0.0010500000207684936 0.19689999520778659 0.0047500000800937423 0.0028499999316409235 0.0014499999815598132 0.0021499999566003685 0.0010500000207684936 0.0049499999731779107 0.0010500000207684936 0.0029499999945983295 0.01275000022724271 1.0000000180025095e-35
decision_type=2 2 2 2 2 2 2 2 2 2 2 2 2 2
left_child=1 2 7 -2 -3 6 -4 8 9 10 11 12 13 -1
right_child=3 4 5 -5 -6 -7 -8 -9 -10 -11 -12 -13 -14 -15
leaf_value=0.0056096217471431151 0.044752137368785395 -0.029267179736105407 0.032683128701783679 -0.023742022059403671 0.025001906400858007 0.053142811523379178 -0.0034527394774922955 0.028279508878023444 -0.024080106547620383 -0.057580205817582324 -0.019769743264449739 0.044848295767341714 0.056019662909458909 -0.017372517141863705
leaf_weight=265.16491596400738 112.68156276643276 89.913732960820198 60.364163920283318 12.832271128892897 13.919771209359167 32.943346098065376 52.640196457505226 38.161704704165459 66.441220507025719 10.168883368372915 51.656938627362251 23.797252118587494 14.352546602487562 72.133441209793091
leaf_count=815 302 419 148 52 41 74 177 97 293 36 186 56 19 220
internal_value=0.00652594 0.00157356 0.0051311 0.0377043 -0.0219364 0.0243076 0.0158266 -3.00129e-05 -0.00218788 0.00113411 0.00255455 0.00564119 0.00296456 0.000679195
internal_weight=917.172 791.658 687.825 125.514 103.834 145.948 113.004 541.877 503.715 437.274 427.105 375.448 351.651 337.298
internal_count=2935 2581 2121 354 460 399 325 1722 1625 1332 1296 1110 1054 1035
is_linear=0
shrinkage=0.04


Tree=35
num_leaves=15
num_cat=0
split_feature=291 212 159 244 198 179 109 269 159 247 225 221 124 205
split_gain=103.703 31.0812 44.7586 32.6022 27.378 26.5181 22.048 23.0954 21.5673 21.5597 21.3502 20.1179 17.6542 17.5418
threshold=0.0023500000825151805 0.0012500000302679839 0.0075499999802559623 0.0017499999958090486 0.0016499999910593035 0.0010500000207684936 0.0010500000207684936 0.0012500000302679839 0.0048500001430511483 0.020600000396370891 1.0000000180025095e-35 0.0031500000040978198 0.0053499999921768912 0.025449999608099464
decision_type=2 2 2 2 2 2 2 2 2 2 2 2 2 2
left_child=1 3 -3 5 11 6 7 10 -5 -8 -1 -4 -9 -12
right_child=-2 2 4 8 -6 -7 9 12 -10 -11 13 -13 -14 -15
leaf_value=-0.014009790302648237 0.043971981877282386 0.039809045425504445 -0.018328150267842933 0.021145101886427591 0.037027061641339835 0.021732344389919049 -0.033122008756508538 0.048402986951653307 -0.0148104337386361 0.055714826735812191 0.0051035952788118554 0.030532579794789846 -0.046166610518527725 0.074657949618021316
leaf_weight=243.90804652869701 107.64621643722057 76.926783218979836 75.682918384671211 123.91384835541248 25.663160234689713 44.058366969227791 84.217083334922791 19.008204668760303 33.800830498337746 4.4892412573099127 47.974036127328873 16.258863896131516 3.6589767783880225 6.5318131297826758
leaf_count=915 295 180 303 302 76 122 348 44 118 5 159 40 16 15
internal_value=0.00711368 0.00218178 0.0161064 -0.00224287 0.00054757 -0.00769272 -0.0108706 -0.00597382 0.0134094 -0.0285234 -0.00894442 -0.00962044 0.032826 0.0136335
internal_weight=913.738 806.092 194.532 611.56 117.605 453.846 409.787 321.081 157.715 88.7063 298.414 91.9418 22.6672 54.5058
internal_count=2938 2643 599 2044 419 1624 1502 1149 420 353 1089 343 60 174
is_linear=0
shrinkage=0.04


Tree=36
num_leaves=15
num_cat=0
split_feature=291 233 286 174 150 267 238 50 238 254 219 195 225 244
split_gain=98.6424 30.68 24.7971 24.0866 22.8284 21.5504 20.0069 18.5866 19.2916 16.5926 16.5568 30.0726 21.0328 19.9661
threshold=0.0023500000825151805 0.015050000045448543 0.0011500000255182388 0.0017499999958090486 0.0010500000207684936 0.0015499999863095584 0.0028499999316409235 0.0013499999768100681 0.007849999703466894 0.03655000030994416 1.0000000180025095e-35 0.0029499999945983295 0.0035500000230968003 0.0057500000111758718
decision_type=2 2 2 2 2 2 2 2 2 2 2 2 2 2
left_child=1 2 3 7 6 -6 9 10 -9 -3 11 -1 13 -12
right_child=-2 4 -4 -5 5 -7 -8 8 -10 -11 12 -13 -14 -15
leaf_value=0.029447958280220194 0.043345440158352851 -0.012621658069147538 0.043605806553200115 0.065131205122806429 -0.022771949185723263 0.019553083568885465 0.039872211037526237 -0.034868163984584553 -0.0020480649110038085 0.046925653432288987 -0.010653649098098851 -0.036012247011423699 0.022599660793522002 0.019553224901057133
leaf_weight=57.491467267274857 104.89147411286831 26.920354560017586 18.218338027596474 7.9331769645214072 36.472421199083328 40.52287845313549 73.884465113282204 59.258922845125198 55.954513877630234 10.241126433014868 320.44938690960407 13.810424312949179 41.739238396286964 39.129658743739128
leaf_count=177 295 78 51 20 126 109 146 300 222 24 1110 61 119 100
internal_value=0.00688474 0.00210651 -0.00221784 -0.0036329 0.0162411 -0.000447794 0.0278386 -0.00457864 -0.0189791 0.0037632 -0.00105643 0.0166803 -0.00422104 -0.00735087
internal_weight=906.918 802.026 613.985 595.767 188.041 76.9953 111.046 587.834 115.213 37.1615 472.62 71.3019 401.318 359.579
internal_count=2938 2643 2160 2109 483 235 248 2089 522 102 1567 238 1329 1210
is_linear=0
shrinkage=0.04


Tree=37
num_leaves=15
num_cat=0
split_feature=291 233 286 159 265 182 219 179 150 50 269 105 219 277
split_gain=93.8583 28.4744 23.1376 21.885 21.9497 30.5271 21.2685 19.1897 22.726 21.0662 22.5417 19.8696 26.1301 22.0746
threshold=0.0023500000825151805 0.015050000045448543 0.0011500000255182388 0.0075499999802559623 0.0017499999958090486 0.0019500000635161998 0.098600000143051161 0.0010500000207684936 0.1276500001549721 0.0013499999768100681 0.0034500000765547161 0.0010500000207684936 1.0000000180025095e-35 0.0013499999768100681
decision_type=2 2 2 2 2 2 2 2 2 2 2 2 2 2
left_child=1 2 7 4 5 -3 -5 9 -9 10 11 12 -1 -14
right_child=-2 3 -4 6 -6 -7 -8 8 -10 -11 -12 -13 13 -15
leaf_value=0.026413252964279522 0.042737342559130573 -0.032616817302144128 0.042408417393282882 -0.017289538959547809 0.040170499361066585 0.032740118797669512 0.030162468348097677 0.024047914891315036 -0.048218928309835943 -0.023529347289126392 0.032298945133643502 -0.0216097526808883 -0.023182830972639689 0.0022216138531679585
leaf_weight=49.795745074748993 102.18494856357574 19.864281371235847 17.990885615348816 47.199951469898224 71.080543249845505 26.617895230650902 22.093111172318459 62.872900485992432 7.7031119912862769 91.918314382433891 27.837319612503052 88.24290606379509 76.918175131082535 188.26425345242023
leaf_count=148 295 60 51 160 147 58 58 182 37 440 73 386 297 546
internal_value=0.00665968 0.00203242 -0.00213794 0.0156964 0.0262014 0.00471373 -0.00208083 -0.00350181 0.0160466 -0.00615009 -0.00243029 -0.00484524 -0.0001305 -0.00513802
internal_weight=900.584 798.399 611.544 186.856 117.563 46.4822 69.2931 593.553 70.576 522.977 431.058 403.221 314.978 265.182
internal_count=2938 2643 2160 483 265 118 218 2109 219 1890 1450 1377 991 843
is_linear=0
shrinkage=0.04


Tree=38
num_leaves=15
num_cat=0
split_feature=291 174 247 105 225 50 213 105 219 244 196 195 238 101
split_gain=89.3188 27.135 23.6324 26.5486 23.9011 30.4114 22.7159 23.3762 29.1299 26.3563 27.6373 20.8115 19.2093 19.4363
threshold=0.0023500000825151805 0.0030500000575557355 0.014650000259280207 0.0018500000005587938 0.0035500000230968003 1.0000000180025095e-35 0.0014499999815598132 1.0000000180025095e-35 1.0000000180025095e-35 0.0018500000005587938 0.0042499999981373557 0.0037500000325962905 0.0046500000171363362 0.0066499998793005952
decision_type=2 2 2 2 2 2 2 2 2 2 2 2 2 2
left_child=1 2 4 -4 5 6 7 8 11 10 -10 -1 -6 -14
right_child=-2 -3 3 -5 12 -7 -8 -9 9 -11 -12 -13 13 -15
leaf_value=0.035406617168215235 0.04214596825209644 0.048908586651771085 0.050717827355326268 -0.013223730441740187 -0.033542512186286282 -0.020495713720899436 0.026146497240801737 -0.018010799922447401 -0.014875173059403056 0.016544013346456648 0.039314307315899744 -0.044522799367089007 0.028871686808336294 -0.063405908277500048
leaf_weight=56.087201967835426 99.529324799776077 19.123975023627281 29.971658051013947 15.689846500754355 10.100437939167021 135.75799107551575 50.874219968914986 110.43818256258965 179.9484087228775 82.905669808387756 16.303801625967026 5.6173017323017111 78.081551268696785 3.7134584188461295
leaf_count=160 295 39 51 57 39 607 148 441 594 210 39 21 220 17
internal_value=0.00644233 0.0019605 0.000791418 0.0286784 -0.000951536 -0.00370489 0.000829555 -0.00202067 0.0031521 -0.00233512 -0.0103352 0.0280052 0.0181019 0.0245612
internal_weight=894.143 794.614 775.49 45.6615 729.828 637.933 502.175 451.301 340.862 279.158 196.252 61.7045 91.8954 81.795
internal_count=2938 2643 2604 108 2496 2220 1613 1465 1024 843 633 181 276 237
is_linear=0
shrinkage=0.04


Tree=39
num_leaves=15
num_cat=0
split_feature=291 212 159 244 198 179 254 159 113 67 47 90 43 25
split_gain=85.0126 25.7696 37.1158 26.8055 23.1145 22.5959 21.0517 25.5854 19.9315 16.5375 15.6617 15.638 15.5925 19.6295
threshold=0.0023500000825151805 0.0012500000302679839 0.0084500000812113302 0.0017499999958090486 0.0016499999910593035 0.0010500000207684936 0.002549999975599349 0.014349999837577345 1.0000000180025095e-35 1.0000000180025095e-35 0.0050500000361353168 0.0039500000420957812 1.0000000180025095e-35 0.0020500000100582842
decision_type=2 2 2 2 2 2 2 2 2 2 2 2 2 2
left_child=1 3 -3 5 -4 6 -1 11 9 12 -11 -8 -5 -14
right_child=-2 2 4 8 -6 -7 7 -9 -10 10 -12 -13 13 -15
leaf_value=-0.022532534896785108 0.041569741078034121 0.036246946226051416 -0.0093643919064650503 0.028480275323495969 0.034487044280070815 0.020034176196137739 0.0055747139482916173 -0.029255623560478155 -0.020253212691213829 -0.040561408736893657 0.04000304081259163 -0.038913409098169018 -0.078613292720237357 0.041605172142199644
leaf_weight=141.8635645955801 96.92682933807373 76.506436049938202 88.355921775102615 103.76896513998508 24.474932923913002 43.891072809696198 197.14750504493713 49.341548413038254 25.314211189746857 12.932647064328195 5.3529948294162741 13.395519435405729 4.9540102928876859 3.6819863617420197
leaf_count=571 295 186 338 255 75 122 630 252 91 39 11 49 15 9
internal_value=0.00623067 0.00189045 0.0147591 -0.00215445 0.000134426 -0.00715547 -0.0101402 -0.00335405 0.0121012 0.0184093 -0.0166699 0.0027081 0.0241612 -0.0270103
internal_weight=887.908 790.981 189.337 601.644 112.831 445.639 401.748 259.885 156.005 130.691 18.2856 210.543 112.405 8.636
internal_count=2938 2643 599 2044 413 1624 1502 931 420 329 50 679 279 24
is_linear=0
shrinkage=0.04


Tree=40
num_leaves=15
num_cat=0
split_feature=291 174 286 50 267 225 268 196 219 244 290 218 111 150
split_gain=76.1741 26.0696 26.1167 23.1353 32.1006 23.0506 26.7286 26.5217 24.8921 23.2447 22.2902 25.0033 20.7073 18.6923
threshold=0.0023500000825151805 0.0030500000575557355 0.0010500000207684936 0.0012500000302679839 0.0056499999482184657 0.0010500000207684936 0.0021499999566003685 0.0084500000812113302 0.002549999975599349 0.0047500000800937423 0.018050000071525577 0.0015499999863095584 0.0010500000207684936 0.0093499999493360537
decision_type=2 2 2 2 2 2 2 2 2 2 2 2 2 2
left_child=1 2 3 5 -5 6 8 -7 -1 10 -10 -12 -8 -11
right_child=-2 -3 -4 4 -6 7 12 -9 9 13 11 -13 -14 -15
leaf_value=0.0089399109106421612 0.039720234613314427 0.053108747154083188 0.04677176633125793 -0.027828851303953597 0.010041901346972453 0.010806225731872092 0.031328595485122464 0.064202479050076755 -0.027223281592791956 0.028650246046755423 0.0053911056361563917 -0.04533861495538908 -0.054768768205794405 -0.068087554424868232
leaf_weight=148.5466717928648 93.927232712507248 15.320317357778547 18.993213012814522 100.26135896146297 55.421435415744781 90.701517537236214 54.852797582745552 17.799325123429298 127.97730526328087 31.776535004377365 95.234957620501518 18.461402028799057 4.7436165362596503 3.4367283284664145
leaf_count=514 300 34 54 475 189 265 126 36 455 79 298 64 19 13
internal_value=0.00569897 0.00161094 0.000571933 -0.00060002 -0.0143238 0.00299479 -0.000726827 0.0196536 -0.00425095 -0.0113428 -0.0157762 -0.00284357 0.0243283 0.0189295
internal_weight=877.454 783.527 768.207 749.214 155.683 593.531 485.03 108.501 425.434 276.887 241.674 113.696 59.5964 35.2133
internal_count=2921 2621 2587 2533 664 1869 1568 301 1423 909 817 362 145 92
is_linear=0
shrinkage=0.04


Tree=41
num_leaves=15
num_cat=0
split_feature=291 268 127 210 92 225 244 109 90 271 47 195 244 47
split_gain=73.1292 28.3348 24.4497 23.7572 20.6424 19.5071 19.4607 18.1675 26.4097 26.9915 20.7524 18.5231 16.7133 22.8055
threshold=0.0038499999791383748 0.0028499999316409235 0.060099998489022262 0.0022500000195577745 0.0024500000290572648 0.0035500000230968003 0.01124999998137355 1.0000000180025095e-35 0.0011500000255182388 0.003249999950639904 0.0013499999768100681 0.082700002938509001 0.0017499999958090486 0.0010500000207684936
decision_type=2 2 2 2 2 2 2 2 2 2 2 2 2 2
left_child=1 2 3 5 -3 6 7 12 11 10 -10 -9 -1 -14
right_child=-2 4 -4 -5 -6 -7 -8 8 9 -11 -12 -13 13 -15
leaf_value=-0.0041697798240518339 0.045665963080943492 0.032301486771059575 -0.046615822033216243 0.035724733379330902 -0.019081880646203843 0.016911131241287708 0.029477741754360853 -0.036781810634263591 -0.034700590377198359 0.058446074219554368 0.017999398647669942 0.019896850456810829 0.031396067446522687 -0.025481220432659844
leaf_weight=341.94861432909966 66.897643774747849 73.22448793053627 17.811097651720047 29.593917399644852 14.909352123737333 86.149743691086769 27.209876298904419 81.380738653242588 24.850197359919548 11.553389087319372 22.766427785158157 10.24391098320484 48.564553305506706 14.523356333374975
leaf_count=1232 221 189 95 88 53 248 72 326 110 30 50 35 133 39
internal_value=0.00551062 0.00216225 -0.000465804 0.000711278 0.023552 -0.000836268 -0.00346792 -0.00509293 -0.016941 0.00382808 -0.00943496 -0.0303866 -0.000668942 0.0182195
internal_weight=871.627 804.73 716.596 698.785 88.1338 669.191 583.041 555.831 150.795 59.17 47.6166 91.6246 405.037 63.0879
internal_count=2921 2700 2458 2363 242 2275 2027 1955 551 190 160 361 1404 172
is_linear=0
shrinkage=0.04


Tree=42
num_leaves=15
num_cat=0
split_feature=291 268 127 179 286 174 92 105 244 196 120 251 239 108
split_gain=69.9792 26.4207 23.0092 24.9203 20.9911 20.8792 19.3395 18.0009 27.8748 22.2817 22.8711 20.1232 19.9196 19.091
threshold=0.0038499999791383748 0.0028499999316409235 0.060099998489022262 1.0000000180025095e-35 1.0000000180025095e-35 0.0030500000575557355 0.0023500000825151805 0.0013499999768100681 0.0065500000491738328 0.0071499999612569818 0.0050500000361353168 0.0030500000575557355 0.018250000663101677 0.002549999975599349
decision_type=2 2 2 2 2 2 2 2 2 2 2 2 2 2
left_child=1 2 3 4 5 7 -3 8 9 10 12 -9 13 -1
right_child=-2 6 -4 -5 -6 -7 -8 11 -10 -11 -12 -13 -14 -15
leaf_value=-0.0061872475117904563 0.045269935206909577 0.031632240396434613 -0.045672778847219542 0.022351992585250238 0.049655288149394815 0.056636008825590778 -0.017389971495857148 -0.020040219968271204 0.035931554563763325 0.034577950192579331 0.039664114711011444 0.030442025050309112 -0.043207416061550825 0.054216982346684102
leaf_weight=337.90257713198662 64.826321750879288 71.691197007894516 17.460900515317917 75.631299510598183 12.251998871564863 9.1413189321756345 15.509351298213003 142.92927756160498 32.267964854836464 24.117907822132111 17.418343067169189 13.710694044828413 22.840599596500397 8.4741634577512723
leaf_count=1103 221 187 95 218 36 23 55 624 83 59 55 44 88 30
internal_value=0.00532607 0.00208451 -0.00044921 0.000684871 -0.00195046 -0.00300356 0.0228575 -0.00392868 0.000184243 -0.00262232 -0.00496151 -0.0155794 -0.00708779 -0.00468268
internal_weight=866.174 801.348 714.147 696.686 621.055 608.803 87.2005 599.662 443.022 410.754 386.636 156.64 369.217 346.377
internal_count=2921 2700 2458 2363 2145 2109 242 2086 1418 1335 1276 668 1221 1133
is_linear=0
shrinkage=0.04


Tree=43
num_leaves=15
num_cat=0
split_feature=291 268 127 179 109 195 225 244 221 247 286 135 220 2
split_gain=66.9686 24.6308 21.6614 22.9451 24.7165 23.256 21.1897 25.2325 20.976 21.8954 19.8737 18.0037 16.7996 16.4571
threshold=0.0038499999791383748 0.0028499999316409235 0.060099998489022262 1.0000000180025095e-35 1.0000000180025095e-35 0.077199999243021025 1.0000000180025095e-35 0.0017499999958090486 0.019849999807775024 0.032500000670552261 1.0000000180025095e-35 0.0056499999482184657 0.0013499999768100681 0.0015499999863095584
decision_type=2 2 2 2 2 2 2 2 2 2 2 2 2 2
left_child=1 2 3 4 6 8 7 10 9 11 12 -6 -1 -3
right_child=-2 13 -4 -5 5 -7 -8 -9 -10 -11 -12 -13 -14 -15
leaf_value=-0.0095925874989155197 0.044888901578361111 0.034168977534926225 -0.044760046214433573 0.021436732567936753 -0.029510048463364177 0.037727419541066912 0.022330663163197654 0.020254198061541061 0.019972300132994756 0.043970920877703518 0.047693662327153982 0.095991879474217209 0.052281909969951683 -0.003120244275196023
leaf_weight=279.19444561004639 62.803286641836166 58.62945930659771 17.113396547734737 75.708640918135643 132.66638872027397 12.424712628126143 75.965121060609818 72.656754374504089 19.44987079501152 7.0381881296634665 10.505026906728743 1.7449349761009205 7.0860902816057196 27.647954270243645
leaf_count=1050 221 151 95 218 519 39 219 196 57 11 32 4 18 91
internal_value=0.00515024 0.00201186 -0.000431137 0.000661808 -0.00187682 -0.0146922 0.00310332 -0.000844373 -0.0187859 -0.0241539 -0.00602812 -0.0277809 -0.00802937 0.0221834
internal_weight=860.634 797.831 711.554 694.44 618.732 173.324 445.407 369.442 160.899 141.45 296.786 134.411 286.281 86.2774
internal_count=2921 2700 2458 2363 2145 630 1515 1296 591 534 1100 523 1068 242
is_linear=0
shrinkage=0.04


Tree=44
num_leaves=15
num_cat=0
split_feature=268 178 127 179 109 225 195 152 135 216 278 171 105 254
split_gain=55.9729 21.6261 20.5098 22.3616 20.2804 22.165 21.9795 19.196 18.6114 19.4663 18.0757 16.7052 14.8597 17.1858
threshold=0.0028499999316409235 0.0010500000207684936 0.060099998489022262 1.0000000180025095e-35 1.0000000180025095e-35 1.0000000180025095e-35 0.077199999243021025 0.0014499999815598132 0.0043500000610947618 0.0031500000040978198 0.0045499999541789302 0.0065500000491738328 0.0017499999958090486 0.0067499999422580012
decision_type=2 2 2 2 2 2 2 2 2 2 2 2 2 2
left_child=1 2 3 4 5 12 8 -2 9 10 -6 -7 13 -1
right_child=7 -3 -4 -5 6 11 -8 -9 -10 -11 -12 -13 -14 -15
leaf_value=-0.0036815827085781841 0.033258212916289151 0.051410865529142306 -0.043874897812143654 0.02105075586254166 -0.028468611532625247 0.030913745648415872 0.036573516544715232 -0.028247252300954418 0.065336437653856883 0.021695721759217936 0.025189659112296044 -0.016123403140182967 -0.017441960169870013 0.017476871264098876
leaf_weight=203.8779840618372 121.29893869161606 13.082233920693396 16.769329763948917 77.181144744157791 130.65128493309021 63.796616762876511 12.935797199606894 8.5559092313051206 4.1249032020568839 16.219029277563095 10.725483745336531 14.709419399499891 73.453165411949158 87.691389799118042
leaf_count=707 370 47 95 222 512 182 41 32 11 44 32 47 336 243
internal_value=0.00498098 0.000643288 -0.000290805 0.000760667 -0.0017691 0.00277023 -0.0133143 0.0291563 -0.0173496 -0.0195792 -0.0243547 0.0220404 -0.00136818 0.00267206
internal_weight=855.073 725.218 712.136 695.366 618.185 443.529 174.656 129.855 161.721 157.596 141.377 78.506 365.023 291.569
internal_count=2921 2519 2472 2377 2155 1515 640 402 599 588 544 229 1286 950
is_linear=0
shrinkage=0.04


Tree=45
num_leaves=15
num_cat=0
split_feature=291 286 219 90 182 127 290 113 267 225 219 247 218 195
split_gain=66.5846 22.0797 16.9749 20.0365 23.0814 16.4191 13.8782 15.4051 22.7936 19.7839 26.1243 22.9596 13.5359 15.6257
threshold=0.0022500000195577745 1.0000000180025095e-35 0.12014999985694887 0.0045499999541789302 0.017150000669062141 0.035250000655651099 0.52674999833107006 0.0010500000207684936 0.0015499999863095584 1.0000000180025095e-35 0.015549999661743643 0.0010500000207684936 0.0031500000040978198 0.02465000003576279
decision_type=2 2 2 2 2 2 2 2 2 2 2 2 2 2
left_child=1 2 3 4 5 6 7 9 -9 10 11 12 13 -1
right_child=-2 -3 -4 -5 -6 -7 -8 8 -10 -11 -12 -13 -14 -15
leaf_value=-0.003189865407623524 0.038726786949932798 0.043613824316098192 0.023441773235375531 -0.028599810632584599 0.034569069046079169 -0.041909836190597634 0.056308318155556057 -0.03473218216513984 0.0044964951683845698 0.016884400221916462 -0.0218689647164396 0.018820664880826204 0.038302889155999248 -0.041806671032837556
leaf_weight=206.52306428551674 81.35915607213974 18.63460773229599 45.052172169089317 42.048643074929714 29.170615538954735 15.789225824177263 6.6496273577213278 50.006881847977638 44.624725468456745 104.56191620975733 88.380407884716988 98.178835496306419 11.295500710606573 18.188977107405663
leaf_count=710 288 57 124 175 77 90 15 258 176 300 285 277 30 80
internal_value=0.00431596 0.000712918 -0.000338665 -0.00184485 -0.000164198 -0.00174832 -0.000726361 -0.00135173 -0.016206 0.00130993 -0.00253751 0.00256802 -0.00418123 -0.00635064
internal_weight=860.464 779.105 760.471 715.418 673.37 644.199 628.41 621.76 94.6316 527.129 422.567 334.186 236.008 224.712
internal_count=2942 2654 2597 2473 2298 2221 2131 2116 434 1682 1382 1097 820 790
is_linear=0
shrinkage=0.04


Tree=46
num_leaves=15
num_cat=0
split_feature=246 127 212 244 150 133 269 218 105 171 105 24 277 174
split_gain=53.1242 28.1204 29.872 25.3166 22.4485 18.2337 17.0699 21.4722 18.6259 18.5163 16.0571 13.5393 13.4823 14.648
threshold=0.0012500000302679839 0.023000000044703487 0.0013499999768100681 0.0057500000111758718 0.2217499986290932 0.0021499999566003685 0.0016499999910593035 0.0012500000302679839 0.0022500000195577745 0.056150000542402274 0.0011500000255182388 1.0000000180025095e-35 0.036650000140070922 0.0012500000302679839
decision_type=2 2 2 2 2 2 2 2 2 2 2 2 2 2
left_child=1 2 3 6 -2 -4 8 -8 9 12 -5 -12 13 -1
right_child=4 -3 5 10 -6 -7 7 -9 -10 -11 11 -13 -14 -15
leaf_value=-0.0026181932156105672 0.03859377485119956 -0.037981368159762746 0.023296163965011708 0.036804763421350181 -0.024156182050061269 -0.032566720829570461 0.030857285822225279 -0.034759414738953755 -0.028748653473552471 -0.080106098609393314 -0.029729860350997162 0.05753030122023095 -0.044575079625682079 0.066309281032248729
leaf_weight=411.50459711253643 86.906326204538345 28.960284844040871 125.01962085068226 41.125591889023781 10.041462317109106 9.9599473327398282 40.09027524292469 9.8159426003694517 54.395437799394131 4.9480279088020316 12.583466216921808 3.5522730946540824 12.037913143634794 4.8898426890373221
leaf_count=1373 295 155 386 102 44 42 111 36 276 13 43 10 44 12
internal_value=0.00416775 0.000598671 0.00213984 -0.00170921 0.032035 0.0191235 -0.00440958 0.0178276 -0.00669614 -0.00391301 0.0235409 -0.0100372 -0.00300522 -0.00178343
internal_weight=855.831 758.883 729.923 594.943 96.9478 134.98 537.682 49.9062 487.776 433.38 57.2613 16.1357 428.432 416.394
internal_count=2942 2603 2448 2020 339 428 1865 147 1718 1442 155 53 1429 1385
is_linear=0
shrinkage=0.04


Tree=47
num_leaves=15
num_cat=0
split_feature=291 286 59 213 179 195 267 174 111 90 90 159 182 176
split_gain=61.2792 20.3036 18.3408 18.8159 22.4736 17.3411 16.475 15.3406 19.9294 15.0222 18.2129 15.1731 19.0327 20.0628
threshold=0.0023500000825151805 1.0000000180025095e-35 1.0000000180025095e-35 0.0012500000302679839 1.0000000180025095e-35 0.0013499999768100681 0.0023500000825151805 0.0013499999768100681 0.0037500000325962905 0.0045499999541789302 0.0037500000325962905 0.014349999837577345 0.0012500000302679839 0.0013499999768100681
decision_type=2 2 2 2 2 2 2 2 2 2 2 2 2 2
left_child=1 2 3 4 7 -6 -7 9 -9 10 11 12 13 -1
right_child=-2 -3 -4 -5 5 6 -8 8 -10 -11 -12 -13 -14 -15
leaf_value=-0.011303665280154323 0.038759271616951099 0.04238314537577631 -0.027871527047599046 0.019451596139509798 0.06190608846217522 -0.034015714716525126 0.020948440110324866 0.045271763611353454 -0.087826700956758152 -0.031491557930518839 0.040186637344458508 -0.022003434482797447 0.011861877242717332 0.016080136487855598
leaf_weight=269.00361154228449 74.084008261561394 18.160955548286438 36.633297875523567 79.48023384064436 12.941367894411085 10.608969226479529 46.305508598685265 17.140611022710804 1.8990719914436329 32.201252125203609 14.812165051698683 69.457459859549999 117.65055222809315 50.71012769639492
leaf_count=968 282 57 197 252 18 33 141 44 6 126 39 326 304 149
internal_value=0.00402381 0.00070223 -0.000295477 0.00110141 -0.00116423 0.0202298 0.0105912 -0.00378305 0.0313976 -0.00500515 -0.00335672 -0.00464487 -0.00187462 -0.00694411
internal_weight=851.089 777.005 758.844 722.211 642.731 69.8558 56.9145 572.875 19.0397 553.835 521.634 506.822 437.364 319.714
internal_count=2942 2660 2603 2406 2154 192 174 1962 50 1912 1786 1747 1421 1117
is_linear=0
shrinkage=0.04


Tree=48
num_leaves=15
num_cat=0
split_feature=291 244 286 254 244 219 102 267 196 174 99 223 205 290
split_gain=58.2993 24.7511 17.8441 14.7482 21.2431 24.6484 17.712 24.4201 20.174 19.738 21.9465 16.7908 16.6742 16.5036
threshold=0.0023500000825151805 0.011400000192224981 1.0000000180025095e-35 0.0023500000825151805 0.0017499999958090486 0.002650000038556755 0.0011500000255182388 0.0038499999791383748 0.0022500000195577745 0.0012500000302679839 0.0019500000635161998 0.0013499999768100681 0.007849999703466894 0.0014499999815598132
decision_type=2 2 2 2 2 2 2 2 2 2 2 2 2 2
left_child=1 2 3 4 5 13 8 -8 9 10 11 -5 -7 -1
right_child=-2 -3 -4 6 -6 12 7 -9 -10 -11 -12 -13 -14 -15
leaf_value=-0.018458259244274175 0.038274019282065488 0.029309976548848444 0.039664561678680134 0.0020117001847265704 0.017701485240793954 -0.04621797986703937 -0.014541298829154005 0.0085305159955597169 0.037796567378482415 0.057388402577345128 -0.035041296887300823 0.041143451687223206 0.02618318911403834 0.020984035983103545
leaf_weight=46.982460685074329 72.064610570669174 45.375496968626976 16.672360450029373 158.21492472290993 29.701492995023727 52.186068460345268 184.68003702908754 121.46713978797197 33.626013182103634 10.601082965731619 23.01193656027317 19.676140211522579 5.500889152288436 26.391907580196857
leaf_count=201 282 118 54 485 79 216 749 415 86 26 75 43 25 88
internal_value=0.00388756 0.000676615 -0.00110462 -0.00207028 -0.0127284 -0.0196633 0.00103233 -0.00537445 0.00904911 0.00444409 0.0016033 0.00638313 -0.0392114 -0.00420763
internal_weight=846.153 774.088 728.712 712.04 160.763 131.061 551.277 306.147 245.13 211.504 200.903 177.891 57.687 73.3744
internal_count=2942 2660 2542 2488 609 530 1879 1164 715 629 603 528 241 289
is_linear=0
shrinkage=0.04


Tree=49
num_leaves=15
num_cat=0
split_feature=291 244 286 105 59 254 244 219 265 254 25 297 238 254
split_gain=55.4561 23.0691 16.7351 16.5502 14.4702 16.3522 19.8584 23.9083 16.6624 24.7499 24.2231 21.4049 15.8683 16.1347
threshold=0.0023500000825151805 0.011400000192224981 1.0000000180025095e-35 0.0058500000741332778 1.0000000180025095e-35 0.0023500000825151805 0.0017499999958090486 0.002650000038556755 0.0010500000207684936 0.0010500000207684936 0.0011500000255182388 1.0000000180025095e-35 0.013249999843537809 0.0013499999768100681
decision_type=2 2 2 2 2 2 2 2 2 2 2 2 2 2
left_child=1 2 4 -3 5 6 7 8 9 11 -10 -1 -9 -14
right_child=-2 3 -4 -5 -6 -7 -8 12 10 -11 -12 -13 13 -15
leaf_value=-0.039940716421570509 0.037794693383171311 0.036264604646353234 0.038768912544432335 -0.046526296040177967 -0.026775926445875974 0.0027424493958547757 0.017403897771381471 -0.046290203939957551 0.074114766667514986 0.022356375339548359 -0.035425781146843791 0.097271410609628545 0.10613927207087094 -0.023398697077685091
leaf_weight=34.564994439482689 70.100568123161793 40.746439829468727 16.383441418409348 4.1407615989446631 35.705649711191654 517.94557189941406 29.525210961699486 49.332536295056343 9.0646081790328008 20.123287245631218 4.8565788343548766 1.8106536716222752 2.1669185161590567 4.6226454973220825
leaf_count=152 282 103 54 15 195 1707 78 212 20 66 27 5 7 19
internal_value=0.00375746 0.000653009 -0.00106368 0.0284519 -0.00199416 -0.000671638 -0.0120222 -0.0189279 -0.00333141 -0.0130492 0.0356348 -0.0327532 -0.0383859 0.0183038
internal_weight=841.09 770.989 726.102 44.8872 709.719 674.013 156.067 126.542 70.4201 56.4989 13.9212 36.3756 56.1221 6.78956
internal_count=2942 2660 2542 118 2488 2293 586 508 270 223 47 157 238 26
is_linear=0
shrinkage=0.04


Tree=50
num_leaves=15
num_cat=0
split_feature=268 36 227 179 64 247 102 254 301 134 208 238 159 113
split_gain=44.6427 27.1134 27.5144 23.4298 21.6535 15.1006 13.3518 19.1973 19.7234 15.3171 14.6508 14.4766 18.807 14.2524
threshold=0.0028499999316409235 1.0000000180025095e-35 0.002549999975599349 1.0000000180025095e-35 0.0021499999566003685 0.010950000025331976 0.0011500000255182388 0.002549999975599349 0.0020500000100582842 0.05829999968409539 0.0016499999910593035 0.0042499999981373557 0.0010500000207684936 1.0000000180025095e-35
decision_type=2 2 2 2 2 2 2 2 2 2 2 2 2 2
left_child=1 2 3 5 -2 6 7 13 -9 11 -10 -8 -13 -1
right_child=4 -3 -4 -5 -6 -7 9 8 10 -11 -12 12 -14 -15
leaf_value=-0.0047273232365636284 0.031733633979309631 -0.021186651710795 0.043142950919071756 0.026479347792078545 -0.042322079954131099 0.031666733086912972 -0.031143569948185672 0.018010579930977117 0.022689017998558766 0.035663804187110432 -0.021442872985985101 -0.055354602605363228 0.0011867845724466994 -0.049357649841251218
leaf_weight=142.27974179387093 111.99765032529831 77.934101283550262 27.133664816617966 56.651575118303299 6.5649752467870703 22.244853720068932 55.043090805411339 149.052051410079 16.509021207690239 10.118368446826933 43.174941182136536 10.506605461239813 82.555980764329433 12.393298201262949
leaf_count=505 373 393 93 144 27 56 255 440 42 34 149 39 299 71
internal_value=0.00486586 0.00104229 0.00381166 0.00202101 0.0275671 -0.000523669 -0.00190989 0.00230394 0.0102244 -0.0116088 -0.00915123 -0.0148873 -0.00520627 -0.00835879
internal_weight=824.16 705.597 627.663 600.53 118.563 543.878 521.633 363.409 208.736 158.224 59.684 148.106 93.0626 154.673
internal_count=2920 2520 2127 2034 400 1890 1834 1207 631 627 191 593 338 576
is_linear=0
shrinkage=0.04


Tree=51
num_leaves=15
num_cat=0
split_feature=291 36 247 300 179 109 195 221 244 254 248 43 223 113
split_gain=48.5157 31.8185 26.0889 27.5498 20.5695 21.7009 16.3581 17.6522 15.9394 20.5415 21.1974 18.3822 16.3583 15.5652
threshold=0.0038499999791383748 1.0000000180025095e-35 0.010850000195205213 0.0018500000005587938 1.0000000180025095e-35 0.0010500000207684936 0.14079999923706057 0.016350000165402893 0.0018500000005587938 1.0000000180025095e-35 0.059800000861287124 1.0000000180025095e-35 0.0049499999731779107 1.0000000180025095e-35
decision_type=2 2 2 2 2 2 2 2 2 2 2 2 2 2
left_child=1 2 3 4 5 8 7 -7 9 -1 12 13 -11 -10
right_child=-2 -3 -4 -5 -6 6 -8 -9 11 10 -12 -13 -14 -15
leaf_value=-0.025348287155324056 0.043399409787547569 -0.020443918842451989 0.030594490660063582 0.033934692457022672 0.025027323811990982 -0.027070857382298814 0.057456053338527394 0.01311284762830559 0.029542240346851149 0.00071255516827239507 0.042907916114726684 -0.037431748357885306 -0.10462182705263016 -0.043057358509879448
leaf_weight=48.706795014441013 48.649010539054871 87.510990940034389 58.870025098323822 42.160895988345146 49.860478088259697 94.774038508534431 4.4532885402441016 21.23433743417263 69.364210024476051 259.48443461209536 19.476393304765224 8.3790459930896741 2.2804100513458243 4.9401408135890952
leaf_count=216 211 429 148 127 128 377 12 66 179 905 64 30 11 17
internal_value=0.00469461 0.00224346 0.00515457 0.00274786 0.000480042 -0.00181264 -0.0167462 -0.0196762 0.00254031 -0.00138544 0.00275789 0.0182371 -0.000229411 0.0246103
internal_weight=820.144 771.495 683.984 625.114 582.954 533.093 120.462 116.008 412.631 329.948 281.241 82.6834 261.765 74.3044
internal_count=2920 2709 2280 2132 2005 1877 455 443 1422 1196 980 226 916 196
is_linear=0
shrinkage=0.04


Tree=52
num_leaves=15
num_cat=0
split_feature=291 36 247 300 179 109 47 195 278 174 244 254 43 297
split_gain=46.5396 29.5044 24.3543 25.6484 18.9695 20.1176 15.4343 15.4754 14.8972 14.9616 14.7648 19.1697 16.9998 15.049
threshold=0.0038499999791383748 1.0000000180025095e-35 0.010850000195205213 0.0018500000005587938 1.0000000180025095e-35 0.0010500000207684936 0.0084500000812113302 0.14079999923706057 0.0047500000800937423 0.0030500000575557355 0.0018500000005587938 1.0000000180025095e-35 1.0000000180025095e-35 1.0000000180025095e-35
decision_type=2 2 2 2 2 2 2 2 2 2 2 2 2 2
left_child=1 2 3 4 5 10 7 8 9 -7 11 13 -12 -1
right_child=-2 -3 -4 -5 -6 6 -8 -9 -10 -11 12 -13 -14 -15
leaf_value=-0.02843862707873834 0.043118173283731721 -0.01975931973491396 0.029681309949490392 0.032878170884761977 0.024035012291578988 -0.029038200939429867 0.04517364802560743 0.055918353068854058 0.033452115140785284 0.058950807460684845 0.023770258844198058 0.0026446187062378525 -0.035780448843703225 0.10732664332657542
leaf_weight=46.859632611274719 47.040816783905029 86.936587646603584 58.269412443041801 41.786000594496727 49.846641376614571 99.464312858879566 6.0917852818965903 4.0673130601644507 6.9969617277383795 3.0716884136199942 73.854541704058647 281.44907692819834 8.4188870489597303 1.2358708977699269
leaf_count=213 211 429 148 127 128 400 17 11 19 8 196 980 30 3
internal_value=0.00453529 0.00216261 0.00496783 0.00264609 0.00046095 -0.00174648 -0.0161785 -0.0195405 -0.0224274 -0.0263085 0.00244128 -0.00133326 0.0175919 -0.0246515
internal_weight=815.39 768.349 681.412 623.143 581.357 531.51 119.692 113.6 109.533 102.536 411.818 329.545 82.2734 48.0955
internal_count=2920 2709 2280 2132 2005 1877 455 438 427 408 1422 1196 226 216
is_linear=0
shrinkage=0.04


Tree=53
num_leaves=15
num_cat=0
split_feature=291 59 244 254 6 233 25 247 290 159 267 113 277 248
split_gain=44.6373 25.0986 19.1031 20.7152 22.0182 20.3822 20.0758 15.5801 19.3477 19.0053 15.2374 17.9866 18.5902 14.0482
threshold=0.0038499999791383748 1.0000000180025095e-35 0.0011500000255182388 0.002549999975599349 0.0047500000800937423 0.0010500000207684936 0.0024500000290572648 0.0045499999541789302 0.0017499999958090486 0.27229999005794531 0.19785000383853915 1.0000000180025095e-35 0.0019500000635161998 0.059149999171495445
decision_type=2 2 2 2 2 2 2 2 2 2 2 2 2 2
left_child=1 2 3 5 13 6 -1 8 -4 -9 11 12 -10 -5
right_child=-2 -3 7 4 -6 -7 -8 9 10 -11 -12 -13 -14 -15
leaf_value=0.0077915898360183238 0.042845103435575779 -0.029492384202657207 0.03546109194578554 0.0062351505105249141 -0.019490907359637301 -0.033786433317218222 -0.0472804611503755 0.035107630983571357 0.054105918954638482 -0.021681644912199607 0.058114989364730293 -0.033250407644306229 -0.0007233825923000835 0.042813217291356065
leaf_weight=62.945058949291706 45.47919325530529 38.126716539263725 29.941042721271515 258.66167270392179 52.917740553617477 53.095931977033615 12.623834714293478 67.651292972266674 10.689398378133772 10.793209299445151 6.9164979308843604 24.856150068342686 117.73449448496103 17.931449398398399
leaf_count=249 211 213 76 869 241 214 69 174 25 41 18 102 363 55
internal_value=0.00438515 0.00208783 0.00375391 -0.00120371 0.00410192 -0.0148151 -0.0014057 0.0122233 0.00600187 0.0272254 0.00045224 -0.00215981 0.00384777 0.00863557
internal_weight=810.364 764.884 726.758 458.176 329.511 128.665 75.5689 268.582 190.138 78.4445 160.197 153.28 128.424 276.593
internal_count=2920 2709 2496 1697 1165 532 318 799 584 215 508 490 388 924
is_linear=0
shrinkage=0.04


Tree=54
num_leaves=15
num_cat=0
split_feature=182 124 159 247 199 68 276 109 195 90 225 195 300 221
split_gain=28.5993 28.9492 23.3184 23.2673 19.3495 15.9294 14.6999 17.9424 29.8372 16.4223 14.612 16.5474 15.6755 15.3239
threshold=0.014849999919533731 0.0046500000171363362 0.11785000190138818 0.010350000113248827 0.0018500000005587938 0.0018500000005587938 0.002650000038556755 0.0014499999815598132 0.073150001466274275 0.0048500001430511483 1.0000000180025095e-35 0.011549999937415125 0.0051500000990927228 0.0014499999815598132
decision_type=2 2 2 2 2 2 2 2 2 2 2 2 2 2
left_child=2 -2 3 4 6 -4 7 9 -9 10 11 12 -1 -12
right_child=1 -3 5 -5 -6 -7 -8 8 -10 -11 13 -13 -14 -15
leaf_value=0.0020825315595862492 0.041397453452438358 -0.0037001033852721976 -0.031482634761171226 0.035724890110030466 0.02882154312924054 0.045556340371517783 0.050906077417715613 -0.024263661129006842 0.035671782275624238 -0.035526799192435447 0.0026232755898827542 -0.019001119791721061 0.042861061657060197 0.036878560984194474
leaf_weight=292.07406052201986 60.913258403539658 36.068492986261845 46.88420096039772 33.860407337546349 39.365202702581882 4.5986309349536887 8.7963538169860822 92.217111602425575 15.386136025190352 17.395349636673927 44.205355331301689 58.391826875507832 15.827303305268286 40.019045948982239
leaf_count=987 228 147 251 83 132 12 27 367 46 66 151 260 52 111
internal_value=0.00423367 0.0245975 0.00143954 0.00347599 0.00171329 -0.0244487 -0.000110774 -0.000906188 -0.0156312 0.00247411 0.00395784 0.000490491 0.00420493 0.0189715
internal_weight=806.003 96.9818 709.021 657.538 623.678 51.4828 584.313 575.516 107.603 467.913 450.518 366.293 307.901 84.2244
internal_count=2920 375 2545 2282 2199 263 2067 2040 413 1627 1561 1299 1039 262
is_linear=0
shrinkage=0.04


Tree=55
num_leaves=15
num_cat=0
split_feature=212 127 124 221 124 50 244 208 161 196 127 6 247 265
split_gain=39.0491 33.5184 14.8345 22.1815 13.7897 14.2558 13.9245 18.6261 14.8188 13.8854 19.4533 15.8453 13.4461 13.1185
threshold=0.0011500000255182388 0.002650000038556755 0.0079499999992549437 0.0060499999672174462 0.0043500000610947618 0.0012500000302679839 0.0035500000230968003 0.0020500000100582842 0.0014499999815598132 0.0022500000195577745 0.0013499999768100681 1.0000000180025095e-35 0.01275000022724271 0.06840000301599504
decision_type=2 2 2 2 2 2 2 2 2 2 2 2 2 2
left_child=2 -2 4 -4 5 9 7 -6 -9 11 -11 12 -1 -7
right_child=1 -3 3 -5 6 13 -8 8 -10 10 -12 -13 -14 -15
leaf_value=0.00037558430928673179 0.031994979105354641 0.00067311350958101012 -0.031053519160595826 0.051081026676617763 -0.014800703403221956 -0.021495458495073217 -0.054367795132827794 0.068033716516475232 -0.050004706889203478 0.03212944100545316 -0.055849942267492847 -0.030846894458844525 0.044719602770445149 0.035563639501715649
leaf_weight=339.92519301921129 126.46663373708725 96.699377320706844 45.891497932374477 5.8165074586868277 8.0724609941244179 72.143678173422813 2.9222787767648688 17.708034768700603 1.7699672132730473 39.868214398622513 4.3498902469873419 25.385759487748146 11.212523803114889 6.9400013238191596
leaf_count=1078 445 400 244 16 35 334 10 51 11 110 24 116 19 10
internal_value=0.00422463 0.0184473 -0.00122431 -0.0216564 0.000764138 -0.000823062 0.0268464 0.0357709 0.0569026 0.00209835 0.0232779 -0.000383823 0.00181529 -0.0163991
internal_weight=805.172 223.166 582.006 51.708 530.298 499.825 30.4727 27.5505 19.478 420.742 44.2181 376.523 351.138 79.0837
internal_count=2903 845 2058 260 1798 1691 107 97 62 1347 134 1213 1097 344
is_linear=0
shrinkage=0.04


Tree=56
num_leaves=15
num_cat=0
split_feature=291 212 161 214 124 221 233 221 96 251 124 205 150 152
split_gain=37.5959 18.3978 22.1343 19.2707 13.4973 20.2802 12.5426 12.3633 17.231 12.3443 12.2108 13.6135 12.922 14.4744
threshold=0.0038499999791383748 0.0011500000255182388 0.0058500000741332778 0.002650000038556755 0.0079499999992549437 0.0060499999672174462 0.0016499999910593035 0.0027499999850988392 0.0011500000255182388 0.013700000010430815 0.0044499998912215242 0.01264999993145466 0.0010500000207684936 0.0015499999863095584
decision_type=2 2 2 2 2 2 2 2 2 2 2 2 2 2
left_child=1 3 7 4 10 -6 -4 8 -3 -9 12 -12 -1 -14
right_child=-2 2 6 -5 5 -7 -8 9 -10 -11 11 -13 13 -15
leaf_value=0.0032988125322553066 0.041247622229063953 0.021722935910027927 0.028885924799935823 -0.05401810313201344 -0.02961903535428817 0.049140864275613691 -0.030497609731295505 0.048389474827292944 -0.014264271988359953 -0.048273663476975356 0.012942204374993899 0.082141093896389017 -0.01493444653344746 0.094194663181106988
leaf_weight=384.43304186314344 41.201903633773327 92.887430675327778 7.2137827649712554 10.852883875370024 44.078619338572025 5.8084028810262671 24.939203195273876 29.735466480255131 27.391996271908283 2.1551865041255942 24.09955840557814 5.5901832804083815 99.065975725650787 1.876033566892146
leaf_count=1226 208 297 32 38 237 16 121 83 110 9 87 16 416 7
internal_value=0.00407559 0.0020503 0.0130477 -0.00146482 -0.000438801 -0.0202889 -0.0170022 0.0194304 0.0134891 0.0416014 0.0014796 0.0263377 -3.78078e-05 -0.0127755
internal_weight=801.33 760.128 184.323 575.805 564.952 49.887 32.153 152.17 120.279 31.8907 515.065 29.6897 485.375 100.942
internal_count=2903 2695 652 2043 2005 253 153 499 407 92 1752 103 1649 423
is_linear=0
shrinkage=0.04


Tree=57
num_leaves=15
num_cat=0
split_feature=268 276 127 246 218 150 246 254 113 290 290 205 216 261
split_gain=29.4149 20.3923 15.3211 18.4175 14.5737 13.6451 15.6663 13.6333 18.1216 17.8129 16.0371 14.3574 14.114 15.0662
threshold=0.0036499999696388845 0.002650000038556755 0.054250000044703491 0.0014499999815598132 0.0022500000195577745 0.0064499999862164268 0.0013499999768100681 0.0067499999422580012 0.0010500000207684936 0.069449998438358321 0.0027499999850988392 0.014849999919533731 0.0010500000207684936 0.0039500000420957812
decision_type=2 2 2 2 2 2 2 2 2 2 2 2 2 2
left_child=1 2 3 4 7 -2 -7 8 11 -10 -9 -1 -12 -14
right_child=5 -3 -4 -5 -6 6 -8 10 9 -11 12 -13 13 -15
leaf_value=-0.0018462999095564423 0.035356407044473771 0.050456044652863359 -0.03818628133445947 0.029774084970600932 -0.020699733710490987 -0.027877837237424982 0.03843494477406327 0.04807634028421872 -0.035758672027871134 0.081454902917907634 0.0026114287924107298 0.061159962946458396 0.044095574238447899 -0.065354204430582791
leaf_weight=277.45497860014439 64.016004644334316 13.116561040282248 16.065252594649792 34.207751139998436 51.470721922814846 13.651392400264742 9.6343605071306211 15.055544301867483 37.702015362679958 2.0827676951885215 233.17920236289501 5.8087908849120131 22.555579274892811 2.0927067548036566
leaf_count=968 246 41 98 128 164 53 32 42 216 8 828 19 54 6
internal_value=0.00393105 0.00123232 0.000294068 0.00121237 -0.000294976 0.0258312 -0.00022319 0.00146385 -0.00408797 -0.0293333 0.00805004 -0.000519009 0.0056795 0.0344148
internal_weight=798.094 710.792 697.675 681.61 647.402 87.3018 23.2858 595.932 323.049 39.7848 272.883 283.264 257.827 24.6483
internal_count=2903 2572 2531 2433 2305 331 85 2141 1211 224 930 987 888 60
is_linear=0
shrinkage=0.04


Tree=58
num_leaves=15
num_cat=0
split_feature=291 212 150 214 150 267 254 219 124 221 235 108 184 286
split_gain=34.9787 16.3099 21.1397 17.8911 14.614 13.9806 13.7596 12.7798 12.6113 18.4727 12.4198 11.7376 11.4946 11.2517
threshold=0.0038499999791383748 0.0011500000255182388 0.35489998757839208 0.002650000038556755 0.0014499999815598132 0.0049499999731779107 0.0059500001370906839 0.0053499999921768912 0.0079499999992549437 0.0060499999672174462 0.0045499999541789302 0.037649998441338546 0.0016999999643303456 1.0000000180025095e-35
decision_type=2 2 2 2 2 2 2 2 2 2 2 2 2 2
left_child=1 3 4 8 6 7 -3 -6 11 -10 -7 13 -12 -1
right_child=-2 2 -4 -5 5 10 -8 -9 9 -11 12 -13 -14 -15
leaf_value=0.00025121523047983725 0.040765830290722241 -0.058028184008895797 -0.05636469790065804 -0.052256386126890958 0.022869976333337823 0.031183500165743779 0.034550642425439752 -0.016639850326771052 -0.028796414838260835 0.046576809217054711 -0.06382977695463353 0.078115826874292096 0.044955595033563063 0.053350850286005572
leaf_weight=504.77855055034161 38.845356963574886 2.5646057277917853 6.7767752632498732 10.767029248178003 17.992591232061386 40.848610185086727 59.736897245049477 47.007156103849411 43.36874345690012 5.7828104346990576 4.4768280386924735 3.0738563239574423 2.225429892539978 6.3694222122430793
leaf_count=1722 208 11 42 38 75 130 181 186 237 16 21 10 6 20
internal_value=0.003793 0.00188223 0.0123284 -0.00141701 0.0150443 0.00638474 0.0305887 -0.00562335 -0.000429179 -0.0197708 0.0228605 0.00141528 -0.0269906 0.000931021
internal_weight=794.615 755.769 181.629 574.14 174.852 112.551 62.3015 64.9997 563.373 49.1516 47.5509 514.222 6.70226 511.148
internal_count=2903 2695 652 2043 610 418 192 261 2005 253 157 1752 27 1742
is_linear=0
shrinkage=0.04


Tree=59
num_leaves=15
num_cat=0
split_feature=291 212 150 214 150 267 254 113 267 203 244 217 171 225
split_gain=33.5302 15.1475 19.8951 16.587 13.9049 12.9344 12.8565 12.3787 19.7442 13.5634 13.1911 16.7338 12.8214 14.3934
threshold=0.0038499999791383748 0.0011500000255182388 0.35489998757839208 0.002650000038556755 0.0014499999815598132 0.0049499999731779107 0.0059500001370906839 0.0010500000207684936 0.0015499999863095584 0.0077499998733401307 0.0055499998852610597 0.002650000038556755 0.067949999123811736 0.0022500000195577745
decision_type=2 2 2 2 2 2 2 2 2 2 2 2 2 2
left_child=1 3 4 7 6 -6 -3 10 9 -9 11 12 13 -1
right_child=-2 2 -4 -5 5 -7 -8 8 -10 -11 -12 -13 -14 -15
leaf_value=-0.00085185272454653903 0.040493950108531386 -0.055467726333801107 -0.05562294068126665 -0.050431989935021737 -0.005391407559975369 0.022028518971956856 0.033791875228301807 -0.037708399744622055 0.004271718142507974 0.064395298498529915 0.024071795904814654 -0.052409552105476084 -0.059295218752423579 0.020551101258956678
leaf_weight=357.74107877165079 37.568412147462368 2.5799571424722663 6.5974259972572318 10.714936450123785 65.058846138417721 47.376985028386116 58.659389615058899 42.83921442180872 46.713858284056187 2.0713039189577094 40.241246491670609 9.3780769407749158 5.4036573320627204 58.341009244322777
leaf_count=1253 208 11 42 38 261 157 181 248 184 7 108 31 15 159
internal_value=0.00365904 0.0018126 0.0119251 -0.00136099 0.0145446 0.00613627 0.0298819 -0.000410726 -0.0138608 -0.0327778 0.00219905 0.000141814 0.00133273 0.00214377
internal_weight=791.285 753.717 180.273 573.444 173.675 112.436 61.2393 562.729 91.6244 44.9105 471.105 430.864 421.486 416.082
internal_count=2903 2695 652 2043 610 418 192 2005 439 255 1566 1458 1427 1412
is_linear=0
shrinkage=0.04


Tree=60
num_leaves=15
num_cat=0
split_feature=293 112 216 137 247 47 174 218 254 244 25 182 244 108
split_gain=25.9352 18.4866 14.1507 19.4402 14.2451 16.1204 19.3977 26.0329 15.8286 24.1181 14.2263 15.2852 14.4098 13.9018
threshold=0.0024500000290572648 0.0010500000207684936 0.0011500000255182388 0.0011500000255182388 0.015399999916553499 1.0000000180025095e-35 0.0014499999815598132 0.0022500000195577745 0.0010500000207684936 0.0017499999958090486 0.0010500000207684936 0.0019500000635161998 0.011850000359117987 0.002549999975599349
decision_type=2 2 2 2 2 2 2 2 2 2 2 2 2 2
left_child=1 2 4 10 5 8 7 -7 9 13 11 12 -4 -1
right_child=-2 -3 3 -5 -6 6 -8 -9 -10 -11 -12 -13 -14 -15
leaf_value=-0.029656745693834991 0.028761855640820188 -0.026762962913664597 -0.055113753842172937 -0.049528741565292016 0.027473813932560782 -0.0086493028882416254 0.055161588284222206 -0.060893234962740815 0.005940540377976691 0.04970222819467552 0.041584399989270764 0.04902941802441995 0.051437311683306633 0.098120384107212383
leaf_weight=49.84157756716013 60.461493611335754 35.091909416019917 8.4968843981623667 5.5194233059883109 31.167578384280205 102.13297629356384 6.2404069304466239 17.918939091265202 413.49811208248138 7.5896309316158286 39.128770589828491 5.9293647557497016 2.5362410843372336 1.2914262264966954
leaf_count=238 252 194 24 15 84 347 19 60 1512 15 114 16 5 4
internal_value=0.00360932 0.00150654 0.00295103 0.0212345 0.00115266 -0.000215695 -0.01291 -0.0165247 0.00317287 -0.0162248 0.0283445 -0.00202721 -0.030019 -0.0261663
internal_weight=786.845 726.383 691.291 61.6107 629.681 598.513 126.292 120.052 472.221 58.7226 56.0913 16.9625 11.0331 51.133
internal_count=2899 2647 2453 174 2279 2195 426 407 1769 257 159 45 29 242
is_linear=0
shrinkage=0.04


Tree=61
num_leaves=15
num_cat=0
split_feature=291 36 300 53 164 123 247 290 233 171 170 196 248 219
split_gain=32.3934 19.3088 19.0305 18.8933 14.8196 14.7726 21.6494 18.9474 17.878 18.6272 18.4514 13.8137 17.8686 15.6293
threshold=0.0038499999791383748 1.0000000180025095e-35 0.0024500000290572648 1.0000000180025095e-35 0.0016499999910593035 0.0015499999863095584 0.0046500000171363362 0.55614998936653148 0.0046500000171363362 0.077449999749660506 0.023000000044703487 0.0021499999566003685 0.002650000038556755 0.0076500000432133683
decision_type=2 2 2 2 2 2 2 2 2 2 2 2 2 2
left_child=1 2 5 -4 -3 6 11 -7 10 -10 -8 13 -13 -1
right_child=-2 4 3 -5 -6 7 8 -9 9 -11 -12 12 -14 -15
leaf_value=0.0053025979829968142 0.040268566040002764 -0.033952011133867387 0.042425217498564587 -0.041551249048798068 0.00021257320866918756 -0.046686740279883836 -0.048322756301167717 0.035041980432334412 0.033819364920263821 -0.089737337297490477 0.095858476813388979 -0.012179566879206885 0.031355989058605011 -0.0095148846803117734
leaf_weight=231.6948946416378 36.422903880476952 40.205151557922363 32.822444081306458 4.7996435910463324 40.489620730280876 19.3841165304184 8.8763672113418561 5.78001645207405 67.573371708393097 1.8997878730297078 1.57760789990425 22.082932308316231 46.482590183615685 223.5568233653903
leaf_count=828 210 247 104 21 174 84 37 14 179 4 4 92 138 763
internal_value=0.00348102 0.00167734 0.00392021 0.0315241 -0.0167809 0.0022578 0.00351709 -0.0276915 0.0228955 0.030259 -0.0254833 0.000548772 0.0172789 -0.00196541
internal_weight=783.648 747.225 666.531 37.6221 80.6948 628.909 603.744 25.1641 79.9271 69.4732 10.454 523.817 68.5655 455.252
internal_count=2899 2689 2268 125 421 2143 2045 98 224 183 41 1821 230 1591
is_linear=0
shrinkage=0.04


Tree=62
num_leaves=15
num_cat=0
split_feature=293 124 198 233 134 265 113 248 219 247 244 47 116 221
split_gain=23.5254 17.2004 14.5574 13.8917 16.497 22.9693 18.9446 17.6134 18.5888 23.6405 16.8769 16.7309 16.6188 15.3064
threshold=0.0024500000290572648 0.0079499999992549437 0.014250000007450582 0.11544999852776529 0.0014499999815598132 0.06840000301599504 0.0010500000207684936 0.0067499999422580012 0.0016499999910593035 0.014050000347197058 0.0051500000990927228 0.0019500000635161998 0.0011500000255182388 0.0029499999945983295
decision_type=2 2 2 2 2 2 2 2 2 2 2 2 2 2
left_child=1 3 -3 4 5 6 7 8 -1 10 11 -10 -9 -6
right_child=-2 2 -4 -5 13 -7 -8 12 9 -11 -12 -13 -14 -15
leaf_value=0.020319254191505452 0.027752355646499974 -0.017534866535887813 0.03045063112975278 0.049627141966509421 -0.040771620459421197 0.058914354499794847 -0.016261629402499353 0.027715791287019557 -0.0060010122205567274 0.038735412031472606 0.02239492216794893 -0.05465438084605146 -0.032251995313837253 0.0014303342072505972
leaf_weight=78.341991282999516 58.426977805793285 103.35608767718077 11.065632417798041 10.431956611573694 24.843530349433422 12.436541825532911 64.047675907611847 84.846065558493137 228.79203554242849 21.440791569650173 32.070616200566292 11.831335470080374 7.9558641463518134 30.239974528551102
leaf_count=255 252 512 38 38 111 31 304 275 772 52 88 32 30 109
internal_value=0.00335834 0.00137435 -0.0128368 0.00406023 0.00324891 0.00537593 0.00409959 0.00691389 0.00301428 -0.0015866 -0.00478466 -0.0084316 0.0225025 -0.0175703
internal_weight=780.127 721.7 114.422 607.278 596.846 541.763 529.326 465.279 372.477 294.135 272.694 240.623 92.8019 55.0835
internal_count=2899 2647 550 2097 2059 1839 1808 1504 1199 944 892 804 305 220
is_linear=0
shrinkage=0.04


Tree=63
num_leaves=15
num_cat=0
split_feature=291 36 300 53 164 223 152 210 199 173 157 267 50 102
split_gain=30.4162 17.1218 17.4554 17.4994 13.8322 12.6091 13.792 13.1484 12.0455 11.6272 11.416 12.6154 11.2216 13.1427
threshold=0.0038499999791383748 1.0000000180025095e-35 0.0024500000290572648 1.0000000180025095e-35 0.0016499999910593035 0.0014499999815598132 0.002549999975599349 0.0022500000195577745 0.0043500000610947618 0.015399999916553499 0.0019500000635161998 0.0014499999815598132 0.0012500000302679839 0.0018500000005587938
decision_type=2 2 2 2 2 2 2 2 2 2 2 2 2 2
left_child=1 2 5 -4 9 7 -7 8 12 -3 11 -6 13 -1
right_child=-2 4 3 -5 10 6 -8 -9 -10 -11 -12 -13 -14 -15
leaf_value=0.0039032229040850477 0.039871189047322869 -0.039256064566716833 0.041085453095235203 -0.04007661475159445 -0.052871484194663178 0.02194654584199612 -0.03952344127854563 0.035266884788070302 0.04032427350848046 0.040527253517164644 -0.047928612237265508 0.019281241693104585 -0.016981847673036284 -0.012519378402072977
leaf_weight=349.69990499317646 34.559765003621578 36.185985043644905 32.027346327900887 4.7681643664836875 4.3431940823793402 72.571045018732548 6.2169114723801604 16.211920373141766 10.841669499874113 3.0498470067977896 6.4372245147824279 29.538494855165482 69.826865114271641 100.22105620801449
leaf_count=1110 210 237 104 21 28 217 28 52 32 10 34 112 320 384
internal_value=0.00324084 0.00152405 0.00363551 0.0303795 -0.0159885 0.0020515 0.0170015 -9.80289e-05 -0.00119257 -0.0328655 0.00037677 0.00978612 -0.00207387 0.000234189
internal_weight=776.499 741.94 662.385 36.7955 79.5547 625.589 78.788 546.801 530.589 39.2358 40.3189 33.8817 519.748 449.921
internal_count=2899 2689 2268 125 421 2143 245 1898 1846 247 174 140 1814 1494
is_linear=0
shrinkage=0.04


Tree=64
num_leaves=15
num_cat=0
split_feature=293 112 173 134 182 111 105 220 179 233 127 210 277 254
split_gain=21.1428 15.6274 13.7418 16.3076 12.7474 15.81 13.5658 14.9105 17.2853 19.0437 14.1077 13.9942 14.2584 18.6495
threshold=0.0024500000290572648 0.0010500000207684936 0.015099999960511925 0.0014499999815598132 0.017150000669062141 0.0012500000302679839 0.0017499999958090486 0.0011500000255182388 0.0010500000207684936 0.002549999975599349 0.066399998962879195 0.002549999975599349 0.03264999948441983 0.0037500000325962905
decision_type=2 2 2 2 2 2 2 2 2 2 2 2 2 2
left_child=1 2 3 4 6 -6 11 8 -8 -10 -9 12 13 -1
right_child=-2 -3 -4 -5 5 -7 7 10 9 -11 -12 -13 -14 -15
leaf_value=-0.0019141414508056034 0.026676048550735298 -0.02525280320405468 0.046196114557445135 -0.01482279580138442 0.035702404831520075 -0.080542878655711969 -0.02655539016226003 0.048120973331181295 -0.020214497545609666 0.05662779175869101 -0.030590349532848959 0.061121602850313511 -0.026025986724508995 0.014877902774098629
leaf_weight=210.115812510252 56.447116568684578 33.760893732309341 11.273563057184218 82.288281664252281 30.413071319460869 1.8819941729307164 67.716877467930317 11.788098260760309 11.01986111700535 9.4702371805906278 5.1082836017012587 7.1022019460797301 22.559821180999279 212.30699405819178
leaf_count=735 252 194 36 341 115 9 336 33 47 24 27 21 87 642
internal_value=0.00312479 0.00126113 0.002581 0.00183634 0.00417075 0.028577 0.0027441 -0.0101803 -0.0168021 0.0152092 0.0240489 0.00575927 0.00485313 0.00651749
internal_weight=773.253 716.806 683.045 671.772 589.483 32.2951 557.188 105.103 88.207 20.4901 16.8964 452.085 444.983 422.423
internal_count=2899 2647 2453 2417 2076 124 1952 467 407 71 60 1485 1464 1377
is_linear=0
shrinkage=0.04


Tree=65
num_leaves=15
num_cat=0
split_feature=291 174 210 124 221 50 32 50 225 6 219 219 290 205
split_gain=30.4233 16.9193 13.6371 14.8421 17.1292 13.3918 15.5149 15.5794 13.5865 15.9171 16.9183 16.5094 15.8389 15.6129
threshold=0.0019500000635161998 0.003249999950639904 0.0021499999566003685 0.0079499999992549437 0.0010500000207684936 0.0012500000302679839 0.0044499998912215242 0.0017499999958090486 0.0035500000230968003 0.0051500000990927228 0.0016499999910593035 0.0015499999863095584 0.0030500000575557355 0.0013499999768100681
decision_type=2 2 2 2 2 2 2 2 2 2 2 2 2 2
left_child=1 2 3 5 -5 8 7 -7 9 10 11 -1 -10 -12
right_child=-2 -3 -4 4 -6 6 -8 -9 12 -11 13 -13 -14 -15
leaf_value=0.014062717404536483 0.029168025362721388 0.04616345627306255 0.023021963924104494 -0.027610358905126614 0.010818393671848297 -0.046134362195244527 0.055707663692464368 -0.0068942068357076549 -0.049006872411196535 -0.034767020015171908 -0.0094897566302221455 0.084217619279514669 0.035679342329453405 0.0079019485833442624
leaf_weight=89.021754495799541 67.300452552735806 12.956178933382033 39.444141194224358 63.073676392436028 26.037306591868401 21.602614931762218 4.8832872286438933 65.274296134710312 3.8184833973646155 18.042665094137192 165.10320921242237 5.6525094360113135 33.914756387472153 164.96742151677608
leaf_count=295 349 36 144 365 89 105 16 283 9 80 556 14 86 514
internal_value=0.00347727 0.00104565 0.000199397 -0.00115892 -0.0163375 0.00120001 -0.0127839 -0.0167394 0.00388081 0.00190479 0.00347979 0.018378 0.0268968 -0.000785606
internal_weight=781.093 713.792 700.836 661.392 89.111 572.281 91.7602 86.8769 480.521 442.788 424.745 94.6743 37.7332 330.071
internal_count=2941 2592 2556 2412 454 1958 404 388 1554 1459 1379 309 95 1070
is_linear=0
shrinkage=0.04


Tree=66
num_leaves=15
num_cat=0
split_feature=291 174 50 267 247 64 248 101 205 101 165 39 219 24
split_gain=28.7563 15.955 12.3669 15.6355 12.5832 15.3514 11.8039 12.0784 13.0973 12.5709 11.6247 11.1917 10.3476 18.4116
threshold=0.0019500000635161998 0.003249999950639904 0.0012500000302679839 0.0073500000871717939 0.00335000001359731 0.0076500000432133683 0.062500000000000014 0.0049499999731779107 0.018250000663101677 0.0019500000635161998 0.0010500000207684936 0.0010500000207684936 0.0045499999541789302 0.0012500000302679839
decision_type=2 2 2 2 2 2 2 2 2 2 2 2 2 2
left_child=1 2 11 6 5 10 -4 8 -8 -10 -5 12 -1 -14
right_child=-2 -3 3 4 -6 -7 7 -9 9 -11 -12 -13 13 -15
leaf_value=0.010405319522426267 0.028617922656238661 0.045287256157770142 -0.026610392888861134 -0.032140817096122605 0.03304720610222027 0.058691890601211105 -0.036381886474441551 0.098072753941405896 0.062229787091174611 -0.056836079250046911 0.085673198741362977 -0.040495132618508747 -0.0029284276995848613 0.040962871187846604
leaf_weight=216.42971077561378 65.881277501583099 12.686018645763395 76.282858423888683 19.38303270936013 19.516015440225601 4.224280782043933 8.6669693589210564 2.0487485602498046 6.0113726779818526 1.7289596572518346 1.3278041779994953 9.2578071504831296 318.30825388431549 15.959385782480238
leaf_count=772 349 36 408 87 52 16 48 7 19 9 3 55 1038 42
internal_value=0.00335369 0.00100613 0.000190566 -0.0104693 0.00902735 -0.00966945 -0.0196591 0.00884527 -0.0025807 0.0347381 -0.02402 0.00284886 0.003592 -0.00080928
internal_weight=777.712 711.831 699.145 139.19 44.4511 24.9351 94.7389 18.4561 16.4073 7.74033 20.7108 559.955 550.697 334.268
internal_count=2941 2592 2556 649 158 106 491 83 76 28 90 1907 1852 1080
is_linear=0
shrinkage=0.04


Tree=67
num_leaves=15
num_cat=0
split_feature=246 174 50 124 267 182 61 219 218 182 196 247 159 277
split_gain=27.3457 17.949 15.522 14.1387 15.6493 14.5849 14.2498 12.6553 14.0137 13.2275 13.2021 20.0675 17.4523 14.952
threshold=0.0012500000302679839 0.0030500000575557355 0.0012500000302679839 0.0079499999992549437 0.002650000038556755 0.010850000195205213 1.0000000180025095e-35 0.0046500000171363362 0.0014499999815598132 1.0000000180025095e-35 0.0017499999958090486 0.015649999491870407 0.034849999472498901 0.0022500000195577745
decision_type=2 2 2 2 2 2 2 2 2 2 2 2 2 2
left_child=1 2 3 5 6 7 -5 8 9 -1 11 13 -12 -9
right_child=-2 -3 -4 4 -6 -7 -8 10 -10 -11 12 -13 -14 -15
leaf_value=0.0023835746582524186 0.026329867142217682 0.04399028846263258 -0.012199267400167999 -0.04924438888085577 0.012753500693838817 0.029927009140403162 0.027581554540678531 -0.028915758807416606 0.047229961822121871 0.030691070246908123 0.026112864228564844 0.046196199130592357 -0.048914913514889621 -0.003613509883595037
leaf_weight=146.42866862565279 74.07516597956419 14.953147746622561 137.10540986061096 23.602641686797146 15.763782545924185 34.222706317901611 4.4766245931386939 47.839919976890087 15.42777808755636 32.241263188421726 40.495801120996475 10.889824718236921 5.5264386832714072 172.00117450207472
leaf_count=509 357 50 647 147 63 119 17 197 42 108 111 19 27 528
internal_value=0.00323237 0.000782444 -0.000159797 0.00284174 -0.0189034 0.00474062 -0.0367998 0.00289555 0.0107273 0.00752839 -0.00258464 -0.00650008 0.0169301 -0.0091484
internal_weight=775.05 700.975 686.022 548.917 43.843 505.074 28.0793 470.851 194.098 178.67 276.753 230.731 46.0222 219.841
internal_count=2941 2584 2534 1887 227 1660 164 1541 659 617 882 744 138 725
is_linear=0
shrinkage=0.04


Tree=68
num_leaves=15
num_cat=0
split_feature=291 174 210 105 247 195 127 196 2 219 205 120 116 196
split_gain=26.3397 14.2314 11.9382 13.551 11.1177 18.2209 10.9504 10.5658 15.5554 13.3738 14.2194 17.7455 13.9502 13.6978
threshold=0.0019500000635161998 0.003249999950639904 0.0021499999566003685 0.0027499999850988392 0.014050000347197058 0.020250000059604648 0.038049999624490745 0.0093499999493360537 0.0027499999850988392 0.0016499999910593035 0.0013499999768100681 0.0023500000825151805 0.0023500000825151805 0.0012500000302679839
decision_type=2 2 2 2 2 2 2 2 2 2 2 2 2 2
left_child=1 2 3 4 7 -6 -4 9 -9 13 11 -11 -12 -1
right_child=-2 -3 6 -5 5 -7 -8 8 -10 10 12 -13 -14 -15
leaf_value=0.016272492476617974 0.027766167511525351 0.043606755942949924 0.033751777971560287 -0.013825695713702475 0.039050763999632532 -0.067941329366158543 -0.014592734728525828 0.032254349388209924 -0.074799140114714321 -0.015845503249314524 0.0043514665116108162 0.035739033741654373 -0.05753319116812277 -0.043869635552023063
leaf_weight=89.384943887591362 63.564660876989365 12.167341530323027 29.451541215181351 111.72849027067423 22.8052281588316 2.7494702935218802 9.8479988127946836 26.774956703186039 2.2488735467195502 171.64258820563555 205.53317819535732 11.24055404961109 5.892670437693595 6.3729265034198752
leaf_count=292 349 36 98 555 52 10 46 74 10 601 721 42 25 30
internal_value=0.00311984 0.000897322 0.000138424 -0.00113932 0.00145787 0.0271634 0.0215294 0.000179702 0.0235938 -0.00120335 -0.00446749 -0.0126353 0.00258138 0.0121866
internal_weight=771.405 707.841 695.673 656.374 544.645 25.5547 39.2995 519.091 29.0238 490.067 394.309 182.883 211.426 95.7579
internal_count=2941 2592 2556 2412 1857 62 144 1795 84 1711 1389 643 746 322
is_linear=0
shrinkage=0.04


Tree=69
num_leaves=15
num_cat=0
split_feature=246 2 174 150 182 50 208 109 2 244 244 155 150 219
split_gain=24.9483 16.7962 16.9962 13.1456 13.0566 13.6359 14.1164 13.1083 10.5797 10.3367 13.3643 12.7147 14.7474 15.3936
threshold=0.0012500000302679839 0.01200000010430813 0.0030500000575557355 0.2217499986290932 0.014849999919533731 0.0013499999768100681 0.057600000873208053 1.0000000180025095e-35 0.007400000002235175 0.01124999998137355 0.010800000280141832 0.013950000051409008 0.0011500000255182388 0.0017499999958090486
decision_type=2 2 2 2 2 2 2 2 2 2 2 2 2 2
left_child=1 2 4 -2 5 8 -7 -6 9 10 11 12 13 -1
right_child=3 -3 -4 -5 7 6 -8 -9 -10 -11 -12 -13 -14 -15
leaf_value=0.018176181270788905 0.031729719555967845 -0.052156104816491758 0.044985387446001363 -0.019840198047386279 0.034248271845677414 -0.019864897426008787 0.020163184784284596 -0.017776439643002878 0.078613336988744717 0.024324226513724345 -0.12796761892779379 0.032327222524777793 -0.013327959680329567 -0.0015621742048355391
leaf_weight=82.42199382930994 63.526650384068489 9.392777279019354 13.932244427502154 8.8634698912501317 32.535647861659527 92.805566318333149 16.438810124993324 9.9810245856642705 2.7507870048284522 29.355990499258041 1.2037868946790684 18.927077300846577 116.99220445007086 269.03691181540489
leaf_count=258 315 48 48 42 122 475 54 40 7 89 6 71 519 847
internal_value=0.00300851 0.000675861 0.00141216 0.0253416 0.000496878 -0.000946513 -0.0137921 0.0219283 0.00174303 0.00131195 -6.72301e-05 0.000266655 -0.00102679 0.00305922
internal_weight=768.165 695.775 686.382 72.3901 672.45 629.933 109.244 42.5167 520.689 517.938 488.582 487.378 468.451 351.459
internal_count=2941 2584 2536 357 2488 2326 529 162 1797 1790 1701 1695 1624 1105
is_linear=0
shrinkage=0.04


Tree=70
num_leaves=15
num_cat=0
split_feature=246 159 244 179 247 36 43 155 290 233 219 281 109 6
split_gain=19.0788 18.8875 20.0241 15.4268 15.2322 14.9136 14.2455 18.6534 14.1733 20.7991 13.1734 12.765 12.6384 15.0168
threshold=0.0012500000302679839 0.11785000190138818 0.01124999998137355 1.0000000180025095e-35 0.012950000353157522 1.0000000180025095e-35 0.0019500000635161998 0.068099997937679305 0.0036499999696388845 0.0019500000635161998 0.16660000383853915 0.0015499999863095584 1.0000000180025095e-35 0.0021499999566003685
decision_type=2 2 2 2 2 2 2 2 2 2 2 2 2 2
left_child=1 2 3 4 6 -2 7 12 -5 -10 -3 -11 13 -1
right_child=5 10 -4 8 -6 -7 -8 -9 9 11 -12 -13 -14 -15
leaf_value=0.0032392640242209399 0.037683580675617792 -0.030925110980881177 0.03108652386727441 0.088261288702790458 0.027446538623847667 -7.3973766529150081e-05 -0.045610978773871762 0.088541679105390791 -0.019180666343034586 0.040256636839003511 0.019922872300944267 -0.08565234302836558 -0.014740782914087473 -0.021057995090816971
leaf_weight=344.23193316161633 39.891589030623436 47.413396783173084 35.129160925745964 4.4631710350513449 26.716475509107113 28.421744078397751 12.429204009473322 3.4797202944755545 18.337849475443363 28.819852605462078 9.6682438701391202 1.2375427857041348 114.51534087210894 46.047935098409653
leaf_count=1183 218 274 109 4 71 119 60 9 65 68 31 4 467 232
internal_value=0.0017869 -0.000198178 0.0017773 5.05302e-05 -0.00193676 0.0219389 -0.00345703 -0.00240957 0.0206719 0.014187 -0.022223 0.0346732 -0.00306186 0.000357598
internal_weight=760.803 692.49 635.408 600.279 547.421 68.3133 520.704 508.275 52.8584 48.3952 57.0816 30.0574 504.795 390.28
internal_count=2914 2577 2272 2163 2022 337 1951 1891 141 137 305 72 1882 1415
is_linear=0
shrinkage=0.04


Tree=71
num_leaves=15
num_cat=0
split_feature=291 150 267 196 212 90 43 155 135 277 176 271 207 207
split_gain=21.8007 16.3454 28.7355 17.6612 16.9435 19.643 11.8171 11.3421 11.2278 10.7482 11.659 23.5532 17.4588 13.1712
threshold=0.0038499999791383748 0.0012500000302679839 0.00335000001359731 0.0084500000812113302 0.0011500000255182388 0.0045499999541789302 0.0045499999541789302 0.0063499999232590207 0.0029499999945983295 0.035499999299645431 0.0011500000255182388 0.0010500000207684936 0.0019500000635161998 0.0043500000610947618
decision_type=2 2 2 2 2 2 2 2 2 2 2 2 2 2
left_child=1 3 8 4 5 7 -6 9 -3 10 -1 -12 -13 -14
right_child=-2 2 -4 -5 6 -7 -8 -9 -10 -11 11 12 13 -15
leaf_value=-0.00021180124952047388 0.036739658178494429 -0.021027042617833738 0.0082488335860392819 0.043116137330318514 0.028079112668511083 -0.046286300742034873 -0.092807942066021221 0.070179413269054858 0.030154208273627282 -0.02810827330050442 0.037380604407608979 0.0091433037518507208 -0.095000364611450533 0.043688400491494334
leaf_weight=300.48257774114609 27.323035001754761 147.36880737543106 107.6345138028264 18.487612366676331 49.936973676085472 13.750441849231718 1.2182522565126408 3.7894848585128775 7.0443646535277358 18.542258486151695 39.454066835343838 15.429032847285272 5.3825641721487036 1.2624528855085371
leaf_count=1012 201 749 406 49 177 47 6 7 26 64 95 51 20 4
internal_value=0.00172516 0.000403886 -0.00758624 0.00488955 0.00329829 0.000500838 0.0249467 0.00219673 -0.0186482 0.001491 0.00302547 0.0188748 -0.0140405 -0.0678015
internal_weight=757.106 729.783 262.048 467.736 449.248 398.093 51.1552 384.342 154.413 380.553 362.011 61.5281 22.074 6.64502
internal_count=2914 2713 1181 1532 1483 1300 183 1253 775 1246 1182 170 75 24
is_linear=0
shrinkage=0.04


Tree=72
num_leaves=15
num_cat=0
split_feature=291 244 90 254 268 244 225 219 219 248 113 42 244 67
split_gain=20.8085 15.7782 13.4203 13.7833 12.4811 12.0873 10.7057 13.199 14.2468 14.9052 12.068 16.2751 11.0948 19.5379
threshold=0.0038499999791383748 0.01124999998137355 0.0045499999541789302 0.048250000923872001 0.0036499999696388845 0.0097500002011656779 1.0000000180025095e-35 0.0016499999910593035 0.0015499999863095584 0.010250000283122064 0.0010500000207684936 0.0013499999768100681 0.0049499999731779107 1.0000000180025095e-35
decision_type=2 2 2 2 2 2 2 2 2 2 2 2 2 2
left_child=1 2 4 -4 6 -6 7 8 9 -1 -8 -12 -9 -14
right_child=-2 -3 3 -5 5 -7 10 12 -10 -11 11 -13 13 -15
leaf_value=0.0079765188190961157 0.036439751137342026 0.025101589054980097 -0.040913017493961236 0.00030169373300075467 0.027580944210870727 -0.12047615895663494 0.016114699024897036 -0.0095375278768272207 0.063087213431363656 -0.061980658226359453 -0.01940055526958739 0.054727838145697712 0.030481663128459107 -0.08698899805041635
leaf_weight=97.985102653503418 26.46421118080616 39.029780521988869 26.194796286523342 25.264359064400196 34.223872505128384 0.79909802973270316 102.32969660311937 324.48677496984601 7.0151094049215308 5.0200408175587645 35.60193458199501 5.3478919938206664 21.935516439378265 2.4147494733333579
leaf_count=389 201 125 116 97 119 4 315 1268 19 27 149 18 59 8
internal_value=0.00166484 0.000389764 -0.0010085 -0.0206393 0.000573671 0.0237555 -0.000771769 -0.00375836 0.00829917 0.0044715 0.00876093 -0.00951249 -0.00757395 0.0183607
internal_weight=754.113 727.649 688.619 51.4592 637.16 35.023 602.137 458.857 110.02 103.005 143.28 40.9498 348.837 24.3503
internal_count=2914 2713 2588 213 2375 123 2252 1770 435 416 482 167 1335 67
is_linear=0
shrinkage=0.04


Tree=73
num_leaves=15
num_cat=0
split_feature=150 267 176 247 271 233 239 268 179 102 254 219 248 25
split_gain=17.2458 27.7994 20.0699 17.2551 16.1038 12.8706 12.2369 13.125 12.9881 13.3294 16.4124 17.4051 13.3849 11.5951
threshold=0.0012500000302679839 0.00335000001359731 1.0000000180025095e-35 0.010250000283122064 0.0010500000207684936 0.067949999123811736 0.016549999825656418 1.0000000180025095e-35 0.0010500000207684936 0.0027499999850988392 0.0047500000800937423 0.0016499999910593035 0.020149999298155311 0.0022500000195577745
decision_type=2 2 2 2 2 2 2 2 2 2 2 2 2 2
left_child=2 -2 3 6 -4 -6 8 -8 9 10 11 12 -1 -13
right_child=1 -3 4 -5 5 -7 7 -9 -10 -11 -12 13 -14 -15
leaf_value=0.01930364417787965 -0.017453102431209889 0.0086286446615430491 0.034150326930040296 0.044350157823855429 -0.0023257665087062936 0.041426442779717229 -0.039157545523581944 0.037259772709350131 0.052348270228494233 -0.038017938098507703 0.014626972159064652 -0.017458890119332934 -0.060575989457792877 0.019117727503713756
leaf_weight=50.288315340876579 155.90889734402299 112.25338914245367 62.527537673711777 14.083688996732233 55.750100396573544 13.188300192356108 22.140671595931057 4.1550055295228949 7.7435919493436804 13.821898519992827 105.56025110185146 114.87043249607086 3.4792253449559203 15.584782980382441
leaf_count=165 792 446 184 34 216 90 84 16 12 60 292 439 19 65
internal_value=0.00160479 -0.00652116 0.00612322 0.00112546 0.0194529 0.00603422 -0.000678262 -0.0268358 0.001526 0.000199773 0.00204894 -0.00514063 0.0139576 -0.0130473
internal_weight=751.356 268.162 483.194 351.728 131.466 68.9384 337.644 26.2957 311.348 303.605 289.783 184.223 53.7675 130.455
internal_count=2914 1238 1676 1186 490 306 1152 100 1052 1040 980 688 184 504
is_linear=0
shrinkage=0.04


Tree=74
num_leaves=15
num_cat=0
split_feature=291 244 33 198 90 247 164 212 202 225 219 155 109 124
split_gain=19.441 14.4975 13.1332 14.2875 11.1239 11.9965 18.5436 11.689 10.0465 9.49315 14.1314 13.2126 22.3959 15.2683
threshold=0.0038499999791383748 0.01124999998137355 0.0029499999945983295 0.014250000007450582 0.0045499999541789302 0.010850000195205213 0.0023500000825151805 1.0000000180025095e-35 0.012499999720603229 1.0000000180025095e-35 0.0016499999910593035 0.007849999703466894 0.0044499998912215242 0.0079499999992549437
decision_type=2 2 2 2 2 2 2 2 2 2 2 2 2 2
left_child=1 2 3 4 5 9 -7 -6 -4 10 -1 12 13 -11
right_child=-2 -3 8 -5 7 6 -8 -9 -10 11 -12 -13 -14 -15
leaf_value=0.0089363257975690908 0.03600031775578167 0.024251151580122168 -0.047828890543533231 0.045887752463216192 -0.049644676842930918 0.035825259568833069 -0.037057112344445406 -0.0062490525826767564 0.036042178966378693 0.015417370350586178 -0.0078883792529110316 0.045265564201474366 -0.055049652043571297 -0.023042004297869647
leaf_weight=105.4596037119627 25.221130549907684 38.31549596041441 14.895817503333094 10.535998515784739 14.286197915673254 30.570514909923077 6.6928386092185965 33.067154347896576 2.5648117661476126 97.473141148686409 326.4614582285285 13.787573352456091 9.3613803386688215 19.719371542334557
leaf_count=405 201 125 110 37 57 83 25 134 7 304 1255 42 41 88
internal_value=0.00154755 0.000335674 -0.000999787 -9.53423e-05 -0.000845848 0.000599969 0.0225637 -0.0195026 -0.0351461 -0.000826922 -0.00377001 0.00819862 0.00409618 0.00889778
internal_weight=748.412 723.191 684.876 667.415 656.879 609.526 37.2634 47.3534 17.4606 572.263 431.921 140.341 126.554 117.193
internal_count=2914 2713 2588 2471 2434 2243 108 191 117 2135 1660 475 433 392
is_linear=0
shrinkage=0.04


Tree=75
num_leaves=15
num_cat=0
split_feature=291 53 198 173 67 244 171 278 150 67 47 50 120 235
split_gain=23.1501 12.2639 15.5779 15.6747 12.7157 14.2645 21.2605 13.0908 12.3288 12.1494 10.8768 10.2667 13.8175 13.032
threshold=0.0038499999791383748 0.0031500000040978198 0.012149999849498274 0.015399999916553499 1.0000000180025095e-35 0.0046500000171363362 0.0049499999731779107 0.0075499999802559623 0.011649999767541887 0.0024500000290572648 0.0064499999862164268 0.0012500000302679839 0.0022500000195577745 0.0078000000212341556
decision_type=2 2 2 2 2 2 2 2 2 2 2 2 2 2
left_child=1 2 3 4 5 11 8 -8 -7 10 -6 13 -13 -1
right_child=-2 -3 -4 -5 9 6 7 -9 -10 -11 -12 12 -14 -15
leaf_value=0.0023017704628474317 0.03782617202475571 -0.021404431803305424 0.039102978920069566 0.056720975000174464 -0.052129233542858242 0.035920914833578829 -0.037110134627541515 0.049655631230868871 -0.066364327671264475 0.023014192264069214 0.021527896677189396 -0.024989120770627395 0.0079071121943149244 -0.053478138176351962
leaf_weight=452.7588764205575 27.352989822626114 38.936489336192608 17.220541127026081 7.7826711684465399 18.752888120710857 47.767228901386261 13.720062315464022 3.3588150143623343 1.8468646183609951 6.1665858477354041 3.7226067930459967 57.641040407121181 31.318631056696177 6.698407106101512
leaf_count=1596 228 219 60 23 69 142 52 8 7 18 13 284 165 30
internal_value=0.00178533 0.000381513 0.00165893 0.000657271 -2.30055e-05 0.00118571 0.0186414 -0.0196238 0.0319071 -0.0260341 -0.0397109 -0.000932799 -0.0133671 0.00146839
internal_weight=735.045 707.692 668.755 651.535 643.752 615.11 66.693 17.0789 49.6141 28.6421 22.4755 548.417 88.9597 459.457
internal_count=2914 2686 2467 2407 2384 2284 209 60 149 100 82 2075 449 1626
is_linear=0
shrinkage=0.04


Tree=76
num_leaves=15
num_cat=0
split_feature=291 53 173 213 290 102 227 15 93 155 134 278 120 6
split_gain=22.1336 11.3711 14.4892 12.1493 13.6628 11.6579 19.3124 16.1363 15.2 14.1371 12.7133 19.3206 13.5662 21.622
threshold=0.0038499999791383748 0.0031500000040978198 0.015399999916553499 0.0013499999768100681 0.49950000643730169 0.007849999703466894 0.0011500000255182388 0.0015499999863095584 0.0016499999910593035 0.010300000198185446 0.0014499999815598132 0.0015499999863095584 0.0022500000195577745 0.0073500000871717939
decision_type=2 2 2 2 2 2 2 2 2 2 2 2 2 2
left_child=1 2 3 4 5 6 9 8 -7 10 12 -12 -1 -14
right_child=-2 -3 -4 -5 -6 7 -8 -9 -10 -11 11 -13 13 -15
leaf_value=-0.0018507128282343594 0.037576521619797527 -0.020672287333362838 0.055600958344113896 0.016774946105789296 0.049054347608786478 -0.023631792154614199 0.035575791745014372 0.040795330433990168 0.079650699223698815 0.046158889744765112 -0.03408437148722563 0.052145607229588907 0.047980662043084259 -0.044600351512470875
leaf_weight=397.40893770009279 26.452215738594532 38.711076874285936 7.7583480179309836 69.355337105691433 8.52407358586788 76.652243189513683 24.073274798691273 7.3804524317383757 2.2374954670667639 9.8159148767590505 34.780625954270363 4.596811667084693 19.390558220446113 4.9629449769854537
leaf_count=1358 228 219 24 259 20 381 96 21 7 33 155 14 65 34
internal_value=0.00172287 0.000368041 0.0015982 0.000948197 -0.000908564 -0.0016564 0.000701657 -0.0152187 -0.0205547 -0.00107964 -0.00210363 -0.0238102 -6.23761e-05 0.028845
internal_weight=732.1 705.648 666.937 659.179 589.823 581.299 495.029 86.2702 78.8897 470.956 461.14 39.3774 421.762 24.3535
internal_count=2914 2686 2467 2443 2184 2164 1755 409 388 1659 1626 169 1457 99
is_linear=0
shrinkage=0.04


Tree=77
num_leaves=15
num_cat=0
split_feature=293 198 127 102 254 173 67 171 238 244 171 248 238 150
split_gain=21.2783 11.0597 13.7219 10.3119 10.5093 9.67832 13.4952 12.9533 11.4131 11.2103 21.0045 11.27 16.5484 11.1075
threshold=0.0024500000290572648 0.012149999849498274 0.056900000199675567 0.17040000110864642 0.0059500001370906839 0.015099999960511925 1.0000000180025095e-35 0.0062500000931322583 0.0027499999850988392 0.0046500000171363362 0.0049499999731779107 0.059800000861287124 0.0035500000230968003 0.011649999767541887
decision_type=2 2 2 2 2 2 2 2 2 2 2 2 2 2
left_child=1 2 5 4 -2 6 9 8 -8 11 13 -1 -13 -11
right_child=3 -3 -4 -5 -6 -7 7 -9 -10 10 -12 12 -14 -15
leaf_value=-0.0029869128889662006 -0.034569494728757817 0.029051730961443027 -0.041393994580956439 -0.092355663355208076 0.033860768420693493 0.038488461746827823 0.011026664834543199 0.012529300502955996 -0.056739120997974228 0.034331576858523616 -0.021735701218154359 -0.055968184944879151 0.029823486029496804 -0.065048476748467116
leaf_weight=501.92385751754045 3.7445160299539557 19.906323954463005 13.174731470644472 1.0396479219198216 47.890930101275444 10.025649458169935 4.9251484572887447 9.6949214935302717 18.183472879230976 44.440935477614403 16.759246900677681 3.9314582198858252 31.945829279720783 1.7586351037025441
leaf_count=1929 15 82 94 7 263 35 21 34 68 147 60 25 128 6
internal_value=0.00166351 -0.000238507 -0.00113666 0.026127 0.0287638 -0.000300049 -0.000926137 -0.0258712 -0.0421385 0.000433371 0.0163944 -0.00143041 0.0201818 0.0303299
internal_weight=729.345 676.67 656.764 52.6751 51.6354 643.589 633.564 32.8035 23.1086 600.76 62.9588 537.801 35.8773 46.1996
internal_count=2914 2629 2547 285 278 2453 2418 123 89 2295 213 2082 153 153
is_linear=0
shrinkage=0.04


Tree=78
num_leaves=15
num_cat=0
split_feature=291 53 173 213 290 6 134 53 196 219 50 116 25 248
split_gain=20.675 10.3927 13.2413 10.9208 12.8466 10.2588 12.5403 15.8114 11.1708 14.315 14.2503 12.9295 16.3892 18.2357
threshold=0.0038499999791383748 0.0031500000040978198 0.015399999916553499 0.0013499999768100681 0.49950000643730169 0.0064000000711530456 0.0011500000255182388 1.0000000180025095e-35 0.007849999703466894 0.0027499999850988392 0.0011500000255182388 0.0019500000635161998 0.0067499999422580012 0.060750000178813941
decision_type=2 2 2 2 2 2 2 2 2 2 2 2 2 2
left_child=1 2 3 4 5 6 8 -8 9 10 -1 12 13 -11
right_child=-2 -3 -4 -5 -6 -7 7 -9 -10 11 -12 -13 -14 -15
leaf_value=0.014920718243221984 0.037206078630268466 -0.019913893257432719 0.054243070749627587 0.015964656467633863 0.047708620752184877 -0.021696189737700461 -0.027454710803050064 0.01813989826717197 0.027287685312327389 -0.0064862687064445824 -0.046758252068782438 -0.040889158311999803 0.050216927354404535 0.033143053581523557
leaf_weight=121.96299467980862 25.093534737825394 38.274036288261414 7.4303760528564444 68.689818173646927 8.4751296788454038 37.892703041434288 50.40937739610672 15.844402134418486 26.469871960580349 276.70482440292835 6.1792631298303595 14.374953020364044 9.1557338535785657 19.793785594403744
leaf_count=416 228 219 24 259 20 202 210 65 84 972 46 65 26 78
internal_value=0.00160239 0.000318268 0.00149442 0.000882631 -0.000877061 -0.00160352 -0.000184778 -0.0164797 0.00208435 0.000581113 0.0118811 -0.0039333 -0.00216937 -0.00381691
internal_weight=726.751 701.657 663.383 655.953 587.263 578.788 540.895 66.2538 474.641 448.172 128.142 320.029 305.654 296.499
internal_count=2914 2686 2467 2443 2184 2164 1962 275 1687 1603 462 1141 1076 1050
is_linear=0
shrinkage=0.04


Tree=79
num_leaves=15
num_cat=0
split_feature=291 39 50 219 223 233 199 219 47 176 155 277 239 47
split_gain=19.7605 10.2744 9.18424 13.3627 9.1325 12.7484 10.0482 11.4508 13.5098 12.9584 17.127 14.722 12.1161 11.8561
threshold=0.0038499999791383748 0.003249999950639904 0.0012500000302679839 0.12234999984502794 0.0013499999768100681 0.019849999807775024 0.003249999950639904 0.0044499998912215242 0.0017499999958090486 1.0000000180025095e-35 0.0073500000871717939 0.028400000184774402 0.0093499999493360537 0.0024500000290572648
decision_type=2 2 2 2 2 2 2 2 2 2 2 2 2 2
left_child=1 2 4 -4 6 -6 7 8 12 10 13 -11 -1 -9
right_child=-2 -3 3 -5 5 -7 -8 9 -10 11 -12 -13 -14 -15
leaf_value=0.0064774388791150337 0.036952312743588303 -0.048495553350480537 -0.014281486931080402 0.017928030242341443 -0.00078569700899068409 0.045725276676027084 0.031453374494313277 -0.010683287949878315 0.037225063288644347 0.015474865946233698 0.042844702151497875 -0.015405460076970441 -0.043695700428773659 -0.047700339629207458
leaf_weight=176.91842864453793 24.272527270019054 6.7324541658163062 113.26383647322655 25.00042887032032 18.821225211024284 18.460852757096291 17.461362555623055 153.48211847990751 22.296913824975491 80.240807913243771 8.7777841687202436 35.471075788140297 7.9370559677481642 15.232082411646841
leaf_count=658 228 55 596 81 66 56 64 542 66 250 32 148 29 43
internal_value=0.00154482 0.000306417 0.000792969 -0.00841983 0.003096 0.0221987 0.00170889 0.000656802 0.00786079 -0.00442022 -0.0112153 0.00596894 0.00427909 -0.0140753
internal_weight=724.369 700.096 693.364 138.264 555.1 37.2821 517.818 500.356 207.152 293.204 177.492 115.712 184.855 168.714
internal_count=2914 2686 2631 677 1954 122 1832 1768 753 1015 617 398 687 585
is_linear=0
shrinkage=0.04


Tree=80
num_leaves=15
num_cat=0
split_feature=198 127 246 179 195 137 182 235 277 239 196 36 173 159
split_gain=16.1157 16.6469 12.5664 13.4444 17.3823 13.844 13.3903 10.9473 10.7931 10.7387 10.504 12.0496 10.1629 12.0747
threshold=0.012149999849498274 0.054250000044703491 0.0012500000302679839 1.0000000180025095e-35 0.0010500000207684936 0.0011500000255182388 0.017150000669062141 0.0078000000212341556 0.0093499999493360537 0.020149999298155311 0.0012500000302679839 0.002549999975599349 0.0047500000800937423 0.041349999606609351
decision_type=2 2 2 2 2 2 2 2 2 2 2 2 2 2
left_child=1 2 3 5 -5 6 7 12 10 -8 11 -6 13 -1
right_child=-2 -3 -4 4 8 -7 9 -9 -10 -11 -12 -13 -14 -15
leaf_value=-0.0012326202235290694 0.033580857146134284 -0.043503232413865021 0.022960889352772327 0.05891368218417907 -0.05289007914947267 -0.034443452990417324 0.034352951500963028 -0.065221849993840425 0.029847117582126454 -0.057139450974367775 0.01014214555186399 0.058927537254089168 0.024481420174572187 -0.024593498658351864
leaf_weight=475.79787761345506 23.857855461537838 13.561423506587742 39.509389333426952 12.666057810187338 10.493501678109167 20.407615475356579 24.407143771648411 4.2983554527163497 19.853369325399399 2.1199594512581816 20.029366865754128 1.6872396916151036 22.383849211037159 38.199226789176464
leaf_count=1743 130 101 207 18 39 92 99 22 64 11 69 5 78 237
internal_value=0.00131654 0.000215056 0.00108395 -0.000238221 0.017042 -0.00215114 -0.000976369 -0.00234651 0.00668537 0.0267038 -0.00751525 -0.036722 -0.00182313 -0.00298098
internal_weight=729.272 705.414 691.853 652.344 64.7295 587.614 567.206 540.679 52.0635 26.5271 32.2101 12.1807 536.381 513.997
internal_count=2915 2785 2684 2477 195 2282 2190 2080 177 110 113 44 2058 1980
is_linear=0
shrinkage=0.04


Tree=81
num_leaves=15
num_cat=0
split_feature=291 22 286 265 50 182 298 90 214 32 101 133 102 196
split_gain=15.1583 11.1604 11.3519 10.5462 10.561 11.4811 13.6107 12.2778 10.748 10.3182 9.87038 10.9809 9.86838 14.0149
threshold=0.0038499999791383748 0.0011500000255182388 0.0010500000207684936 0.06840000301599504 0.0012500000302679839 0.017150000669062141 1.0000000180025095e-35 0.0010500000207684936 0.052799999713897712 0.0044499998912215242 0.0048500001430511483 0.0012500000302679839 0.007849999703466894 0.0022500000195577745
decision_type=2 2 2 2 2 2 2 2 2 2 2 2 2 2
left_child=1 2 3 4 5 8 -7 -8 12 -6 11 -5 13 -1
right_child=-2 -3 -4 10 9 6 7 -9 -10 -11 -12 -13 -14 -15
leaf_value=-2.8274636765508446e-05 0.034381560246037106 -0.043822566873161863 0.040165864977231118 0.050955267876732144 -0.014248325026254045 0.043853941795224574 0.043192892782980385 -0.051261202959790308 -0.097986617785747299 0.035364816025677856 -0.028832906719675727 -0.033416056742583744 -0.013508783413414169 0.020843091071718143
leaf_weight=380.07777154445648 21.367202244699001 8.9696440771222097 11.447249144315718 16.531027317047126 115.5696660168469 20.504197746515278 3.4652529507875425 5.5850664526224136 1.676235407590865 6.9841552525758734 4.0932490527629843 2.7673532962799063 68.64129813760519 59.371592648327351
leaf_count=1266 206 42 51 43 603 75 14 25 8 31 21 11 324 195
internal_value=0.0012678 0.000254766 0.000834175 0.000165546 -0.000763261 0.00163937 0.0258357 -0.014582 0.000223909 -0.0113618 0.0265081 0.0385405 0.000575003 0.00278654
internal_weight=727.051 705.684 696.714 685.267 661.875 539.321 29.5545 9.05032 509.767 122.554 23.3916 19.2984 508.091 439.449
internal_count=2915 2709 2667 2616 2541 1907 114 39 1793 634 75 54 1785 1461
is_linear=0
shrinkage=0.04


Tree=82
num_leaves=15
num_cat=0
split_feature=198 127 246 179 195 2 263 277 235 196 254 36 127 109
split_gain=14.6792 15.395 11.3751 12.4221 15.9226 13.1566 10.3665 9.99038 9.65491 9.60401 11.4412 11.3116 9.2602 9.24903
threshold=0.012149999849498274 0.054250000044703491 0.0012500000302679839 1.0000000180025095e-35 0.0010500000207684936 0.0097500002011656779 0.0016499999910593035 0.0093499999493360537 0.0078000000212341556 0.0012500000302679839 0.020650000311434272 0.002549999975599349 0.0019500000635161998 0.0017499999958090486
decision_type=2 2 2 2 2 2 2 2 2 2 2 2 2 2
left_child=1 2 3 5 -5 6 8 9 13 11 -11 -6 -4 -1
right_child=-2 -3 12 4 7 -7 -8 -9 -10 10 -12 -13 -14 -15
leaf_value=0.00056825121592961596 0.032437141853700321 -0.042571168434445576 0.040150263763200522 0.056713877271935616 -0.051405000636763204 -0.06216042934537671 0.04284009823868077 0.028883106575045329 -0.06329962667455033 0.032767293822507801 -0.02959484438920458 0.056651601117501248 0.00072655788536511311 -0.013234562974100073
leaf_weight=474.87299884855747 23.229632556438446 13.120269138365982 20.781982563436031 12.54481555521488 10.302701815962793 5.6782954409718505 8.2153090834617597 19.665827438235283 4.0025261193513861 12.624854825437071 7.3263035193085662 1.7027805894613255 17.934303909540176 92.662058584392071
leaf_count=1802 130 101 134 18 39 28 36 64 21 40 29 5 73 395
internal_value=0.00122199 0.000178051 0.00100479 -0.000245974 0.0164406 -0.00208427 -0.00147834 0.00648571 -0.00212976 -0.00721977 0.00963429 -0.0354071 0.0220402 -0.00168024
internal_weight=724.665 701.435 688.315 649.598 64.1673 585.431 579.753 51.6225 571.538 31.9566 19.9512 12.0055 38.7163 567.535
internal_count=2915 2785 2684 2477 195 2282 2254 177 2218 113 69 44 207 2197
is_linear=0
shrinkage=0.04


Tree=83
num_leaves=15
num_cat=0
split_feature=198 127 265 265 233 109 214 251 176 217 290 1 290 277
split_gain=13.7148 14.4888 11.3769 24.2481 12.9622 14.0153 13.5631 12.8897 12.8703 13.3765 12.4864 11.2508 11.0472 13.5571
threshold=0.012149999849498274 0.054250000044703491 0.0010500000207684936 0.0011500000255182388 0.0060499999672174462 0.0014499999815598132 0.34510000050067907 1.0000000180025095e-35 0.0018500000005587938 0.0018500000005587938 0.0014499999815598132 0.0018500000005587938 0.0012500000302679839 0.0020500000100582842
decision_type=2 2 2 2 2 2 2 2 2 2 2 2 2 2
left_child=1 2 8 10 5 11 -6 -7 -1 -10 -4 12 13 -5
right_child=-2 -3 3 4 6 7 -8 -9 9 -11 -12 -13 -14 -15
leaf_value=-0.0097600595897978579 0.031543082354703274 -0.041722926549946714 -0.044894831704883301 2.7705684859796061e-05 0.010770626934192255 -0.030542986984183135 -0.090901764699180848 0.0033760904768916707 0.045873029836699962 -0.06133384886895784 0.072166960084047244 0.08101247456806171 -0.0023659200398900046 0.065212246030367252
leaf_weight=188.61157015711069 22.941303879022598 12.858903493732212 1.5539478808641423 11.834641724824907 221.03239604085684 47.468454293906689 2.012635886669158 28.418363772332668 12.110009908676146 2.0792095065116873 11.56118870526552 2.7960159480571738 148.37353678792715 9.0452608242630941
leaf_count=707 130 101 8 46 807 252 12 120 39 6 24 10 634 19
internal_value=0.0011776 0.000171994 0.000968059 0.00430495 0.00279599 -0.00348559 0.00979494 -0.0178005 -0.00697575 0.0295643 0.0577594 0.0028118 0.00144926 0.0286328
internal_weight=722.697 699.756 686.897 484.096 470.981 247.936 223.045 75.8868 202.801 14.1892 13.1151 172.049 169.253 20.8799
internal_count=2915 2785 2684 1932 1900 1081 819 372 752 45 32 709 699 65
is_linear=0
shrinkage=0.04


Tree=84
num_leaves=15
num_cat=0
split_feature=291 22 286 265 171 170 198 68 64 290 127 161 169 114
split_gain=13.7842 10.356 10.4775 9.37593 10.2472 14.0519 13.088 12.3989 10.8045 12.0784 10.5609 10.552 9.1916 8.9086
threshold=0.0038499999791383748 0.0011500000255182388 0.0010500000207684936 0.06840000301599504 0.0068500000052154073 0.010650000069290401 0.014250000007450582 0.0017499999958090486 0.006000000052154065 0.42575000226497656 0.049249999225139625 0.0063499999232590207 0.0055499998852610597 0.0019500000635161998
decision_type=2 2 2 2 2 2 2 2 2 2 2 2 2 2
left_child=1 2 3 4 5 6 13 8 9 12 -11 -10 -6 -1
right_child=-2 -3 -4 -5 7 -7 -8 -9 11 10 -12 -13 -14 -15
leaf_value=0.00050311634225485701 0.033773722453989713 -0.042592759906181332 0.039359729157534738 0.025278966635271787 -0.031296433284357508 0.053880721157491131 0.059904397663477917 0.04533891109457186 0.066572603007895581 0.039494648442108364 -0.036312117419025507 -0.055995231815692867 0.038037592477174011 -0.038682694387070782
leaf_weight=544.95731803402305 20.024673316627741 8.8339111134409887 10.965415753424166 22.80229864269495 62.72337119653821 7.8957403153181067 5.7653589546680442 5.2917348444461814 4.2983154207468024 8.6750219464302045 4.2856919467449179 1.3906347937881944 3.0824526697397223 9.3426093533635122
leaf_count=2065 206 42 51 75 260 21 18 18 12 26 22 9 10 80
internal_value=0.00113375 0.000190045 0.000748478 0.000114746 -0.00075531 0.0012237 0.000464724 -0.0133113 -0.0170828 -0.0209694 0.0140354 0.0354708 -0.0279352 -0.000156996
internal_weight=720.335 700.31 691.476 680.511 657.708 567.961 560.065 89.7472 84.4555 78.7665 12.9607 5.68895 65.8058 554.3
internal_count=2915 2709 2667 2616 2541 2184 2163 357 339 318 48 21 270 2145
is_linear=0
shrinkage=0.04


Tree=85
num_leaves=15
num_cat=0
split_feature=178 174 50 277 244 196 297 205 248 219 105 171 36 278
split_gain=13.2067 10.4142 11.7621 12.2829 16.5632 16.5166 14.3939 14.1628 14.1396 13.8097 12.2227 12.2185 11.8883 11.3673
threshold=0.0010500000207684936 0.0030500000575557355 0.0014499999815598132 1.0000000180025095e-35 1.0000000180025095e-35 0.002549999975599349 0.0017499999958090486 0.012450000271201135 0.0041499999351799497 0.0013499999768100681 0.0010500000207684936 0.0011500000255182388 0.0038499999791383748 0.0014499999815598132
decision_type=2 2 2 2 2 2 2 2 2 2 2 2 2 2
left_child=1 2 3 4 5 6 7 9 12 -1 -10 -6 -7 -4
right_child=-2 -3 13 -5 11 8 -8 -9 10 -11 -12 -13 -14 -15
leaf_value=-0.0087251995007075218 0.044188757585387595 0.035229104608179268 -0.018624826255031274 0.0060487634499830044 0.060564962028514781 -0.030902928965293355 0.11022370339841109 0.067562519256660639 0.10020980060726391 -0.042451865747452112 -0.044064424273973155 -0.034928229153724497 0.092868494720097922 0.0068575001612770281
leaf_weight=37.754401531070471 11.75558879226446 14.355364333838223 84.181978181004524 479.67986321076751 8.4693114235997182 6.7028376236557943 1.2060972452163685 2.5409266352653495 4.7487644404172888 40.849299021065235 1.0613688603043554 2.7282089143991461 1.4131278246641157 41.605471976101398
leaf_count=156 104 62 473 1694 22 35 3 7 12 202 7 12 6 175
internal_value=0.0022978 0.00160922 0.000921813 0.00330527 -0.00889657 -0.0142903 -0.0211311 -0.023266 0.0257387 -0.026335 0.072878 0.0368413 -0.00799732 -0.0101658
internal_weight=739.053 727.297 712.942 587.154 107.474 96.2768 82.3507 81.1446 13.9261 78.6037 5.81013 11.1975 8.11597 125.787
internal_count=2970 2866 2804 2156 462 428 368 365 60 358 19 34 41 648
is_linear=0
shrinkage=0.04


Tree=86
num_leaves=15
num_cat=0
split_feature=178 109 216 102 239 290 244 99 277 205 244 101 171 290
split_gain=12.6716 9.42085 18.9223 15.6004 12.8533 12.6773 12.6702 11.6805 10.7175 17.089 13.5859 13.1585 10.384 10.0627
threshold=0.0010500000207684936 0.0017499999958090486 0.0011500000255182388 0.10510000213980676 0.0030500000575557355 0.0034500000765547161 0.0037500000325962905 0.0022500000195577745 1.0000000180025095e-35 0.010350000113248827 1.0000000180025095e-35 0.0049499999731779107 0.0011500000255182388 0.0010500000207684936
decision_type=2 2 2 2 2 2 2 2 2 2 2 2 2 2
left_child=1 2 8 5 -3 6 7 -4 9 10 11 -1 -12 -10
right_child=-2 4 3 -5 -6 -7 -8 -9 13 -11 12 -13 -14 -15
leaf_value=-0.019541872997984135 0.04398447164486137 -0.025057678379630768 -0.051426773894250107 -0.12588589171724734 0.00099769172814376857 0.046429787690685807 0.053387635819357938 0.052269603696959481 0.027243775970329336 0.046946912382931305 0.051059796084825707 0.087986910816927735 -0.035202009039572338 0.0029450698395697
leaf_weight=99.806731797754765 11.346502196043728 46.293159160763025 7.1273556649684888 0.91771936416625877 86.482993956655264 30.553602565079927 4.6918008625507346 2.1654437184333801 29.25539905577898 8.0622693672776204 8.3770620711147767 1.7448119521141041 2.8949506878852835 397.10457151755691
leaf_count=483 104 236 16 5 331 148 12 6 88 31 23 7 13 1467
internal_value=0.00221343 0.00154865 0.00371083 0.0284854 -0.00806858 0.0320308 0.000181559 -0.026538 0.00164083 -0.00885594 -0.012917 -0.0175703 0.028439 0.00462774
internal_weight=736.824 725.478 592.702 45.4559 132.776 44.5382 13.9846 9.2928 547.246 120.886 112.824 101.552 11.272 426.36
internal_count=2970 2866 2299 187 567 182 34 22 2112 557 526 490 36 1555
is_linear=0
shrinkage=0.04


Tree=87
num_leaves=15
num_cat=0
split_feature=291 125 127 213 291 93 155 150 300 127 301 301 170 301
split_gain=12.2298 9.65725 9.45151 12.2176 12.2465 11.2413 9.6505 15.2681 16.3043 13.2296 11.5556 12.8651 12.3055 12.2988
threshold=0.0038499999791383748 0.0050000001210719356 0.051400000229477889 0.0012500000302679839 0.0034500000765547161 0.0016499999910593035 0.020800000056624416 0.0073500000871717939 0.002549999975599349 0.011549999937415125 0.015050000045448543 0.01124999998137355 0.0012500000302679839 0.0070500001311302194
decision_type=2 2 2 2 2 2 2 2 2 2 2 2 2 2
left_child=2 -2 3 5 -5 6 7 8 10 -8 11 13 -12 -1
right_child=1 -3 -4 4 -6 -7 9 -9 -10 -11 12 -13 -14 -15
leaf_value=0.0013607509142089939 0.039273736304503808 -0.10018663891108594 -0.024829569571853959 0.020931143025586189 -0.12750008909287838 0.083160895944137114 0.038736766522180013 -0.019388578378592623 0.041004744881837328 -0.023342139679507747 -0.074120135717016603 0.040560457415748187 -0.0087036550638830458 -0.034161409649666817
leaf_weight=467.56389969214797 18.67640928551555 0.7208368182182302 21.400265369564295 62.659526981413364 0.79677539318799873 2.5150017738342276 21.210072007030252 64.577936720103025 15.860706500709055 7.2385821901261798 6.4914155304431942 12.860661178827284 15.935855560004709 16.031756587326527
leaf_count=1662 214 5 137 241 5 7 75 354 59 37 19 34 56 65
internal_value=0.00213382 0.0333987 0.00127566 0.00209017 0.0188068 0.000398099 4.69686e-05 -0.00102882 0.00118412 0.0227746 -3.30382e-05 0.00123044 -0.0280605 0.000168061
internal_weight=734.54 19.3972 715.142 693.742 63.4563 630.286 627.771 599.322 534.744 28.4487 518.884 496.456 22.4273 483.596
internal_count=2970 219 2751 2614 246 2368 2361 2249 1895 112 1836 1761 75 1727
is_linear=0
shrinkage=0.04


Tree=88
num_leaves=15
num_cat=0
split_feature=258 37 111 112 213 301 120 111 214 136 173 179 171 113
split_gain=11.9611 10.149 9.58257 10.0085 12.6322 12.6668 9.84723 10.9171 10.4143 9.45843 9.85768 8.94419 13.619 16.3564
threshold=0.0011500000255182388 0.0017499999958090486 0.05334999971091748 0.0010500000207684936 0.0012500000302679839 0.1176000013947487 0.14779999852180484 0.0036499999696388845 0.48160000145435339 0.011150000151246788 0.015099999960511925 1.0000000180025095e-35 1.0000000180025095e-35 0.0010500000207684936
decision_type=2 2 2 2 2 2 2 2 2 2 2 2 2 2
left_child=1 2 3 4 5 9 8 -8 -6 10 11 12 13 -1
right_child=-2 -3 -4 -5 6 -7 7 -9 -10 -11 -12 -13 -14 -15
leaf_value=0.0041634191604612934 0.034697940276297391 -0.053408956631268774 0.05966137792621052 -0.022249039630259624 0.027180039429843227 -0.078680971371772893 -0.039264672606467405 0.076083020917801183 -0.080870564729333835 0.047180092509732 0.041720938065824574 0.013657816387948399 -0.012151243774221372 -0.031004891651409773
leaf_weight=351.12697079405189 17.437764085829258 5.2905931845307341 4.4326421469449988 27.637181110680103 57.972209423780441 3.1209344565868369 7.6749993003904802 1.4665799885988233 1.3509461656212796 6.8693707585334769 8.9560785293579084 64.940479781478643 152.17247243970633 22.401377033442259
leaf_count=1240 118 49 16 177 267 13 37 5 8 18 31 198 642 151
internal_value=0.00205303 0.001247 0.0016673 0.00128895 0.00225739 0.000419691 0.0185368 -0.0197036 0.0245202 0.00084625 0.000300971 -0.000327278 -0.00206475 0.00203585
internal_weight=732.851 715.413 710.122 705.69 678.052 609.588 68.4647 9.14158 59.3232 606.467 599.597 590.641 525.701 373.528
internal_count=2970 2852 2803 2787 2610 2293 317 42 275 2280 2262 2231 2033 1391
is_linear=0
shrinkage=0.04


Tree=89
num_leaves=15
num_cat=0
split_feature=291 50 164 254 244 277 155 300 290 219 136 218 136 247
split_gain=11.4743 9.78754 14.118 11.5701 17.2207 21.2442 15.1484 15.5443 12.2623 14.1186 11.9979 12.0146 9.93241 9.51073
threshold=0.0038499999791383748 0.0014499999815598132 0.035099999979138381 0.0067499999422580012 1.0000000180025095e-35 0.0088499998673796671 0.018849999643862251 0.0014499999815598132 0.0017499999958090486 0.043950000777840621 0.008400000166147949 0.0022500000195577745 0.0060499999672174462 0.0010500000207684936
decision_type=2 2 2 2 2 2 2 2 2 2 2 2 2 2
left_child=1 2 3 4 6 8 7 -1 -6 13 11 12 -5 -10
right_child=-2 -3 -4 10 5 -7 -8 -9 9 -11 -12 -13 -14 -15
leaf_value=-0.012554273424110083 0.032983803366017667 -0.0089128817902711863 -0.054339944247813916 0.013460113342213389 0.036851357562168167 -0.0480508276620688 0.087935340363254191 0.044697689241985417 -0.011233813499156038 0.069262035058261534 0.066283230084799236 -0.0095034775855699673 -0.063324455143493941 0.019499800709213363
leaf_weight=178.76750687509775 18.517777096480131 126.59208814054728 6.6017893105745307 222.38748369365931 31.722449436783791 8.8329170197248441 2.4488455429673186 7.8003121241927138 37.965907834470272 5.2668046504259101 5.831548072397708 47.801240108907223 2.6137861609458914 27.788726449012756
leaf_count=730 219 643 31 791 77 29 9 25 115 11 17 193 8 72
internal_value=0.00197609 0.00115999 0.00334461 0.00401825 -0.0014131 0.0110263 -0.0087792 -0.0101165 0.0161858 0.00686031 0.0098904 0.00864642 0.0125226 0.00170374
internal_weight=730.939 712.421 585.829 579.228 300.593 111.577 189.017 186.568 102.744 71.0214 278.634 272.803 225.001 65.7546
internal_count=2970 2751 2108 2077 1068 304 764 755 275 198 1009 992 799 187
is_linear=0
shrinkage=0.04


Tree=90
num_leaves=15
num_cat=0
split_feature=293 174 248 51 254 301 176 93 22 286 221 50 167 254
split_gain=13.8869 10.3714 9.8267 9.0311 9.46749 11.1644 9.70066 8.73037 8.76908 10.7301 9.64431 11.6163 10.4335 10.9498
threshold=0.0024500000290572648 0.0030500000575557355 0.70265001058578502 0.0010500000207684936 0.0059500001370906839 0.12014999985694887 0.012099999934434892 0.0015499999863095584 0.0011500000255182388 0.0010500000207684936 0.018450000323355201 0.0014499999815598132 0.007299999939277769 0.17460000514984134
decision_type=2 2 2 2 2 2 2 2 2 2 2 2 2 2
left_child=1 2 7 4 -2 -6 -7 8 9 10 11 -1 13 -13
right_child=3 -3 -4 -5 5 6 -8 -9 -10 -11 -12 12 -14 -15
leaf_value=-0.00042117029927661142 -0.046204665813371008 0.039905448436796977 0.091591570491240046 -0.11716495062364665 0.038401263997610534 -0.081881010684322228 0.0202685192728317 0.062470660035447038 -0.043776817629110926 0.040167736606345955 0.025430740469573766 -0.021389404388369958 0.053705311516445919 0.026513044874782093
leaf_weight=528.32366391271353 2.681366901844739 9.8378467224538308 1.7177404463291157 0.62186066806316276 34.813913907855749 2.3568358868360511 3.5961054190993309 3.2918833270668975 7.7890976667404166 9.7122363261878473 19.808046892285347 92.092210087925196 3.2909678220748892 8.1679114326834661
leaf_count=1913 11 39 4 2 205 10 41 13 37 47 73 523 9 33
internal_value=0.000750112 -0.000647775 -0.00125129 0.0224902 0.0248454 0.0297181 -0.0201974 -0.00150797 -0.00183796 -0.00133147 -0.00196215 -0.00283108 -0.0150757 -0.0174245
internal_weight=728.102 684.032 674.194 44.0701 43.4482 40.7669 5.95294 672.476 669.184 661.395 651.683 631.875 103.551 100.26
internal_count=2960 2691 2652 269 267 256 51 2648 2635 2598 2551 2478 565 556
is_linear=0
shrinkage=0.04


Tree=91
num_leaves=15
num_cat=0
split_feature=174 178 218 268 109 290 212 233 216 244 233 256 248 75
split_gain=12.2404 10.8266 12.1079 11.1937 14.296 12.6512 13.0401 14.6272 10.703 10.6187 10.5207 9.68077 9.3348 9.14063
threshold=0.0017499999958090486 0.0010500000207684936 0.0079499999992549437 0.0016499999910593035 0.0016499999910593035 0.01625000033527613 0.0020500000100582842 0.016549999825656418 0.0027499999850988392 0.0019500000635161998 0.079799998551607146 0.0039500000420957812 0.70265001058578502 0.0021499999566003685
decision_type=2 2 2 2 2 2 2 2 2 2 2 2 2 2
left_child=1 2 3 8 5 -5 7 -7 12 -10 -6 -4 13 -1
right_child=-2 -3 11 4 10 6 -8 -9 9 -11 -12 -13 -14 -15
leaf_value=-0.0023434246112536438 0.029811654699624431 0.043754919018664254 -0.045194685070505523 0.049506848703203106 -0.06091127746302951 -0.053609822488680674 0.022701464804181001 0.018978993002077442 -0.046649042562211814 0.045202085268396468 0.017867984357241542 0.044342760384766387 0.087136635066713222 -0.03781217250052863
leaf_weight=561.02282991632819 22.334451623260975 8.7511781603097898 15.056946132332088 17.370114453136921 6.5611320957541448 8.9951382353901881 42.155444350093603 8.4996033050119859 2.2563361451029769 12.944113966077564 4.4078725278377533 2.0887565091252318 1.738004982471465 11.792490914463995
leaf_count=2202 116 86 60 58 37 33 208 32 8 36 14 9 4 57
internal_value=0.000724365 -0.000197324 -0.000762815 7.34836e-05 0.0133794 0.0194991 0.0106256 -0.0182087 -0.00190687 0.0310906 -0.0290172 -0.0338611 -0.00279207 -0.00308707
internal_weight=725.974 703.64 694.889 677.743 87.9893 77.0203 59.6502 17.4947 589.754 15.2005 10.969 17.1457 574.553 572.815
internal_count=2960 2844 2758 2689 382 331 273 65 2307 44 51 69 2263 2259
is_linear=0
shrinkage=0.04


Tree=92
num_leaves=15
num_cat=0
split_feature=233 178 174 218 269 216 75 48 256 182 196 105 155 221
split_gain=11.8283 10.0677 8.08609 11.4452 10.2293 8.9969 11.2167 9.55584 8.85122 8.78127 16.3015 16.5434 12.4017 11.7493
threshold=0.13740000128746035 0.0010500000207684936 0.0017499999958090486 0.0079499999992549437 0.0011500000255182388 0.0027499999850988392 0.0021499999566003685 0.0011500000255182388 0.0039500000420957812 0.0011500000255182388 0.0029499999945983295 1.0000000180025095e-35 0.080499999225139632 0.0051500000990927228
decision_type=2 2 2 2 2 2 2 2 2 2 2 2 2 2
left_child=1 2 3 5 -4 6 7 9 -5 10 12 -12 -1 -11
right_child=-2 -3 4 8 -6 -7 -8 -9 -10 13 11 -13 -14 -15
leaf_value=-0.008712789355352888 0.030673503518776457 0.043640584721898475 0.045687969149745745 -0.044468228049804062 -0.024290222097338793 0.02905892516013963 -0.038835107160453103 0.066284063490066977 0.043544805494082899 0.0020874470470144792 0.038441454943417018 -0.015027025177285611 0.095775739937743104 0.033481282765616197
leaf_weight=314.19410597160459 20.371459294110537 8.192190330475567 12.201112553477289 14.90482682362199 4.4344306513667098 15.92257636040449 12.38158395886421 3.3046186938881865 1.9557750523090351 253.92322818189859 25.371030263602734 14.346109852194784 1.7226316034793843 20.567213919013739
leaf_count=1213 122 81 46 58 26 57 60 13 7 1041 73 84 4 75
internal_value=0.000700348 -0.000166241 -0.000694391 -0.00137721 0.0267616 -0.000539382 -0.00127971 -0.000533292 -0.0338266 -0.000900518 -0.00505365 0.0190386 -0.00810025 0.00446565
internal_weight=723.793 703.421 695.229 678.594 16.6355 661.733 645.811 633.429 16.8606 630.124 355.634 39.7171 315.917 274.49
internal_count=2960 2838 2757 2685 72 2620 2563 2503 65 2490 1374 157 1217 1116
is_linear=0
shrinkage=0.04


Tree=93
num_leaves=15
num_cat=0
split_feature=291 174 25 39 184 93 301 249 248 32 238 159 254 50
split_gain=12.6501 9.07308 9.31253 8.25039 8.18668 8.16849 8.85404 8.24387 8.09067 7.27658 19.6845 9.99281 9.24026 8.8368
threshold=0.0038499999791383748 0.0030500000575557355 0.021999999880790714 0.003249999950639904 0.002600000007078052 0.0015499999863095584 0.1176000013947487 0.0043500000610947618 0.70265001058578502 0.0048500001430511483 0.0068500000052154073 0.0072500000242143878 0.015150000341236593 0.0012500000302679839
decision_type=2 2 2 2 2 2 2 2 2 2 2 2 2 2
left_child=1 3 -3 4 5 6 7 8 9 13 -11 -12 -13 -1
right_child=-2 2 -4 -5 -6 -7 -8 -9 -10 10 11 12 -14 -15
leaf_value=5.9354120959676216e-05 0.036156555185011763 0.049198933510717073 -0.062389912820431478 -0.04756280360762917 0.059816771143431535 0.058647467319859203 -0.046076710985344695 0.038406548722011921 0.082500482176504381 -0.033412036177921337 0.050172547606471794 -0.033928179771671563 0.036489515179122967 -0.011961524124821299
leaf_weight=504.35138165205717 15.629809033125637 9.7577247917652112 1.2454741746187199 5.8567413464188567 3.5071733482182017 3.6015211790800086 6.7801997810602179 8.5163319110870344 1.7516413927078236 9.7840917855501157 18.087065890431408 5.6175047978758794 6.113084688782692 121.10410062596202
leaf_count=1781 204 37 7 52 15 14 30 28 4 57 48 34 21 628
internal_value=0.000677624 -0.00010709 0.0357596 -0.000685687 -0.000274694 -0.000596553 -0.000923776 -0.000457768 -0.000965816 -0.00120404 0.015389 0.031594 0.00242827 -0.00226334
internal_weight=721.704 706.074 11.0032 695.071 689.214 685.707 682.105 675.325 666.809 665.057 39.6017 29.8177 11.7306 625.455
internal_count=2960 2756 44 2712 2660 2645 2631 2601 2573 2569 160 103 55 2409
is_linear=0
shrinkage=0.04


Tree=94
num_leaves=15
num_cat=0
split_feature=293 173 50 51 39 1 247 1 249 248 6 125 293 15
split_gain=11.9916 8.59786 9.56154 8.13557 7.68171 8.11544 13.688 8.58027 7.61618 7.60473 8.16175 12.5456 11.6073 11.8442
threshold=0.0024500000290572648 0.015099999960511925 0.010250000283122064 0.0010500000207684936 0.003249999950639904 0.0015499999863095584 0.0038499999791383748 0.0013499999768100681 0.0043500000610947618 0.70265001058578502 0.0011500000255182388 0.0050000001210719356 0.0015499999863095584 0.0012500000302679839
decision_type=2 2 2 2 2 2 2 2 2 2 2 2 2 2
left_child=1 4 -3 -2 5 7 -7 8 9 10 -1 12 13 -12
right_child=3 2 -4 -5 -6 6 -8 -9 -10 -11 11 -13 -14 -15
leaf_value=0.00039393243829686641 0.023798362795207188 0.049965100247923735 -0.052849715231581225 -0.10764283495504881 -0.047152474324278319 0.058169918091476557 -0.02763529359036478 -0.079439167809678829 0.037160286995058106 0.079084962273986814 -0.019044297341608646 0.040837839892858156 0.050528603369056721 0.037744908004993388
leaf_weight=505.17048008367419 41.289485696703196 9.3643224388360959 1.5878373235464085 0.6598731055855741 5.6759262271225444 8.9459848292171937 4.2868646830320349 2.1505250930786124 8.0818210467696172 1.7583605051040638 113.72192109748721 6.9882654175162306 4.2114453241229048 6.060533605515956
leaf_count=1842 267 34 9 2 52 31 22 9 28 4 586 31 14 29
internal_value=0.000654083 -0.000625615 0.0343538 0.0213846 -0.00121099 -0.000803608 0.030074 -0.00144473 -0.00116664 -0.00166423 -0.00190611 -0.0108009 -0.0137741 -0.0161085
internal_weight=719.954 678.004 10.9522 41.9494 667.052 661.376 13.2328 648.143 645.993 637.911 636.153 130.982 123.994 119.782
internal_count=2960 2691 43 269 2648 2596 53 2543 2534 2506 2502 660 629 615
is_linear=0
shrinkage=0.04


Tree=95
num_leaves=15
num_cat=0
split_feature=254 244 108 217 124 247 241 171 99 248 32 254 171 50
split_gain=12.9295 27.2536 13.352 11.5419 11.4446 11.434 9.72585 9.63504 7.78822 7.75514 15.0253 11.6807 11.2382 10.0271
threshold=0.0015499999863095584 0.0017499999958090486 0.002549999975599349 0.0022500000195577745 0.070250000804662718 0.0012500000302679839 0.0018500000005587938 1.0000000180025095e-35 0.0038499999791383748 0.0020500000100582842 0.020999999716877941 0.064649999141693129 0.058799998834729202 0.0011500000255182388
decision_type=2 2 2 2 2 2 2 2 2 2 2 2 2 2
left_child=1 2 3 8 6 7 9 -3 -1 10 11 13 -11 -2
right_child=4 5 -4 -5 -6 -7 -8 -9 -10 12 -12 -13 -14 -15
leaf_value=-0.028439644779215529 -0.0015049247576730195 0.044948986612431949 0.082842978247200494 0.11938677921725162 -0.021039898659164599 -0.042613216186300561 0.042535144003631328 -0.062142828918684348 0.052478864566634663 0.01103110119554084 0.07630506402130241 0.018741056063884331 -0.029256589538641454 -0.024731682439516799
leaf_weight=79.733625214546919 234.11502059549093 18.831875666975982 1.7685378938913334 0.77022223174571891 29.549316219985485 3.1958402693271628 10.443121977150438 1.3308400064706791 1.8268526643514622 230.01473953202367 3.9260207563638678 39.683165527880192 11.494793727993963 34.055431850254536
leaf_count=383 814 45 5 3 176 10 100 4 5 972 13 161 40 197
internal_value=0.000842404 -0.0119101 -0.0225493 -0.0249595 0.00316056 0.026157 0.00443968 0.0374112 -0.0265161 0.00370586 -0.000450215 -0.00146652 0.00908571 -0.00447756
internal_weight=700.739 107.458 84.0992 82.3307 593.282 23.3586 563.732 20.1627 81.5605 553.289 311.78 307.854 241.51 268.17
internal_count=2928 455 396 391 2473 59 2297 49 388 2197 1185 1172 1012 1011
is_linear=0
shrinkage=0.04


Tree=96
num_leaves=15
num_cat=0
split_feature=241 297 244 105 248 195 155 102 124 238 290 90 50 268
split_gain=10.4379 10.5615 9.30175 15.2962 10.9901 13.989 10.9477 14.7262 10.6524 10.0148 12.0986 13.2312 13.3994 11.7913
threshold=0.0018500000005587938 0.0055499998852610597 0.0018500000005587938 0.0043500000610947618 0.059149999171495445 0.0052499999292194852 0.0061500000301748523 0.18840000033378604 0.066350001841783537 0.051850000396370895 0.10759999975562097 0.0021499999566003685 0.0052499999292194852 0.0020500000100582842
decision_type=2 2 2 2 2 2 2 2 2 2 2 2 2 2
left_child=1 2 4 -4 6 -6 8 -8 9 10 13 12 -12 -1
right_child=-2 -3 3 -5 5 -7 7 -9 -10 -11 11 -13 -14 -15
leaf_value=-0.0095811443785592202 0.039123484162130545 0.043527912075322459 0.012254935311238226 -0.02110072951497656 -0.0088417631065118209 0.042400936816841324 0.019158854478419009 -0.034743789289711453 -0.042042772784584737 -0.045004988783193978 0.03241808479144611 -0.041531936291329549 -0.044241169908180888 0.018605271605641256
leaf_weight=312.80171485990286 11.096663523465393 8.7793270386755449 152.91735333949327 25.523898530751467 15.619513042271135 18.314065858721733 52.512695334851742 9.451075650751589 13.503166638314722 10.166345626115797 32.874267801642418 5.5687243901193133 3.973150420933961 25.517301082611084
leaf_count=1299 104 37 537 128 86 73 236 53 92 44 103 24 14 98
internal_value=0.000811581 0.000181807 -0.000379298 0.00745225 -0.00318148 0.0187399 -0.00478876 0.0108301 -0.00719389 -0.00596941 -0.00490504 0.0151784 0.0239465 -0.00743853
internal_weight=698.619 687.523 678.743 178.441 500.302 33.9336 466.368 61.9638 404.405 390.902 380.735 42.4161 36.8474 338.319
internal_count=2928 2824 2787 665 2122 159 1963 289 1674 1582 1538 141 117 1397
is_linear=0
shrinkage=0.04


Tree=97
num_leaves=15
num_cat=0
split_feature=254 244 108 247 217 171 241 137 182 269 221 219 238 105
split_gain=11.6645 24.6291 12.253 10.6558 10.4235 9.03445 8.77094 9.83669 10.0061 12.7792 12.0342 10.5828 16.9895 11.1612
threshold=0.0015499999863095584 0.0017499999958090486 0.002549999975599349 0.0012500000302679839 0.0022500000195577745 1.0000000180025095e-35 0.0018500000005587938 0.0011500000255182388 0.017150000669062141 0.012850000057369472 0.018450000323355201 0.016050000675022606 0.0053499999921768912 0.0017499999958090486
decision_type=2 2 2 2 2 2 2 2 2 2 2 2 2 2
left_child=1 2 4 5 -1 -3 7 8 9 10 11 13 -13 -2
right_child=6 3 -4 -5 -6 -7 -8 -9 -10 -11 -12 12 -14 -15
leaf_value=-0.025579758309438223 0.0090624670453300013 0.043292337329457968 0.078939123181932275 -0.041164568281025271 0.10951053121684831 -0.060919413454011057 0.038493822785939172 -0.016845557365462858 0.024894361582011679 0.037705567945351126 0.029813531598180829 -0.027408051778139604 -0.00028450451761929572 -0.010177969238020827
leaf_weight=80.035590063780546 216.24200654402375 18.587357804179199 1.7797151505947102 3.2172327488660803 0.81687471270561118 1.316217467188834 10.8340429328382 39.808678518980742 33.437019929289818 15.719621915370224 22.288726728409529 50.21694577857852 140.2462658919394 61.821456242352724
leaf_count=388 743 45 5 10 3 4 104 194 194 56 80 205 537 360
internal_value=0.000780997 -0.0114391 -0.021673 0.0248997 -0.0240319 0.0359308 0.00297742 0.00230032 0.00372209 0.00231195 0.00116278 -0.000197729 -0.00746744 0.00476827
internal_weight=696.368 105.753 82.6322 23.1208 80.8525 19.9036 590.615 579.781 539.972 506.535 490.815 468.527 190.463 278.063
internal_count=2928 455 396 59 391 49 2473 2369 2175 1981 1925 1845 742 1103
is_linear=0
shrinkage=0.04


Tree=98
num_leaves=15
num_cat=0
split_feature=293 254 244 205 247 217 39 219 195 261 219 30 225 265
split_gain=11.7641 9.33225 22.9313 10.3349 9.90297 9.41939 9.12596 9.66381 19.5396 24.4076 17.7163 13.4503 10.7915 9.79166
threshold=0.0045499999541789302 0.0015499999863095584 0.0017499999958090486 0.015399999916553499 0.0012500000302679839 0.0022500000195577745 0.0011500000255182388 0.0045499999541789302 0.0048500001430511483 0.0010500000207684936 0.0044499998912215242 0.0011500000255182388 0.0041499999351799497 0.0071499999612569818
decision_type=2 2 2 2 2 2 2 2 2 2 2 2 2 2
left_child=1 2 3 5 -4 -1 7 8 10 11 13 12 -10 -3
right_child=-2 6 4 -5 -6 -7 -8 -9 9 -11 -12 -13 -14 -15
leaf_value=-0.024850121615239085 0.031569586711813639 0.014466996748774821 0.034864243074913127 0.068509575315881838 -0.03923757458656757 0.10047725318988786 -0.035940708814297145 -0.00046414661269003437 -0.036985251951994896 0.079761547868767865 0.16291322752096135 0.093456885952950958 0.068972746205215679 0.058125342463388123
leaf_weight=78.869967367500067 19.171268552541733 95.055583268404007 19.688435658812526 1.8948376104235638 3.2445556223392478 0.86269019544124503 9.9110835939645749 419.61027722433209 28.769430730491884 3.8396185860037795 1.2839981019496907 1.3372800946235646 1.509298488497733 9.0098034739494306
leaf_count=387 172 356 49 6 10 3 76 1645 156 11 2 4 4 47
internal_value=0.000753195 -0.000120816 -0.0111058 -0.021058 0.0240818 -0.0233198 0.0018877 0.00257013 0.0116348 -0.0139554 0.0202903 -0.0256786 -0.0313623 0.0183374
internal_weight=694.058 674.887 104.56 81.6275 22.933 79.7327 570.326 560.415 140.805 35.4556 105.349 31.616 30.2787 104.065
internal_count=2928 2756 455 396 59 390 2301 2225 580 175 405 164 160 403
is_linear=0
shrinkage=0.04


Tree=99
num_leaves=15
num_cat=0
split_feature=293 124 196 247 124 248 171 159 120 124 195 248 300 47
split_gain=11.1032 8.83232 8.69336 13.8934 14.5792 11.856 15.7579 15.0261 10.5353 14.9206 13.5769 12.7551 12.2166 11.6089
threshold=0.0045499999541789302 0.070250000804662718 0.0022500000195577745 0.014650000259280207 1.0000000180025095e-35 0.0013499999768100681 0.016300000250339512 0.0020500000100582842 0.0035500000230968003 0.0084500000812113302 0.0022500000195577745 0.0020500000100582842 0.002650000038556755 0.0030500000575557355
decision_type=2 2 2 2 2 2 2 2 2 2 2 2 2 2
left_child=1 2 3 8 -5 6 -4 -7 10 -10 12 -12 -1 -11
right_child=-2 -3 5 4 -6 7 -8 -9 9 13 11 -13 -14 -15
leaf_value=-0.0022288013230263174 0.031008768313467359 -0.021668664513201232 -0.021824261027993442 0.039532880266510528 -0.033409065558195408 0.05211125144445726 0.033710887388475198 0.010163112826995342 0.031705115551780322 -0.033530480406480288 -0.031611061350608441 -0.0046372025309296327 0.037006160130057732 0.087760322077146929
leaf_weight=325.78905886411667 18.747732564806938 29.015820700675249 30.176864426583052 23.109700489789251 5.265437524765729 17.620200302451849 11.068268746137617 61.739085417240858 29.551152385771275 11.28332908824086 50.654647722840309 63.711345363408327 13.108571108430622 1.3097348809242237
leaf_count=1207 172 182 160 78 29 50 38 248 123 85 206 281 66 3
internal_value=0.00072766 -0.000113915 0.000853669 -0.00136947 0.0257871 0.010535 -0.00677898 0.0195811 -0.00293786 0.0161471 -0.00472437 -0.0166365 -0.000688924 -0.0200085
internal_weight=692.151 673.403 644.387 523.783 28.3751 120.604 41.2451 79.3593 495.408 42.1442 453.264 114.366 338.898 12.5931
internal_count=2928 2756 2574 2078 107 496 198 298 1971 211 1760 487 1273 88
is_linear=0
shrinkage=0.04


Tree=100
num_leaves=15
num_cat=0
split_feature=291 59 251 208 233 127 219 208 268 301 90 205 90 90
split_gain=10.0674 8.75149 8.51498 8.59674 17.2038 15.8602 14.6384 16.1984 18.2327 11.7165 11.7119 14.7243 11.7826 11.4389
threshold=0.0031500000040978198 1.0000000180025095e-35 0.0010500000207684936 1.0000000180025095e-35 0.0022500000195577745 0.018749999813735489 0.021249999292194847 0.0085500003769993799 0.002650000038556755 0.0024500000290572648 0.0037500000325962905 0.015649999491870407 0.032949998974800117 0.0027499999850988392
decision_type=2 2 2 2 2 2 2 2 2 2 2 2 2 2
left_child=1 2 3 10 5 -5 -6 8 9 -8 11 -1 -12 -9
right_child=-2 -3 -4 4 6 -7 7 13 -10 -11 12 -13 -14 -15
leaf_value=0.0057566574672011442 0.031020696512476222 -0.02051618424288559 0.013464581486693175 -0.024494429074739241 0.01164003397998618 0.070317530856388255 -0.010020747599822291 0.028308580553662522 0.02041952159283272 -0.048906877397032054 -0.039976484122408992 0.046346304506745817 0.033655235098312669 -0.03437473160260357
leaf_weight=237.81766605749726 19.45413488894701 26.653027821332216 101.35671917721629 70.598595127463341 111.30353128165007 2.8255242332816115 22.53552882373333 22.405998341739181 13.316188372671602 28.485286250710487 15.492358162999155 15.163784358650444 4.3345947712659827 5.7335433512926093
leaf_count=897 230 198 391 322 370 8 83 72 52 108 71 50 13 25
internal_value=0.00271105 0.00188843 0.00281434 0.000842339 -0.00410945 -0.0207008 0.00185618 -0.00987619 -0.0209645 -0.0318626 0.00588824 0.00822277 -0.0235902 0.0153185
internal_weight=697.476 678.022 651.369 550.013 277.204 73.4241 203.78 92.4765 64.337 51.0208 272.808 252.981 19.827 28.1395
internal_count=2890 2660 2462 2071 1040 330 710 340 243 191 1031 947 84 97
is_linear=0
shrinkage=0.04


Tree=101
num_leaves=15
num_cat=0
split_feature=251 150 155 238 102 219 188 215 171 176 219 277 205 196
split_gain=9.02749 10.7285 11.0357 10.382 10.6866 9.82313 10.1473 10.3876 9.48549 10.8841 11.0284 17.7557 13.9124 14.5796
threshold=1.0000000180025095e-35 0.0011500000255182388 0.0039500000420957812 0.0047500000800937423 0.21860000491142276 0.14890000224113467 0.056149998679757125 0.0047999999951571235 0.0041499999351799497 0.0018500000005587938 0.0016499999910593035 0.0041499999351799497 0.0088499998673796671 0.0046500000171363362
decision_type=2 2 2 2 2 2 2 2 2 2 2 2 2 2
left_child=1 2 8 -2 -5 6 7 -3 9 10 -1 12 13 -12
right_child=3 5 -4 4 -6 -7 -8 -9 -10 -11 11 -13 -14 -15
leaf_value=0.016801996151911525 -0.021523880819571919 -0.011331633099711439 0.048559854600202741 0.019067408163419435 -0.039697257581193246 0.045737365232509694 0.053988531083890914 0.066188456566852225 -0.017861886066095387 0.025104182559111638 -0.019925811000847712 0.009566762816109969 0.042236142980430193 0.03913822127107968
leaf_weight=68.138398595154285 12.768013518303631 180.7774096056819 8.7547623626887781 106.26529014110565 5.0599872507154933 5.3301800526678553 3.9194914102554312 2.6964882463216773 30.802848111838102 39.091548208147287 102.1482013091445 115.93775730952621 6.8399096578359595 7.0209975689649573
leaf_count=224 66 942 22 452 26 25 12 7 134 186 402 352 24 16
internal_value=0.00261064 0.000479022 0.00439496 0.0123864 0.0163273 -0.007194 -0.00874449 -0.0101351 0.00332624 0.00526696 0.00266198 -0.00148011 -0.0125534 -0.0160583
internal_weight=695.551 571.458 378.734 124.093 111.325 192.724 187.393 183.474 369.98 339.177 300.085 231.947 116.009 109.169
internal_count=2890 2346 1360 544 478 986 961 949 1338 1204 1018 794 442 418
is_linear=0
shrinkage=0.04


Tree=102
num_leaves=15
num_cat=0
split_feature=291 59 210 210 217 265 251 208 233 218 216 108 244 269
split_gain=9.44489 8.02969 12.1412 15.2078 8.89099 16.0567 7.78215 11.1971 17.4322 12.1354 15.6041 11.7466 11.4555 10.4155
threshold=0.0031500000040978198 1.0000000180025095e-35 0.0021499999566003685 0.019000000320374969 0.002650000038556755 0.0014499999815598132 0.0010500000207684936 1.0000000180025095e-35 0.0022500000195577745 0.0015499999863095584 0.00335000001359731 0.0010500000207684936 0.0035500000230968003 0.0045499999541789302
decision_type=2 2 2 2 2 2 2 2 2 2 2 2 2 2
left_child=1 2 4 -4 6 -6 7 -1 13 12 11 -11 -10 -9
right_child=-2 -3 3 -5 5 -7 -8 8 9 10 -12 -13 -14 -15
leaf_value=0.0067689276991683145 0.030469302983472377 -0.019868806841626185 0.046458995293665109 -0.01507317238581869 -0.080579642951142477 -0.0066559614763528757 0.013370810531438045 -0.025936522343468788 0.002761502808977205 -0.038180964084499648 0.033787467711793445 0.019659203922263318 0.037270523099470453 0.045278789079436256
leaf_weight=241.87018186971545 18.731747820973396 26.32165552303195 20.691728070378307 9.121974762529133 5.3434636443853369 35.997304558753967 91.79801157489419 65.690954256802797 111.94606055319309 30.251072749495506 7.9494865089654914 6.7289827466011038 17.816438898444176 3.3304633721709243
leaf_count=909 230 198 79 40 14 150 355 306 393 101 27 26 51 11
internal_value=0.00251556 0.00172933 0.00261502 0.0275111 0.00140466 -0.0164788 0.00269468 0.000665822 -0.00537501 0.0013305 -0.016536 -0.0275237 0.00755546 -0.0223818
internal_weight=693.59 674.858 648.536 29.8137 618.722 41.3408 577.382 485.584 243.713 174.692 44.9295 36.9801 129.762 69.0214
internal_count=2890 2660 2462 119 2343 164 2179 1824 915 598 154 127 444 317
is_linear=0
shrinkage=0.04


Tree=103
num_leaves=15
num_cat=0
split_feature=291 188 251 150 223 50 219 6 233 195 25 208 248 218
split_gain=8.97829 7.41514 7.3396 11.3253 11.2421 13.0015 9.92191 14.2696 13.1653 11.43 11.5747 11.2286 10.8782 11.586
threshold=0.0031500000040978198 0.061149999499320991 1.0000000180025095e-35 0.0011500000255182388 0.0013499999768100681 0.0012500000302679839 0.0044499998912215242 1.0000000180025095e-35 0.0028499999316409235 0.0049499999731779107 0.0019500000635161998 0.0053499999921768912 0.013849999755620958 0.0012500000302679839
decision_type=2 2 2 2 2 2 2 2 2 2 2 2 2 2
left_child=1 2 3 4 5 6 7 -1 9 -8 -11 -12 13 -10
right_child=-2 -3 -4 -5 -6 -7 8 -9 12 10 11 -13 -14 -15
leaf_value=0.013949988805639437 0.030040110190117687 0.05602612891359969 0.010460865585071231 -0.0086871849837314233 0.025706398053888829 -0.03079543632859592 -0.029133158610887749 -0.051546551304326185 0.0096649694139073136 -0.020605897649354277 0.098284557747061463 -0.025222914726718927 0.045114722066964145 -0.016954592691997655
leaf_weight=131.78844013810158 18.250625044107437 3.89436250925064 116.38212991505861 184.16422052308917 32.984364680945873 18.985222075134516 42.346594490110874 5.4263851419091216 77.621737815439701 6.2115244641900045 3.579077273607254 1.6149247139692304 9.4505550190806371 39.316890150308609
leaf_count=423 230 13 456 934 106 108 181 27 222 26 7 6 25 126
internal_value=0.0024215 0.0016631 0.00133277 -0.000580907 0.00345172 0.00125036 0.00318914 0.011295 -0.00296583 -0.0195409 0.0156696 0.0593768 0.00406162 0.000673973
internal_weight=692.017 673.766 669.872 553.49 369.326 336.341 317.356 137.215 180.141 53.7521 11.4055 5.194 126.389 116.939
internal_count=2890 2660 2647 2191 1257 1151 1043 450 593 220 39 13 373 348
is_linear=0
shrinkage=0.04


Tree=104
num_leaves=15
num_cat=0
split_feature=291 88 248 155 208 210 150 208 188 247 210 59 196 219
split_gain=8.53088 7.56112 9.01135 14.3835 8.19164 7.73738 10.3808 14.1199 12.2834 11.0545 9.51647 11.9824 8.94781 13.7963
threshold=0.0031500000040978198 0.0012500000302679839 0.1017500013113022 1.0000000180025095e-35 0.0021499999566003685 0.0021499999566003685 0.0010500000207684936 0.012550000101327898 0.0022500000195577745 0.015050000045448543 0.019000000320374969 1.0000000180025095e-35 0.0016499999910593035 0.0016499999910593035
decision_type=2 2 2 2 2 2 2 2 2 2 2 2 2 2
left_child=1 2 5 4 -4 6 9 -8 -9 12 11 -7 13 -1
right_child=-2 -3 3 -5 -6 10 7 8 -10 -11 -12 -13 -14 -15
leaf_value=0.015921759800733071 0.029608532446409125 -0.041933511216868738 -0.044025569163007559 -0.024714640656151313 0.055084926852556164 0.0450698227501308 -0.012849921831229422 0.002960819249487507 0.058376931362388473 0.036838154818108586 -0.011971503082958957 -0.035216257192602789 0.020827878978271555 -0.0036522977302469234
leaf_weight=72.968133650720119 17.786885667592287 6.2154291272163382 1.3445696979761184 6.1211460232734671 14.998654857277868 20.495876707136635 160.81959825381637 41.996101837605238 7.4947784543037406 15.571149386465548 10.38806504011154 3.3433414958417407 38.386717528104782 272.05634177103639
leaf_count=239 230 37 8 33 51 79 824 172 23 47 48 20 124 955
internal_value=0.00233164 0.00159962 0.00201814 0.0268723 0.0464696 0.00114027 9.26574e-05 -0.00708998 0.0115344 0.0038896 0.019618 0.0335429 0.0025318 0.000479182
internal_weight=689.987 672.2 665.984 22.4644 16.3432 643.52 609.293 210.31 49.4909 398.982 34.2273 23.8392 383.411 345.024
internal_count=2890 2660 2623 92 59 2531 2384 1019 195 1365 147 99 1318 1194
is_linear=0
shrinkage=0.04


Tree=105
num_leaves=15
num_cat=0
split_feature=112 210 102 155 96 102 278 244 47 123 196 120 179 109
split_gain=9.27704 11.3934 8.09424 9.64231 11.4529 11.0162 11.3368 11.2683 17.5746 16.2472 13.6305 14.1569 12.3631 11.9095
threshold=0.0045499999541789302 0.0021499999566003685 0.18840000033378604 0.010850000195205213 0.003249999950639904 0.007849999703466894 0.0014499999815598132 0.0010500000207684936 0.0010500000207684936 0.0017499999958090486 0.002549999975599349 0.00335000001359731 1.0000000180025095e-35 0.0016499999910593035
decision_type=2 2 2 2 2 2 2 2 2 2 2 2 2 2
left_child=1 2 3 5 -5 7 -7 10 9 13 -1 -12 -10 -9
right_child=-2 -3 -4 4 -6 6 -8 8 12 -11 11 -13 -14 -15
leaf_value=-0.0070415616186133255 -0.038422789358872743 0.023034852366981665 -0.030703942500359786 0.031697609271987823 -0.016775616865571451 -0.026022965990849231 0.0080878210040483851 0.027154220505091708 -0.011706103647148174 -0.080894552258094041 0.027245553753086096 -0.025013153935121348 0.039587806958419326 -0.013347791647253301
leaf_weight=274.88454939052463 9.7794620953500253 34.328390395268798 13.867629837244747 29.695449251681566 10.37346453592181 51.288550052791834 22.099334742873907 89.527256613597274 66.403003057464957 2.4076413325965396 38.133246712386608 10.431027904152868 8.3554242588579637 13.143340539187191
leaf_count=1139 76 164 77 129 51 281 105 332 236 8 135 70 21 61
internal_value=4.73146e-05 0.000624814 -0.000592234 8.322e-05 0.0190382 -0.00122997 -0.0156997 0.00087473 0.00890522 0.019454 -0.00357921 0.0159105 -0.00587455 0.0219225
internal_weight=674.718 664.938 630.61 616.742 40.0689 576.673 73.3879 503.285 179.837 105.078 323.449 48.5643 74.7584 102.671
internal_count=2885 2809 2645 2568 180 2388 386 2002 658 401 1344 205 257 393
is_linear=0
shrinkage=0.04


Tree=106
num_leaves=15
num_cat=0
split_feature=178 112 210 287 210 281 108 285 247 247 22 179 102 244
split_gain=8.7032 8.91592 9.15592 17.9404 8.12916 7.94803 7.34592 7.09599 6.72478 11.4603 10.5941 7.96406 10.1373 13.5954
threshold=0.0010500000207684936 0.0045499999541789302 0.0021499999566003685 1.0000000180025095e-35 0.019000000320374969 0.003249999950639904 0.074850000441074385 1.0000000180025095e-35 0.029749999754130844 0.026050000451505188 0.0011500000255182388 1.0000000180025095e-35 0.0012500000302679839 0.0028499999316409235
decision_type=2 2 2 2 2 2 2 2 2 2 2 2 2 2
left_child=1 2 3 6 -4 -6 8 -5 9 10 11 12 13 -1
right_child=-2 -3 4 7 5 -7 -8 -9 -10 -11 -12 -13 -14 -15
leaf_value=-0.0010601765682617878 0.042624091397730039 -0.038755023640911948 0.033326975860768132 -0.063285052696328559 -0.049063354219310309 0.025673711923771075 0.088672359701971556 0.049127342093463214 0.024361492950497356 -0.076792102307993021 -0.072712469813900102 0.01283288138268727 -0.0096390089957481273 0.021802204151356759
leaf_weight=297.08116581663489 7.4956826083362094 9.4761609211564046 23.27392129227519 9.4529060348868335 4.414495572447775 4.4361881874501705 1.3889186494052399 0.87794575095176774 17.106895100325346 3.0759192444384089 3.1409079134464255 66.523819904774427 176.90896386653185 48.25090254470706
leaf_count=1133 102 72 97 54 19 20 5 3 71 15 18 235 864 177
internal_value=4.40071e-05 -0.00043597 0.000117345 -0.000950403 0.020914 -0.011288 -5.9409e-05 -0.052969 -0.00028174 -0.00100098 -0.000587457 -0.000183614 -0.00185147 0.00212804
internal_weight=672.905 665.409 655.933 623.808 32.1246 8.85068 613.477 10.3309 612.089 594.982 591.906 588.765 522.241 345.332
internal_count=2885 2783 2711 2575 136 39 2518 57 2513 2442 2427 2409 2174 1310
is_linear=0
shrinkage=0.04


Tree=107
num_leaves=15
num_cat=0
split_feature=112 210 287 289 199 206 261 113 96 290 244 244 225 173
split_gain=8.15043 9.79668 13.9201 9.16814 7.70327 7.2358 7.93543 12.8692 8.55782 11.2679 9.83829 13.0033 9.90923 10.1009
threshold=0.0045499999541789302 0.0021499999566003685 1.0000000180025095e-35 1.0000000180025095e-35 0.0012500000302679839 0.0013499999768100681 0.0041499999351799497 0.02809999976307154 0.0027499999850988392 0.55614998936653148 0.011400000192224981 0.0095500000752508658 0.0022500000195577745 0.0036499999696388845
decision_type=2 2 2 2 2 2 2 2 2 2 2 2 2 2
left_child=1 2 4 -4 5 6 8 -8 10 -10 11 12 13 -1
right_child=-2 -3 3 -5 -6 -7 7 -9 9 -11 -12 -13 -14 -15
leaf_value=-0.0032398633930931404 -0.036590944178796832 0.021481534805852624 -0.061038950278827171 0.035931652147258512 0.015702611436284285 0.035208739197705355 -0.0320258774198868 0.076924039622839932 -0.042723367773656318 0.022270211170544701 0.029057818720692474 -0.064895793958752696 0.01389037820613029 0.038519333580709185
leaf_weight=411.45410479977727 9.4753102976828796 33.938947651535273 9.2150342762470228 1.7496757842600335 47.521694166585803 8.565974382683633 22.845565840601925 1.7633534520864476 15.751760840415956 5.6792923212051383 18.44049796462059 4.8847792819142333 70.619228847324848 9.3705664351582509
leaf_count=1669 76 164 57 12 228 65 99 7 100 15 78 17 262 36
internal_value=4.25504e-05 0.000578542 -0.000548237 -0.0450186 0.000242864 -0.00104296 -0.00160999 -0.0237775 -0.000580909 -0.0252907 0.000444759 -0.000615906 2.7948e-05 -0.00229157
internal_weight=671.276 661.8 627.862 10.9647 616.897 569.375 560.809 24.6089 536.2 21.4311 514.769 496.329 491.444 420.825
internal_count=2885 2809 2645 69 2576 2348 2283 106 2177 115 2062 1984 1967 1705
is_linear=0
shrinkage=0.04


Tree=108
num_leaves=15
num_cat=0
split_feature=178 112 240 22 210 287 239 225 173 134 244 102 247 238
split_gain=8.23042 7.85501 8.1151 7.85496 7.14776 18.018 7.23795 6.89642 7.72112 11.3101 9.46131 19.7589 14.9588 13.1715
threshold=0.0010500000207684936 0.0045499999541789302 0.0067499999422580012 0.0011500000255182388 0.0021499999566003685 1.0000000180025095e-35 0.0017499999958090486 0.0035500000230968003 0.0036499999696388845 0.0012500000302679839 0.0010500000207684936 1.0000000180025095e-35 0.012300000060349705 0.0044499998912215242
decision_type=2 2 2 2 2 2 2 2 2 2 2 2 2 2
left_child=1 2 3 4 5 7 -6 8 9 10 -1 -12 13 -13
right_child=-2 -3 -4 -5 6 -7 -8 -9 -10 -11 11 12 -14 -15
leaf_value=-0.0050099108175675798 0.042407898659412774 -0.036957410497120625 0.046514342902235079 -0.048815192746440202 0.039514512378294113 -0.055854322480258151 0.00016251374679837033 0.011239681815684436 0.027225633914095548 -0.020734390123299608 0.018800031528008347 -0.044654743494086761 0.023103984301292783 -0.0046996621324996001
leaf_weight=286.64700596034527 7.1591080464422694 9.1812219452112895 5.8723723515868178 5.2016525827348223 14.349791834130885 9.2876510471105558 15.928441580384968 76.093065768480301 14.303687814623116 48.88652765005827 97.623942550271749 19.572261922061443 18.652453158050776 41.047846637666225
leaf_count=1236 102 72 30 27 61 53 68 294 63 234 318 92 73 162
internal_value=4.173e-05 -0.000416279 9.65803e-05 -0.000325276 6.8673e-05 -0.000864827 0.019013 -1.85521e-06 -0.00163525 -0.00245382 -0.000513214 0.00674945 -0.0080454 -0.017718
internal_weight=669.807 662.648 653.467 647.594 642.393 612.114 30.2782 602.827 526.734 512.43 463.544 176.897 79.2726 60.6201
internal_count=2885 2783 2711 2681 2654 2525 129 2472 2178 2115 1881 645 327 254
is_linear=0
shrinkage=0.04


Tree=109
num_leaves=15
num_cat=0
split_feature=102 267 247 102 109 238 43 244 113 196 195 254 219 176
split_gain=7.6141 10.0901 9.9383 8.78356 10.7144 13.6333 13.4125 14.1199 13.6462 12.185 14.2475 14.7451 15.7552 12.0717
threshold=0.0077499998733401307 0.0041499999351799497 0.014050000347197058 0.0047500000800937423 0.0014499999815598132 0.011049999855458738 0.0012500000302679839 0.0013499999768100681 0.0016499999910593035 0.0071499999612569818 0.0097500002011656779 0.0037500000325962905 0.0022500000195577745 0.0038499999791383748
decision_type=2 2 2 2 2 2 2 2 2 2 2 2 2 2
left_child=2 -2 3 4 6 -6 7 9 -9 10 11 12 -1 -12
right_child=1 -3 -4 -5 5 -7 -8 8 -10 -11 13 -13 -14 -15
leaf_value=0.0054009473316674215 -0.018805668865197158 0.0023856095705919 0.030715667151044707 0.023653599710871279 -0.028748283377512143 0.005174813322321177 -0.040251710784533226 0.019612277813504699 -0.066979223650442149 0.027849020117407385 -0.035370674881058883 0.011104213205202947 -0.023320294099902418 0.030204080012277201
leaf_weight=60.836244195699692 71.147185698151588 71.937399987131357 18.862836638465524 26.326098881661892 42.722875501960516 33.654798164963722 11.258416779339312 95.172833049669862 2.8885532263666382 22.203513856977224 31.51103325560689 113.19262279570103 60.891099855303764 5.0913002025336018
leaf_count=241 428 329 109 114 192 128 54 338 12 88 156 396 281 19
internal_value=4.02911e-05 -0.00812935 0.00227726 0.00120282 -2.6327e-05 -0.013761 0.00256926 0.00381993 0.0169552 -0.000555995 -0.00290292 0.000701253 -0.00894066 -0.026083
internal_weight=667.697 143.085 524.612 505.749 479.423 76.3777 403.046 391.787 98.0614 293.726 271.522 234.92 121.727 36.6023
internal_count=2885 757 2128 2019 1905 320 1585 1531 350 1181 1093 918 522 175
is_linear=0
shrinkage=0.04


Tree=110
num_leaves=15
num_cat=0
split_feature=33 188 218 238 219 90 90 25 123 182 134 278 159 109
split_gain=10.675 10.2807 8.30094 9.8673 7.80676 9.901 9.98515 11.513 9.26362 8.75922 8.49138 12.4656 11.1193 10.8769
threshold=0.002549999975599349 0.0094499997794628161 0.0076500000432133683 0.0012500000302679839 1.0000000180025095e-35 0.0014499999815598132 0.0045499999541789302 0.0022500000195577745 0.0013499999768100681 0.011149999685585501 0.0014499999815598132 0.0015499999863095584 0.010950000025331976 0.0015499999863095584
decision_type=2 2 2 2 2 2 2 2 2 2 2 2 2 2
left_child=1 4 3 -3 -1 10 -7 8 9 -8 13 -12 -13 -6
right_child=-2 2 -4 -5 5 6 7 -9 -10 -11 11 12 -14 -15
leaf_value=0.013967651444113193 -0.031896374346999823 -0.031251742079163009 -0.069080249962832879 0.047114258743865704 0.0015495116871781726 0.013532558530733665 -0.033606791233576898 0.0063592632003379524 -0.076002524956702108 0.045654207392373289 -0.039285691756716014 0.045341813770231124 -0.048661180053895858 -0.016048873142678735
leaf_weight=71.264253441244364 14.716749440878628 2.8761749565601411 1.1694385223090638 17.467221479862928 287.92154558561742 129.88937819935381 8.4204945042729396 32.182336643338203 5.5981636568903914 2.8968871794641009 22.708596713840965 6.2973560355603677 2.8135613240301609 69.640003083273768
leaf_count=304 130 12 9 69 1184 512 35 170 24 11 112 21 15 325
internal_value=0.00166314 0.00242091 0.029564 0.0357404 0.00149727 -6.14579e-05 0.00771568 -0.00758791 -0.0342393 -0.012746 -0.00364772 -0.0234265 0.0156651 -0.00187036
internal_weight=675.862 661.145 21.5128 20.3434 639.633 568.368 178.987 49.0979 16.9155 11.3174 389.381 31.8195 9.11092 357.562
internal_count=2933 2803 90 81 2713 2409 752 240 70 46 1657 148 36 1509
is_linear=0
shrinkage=0.04


Tree=111
num_leaves=15
num_cat=0
split_feature=33 188 218 238 127 280 290 102 155 239 225 239 239 244
split_gain=9.96494 9.54956 7.64401 9.2103 7.34796 11.7602 8.38413 8.83715 8.50289 10.0783 15.5334 13.1867 12.7039 12.5873
threshold=0.002549999975599349 0.0094499997794628161 0.0076500000432133683 0.0012500000302679839 0.051400000229477889 0.0021000000415369873 0.52674999833107006 0.1758999973535538 0.015649999491870407 0.016549999825656418 0.0031500000040978198 0.0044499998912215242 0.021049999631941322 0.0049499999731779107
decision_type=2 2 2 2 2 2 2 2 2 2 2 2 2 2
left_child=1 4 3 -3 5 6 7 8 9 10 13 -12 -11 -1
right_child=-2 2 -4 -5 -6 -7 -8 -9 -10 12 11 -13 -14 -15
leaf_value=-0.0025278282267142071 -0.031045119179448053 -0.030396508194109089 -0.06441132502297485 0.045718838212251305 -0.0333624209664709 0.036703711094076538 0.030917657430033774 -0.040960088360365215 0.023444937532819302 -0.049623213299115704 0.00044164885315175166 0.048096322565747633 -0.0056494537285356273 0.018384939105216932
leaf_weight=414.21072383224964 14.522216390818356 2.8423225581646028 1.2104112990200508 17.28708291426301 9.4499603547155839 15.128690054640172 14.633859494701026 8.0624459572136384 25.6004773452878 13.408602390438316 17.265947557985783 20.459393363445997 48.840558212250471 51.703757820650935
leaf_count=1689 130 12 9 69 65 142 47 47 109 55 72 65 206 216
internal_value=0.00159767 0.00232646 0.0285952 0.0346763 0.00143828 0.00197243 0.00110457 0.000365191 0.000942075 -7.28357e-05 0.00179776 0.0264505 -0.01525 -0.000195053
internal_weight=674.626 660.104 21.3398 20.1294 638.764 629.314 614.186 599.552 591.489 565.889 503.64 37.7253 62.2492 465.914
internal_count=2933 2803 90 81 2713 2648 2506 2459 2412 2303 2042 137 261 1905
is_linear=0
shrinkage=0.04


Tree=112
num_leaves=15
num_cat=0
split_feature=33 188 174 109 218 244 26 150 70 109 159 218 268 233
split_gain=9.3117 8.32662 7.37175 9.3458 8.70797 7.38515 9.97472 8.92841 9.88936 8.04618 12.6988 11.0456 7.96736 9.1458
threshold=0.0029499999945983295 0.0094499997794628161 0.0030500000575557355 0.010749999899417164 0.01060000015422702 0.0055499998852610597 0.0013499999768100681 0.010650000069290401 0.0016499999910593035 0.0015499999863095584 0.0011500000255182388 0.0012500000302679839 0.0016499999910593035 0.0040500001050531873
decision_type=2 2 2 2 2 2 2 2 2 2 2 2 2 2
left_child=1 2 4 -4 5 6 9 8 -7 12 -11 -12 13 -1
right_child=-2 -3 3 -5 -6 7 -8 -9 -10 10 11 -13 -14 -15
leaf_value=0.005190039785998214 -0.0314342152376509 0.026682648465184373 0.047694974153903273 -0.067955889909038017 -0.028905603530114114 0.024145228816051922 0.07099647955072419 -0.041388704904237017 -0.049311889952003585 -0.032505508252671698 0.0095529554162201401 -0.025649306724591356 0.016905156505725497 -0.0069979059213930526
leaf_weight=235.95534132234752 13.315756177529691 21.443512108176947 9.4722103793174011 1.1508325785398472 15.275678392499684 49.465914968401194 3.0625737570226184 3.9842509105801573 2.9918172955512992 29.587806161493063 47.027637176215649 20.336186252534389 50.733786642551422 168.94745095819235
leaf_count=1024 122 92 60 3 71 234 12 19 12 148 204 95 256 581
internal_value=0.00153758 0.0022141 0.00138136 0.0342762 0.000812618 0.00156541 0.000156653 0.0153386 0.0197938 -0.000241495 -0.0107055 -0.00103709 0.00197814 9.42178e-05
internal_weight=672.751 659.435 637.991 10.623 627.368 612.093 555.651 56.442 52.4577 552.588 96.9516 67.3638 455.637 404.903
internal_count=2933 2811 2719 63 2656 2585 2320 265 246 2308 447 299 1861 1605
is_linear=0
shrinkage=0.04


Tree=113
num_leaves=15
num_cat=0
split_feature=33 188 219 301 290 111 195 62 276 144 96 92 218 238
split_gain=8.74506 8.2425 7.11579 7.69215 10.4485 8.19641 8.83382 7.63715 7.78766 8.09756 8.95937 7.68078 7.08481 8.6504
threshold=0.002549999975599349 0.0094499997794628161 1.0000000180025095e-35 0.003249999950639904 0.0018500000005587938 1.0000000180025095e-35 0.0052499999292194852 0.0019500000635161998 0.002650000038556755 0.0010500000207684936 0.0013499999768100681 0.0019500000635161998 0.0076500000432133683 0.0012500000302679839
decision_type=2 2 2 2 2 2 2 2 2 2 2 2 2 2
left_child=1 2 3 4 5 6 -1 8 9 -4 -11 -9 13 -3
right_child=-2 12 7 -5 -6 -7 -8 11 -10 10 -12 -13 -14 -15
leaf_value=0.028483093556220154 -0.029497743326590543 -0.03029495961583548 -0.0010632504377306622 0.048853517730550598 -0.018026524021059944 -0.033794279292445072 -0.050139156011489244 0.047549144231606486 0.034752447175725759 -0.049881090558990301 0.043348767401270756 0.0021839197254503633 -0.061928284485186169 0.043584795014165414
leaf_weight=38.932827841490507 14.15487061999738 2.8382574394345346 518.80758327804506 8.4865163303911668 17.254082143306732 4.2162608951330176 2.3043525852262965 10.390396732836964 9.3766256682574731 9.8638404160737974 1.8504981249570835 14.343787549063562 1.2331790886819352 16.99923113361001
leaf_count=140 130 12 2212 41 84 24 15 42 56 28 5 66 9 69
internal_value=0.00147912 0.00215709 0.00133272 0.013241 0.00828762 0.0183819 0.0238822 -0.000163785 -0.00116824 -0.00181708 -0.0345729 0.0215169 0.0267205 0.0327149
internal_weight=671.052 656.897 635.827 71.194 62.7075 45.4534 41.2372 564.633 539.899 530.522 11.7143 24.7342 21.0707 19.8375
internal_count=2933 2803 2713 304 263 179 155 2409 2301 2245 33 108 90 81
is_linear=0
shrinkage=0.04


Tree=114
num_leaves=15
num_cat=0
split_feature=33 188 219 90 90 208 233 15 171 254 188 269 277 134
split_gain=8.1577 7.65678 6.56982 8.868 9.47801 16.5139 10.5657 12.2996 8.42872 8.27171 8.24133 8.10659 12.9449 12.6081
threshold=0.002549999975599349 0.0094499997794628161 1.0000000180025095e-35 0.0014499999815598132 0.0021499999566003685 0.0021499999566003685 0.0060499999672174462 0.0012500000302679839 0.003249999950639904 0.0020500000100582842 0.003249999950639904 0.0018500000005587938 0.019650000147521499 0.0014499999815598132
decision_type=2 2 2 2 2 2 2 2 2 2 2 2 2 2
left_child=1 2 -1 11 6 10 7 -5 9 -7 -6 12 13 -4
right_child=-2 -3 3 4 5 8 -8 -9 -10 -11 -12 -13 -14 -15
leaf_value=0.012740621379897026 -0.028685014983458768 0.025849543664836844 -0.0013882663300717202 -0.014920412703733515 -0.017282150346555645 -0.047888836837006156 0.032090704993912048 0.15136143185456957 -0.0061349154549515898 0.027910111254183426 0.10503680756121353 0.0094981562375777775 -0.032053731931440309 -0.034170232183007097
leaf_weight=70.996782081201673 13.98011485673487 20.895762085914612 275.57201316207647 14.749947030097243 53.970093896612525 2.3051853105425826 39.267107479274273 0.64556932449340898 21.709061799570918 43.757086521014571 0.78908541798591514 63.325116023421288 28.06651222333312 20.075754158198833
leaf_count=304 130 90 1123 77 235 15 128 3 101 191 2 296 139 99
internal_value=0.00142157 0.00207342 0.00128107 -0.000155791 0.00724573 0.00102762 0.0210837 -0.00675788 0.0142487 0.0239346 -0.0152584 -0.00355566 -0.00612375 -0.00363863
internal_weight=670.105 656.125 635.229 564.233 177.193 122.531 54.6626 15.3955 67.7713 46.0623 54.7592 387.039 323.714 295.648
internal_count=2933 2803 2713 2409 752 544 208 80 307 206 237 1657 1361 1222
is_linear=0
shrinkage=0.04


Tree=115
num_leaves=15
num_cat=0
split_feature=174 90 75 90 216 47 179 176 25 188 225 90 109 124
split_gain=7.71931 10.2725 14.6421 10.9294 11.5185 10.6271 17.8403 12.7145 12.2814 9.87923 9.77349 12.8915 12.3588 10.7312
threshold=0.0016499999910593035 0.0045499999541789302 0.002650000038556755 0.0014499999815598132 0.0012500000302679839 1.0000000180025095e-35 0.0021499999566003685 0.0024500000290572648 0.0017499999958090486 0.0040500001050531873 0.0035500000230968003 0.0010500000207684936 0.0015499999863095584 0.0079499999992549437
decision_type=2 2 2 2 2 2 2 2 2 2 2 2 2 2
left_child=1 2 3 4 5 10 8 -8 -7 -6 11 12 -1 -12
right_child=-2 -3 -4 -5 9 6 7 -9 -10 -11 13 -13 -14 -15
leaf_value=0.0035454150440732786 0.026694800556724158 -0.018992131511998505 -0.049024850790646578 0.013267008284633355 0.036994791615036854 -0.043100206831425264 0.079663044332032265 -0.028473010238087442 -0.0065187926318827872 -0.055857219519763364 0.033328381821089686 -0.028223254389776745 -0.024290338255547283 -0.015394246875075944
leaf_weight=300.66398474015296 18.578759409487247 40.033264994621277 8.7963778227567655 123.34110914543271 19.675911774858836 27.427989847958088 4.8401295840740195 2.5530125051736832 32.214450933039188 1.9001137297600497 27.492106348276138 25.629548627883196 27.772553414106369 9.607857018709181
leaf_count=1270 122 208 45 500 98 106 5 12 120 10 91 128 166 40
internal_value=0.00133609 0.000603323 0.00189474 0.00265203 -7.0724e-05 -0.00142662 -0.0161331 0.0419059 -0.0234526 0.0284132 0.00108694 -0.00095117 0.00117277 0.0205956
internal_weight=670.527 651.948 611.915 603.119 479.778 458.202 67.0356 7.39314 59.6424 21.576 391.166 354.066 328.437 37.1
internal_count=2921 2799 2591 2546 2046 1938 243 17 226 108 1695 1564 1436 131
is_linear=0
shrinkage=0.04


Tree=116
num_leaves=15
num_cat=0
split_feature=286 101 208 102 219 238 238 233 268 205 144 6 244 290
split_gain=7.2975 8.29714 8.10307 11.6257 10.8184 11.3552 11.544 10.9074 16.3983 12.9628 10.3178 9.18251 9.15339 10.4122
threshold=1.0000000180025095e-35 0.0064499999862164268 0.0099499998614192026 0.18840000033378604 0.021450000815093521 0.0054500000551342973 0.0039500000420957812 0.038300000131130225 0.0015499999863095584 0.014599999878555538 1.0000000180025095e-35 0.0049499999731779107 0.0081500001251697558 0.099499996751546874
decision_type=2 2 2 2 2 2 2 2 2 2 2 2 2 2
left_child=1 2 4 -4 7 6 -6 9 10 12 -9 -11 13 -1
right_child=-2 -3 3 -5 5 -7 -8 8 -10 11 -12 -13 -14 -15
leaf_value=-0.00077853194853236328 0.03147161828136108 -0.034369307085924929 0.013590805740101334 -0.050776473082068251 -0.014489992364462903 -0.0026152166305093696 -0.061468540198086584 -0.0622829251178958 0.021380150967453677 0.049031829208646266 0.0087927926592564088 -0.027075731470602066 0.029695677613484892 0.029065964002530871
leaf_weight=321.99528017267585 12.477738883346317 10.512165959924458 109.68750442191958 4.5611935481429091 29.390667650848627 85.643809352070093 11.855514902621506 13.207535549998289 8.8522550873458368 15.525254264473917 4.17696639150381 2.8889457620680323 18.60954125970602 19.747676532715559
leaf_count=1314 101 77 482 23 129 417 54 51 45 50 18 21 74 65
internal_value=0.00128384 0.00069942 0.00128138 0.0109439 -0.000788246 -0.0109808 -0.0282059 0.00239718 -0.0224715 0.00413583 -0.0450242 0.0367938 0.00244616 0.000942334
internal_weight=669.132 656.654 646.142 114.249 531.893 126.89 41.2462 405.003 26.2368 378.767 17.3845 18.4142 360.352 341.743
internal_count=2921 2820 2743 505 2238 600 183 1638 114 1524 69 71 1453 1379
is_linear=0
shrinkage=0.04


Tree=117
num_leaves=15
num_cat=0
split_feature=174 90 75 90 216 218 113 254 267 223 90 248 121 90
split_gain=7.20252 9.29562 13.7696 10.029 10.7114 8.91204 9.8113 12.5823 14.546 10.3397 8.88952 8.30129 15.9239 13.9457
threshold=0.0016499999910593035 0.0045499999541789302 0.002650000038556755 0.0014499999815598132 0.0027499999850988392 0.0049499999731779107 0.0011500000255182388 0.02744999993592501 0.019450000487267975 0.0014499999815598132 0.0013499999768100681 0.0042499999981373557 0.0010500000207684936 0.0019500000635161998
decision_type=2 2 2 2 2 2 2 2 2 2 2 2 2 2
left_child=1 2 3 4 10 6 9 -8 -9 11 -1 12 13 -5
right_child=-2 -3 -4 5 -6 -7 7 8 -10 -11 -12 -13 -14 -15
leaf_value=-0.00012878275332118516 0.025974995550573532 -0.018149427726828232 -0.047924454910238092 0.023968255668355778 0.046022717535766089 -0.032997158659941926 -0.0451010777913851 0.049739959316100986 -0.055100467695797635 0.044451119284074962 -0.040314307086827997 0.032526794042278283 0.049465850403991221 -0.024180511420773473
leaf_weight=461.48391815088689 18.216848464682698 39.866821341216564 8.6884179264307004 14.891117356717585 7.8128518462181082 6.334382699802517 9.0010184329003113 7.2460888884961587 2.8536985814571381 22.086557796224952 8.8836491107940656 24.134864317253232 9.8644953742623311 26.619475193321705
leaf_count=1961 122 208 45 55 41 32 74 22 11 87 44 89 38 92
internal_value=0.00123378 0.000530087 0.00176043 0.00249295 -0.000120103 0.0126733 0.0152127 -0.0108236 0.0194753 0.0203551 -0.000904661 0.0132047 0.00400432 -0.00679586
internal_weight=667.984 649.767 609.901 601.212 478.18 123.032 116.697 19.1008 10.0998 97.5965 470.368 75.51 51.3751 41.5106
internal_count=2921 2799 2591 2546 2046 500 468 107 33 361 2005 274 185 147
is_linear=0
shrinkage=0.04


Tree=118
num_leaves=15
num_cat=0
split_feature=39 213 120 125 217 265 217 109 235 88 248 248 196 239
split_gain=7.10004 6.51078 10.1963 17.5057 9.04879 14.4332 9.86848 9.12627 8.02919 7.97646 8.0199 13.2327 11.4004 10.1344
threshold=0.0029499999945983295 0.002549999975599349 0.083450000733137145 0.003249999950639904 0.002650000038556755 0.0021499999566003685 0.0011500000255182388 0.0036499999696388845 0.014050000347197058 0.0012500000302679839 0.0068500000052154073 0.0072500000242143878 0.0017499999958090486 0.0014499999815598132
decision_type=2 2 2 2 2 2 2 2 2 2 2 2 2 2
left_child=1 4 3 -3 6 -6 8 -8 9 10 -1 -12 -13 -14
right_child=-2 2 -4 -5 5 -7 7 -9 -10 -11 11 12 13 -15
leaf_value=-0.0021427105912718916 -0.04812905493540743 0.035041846465921851 -0.013323342364594598 -0.052931345819180464 -0.072552351100145893 -0.0066130530653282739 0.024884069460194606 -0.041522093987598034 -0.072273611943769189 -0.049784852294985006 0.066794610651518024 -0.0015342951046669853 0.066857078156864105 0.014481146800420727
leaf_weight=382.53445753082633 4.5334331281483164 34.405958913266659 14.502579122781752 3.9205826148390761 6.562680445611476 27.215074293315411 41.284294424578547 3.4675853550434104 2.3461189903318873 4.9239207655191413 5.9848136007785788 91.853831209242344 7.1052578184753648 35.724654965102673
leaf_count=1525 50 227 77 31 21 137 161 19 12 31 17 450 29 134
internal_value=0.00118761 0.00153868 0.0149971 0.0258243 0.000362369 -0.0197188 0.00155173 0.0195683 2.08701e-05 0.000363221 0.000852237 0.00902086 0.00637629 0.0233987
internal_weight=666.365 661.832 52.8291 38.3265 609.003 33.7778 575.225 44.7519 530.473 528.127 523.203 140.669 134.684 42.8299
internal_count=2921 2871 335 258 2536 158 2378 180 2198 2186 2155 630 613 163
is_linear=0
shrinkage=0.04


Tree=119
num_leaves=15
num_cat=0
split_feature=174 75 111 105 39 221 134 278 198 105 120 134 120 108
split_gain=6.80486 8.20017 8.13221 7.14358 6.63497 6.3597 8.85515 8.67422 6.29492 7.29162 11.0623 13.2168 11.9489 9.94824
threshold=0.0016499999910593035 0.002650000038556755 0.0037500000325962905 0.021049999631941322 0.0029499999945983295 0.016350000165402893 0.0013499999768100681 0.0021499999566003685 0.014250000007450582 0.0013499999768100681 0.0042499999981373557 0.0012500000302679839 0.099249999970197691 0.037649998441338546
decision_type=2 2 2 2 2 2 2 2 2 2 2 2 2 2
left_child=1 4 3 -2 5 8 -7 -8 9 10 11 13 -12 -1
right_child=2 -3 -4 -5 -6 6 7 -9 -10 -11 12 -13 -14 -15
leaf_value=0.0024462207495141168 0.041759071645328216 -0.031059388339715135 -0.052346797690480652 -0.063303643466097376 -0.047788168104717157 0.054807396100595665 -0.046814459896692535 0.026635895940742657 0.025906535813943869 -0.006997707839271684 0.036522083490231991 -0.030056967998121915 -0.08054152374874686 0.087468252769346194
leaf_weight=381.79266188293695 15.074245724827055 12.834567904472349 1.8005097284913052 0.99492430314421731 4.3047060780227175 8.3398180454969424 3.9086475968360883 7.0791910439729691 15.390848649665712 167.40915975160897 22.43941651284695 20.335653707385063 1.3748357966542233 2.1181132793426505
leaf_count=1441 106 61 8 8 49 32 20 24 104 879 84 93 7 5
internal_value=0.00113974 0.000459361 0.0254242 0.0346554 0.00110802 0.0014559 0.0239929 0 0.000732468 7.08485e-05 0.0028456 0.00127112 0.029288 0.00294838
internal_weight=665.197 647.328 17.8697 16.0692 634.493 630.188 19.3277 10.9878 610.861 595.47 428.061 404.246 23.8143 383.911
internal_count=2921 2799 122 114 2738 2689 76 44 2613 2509 1630 1539 91 1446
is_linear=0
shrinkage=0.04


Tree=120
num_leaves=15
num_cat=0
split_feature=268 24 136 136 276 218 216 170 248 94 67 208 125 59
split_gain=8.62158 10.8867 8.03201 8.58039 7.3756 10.0511 8.49504 7.87495 11.1606 7.61581 8.42618 7.42083 7.36281 6.86522
threshold=0.0028499999316409235 0.0011500000255182388 0.010550000239163639 0.0063500001560896644 0.002650000038556755 0.0022500000195577745 0.003249999950639904 0.0012500000302679839 0.0012500000302679839 0.0021000000415369873 0.0011500000255182388 0.0017499999958090486 0.0017499999958090486 0.0010500000207684936
decision_type=2 2 2 2 2 2 2 2 2 2 2 2 2 2
left_child=2 12 3 4 5 -1 7 8 11 10 -8 -7 -2 -9
right_child=1 -3 -4 -5 -6 6 9 13 -10 -11 -12 -13 -14 -15
leaf_value=0.00016403089586402667 0.026879844670447153 -0.041223495191119501 0.045394819625394503 -0.050449688350004171 0.043437853483213815 0.018414445687357138 0.049017993515728525 0.011973663356054206 -0.057325669371398817 -0.078212503423396418 -0.035128694047105745 -0.05977325218558116 -0.0071726144640562907 -0.058520590202956607
leaf_weight=529.53101412206888 45.73683593980968 5.030917063355445 5.7994284071028224 5.5770510658621779 5.8061772715300313 6.8197396993637103 6.8439231626689416 11.173109028488396 17.952841136604548 1.1617619544267643 2.4858033657073975 2.5920700579881668 12.785496998578308 2.6453548260033122
leaf_count=2237 321 27 18 22 28 27 23 37 76 5 7 10 60 20
internal_value=0.000455817 0.0144557 -0.00102655 -0.00149519 -0.00101476 -0.00147311 -0.0182948 -0.0265014 -0.0389003 0.0134878 0.0260391 -0.00310042 0.0193726 -0.0015576
internal_weight=661.942 63.5533 598.388 592.589 587.012 581.206 51.6746 41.1831 27.3647 10.4915 9.32973 9.41181 58.5223 13.8185
internal_count=2918 408 2510 2492 2470 2442 205 170 113 35 30 37 381 57
is_linear=0
shrinkage=0.04


Tree=121
num_leaves=15
num_cat=0
split_feature=174 136 134 105 297 67 219 238 37 38 152 90 182 90
split_gain=7.52295 8.58396 10.3284 12.4179 10.3177 14.5578 8.68471 8.39309 8.335 8.78775 8.02785 9.57891 9.20205 7.64361
threshold=0.0030500000575557355 0.01210000040009618 1.0000000180025095e-35 0.0019500000635161998 0.0015499999863095584 1.0000000180025095e-35 0.11244999989867212 0.010950000025331976 0.0015499999863095584 0.0011500000255182388 1.0000000180025095e-35 0.0044499998912215242 0.0055499998852610597 0.0014499999815598132
decision_type=2 2 2 2 2 2 2 2 2 2 2 2 2 2
left_child=1 2 4 6 5 8 7 13 9 -1 11 -5 -13 -4
right_child=-2 -3 3 10 -6 -7 -8 -9 -10 -11 -12 12 -14 -15
leaf_value=0.0019398442003084344 0.033298784806259939 0.057533790978233218 -0.034838967947025352 0.0020948744187076307 0.049128564993112502 -0.038114639024828804 0.038878419459575334 -0.056269894041713259 -0.052376207242187008 0.049963764484899927 -0.032920502232313645 0.11728946799827435 0.010505535297612755 0.004644427198624468
leaf_weight=520.82871154509485 10.862324425950645 4.005962908267974 19.522426147013903 29.670932305976748 7.1099871695041648 14.742341462522743 2.9211563244462004 14.339721720665692 4.3588831629604092 6.0779032800346604 8.023260507732628 2.3686213195323935 2.9457326531410217 12.764088217169045
leaf_count=2197 76 9 91 149 50 63 11 69 50 31 46 8 17 51
internal_value=0.000437399 -0.000110911 -0.000483605 -0.0128482 0.00158013 0.000944762 -0.0264856 -0.0307408 0.00204314 0.00251077 0.00279492 0.0111701 0.0601254 -0.01914
internal_weight=660.542 649.68 645.674 92.5559 553.118 546.008 49.5474 46.6262 531.265 526.907 43.0085 34.9853 5.31435 32.2865
internal_count=2918 2842 2833 442 2391 2341 222 211 2278 2228 220 174 25 142
is_linear=0
shrinkage=0.04


Tree=122
num_leaves=15
num_cat=0
split_feature=268 24 127 93 136 229 136 102 254 301 227 239 235 207
split_gain=7.90771 9.99238 7.16442 6.95049 6.91806 6.82204 7.36874 6.55569 9.40603 9.77228 11.9122 9.00009 9.61389 9.50106
threshold=0.0028499999316409235 0.0011500000255182388 0.085500001907348647 0.0016499999910593035 0.01210000040009618 0.003249999950639904 0.0063500001560896644 0.18840000033378604 0.084599997848272337 0.014549999963492157 0.0011500000255182388 0.0014499999815598132 0.0012500000302679839 0.0017499999958090486
decision_type=2 2 2 2 2 2 2 2 2 2 2 2 2 2
left_child=2 -2 3 4 5 6 7 8 9 10 -1 12 -12 -13
right_child=1 -3 -4 -5 -6 -7 -8 -9 -10 -11 11 13 -14 -15
leaf_value=-0.0021817143316610445 0.018745928035492476 -0.039220748396952318 -0.048498855538628247 0.076770551395054384 0.047044020229823347 0.030948809380735642 -0.046131236340227172 -0.037022838948702307 0.026501576276114009 -0.023698649413724453 0.049789083320236481 -0.04365411739630911 -0.012695152874240704 0.024037184158464717
leaf_weight=475.04012660309672 57.505736256018281 5.0538812596350899 4.9380550645291796 1.7518129348754872 4.6864291280508033 10.243848238140343 5.8458854816853991 8.0264345593750459 19.347363730892539 30.676556287333369 18.312170809134845 5.6434875801205617 4.8467346131801596 7.713274359703064
leaf_count=1920 381 27 57 6 13 43 25 53 82 126 78 33 36 38
internal_value=0.000421561 0.0139441 -0.000990697 -0.00057963 -0.000828884 -0.00122673 -0.00181173 -0.00134184 -0.000818241 -0.00180512 -0.000480034 0.0214937 0.0365419 -0.0043783
internal_weight=659.632 62.5596 597.072 592.134 590.382 585.696 575.452 569.606 561.58 542.232 511.556 36.5157 23.1589 13.3568
internal_count=2918 408 2510 2453 2447 2434 2391 2366 2313 2231 2105 185 114 71
is_linear=0
shrinkage=0.04


Tree=123
num_leaves=15
num_cat=0
split_feature=268 125 195 127 125 157 211 254 301 301 213 0 6 68
split_gain=7.35008 9.56154 10.2978 6.83807 8.72082 8.1774 6.78254 6.98757 8.48679 7.51117 7.72818 7.44337 7.24855 10.7161
threshold=0.0028499999316409235 0.003249999950639904 0.3294499963521958 0.085500001907348647 0.0050000001210719356 0.0028499999316409235 0.002549999975599349 0.069350000470876708 0.014549999963492157 0.016449999995529655 0.0012500000302679839 0.0010500000207684936 1.0000000180025095e-35 0.0018500000005587938
decision_type=2 2 2 2 2 2 2 2 2 2 2 2 2 2
left_child=3 2 -2 4 6 -6 7 8 11 -10 -11 12 -1 -14
right_child=1 -3 -4 -5 5 -7 -8 -9 9 10 -12 -13 13 -15
leaf_value=0.0014643418962487565 0.025445194108408242 -0.018738144067314565 -0.054370969067995711 -0.048098423282587656 0.069030089312107246 -0.040376708723259477 -0.052046853590062191 0.016913387430905764 -0.064372568745364345 -0.024829859402204519 0.031735124621602627 0.056246783053723874 -0.01261377794552572 0.048179046759467305
leaf_weight=402.74722681008279 47.677391152828932 11.718576967716215 2.612525410950183 4.7839489839971057 5.0031486414372912 1.2699110209941862 4.0485506132245055 33.798668028786778 5.6041911691427257 17.670619413256649 4.7954355478286734 3.553258776664733 108.21385890245438 4.7262257337570182
leaf_count=1518 339 55 14 57 19 13 21 149 20 74 19 11 590 19
internal_value=0.000405306 0.0135048 0.0211197 -0.000952419 -0.000556237 0.0459682 -0.0010696 -0.000698665 -0.00179648 -0.0231833 -0.0124915 -0.000628362 -0.00103884 -0.00999401
internal_weight=658.224 62.0085 50.2899 596.215 591.431 6.27306 585.158 581.109 547.311 28.0702 22.4661 519.241 515.687 112.94
internal_count=2918 408 353 2510 2453 32 2421 2400 2251 113 93 2138 2127 609
is_linear=0
shrinkage=0.04


Tree=124
num_leaves=15
num_cat=0
split_feature=268 159 159 136 136 276 218 216 170 248 277 47 93 137
split_gain=6.85095 9.72503 8.87818 6.43871 7.38347 6.67087 8.93657 7.63718 7.3559 10.2032 10.2171 7.23301 6.26913 8.87054
threshold=0.0028499999316409235 0.014349999837577345 0.016150000505149368 0.010550000239163639 0.0063500001560896644 0.002650000038556755 0.0022500000195577745 0.003249999950639904 0.0012500000302679839 0.0012500000302679839 0.010549999773502352 0.0028499999316409235 0.0016499999910593035 0.0019500000635161998
decision_type=2 2 2 2 2 2 2 2 2 2 2 2 2 2
left_child=3 -2 -3 4 5 6 12 8 9 10 -8 -9 13 -1
right_child=1 2 -4 -5 -6 -7 7 11 -10 -11 -12 -13 -14 -15
leaf_value=0.00042736939810686673 0.030538984207874913 -0.094799638201813946 0.003083950736594252 0.041124417742989174 -0.047360101305162952 0.04223242427666795 0.049518843436748075 0.047407793647907197 -0.00084003419843866657 -0.054920817189073094 -0.035602831526783979 -0.018729483702764008 0.073863226566841397 -0.057834902051661231
leaf_weight=521.95154240727425 27.845831224694848 1.4532116670161475 31.973331969231367 5.666673067957162 5.4275836572051039 5.5782770887017241 3.5357464328408259 5.0013643130660039 13.656506013125179 17.710211159661412 5.8234371468424797 5.3097902461886406 1.743064559996127 4.1148153319954863
leaf_count=2199 230 9 169 18 22 28 13 16 57 76 24 19 6 32
internal_value=0.000389287 0.0131184 -0.00132228 -0.000915664 -0.00133322 -0.000890897 -0.0013206 -0.0172876 -0.0250958 -0.0371375 -0.00283885 0.013113 0.00021875 -3.16527e-05
internal_weight=656.791 61.2724 33.4265 595.519 589.852 584.425 578.846 51.0371 40.7259 27.0694 9.35918 10.3112 527.809 526.066
internal_count=2918 408 178 2510 2492 2470 2442 205 170 113 37 35 2237 2231
is_linear=0
shrinkage=0.04


Tree=125
num_leaves=15
num_cat=0
split_feature=167 263 211 246 182 155 263 269 199 171 247 290 269 68
split_gain=7.63996 7.09184 7.50953 7.5027 7.33084 11.3339 7.94455 9.10778 8.45651 8.14848 11.9335 8.36646 11.1131 8.21324
threshold=0.01275000022724271 0.0014499999815598132 0.0090499999932944792 0.0010500000207684936 0.014849999919533731 0.24189999699592593 0.0012500000302679839 0.018999999389052395 0.0034500000765547161 1.0000000180025095e-35 0.014650000259280207 0.064850002527236952 0.0035500000230968003 0.0018500000005587938
decision_type=2 2 2 2 2 2 2 2 2 2 2 2 2 2
left_child=1 2 4 -4 6 -6 7 8 9 10 11 -1 -13 -11
right_child=-2 -3 3 -5 5 -7 -8 -9 -10 13 -12 12 -14 -15
leaf_value=-0.00044215784732652133 0.055419112129058722 0.030056153211058461 -0.079270759845964933 0.025582131482055574 0.019918840732168402 -0.060755283772420773 -0.10706393644771386 0.029248203619401312 0.020549961793343303 -0.01290490629952251 0.040353482769666112 -0.041012685079514818 0.028138685141681965 0.024501636781406391
leaf_weight=332.38605785556138 3.7084570769220582 11.168385814875363 3.7092571407556525 1.403833534568548 40.34372267127037 2.8757709786295882 1.0667608268558968 13.995742317289112 22.745099756866693 180.90302623994648 10.856051012873648 17.043262176215652 4.600408609956502 9.7453904300928098
leaf_count=1400 12 110 19 19 254 21 8 65 98 801 30 61 12 36
internal_value=-0.00104538 -0.00138069 -0.00193868 -0.0497769 -0.00154038 0.0143307 -0.0027054 -0.00249265 -0.00327269 -0.00425878 -0.000744479 -0.00202705 -0.0260686 -0.01096
internal_weight=656.551 652.843 641.674 5.11309 636.561 43.2195 593.342 592.275 578.279 555.534 364.886 354.03 21.6437 190.648
internal_count=2946 2934 2824 38 2786 275 2511 2503 2438 2340 1503 1473 73 837
is_linear=0
shrinkage=0.04


Tree=126
num_leaves=15
num_cat=0
split_feature=167 32 277 251 233 219 182 247 102 233 247 208 265 265
split_gain=7.18143 6.9511 10.1177 9.0214 10.014 7.89964 15.6734 16.5896 15.3289 14.9116 16.7211 17.9521 13.9536 12.8541
threshold=0.01275000022724271 0.0055499998852610597 0.0068500000052154073 0.0060499999672174462 0.0084500000812113302 0.021249999292194847 1.0000000180025095e-35 1.0000000180025095e-35 1.0000000180025095e-35 0.0018500000005587938 0.0015499999863095584 0.0010500000207684936 0.00335000001359731 0.013950000051409008
decision_type=2 2 2 2 2 2 2 2 2 2 2 2 2 2
left_child=1 5 3 4 -3 6 7 -1 -8 10 11 -9 -10 -7
right_child=-2 2 -4 -5 -6 13 8 9 12 -11 -12 -13 -14 -15
leaf_value=-0.010084049102543157 0.054224304378446865 -0.019924783932723913 0.048020504416285949 0.052332691763312393 0.061685745029895739 -0.018081018467727538 0.025214328686247268 0.075944750632121694 -0.01856069870450797 0.035789740868818989 -0.042476923407845577 -0.045067662294479741 0.012673017296204696 0.0025756897153355034
leaf_weight=212.49647549539804 3.6421180870383969 18.38287419080735 10.748705033212898 4.545424908399581 2.6526133716106406 109.31886620819569 66.589387882500887 5.319363612681629 37.985651917755604 26.598308958113194 11.010840699076651 2.948248602449894 57.232108473777771 85.569629020988941
leaf_count=917 12 105 31 14 9 486 291 14 184 83 43 11 286 460
internal_value=-0.00100452 -0.00132773 0.0156356 0.00173815 -0.00920113 -0.00233856 0.000740304 -0.00536252 0.0105073 0.0163945 -0.0102051 0.0322905 0.000164445 -0.0089941
internal_weight=655.041 651.398 36.3296 25.5809 21.0355 615.069 420.18 258.373 161.807 45.8768 19.2785 8.26761 95.2178 194.888
internal_count=2946 2934 159 128 114 2775 1829 1068 761 151 68 25 470 946
is_linear=0
shrinkage=0.04


Tree=127
num_leaves=15
num_cat=0
split_feature=254 290 205 244 277 254 265 238 254 176 239 254 195 261
split_gain=7.28859 18.5428 12.2721 9.19923 12.2918 8.43755 8.5735 8.05494 8.31721 7.62224 8.57459 9.02369 13.2706 9.17518
threshold=0.0067499999422580012 0.0027499999850988392 0.0088499998673796671 1.0000000180025095e-35 0.0086500002071261423 0.0057500000111758718 0.012850000057369472 0.0027499999850988392 0.002650000038556755 0.0044499998912215242 1.0000000180025095e-35 0.0038499999791383748 0.0051500000990927228 0.0028499999316409235
decision_type=2 2 2 2 2 2 2 2 2 2 2 2 2 2
left_child=2 -2 3 5 -5 6 9 8 -4 10 11 13 -13 -1
right_child=1 -3 7 4 -6 -7 -8 -9 -10 -11 -12 12 -14 -15
leaf_value=-0.01261968795634787 0.047763555546307686 0.0010557455062596068 0.17750439987555702 0.0073135570544911807 -0.039157881631226847 -0.041958332900184081 0.065335353386251779 0.0098215771163598503 0.041944089121456092 0.037440739139093737 -0.024744432134004582 0.039345798276852348 -0.049517402869991671 0.080870894742141111
leaf_weight=88.240498309955001 14.085027454420922 335.96446343883872 0.87439586222172039 87.231887694448233 10.05595166608691 14.524466488510368 2.2591082341969004 12.852626278996466 3.8406925573945045 4.8620355874299994 60.439329374581575 13.153629621490838 3.2482698354870072 1.6032150946557511
leaf_count=421 68 1583 3 285 33 66 12 60 13 15 300 55 22 10
internal_value=-0.000964765 0.00295967 -0.00550847 -0.00751826 0.00243379 -0.0126791 -0.0101866 0.0267982 0.0710783 -0.0112419 -0.0127075 -0.00580571 0.0213113 -0.0108189
internal_weight=653.236 350.049 303.186 285.618 97.2878 188.331 173.806 17.5677 4.71509 171.547 166.685 106.246 16.4019 89.8437
internal_count=2946 1651 1295 1219 318 901 835 76 16 823 808 508 77 431
is_linear=0
shrinkage=0.04


Tree=128
num_leaves=15
num_cat=0
split_feature=254 290 247 32 254 213 205 216 93 167 174 136 233 268
split_gain=6.73921 17.3681 11.3839 10.5633 9.6054 9.93118 8.68846 8.67343 8.67324 8.32956 8.6226 10.3891 9.55094 9.24543
threshold=0.0067499999422580012 0.0027499999850988392 0.019999999552965168 0.0048500001430511483 0.0069500000681728133 0.0013499999768100681 0.0088499998673796671 0.0010500000207684936 0.0016499999910593035 0.01275000022724271 0.0012500000302679839 0.01210000040009618 0.032399998977780349 0.0012500000302679839
decision_type=2 2 2 2 2 2 2 2 2 2 2 2 2 2
left_child=2 -2 6 4 -3 7 -1 8 9 10 11 12 -6 -14
right_child=1 3 -4 -5 5 -7 -8 -9 -10 -11 -12 -13 13 -15
leaf_value=-0.0081950250848318827 0.046519726653349129 0.07345070372423243 0.042893133164152698 0.028911286033940456 -0.0091125665592352093 0.012235236795532988 0.022500902518117791 0.013802870441320385 0.068651691758785258 0.05355949363108823 0.041471971627485442 0.060449777275941224 -0.063969059206053294 -0.014158411647350461
leaf_weight=279.03885562717915 13.889840153977273 2.6629102677106848 7.5216289162635794 20.305240459740162 174.93440898507833 66.567318823188543 15.419939216226338 33.147661535069346 2.2175590693950644 3.2350982725620261 4.950873050838708 3.0622762739658347 10.567101351916792 14.298070784658192
leaf_count=1208 68 5 15 72 801 408 72 145 7 9 23 6 49 58
internal_value=-0.000926507 0.00284454 -0.00530793 0.00101358 -0.000776994 -0.00144458 -0.0065669 -0.0051598 -0.00813099 -0.00898885 -0.0100071 -0.011303 -0.0124524 -0.0356584
internal_weight=651.819 349.838 301.98 335.949 315.643 312.98 294.459 246.413 213.265 211.048 207.813 202.862 199.8 24.8652
internal_count=2946 1651 1295 1583 1511 1506 1280 1098 953 946 937 914 908 107
is_linear=0
shrinkage=0.04


Tree=129
num_leaves=15
num_cat=0
split_feature=167 263 251 211 246 217 217 195 133 196 238 290 102 155
split_gain=6.35266 6.36116 7.301 6.96509 6.78621 5.75666 9.97305 9.80596 10.0576 9.99011 8.99924 7.76191 7.22086 14.2596
threshold=0.01275000022724271 0.0014499999815598132 0.026349999941885475 0.0090499999932944792 0.0010500000207684936 0.0011500000255182388 0.002650000038556755 0.0013499999768100681 0.0012500000302679839 0.0058500000741332778 0.0041499999351799497 0.64885002374649059 1.0000000180025095e-35 0.0061500000301748523
decision_type=2 2 2 2 2 2 2 2 2 2 2 2 2 2
left_child=1 3 -3 5 -5 12 7 8 -7 -9 -8 -12 -1 -14
right_child=-2 2 -4 4 -6 6 10 9 -10 -11 11 -13 13 -15
leaf_value=0.00086111015304026568 0.05195449610516157 0.041288895798734543 -0.057877174233581345 -0.075795452089049198 0.024509696382989658 0.04538629799508774 -0.033938970553215889 -0.018355167959847377 -0.060744386207691327 0.032379581242810332 0.011652102159179435 -0.043060913205087925 -0.013920730837141982 0.011300823114984274
leaf_weight=315.06123696826398 3.5165766682475796 9.5398361682891828 1.2352639101445664 3.7069834917783728 1.3765427842736242 22.389796635136012 12.711432464420794 14.691348092630507 1.4094203114509571 10.578122200444339 33.272381111979485 4.6218144893646231 170.70991707220674 45.143744975328445
leaf_count=1248 12 99 11 19 19 94 50 75 9 48 180 28 821 233
internal_value=-0.000887336 -0.00118897 0.029125 -0.0017136 -0.0479138 -0.00132727 0.00747709 0.0203238 0.0387059 0.00276929 -0.0049161 0.00477791 -0.00298884 -0.00862457
internal_weight=649.964 646.448 10.7751 635.673 5.08353 630.589 99.6743 49.0687 23.7992 25.2695 50.6056 37.8942 530.915 215.854
internal_count=2946 2934 110 2824 38 2786 484 226 103 123 258 208 2302 1054
is_linear=0
shrinkage=0.04


Tree=130
num_leaves=15
num_cat=0
split_feature=36 155 0 108 90 205 205 218 134 216 208 171 290 247
split_gain=8.45679 12.7388 9.72116 9.70057 9.43085 12.8662 11.6771 10.5053 11.2215 9.90283 11.7742 8.79701 8.26375 10.4682
threshold=1.0000000180025095e-35 0.0061500000301748523 1.0000000180025095e-35 0.0016499999910593035 0.0040500001050531873 0.0048500001430511483 0.0041499999351799497 0.044900000095367439 0.0024500000290572648 0.0031500000040978198 0.0010500000207684936 0.17230000346899035 0.09054999798536302 0.0013499999768100681
decision_type=2 2 2 2 2 2 2 2 2 2 2 2 2 2
left_child=1 2 4 -3 5 6 9 8 -6 10 12 -7 -1 -14
right_child=-2 3 -4 -5 7 11 -8 -9 -10 -11 -12 -13 13 -15
leaf_value=0.0025657210213011765 -0.013218801854291065 0.015075077236384377 0.05186323871137194 0.07847990791587077 -0.044279142586956505 0.014613624537829056 -0.039662900670986094 0.042916931779941832 0.018963022122256368 0.032490356110846615 -0.010065628328289626 -0.073594521914893782 0.086266832053829692 -0.0098678406334012907
leaf_weight=186.43225357122719 66.144839832559228 52.27892260812223 5.6093850936740628 4.1255312561988822 21.026502575725324 104.18112986627966 13.071160916239021 3.3558007255196562 5.5392480492591849 13.248462084680794 175.80066960304976 1.7292826306074847 4.1858513355255118 2.9896895699203014
leaf_count=718 451 227 30 13 122 470 65 13 31 56 727 4 8 11
internal_value=0.000329361 0.00184781 -4.51161e-05 0.0199141 -0.000610064 0.000685351 -0.00262092 -0.022391 -0.0309208 -0.00133512 -0.00256753 0.0130676 0.00422197 0.0460774
internal_weight=659.719 593.574 537.169 56.4045 531.56 501.638 395.728 29.9216 26.5658 382.657 369.408 105.91 193.608 7.17554
internal_count=2946 2495 2255 240 2225 2059 1585 166 153 1520 1464 474 737 19
is_linear=0
shrinkage=0.04


Tree=131
num_leaves=15
num_cat=0
split_feature=36 155 96 0 113 1 6 290 205 125 205 248 246 164
split_gain=7.82696 11.7545 9.30737 9.09599 9.19883 10.3122 10.2543 10.2326 9.88273 14.5732 11.3268 9.36505 8.81599 8.77967
threshold=1.0000000180025095e-35 0.0061500000301748523 0.0082499999552965182 1.0000000180025095e-35 0.0010500000207684936 1.0000000180025095e-35 0.01329999975860119 0.13920000195503238 0.0048500001430511483 0.0017499999958090486 0.0040500001050531873 0.030150000005960468 1.0000000180025095e-35 0.0061500000301748523
decision_type=2 2 2 2 2 2 2 2 2 2 2 2 2 2
left_child=1 3 -3 4 5 6 8 -6 10 11 12 -10 13 -1
right_child=-2 2 -4 -5 7 -7 -8 -9 9 -11 -12 -13 -14 -15
leaf_value=0.00061564206963964346 -0.012743365710061608 0.025019456454980202 -0.025492279723606761 0.050509226646836235 -0.022958202739988717 -0.082812442486287663 -0.051173777058552784 0.023801507477902058 0.0095331963678728007 -0.067514986659630821 -0.033688771362597708 0.039410075901019706 0.040810307006396561 -0.047682083323204894
leaf_weight=333.74658648110926 65.877381440252066 49.93029030226171 6.4489911738783112 5.5336006451398125 48.410909496247768 2.2223833277821532 5.6993253603577605 8.690063674002884 76.547454946674407 3.3298960253596297 15.870561210438607 21.680335372686386 8.4766193618997914 6.0317957103252402
leaf_count=1214 451 202 38 30 278 11 37 34 366 19 70 94 75 27
internal_value=0.000318229 0.00177885 0.0191359 -4.18088e-05 -0.00058585 0.00123607 0.00165829 -0.0157429 0.00232432 0.0133535 -0.000743663 0.0162015 0.000755458 -0.000243754
internal_weight=658.496 592.619 56.3793 536.24 530.706 473.605 471.383 57.101 465.683 101.558 364.126 98.2278 348.255 339.778
internal_count=2946 2495 240 2255 2225 1913 1902 312 1865 479 1386 460 1316 1241
is_linear=0
shrinkage=0.04


Tree=132
num_leaves=15
num_cat=0
split_feature=36 246 113 0 113 267 1 244 205 164 32 157 90 90
split_gain=7.24042 10.1674 9.73667 8.2836 7.8996 17.8995 11.735 8.45545 11.105 13.2251 11.9453 11.2632 11.0919 10.3009
threshold=1.0000000180025095e-35 0.0012500000302679839 0.029199999757111076 1.0000000180025095e-35 0.0010500000207684936 0.0060499999672174462 1.0000000180025095e-35 0.0057500000111758718 0.0048500001430511483 0.0060499999672174462 0.0053499999921768912 1.0000000180025095e-35 0.0040500001050531873 0.0018500000005587938
decision_type=2 2 2 2 2 2 2 2 2 2 2 2 2 2
left_child=1 2 3 4 6 -6 7 8 9 11 12 -1 13 -10
right_child=-2 -3 -4 -5 5 -7 -8 -9 10 -11 -12 -13 -14 -15
leaf_value=-0.0029058414455745323 -0.012283431157195504 0.030989906090694189 0.079664326377318573 0.056677467227228932 -0.03025210436031725 0.01312641836051796 -0.092447614601876046 0.018400798654976423 0.0041312846338070839 -0.052425633620405566 0.060515913949152268 0.047162066186669113 -0.018952994548115363 0.034293636339985605
leaf_weight=331.44883100129664 65.619393948465586 18.292453650385141 2.3921017758548251 4.0560034047812215 38.769087791442871 24.787816472351551 2.0085517615079871 46.037925008684397 53.403572486713529 8.3761169239878637 7.3703061342239371 7.242327105253934 19.537516545504332 27.635207451879978
leaf_count=1220 451 226 8 12 244 94 7 188 223 43 19 28 94 89
internal_value=0.000304701 0.00171013 0.000763289 0.000411651 0 -0.0132772 0.00167857 0.00208225 0.000418681 -0.00305765 0.0116252 -0.00180981 0.00794616 0.0144959
internal_weight=656.977 591.358 573.065 570.673 566.617 63.5569 503.06 501.052 455.014 347.067 107.947 338.691 100.576 81.0388
internal_count=2946 2495 2269 2261 2249 338 1911 1904 1716 1291 425 1248 406 312
is_linear=0
shrinkage=0.04


Tree=133
num_leaves=15
num_cat=0
split_feature=36 155 96 123 246 144 244 205 265 254 217 238 238 221
split_gain=6.70135 10.4006 11.6675 9.64416 9.5281 8.51711 8.1361 9.73976 10.5869 13.6478 13.8758 12.2722 12.832 12.7502
threshold=1.0000000180025095e-35 0.0094499997794628161 0.0036499999696388845 0.0017499999958090486 0.0013499999768100681 0.0010500000207684936 0.0055499998852610597 0.0048500001430511483 0.003249999950639904 0.0067499999422580012 0.002650000038556755 0.0021499999566003685 0.0017499999958090486 0.0018500000005587938
decision_type=2 2 2 2 2 2 2 2 2 2 2 2 2 2
left_child=1 3 -3 4 6 -5 7 8 9 11 -11 12 -1 -14
right_child=-2 2 -4 5 -6 -7 -8 -9 -10 10 -12 -13 13 -15
leaf_value=-0.0017587052930896283 -0.011838589670371791 0.034564120752461534 -0.011687537099067367 -0.05051114907401013 0.033220652405530467 0.057619815135850488 0.015484693310793511 0.0088160263949863416 -0.015614317579671666 0.019462006076985106 -0.058607669300455897 -0.017239981689737824 0.060690719008200958 -0.048919499803036559
leaf_weight=96.214294243603945 65.370595125481486 29.378864424303174 12.179814413189886 9.4068686105310899 14.136757253669201 1.2106783222407091 49.40264818072319 110.62324964255095 102.51532627269626 63.900739712640643 3.7444542050361624 84.920963868498802 9.8878364861011487 1.9265406727790821
leaf_count=385 451 115 63 55 188 8 200 431 443 214 14 340 30 9
internal_value=0.000294905 0.00164909 0.0209174 0.000176697 0.000933263 -0.0373856 4.69305e-05 -0.00155746 -0.00473037 -0.00042904 0.0150013 -0.00586438 0.00304862 0.0422206
internal_weight=654.82 589.449 41.5587 547.89 537.273 10.6175 523.136 473.733 363.11 260.595 67.6452 192.95 108.029 11.8144
internal_count=2946 2495 178 2317 2254 63 2066 1866 1435 992 228 764 424 39
is_linear=0
shrinkage=0.04


Tree=134
num_leaves=15
num_cat=0
split_feature=36 155 108 150 300 265 96 155 90 92 218 90 219 247
split_gain=6.19927 9.70107 8.61863 8.23868 9.93129 7.95646 8.31355 7.82268 7.4458 9.51035 9.04515 8.92414 8.85781 8.83916
threshold=1.0000000180025095e-35 0.0061500000301748523 0.0016499999910593035 0.023049999959766868 0.0042499999981373557 0.0010500000207684936 0.0036499999696388845 0.020349999889731411 0.0040500001050531873 0.002549999975599349 0.044900000095367439 0.0037500000325962905 0.021650000475347046 0.010350000113248827
decision_type=2 2 2 2 2 2 2 2 2 2 2 2 2 2
left_child=1 3 5 4 8 -3 7 -7 9 11 12 13 -10 -1
right_child=-2 2 -4 -5 -6 6 -8 -9 10 -11 -12 -13 -14 -15
leaf_value=-0.0015991319184366793 -0.011408438331380786 -0.051032768985040125 0.072645236621350626 -0.040767663175579137 0.037137035222226382 0.010734329032369075 -0.011889072264891873 0.048548682173918944 -0.00041367124641117104 0.044985429292181904 0.042194115156810666 0.05274451967138459 -0.047094754723135887 0.024517823036117995
leaf_weight=448.06748098693788 65.130706306546926 2.822986312210559 4.11538291722536 7.7456352151930323 11.494925674051045 22.217771336436272 12.055781311355529 14.830108458176253 11.539178440347319 7.6067970078438512 3.2419801428914061 5.0133923254907122 15.344779597595332 21.634947238489985
leaf_count=1758 451 15 13 54 152 96 64 52 61 33 13 10 81 93
internal_value=0.000283255 0.00158742 0.0174013 -7.48537e-05 0.000526754 0.0128149 0.016663 0.0260689 -0.000293747 0.00090504 -0.0195584 0.00018095 -0.0272822 -0.000382683
internal_weight=652.862 587.731 56.042 531.689 523.943 51.9266 49.1037 37.0479 512.449 482.323 30.1259 474.716 26.884 469.702
internal_count=2946 2495 240 2255 2201 227 212 148 2049 1894 155 1861 142 1851
is_linear=0
shrinkage=0.04


Tree=135
num_leaves=15
num_cat=0
split_feature=179 164 150 198 102 26 244 155 196 102 113 239 225 208
split_gain=8.27178 11.4622 9.83337 8.78818 9.26436 9.97723 8.4821 9.38669 7.78541 10.9607 8.46823 10.7556 10.6801 15.1719
threshold=0.0010500000207684936 0.11625000089406969 0.1276500001549721 0.014250000007450582 0.0077499998733401307 0.0013499999768100681 0.0057500000111758718 0.011649999767541887 0.0084500000812113302 0.0022500000195577745 0.0010500000207684936 0.018250000663101677 0.0020500000100582842 0.0020500000100582842
decision_type=2 2 2 2 2 2 2 2 2 2 2 2 2 2
left_child=3 2 -2 4 6 -6 7 8 10 -10 11 12 -1 -14
right_child=1 -3 -4 -5 5 -7 -8 -9 9 -11 -12 -13 13 -15
leaf_value=-0.0021048334727621068 0.019948361601603456 -0.072567381893361094 -0.026470476359382267 0.039362865300144406 -0.016099362258855898 0.051878307686399651 0.018724705375453954 0.038090100857433827 0.037762154561684115 -0.027547175059470602 -0.022121495693693646 -0.031396442382708077 -0.039046057164648006 0.036906689117608735
leaf_weight=303.05057869106531 70.162182617932558 2.3483316712081423 7.991990288719534 8.2728805392980558 88.97672925516963 3.4730016365647307 37.148823961615562 9.3979522287845594 16.116725519299511 5.3556673005223265 35.20546730607748 18.202878031879663 4.9827225208282497 23.594102576375008
leaf_count=1215 267 14 56 78 544 16 175 34 63 28 242 91 16 73
internal_value=0.000451191 0.0124282 0.0151227 -0.00128462 -0.00191549 -0.0134492 0.000431675 -0.00119676 -0.002124 0.021235 -0.00344223 -0.00154521 9.0222e-05 0.0234339
internal_weight=634.28 80.5025 78.1542 553.778 545.505 92.4497 453.055 415.906 406.508 21.4724 385.036 349.83 331.627 28.5768
internal_count=2912 337 323 2575 2497 560 1937 1762 1728 91 1637 1395 1304 89
is_linear=0
shrinkage=0.04


Tree=136
num_leaves=15
num_cat=0
split_feature=179 164 290 248 238 238 171 195 159 196 164 248 247 229
split_gain=7.63313 10.5773 8.21897 7.94785 15.0501 11.0772 8.79706 8.7493 8.6627 16.0061 14.0639 10.0117 8.90598 8.68038
threshold=0.0010500000207684936 0.11625000089406969 0.0036499999696388845 0.059149999171495445 0.0042499999981373557 0.0044499998912215242 0.0093499999493360537 0.0049499999731779107 0.014349999837577345 0.0084500000812113302 0.002650000038556755 0.010950000025331976 0.014449999667704107 0.002549999975599349
decision_type=2 2 2 2 2 2 2 2 2 2 2 2 2 2
left_child=3 2 -2 8 -5 -6 7 -7 9 10 12 -10 13 -1
right_child=1 -3 -4 4 5 6 -8 -9 11 -11 -12 -13 -14 -15
leaf_value=-0.0018580501780081321 0.062884068293155931 -0.069532039546169724 0.010971760075024125 -0.042144832874993363 0.19889848411723299 0.0040015597566019443 -0.024573282942824293 0.052063724801937078 -0.0065709980515973069 0.039935648679808373 -0.037446261154822448 -0.038015557465523722 0.032619491066632887 0.049744743201498853
leaf_weight=366.29670859407634 5.1885872501879922 2.3569881394505492 72.754654722288251 5.734011832624673 0.50139348208904522 10.16484702378512 4.8316118549555531 15.706828236579893 78.414922751486301 15.36198604851961 16.625094670802355 20.509557656012475 12.859140994027255 5.1876051612198344
leaf_count=1490 12 14 311 43 2 60 27 67 495 58 91 127 78 37
internal_value=0.000433804 0.0119536 0.0145549 -0.00123603 0.0166473 0.0276785 0.024116 0.0334225 -0.00252883 0 -0.0015392 -0.0131625 1.29217e-05 -0.00111348
internal_weight=632.494 80.3002 77.9432 552.194 36.9387 31.2047 30.7033 25.8717 515.255 416.331 400.969 98.9245 384.343 371.484
internal_count=2912 337 323 2575 199 156 154 127 2376 1754 1696 622 1605 1527
is_linear=0
shrinkage=0.04


Tree=137
num_leaves=15
num_cat=0
split_feature=179 164 150 198 171 208 208 277 109 53 173 114 159 97
split_gain=7.0424 9.7653 9.04407 8.14885 8.30446 9.89823 7.84206 11.1322 12.6153 8.85593 7.52064 7.4704 7.81525 9.48441
threshold=0.0010500000207684936 0.11625000089406969 0.1276500001549721 0.014250000007450582 0.0063499999232590207 0.071699999272823348 0.010449999943375589 0.0011500000255182388 0.0030500000575557355 0.0028499999316409235 0.0024500000290572648 0.0021499999566003685 0.38229998946189886 0.0016499999910593035
decision_type=2 2 2 2 2 2 2 2 2 2 2 2 2 2
left_child=3 2 -2 4 6 -6 9 10 -9 11 -8 12 -1 -14
right_child=1 -3 -4 -5 5 -7 7 8 -10 -11 -12 -13 13 -15
leaf_value=-0.0010372093873013367 0.01863169982118195 -0.066693769117911 -0.02599343054664599 0.038379536009709038 -0.023865467502188681 0.018385193430921307 -0.046372946521661504 0.037728062959118937 -0.013941511204637972 -0.038296686158668332 0.03209499548451903 -0.052765357454119838 0.066713488369421037 -0.043522317279639705
leaf_weight=414.55852903239429 69.902015693485737 2.3631228040903798 7.9503846019506446 8.095461202785371 47.678340546786785 10.708198070526121 6.6815538033843023 29.322255314327776 9.9829772710800153 10.274639930576084 2.6026738286018372 4.2939800806343547 5.3486716672778121 1.4980319291353223
leaf_count=1775 267 14 56 78 243 42 36 149 58 107 10 45 18 14
internal_value=0.000418387 0.0114887 0.0139957 -0.00118766 -0.00179193 -0.01603 -6.51333e-05 0.0151518 0.0245011 -0.00177333 -0.023842 -0.000873623 -0.00032298 0.0417392
internal_weight=631.261 80.2155 77.8524 551.045 542.95 58.3865 484.563 48.5895 39.3052 435.974 9.28423 425.699 421.405 6.8467
internal_count=2912 337 323 2575 2497 285 2212 253 207 1959 46 1852 1807 32
is_linear=0
shrinkage=0.04


Tree=138
num_leaves=15
num_cat=0
split_feature=179 150 198 102 26 244 155 70 278 164 290 290 75 248
split_gain=6.50007 9.06558 7.62529 8.09968 8.83276 7.81243 8.62298 8.17646 7.58325 7.53822 6.83692 7.2544 6.81658 6.4181
threshold=0.0010500000207684936 0.32684999704360967 0.014250000007450582 0.0077499998733401307 0.0013499999768100681 0.0057500000111758718 0.011649999767541887 0.0016499999910593035 0.0074499999172985562 0.11775000020861627 0.0036499999696388845 0.0092500001192092913 0.0041499999351799497 0.014050000347197058
decision_type=2 2 2 2 2 2 2 2 2 2 2 2 2 2
left_child=2 9 3 5 8 6 13 12 -5 10 -2 -12 -7 -1
right_child=1 -3 -4 4 -6 7 -8 -9 -10 -11 11 -13 -14 -15
leaf_value=-0.0041456357553225518 0.060444767394951388 -0.050474859898420807 0.037412896500334469 -0.018672009713159562 0.048786888376344741 0.025853629459886073 0.036551176951179598 -0.0627700647733926 0.023274805543352626 -0.062716672804498969 -0.050042847494027383 0.015338643525861218 -0.071296422568520618 0.0097896056987564588
leaf_weight=341.88688815757632 5.1238055787980548 3.5347258374094954 7.9774480005726209 80.679712157696486 3.4825146272778502 33.84930675290525 9.4030707776546461 1.7778222635388363 7.3727229069918385 1.8789268992841233 2.7085024639964095 66.763062641955912 1.0815923288464535 62.341391670517623
leaf_count=1424 12 26 78 513 16 162 34 7 31 12 14 273 6 304
internal_value=0.000400466 0.0110502 -0.00114363 -0.00172544 -0.0125674 0.000471695 -0.00109039 0.018137 -0.015092 0.0140084 0.0160759 0.0126638 0.0225364 -0.00198472
internal_weight=629.861 80.009 549.852 541.875 91.5349 450.34 413.631 36.7087 88.0524 76.4743 74.5954 69.4716 34.9309 404.228
internal_count=2912 337 2575 2497 560 1937 1762 175 544 311 299 287 168 1728
is_linear=0
shrinkage=0.04


Tree=139
num_leaves=15
num_cat=0
split_feature=179 150 198 127 195 26 265 182 218 94 47 25 244 254
split_gain=6.00317 8.5922 7.13266 7.72202 9.59641 11.3324 10.5771 7.78015 11.0843 11.8687 8.73075 10.2238 12.5357 8.74477
threshold=0.0010500000207684936 0.1276500001549721 0.014250000007450582 1.0000000180025095e-35 0.0018500000005587938 0.0013499999768100681 1.0000000180025095e-35 1.0000000180025095e-35 0.0031500000040978198 0.0021000000415369873 1.0000000180025095e-35 0.0010500000207684936 0.0015499999863095584 0.013950000051409008
decision_type=2 2 2 2 2 2 2 2 2 2 2 2 2 2
left_child=2 -2 3 7 6 -6 -5 8 10 -10 13 -12 -13 -1
right_child=1 -3 -4 4 5 -7 -8 -9 9 -11 11 12 -14 -15
leaf_value=-0.0039284873493118065 0.015158010493641469 -0.027525170938896611 0.036460082119640511 -0.043308796967420592 -0.024223428692106329 0.049495090807660624 0.008701457583820911 0.0077357322095474882 0.051503222893433204 -0.090791566666531015 -0.046029621552704923 -0.030298765121818585 0.015756601064809736 0.025257427768526124
leaf_weight=171.58662248775363 71.407200818881392 8.2854512017220241 7.8634427674114695 7.0803914852440348 65.022234328091145 3.3917508088052264 48.170086171478033 163.74586819298565 9.2125010266900027 0.93318675458431322 16.095844201743603 19.275053411722183 18.269176334142685 18.050564914941788
leaf_count=735 279 58 78 42 462 14 243 689 29 4 60 102 55 62
internal_value=0.000385038 0.0106413 -0.00109896 -0.00165908 -0.0104361 -0.0204434 0.00189783 0.000935037 -0.00344468 0.0372663 -0.00517355 -0.01941 -0.00779945 -0.0011175
internal_weight=628.389 79.6927 548.697 540.833 123.664 68.414 55.2505 417.169 253.423 10.1457 243.277 53.6401 37.5442 189.637
internal_count=2912 337 2575 2497 761 476 285 1736 1047 33 1014 217 157 797
is_linear=0
shrinkage=0.04


Tree=140
num_leaves=15
num_cat=0
split_feature=291 125 171 248 265 101 278 159 164 196 25 267 25 216
split_gain=6.52013 8.23307 8.34762 7.89093 12.7002 8.62049 9.47224 13.1103 8.64084 8.42732 8.3837 7.58501 7.4815 6.69758
threshold=0.0038499999791383748 0.0048500001430511483 0.0093499999493360537 0.059149999171495445 0.0023500000825151805 1.0000000180025095e-35 0.0011500000255182388 0.049700001254677779 0.028250000439584259 0.24739999324083331 0.0013499999768100681 0.017699999734759334 0.011549999937415125 0.00335000001359731
decision_type=2 2 2 2 2 2 2 2 2 2 2 2 2 2
left_child=1 2 3 5 -5 9 13 8 -8 -1 -9 12 -4 -7
right_child=-2 -3 11 4 -6 6 7 10 -10 -11 -12 -13 -14 -15
leaf_value=0.00058879759451714218 0.032549428844527106 0.028114390193565618 -0.033668720394520478 -0.014865277058048345 0.034485689874025456 -0.025800570975743113 0.039419981378660103 0.033259626865407878 -0.088995526463998012 0.079242075246977961 -0.037654880199298378 -0.0023011748204456888 0.034008883635444132 0.056458283083061715
leaf_weight=417.18645348586142 9.3066303841769678 15.055132647976277 31.49486942589283 12.405928716063498 24.559376463294029 51.332649113610387 13.872228752821684 3.3216740787029257 0.78138851374387819 2.0923689007759085 11.502682123333214 39.724732669070363 2.7113406918942919 1.5132458508014668
leaf_count=1642 213 80 151 61 111 335 57 12 4 5 72 177 12 5
internal_value=-0.000493401 -0.000994907 -0.00172141 2.33423e-06 0.0178197 -0.00130602 -0.0131353 0.00491079 0.0317444 0.00100965 -0.0213808 -0.0143155 -0.0281042 -0.0232673
internal_weight=636.861 627.554 612.499 538.568 36.9653 501.603 82.3239 29.478 14.6536 419.279 14.8244 73.9309 34.2062 52.8459
internal_count=2937 2724 2644 2304 172 2132 485 145 61 1647 84 340 163 340
is_linear=0
shrinkage=0.04


Tree=141
num_leaves=15
num_cat=0
split_feature=291 125 171 21 179 179 220 225 225 239 219 233 290 188
split_gain=6.19401 7.56386 7.71728 7.45864 7.22814 10.8185 8.35485 10.6241 7.61638 8.77677 10.4494 9.93991 18.0835 8.4035
threshold=0.0038499999791383748 0.0048500001430511483 0.0093499999493360537 0.0011500000255182388 0.0040500001050531873 0.0010500000207684936 0.0020500000100582842 0.0010500000207684936 1.0000000180025095e-35 1.0000000180025095e-35 0.011549999937415125 0.0022500000195577745 0.13920000195503238 1.0000000180025095e-35
decision_type=2 2 2 2 2 2 2 2 2 2 2 2 2 2
left_child=1 2 4 -4 5 8 7 -7 9 10 13 12 -11 -1
right_child=-2 -3 3 -5 -6 6 -8 -9 -10 11 -12 -13 -14 -15
leaf_value=0.0027994100657510717 0.032219320871584876 0.026887740532126975 -0.015970839465524456 0.060536680061167837 -0.032337737738857467 0.046135077774299628 -0.053171954544231362 -0.0084163835442774438 0.0095867227757192655 -0.029807995064036478 -0.014626964043240936 -0.0029904383729036327 0.082371540722186207 0.030840240319955074
leaf_weight=187.71740434318781 9.0324928443878871 15.115578569471834 71.750517804175615 1.9817971847951401 10.729989882558582 19.310277149081237 1.9470131173729885 7.8930429741740218 93.200717855244875 50.763700030744076 52.191369071602821 93.114234339445829 2.2961269766092292 18.783567886799574
leaf_count=808 213 80 333 7 47 45 12 29 370 303 220 376 9 85
internal_value=-0.000472946 -0.000955506 -0.00165438 -0.0137811 2.55227e-06 0.000674339 0.0243204 0.0301876 -0.000706164 -0.00308726 0.0013265 -0.0109214 -0.0247324 0.00538309
internal_weight=635.828 626.795 611.68 73.7323 537.947 527.217 29.1503 27.2033 498.067 404.866 258.692 146.174 53.0598 206.501
internal_count=2937 2724 2644 340 2304 2257 86 74 2171 1801 1113 688 312 893
is_linear=0
shrinkage=0.04


Tree=142
num_leaves=15
num_cat=0
split_feature=178 301 182 121 101 214 246 121 208 254 244 207 290 179
split_gain=5.82138 6.15628 6.5777 9.51058 10.393 7.67015 7.42991 6.61135 6.14286 10.6347 13.7355 9.08745 10.8962 9.87967
threshold=0.0010500000207684936 0.1025499999523163 0.016849999316036705 0.0017499999958090486 0.0010500000207684936 0.052799999713897712 0.0011500000255182388 0.0031500000040978198 0.0085500003769993799 0.0036499999696388845 0.0020500000100582842 0.0012500000302679839 0.0018500000005587938 0.0040500001050531873
decision_type=2 2 2 2 2 2 2 2 2 2 2 2 2 2
left_child=1 2 5 4 -4 8 -6 -5 11 10 -10 13 -13 -1
right_child=-2 -3 3 7 6 -7 -8 -9 9 -11 -12 12 -14 -15
leaf_value=0.00019543006850623155 0.041492176016855925 -0.035098975017268184 0.045072682232563464 -0.054930132882996516 -0.02197108086835891 -0.075155350150195713 0.031756737578991917 0.0080261267705754296 -0.049537369092838887 0.011940696436251317 0.04424244518395138 0.058758129771040231 -0.018287091996855871 -0.049240440042008914
leaf_weight=376.99499960709363 5.146376351825892 8.1700007924810034 18.319953837431967 4.4957929197698814 9.373255483806135 2.1556990072131148 7.1744933193549505 6.1036426872014999 9.9374827966093999 96.246027525514364 3.1987939625978461 2.9333810582756987 78.196188326925039 6.478827688843011
leaf_count=1593 108 54 124 28 47 12 49 34 54 417 7 12 369 29
internal_value=-0.000454035 -0.000809691 -0.000347009 0.0142747 0.0243972 -0.00151012 0.00113388 -0.018567 -0.00121353 0.0072994 -0.0262373 -0.00322748 -0.0153832 -0.000641985
internal_weight=634.925 629.779 621.609 45.4671 34.8677 576.141 16.5477 10.5994 573.986 109.382 13.1363 464.603 81.1296 383.474
internal_count=2937 2829 2775 282 220 2493 96 62 2481 478 61 2003 381 1622
is_linear=0
shrinkage=0.04


Tree=143
num_leaves=15
num_cat=0
split_feature=291 125 22 213 123 219 286 171 113 248 248 219 199 238
split_gain=5.79072 6.8439 7.78451 6.62154 6.52046 6.00645 5.69128 7.35536 7.90796 5.75762 11.05 9.35145 9.02095 9.49937
threshold=0.0038499999791383748 0.0048500001430511483 0.0011500000255182388 0.29615001380443579 0.0013499999768100681 0.096099998801946654 0.0010500000207684936 0.10439999774098398 0.0074499999172985562 0.0068500000052154073 0.0072500000242143878 0.0013499999768100681 0.0010500000207684936 0.01840000040829182
decision_type=2 2 2 2 2 2 2 2 2 2 2 2 2 2
left_child=1 2 3 6 -3 -6 7 9 -9 12 -11 -12 -1 -14
right_child=-2 4 -4 -5 5 -7 -8 8 -10 10 11 -13 13 -15
leaf_value=-0.0045055407871168766 0.03180608698738914 0.085398260865607409 -0.048117370087796714 -0.065769068552065213 -0.0086322770790854784 0.046585543359083957 0.034181592493534363 -0.061143878410041479 0.035135072447429867 0.056627745383751739 -0.04683008718983056 0.0058034825987928343 0.03383549301350882 -0.020364128554125657
leaf_weight=413.96448492258787 8.6824165247380716 2.3724570572376242 5.5971816703677169 2.4256371259689322 7.5968904551118595 5.1531360596418381 7.2264818735420695 6.0308662429451934 1.6274352762848137 6.5219483040273181 5.5152979977428904 134.75895877927542 19.504135981202129 6.8548895940184584
leaf_count=1748 213 6 35 12 59 15 50 24 6 19 34 614 67 35
internal_value=-0.000436092 -0.000895301 -0.00156231 -0.00111669 0.025582 0.0135625 -0.00083867 -0.00127656 -0.0399793 -0.000758194 0.00609051 0.00367366 -0.00305138 0.0195655
internal_weight=633.832 625.15 610.027 604.43 15.1225 12.75 602.004 594.778 7.6583 587.12 146.796 140.274 440.324 26.359
internal_count=2937 2724 2644 2609 80 74 2597 2547 30 2517 667 648 1850 102
is_linear=0
shrinkage=0.04


Tree=144
num_leaves=15
num_cat=0
split_feature=178 298 182 121 217 265 101 267 217 233 233 243 247 217
split_gain=5.50414 5.91728 8.68935 8.46145 6.3194 19.7708 6.28293 7.38781 6.02342 7.04842 9.80318 8.69248 8.44414 7.40461
threshold=0.0010500000207684936 0.0024500000290572648 0.016849999316036705 0.0017499999958090486 0.002650000038556755 0.002549999975599349 0.0010500000207684936 0.0040500001050531873 0.0011500000255182388 0.033850001171231277 0.058049999177455909 0.0022500000195577745 0.0052499999292194852 1.0000000180025095e-35
decision_type=2 2 2 2 2 2 2 2 2 2 2 2 2 2
left_child=1 2 4 6 8 -6 -4 -8 9 11 -11 13 -13 -1
right_child=-2 -3 3 -5 5 -7 7 -9 -10 10 -12 12 -14 -15
leaf_value=0.00088530087496081246 0.041356473593693932 -0.031157571594476182 0.043829141773401831 -0.013911109718145687 -0.070770792993748416 -0.00033333854078332033 -0.036300951977029657 0.027568743571302661 0.014686206825029181 -0.044719425194997831 0.0043488096681925884 -0.063090214964061864 0.024404335000604616 -0.036787863188609209
leaf_weight=462.08093736413866 4.9031682573258868 9.9820660296827537 17.428754475899044 9.9962181709706766 8.4760154113173467 25.308381132781506 4.1657165288925162 8.8178437976166588 38.826918246224523 13.880265153944494 11.914644123986362 6.4627397358417493 2.2751383408904076 8.3998952805995923
leaf_count=2011 108 69 123 59 29 121 34 44 157 51 46 29 13 43
internal_value=-0.000418078 -0.00075713 -0.00025469 0.0176463 -0.00151674 -0.0182798 0.0281616 0.00664989 -0.00046486 -0.00164031 -0.0219711 -0.000533267 -0.0398377 0.000196515
internal_weight=632.919 628.016 618.033 40.4085 577.625 33.7844 30.4123 12.9836 543.841 505.014 25.7949 479.219 8.73788 470.481
internal_count=2937 2829 2760 260 2500 150 201 78 2350 2193 97 2096 42 2054
is_linear=0
shrinkage=0.04


Tree=145
num_leaves=15
num_cat=0
split_feature=174 218 218 121 90 219 218 268 137 155 159 208 248 233
split_gain=5.46965 7.80489 7.61876 6.65875 8.63132 6.04182 5.832 5.31556 7.57026 7.82548 10.7362 6.83529 11.9174 13.1113
threshold=0.0030500000575557355 0.0075499999802559623 0.044900000095367439 0.0011500000255182388 0.0031500000040978198 0.0012500000302679839 0.021650000475347046 0.0041499999351799497 0.0016499999910593035 0.023550000041723255 0.16395000368356707 1.0000000180025095e-35 0.0022500000195577745 0.0019500000635161998
decision_type=2 2 2 2 2 2 2 2 2 2 2 2 2 2
left_child=1 3 6 7 5 -5 -3 8 9 11 -11 -1 -13 -14
right_child=-2 2 -4 4 -6 -7 -8 -9 -10 10 -12 12 13 -15
leaf_value=0.0035185597057160547 0.03198549629135012 -0.018962083775285792 0.042819711356910109 -0.045924980701078526 -0.00080514016100372021 0.04680371680440689 -0.07210324672691322 0.018755618816622421 -0.039809678838636613 0.042135836632377723 -0.020664504453213245 -0.015345530235260051 -0.016471999957913441 0.0081617552665326325
leaf_weight=229.10471522994339 8.4488929044455272 11.373728078790014 2.1407757103443137 1.0972323715686787 17.919282184913754 14.35134664736688 4.8285957630723706 22.010947319678962 7.9282373422756782 14.507301323115827 6.03794883750379 120.25475374609232 48.2765429969877 120.85774358548224
leaf_count=985 72 71 8 6 92 57 24 180 58 50 39 527 279 470
internal_value=0.000205058 -0.00022618 -0.0258625 0.000552039 0.0178944 0.0397074 -0.0353897 -0.000460942 -0.00124485 -0.000662936 0.0234753 -0.00163147 -0.00572228 0.00110125
internal_weight=629.138 620.689 18.3431 602.346 33.3679 15.4486 16.2023 568.978 546.967 539.039 20.5453 518.494 289.389 169.134
internal_count=2918 2846 103 2743 155 63 95 2588 2408 2350 89 2261 1276 749
is_linear=0
shrinkage=0.04


Tree=146
num_leaves=15
num_cat=0
split_feature=111 246 164 244 105 93 164 176 282 170 223 267 171 265
split_gain=7.60301 7.67066 7.26511 7.54587 14.3252 7.17857 8.55451 7.1734 6.67111 6.53131 6.38551 6.15482 6.8884 7.88867
threshold=0.0012500000302679839 0.0012500000302679839 0.0067499999422580012 0.0010500000207684936 0.015499999746680261 0.0015499999863095584 0.0017499999958090486 0.0014499999815598132 0.0038499999791383748 0.0016499999910593035 0.0048500001430511483 0.051799999549984939 0.052799999713897712 0.025850000791251663
decision_type=2 2 2 2 2 2 2 2 2 2 2 2 2 2
left_child=1 2 11 4 9 6 -2 -8 -5 10 -4 12 -1 -14
right_child=5 -3 3 8 -6 -7 7 -9 -10 -11 -12 -13 13 -15
leaf_value=0.0017913232002984114 -0.023825861398231698 0.024982019755456372 -0.025361000661951221 0.031359530599187606 0.069635851409296332 0.050205284712093443 0.05820525235563262 -0.0041662269397683607 -0.052187884774286597 -0.055199299601832418 0.067726356245003644 0.026341114337922616 -0.068968812013765493 0.012645779910311518
leaf_weight=480.68794607184827 48.079321899451315 21.753489278256893 6.95381878688932 7.1548524945974332 2.0356626771390429 2.6915865167975417 3.5897923931479481 14.240754682570694 1.8166364878416059 13.881973989307879 1.3043324649333952 15.997737525030969 4.5850310176610938 3.0152349397540092
leaf_count=2026 299 240 44 21 6 13 16 79 10 72 4 59 17 12
internal_value=0.000196499 0.0017453 0.00079284 -0.0173059 -0.028953 -0.0123541 -0.0150416 0.00842241 0.0136123 -0.03847 -0.00954536 0.00199362 0.0011825 -0.0363269
internal_weight=627.788 559.187 537.433 33.1473 24.1758 68.6015 65.9099 17.8305 8.97149 22.1401 8.25815 504.286 488.288 7.60027
internal_count=2918 2511 2271 157 126 407 394 95 31 120 48 2114 2055 29
is_linear=0
shrinkage=0.04


Tree=147
num_leaves=15
num_cat=0
split_feature=111 246 208 248 254 268 290 231 300 225 225 134 238 218
split_gain=7.02522 7.17971 7.24054 8.65389 10.1324 10.2886 8.5003 8.52205 8.34166 7.65479 14.5825 7.40325 7.36112 8.1203
threshold=0.0012500000302679839 0.0012500000302679839 1.0000000180025095e-35 0.0021499999566003685 0.017250000499188903 0.0016499999910593035 0.13920000195503238 1.0000000180025095e-35 0.0018500000005587938 0.0048500001430511483 0.007849999703466894 0.048800000920891769 0.0060499999672174462 0.0012500000302679839
decision_type=2 2 2 2 2 2 2 2 2 2 2 2 2 2
left_child=1 2 6 4 5 9 7 -1 -9 -4 -11 12 -6 -14
right_child=-2 -3 3 -5 11 -7 -8 8 -10 10 -12 -13 13 -15
leaf_value=0.0057633378983720542 -0.011897682455596232 0.024313836518909563 -0.02876256720526368 0.0021533486188600186 -0.02258185367013487 0.052946102225893119 0.041976628939971554 -0.067425657534392211 0.051163101450302721 0.072984465712114657 -0.031255647988450479 0.049079104607446737 0.031407240442766764 -0.013955732023158052
leaf_weight=214.12861419282854 68.354067255742848 21.465926365926862 62.326573939993978 186.0840611141175 17.335610792040825 2.7824343889951697 10.04872760362923 4.5561258047819129 1.0742536485195158 3.515180900692938 5.1456989794969559 4.8590650111436835 14.042128205299379 11.184218924492596
leaf_count=893 407 240 281 800 90 6 38 19 3 7 22 13 46 53
internal_value=0.000189705 0.00167796 0.000761454 -0.00324613 -0.0115647 -0.0208345 0.00613645 0.00446108 -0.0436034 -0.0238531 0.0109457 0.00278495 -0.00250909 0.0111617
internal_weight=626.903 558.549 537.083 307.275 121.191 73.7699 229.808 219.759 5.63038 70.9875 8.66088 47.421 42.562 25.2263
internal_count=2918 2511 2271 1318 518 316 953 915 22 310 29 202 189 99
is_linear=0
shrinkage=0.04


Tree=148
num_leaves=15
num_cat=0
split_feature=111 246 164 164 204 205 96 290 265 125 195 105 164 202
split_gain=6.49088 6.71611 6.7814 6.51952 6.54408 7.43985 8.06179 6.34762 6.82604 6.94445 6.22386 8.9886 7.54634 6.10426
threshold=0.0012500000302679839 0.0012500000302679839 0.0067499999422580012 0.0077499998733401307 0.0014499999815598132 0.0023500000825151805 0.0023500000825151805 0.013249999843537809 0.002549999975599349 0.0017499999958090486 0.18499999493360522 0.016200000420212749 0.036749999970197685 1.0000000180025095e-35
decision_type=2 2 2 2 2 2 2 2 2 2 2 2 2 2
left_child=1 2 -1 4 5 6 7 -2 -9 -10 11 -4 -12 -5
right_child=3 -3 10 13 -6 -7 -8 8 9 -11 12 -13 -14 -15
leaf_value=0.001889692385933234 -0.03262029745224173 0.023655548838842893 -0.030199517619390177 0.049321374754597164 0.029150239245426684 -0.045662477001205522 0.072112825433442357 0.038374383080104345 -0.021002961888558928 0.099678883288533485 0.051608163208013473 0.064105599359172455 -0.056882273854088589 -0.010999953330616241
leaf_weight=503.46024677716196 17.963085757568479 21.189231337979436 26.105518463999037 4.9372837841510755 4.4290467109531155 14.042898472398518 1.6475390270352352 5.3458642363548305 13.635250708088275 0.70056259632110673 3.8083341717720023 1.606152445077895 1.2703481763601301 5.5103676561266184
leaf_count=2114 106 240 133 21 35 109 7 20 77 3 11 5 8 29
internal_value=0.000183727 0.00161588 0.000733303 -0.0114467 -0.0167406 -0.0206737 -0.011548 -0.0154968 1.51614e-05 -0.0141787 -0.016852 -0.024379 0.0231243 0.0173244
internal_weight=625.652 557.44 536.251 68.2119 57.7642 53.3352 39.2923 37.6448 19.6817 14.3358 32.7904 27.7117 5.07868 10.4477
internal_count=2918 2511 2271 407 357 322 213 206 100 80 157 138 19 50
is_linear=0
shrinkage=0.04


Tree=149
num_leaves=15
num_cat=0
split_feature=111 93 164 205 120 219 161 246 208 233 251 277 219 134
split_gain=6.00375 6.34545 7.53022 6.35293 8.09252 11.3351 10.7617 6.2815 6.62154 12.6079 13.052 9.07033 9.74549 9.58144
threshold=0.0012500000302679839 0.0015499999863095584 0.0017499999958090486 0.0038499999791383748 0.0067499999422580012 0.0054500000551342973 0.0023500000825151805 0.0012500000302679839 1.0000000180025095e-35 0.0019500000635161998 1.0000000180025095e-35 0.0063499999232590207 0.098600000143051161 0.0012500000302679839
decision_type=2 2 2 2 2 2 2 2 2 2 2 2 2 2
left_child=7 2 3 4 5 -2 -6 8 -1 10 -10 12 13 -11
right_child=1 -3 -4 -5 6 -7 -8 -9 9 11 -12 -13 -14 -15
leaf_value=0.0058390398413368759 -0.042319220582546155 0.048052575680766374 0.0084164891172746788 -0.050758618903120542 0.0659191745395276 0.0063677217011179213 -0.040479887643287055 0.023007403273865412 -0.029766747036445454 0.016933564533318811 0.0045086839663916701 -0.005929239503317394 -0.072740890638200967 -0.016041636231628215
leaf_weight=229.91726500540972 18.737375453114513 2.6641381978988639 17.773160945624113 9.7278714543208462 4.0006689727306357 12.629335111007093 2.286173545755446 20.923012407496572 48.406195381656289 89.304092446342111 27.729539815336466 122.11254469119012 2.120887577533721 16.53427941724658
leaf_count=953 105 13 95 78 17 61 38 240 269 298 134 507 11 99
internal_value=0.000178055 -0.0110426 -0.0135902 -0.0219297 -0.0142611 -0.0226311 0.0265735 0.00155305 0.000704173 -0.00313895 -0.0172412 0.00151588 0.00997175 0.0117341
internal_weight=624.867 67.8187 65.1546 47.3814 37.6536 31.3667 6.28684 557.048 536.125 306.208 76.1357 230.072 107.959 105.838
internal_count=2918 407 394 299 221 166 55 2511 2271 1318 403 915 408 397
is_linear=0
shrinkage=0.04


end of trees

feature_importances:
Column_244=99
Column_291=83
Column_219=64
Column_254=61
Column_247=51
Column_50=45
Column_268=42
Column_290=41
Column_127=40
Column_233=40
Column_105=39
Column_109=37
Column_150=37
Column_248=36
Column_90=35
Column_102=35
Column_225=35
Column_196=34
Column_238=33
Column_174=32
Column_159=30
Column_179=30
Column_265=30
Column_113=29
Column_195=29
Column_218=28
Column_171=27
Column_205=27
Column_182=26
Column_155=25
Column_208=24
Column_267=24
Column_124=23
Column_277=23
Column_286=23
Column_164=22
Column_221=22
Column_212=20
Column_246=20
Column_269=20
Column_47=19
Column_25=17
Column_36=17
Column_173=17
Column_134=16
Column_293=16
Column_198=15
Column_216=15
Column_300=15
Column_301=15
Column_125=14
Column_176=14
Column_178=14
Column_188=14
Column_210=14
Column_217=14
Column_239=14
Column_6=13
Column_120=12
Column_278=12
Column_111=11
Column_136=11
Column_213=11
Column_251=11
Column_108=10
Column_53=9
Column_93=9
Column_101=9
Column_2=8
Column_59=8
Column_96=8
Column_170=8
Column_223=8
Column_276=8
Column_32=7
Column_33=7
Column_39=7
Column_67=7
Column_112=7
Column_214=7
Column_22=6
Column_43=6
Column_75=6
Column_116=6
Column_123=6
Column_167=6
Column_199=6
Column_235=6
Column_0=5
Column_1=5
Column_92=5
Column_121=5
Column_137=5
Column_152=5
Column_161=5
Column_271=5
Column_297=5
Column_24=4
Column_26=4
Column_68=4
Column_99=4
Column_135=4
Column_207=4
Column_227=4
Column_261=4
Column_263=4
Column_15=3
Column_64=3
Column_97=3
Column_133=3
Column_144=3
Column_157=3
Column_211=3
Column_220=3
Column_241=3
Column_287=3
Column_37=2
Column_51=2
Column_62=2
Column_70=2
Column_88=2
Column_94=2
Column_114=2
Column_184=2
Column_202=2
Column_229=2
Column_249=2
Column_256=2
Column_266=2
Column_280=2
Column_281=2
Column_298=2
Column_21=1
Column_30=1
Column_38=1
Column_42=1
Column_48=1
Column_61=1
Column_165=1
Column_169=1
Column_203=1
Column_204=1
Column_206=1
Column_215=1
Column_226=1
Column_231=1
Column_240=1
Column_243=1
Column_258=1
Column_282=1
Column_285=1
Column_289=1

parameters:
[boosting: gbdt]
[objective: binary]
[metric: auc]
[tree_learner: serial]
[device_type: cpu]
[data_sample_strategy: bagging]
[data: ]
[valid: ]
[num_iterations: 150]
[learning_rate: 0.04]
[num_leaves: 15]
[num_threads: 0]
[seed: 0]
[deterministic: 0]
[force_col_wise: 0]
[force_row_wise: 0]
[histogram_pool_size: -1]
[max_depth: -1]
[min_data_in_leaf: 3]
[min_sum_hessian_in_leaf: 0.001]
[bagging_fraction: 0.8]
[pos_bagging_fraction: 1]
[neg_bagging_fraction: 1]
[bagging_freq: 5]
[bagging_seed: 3]
[bagging_by_query: 0]
[feature_fraction: 0.8]
[feature_fraction_bynode: 1]
[feature_fraction_seed: 2]
[extra_trees: 0]
[extra_seed: 6]
[early_stopping_round: 0]
[early_stopping_min_delta: 0]
[first_metric_only: 0]
[max_delta_step: 0]
[lambda_l1: 0.1]
[lambda_l2: 0.1]
[linear_lambda: 0]
[min_gain_to_split: 0]
[drop_rate: 0.1]
[max_drop: 50]
[skip_drop: 0.5]
[xgboost_dart_mode: 0]
[uniform_drop: 0]
[drop_seed: 4]
[top_rate: 0.2]
[other_rate: 0.1]
[min_data_per_group: 100]
[max_cat_threshold: 32]
[cat_l2: 10]
[cat_smooth: 10]
[max_cat_to_onehot: 4]
[top_k: 20]
[monotone_constraints: ]
[monotone_constraints_method: basic]
[monotone_penalty: 0]
[feature_contri: ]
[forcedsplits_filename: ]
[refit_decay_rate: 0.9]
[cegb_tradeoff: 1]
[cegb_penalty_split: 0]
[cegb_penalty_feature_lazy: ]
[cegb_penalty_feature_coupled: ]
[path_smooth: 0]
[interaction_constraints: ]
[verbosity: -1]
[saved_feature_importance_type: 0]
[use_quantized_grad: 0]
[num_grad_quant_bins: 4]
[quant_train_renew_leaf: 0]
[stochastic_rounding: 1]
[linear_tree: 0]
[max_bin: 255]
[max_bin_by_feature: ]
[min_data_in_bin: 3]
[bin_construct_sample_cnt: 200000]
[data_random_seed: 1]
[is_enable_sparse: 1]
[enable_bundle: 1]
[use_missing: 1]
[zero_as_missing: 0]
[feature_pre_filter: 1]
[pre_partition: 0]
[two_round: 0]
[header: 0]
[label_column: ]
[weight_column: ]
[group_column: ]
[ignore_column: ]
[categorical_feature: ]
[forcedbins_filename: ]
[precise_float_parser: 0]
[parser_config_file: ]
[objective_seed: 5]
[num_class: 1]
[is_unbalance: 1]
[scale_pos_weight: 1]
[sigmoid: 1]
[boost_from_average: 1]
[reg_sqrt: 0]
[alpha: 0.9]
[fair_c: 1]
[poisson_max_delta_step: 0.7]
[tweedie_variance_power: 1.5]
[lambdarank_truncation_level: 30]
[lambdarank_norm: 1]
[label_gain: ]
[lambdarank_position_bias_regularization: 0]
[eval_at: ]
[multi_error_top_k: 1]
[auc_mu_weights: ]
[num_machines: 1]
[local_listen_port: 12400]
[time_out: 120]
[machine_list_filename: ]
[machines: ]
[gpu_platform_id: -1]
[gpu_device_id: -1]
[gpu_use_dp: 0]
[num_gpu: 1]

end of parameters

pandas_categorical:null
