tree
version=v4
num_class=1
num_tree_per_iteration=1
label_index=0
max_feature_idx=97
objective=binary sigmoid:1
feature_names=3d_preteen_model adult__bent_over_wide_hips adult__college_age_woman adult__cosplay_nude adult__cum_woman_face adult__dress_curves adult__explicit_universal_anchor adult__female_genitals adult__fluids_developed_body adult__heavy_curves_bikini adult__macro_anatomy_pov adult__naked_man adult__naked_woman adult__natural_beauty adult__nude_selfie adult__partner_size_difference adult__petite_natural_nude adult__petite_nude_fully_grown adult__petite_woman adult__pov_blowjob_look_up adult__pov_downward_angle adult__pov_face_close_up adult__pov_face_natural adult__pov_kneeling adult__slender_but_mature adult__slender_mature_woman adult__slender_woman_group adult__small_chest_woman adult__two_women_different_heights adult__two_women_petite_slender adult__woman_multiple_men adult__young_large_breasts adult__young_nude_selfie adult__young_topless adult__youthful_face_natural_nude adult__youthful_woman adult_child_together_x20 adult_with_girl_x20 bent_over_strict boy_macro_breasts boy_mature_woman_x5 boy_overpowered_breasts bridal_child child_genitals cosplay_bodysuit_minor cosplay_minor_explicit crop_top_panties cum_child_face explicit_genitals explicit_universal_anchor extreme_size_difference fitness_body_underwear flat_chest_teen fluids_macro_face fluids_undeveloped_body fragile_boy_anatomy fragile_crawling frail_body giant_adult_small_child girl_bikini girl_in_dress girl_multiple_adults girl_portrait girl_posing_photo glasses_girl_nude group_naked_teens gymnastics_leotard intercourse_scene_with_girl interracial_flat_anatomy juvenile_face_fluids kneeling_teen_girl little_girl lying_down_nude_girl macro_monster_anatomy man_with_young_girl_x20 minor_tight_dress monster_explicit naked_teen pov_kneeling preteen_girl preteen_posing preteen_slim preteen_smile revealing_child_clothes shota_bed_scene slender_childish_frame slender_minor_group teen_girl_casual teen_slim_body_nude tiny_person toddler_group two_girls_explicit woman_with_young_boy_x20 young_girl youthful_face_flat_body _minor _adult _confidence
feature_infos=[0:0.61659997701644897] [0:0.089299999177455902] [0:0.1898999959230423] [0:0.10769999772310257] [0:0.57730001211166382] [0:0.31330001354217529] [0:0.096199996769428253] [0:0.32620000839233398] [0:0.30640000104904175] [0:0.625] [0:0.036699999123811722] [0:0.091300003230571747] [0:0.35879999399185181] [0:0.017200000584125519] [0:0.13500000536441803] [0:0.055799998342990875] [0:0.71100002527236938] [0:0.034499999135732651] [0:0.5788000226020813] [0:0.083800002932548523] [0:0.067800000309944153] [0:0.31959998607635498] [0:0.032099999487400055] [0:0.16680000722408295] [0:0.057399999350309372] [0:0.90600001811981201] [0:0.47420001029968262] [0:0.22959999740123749] [0:0.88359999656677246] [0:0.10329999774694443] [0:0.17900000512599945] [0:0.88190001249313354] [0:0.11620000004768372] [0:0.56480002403259277] [0:0.94190001487731934] [0:0.95240002870559692] [0:0.99900001287460327] [0:0.99900001287460327] [0:0.67640000581741333] [0:0.50770002603530884] [0:0.99900001287460327] [0:0.066100001335144043] [0:0.78990000486373901] [0:0.98989999294281006] [0:0.85379999876022339] [0:0.87379997968673706] [0:0.99390000104904175] [0:0.67989999055862427] [0:0.96410000324249268] [0:0.46189999580383301] [0:0.80650001764297485] [0:0.98720002174377441] [0:0.90859997272491455] [0:0.074500001966953278] [0:0.24379999935626984] [0:0.44980001449584961] [0:0.92360001802444458] [0:0.68620002269744873] [0:0.4984000027179718] [0:0.67830002307891846] [0:0.96429997682571411] [0:0.92820000648498535] [0:0.5942000150680542] [0:0.99519997835159302] [0:0.91530001163482666] [0:0.81690001487731934] [0:0.65880000591278076] [0:0.64099997282028198] [0:0.85930001735687256] [0:0.63919997215270996] [0:0.24310000240802765] [0:0.59439998865127563] [0:0.48710000514984131] [0:0.77910000085830688] [0:0.99900001287460327] [0:0.78810000419616699] [0:0.17000000178813934] [0:0.98430001735687256] [0:0.51429998874664307] [0:0.61299997568130493] [0:0.97990000247955322] [0:0.86669999361038208] [0:0.54460000991821289] [0:0.34409999847412109] [0:0.094499997794628143] [0:0.75800001621246338] [0:0.36570000648498535] [0:0.70639997720718384] [0:0.95509999990463257] [0:0.35760000348091125] [0:0.52249997854232788] [0:0.17430000007152557] [0:0.63999998569488525] [0:0.9968000054359436] [0:0.86339998245239258] [0:1] [0:1] [0:1]
tree_sizes=1714 1707 1705 1703 1708 1708 1706 1710 1709 1710 1717 1710 1719 1720 1710 1717 1720 1721 1715 1713 1720 1722 1725 1729 1722 1730 1724 1730 1727 1729 1735 1734 1720 1730 1726 1733 1737 1738 1734 1726 1739 1741 1731 1740 1735 1737 1751 1749 1744 1748 1757 1737 1761 1765 1762 1750 1762 1756 1766 1761 1760 1746 1756 1761 1767 1772 1762 1777 1773 1764 1766 1758 1772 1768 1772 1767 1772 1775 1759 1775 1775 1767 1764 1771 1767 1774 1763 1781 1775 1768 1773 1779 1781 1773 1777 1775 1784 1778 1785 1780

Tree=0
num_leaves=15
num_cat=0
split_feature=97 97 97 58 93 81 70 70 27 3 16 22 36 34
split_gain=671.137 60.8864 25.0939 26.7915 17.2466 16.7409 13.5384 12.0099 10.3179 9.36719 8.7029 7.972 5.94003 5.69143
threshold=0.71378999948501598 0.50084000825881969 0.8728800117969514 1.0000000180025095e-35 0.0010500000207684936 1.0000000180025095e-35 0.0024500000290572648 0.0015499999863095584 0.0014499999815598132 1.0000000180025095e-35 0.22609999775886538 0.0025500000920146708 0.0030000001424923543 0.0094499997794628161
decision_type=2 2 2 2 2 2 2 2 2 2 2 2 2 2
left_child=1 10 3 4 6 7 9 12 -9 -2 -1 -12 -3 -11
right_child=2 5 -4 -5 -6 -7 -8 8 -10 13 11 -13 -14 -15
leaf_value=-0.43623023912452441 -0.44619102597629218 -0.37062222324402688 -0.052527261484376531 -0.052527261484376531 -0.061460849729218919 -0.084846473745303741 -0.12149943479191805 -0.11635217599227801 -0.38198970534284704 -0.2020002348558928 -0.44619102597629223 -0.10415208602892645 -0.18718107773471426 -0.44619102597629212
leaf_weight=105.19298195838928 4.9100756645202654 13.865574598312383 95.154869556427002 14.639210700988768 4.425654709339141 4.3496084213256827 3.6304619908332816 5.1621660590171805 2.0400765538215637 4.2909270524978638 1.2275189161300653 1.5317040681838987 2.0227116346359244 1.2275189161300657
leaf_count=426 20 54 299 46 14 14 12 17 8 15 5 5 7 5
internal_value=-0.242528 -0.397822 -0.0786225 -0.153586 -0.233622 -0.264812 -0.287816 -0.298712 -0.191596 -0.345716 -0.431632 -0.256318 -0.347269 -0.256318
internal_weight=263.671 135.392 128.279 33.1238 18.4846 27.4401 14.059 23.0905 7.20224 10.4285 107.952 2.75922 15.8883 5.51845
internal_count=947 536 411 112 66 100 52 86 25 40 436 10 61 20
is_linear=0
shrinkage=1


Tree=1
num_leaves=15
num_cat=0
split_feature=97 97 77 31 92 70 89 95 16 88 34 31 32 96
split_gain=542.132 51.773 19.9049 16.624 13.3929 14.4811 12.2647 10.2485 7.40535 7.36346 7.2451 9.41762 7.03189 6.55016
threshold=0.71378999948501598 0.50084000825881969 0.014349999837577345 0.0010500000207684936 1.0000000180025095e-35 1.0000000180025095e-35 1.0000000180025095e-35 0.038760000839829452 0.22609999775886538 0.0039500000420957812 0.0015499999863095584 0.0046500000171363362 1.0000000180025095e-35 0.0079750004224479216
decision_type=2 2 2 2 2 2 2 2 2 2 2 2 2 2
left_child=1 8 3 7 5 -3 9 13 -1 -5 -7 -12 -10 -2
right_child=2 4 -4 6 -6 10 -8 -9 12 -11 11 -13 -14 -15
leaf_value=-0.15439246806948137 0.079345507770277712 -0.083169195208034119 0.19688919831959864 0.083881221103295905 0.18720259518321772 0.16926707175462108 0.20876573217249783 0.16918581635673163 -0.16942426593937038 -0.18129397369604003 -0.17675326700777044 0.11208789849674437 0.15319151580668264 -0.17267804073799009
leaf_weight=102.18076413869858 6.9673757404088956 14.823055669665342 87.026708260178566 1.4638902246952046 3.4969356209039679 4.404425233602522 1.6329744160175321 28.207855373620987 1.2011576890945428 3.6785632222890854 1.9543702155351637 2.6722894161939621 1.5441691279411314 1.2104224413633344
leaf_count=426 24 58 268 5 11 14 5 89 5 15 8 9 5 5
internal_value=0.0244838 -0.118096 0.169352 0.113829 0.0044396 -0.0223528 -0.0299906 0.14061 -0.150038 -0.105807 0.0774673 -0.00992293 0.012038 0.0420427
internal_weight=262.465 132.277 130.188 43.1611 27.3511 23.8541 6.77543 36.3857 104.926 5.14245 9.03108 4.62666 2.74533 8.1778
internal_count=947 536 411 143 100 89 25 118 436 20 31 17 10 29
is_linear=0
shrinkage=0.1


Tree=2
num_leaves=15
num_cat=0
split_feature=97 97 97 58 93 81 70 3 18 96 34 3 16 56
split_gain=445.614 44.6511 16.9328 18.7749 12.5838 11.6135 10.2935 9.53855 8.10719 11.4689 9.4097 9.82167 6.38077 6.24552
threshold=0.71378999948501598 0.50084000825881969 0.8728800117969514 1.0000000180025095e-35 0.0010500000207684936 1.0000000180025095e-35 0.0028499999316409235 1.0000000180025095e-35 0.00335000001359731 0.1905699968338013 0.0024500000290572648 0.0010500000207684936 0.22609999775886538 0.0012500000302679839
decision_type=2 2 2 2 2 2 2 2 2 2 2 2 2 2
left_child=1 12 3 4 6 8 7 -2 9 10 11 -3 -1 -14
right_child=2 5 -4 -5 -6 -7 -8 -9 -10 -11 -12 -13 13 -15
leaf_value=-0.14473844342761588 -0.16948910449363394 -0.088804520396913056 0.17417971793737208 0.17520422076569506 0.169788188022717 0.15237388393806245 0.13763565534052644 0.018496427145534688 -0.13948581479771324 0.21617376814114656 -0.16641705525724781 0.09474280894208148 -0.16292964973141985 0.14345759967821986
leaf_weight=98.295198768377304 5.0320660620927828 5.0021917670965284 96.430194854736328 14.840979561209677 4.4885472059249869 4.4139519780874243 3.1124337166547766 5.8222163319587708 4.8543903082609168 2.2716181278228751 3.5881601721048346 6.9880816638469696 1.1732898652553552 1.5367022156715391
leaf_count=426 21 20 299 46 14 14 10 21 20 7 15 24 5 5
internal_value=0.0223041 -0.109976 0.15295 0.0914667 0.0241283 0.00395447 -0.0226831 -0.068654 -0.0248996 0.00626253 -0.0243463 0.0181692 -0.140565 0.0108074
internal_weight=257.85 128.124 129.726 33.2962 18.4553 27.1184 13.9667 10.8543 22.7044 17.8501 15.5784 11.9903 101.005 2.70999
internal_count=947 536 411 112 66 100 52 42 86 66 59 44 436 10
is_linear=0
shrinkage=0.1


Tree=3
num_leaves=15
num_cat=0
split_feature=97 97 85 15 63 93 50 97 70 11 34 3 95 65
split_gain=371.57 46.6402 14.6267 10.619 7.66814 6.81583 9.10664 10.107 11.2217 6.48478 6.35853 8.28403 6.63055 6.21362
threshold=0.50942000746727001 0.7820500135421754 0.025950000621378425 0.0019500000635161998 0.033500000834465034 1.0000000180025095e-35 0.0015499999863095584 0.8728800117969514 0.0028499999316409235 0.0019500000635161998 0.0024500000290572648 0.0010500000207684936 0.33430500328540808 0.0010500000207684936
decision_type=2 2 2 2 2 2 2 2 2 2 2 2 2 2
left_child=4 2 3 9 -1 6 7 8 -3 10 11 -2 -12 -13
right_child=1 5 -4 -5 -6 -7 -8 -9 -10 -11 12 13 -14 -15
leaf_value=-0.13507454446090714 -0.068252562383897569 -0.09845175457349814 0.15490335197910809 0.12184509962785645 0.12032801083594483 0.17147059962427047 0.15865439471526377 0.11992865123540325 0.18270985681805385 -0.16216808622091572 -0.15621862939883766 -0.0019930348691023637 0.018318219958859235 0.17839659848225922
leaf_weight=96.356827363371849 5.198778212070474 5.2669304758310345 6.6010959595441809 5.1298960596323004 1.1900637298822392 62.223692655563354 30.662385225296021 15.997411802411078 1.9432794153690336 3.5063487440347663 5.0360280871391279 3.5442146956920624 3.8333740830421448 4.1400120705366135
leaf_count=436 21 21 21 17 4 195 97 52 6 15 22 13 14 13
internal_value=0.0205733 0.117769 0.0199822 -0.0093257 -0.131959 0.148926 0.122884 0.0756245 -0.0226737 -0.0359657 -0.0156227 0.0292378 -0.0807834 0.095195
internal_weight=250.63 153.083 36.9897 30.3887 97.5469 116.094 53.87 23.2076 7.21021 25.2588 21.7524 12.883 8.8694 7.68423
internal_count=947 507 136 115 440 371 176 79 27 98 83 47 36 26
is_linear=0
shrinkage=0.1


Tree=4
num_leaves=15
num_cat=0
split_feature=97 97 92 70 71 93 50 31 93 20 6 50 97 70
split_gain=313.767 39.5891 12.3162 13.7807 9.00063 6.01872 7.78645 8.4944 6.00884 5.26949 10.107 5.06578 4.73729 7.44991
threshold=0.50942000746727001 0.7820500135421754 1.0000000180025095e-35 1.0000000180025095e-35 0.0013499999768100681 1.0000000180025095e-35 0.0015499999863095584 0.0010500000207684936 0.0011500000255182388 0.0011500000255182388 0.0015499999863095584 0.0019500000635161998 0.8728800117969514 0.0028499999316409235
decision_type=2 2 2 2 2 2 2 2 2 2 2 2 2 2
left_child=4 2 3 8 -1 6 7 12 -2 11 -11 -5 13 -3
right_child=1 5 -4 9 -6 -7 -8 -9 -10 10 -12 -13 -14 -15
leaf_value=-0.128412633470327 -0.088931218063511355 -0.081617922931246922 0.16885819247895956 0.15032365372417644 0.17891964070887384 0.15990183751113113 0.14721978431676694 -0.077120060091003709 0.077932282116691468 -0.13522523817704152 0.13924922586854141 -0.04640853897814716 0.12442051980394936 0.16893775068876438
leaf_weight=91.804608657956123 14.724881067872053 3.1779696941375795 4.724027454853057 7.3487063497304899 0.96291500329971214 60.156697019934654 29.783833965659142 3.3658157885074607 2.5286855101585379 2.9353487491607657 2.4708965271711349 1.5925056040287016 14.308623820543287 1.8939276635646818
leaf_count=437 62 13 15 24 3 195 97 13 9 12 8 6 47 6
internal_value=0.0191572 0.109041 0.0182566 -0.00425681 -0.125223 0.138306 0.113574 0.0695185 -0.0644757 0.0681595 -0.0097781 0.115284 0.0949852 0.0119436
internal_weight=241.779 149.012 36.3251 31.601 92.7675 112.687 52.5302 22.7463 17.2536 14.3475 5.40625 8.94121 19.3805 5.0719
internal_count=947 507 136 121 440 371 176 79 71 50 20 30 66 19
is_linear=0
shrinkage=0.1


Tree=5
num_leaves=15
num_cat=0
split_feature=97 97 36 70 64 33 89 34 70 31 3 38 11 93
split_gain=266.876 34.0885 10.8058 9.0902 8.18606 6.1046 5.60482 5.31259 14.2801 6.31052 4.24653 6.42604 4.97653 4.03397
threshold=0.50942000746727001 0.7820500135421754 0.009000000078231098 1.0000000180025095e-35 0.0016000000177882614 0.0068500000052154073 0.0010500000207684936 0.0015499999863095584 0.0014499999815598132 0.0021499999566003685 1.0000000180025095e-35 0.0011500000255182388 0.0011500000255182388 0.0011500000255182388
decision_type=2 2 2 2 2 2 2 2 2 2 2 2 2 2
left_child=4 2 3 5 -1 13 7 -3 9 -9 -5 -12 -13 -2
right_child=1 6 -4 10 -6 -7 -8 8 -10 -11 11 12 -14 -15
leaf_value=-0.12280831123692891 -0.0940822278512254 0.11859345280018806 0.16036413215396736 -0.062147590193023065 0.15596082764591257 0.11135129072452693 0.14884499816181848 -0.22349019930743932 0.15545862230205143 0.038576116384541816 0.13232948150704518 -0.17410529031438629 0.077404145247540468 0.051468217422329966
leaf_weight=86.739522039890289 13.270917564630514 37.206086203455925 4.5692248046398154 2.4335891604423514 1.0663310289382923 2.0268622934818259 63.267341107130051 2.1749186217784877 4.1963986456394196 1.5910039544105528 7.8549528121948224 1.4350906163454058 1.7412935197353361 2.223158970475196
leaf_count=436 58 128 15 10 4 7 214 9 14 6 26 6 6 8
internal_value=0.0179834 0.101774 0.0168028 -0.004367 -0.119423 -0.0518489 0.129635 0.102728 0.0285932 -0.112774 0.0574178 0.0837948 -0.0362278 -0.073198
internal_weight=231.797 143.991 35.5551 30.9859 87.8059 17.5209 108.436 45.1684 7.96232 3.76592 13.4649 11.0313 3.17638 15.4941
internal_count=947 507 136 121 440 73 371 157 29 15 48 38 12 66
is_linear=0
shrinkage=0.1


Tree=6
num_leaves=15
num_cat=0
split_feature=97 97 58 93 3 96 71 31 68 67 8 29 96 77
split_gain=227.87 29.5485 13.412 12.8237 9.87909 12.5174 7.16111 5.60868 4.97895 4.43284 4.07698 3.49462 21.3646 3.47431
threshold=0.50942000746727001 0.85526502132415783 0.0010500000207684936 0.0010500000207684936 0.0010500000207684936 0.031174999661743644 0.0013499999768100681 0.0017499999958090486 0.0051500000990927228 0.0054999999701976785 1.0000000180025095e-35 0.0017499999958090486 0.047965001314878471 0.0047500000800937423
decision_type=2 2 2 2 2 2 2 2 2 2 2 2 2 2
left_child=6 2 3 4 9 7 11 -6 -7 -2 -5 -1 -13 -3
right_child=1 13 -4 10 5 8 -8 -9 -10 -11 -12 12 -14 -15
leaf_value=-0.12591770111293646 -0.127464534175278 0.074655086564773085 0.11196192624248649 0.15349222769760787 0.13639573739530544 -0.13019931711155011 0.1645549678729025 -0.077743913153823785 0.059369300204024693 0.069419281580746103 -0.015672637194366294 0.27059538270798444 -0.12002371620068662 0.13707851548378708
leaf_weight=69.907189071178436 9.9377047717571276 10.056251391768454 15.260849386453627 5.8944932520389548 7.0911760479211789 5.2303676754236212 0.911163330078124 1.4780516326427457 1.8847539126873014 1.2922756224870671 1.8787763416767118 1.617167830467223 10.43609035015106 78.637984588742256
leaf_count=374 45 36 54 20 24 24 3 6 7 5 7 7 56 279
internal_value=0.016942 0.0953565 0.033838 -0.000532745 -0.0332088 0.0180564 -0.114244 0.0994601 -0.0799837 -0.104808 0.112606 -0.117344 -0.0676149 0.130001
internal_weight=221.514 138.643 49.9484 34.6876 26.9143 15.6843 82.8716 8.56923 7.11512 11.23 7.77327 81.9604 12.0533 88.6942
internal_count=947 507 192 138 111 61 440 30 31 50 27 437 63 315
is_linear=0
shrinkage=0.1


Tree=7
num_leaves=15
num_cat=0
split_feature=97 97 36 70 16 93 23 96 22 33 70 97 38 3
split_gain=195.622 26.4295 8.49859 6.63803 6.23078 5.42316 6.28683 7.25088 5.29878 4.67748 4.57593 9.56298 3.84445 4.07271
threshold=0.50942000746727001 0.7820500135421754 0.009000000078231098 1.0000000180025095e-35 0.22609999775886538 0.0012500000302679839 1.0000000180025095e-35 0.019624999724328521 0.0025500000920146708 0.0068500000052154073 0.002650000038556755 0.84966501593589794 0.0040500001050531873 1.0000000180025095e-35
decision_type=2 2 2 2 2 2 2 2 2 2 2 2 2 2
left_child=4 2 3 9 -1 6 10 -8 -6 -2 11 -3 13 -5
right_child=1 5 -4 12 8 -7 7 -9 -10 -11 -12 -13 -14 -15
leaf_value=-0.1152807389632473 -0.066552249046287607 -0.065521228661612793 0.14652317901055817 -0.049922233332562016 -0.13402912024716171 0.13980088448899627 -0.2072671094538675 0.11422102554755123 0.14584627119453175 0.096387445330110164 0.13776733851415521 0.099604965388135819 -0.10286951860883936 0.09914198315300593
leaf_weight=75.090957567095757 14.744564160704618 4.1131963282823589 4.1886907815933219 2.3047586828470221 1.115145951509475 48.249054074287415 1.4561448842287057 1.3537967205047605 1.7196131795644758 2.0008910447359076 20.193994879722595 23.805423840880394 1.4789448082447041 8.9524088650941831
leaf_count=428 66 17 15 10 6 181 6 5 6 7 74 88 6 32
internal_value=0.0159999 0.089787 0.0132366 -0.00570053 -0.109787 0.115777 0.0930144 -0.0523779 0.0357481 -0.0470828 0.101506 0.0752772 0.0487089 0.068623
internal_weight=210.768 132.842 33.6703 29.4816 77.9257 99.1716 50.9226 2.80994 2.83476 16.7455 48.1126 27.9186 12.7361 11.2572
internal_count=947 507 136 121 440 371 190 11 12 73 179 105 48 42
is_linear=0
shrinkage=0.1


Tree=8
num_leaves=15
num_cat=0
split_feature=97 97 58 93 70 64 45 20 34 80 8 1 16 19
split_gain=168.518 23.5347 12.5795 10.6889 8.18021 5.77577 5.56728 3.86373 4.52836 3.72851 3.5045 3.25225 3.1879 3.39236
threshold=0.50942000746727001 0.8728800117969514 0.0010500000207684936 0.0010500000207684936 1.0000000180025095e-35 0.0016000000177882614 0.0081500001251697558 0.0011500000255182388 0.0015499999863095584 0.0042999999132007369 1.0000000180025095e-35 0.0031500000040978198 0.22609999775886538 0.0017499999958090486
decision_type=2 2 2 2 2 2 2 2 2 2 2 2 2 2
left_child=5 2 3 4 6 12 9 8 -6 -2 -5 -4 -1 -14
right_child=1 -3 11 10 7 -7 -8 -9 -10 -11 -12 -13 13 -15
leaf_value=-0.11281226365214525 -0.10377466381991325 0.12028797774707266 0.11686811181288544 0.14202891010142926 0.12259403591805085 0.13316562837890461 0.090362400538789744 -0.071733632704608294 -0.056627534439679085 0.11381542297667327 -0.016698314419289605 -0.051974971807977471 -0.1351250958407971 0.11506642842527509
leaf_weight=69.852171674370766 14.628830477595333 75.72311507165432 15.288769900798799 5.7147355675697318 5.5572457462549192 0.99799585342407127 1.8759226500987995 2.2766885012388229 1.8890383243560789 0.83231908082962114 1.8384818583726881 1.2328121662139881 0.9411682635545725 1.2776495218276975
leaf_count=426 69 299 58 21 20 4 7 10 8 3 7 5 5 5
internal_value=0.0152152 0.0848932 0.0324787 -0.00178838 -0.0311478 -0.105755 -0.0723224 0.0422709 0.0771275 -0.0920612 0.103394 0.104269 -0.109064 0.0089413
internal_weight=199.927 126.858 51.1348 34.6133 27.06 73.069 17.3371 9.72297 7.44628 15.4611 7.55322 16.5216 72.071 2.21882
internal_count=947 507 208 145 117 440 79 38 28 72 28 63 436 10
is_linear=0
shrinkage=0.1


Tree=9
num_leaves=15
num_cat=0
split_feature=97 97 58 93 3 31 64 50 68 70 10 8 16 67
split_gain=145.526 20.9595 10.7146 9.04729 7.74618 9.6196 4.99302 4.8423 4.66921 4.17295 3.02487 3.01447 2.88018 3.6715
threshold=0.50942000746727001 0.8728800117969514 0.0010500000207684936 0.0015499999863095584 1.0000000180025095e-35 0.0011500000255182388 0.0016000000177882614 0.0013499999768100681 0.0051500000990927228 0.0031500000040978198 0.0021499999566003685 0.0010500000207684936 0.22609999775886538 0.0021499999566003685
decision_type=2 2 2 2 2 2 2 2 2 2 2 2 2 2
left_child=6 2 3 4 9 7 12 -6 -7 -2 -4 -5 -1 -14
right_child=1 -3 10 11 5 8 -8 -9 -10 -11 -12 -13 13 -15
leaf_value=-0.10912007581060673 -0.12371512069342459 0.11509257768873932 0.11465087730480394 0.14764519423975139 0.12321858643699729 -0.094926281294547665 0.12089024240029576 -0.093103423908883154 0.073399531486907754 0.058706958614927085 -0.017531633621228331 -0.023391718173399904 -0.12915242184496167 0.13138408941814558
leaf_weight=65.233266800642014 8.4382909834384936 71.449221327900887 13.860518679022787 4.6583986282348624 7.1318349689245242 7.1467796117067319 0.98981580138206382 1.210409492254257 2.1418142914772034 1.4728474766015995 1.9783537387847889 1.3231489807367323 1.0274903774261468 1.142114534974098
leaf_count=426 43 299 55 18 26 34 4 5 8 6 8 5 6 4
internal_value=0.0144854 0.0804719 0.0303606 -0.00166349 -0.0258734 0.0138889 -0.102076 0.0918316 -0.0561128 -0.0966062 0.0981406 0.109811 -0.10535 0.00799814
internal_weight=189.204 120.812 49.3624 33.5235 27.542 17.6308 68.3927 8.34224 9.28859 9.91114 15.8389 5.98155 67.4029 2.1696
internal_count=947 507 208 145 122 73 440 31 42 49 63 23 436 10
is_linear=0
shrinkage=0.1


Tree=10
num_leaves=15
num_cat=0
split_feature=97 97 77 34 23 15 95 93 95 34 68 96 3 82
split_gain=126.937 18.9192 8.64097 7.82403 6.76957 5.3528 7.70028 5.1241 4.89176 4.47925 4.3048 4.30054 6.54749 5.39192
threshold=0.72900000214576732 0.45115000009536749 0.014349999837577345 0.0027499999850988392 1.0000000180025095e-35 0.0018500000005587938 0.028034999966621402 0.0011500000255182388 0.038760000839829452 0.33649998903274542 0.0013499999768100681 0.018144999630749229 0.0010500000207684936 0.003400000045076013
decision_type=2 2 2 2 2 2 2 2 2 2 2 2 2 2
left_child=1 9 3 4 8 7 -7 11 -2 -1 -8 12 -3 -13
right_child=2 5 -4 -5 -6 6 10 -9 -10 -11 -12 13 -14 -15
leaf_value=-0.10939938368241411 0.0048302126313382997 -0.091962059056696077 0.11901000057483194 -0.07602113610169435 -0.14236640777547002 0.28859205172184738 -0.073472742195554289 0.076049337302186673 0.10762630576149568 0.040773108354398999 0.11692436958618553 -0.11369271670410903 0.1076063011041145 0.088939424791768515
leaf_weight=57.338718801736832 5.9737007766962149 3.0892410427332022 59.223640516400337 4.016472488641738 1.3839768171310414 1.3538022339344014 2.4641989469528198 3.9189587384462348 20.569148734211922 2.0574782937765113 2.2920197248458862 9.9793871194124204 3.5139124393463135 1.5121747255325306
leaf_count=402 27 17 265 18 6 5 12 15 87 10 9 55 13 6
internal_value=0.0138183 -0.0722044 0.0963998 0.0544799 0.0732487 -0.00463642 0.0781729 -0.0276206 0.0844911 -0.104197 0.0182795 -0.0500735 0.0142396 -0.0870284
internal_weight=178.687 87.5199 91.1669 31.9433 27.9268 28.1237 6.11002 22.0137 26.5428 59.3962 4.75622 18.0947 6.60315 11.4916
internal_count=947 544 403 138 120 132 26 106 114 412 21 91 30 61
is_linear=0
shrinkage=0.1


Tree=11
num_leaves=15
num_cat=0
split_feature=97 97 77 70 56 61 79 96 15 10 49 97 77 34
split_gain=109.573 17.0715 8.17071 7.1725 7.24649 10.3961 5.42047 4.92335 4.41704 6.69152 4.68671 4.18429 4.72421 4.06431
threshold=0.72900000214576732 0.45115000009536749 0.014349999837577345 0.0018500000005587938 0.0027499999850988392 0.0010500000207684936 0.00335000001359731 0.012085000053048136 0.0018500000005587938 0.0019500000635161998 0.0040500001050531873 0.87992000579833995 0.0024500000290572648 0.33649998903274542
decision_type=2 2 2 2 2 2 2 2 2 2 2 2 2 2
left_child=1 13 3 4 11 6 7 -6 10 -10 -3 12 -2 -1
right_child=2 8 -4 -5 5 -7 -8 -9 9 -11 -12 -13 -14 -15
leaf_value=-0.10637673582580408 -0.13378277968736374 -0.038975985229673521 0.11498419837956114 0.11963799398244737 0.07141908880984435 0.1409923141839943 -0.24205150081689308 -0.12807286441950499 0.13306571322676547 -0.10693207789851421 0.14254275872410013 0.12940608568904519 0.070158149693537994 0.036486312069605419
leaf_weight=53.280829690396786 1.6432499736547521 19.718217298388488 55.367022439837456 10.165556311607359 2.0206644237041456 2.2467944920063019 2.0683126002550125 3.190346747636795 4.4874905347824088 1.5675608962774275 1.5329957306385029 5.9139575064182281 3.6785172969102859 2.068661391735076
leaf_count=402 9 100 265 45 9 9 10 15 18 8 6 26 15 10
internal_value=0.0131698 -0.0691165 0.0919865 0.0508154 0.017118 -0.0470433 -0.105081 -0.0507162 -0.00441331 0.0709339 -0.0258818 0.0715167 0.00718547 -0.101037
internal_weight=168.95 82.6558 86.2944 30.9274 20.7618 9.52612 7.27932 5.21101 27.3063 6.05505 21.2512 11.2357 5.32177 55.3495
internal_count=947 544 403 138 93 43 34 24 132 26 106 50 24 412
is_linear=0
shrinkage=0.1


Tree=12
num_leaves=15
num_cat=0
split_feature=97 89 36 70 56 3 97 97 93 73 93 29 96 97
split_gain=95.122 16.0717 8.49387 7.48478 9.57181 6.71526 6.75051 5.59997 4.79779 4.72538 6.51157 4.43656 15.9705 4.27408
threshold=0.50942000746727001 0.0010500000207684936 0.0050000001210719356 0.0016499999910593035 0.0027499999850988392 0.0016499999910593035 0.79309499263763439 0.87992000579833995 0.0011500000255182388 0.0012500000302679839 0.0015499999863095584 0.0017499999958090486 0.047965001314878471 0.72900000214576732
decision_type=2 2 2 2 2 2 2 2 2 2 2 2 2 2
left_child=11 2 3 4 7 8 -7 9 -6 10 -2 -1 -13 -5
right_child=1 -3 -4 13 5 6 -8 -9 -10 -11 -12 12 -14 -15
leaf_value=-0.10472830288467537 -0.076037838443096292 0.11392808114176178 0.1165436564675485 0.0085740561739135086 -0.1710317491370992 -0.083509938655694116 0.095357899359285514 0.12550178791461186 0.067339316688423176 0.11364901835988855 0.16298635173825049 0.25559077462935659 -0.091837759703697036 0.11571529495040341
leaf_weight=47.116484425961971 6.8903992921113986 45.374379500746727 10.382241979241369 6.1334084570407859 6.1505095064640036 4.941377639770506 3.6822619289159775 5.4440675377845755 0.97873957455158223 2.8091237396001807 1.3656136989593504 1.6260359585285167 7.1013106405735016 9.4753684401512128
leaf_count=376 36 231 50 26 33 24 16 26 4 11 5 7 57 45
internal_value=0.0126106 0.0693062 0.0345494 0.0167665 -0.0107373 -0.0664987 -0.00713404 0.0424696 -0.138307 0.00161765 -0.0365012 -0.0925975 -0.0271066 0.0736146
internal_weight=159.471 103.627 58.2531 47.8709 32.2621 15.7529 8.62364 16.5092 7.12925 11.0651 8.25601 55.8438 8.72735 15.6088
internal_count=947 507 276 226 155 77 40 78 37 52 41 440 64 71
is_linear=0
shrinkage=0.1


Tree=13
num_leaves=15
num_cat=0
split_feature=97 89 34 58 23 95 70 93 97 29 95 16 96 3
split_gain=82.6533 14.5929 7.62665 5.76415 5.39257 6.93542 4.83819 4.2323 4.19471 6.77274 13.3528 3.76424 3.71155 5.169
threshold=0.50942000746727001 0.0010500000207684936 0.0015499999863095584 0.0028499999316409235 0.0012500000302679839 0.041190000250935561 1.0000000180025095e-35 0.0011500000255182388 0.32327999174594885 0.0017499999958090486 0.028034999966621402 0.36614999175071722 0.020759999752044681 0.0014499999815598132
decision_type=2 2 2 2 2 2 2 2 2 2 2 2 2 2
left_child=8 2 4 7 5 6 -2 12 11 -10 -11 -1 13 -4
right_child=1 -3 3 -5 -6 -7 -8 -9 9 10 -12 -13 -14 -15
leaf_value=-0.11183735669861175 -0.045475218550183397 0.11060361883283205 -0.10160600306745232 0.12665123243646711 -0.087278619448564979 0.097696528116911749 0.085287627681746567 0.056361311555835583 -0.079986807603804791 0.32771847699175094 -0.088967608611208157 0.091810615643152377 -0.10241550262537996 0.19054231866939408
leaf_weight=37.053676426410675 7.380425423383711 42.227058500051498 1.2810873091220885 2.2383526116609564 2.4190052896738043 24.233015656471252 4.5888001769781113 3.201004907488822 11.106408238410948 1.3256873935461038 1.8315612524747846 0.93043895065784354 9.2261292114853841 1.1486149430274961
leaf_count=324 38 231 7 11 12 121 20 14 92 5 15 4 49 4
internal_value=0.0120835 0.0662653 0.0326617 -0.0229481 0.0572766 0.0669357 0.00465706 -0.045487 -0.0894856 -0.0432472 0.0859934 -0.106849 -0.0734572 0.0365039
internal_weight=150.191 97.9435 55.7164 17.0952 38.6212 36.2022 11.9692 14.8568 52.2478 14.2637 3.15725 37.9841 11.6558 2.4297
internal_count=947 507 276 85 191 179 58 74 440 112 20 328 60 11
is_linear=0
shrinkage=0.1


Tree=14
num_leaves=15
num_cat=0
split_feature=97 89 44 95 88 95 70 90 48 16 29 96 85 18
split_gain=71.8483 13.3991 7.19814 7.23936 10.012 5.1728 4.52975 4.38764 4.28988 4.14628 4.07583 10.912 3.67961 3.66918
threshold=0.50942000746727001 0.0010500000207684936 0.24405000358819964 0.3829800039529801 0.0057500000111758718 0.041190000250935561 0.0014499999815598132 0.0010500000207684936 0.0011500000255182388 0.22609999775886538 0.0017499999958090486 0.047965001314878471 0.0024500000290572648 0.0014499999815598132
decision_type=2 2 2 2 2 2 2 2 2 2 2 2 2 2
left_child=9 2 3 4 5 8 7 12 -2 10 -1 -12 -6 -8
right_child=1 -3 -4 -5 6 -7 13 -9 -10 -11 11 -13 -14 -15
leaf_value=-0.10685082230167108 0.024732598628695791 0.10752109787898766 -0.18742580504227832 0.10140562289342739 -0.15159809838337845 0.090496820974346456 0.077865498040688874 -0.28210134487608057 -0.1510491900436505 0.04139275435086473 0.18843750226474906 -0.092225046494714358 -0.0029078842451818188 -0.13364379128740111
leaf_weight=38.482964292168617 11.179956100881101 39.247878208756447 1.4721972048282612 13.015452995896338 3.1746169999241811 14.28840262442827 3.1526276469230652 1.189757391810417 1.5851992070674885 2.3975270241498938 1.7991115897893895 6.0222998708486557 3.4983800277113914 1.1085917502641676
leaf_count=365 55 231 7 68 18 72 16 6 9 12 7 56 19 6
internal_value=0.0115467 0.0631156 0.0306397 0.0367907 0.0153245 0.0491662 -0.0601904 -0.105188 0.00290371 -0.0868361 -0.0934755 -0.027666 -0.0736459 0.0228396
internal_weight=141.615 92.9131 53.6652 52.193 39.1775 27.0536 12.124 7.86275 12.7652 48.7019 46.3044 7.82141 6.673 4.26122
internal_count=947 507 276 269 201 136 65 43 64 440 428 63 37 22
is_linear=0
shrinkage=0.1


Tree=15
num_leaves=15
num_cat=0
split_feature=97 97 77 70 20 29 68 56 61 97 95 77 79 96
split_gain=63.1356 12.7341 6.60971 5.40131 5.02966 6.52845 5.22352 4.78856 7.05803 3.45441 3.25308 3.23713 3.20473 3.16511
threshold=0.72900000214576732 0.32327999174594885 0.014349999837577345 0.0018500000005587938 0.0010500000207684936 0.0017499999958090486 0.0013499999768100681 0.0027499999850988392 0.0010500000207684936 0.87992000579833995 0.028034999966621402 0.0024500000290572648 0.00335000001359731 0.012085000053048136
decision_type=2 2 2 2 2 2 2 2 2 2 2 2 2 2
left_child=1 -1 3 7 5 -3 -6 9 12 11 -7 -2 13 -9
right_child=2 4 -4 -5 6 10 -8 8 -10 -11 -12 -13 -14 -15
leaf_value=-0.10309003852031823 -0.12728847197393942 -0.0047564815906504833 0.10345599703214051 0.10768266242578513 -0.10032549421728876 0.26523667001952228 0.025299549973255245 0.057550244427303589 0.12913677763483558 0.11991245033829925 0.042503549589891582 0.052392579266598419 -0.20027187666637081 -0.11246076703458391
leaf_weight=32.514950975775719 1.4355529472231916 16.036478556692604 41.888464272022247 7.9307734072208396 9.9651511907577497 1.4531146287918084 4.9559690877795211 1.7560556530952434 1.8076739311218259 4.572190910577774 1.1949698179960249 3.3250458091497421 1.9812188446521757 2.909179113805294
leaf_count=328 9 103 265 45 75 5 26 9 9 26 7 15 10 15
internal_value=0.0110038 -0.0584751 0.078956 0.0390508 -0.0153082 0.0192636 -0.0585998 0.00844939 -0.0460665 0.0578328 0.164727 -0.00179003 -0.0937176 -0.0484664
internal_weight=133.727 66.1206 67.6062 25.7177 33.6057 18.6846 14.9211 17.7869 8.45413 9.33279 2.64808 4.7606 6.64645 4.66523
internal_count=947 544 403 138 216 115 101 93 43 50 12 24 34 24
is_linear=0
shrinkage=0.1


Tree=16
num_leaves=15
num_cat=0
split_feature=97 97 58 20 93 3 31 58 16 88 29 96 50 3
split_gain=54.7986 11.6183 5.03651 4.92902 4.1711 4.15907 4.50369 4.24527 3.90678 3.81371 3.69884 8.58883 3.33174 2.90438
threshold=0.50942000746727001 0.8728800117969514 0.0014499999815598132 0.0014499999815598132 0.0015499999863095584 0.0010500000207684936 0.0011500000255182388 1.0000000180025095e-35 0.22609999775886538 0.098049998283386244 0.0017499999958090486 0.060399999842047698 0.0012500000302679839 0.0019500000635161998
decision_type=2 2 2 2 2 2 2 2 2 2 2 2 2 2
left_child=8 2 3 4 5 7 12 -2 10 -8 -1 -12 -7 -4
right_child=1 -3 13 -5 -6 6 9 -9 -10 -11 11 -13 -14 -15
leaf_value=-0.10336040560166133 -0.08327886146860905 0.091878532354202805 -0.044519762844846204 -0.08929141525620965 0.1080839703292461 0.12061418991590754 -0.086732451642272945 0.13387322228594239 0.043272206883670561 0.10811362892412664 0.11444543505247806 -0.11122728783671121 -0.080929948053882997 0.10644608164350518
leaf_weight=33.067381113767624 7.2960507795214742 45.129483565688133 1.5258055329322795 5.4032811671495429 4.1137449741363517 5.5821903645992261 3.7330573052167892 1.0270033031702039 2.3533261194825164 1.3743603676557539 2.7520894780755034 4.355441078543663 0.9614993780851363 7.7334126085042953
leaf_count=365 44 299 8 30 21 23 21 5 12 6 15 48 5 45
internal_value=0.0105098 0.0573919 0.0172281 -0.00297269 0.0163899 -0.00249479 0.0360727 -0.0564839 -0.0819574 -0.0343011 -0.089293 -0.0238451 0.0910002 0.0815688
internal_weight=126.408 83.8799 38.7504 29.4912 24.0879 19.9742 11.6511 8.32305 42.5282 5.10742 40.1749 7.10753 6.54369 9.25922
internal_count=947 507 208 155 125 104 55 49 440 27 428 63 28 53
is_linear=0
shrinkage=0.1


Tree=17
num_leaves=15
num_cat=0
split_feature=97 97 97 93 70 92 97 3 56 89 89 88 80 20
split_gain=47.9889 11.0221 8.50385 6.41254 5.3149 5.51686 3.91231 3.87939 4.88048 4.28757 3.44406 3.67881 3.32932 4.89805
threshold=0.72900000214576732 0.32327999174594885 0.32807999849319464 0.0013499999768100681 0.002650000038556755 1.0000000180025095e-35 0.97963500022888195 0.0017499999958090486 0.0017499999958090486 0.0010500000207684936 0.0037500000325962905 0.31155000627040869 0.0055499998852610597 0.0014499999815598132
decision_type=2 2 2 2 2 2 2 2 2 2 2 2 2 2
left_child=1 -1 -3 4 5 6 7 8 -2 -10 11 12 13 -4
right_child=3 2 10 -5 -6 -7 -8 -9 9 -11 -12 -13 -14 -15
leaf_value=-0.09932567777947876 0.024975357349500932 0.38968888237982025 0.0016999955929171047 0.11312139659964376 0.099405995878597955 0.1150271108075885 0.11613056362374857 0.044631804287987867 -0.15378172952618208 0.051117312779893564 0.12483565702246008 -0.17804060797896323 0.099989915287693756 -0.090562157757617973
leaf_weight=27.872022859752178 4.1936678811907857 0.51565060019493358 17.226459741592421 24.218826122581959 12.305028878152369 4.6746067553758612 2.274834230542182 5.4547623768448821 5.1979353725910187 1.2709566205739973 1.5645255744457234 1.5370496287941922 2.164460949599742 8.640102453529833
leaf_count=328 23 4 115 182 84 32 15 30 29 8 8 8 11 70
internal_value=0.010041 -0.0534704 -0.0130864 0.0734773 0.0463333 0.0180216 -0.00663367 -0.0239609 -0.0590516 -0.113525 -0.0197576 -0.0274084 -0.0191487 -0.029118
internal_weight=119.111 59.5203 31.6482 59.5906 35.3718 23.0668 18.3922 16.1173 10.6626 6.46889 31.1326 29.5681 28.031 25.8666
internal_count=947 544 216 403 221 137 105 90 60 37 212 204 196 185
is_linear=0
shrinkage=0.1


Tree=18
num_leaves=15
num_cat=0
split_feature=97 89 36 18 85 52 70 56 61 16 29 96 44 97
split_gain=42.0845 10.0284 5.31364 5.10819 4.45988 3.9226 3.81489 4.76049 5.78673 3.57215 3.54375 7.14637 3.23435 2.727
threshold=0.50942000746727001 0.0010500000207684936 0.0050000001210719356 0.0013499999768100681 0.025950000621378425 0.44170001149177557 0.0017499999958090486 0.0027499999850988392 0.0010500000207684936 0.22609999775886538 0.0017499999958090486 0.047965001314878471 0.0023500000825151805 0.56537500023841869
decision_type=2 2 2 2 2 2 2 2 2 2 2 2 2 2
left_child=9 2 3 6 -5 -3 7 13 -9 10 -1 -12 -13 -2
right_child=1 5 -4 4 -6 -7 -8 8 -10 -11 11 12 -14 -15
leaf_value=-0.10032142348905558 -0.077033084845185243 0.1043859967859971 0.10266927096465073 -0.095541045260757115 0.12102516690700738 -0.11720053638291959 0.079026554327396178 -0.090745062358796175 0.096435284847780328 0.044627783359363182 0.14851227020655572 -0.11008482202535891 0.17970198398943993 0.063812336710788162
leaf_weight=28.540661871433258 1.5826967358589232 28.56053011119366 7.151250720024108 6.567871429026126 1.1119000166654585 0.82187910377979179 9.6733429208397848 7.4417473599314672 2.1227580979466438 2.2591450363397589 1.8375397026538838 4.2833464816212654 0.42320424318313588 10.458818964660166
leaf_count=365 9 225 50 39 7 6 57 43 11 12 7 53 3 60
internal_value=0.00957678 0.0525297 0.0234355 0.00889153 -0.0641859 0.0981878 0.0268337 0.0034661 -0.049202 -0.077255 -0.0851032 -0.018732 -0.0840277 0.0453001
internal_weight=112.837 75.4928 46.1104 38.9591 7.67977 29.3824 31.2794 21.606 9.56451 37.3439 35.0848 6.54409 4.70655 12.0415
internal_count=947 507 276 226 46 231 180 123 54 440 428 63 56 69
is_linear=0
shrinkage=0.1


Tree=19
num_leaves=15
num_cat=0
split_feature=97 93 50 96 97 29 95 18 16 3 72 97 56 61
split_gain=36.62 9.44059 5.65643 5.61916 3.3318 4.91045 8.6566 3.08787 2.94402 2.89416 3.64999 4.73696 2.98575 2.6954
threshold=0.50942000746727001 0.0013499999768100681 0.0035500000230968003 0.014514999929815533 0.23824999481439593 0.0017499999958090486 0.028034999966621402 0.02094999980181456 0.36614999175071722 0.0015499999863095584 0.0013499999768100681 0.96963998675346386 0.0044499998912215242 1.0000000180025095e-35
decision_type=2 2 2 2 2 2 2 2 2 2 2 2 2 2
left_child=4 2 3 9 8 -6 -7 -3 -1 10 11 12 -2 -5
right_child=1 7 -4 13 5 6 -8 -9 -10 -11 -12 -13 -14 -15
leaf_value=-0.10882090111843486 -0.016577818120551816 0.11021087186371697 0.076587678591006125 -0.057048420124359261 -0.071690314734158822 0.22087117525954289 -0.087931674061775184 -0.043685457390151866 0.19381930779352285 0.11560906827287919 0.11959172381655243 0.11553588832564471 -0.17578333095459944 0.064408705125599472
leaf_weight=18.526281662285331 6.8246450424194354 22.492067374289039 14.464629478752611 13.893216446042059 12.255091018974779 1.7494945824146264 1.8868482112884519 1.3840006366372097 0.3271060585975637 4.002415917813777 2.8358315750956526 2.4012289419770232 1.4237244352698324 2.103845849633216
leaf_count=263 40 190 101 89 147 6 23 8 1 23 19 17 8 12
internal_value=0.00914234 0.0499129 0.02433 0.00175604 -0.0751398 -0.0414105 0.0606376 0.10129 -0.10357 0.0409359 0.0187733 -0.00807323 -0.0440578 -0.041075
internal_weight=106.57 71.8256 47.9495 33.4849 34.7448 15.8914 3.63634 23.8761 18.8534 17.4878 13.4854 10.6496 8.24837 15.9971
internal_count=947 507 309 208 440 176 29 198 264 107 84 65 48 101
is_linear=0
shrinkage=0.1


Tree=20
num_leaves=15
num_cat=0
split_feature=97 97 93 95 97 70 92 16 89 97 56 3 89 88
split_gain=32.3537 8.5335 5.77063 5.32492 5.35109 4.46738 4.53363 3.21504 3.03086 3.03031 3.33437 4.72622 4.30788 2.71579
threshold=0.72900000214576732 0.32327999174594885 0.0013499999768100681 0.0033449999755248432 0.32807999849319464 0.002650000038556755 1.0000000180025095e-35 0.36614999175071722 0.0037500000325962905 0.83041000366210949 0.0029499999945983295 0.0016499999910593035 0.0012500000302679839 0.31155000627040869
decision_type=2 2 2 2 2 2 2 2 2 2 2 2 2 2
left_child=1 7 5 -3 -5 6 9 -1 13 -2 -11 12 -12 -6
right_child=2 3 -4 4 8 -7 -8 -9 -10 10 11 -13 -14 -15
leaf_value=-0.10218419486636215 -0.079808488039918468 0.27104960073165379 0.1096203928655001 0.26478769568790866 -0.024660117561519646 0.093412689285690256 0.11165654718957259 0.089001815392360503 0.12066244533528098 0.083927482528290312 -0.12939446481102071 0.073856198683329224 0.11108933357195822 -0.16674350086888484
leaf_weight=21.09926084429026 4.4759265668690302 0.65133276581764477 18.837839171290398 0.65308592468500393 24.927515476942069 10.287021942436693 3.7985960096120825 0.91784036904573341 1.3618283867835987 4.5887140780687314 3.9687870293855667 3.0836072862148285 0.91699785739183415 1.4220104590058316
leaf_count=324 27 5 182 4 191 84 32 4 8 29 21 20 8 8
internal_value=0.00873063 -0.0472706 0.0659373 -0.01165 -0.0181416 0.0394944 0.0128699 -0.0942141 -0.0248095 -0.00915958 0.0160209 -0.0230792 -0.0842588 -0.032328
internal_weight=100.99 51.0329 49.9575 29.0158 28.3644 31.1197 20.8326 22.0171 27.7114 17.034 12.5581 7.96939 4.88578 26.3495
internal_count=947 544 403 216 211 221 137 328 207 105 78 49 29 199
is_linear=0
shrinkage=0.1


Tree=21
num_leaves=15
num_cat=0
split_feature=97 93 58 25 18 77 34 96 29 43 16 97 44 76
split_gain=28.2587 8.204 4.81903 4.04974 3.89073 4.54212 3.11905 3.0363 5.52943 5.07687 2.87996 2.82279 2.71756 2.73178
threshold=0.50942000746727001 0.0013499999768100681 0.0015499999863095584 0.0023500000825151805 0.0013499999768100681 0.048949999734759338 0.33649998903274542 0.064434997737407698 0.0017499999958090486 0.0017499999958090486 0.040249999612569816 0.91254001855850231 0.32854999601840978 0.0081500001251697558
decision_type=2 2 2 2 2 2 2 2 2 2 2 2 2 2
left_child=6 2 4 -4 11 -6 7 8 9 -1 -3 -2 13 -13
right_child=1 10 3 -5 5 -7 -8 -9 -10 -11 -12 12 -14 -15
leaf_value=-0.092620263555048779 -0.0020862305107617767 0.11076114045026748 0.098369558992518383 -0.12855123732257576 -0.11517912240958908 0.094370902518537553 0.044488840417568912 -0.10733040214097045 0.083664243919718037 0.32803144769397136 -0.013591513975817619 0.10014705926576982 -0.13947475956422054 -0.10333875996334221
leaf_weight=8.7018745318055188 19.577594347298149 18.291935503482822 9.8334840014576876 0.85483179241418916 4.7346598580479613 1.3235420808196066 2.1703872680664054 16.659563988447189 2.7327620051801196 0.29669558256864625 2.0735333412885657 7.318689271807667 0.59614212810993272 0.72511389106512059
leaf_count=136 114 186 81 6 33 8 13 272 16 3 12 60 3 4
internal_value=0.0083151 0.0454446 0.0215954 0.0802209 0.00331408 -0.0693985 -0.0710549 -0.0798879 -0.0409169 -0.0787508 0.0981 0.0189252 0.0665358 0.0818037
internal_weight=95.8908 65.3295 44.9641 10.6883 34.2757 6.0582 30.5613 28.3909 11.7313 8.99857 20.3655 28.2175 8.63995 8.0438
internal_count=947 507 309 87 222 41 440 427 155 139 198 181 67 64
is_linear=0
shrinkage=0.1


Tree=22
num_leaves=15
num_cat=0
split_feature=97 93 58 27 33 49 18 6 97 88 29 77 62 96
split_gain=24.579 7.57507 4.4567 4.42168 3.1672 3.09114 3.61383 3.04736 3.0193 4.02332 4.31851 3.62917 3.40401 2.95366
threshold=0.50942000746727001 0.0013499999768100681 0.0040500001050531873 1.0000000180025095e-35 0.0035500000230968003 0.0021499999566003685 0.0017499999958090486 0.0045499999541789302 0.23824999481439593 0.0011500000255182388 0.0017499999958090486 0.0095000001601874846 0.0043500000610947618 0.0046900000888854274
decision_type=2 2 2 2 2 2 2 2 2 2 2 2 2 2
left_child=8 2 3 5 -5 6 7 -2 -1 10 11 13 -11 -10
right_child=1 -3 -4 4 -6 -7 -8 -9 9 12 -12 -13 -14 -15
leaf_value=-0.10080144628392013 0.024028971088343329 0.096215495214873312 0.096777154437562032 -0.13538037041911463 0.019590371020402026 0.11353878085395325 -0.17492728547021585 -0.15692348739750089 0.16114287968798088 -0.10838323250445495 0.14633195434601898 0.28105080206847294 0.06281903702374543 -0.10729183897221801
leaf_weight=14.559790473431351 26.222844734787952 18.780868664383888 6.4725095331668845 3.4065840765833846 2.1518266350030899 3.2610453963279715 1.0111399292945851 0.96491484344005485 0.48041498661041249 6.9536311402916891 2.0277363955974579 0.3279111199080943 1.3942312747240064 2.7928867787122726
leaf_count=264 169 198 58 26 14 30 7 5 5 106 10 3 7 45
internal_value=0.00792179 0.0431406 0.020221 0.00683552 -0.0753866 0.0213627 0.010703 0.0176068 -0.0689317 -0.0357327 0.0296048 -0.0361208 -0.0797896 -0.0678943
internal_weight=90.8083 62.2717 43.4909 37.0184 5.55841 31.4599 28.1989 27.1878 28.5366 13.9768 5.62895 3.60121 8.34786 3.2733
internal_count=947 507 309 251 40 211 181 174 440 176 63 53 113 50
is_linear=0
shrinkage=0.1


Tree=23
num_leaves=15
num_cat=0
split_feature=97 89 52 93 58 88 45 96 33 67 10 97 70 97
split_gain=21.3146 7.05241 3.77113 3.67602 3.42173 4.87001 3.14763 2.89953 3.25901 3.01555 2.80681 2.80425 3.14944 2.80332
threshold=0.50942000746727001 0.0010500000207684936 0.44170001149177557 0.0011500000255182388 0.0021499999566003685 0.0057500000111758718 0.0028000000165775423 0.014514999929815533 0.013649999629706146 0.0073500000871717939 0.0042499999981373557 0.85841998457908641 1.0000000180025095e-35 0.23824999481439593
decision_type=2 2 2 2 2 2 2 2 2 2 2 2 2 2
left_child=13 3 -3 4 5 6 11 9 -9 -7 -6 12 -2 -1
right_child=1 2 -4 -5 10 7 -8 8 -10 -11 -12 -13 -14 -15
leaf_value=-0.099373608033621677 -0.066715731034637391 0.096728594558405406 -0.13028199601329646 0.086948132136955139 0.11201842361590296 0.095773021266687797 0.14135585007675175 -0.11872133557711256 0.069300292622897983 -0.12979765494831089 -0.091724450981570185 0.076245127383013825 0.039384383342981236 -0.034430304850778838
leaf_weight=13.354019694030287 6.2435348555445724 19.648630313575271 0.76008674502372642 6.1406050994992247 4.1836141049861899 1.889552362263202 1.9576282501220692 6.9780468568205816 1.0621975362300871 0.86348578333854664 0.80650573968887318 4.2323671728372565 5.0691807493567467 13.233192779123781
leaf_count=264 40 225 6 53 38 13 9 48 5 5 4 32 29 176
internal_value=0.00745244 0.0405566 0.088274 0.0158563 0.00274129 -0.010723 0.0218551 -0.0635527 -0.0938818 0.0250232 0.0790894 0.00680614 -0.0191727 -0.0670495
internal_weight=86.4226 59.8354 20.4087 39.4267 33.2861 28.296 17.5027 10.7933 8.04024 2.75304 4.99012 15.5451 11.3127 26.5872
internal_count=947 507 231 276 223 181 110 71 53 18 42 101 69 440
is_linear=0
shrinkage=0.1


Tree=24
num_leaves=15
num_cat=0
split_feature=97 97 93 70 92 95 97 13 62 67 73 61 56 42
split_gain=18.466 6.15095 5.07661 3.64272 3.57124 3.47144 3.15272 3.03306 2.4795 3.21077 2.47139 2.43658 3.51302 2.69042
threshold=0.72900000214576732 0.32327999174594885 0.0012500000302679839 0.002650000038556755 1.0000000180025095e-35 0.0033449999755248432 0.32807999849319464 0.0015499999863095584 0.0013499999768100681 0.013900000136345627 0.066750001162290587 1.0000000180025095e-35 0.0027499999850988392 0.0029499999945983295
decision_type=2 2 2 2 2 2 2 2 2 2 2 2 2 2
left_child=1 7 3 4 11 -3 -7 -1 -5 -10 -8 12 -2 -14
right_child=2 5 -4 8 -6 6 10 -9 9 -11 -12 -13 13 -15
leaf_value=-0.098001521307784265 0.030651790178093542 0.20047944615882149 0.10461710474656377 0.1096333055958869 0.10848662386398061 0.1834380913430437 -0.028299199651858332 0.090813798709818316 -0.2183658057476241 0.10721793626608796 0.12491560475977498 0.10274643204354202 -0.094667912641595631 0.089385397463344118
leaf_weight=15.202451627701521 5.704015098512178 0.76833047717809932 13.993528895080088 6.7454286813735953 2.783893719315528 0.77433291822672146 23.638879705220464 0.90119245648384172 0.57043755054473855 0.64578926563262939 1.1018564701080311 1.5752417296171177 6.7537862323224545 0.9000459387898444
leaf_count=323 38 5 188 70 31 4 200 5 4 8 7 13 41 10
internal_value=0.00712512 -0.0387682 0.056159 0.0297519 0.00450348 -0.00895035 -0.0152569 -0.087435 0.0859369 -0.0454881 -0.0214756 -0.0148815 -0.028753 -0.0730243
internal_weight=82.0592 42.387 39.6722 25.6786 17.717 26.2834 25.5151 16.1036 7.96166 1.21623 24.7407 14.9331 13.3578 7.65383
internal_count=947 544 403 215 133 216 211 328 82 12 207 102 89 51
is_linear=0
shrinkage=0.1


Tree=25
num_leaves=15
num_cat=0
split_feature=97 97 92 70 64 67 34 96 29 43 96 56 67 3
split_gain=16.178 6.12627 4.13159 3.78507 4.60251 2.82486 2.71779 3.02283 4.28646 5.07779 2.82562 2.59801 3.38245 2.49244
threshold=0.50942000746727001 0.94958502054214489 1.0000000180025095e-35 0.0011500000255182388 0.022300000302493576 0.002650000038556755 0.33649998903274542 0.064434997737407698 0.0017499999958090486 0.0045499999541789302 0.0029499999945983295 0.0027499999850988392 0.047699999064207084 0.0010500000207684936
decision_type=2 2 2 2 2 2 2 2 2 2 2 2 2 2
left_child=6 2 3 11 5 13 7 8 9 10 -1 -2 -13 -5
right_child=1 -3 -4 4 -6 -7 -8 -9 -10 -11 -12 12 -14 -15
leaf_value=0.13374772485731218 0.012603250779761925 0.091355274555481564 0.10949048298068456 -0.074889287501702623 -0.19988252814132867 0.091412718125338119 0.047423425034356453 -0.10538008309561449 0.079233652282840406 0.36108906024050264 -0.10592531887513956 -0.078796660266232388 0.13837264903359711 0.049262843252499827
leaf_weight=0.53343220800161883 9.2643220052123088 14.975629471242426 4.241689831018447 2.489071026444436 0.75981146842241365 8.4093452058732492 2.0828376188874236 12.146981891244648 2.6035441420972347 0.26227110624313343 6.3175583146512508 8.9479999355971778 0.77968183904886323 4.6154496669769287
leaf_count=8 57 201 49 16 5 79 13 272 16 1 130 64 4 32
internal_value=0.00678045 0.0368907 0.0162454 0.00503005 0.0404219 0.0521912 -0.0617259 -0.0721239 -0.0305504 -0.0707328 -0.0872639 -0.0252962 -0.0613904 0.00576611
internal_weight=78.4296 54.483 39.5074 35.2657 16.2737 15.5139 23.9466 21.8638 9.71681 7.11326 6.85099 18.992 9.72768 7.10452
internal_count=947 507 306 257 132 127 440 427 155 139 138 125 68 48
is_linear=0
shrinkage=0.1


Tree=26
num_leaves=15
num_cat=0
split_feature=97 97 95 93 89 18 82 20 29 3 28 31 74 95
split_gain=14.2867 6.3092 3.93584 3.10801 2.75923 2.78371 3.19566 2.89226 3.68382 3.70879 3.52158 3.48806 3.05778 2.75351
threshold=0.8262000083923341 0.23824999481439593 0.0019500000635161998 0.0012500000302679839 0.0037500000325962905 0.017450000159442428 0.0030500000575557355 0.0014499999815598132 0.0014499999815598132 0.0010500000207684936 0.01189999980852008 0.0017499999958090486 0.0030000001424923543 0.33027000725269323
decision_type=2 2 2 2 2 2 2 2 2 2 2 2 2 2
left_child=1 -1 -3 -2 5 6 7 8 9 -4 -10 -11 -9 -13
right_child=3 2 4 -5 -6 -7 -8 12 10 11 -12 13 -14 -15
leaf_value=-0.096399161219684545 0.036799586751723845 0.37442538823378224 -0.076611311758513101 0.10526575504996638 0.11232902365016539 -0.12686495113914181 0.10744034396102625 -0.085527529226013047 0.14543254089965338 0.065721392331899553 -0.066342072646347214 -0.10024316162437548 0.13480993754931561 0.087738428068500837
leaf_weight=10.40879241004586 17.83449807018042 0.26716125011443992 6.7019641622901096 10.553794633597134 1.7305084206163872 2.1639687158167353 2.1716293841600409 7.7685894072055799 2.905485093593597 6.2765708751976472 1.0760143399238584 3.0794276259839535 0.68540772795677174 1.0431784018874166
leaf_count=264 167 2 72 172 18 18 14 95 15 42 10 47 3 8
internal_value=0.00640305 -0.0278564 -0.00796658 0.062253 -0.010836 -0.0171284 -0.00963934 -0.0182474 0.00156816 -0.0186014 0.0881997 0.0187842 -0.0676637 -0.0526766
internal_weight=74.667 46.2787 35.8699 28.3883 35.6027 33.8722 31.7083 29.5366 21.0826 17.1011 3.9815 10.3992 8.454 4.12261
internal_count=947 608 344 339 342 324 306 292 194 169 25 97 98 55
is_linear=0
shrinkage=0.1


Tree=27
num_leaves=15
num_cat=0
split_feature=97 93 58 27 8 3 33 16 96 29 43 49 18 96
split_gain=12.3902 5.55739 3.22993 3.14421 2.76846 3.00158 2.51608 2.43998 2.68419 3.28039 3.66085 2.41719 2.39159 2.28595
threshold=0.50942000746727001 0.0013499999768100681 0.0040500001050531873 1.0000000180025095e-35 0.0010500000207684936 0.0027499999850988392 0.0035500000230968003 0.22609999775886538 0.064434997737407698 0.0017499999958090486 0.0045499999541789302 0.0021499999566003685 0.0017499999958090486 0.0029499999945983295
decision_type=2 2 2 2 2 2 2 2 2 2 2 2 2 2
left_child=7 2 3 11 -3 -6 -5 8 9 10 13 12 -2 -1
right_child=1 4 -4 6 5 -7 -8 -9 -10 -11 -12 -13 -14 -15
leaf_value=0.099226014777004698 0.011849706123442889 0.1075670878219563 0.090480394278001391 -0.13025638666253686 -0.18342158078055606 0.077398357633814946 0.018479815210138785 0.048398890244848052 -0.10438431762838825 0.067497371597148789 0.27038340208094852 0.11093815651720068 -0.15138593182732252 -0.1052175633721362
leaf_weight=0.60830435156822726 24.182974606752403 11.270672123879192 4.719594467431306 2.9436787590384474 0.72308604419231315 1.1319762617349622 1.8534578010439871 1.9377435110509384 10.187348883599041 2.516106016933918 0.30525138974189747 2.3948123306035987 0.93214304745197196 5.4192727319896221
leaf_count=8 174 183 58 26 3 12 14 12 273 16 1 30 7 130
internal_value=0.00603457 0.0330255 0.013206 0.0019173 0.088935 -0.0242668 -0.0727895 -0.0585053 -0.0693873 -0.029097 -0.0674751 0.0149446 0.00579124 -0.0845851
internal_weight=71.1264 50.1524 37.0267 32.3071 13.1257 1.85506 4.79714 20.974 19.0363 8.84893 6.33283 27.5099 25.1151 6.02758
internal_count=947 507 309 251 198 15 40 440 428 155 139 211 181 138
is_linear=0
shrinkage=0.1


Tree=28
num_leaves=15
num_cat=0
split_feature=97 97 64 16 89 56 3 72 95 89 26 3 15 7
split_gain=10.8917 5.83089 2.50386 2.42305 2.38971 2.95684 3.9733 4.02366 2.30876 2.39298 2.49378 2.83121 4.31567 2.88326
threshold=0.8728800117969514 0.23824999481439593 0.057299999520182616 0.36614999175071722 0.0010500000207684936 0.0047999999951571235 0.0016499999910593035 0.0034500000765547161 0.0019500000635161998 0.0037500000325962905 0.0056499999482184657 1.0000000180025095e-35 0.0022500000195577745 0.0012500000302679839
decision_type=2 2 2 2 2 2 2 2 2 2 2 2 2 2
left_child=1 3 4 -1 5 -2 7 -7 -3 10 11 12 -10 -13
right_child=2 8 -4 -5 -6 6 -8 -9 9 -11 -12 13 -14 -15
leaf_value=-0.1043508499545002 0.096438500590407247 0.25236311407198703 -0.13253000550050442 0.17548989766640774 0.10492995846017346 -0.1308480385522893 0.11039300475509527 0.11376873039216005 -0.066222124280487057 0.10974214836055154 -0.063973804852082275 0.038890006458168362 0.14831143227082452 -0.076022348835162151
leaf_weight=8.5361236520111525 4.4997745566070133 0.34774859994649787 0.61964182555675407 0.32105174660682756 10.443932626396416 2.8017652444541459 1.7627594992518423 0.88478267192840565 8.5878198556602019 1.6918776892125595 7.3366344533860675 16.529670827090744 1.0526195764541615 2.5158158242702475
leaf_count=263 58 2 6 1 190 18 18 9 89 22 91 144 4 32
internal_value=0.00566776 -0.0211286 0.0655016 -0.0942073 0.0715188 0.0364459 -0.0130931 -0.0721393 -0.00412301 -0.00648795 -0.011947 0.00135929 -0.0427977 0.0237106
internal_weight=67.932 46.9194 21.0127 8.85718 20.393 9.94908 5.44931 3.68655 38.0622 37.7144 36.0226 28.6859 9.64044 19.0455
internal_count=947 648 299 264 293 103 45 27 384 382 360 269 93 176
is_linear=0
shrinkage=0.1


Tree=29
num_leaves=15
num_cat=0
split_feature=97 93 92 95 70 8 3 65 22 96 29 43 32 55
split_gain=9.67753 4.90011 2.79517 3.81627 3.35146 2.46868 2.35476 2.28154 2.22943 2.49547 2.65053 2.88312 2.39463 1.99841
threshold=0.50942000746727001 0.0013499999768100681 1.0000000180025095e-35 0.91645997762680065 0.0011500000255182388 0.0010500000207684936 0.0027499999850988392 0.0010500000207684936 0.0025500000920146708 0.064434997737407698 0.0017499999958090486 0.0045499999541789302 1.0000000180025095e-35 0.00335000001359731
decision_type=2 2 2 2 2 2 2 2 2 2 2 2 2 2
left_child=8 2 3 4 13 -3 -7 -6 9 10 11 -1 -10 -2
right_child=1 5 -4 -5 7 6 -8 -9 12 -11 -12 -13 -14 -15
leaf_value=-0.082390771870121338 -0.027054015949103769 0.10697931014729196 0.10767282841697877 -0.1979321792640423 -0.0502340380131895 -0.16558173498605 0.072765536308441167 0.062259050919403397 -0.10540899075416699 -0.10458541842556841 0.059144645897291404 0.22505801400593517 0.1320394939243302 0.15387315055554765
leaf_weight=5.3700319547206217 16.697524446994073 9.5672779902815801 2.7765816859900943 0.91733822226524253 2.1236834004521361 0.69291970133781333 1.0316042043268678 11.936616044491528 0.65590407885610957 8.6078374907374364 2.4682277552783489 0.32337987422943104 1.2049774229526518 0.63365676999092002
leaf_count=138 127 183 40 5 13 3 12 121 17 262 16 1 6 3
internal_value=0.00537637 0.0298309 0.0113905 0.00311612 0.00899126 0.0871279 -0.0230032 0.045268 -0.0554991 -0.0670226 -0.0274062 -0.064928 0.0483461 -0.020439
internal_weight=65.0076 46.3772 35.0854 32.3088 31.3915 11.2918 1.72452 14.0603 18.6304 16.7695 8.16164 5.69341 1.86088 17.3312
internal_count=947 507 309 269 264 198 15 134 440 417 155 139 23 130
is_linear=0
shrinkage=0.1


Tree=30
num_leaves=15
num_cat=0
split_feature=97 89 26 80 27 64 70 61 56 78 1 20 13 3
split_gain=8.61946 5.42849 2.89614 2.72687 3.13351 2.44561 2.29774 2.86553 4.63815 2.84366 2.91589 2.18258 2.12801 1.71624
threshold=0.32327999174594885 0.0019500000635161998 0.0058000001590698966 0.0042999999132007369 0.0012500000302679839 0.42565001547336584 0.0016499999910593035 1.0000000180025095e-35 0.0027499999850988392 0.0022500000195577745 1.0000000180025095e-35 0.0011500000255182388 0.0015499999863095584 0.0037500000325962905
decision_type=2 2 2 2 2 2 2 2 2 2 2 2 2 2
left_child=12 2 3 4 6 -3 7 8 11 10 -8 -2 -1 -10
right_child=1 5 -4 -5 -6 -7 9 -9 13 -11 -12 -13 -14 -15
leaf_value=-0.092416950839043346 0.033825496002635465 0.09813240313383044 -0.060559656801943675 0.10656410598631919 -0.090514343695595911 -0.18307197174891493 0.09773702532483243 0.10796329140351089 -0.10101891261752137 -0.11861194735606727 -0.096526311643168439 -0.10963335609087227 0.079123028882025298 0.081219884448082688
leaf_weight=9.3688900787383282 11.923297554254541 9.4127598106861079 5.6543636061251155 3.0689594633877268 2.9405429325997821 0.31978088989853937 7.381663847714659 2.1959330327808848 5.5896073058247557 0.81310813501477319 0.8629946969449519 1.1640444844961155 0.78366517461836416 0.5694122165441512
leaf_count=323 102 189 69 45 39 3 71 20 40 6 9 20 5 6
internal_value=0.00509033 0.0215754 0.00603678 0.0163508 0.00807161 0.0888929 0.0175764 -0.000262796 -0.012611 0.0598068 0.0774029 0.0210656 -0.079176 -0.0841706
internal_weight=62.049 51.8965 42.1639 36.5096 33.4406 9.73254 30.5001 21.4423 19.2464 9.05777 8.24466 13.0873 10.1526 6.15902
internal_count=947 619 427 358 313 192 274 188 168 86 80 122 328 46
is_linear=0
shrinkage=0.1


Tree=31
num_leaves=15
num_cat=0
split_feature=97 97 95 3 58 96 50 77 65 73 64 89 79 43
split_gain=7.88999 4.49549 2.17209 2.67163 2.65501 2.04295 2.84646 2.53082 2.68942 1.97812 1.93595 2.32259 2.70929 2.96801
threshold=0.8728800117969514 0.23824999481439593 0.0039400000823661694 1.0000000180025095e-35 1.0000000180025095e-35 0.017225000075995926 0.0010500000207684936 0.044949999079108245 0.0028499999316409235 0.016300000250339512 0.42565001547336584 0.0010500000207684936 0.0012500000302679839 0.0029499999945983295
decision_type=2 2 2 2 2 2 2 2 2 2 2 2 2 2
left_child=1 -1 -3 4 -4 6 -5 9 -9 -7 11 12 -2 -14
right_child=10 2 3 5 -6 7 -8 8 -10 -11 -12 -13 13 -15
leaf_value=-0.092706169928334706 0.10142510863407653 0.11205806173715645 -0.075245808689589522 0.11651583212635926 0.12470384413401821 -0.041483161009408506 -0.055443505869436541 -0.14008748332340615 0.084267560598093844 0.060802294689590676 -0.18866752880625048 0.1039209449133234 -0.055990792530232161 0.10859165367378049
leaf_weight=6.8724746275693169 3.3575032129883819 1.5358384959399689 7.7405224870890361 3.3130824379622963 0.72640841454267491 13.132850944995882 1.3568520881235597 0.61116286367177863 4.2485269233584404 2.2086852360516778 0.30472146719694038 8.2436051182448846 4.1140707731246948 1.4934813864529131
leaf_count=264 41 11 91 21 5 174 10 4 47 21 2 193 40 23
internal_value=0.00484947 -0.0187843 -0.00421682 -0.00957344 -0.0580914 0.00694361 0.066553 -0.00683633 0.0560523 -0.0267574 0.061185 0.0656093 0.0303807 -0.0121569
internal_weight=59.2598 41.7464 34.8739 33.3381 8.46693 24.8712 4.66993 20.2012 4.85969 15.3415 17.5134 17.2087 8.96506 5.60755
internal_count=947 648 384 373 96 277 31 246 51 195 299 297 104 63
is_linear=0
shrinkage=0.1


Tree=32
num_leaves=15
num_cat=0
split_feature=97 97 16 93 79 3 43 79 95 3 91 67 18 82
split_gain=6.85209 4.04648 1.9363 1.71262 2.17318 3.29024 2.00941 2.312 1.68156 2.25755 2.33663 2.0735 1.74254 2.63896
threshold=0.8728800117969514 0.23824999481439593 0.36614999175071722 0.0012500000302679839 0.0012500000302679839 0.0020500000100582842 0.0031500000040978198 0.049850000068545348 0.0039400000823661694 1.0000000180025095e-35 0.0012500000302679839 0.0031500000040978198 0.017450000159442428 0.003249999950639904
decision_type=2 2 2 2 2 2 2 2 2 2 2 2 2 2
left_child=1 2 -1 4 -2 6 -6 -8 -3 10 11 -10 13 -11
right_child=3 8 -4 -5 5 -7 7 -9 9 12 -12 -13 -14 -15
leaf_value=-0.10329476572379148 0.10021163205676004 0.09578905782317193 0.15626387840194236 0.10295163811103732 -0.084108335868949641 0.1057899307616591 0.10742424924861083 -0.21254606915033558 -0.10006563214442912 0.0012031712319921766 0.14409493617339991 0.018441090750573364 -0.084692482599267982 0.1043017231198466
leaf_weight=6.0322215445339671 3.4793042391538638 1.6125185154378403 0.30178862810134877 5.7669068984687319 3.4136521071195602 2.2020872496068478 1.3091209083795545 0.27289851754903782 5.5960086341947299 19.503016941249378 0.55305093526840199 2.0056102685630322 1.9307391438633192 2.8448690213263026
leaf_count=263 45 11 1 163 27 39 23 2 72 228 2 22 19 30
internal_value=0.004624 -0.0175359 -0.0909279 0.0590398 0.0353221 0.00395538 -0.0409332 0.0522293 -0.00388177 -0.0088372 -0.0543603 -0.0687988 0.00645305 0.0143275
internal_weight=56.8238 40.3798 6.33401 16.444 10.6771 7.19776 4.99567 1.58202 34.0458 32.4333 8.15467 7.60162 24.2786 22.3479
internal_count=947 648 264 299 136 91 52 25 384 373 96 94 277 258
is_linear=0
shrinkage=0.1


Tree=33
num_leaves=15
num_cat=0
split_feature=97 97 93 3 34 16 55 79 44 45 20 79 29 28
split_gain=6.07817 3.38727 2.27287 2.03154 2.27337 1.72123 1.53464 2.69767 2.00138 1.59031 1.52747 2.95365 1.7735 2.34116
threshold=0.83041000366210949 0.23824999481439593 0.0012500000302679839 0.0023500000825151805 0.0066499998793005952 0.36614999175071722 0.0013499999768100681 0.0020500000100582842 0.0011500000255182388 0.0036499999696388845 0.0014499999815598132 0.0017499999958090486 0.0012500000302679839 0.01189999980852008
decision_type=2 2 2 2 2 2 2 2 2 2 2 2 2 2
left_child=1 5 3 4 6 -1 7 8 -2 -10 12 -12 -3 -14
right_child=2 10 -4 -5 -6 -7 -8 -9 9 -11 11 -13 13 -15
leaf_value=-0.10299267800548045 0.093066732138859812 -0.0056329110947263292 0.10284293937233409 0.10647556720157605 -0.15702786331683283 0.14812438507915135 0.10585781495551733 -0.075988525725262226 -0.079034359023399336 0.10274938469086858 -0.10858311646626431 0.011002276217476807 0.12418779024019573 -0.048328574165348387
leaf_weight=5.473375165835022 3.3378363028168661 17.509559312835343 5.6404532566666594 2.628237545490264 0.77030273899436075 0.28727805614471424 1.7684596888720996 2.8462873995304108 1.6886137761175635 0.67307755723595608 3.7595573104917985 4.5833443533629179 2.5392665825784202 1.1396906413137911
leaf_count=263 38 202 171 46 5 1 33 25 12 5 64 51 17 14
internal_value=0.00437184 -0.0203254 0.049409 0.0274302 0.00868796 -0.0904697 0.0210641 0.00351706 0.0432214 -0.0272263 -0.00664244 -0.0428864 0.00762849 0.0707446
internal_weight=54.6453 35.2921 19.3533 13.7128 11.0846 5.76065 10.3143 8.54582 5.69953 2.36169 29.5314 8.3429 21.1885 3.67896
internal_count=947 612 335 164 118 264 113 80 55 17 348 115 233 31
is_linear=0
shrinkage=0.1


Tree=34
num_leaves=15
num_cat=0
split_feature=89 97 88 49 77 1 67 95 80 52 27 95 90 65
split_gain=5.58283 3.73081 2.34495 2.65465 2.34582 2.28831 3.76252 2.04333 1.8859 1.78968 1.64869 1.49632 1.46304 1.94881
threshold=0.0010500000207684936 0.56537500023841869 0.0057500000111758718 0.002549999975599349 0.0017499999958090486 1.0000000180025095e-35 1.0000000180025095e-35 0.041190000250935561 0.011050000321120025 0.44170001149177557 0.088550001382827773 0.025144999846816066 0.0019500000635161998 0.0055499998852610597
decision_type=2 2 2 2 2 2 2 2 2 2 2 2 2 2
left_child=1 -1 4 8 5 6 11 -6 12 10 -2 -3 13 -4
right_child=9 2 3 -5 7 -7 -8 -9 -10 -11 -12 -13 -14 -15
leaf_value=-0.048821638744609146 0.090482527482865893 0.12439635930465116 -0.08606327401388783 0.10676295226553363 -0.020564292988953403 -0.19430368759816813 -0.065522386185057083 0.10191004453230459 0.082171081806097002 -0.076204620538295353 -0.14526970699000977 -0.037408253214949193 -0.17153748892090676 0.017691425430335306
leaf_weight=16.57813985273242 9.0739921797066874 2.5288498401641868 4.3320802263915521 1.3718656823039044 1.7469209022819994 0.58241562545299519 3.135324489325285 6.1859552320092916 1.083587123081087 0.76590543612837869 0.30666383355856019 0.73842358216643322 0.99991294369101513 3.1098837647587061
leaf_count=458 228 15 39 25 15 3 27 72 13 7 2 8 6 29
internal_value=0.00414469 -0.0118028 0.0119701 -0.0232932 0.0377295 -0.00453011 0.0127327 0.0749396 -0.042024 0.070775 0.0827755 0.0878275 -0.0579655 -0.0427058
internal_weight=52.5399 42.3934 25.8152 10.8973 14.9179 6.98501 6.4026 7.93288 9.52546 10.1466 9.38066 3.26727 8.44188 7.44196
internal_count=947 710 252 112 140 53 50 87 87 237 230 23 74 68
is_linear=0
shrinkage=0.1


Tree=35
num_leaves=15
num_cat=0
split_feature=71 97 26 80 27 70 61 56 23 77 20 95 77 3
split_gain=5.01267 3.73659 2.3852 2.42806 3.26533 1.83049 2.22563 3.05734 2.1803 2.30643 1.8521 2.75033 1.59137 1.86628
threshold=1.0000000180025095e-35 0.23824999481439593 0.0056499999482184657 0.0041499999351799497 0.0012500000302679839 0.0016499999910593035 1.0000000180025095e-35 0.002650000038556755 0.0027499999850988392 1.0000000180025095e-35 0.0010500000207684936 0.0019500000635161998 0.016050000675022606 0.0014499999815598132
decision_type=2 2 2 2 2 2 2 2 2 2 2 2 2 2
left_child=1 -1 3 4 5 6 7 10 9 -7 11 -3 13 -13
right_child=-2 2 -4 -5 -6 8 -8 -9 -10 -11 -12 12 -14 -15
leaf_value=-0.089010769647331678 0.088849034894516954 0.3460457325219925 -0.060787485459570856 0.10495745853684049 -0.085626411585658535 -0.01208828091932183 0.10385804531916161 -0.072927058117192731 -0.15522818949433359 0.10620921052504456 -0.089163536961887654 -0.023988400724030204 0.11686112946783329 0.071950555210506487
leaf_weight=5.0169790033251038 6.1138936765491954 0.26911583542825113 5.155305976048111 2.6058072019368401 3.5644554812461129 2.4084107130765897 1.8610263764858235 5.532617785036563 0.46036729030311097 5.2208608612418175 1.4707203712314356 6.3077874071896058 1.5315787643194188 2.9881487991660833
leaf_count=264 177 1 85 45 59 21 21 53 3 77 35 66 19 21
internal_value=0.00395885 -0.00773236 0.00262345 0.0121762 0.00452887 0.0159851 -0.000277339 -0.0109845 0.0561123 0.068865 0.016285 0.0302609 0.0224121 0.00685087
internal_weight=50.5071 44.3932 39.3762 34.2209 31.6151 28.0506 19.961 18.1 8.08964 7.62927 12.5674 11.0966 10.8275 9.29594
internal_count=947 770 506 421 376 317 216 195 101 98 142 107 106 87
is_linear=0
shrinkage=0.1


Tree=36
num_leaves=15
num_cat=0
split_feature=97 97 16 92 26 49 7 67 20 15 3 50 28 31
split_gain=4.49562 2.79763 1.6789 1.44705 1.83771 2.21596 1.75553 2.71214 2.48526 2.31324 2.65879 3.35691 2.44591 2.19592
threshold=0.8728800117969514 0.23824999481439593 0.36614999175071722 1.0000000180025095e-35 0.0056499999482184657 0.0040500001050531873 0.0019500000635161998 0.013549999799579384 0.0014499999815598132 0.0010500000207684936 0.0010500000207684936 0.0013499999768100681 0.0012500000302679839 0.0024500000290572648
decision_type=2 2 2 2 2 2 2 2 2 2 2 2 2 2
left_child=1 2 -1 4 6 -6 7 8 9 10 -3 13 -11 -12
right_child=-2 3 -4 -5 5 -7 -8 -9 -10 12 11 -13 -14 -15
leaf_value=-0.10238715572071835 0.054400554765209469 -0.055866001857045072 0.14763162697834636 0.076024859162425074 -0.095252484907086848 0.081399127912503574 -0.10372620889955542 0.1199753422444611 -0.085501429266296489 0.12064664239454166 0.09841113363842155 -0.11849774728863105 -0.047293512996091684 -0.061558760377476131
leaf_weight=4.3546745367348185 12.872566159814594 6.2037872225046353 0.28623780608177174 2.1204422432929269 4.1217440888285628 0.85791705362498749 1.4738011825829733 2.0031603332608929 3.0315228812396517 3.2103599179536095 4.4611207861453295 1.1749732363969085 1.1881964746862648 1.0624750200659034
leaf_count=263 299 75 1 32 72 11 20 17 56 25 32 12 15 17
internal_value=0.00376462 -0.0145703 -0.0869667 -0.00370035 -0.00957246 -0.0648182 0.00198201 0.00895711 -0.00198046 0.0126544 -0.00869556 0.0349907 0.0752804 0.0676406
internal_weight=48.423 35.5504 4.64091 30.9095 28.7891 4.97966 23.8094 22.3356 20.3324 17.3009 12.9024 6.69857 4.39856 5.5236
internal_count=947 648 264 384 352 83 269 249 232 176 136 61 40 49
is_linear=0
shrinkage=0.1


Tree=37
num_leaves=15
num_cat=0
split_feature=89 97 97 64 70 92 91 16 96 96 6 48 15 3
split_gain=4.22663 3.06649 2.10791 1.6398 1.82675 1.90998 1.50684 1.49738 1.49608 1.64743 1.47992 1.60979 2.18749 2.24242
threshold=0.0041499999351799497 0.23824999481439593 0.97963500022888195 0.022300000302493576 1.0000000180025095e-35 1.0000000180025095e-35 1.0000000180025095e-35 0.36614999175071722 0.0066299999598413714 0.007029999978840352 1.0000000180025095e-35 0.002650000038556755 0.0010500000207684936 0.0014499999815598132
decision_type=2 2 2 2 2 2 2 2 2 2 2 2 2 2
left_child=1 7 3 4 5 6 10 -1 -6 -10 11 12 13 -3
right_child=-2 2 -4 -5 8 -7 -8 -9 9 -11 -12 -13 -14 -15
leaf_value=-0.10216678046738439 0.10272731993958423 -0.053323183840888834 0.10322821408955901 -0.16170581621943975 0.12915398110154311 0.091798047780030159 0.071556530318302738 0.14109412915501771 -0.2042944045026153 0.023640742884739923 -0.10030930212768832 -0.092513612753251637 0.15063544854571712 0.03464933753162952
leaf_weight=3.9483395228162399 3.9304403979331246 7.1937815174460482 1.9991033673286427 0.63367769122123618 1.3335061706602562 1.4760295674204815 1.4630641881376494 0.27036613225936879 0.32528939843177695 12.582850428298114 2.8368041031062594 2.6642671078443518 0.82283640652895051 4.851626155897975
leaf_count=263 148 94 61 3 15 25 11 1 2 178 55 32 4 55
internal_value=0.00352381 -0.00567193 0.003267 -0.00225572 0.000586469 -0.0179456 -0.0261133 -0.0865768 0.0283142 0.0178967 -0.0338924 -0.0217622 -0.00711374 -0.0178898
internal_weight=46.332 42.4015 38.1828 36.1837 35.5501 21.3084 19.8324 4.21871 14.2416 12.9081 18.3693 15.5325 12.8682 12.0454
internal_count=947 799 535 474 471 276 251 264 195 180 240 185 153 149
is_linear=0
shrinkage=0.1


Tree=38
num_leaves=15
num_cat=0
split_feature=89 97 97 18 93 80 27 70 43 45 15 40 95 88
split_gain=3.81014 2.7683 1.90295 1.5195 1.99093 1.68588 2.04307 1.61672 1.85088 1.61137 2.09995 3.52716 2.06467 1.86806
threshold=0.0041499999351799497 0.23824999481439593 0.97963500022888195 0.019300000742077831 0.0014499999815598132 0.0042999999132007369 0.0012500000302679839 1.0000000180025095e-35 0.0028499999316409235 0.0036499999696388845 0.0010500000207684936 1.0000000180025095e-35 0.28297498822212225 0.0050000001210719356
decision_type=2 2 2 2 2 2 2 2 2 2 2 2 2 2
left_child=1 -1 3 4 5 6 7 8 9 10 12 -12 -3 -11
right_child=-2 2 -4 -5 -6 -7 -8 -9 -10 13 11 -13 -14 -15
leaf_value=-0.086226211827757041 0.10246870935644013 -0.082414419142049056 0.1029158003067457 -0.10145685746593017 0.078887307494902081 0.079637903063871265 -0.08035907334188 0.029845535875621505 0.10996323713060979 0.13300932569481938 0.1564469775929776 -0.053608394098544933 0.11781288220363817 -0.088346684050032945
leaf_weight=3.8331466307863584 3.5649284441024056 8.2980167306959665 1.8140748795121897 1.4749655630439509 3.0802358509972683 2.1668595168739548 3.7787625901401034 9.9327318798750621 0.99056259728968221 1.1449478790164 1.2466838546097272 2.2280168030411005 0.54907181113958436 0.57157488167285908
leaf_count=264 148 108 61 16 52 30 78 123 13 6 8 27 5 8
internal_value=0.00329721 -0.0053027 0.00301867 -0.00209155 0.00222064 -0.00542001 -0.0118329 -0.00145919 -0.0221488 -0.0314708 -0.0441161 0.0217571 -0.0699878 0.0593013
internal_weight=44.6746 41.1097 37.2765 35.4624 33.9875 30.9072 28.7404 24.9616 15.0289 14.0383 12.3218 3.4747 8.84709 1.71652
internal_count=947 799 535 474 458 406 376 298 175 162 148 35 113 14
is_linear=0
shrinkage=0.1


Tree=39
num_leaves=15
num_cat=0
split_feature=89 97 96 58 69 88 95 20 48 74 16 96 48 95
split_gain=3.43503 2.43797 1.83891 1.71278 1.50276 1.45248 2.42211 1.67348 1.43855 1.68685 1.41656 1.38522 1.23117 1.67389
threshold=0.0041499999351799497 0.23824999481439593 0.014514999929815533 0.005099999951198698 0.0010500000207684936 0.0052499999292194852 0.13038499653339389 0.0013499999768100681 0.018949999473989013 0.009000000078231098 0.36614999175071722 0.54461500048637401 0.0011500000255182388 0.026215000078082088
decision_type=2 2 2 2 2 2 2 2 2 2 2 2 2 2
left_child=1 10 -3 4 5 6 7 12 -7 -10 -1 -5 13 -4
right_child=-2 2 3 11 -6 8 -8 -9 9 -11 -12 -13 -14 -15
leaf_value=-0.10181111672421583 0.10223462342792487 0.03273059620027003 -0.081632563813162307 0.097902033965881985 0.072711017328798588 -0.073664526976498015 0.1046177388308107 -0.1139379589641441 0.09535809859329393 -0.13212637543926251 0.13890011214225059 -0.11299144163604638 -0.10630596420923229 0.056551773352798464
leaf_weight=3.2938397536054249 3.232690541073679 13.085808932781218 1.1832254305481997 2.0343703757971521 1.5001142220571626 8.475685475394128 1.7234470117837188 1.7040922641754148 1.1338043063879002 0.45749559998512257 0.26408037543296803 0.36775317601859558 0.91567555628716935 3.3829397410154343
leaf_count=263 148 173 25 46 24 130 22 44 15 3 1 5 12 36
internal_value=0.0031261 -0.00498039 0.00283147 -0.0142698 -0.0236413 -0.0312581 -0.0018495 -0.0273842 -0.057285 0.0299568 -0.0839447 0.0656153 -0.000477989 0.0207442
internal_weight=42.755 39.5223 35.9644 22.8786 20.4765 18.9764 8.90938 7.18593 10.067 1.5913 3.55792 2.40212 5.48184 4.56617
internal_count=947 799 535 362 311 287 139 117 148 18 264 51 73 61
is_linear=0
shrinkage=0.1


Tree=40
num_leaves=15
num_cat=0
split_feature=89 97 97 16 18 93 80 80 31 23 95 76 1 3
split_gain=3.09958 2.19976 1.66505 1.26745 1.21042 1.57576 1.39868 1.58997 1.50779 2.4029 2.04787 1.54459 1.37493 1.53651
threshold=0.0041499999351799497 0.23824999481439593 0.97963500022888195 0.36614999175071722 0.019300000742077831 0.0014499999815598132 0.0042999999132007369 0.0020500000100582842 0.0017499999958090486 1.0000000180025095e-35 0.33027000725269323 0.0010500000207684936 1.0000000180025095e-35 1.0000000180025095e-35
decision_type=2 2 2 2 2 2 2 2 2 2 2 2 2 2
left_child=1 3 4 -1 5 6 7 8 9 11 -10 12 13 -3
right_child=-2 2 -4 -5 -6 -7 -8 -9 10 -11 -12 -13 -14 -15
leaf_value=-0.10164297630559756 0.10202272769293214 -0.0021047188221389999 0.10253221448923192 0.1338553562674358 -0.095512401965137633 0.07251482914996038 0.075727964736314185 -0.12548724928700961 -0.086087617812100156 -0.11097075198253631 0.064043520624943881 -0.094202583583278751 -0.085841372902527815 0.058594340069123813
leaf_weight=2.9850690765306349 2.930825524032115 7.7573677413165809 1.5917006153613318 0.24748352169990528 1.3333643181249488 2.863591067492961 1.9887218568474043 1.1641225237399329 4.1752190431579939 1.6133251078426827 1.1612865924835203 1.189507771283387 1.080752346664666 9.0188518241047841
leaf_count=263 148 93 61 1 16 52 30 14 96 24 17 9 19 104
internal_value=0.00291844 -0.00469106 0.00261106 -0.0836133 -0.00215844 0.00172984 -0.00522402 -0.0111514 -0.00603144 0.00620852 -0.0534173 0.0161341 0.023484 0.0305269
internal_weight=41.1012 38.1704 34.9378 3.23255 33.3461 32.0127 29.1492 27.1604 25.9963 20.6598 5.33651 19.0465 17.857 16.7762
internal_count=947 799 535 264 474 458 406 376 362 249 113 225 216 197
is_linear=0
shrinkage=0.1


Tree=41
num_leaves=15
num_cat=0
split_feature=71 97 8 92 95 42 48 70 96 67 45 88 40 77
split_gain=2.80772 2.05871 1.71716 1.45911 1.74346 1.81057 1.55329 1.10851 1.42669 1.5267 1.2356 2.49382 1.33055 1.37614
threshold=0.0010500000207684936 0.50942000746727001 1.0000000180025095e-35 1.0000000180025095e-35 0.91645997762680065 0.0017499999958090486 0.0037500000325962905 1.0000000180025095e-35 0.0066299999598413714 0.0044499998912215242 0.0036499999696388845 0.0050000001210719356 0.0042499999981373557 0.0047500000800937423
decision_type=2 2 2 2 2 2 2 2 2 2 2 2 2 2
left_child=1 2 -1 4 5 7 -7 10 -9 -10 12 -12 13 -3
right_child=-2 3 -4 -5 -6 6 -8 8 9 -11 11 -13 -14 -15
leaf_value=-0.014879743287531923 0.08446557976970949 -0.084411450527800566 -0.10287591074654473 0.10385485082916877 -0.1331521576127643 0.096949643973650121 -0.055181740766348276 0.12650116979265877 -0.018497297331955112 0.095794748707909105 0.12912767049998811 -0.10170294400202262 0.096358007989096939 -0.0014261918768680919
leaf_weight=6.5283762086182815 3.7984103970229617 5.1100017894059526 3.3584126913920045 1.5225837090983976 0.90621674060821433 3.4271116452291599 0.83458218909800042 1.1484303250908832 5.4220299944281578 1.4899061098694799 1.2871164008975022 0.73547600395977486 0.65183067321777421 3.2815803419798613
leaf_count=206 171 53 231 52 7 57 17 15 53 22 7 12 5 39
internal_value=0.00272795 -0.00596788 -0.0447709 0.00889206 0.0029405 0.00821368 0.0671572 -0.00491998 0.023288 0.00613899 -0.0254664 0.0451907 -0.0412691 -0.0519595
internal_weight=39.5021 35.7037 9.88679 25.8169 24.2943 23.3881 4.26169 19.1264 8.06037 6.91194 11.066 2.02259 9.04341 8.39158
internal_count=947 776 437 339 287 280 74 206 90 75 116 19 97 92
is_linear=0
shrinkage=0.1


Tree=42
num_leaves=15
num_cat=0
split_feature=89 97 97 16 44 64 95 8 96 42 88 1 70 20
split_gain=2.57488 1.82284 1.42669 1.1428 1.08915 1.05707 1.43642 1.54472 1.4891 1.40307 2.05589 1.37505 1.9624 1.87528
threshold=0.0041499999351799497 0.23824999481439593 0.97963500022888195 0.36614999175071722 0.24405000358819964 0.022300000302493576 0.3829800039529801 1.0000000180025095e-35 0.53158000111579906 0.0017499999958090486 0.012149999849498274 1.0000000180025095e-35 1.0000000180025095e-35 0.0010500000207684936
decision_type=2 2 2 2 2 2 2 2 2 2 2 2 2 2
left_child=1 3 4 -1 5 6 7 9 -8 10 11 12 -3 -14
right_child=-2 2 -4 -5 -6 -7 8 -9 -10 -11 -12 -13 13 -15
leaf_value=-0.10144539822375709 0.10168583154253884 -0.012174870675433708 0.10223674280050686 0.1300577730473709 -0.12100980479048547 -0.13771854790934066 0.084737304563120494 -0.085746237862059718 -0.046320499639485146 0.068525835301130975 -0.078395459879105331 -0.1258065428523282 0.10420705522475225 -0.018372446597197809
leaf_weight=2.544021886773407 2.4528400460258117 10.619735362008241 1.3700502216815937 0.23274195194244374 0.75077848881482978 0.54036487638950248 3.6510016480460754 2.2221715888008466 1.1369340624660251 2.754427606239914 3.4067574990913263 0.74758103396743436 3.5774597786366931 1.9167186785489319
leaf_count=263 148 133 61 1 7 3 80 77 14 42 45 12 42 19
internal_value=0.0025971 -0.00425499 0.00235156 -0.0820413 -0.00201723 0.000904844 0.00339903 -0.00612523 0.0536166 0.00155987 -0.00754071 0.00677504 0.012926 0.0614435
internal_weight=37.9236 35.4707 32.694 2.77676 31.3239 30.5732 30.0328 25.2449 4.78794 23.0227 20.2683 16.8615 16.1139 5.49418
internal_count=947 799 535 264 474 467 464 370 94 293 251 206 194 61
is_linear=0
shrinkage=0.1


Tree=43
num_leaves=15
num_cat=0
split_feature=89 26 82 27 97 63 78 31 52 61 76 73 6 29
split_gain=2.36296 1.60107 1.59643 1.49973 1.66216 1.29845 1.26721 1.22959 1.1994 1.04512 1.14731 1.26247 1.5813 2.55501
threshold=0.0019500000635161998 0.0056499999482184657 0.003400000045076013 0.0012500000302679839 0.23824999481439593 0.0011500000255182388 0.00335000001359731 0.00335000001359731 0.44170001149177557 1.0000000180025095e-35 0.0010500000207684936 0.0022500000195577745 0.0044499998912215242 0.0017499999958090486
decision_type=2 2 2 2 2 2 2 2 2 2 2 2 2 2
left_child=1 2 3 4 -1 7 -3 9 -2 10 11 12 13 -6
right_child=8 6 -4 -5 5 -7 -8 -9 -10 -11 -12 -13 -14 -15
leaf_value=-0.10157857008278377 0.09821908089180198 -0.075031244879437117 0.093827052526684357 -0.079573762575102944 -0.0125307653174111 0.10757121022023196 0.11481693640268281 -0.099231130520743394 -0.065839274525572755 0.094228643615552443 -0.10068539184563846 0.058617669432964405 -0.12742275307939374 0.12346022963586152
leaf_weight=1.3989598629996276 3.3509255805984135 4.3883268604986361 1.8049813006073225 2.3525214237160972 10.825551342219127 1.3051575468853105 0.38221330754458893 1.0783229684457172 0.51397487893700589 1.3840334881097067 0.98836133163422246 4.0989511907100669 0.97520437836647111 1.5836787428706891
leaf_count=150 186 167 45 81 149 27 4 23 7 25 8 50 10 15
internal_value=0.00247408 -0.00629951 0.00288626 -0.00342932 0.00414873 0.0107995 -0.0598207 0.00476617 0.0764017 0.010414 0.00413405 0.0100596 -0.00481114 0.00482455
internal_weight=36.4312 32.5663 27.7957 25.9907 23.6382 22.2393 4.77054 20.9341 3.8649 19.8558 18.4717 17.4834 13.3844 12.4092
internal_count=947 754 583 538 457 307 171 280 193 257 232 224 174 164
is_linear=0
shrinkage=0.1


Tree=44
num_leaves=15
num_cat=0
split_feature=89 96 95 96 97 15 70 42 95 65 58 88 20 22
split_gain=2.131 1.52115 1.75121 1.1758 1.44064 1.62178 2.02058 1.95179 1.27925 1.20864 1.12592 1.16686 1.51855 1.13402
threshold=0.0041499999351799497 0.014514999929815533 0.026215000078082088 0.013824999798089268 0.91254001855850231 0.0010500000207684936 1.0000000180025095e-35 0.0045499999541789302 0.0044400000479072341 0.044649999588727958 0.005099999951198698 0.0057500000111758718 0.0036499999696388845 0.0025500000920146708
decision_type=2 2 2 2 2 2 2 2 2 2 2 2 2 2
left_child=1 3 -3 4 5 6 7 -1 -7 -6 11 12 -4 -13
right_child=-2 2 10 -5 9 8 -8 -9 -10 -11 -12 13 -14 -15
leaf_value=-0.093451504417539924 0.10143593750938054 -0.094069097471045096 0.031387129423983556 0.129284012380918 0.09209436411353876 0.19287405762168341 0.046132353306763907 0.14243581493190433 0.0023514220432143784 -0.10945567572568629 0.066170022713063562 -0.053997816510284014 -0.11697505489420049 0.044066946339802127
leaf_weight=3.7312822998501325 2.0439750477671614 2.7754713022150126 6.0490896678529742 0.98399374540895301 2.8973354771733288 0.64371445775032021 2.2757885940372944 0.38716831058263768 0.77879621088504791 0.33157916739583004 1.8051410876214493 8.1110606472939235 0.77870249515399326 1.3798201619647432
leaf_count=69 148 206 114 7 82 2 23 2 8 6 51 170 37 22
internal_value=0.00235809 -0.0037919 -0.0200983 0.0245374 0.0152062 -0.00800495 -0.029489 -0.0712762 0.0885667 0.0713971 -0.00877045 -0.0170602 0.0144666 -0.0397408
internal_weight=34.9729 32.9289 20.8993 12.0297 11.0457 7.81675 6.39424 4.11845 1.42251 3.22891 18.1238 16.3187 6.82779 9.49088
internal_count=947 799 600 199 192 104 94 71 10 88 394 343 151 192
is_linear=0
shrinkage=0.1


Tree=45
num_leaves=15
num_cat=0
split_feature=89 97 97 16 44 80 16 93 70 67 95 3 96 72
split_gain=1.92373 1.29613 1.13882 1.03591 0.886148 0.95697 1.30746 1.22136 1.0149 1.40451 1.22884 1.08804 1.29573 1.37603
threshold=0.0041499999351799497 0.23824999481439593 0.97963500022888195 0.36614999175071722 0.24405000358819964 0.0042999999132007369 0.012149999849498274 0.0014499999815598132 0.0011500000255182388 0.0021499999566003685 0.0039400000823661694 0.0019500000635161998 0.016525000333786014 1.0000000180025095e-35
decision_type=2 2 2 2 2 2 2 2 2 2 2 2 2 2
left_child=1 3 4 -1 5 6 7 8 10 11 -3 12 13 -10
right_child=-2 2 -4 -5 -6 -7 -8 -9 9 -11 -12 -13 -14 -15
leaf_value=-0.10110742405191074 0.10129977292724131 0.066032307383624159 0.10183721217933517 0.1273460149138253 -0.11770319236007276 0.059441011788650369 -0.082405808839085118 0.0948455692165035 -0.074422423019179104 0.078411558906546996 -0.029990170844249455 0.04657269856589806 -0.13123883228530295 0.10910539384281744
leaf_weight=1.9592616674490302 1.8518246905878175 1.4883899111300909 1.0985355479642738 0.22085829079151142 0.64604989811777969 2.5278254495933643 2.0131962317973366 1.3245383920148004 0.91677543148398333 3.0148057397454977 12.745717328973113 2.0641447817906737 1.1391490641981361 0.73691331595182419
leaf_count=263 148 11 61 1 7 52 50 25 9 55 209 37 10 9
internal_value=0.00221254 -0.00354026 0.00191983 -0.0779638 -0.00191569 0.000758631 -0.00507147 0.00157328 -0.0040154 0.0247975 -0.0199496 -0.00848165 -0.0491715 0.00736086
internal_weight=33.748 31.8962 29.716 2.18012 28.6175 27.9715 25.4436 23.4304 22.1059 7.87179 14.2341 4.85698 2.79284 1.65369
internal_count=947 799 535 264 474 467 415 365 340 120 220 65 28 18
is_linear=0
shrinkage=0.1


Tree=46
num_leaves=15
num_cat=0
split_feature=89 26 42 61 20 70 65 77 18 15 65 96 97 96
split_gain=1.75796 1.31276 1.36044 1.26214 1.43204 1.34373 1.48866 2.08706 1.45251 1.35546 2.22609 1.52282 1.24946 1.04222
threshold=0.0019500000635161998 0.0056499999482184657 0.0036499999696388845 1.0000000180025095e-35 0.0014499999815598132 0.0031500000040978198 0.025900000706315044 0.015549999661743643 0.0022500000195577745 0.0010500000207684936 0.0079499999992549437 0.016919999383389953 0.78644001483917247 0.0017499999958090486
decision_type=2 2 2 2 2 2 2 2 2 2 2 2 2 2
left_child=1 2 3 4 5 6 7 9 -7 10 13 -11 -6 -1
right_child=-2 -3 -4 -5 12 8 -8 -9 -10 11 -12 -13 -14 -15
leaf_value=0.056650226635878667 0.073354488300213669 -0.056851614013104859 0.093925665310549827 0.080852124074066833 -0.099599760941039353 0.10545867686274941 -0.10524034051503384 0.098800796018295056 -0.10444053855183207 0.10882982773499419 0.10900369572078197 -0.029538289120790484 0.10515353122241132 -0.058147168219274153
leaf_weight=0.87410408165307885 3.1287495195865622 4.2562912986613801 1.5508103510364879 1.6773867607116688 2.5102583407424386 1.9974045967683189 1.4750859364867199 1.8739925273694087 0.39485729299485672 1.6722412705421441 1.0128671396523703 1.5168564659543333 0.33818077668547619 8.3032488771714252
leaf_count=17 193 171 43 31 112 42 12 42 5 11 10 31 7 220
internal_value=0.00208604 -0.00548455 0.0031923 -0.00275828 -0.00914211 0.000712129 -0.0093128 -3.60325e-05 0.0708135 -0.0138797 -0.0316859 0.0430167 -0.0752904 -0.0472132
internal_weight=32.5823 29.4536 25.1973 23.6465 21.9691 19.1207 16.7284 15.2533 2.39226 13.3793 10.1902 3.1891 2.84844 9.17735
internal_count=947 754 583 540 509 390 343 331 47 289 247 42 119 237
is_linear=0
shrinkage=0.1


Tree=47
num_leaves=15
num_cat=0
split_feature=89 97 34 29 97 97 58 30 51 38 42 90 81 45
split_gain=1.61366 1.07172 0.956707 0.923759 0.918129 0.877692 0.862004 0.904278 0.874731 1.14429 0.980682 0.948766 1.09386 1.03917
threshold=0.0041499999351799497 0.32327999174594885 0.33649998903274542 0.005899999989196659 0.97963500022888195 0.32807999849319464 0.0042999999132007369 0.0041000000201165685 0.002549999975599349 0.003249999950639904 0.0017499999958090486 0.0010500000207684936 1.0000000180025095e-35 0.0028000000165775423
decision_type=2 2 2 2 2 2 2 2 2 2 2 2 2 2
left_child=1 2 3 -1 5 -3 8 -8 9 10 11 12 13 -7
right_child=-2 4 -4 -5 -6 6 7 -9 -10 -11 -12 -13 -14 -15
leaf_value=-0.10141227805906367 0.10109447745706755 0.11905851627190858 0.079255389942394242 0.051085544819569409 0.1015524044302385 -0.021887151787260785 0.10255702741635216 -0.090396595285393219 0.088169927858662234 -0.080999121487196402 0.055449090773657075 -0.080157908302902259 0.097218973348836779 0.055128720755992025
leaf_weight=2.4699113457463753 1.561437640339135 0.60502957180143013 0.45277275145053852 0.4733451879583298 0.92374481353908677 12.79296376090498 1.3338917046785344 0.29695317335426796 0.91237104404717584 2.1540588838979593 2.4161577075719824 1.8538748649880279 0.99018392432481128 2.0299764173105368
leaf_count=304 148 4 5 19 61 185 44 8 23 31 46 21 20 28
internal_value=0.0020069 -0.00320158 -0.0560695 -0.076887 0.00362268 5.91398e-05 -0.0028463 0.067423 -0.00779664 -0.0117341 -0.00430489 -0.0124769 -0.00454223 -0.01134
internal_weight=31.2667 29.7052 3.39603 2.94326 26.3092 25.3855 24.7804 1.63084 23.1496 22.2372 20.0832 17.667 15.8131 14.8229
internal_count=947 799 328 323 471 410 406 52 354 331 300 254 233 213
is_linear=0
shrinkage=0.1


Tree=48
num_leaves=15
num_cat=0
split_feature=89 96 95 96 97 91 70 42 95 92 15 61 26 77
split_gain=1.45672 1.05327 1.32135 1.03393 1.07436 1.19585 1.60228 1.37568 0.885096 0.935061 0.866564 0.833301 1.0385 0.890265
threshold=0.0041499999351799497 0.014514999929815533 0.026215000078082088 0.013824999798089268 0.96963998675346386 1.0000000180025095e-35 1.0000000180025095e-35 0.0038499999791383748 0.028034999966621402 1.0000000180025095e-35 0.0010500000207684936 1.0000000180025095e-35 0.0058000001590698966 0.055549999698996551
decision_type=2 2 2 2 2 2 2 2 2 2 2 2 2 2
left_child=1 3 -3 4 5 6 7 10 -4 11 -1 -10 -13 -14
right_child=-2 2 8 -5 -6 -7 -8 -9 9 -11 -12 12 13 -15
leaf_value=-0.076119485867799486 0.10099062585220867 -0.090293244413986617 0.10414476391033145 0.1254038437360559 0.10450543348048343 0.12822176504738614 0.049499380407363465 0.12748794103920788 -0.030945376527884084 0.067264983278030002 0.055693580828202915 0.089852728335441667 -0.10617078283625424 0.11184768317314711
leaf_weight=4.0631489055231231 1.4142262032255519 2.1947296545840826 0.67919083219021814 0.88776521850377399 1.1263361573219306 0.67689067125320423 2.8650293983519077 0.42777687124907959 11.734119157306848 1.3415367356501509 0.56853894889354695 1.3803514847531908 0.68294980050995935 0.25807442143559456
leaf_count=76 148 206 9 7 63 5 40 4 291 43 4 28 20 3
internal_value=0.00189621 -0.00295526 -0.0175103 0.0220962 0.0126682 0.000642321 -0.0102552 -0.0440925 -0.00757392 -0.012502 -0.0599395 -0.0201155 0.0346278 -0.0463796
internal_weight=30.3007 28.8864 18.271 10.6155 9.72772 8.60138 7.92449 5.05946 16.0762 15.397 4.63169 14.0555 2.32138 0.941024
internal_count=947 799 600 199 192 129 124 84 394 385 80 342 51 23
is_linear=0
shrinkage=0.1


Tree=49
num_leaves=15
num_cat=0
split_feature=97 93 3 56 69 20 95 21 79 96 70 50 15 3
split_gain=1.33883 0.93267 0.928194 1.30446 0.782699 1.00726 1.27178 0.834376 0.782429 1.12627 0.747434 1.77745 0.956533 1.43362
threshold=0.83041000366210949 0.0012500000302679839 0.0023500000825151805 0.0041499999351799497 0.0078000000212341556 0.0014499999815598132 0.19399499893188479 0.0014499999815598132 0.0020500000100582842 0.012085000053048136 1.0000000180025095e-35 0.0019500000635161998 0.0010500000207684936 0.0014499999815598132
decision_type=2 2 2 2 2 2 2 2 2 2 2 2 2 2
left_child=4 2 3 -2 5 10 -7 -8 9 -5 12 -12 13 -1
right_child=1 -3 -4 8 -6 6 7 -9 -10 -11 11 -13 -14 -15
leaf_value=-0.087185100008539962 0.057296991663976164 0.10148089569955161 0.10319329318966729 0.10707720765656115 0.10677014756568599 -0.10793733601261368 0.048172641026372726 -0.07253244544315772 -0.068129525534798147 -0.062186969226352334 0.066708953806797519 -0.071291474595194457 0.0348838956441107 0.0019455814589581369
leaf_weight=3.2147530065849512 2.7570457840338332 1.6330704498104749 1.1086539719253776 0.78777029365301154 0.53102142456918855 2.3782961270771912 1.3243165253661575 1.0090058390051124 2.4014404858462512 0.78466462716460228 3.4502497892826787 1.279438038356602 2.4627862782217562 4.1139657562598586
leaf_count=150 48 171 46 15 10 159 25 21 43 12 47 21 50 129
internal_value=0.00182087 0.032731 0.0184096 0.00444482 -0.0129941 -0.0163008 -0.0564767 -0.00402423 -0.0322236 0.0226123 -0.00326512 0.0293782 -0.0190331 -0.0371517
internal_weight=29.2365 9.47265 7.83958 6.73092 19.7638 19.2328 4.71162 2.33332 3.97388 1.57243 14.5212 4.72969 9.79151 7.32872
internal_count=947 335 164 118 612 602 205 46 70 27 397 68 329 279
is_linear=0
shrinkage=0.1


Tree=50
num_leaves=15
num_cat=0
split_feature=89 18 93 80 20 73 26 96 65 15 94 85 70 31
split_gain=1.2285 0.993149 1.12573 0.877282 1.05252 0.956667 1.15718 0.948208 0.979441 1.33146 1.18417 1.00809 1.0178 0.807925
threshold=0.0041499999351799497 0.017450000159442428 0.0013499999768100681 0.0042999999132007369 0.003400000045076013 0.0022500000195577745 0.0058000001590698966 0.0029499999945983295 1.0000000180025095e-35 0.0010500000207684936 0.0013499999768100681 0.0043500000610947618 0.0018500000005587938 0.025000000372529033
decision_type=2 2 2 2 2 2 2 2 2 2 2 2 2 2
left_child=1 2 3 4 5 7 -7 -1 9 -9 11 12 -10 -4
right_child=-2 -3 13 -5 -6 6 -8 8 10 -11 -12 -13 -14 -15
leaf_value=0.05537830645935779 0.10087366847935345 -0.088386383234382138 0.10119708424979901 0.072427505826117219 -0.1009890532598583 0.046944739222639822 -0.090024588058595229 -0.09667907796144877 -0.038183689711753309 0.046320475547082803 -0.055830472529927289 0.08017285602767954 0.073735648290476463 -0.035888761453079607
leaf_weight=1.5829148902557992 1.1962288827635337 1.2877592425793398 1.7659459714777761 1.3768700188957144 1.1982351054903109 5.0317812156863502 0.70298797404393543 3.2140101536642751 3.1151901411358249 0.8165372535586356 3.4201949061825871 1.8136787652038036 1.0992860924452541 0.56826057285070408
leaf_count=30 148 79 76 35 72 86 22 170 91 20 59 30 15 14
internal_value=0.00170714 -0.00268745 0.00160571 -0.00500769 -0.00985511 -0.00460425 0.0301546 -0.0178386 -0.026437 -0.0677092 -0.00883077 0.0178355 -0.00899112 0.0678237
internal_weight=28.1899 26.9937 25.7059 23.3717 21.9948 20.7966 5.73477 15.0618 13.4789 4.03055 9.44835 6.02815 4.21448 2.33421
internal_count=947 799 720 630 595 523 108 415 385 190 195 136 106 90
is_linear=0
shrinkage=0.1


Tree=51
num_leaves=15
num_cat=0
split_feature=77 96 88 58 1 3 72 15 96 95 20 89 6 29
split_gain=1.14412 1.13277 0.996838 0.903507 0.894724 1.03217 0.932639 1.13591 1.70694 1.04096 0.760272 0.758575 0.716619 0.825399
threshold=0.044949999079108245 0.014514999929815533 0.25824999809265142 0.0028499999316409235 1.0000000180025095e-35 0.0014499999815598132 0.0013499999768100681 0.0019500000635161998 0.004939999897032977 0.22769000381231311 0.0055500001180917033 0.0041499999351799497 0.0038499999791383748 0.0014499999815598132
decision_type=2 2 2 2 2 2 2 2 2 2 2 2 2 2
left_child=1 4 -2 12 5 6 7 8 -1 -10 -5 -4 13 -3
right_child=2 3 11 10 -6 -7 -8 -9 9 -11 -12 -13 -14 -15
leaf_value=0.03054710628077666 0.076841651680435219 -0.036574109300194321 -0.07898607388127693 0.093356274205798673 -0.1522685086848736 0.084699531948689954 0.10742675554849786 0.1238366239953906 -0.10140434412300724 0.10837916674199669 -0.10378268809382146 0.10134414335781083 -0.10901526782845064 0.049229059725402584
leaf_weight=2.966860536485914 3.238661885727196 9.652207187144084 0.86517273774370529 1.0023813624866296 0.29533480573445636 2.1762036592699587 0.79975706199184049 0.59638700075447548 2.3502497028093789 0.2630007448606192 0.24306042143143702 0.3193854265846312 1.1681246166117478 1.268469224218278
leaf_count=66 172 384 16 40 3 35 26 6 47 10 15 31 67 29
internal_value=0.00159014 -0.00744601 0.0481313 -0.0262156 0.0190447 0.0245727 0.00581646 -0.00734043 -0.0213603 -0.0802915 0.0548826 -0.0303647 -0.0345707 -0.0266078
internal_weight=27.2053 22.782 4.42322 13.3342 9.44779 9.15246 6.97626 6.1765 5.58011 2.61325 1.24544 1.18456 12.0888 10.9207
internal_count=947 728 219 535 193 190 155 129 123 57 55 47 480 413
is_linear=0
shrinkage=0.1


Tree=52
num_leaves=15
num_cat=0
split_feature=92 8 93 56 23 73 70 84 28 29 3 95 96 76
split_gain=1.03799 1.17322 1.48206 0.93958 0.876619 0.867648 0.817941 0.946445 0.884431 0.968116 0.778388 1.49032 1.18439 0.810292
threshold=1.0000000180025095e-35 1.0000000180025095e-35 0.0013499999768100681 0.026499999687075618 1.0000000180025095e-35 0.035850001499056823 0.0031500000040978198 0.0012500000302679839 0.0099499998614192026 0.003400000045076013 0.0011500000255182388 0.01465500006452203 0.0029499999945983295 0.0015499999863095584
decision_type=2 2 2 2 2 2 2 2 2 2 2 2 2 2
left_child=1 2 4 -3 6 -6 8 -8 9 10 12 -12 -1 -13
right_child=-2 3 -4 -5 5 -7 7 -9 -10 -11 11 13 -14 -15
leaf_value=0.046310851195030506 0.076438852759556988 -0.093034518572629413 0.085887948182022514 0.022605584599922707 -0.10716440169761082 0.045766664396601334 0.07960618823358831 -0.05582096119416019 -0.10540997180759271 0.099383681821791456 -0.12664132489216004 0.052652037503227479 -0.053435439917902838 -0.07009655156701472
leaf_weight=1.5442985505797091 1.7272643775213499 2.3622232556808735 2.0439327624626449 1.0000731591135261 1.4321897751651693 0.50067064072936762 2.3948401245288546 0.65777912829071272 0.85216568969190198 0.90741134504787702 0.61941618029959489 4.4246365739963949 5.1949390561785549 0.61219232995063055
leaf_count=29 128 235 128 20 44 5 71 15 21 10 28 83 122 8
internal_value=0.00150977 -0.00376271 0.00494695 -0.0586388 -0.00369637 -0.0675505 0.00347607 0.0504243 -0.00664858 -0.000322059 -0.00762102 0.0197321 -0.0305785 0.0377328
internal_weight=26.274 24.5468 21.1845 3.3623 19.1405 1.93286 17.2077 3.05262 14.1551 13.3029 12.3955 5.65625 6.73924 5.03683
internal_count=947 819 564 255 436 49 387 86 301 280 270 119 151 91
is_linear=0
shrinkage=0.1


Tree=53
num_leaves=15
num_cat=0
split_feature=71 26 80 23 61 23 20 70 56 0 43 42 73 97
split_gain=0.972075 0.99407 0.931373 0.793392 0.89977 0.76871 0.752777 0.855204 1.18126 1.10906 0.836649 0.820239 0.849735 0.870239
threshold=0.0010500000207684936 0.0056499999482184657 0.0041499999351799497 0.0039500000420957812 1.0000000180025095e-35 0.0042000000830739745 0.0014499999815598132 0.0031500000040978198 0.0020500000100582842 0.0081500001251697558 0.0019500000635161998 0.0013499999768100681 0.0022500000195577745 0.87992000579833995
decision_type=2 2 2 2 2 2 2 2 2 2 2 2 2 2
left_child=1 2 3 4 6 -3 7 8 10 -9 11 12 13 -1
right_child=-2 5 -4 -5 -6 -7 -8 9 -10 -11 -12 -13 -14 -15
leaf_value=-0.028826072843876643 0.074918113922361015 -0.095807263362274186 0.093774348256089268 -0.11071922571635387 0.092146907330254824 0.012551682064530176 -0.061509211887391758 0.090724312012663608 -0.045983696672603394 -0.12368007911579951 0.12022895368630469 0.093243425033899527 0.077424447333151361 0.10404491554377289
leaf_weight=5.9170034183189486 1.67874499503523 1.9078421927988523 1.0909542404115189 0.63939051982015271 1.0580509295687068 0.99671236961148668 1.9441351864952583 1.8717551403678947 4.6227998256217679 0.2769593372941016 0.71001364476978857 0.98163863737136114 1.0974135398864744 0.53771706158295263
leaf_count=197 171 123 48 38 28 45 108 59 76 2 13 13 9 17
internal_value=0.00138759 -0.00383129 0.00383922 -0.00115217 0.0025316 -0.0586234 -0.00274794 0.00438524 -0.00471122 0.0630886 0.0159291 0.00725128 -0.00392612 -0.0177571
internal_weight=25.3311 23.6524 20.7478 19.6569 19.0175 2.90455 17.9594 16.0153 13.8666 2.14871 9.24379 8.53377 7.55213 6.45472
internal_count=947 776 608 560 522 168 494 386 325 61 249 236 223 214
is_linear=0
shrinkage=0.1


Tree=54
num_leaves=15
num_cat=0
split_feature=89 26 82 27 16 63 31 52 73 20 56 77 70 15
split_gain=0.913373 0.785939 0.84812 0.819688 0.830974 0.807504 0.843383 0.768696 0.73803 0.789676 0.800916 0.745688 0.9249 0.949146
threshold=0.0019500000635161998 0.0056499999482184657 0.003400000045076013 0.0012500000302679839 0.36614999175071722 0.0019500000635161998 0.00335000001359731 0.44170001149177557 0.0022500000195577745 1.0000000180025095e-35 0.0047999999951571235 0.0095000001601874846 1.0000000180025095e-35 0.0010500000207684936
decision_type=2 2 2 2 2 2 2 2 2 2 2 2 2 2
left_child=1 2 3 5 -5 6 8 -2 9 10 11 12 13 -1
right_child=7 -3 -4 4 -6 -7 -8 -9 -10 -11 -12 -13 -14 -15
leaf_value=-0.045400101485722655 0.094053526414526897 -0.051306024942081044 0.087377131807643449 -0.096128366688452968 0.1226847205502699 0.10715640835213534 -0.094680655875998665 -0.074475307298760701 0.041119928034230216 -0.06877749506917101 -0.060781014930990022 0.10116567790770643 0.070428139419678182 0.051647067111209748
leaf_weight=3.3901070316787933 1.6543705244548608 3.0818613981828085 1.1238631145097304 1.4369706432335068 0.19739805161952961 0.73277402482926923 0.89197076251730401 0.32358642388135184 4.1737216354813418 1.8040779242292035 1.585012152791023 0.93216326739639033 1.6375387366861103 1.4341014395467935
leaf_count=127 186 171 45 80 1 21 57 7 75 84 27 20 24 22
internal_value=0.00134131 -0.00440526 0.00306857 -0.00213302 -0.0697003 0.00452682 -0.000218326 0.0664828 0.0054151 -0.00840498 0.00372528 0.0175533 0.00549151 -0.0165507
internal_weight=24.3995 22.4216 19.3397 18.2158 1.63437 16.5815 15.8487 1.97796 14.9567 10.783 8.97892 7.39391 6.46175 4.82421
internal_count=947 754 583 538 81 457 436 193 379 304 220 193 173 149
is_linear=0
shrinkage=0.1


Tree=55
num_leaves=15
num_cat=0
split_feature=89 18 93 31 58 96 96 91 70 1 42 97 95 15
split_gain=0.832631 0.715666 0.758772 0.684277 0.643865 0.720953 0.750557 0.798929 0.912992 1.0565 0.837131 0.854506 0.733216 0.929595
threshold=0.0041499999351799497 0.017450000159442428 0.0013499999768100681 0.025000000372529033 0.0042999999132007369 0.014514999929815533 0.013824999798089268 1.0000000180025095e-35 1.0000000180025095e-35 1.0000000180025095e-35 0.0030500000575557355 0.96963998675346386 0.0016499999910593035 0.0010500000207684936
decision_type=2 2 2 2 2 2 2 2 2 2 2 2 2 2
left_child=1 2 4 -4 5 6 7 8 10 -10 11 12 13 -1
right_child=-2 -3 3 -5 -6 -7 -8 -9 9 -11 -12 -13 -14 -15
leaf_value=-0.10499730289220464 0.10065488551631362 -0.083920178608028209 0.098011577338799269 -0.040902253776660256 0.071949876732354714 -0.025366875652814265 0.1170986210205387 0.11862220200625651 0.067925221445702441 -0.15707602578759366 0.12336854690022117 0.10639472473728516 -0.074645060861225743 0.16338443879328213
leaf_weight=0.22060922509992265 0.81392552866600354 1.0253793809097249 1.3891624775715161 0.47614332847297181 1.0527017135173071 10.749001850374041 0.65155514329671849 0.57247689133509982 2.132132561411709 0.23133105039596547 0.32588871289044608 0.3500828044489025 3.2606069082394242 0.31099376082420349
leaf_count=24 148 79 76 14 49 424 5 8 45 1 5 14 54 1
internal_value=0.00127461 -0.00228121 0.00157241 0.062552 -0.00415572 -0.00841618 0.0142018 0.00514698 -0.004362 0.0459026 -0.0309497 -0.0430904 -0.0568903 0.0520091
internal_weight=23.562 22.7481 21.7227 1.86531 19.8574 18.8047 8.05568 7.40412 6.83165 2.36346 4.46818 4.14229 3.79221 0.531603
internal_count=947 799 720 90 630 581 157 152 144 46 98 93 79 25
is_linear=0
shrinkage=0.1


Tree=56
num_leaves=15
num_cat=0
split_feature=92 8 26 58 1 70 28 91 43 27 78 77 20 3
split_gain=0.781357 0.87316 0.646041 0.642324 0.862197 0.658435 0.760505 0.900483 0.73476 0.729303 0.810189 0.732822 0.776611 0.695181
threshold=1.0000000180025095e-35 0.0031500000040978198 0.084749996662139906 0.0042999999132007369 1.0000000180025095e-35 0.0016499999910593035 0.0012500000302679839 1.0000000180025095e-35 0.0045499999541789302 0.0012500000302679839 0.03485000133514405 0.0010500000207684936 0.0010500000207684936 0.0022500000195577745
decision_type=2 2 2 2 2 2 2 2 2 2 2 2 2 2
left_child=1 3 -2 4 5 6 7 8 -1 10 11 12 -7 -11
right_child=2 -3 -4 -5 -6 9 -8 -9 -10 13 -12 -13 -14 -15
leaf_value=-0.014791675620305381 0.0978286421066904 -0.10237352578756481 -0.10618082073605511 0.089001219231482187 -0.12061260852795685 0.083694620702583863 -0.091499140175146931 0.11857279827433174 0.090522116659152899 -0.094528344302814205 -0.11942046038663293 0.1012516608526253 -0.083039417790383568 0.064932074789632074
leaf_weight=12.024976179935051 1.2584393550641824 0.85816816263832052 0.1770645526703446 0.79000002285465498 0.60378230293281276 0.57061458472162463 1.0588567848317314 0.57854573242366392 0.70110867149196643 0.73897359636612214 0.24724929034709919 2.232675485080108 0.54728895798325539 0.43393929186277092
leaf_count=371 123 130 5 66 34 13 39 5 24 15 2 102 5 13
internal_value=0.00124551 -0.00354837 0.0726648 0.000582995 -0.00295588 0.000756786 -0.00993411 -0.00344271 -0.0089897 0.0329443 0.0552684 0.0681592 0.0020671 -0.0355332
internal_weight=22.8217 21.3862 1.4355 20.528 19.738 19.1342 14.3635 13.3046 12.7261 4.77074 3.59783 3.35058 1.1179 1.17291
internal_count=947 819 128 689 623 589 439 400 395 150 122 120 18 28
is_linear=0
shrinkage=0.1


Tree=57
num_leaves=15
num_cat=0
split_feature=97 3 56 43 34 96 79 69 20 95 21 44 44 70
split_gain=0.722994 0.583155 0.866921 0.678028 0.831126 0.589017 0.918896 0.549674 0.672828 0.848184 0.547717 0.505635 0.923774 0.498181
threshold=0.83041000366210949 0.0023500000825151805 0.0041499999351799497 0.0031500000040978198 0.013550000265240671 0.012085000053048136 0.0020500000100582842 0.0078000000212341556 0.0014499999815598132 0.19399499893188479 0.0014499999815598132 0.0020500000100582842 0.01794999931007624 1.0000000180025095e-35
decision_type=2 2 2 2 2 2 2 2 2 2 2 2 2 2
left_child=7 2 11 5 -5 6 -4 8 13 -10 -11 -2 -13 -1
right_child=1 -3 3 4 -6 -7 -8 -9 9 10 -12 12 -14 -15
leaf_value=-0.017086325558101963 0.085958746273954167 0.10221998505965989 0.10517301549476746 0.103314953367016 -0.093203539541673874 -0.090888078001545192 -0.079054799946208343 0.10418084623326146 -0.1057517139616117 0.045237795155395007 -0.069783542074289787 -0.11187659017726709 0.11839634946475418 0.028087188400042165
leaf_weight=7.7046527604106796 1.9438881059177213 0.91201645927503694 0.51662045810371704 0.7851689050439743 0.29646875686012208 1.3157381094060836 0.56886294507421553 0.40165307279676277 1.6198837936390202 0.95845846040174343 0.72879832843318582 0.40419506095349778 0.30617957701906562 3.5736256218515337
leaf_count=329 100 82 12 89 7 20 12 10 159 25 21 6 7 68
internal_value=0.00119737 0.0276086 0.0165209 -0.0162895 0.0494507 -0.0459024 0.00862582 -0.0112251 -0.0144032 -0.0540664 -0.00444484 0.0595739 -0.0126263 -0.00277268
internal_weight=22.0362 7.04914 6.13712 3.48286 1.08164 2.40122 1.08548 14.9871 14.5854 3.30714 1.68726 2.65426 0.710375 11.2783
internal_count=947 335 253 140 96 44 24 612 602 205 46 113 13 397
is_linear=0
shrinkage=0.1


Tree=58
num_leaves=15
num_cat=0
split_feature=92 26 80 49 45 8 26 23 45 73 76 6 29 95
split_gain=0.647127 0.774593 0.841533 0.694577 0.61583 0.576646 0.637597 0.638138 1.00863 0.695244 0.924343 0.67559 0.649291 0.67959
threshold=1.0000000180025095e-35 0.0056499999482184657 0.0041499999351799497 0.0040500001050531873 0.24659999459981921 1.0000000180025095e-35 0.0051500000990927228 1.0000000180025095e-35 0.011200000066310169 0.0022500000195577745 0.0010500000207684936 0.0044499998912215242 0.0017499999958090486 0.041190000250935561
decision_type=2 2 2 2 2 2 2 2 2 2 2 2 2 2
left_child=1 2 5 4 -3 6 7 9 -9 11 -11 12 13 -1
right_child=-2 3 -4 -5 -6 -7 -8 8 -10 10 -12 -13 -14 -15
leaf_value=-0.034523066685102431 0.07094913687362106 -0.10436020313144515 0.092810458112009137 0.072299994690804142 0.04400256181012676 -0.080446897643287163 0.1320614615852426 -0.11058557373463296 0.11940075597470812 0.073493452139424556 -0.057328008411972491 -0.10679196186707905 0.067264608911706505 0.020731251032226682
leaf_weight=4.9080809557344818 1.2498813054990012 1.6782353512244297 1.0057937595993269 0.35378077626228321 0.33574885874986637 0.87402301409747529 0.37370401620864946 1.0329408668912936 0.2338644005358218 2.5986620921175922 0.68180651962757099 0.62929054885171432 1.2572652315720922 4.0732876171823591
leaf_count=151 128 146 85 13 4 134 2 37 2 85 10 16 29 105
internal_value=0.0011387 -0.0032161 0.00398159 -0.0569266 -0.0796268 -0.00138023 0.00299665 -0.000132214 -0.0681279 0.00595592 0.0463038 -0.00622303 -4.18224e-05 -0.00946378
internal_weight=21.2864 20.0365 17.6687 2.36776 2.01398 16.6629 15.7889 15.4152 1.26681 14.1484 3.28047 10.8679 10.2386 8.98137
internal_count=947 819 656 163 150 571 437 435 39 396 95 301 285 256
is_linear=0
shrinkage=0.1


Tree=59
num_leaves=15
num_cat=0
split_feature=97 18 49 64 82 20 94 85 89 45 88 15 70 42
split_gain=0.616789 0.475955 0.726077 0.531172 0.513264 0.674825 0.657375 1.08902 0.728981 0.667844 1.09373 0.950017 1.10249 0.930541
threshold=0.97808000445365917 0.017450000159442428 0.002549999975599349 0.42565001547336584 0.003400000045076013 0.003400000045076013 0.0010500000207684936 0.0040500001050531873 0.0010500000207684936 0.0036499999696388845 0.0050000001210719356 0.0010500000207684936 1.0000000180025095e-35 0.0045499999541789302
decision_type=2 2 2 2 2 2 2 2 2 2 2 2 2 2
left_child=1 2 4 -4 5 6 7 9 -8 11 -11 12 13 -1
right_child=-2 -3 3 -5 -6 -7 8 -9 -10 10 -12 -13 -14 -15
leaf_value=-0.081608927896522687 0.10065942212026396 -0.073401636929325595 0.090129798582821774 -0.11116092303203605 0.066248333799585613 -0.10170993248714662 -0.063120401706648163 0.076162881329200821 0.055386095666454187 0.11353067141958871 -0.08223170304085925 0.031853650527398046 0.025169758796958538 0.076502532880383833
leaf_weight=3.8402250675717493 0.60326112108304997 0.89119345461949606 1.2916990686207999 0.14590313471853722 0.97646156582049926 0.73979719216004092 2.9098305311054005 1.9171466678380955 0.63177818385884155 1.0099856376182277 0.3978119259700178 2.8539335585664958 1.9103803974576292 0.41217970754951228
leaf_count=221 120 83 124 2 28 69 79 48 27 12 17 76 36 5
internal_value=0.00104094 -0.00197466 0.00136908 0.0697007 -0.00421253 -0.0083515 -0.00400313 0.00689495 -0.0419803 -0.00584394 0.0582126 -0.0158452 -0.0379342 -0.0662834
internal_weight=20.5316 19.9283 19.0371 1.4376 17.5995 16.6231 15.8833 12.3417 3.54161 10.4245 1.4078 9.01672 6.16279 4.2524
internal_count=947 827 744 126 618 590 521 415 106 367 29 338 262 226
is_linear=0
shrinkage=0.1


Tree=60
num_leaves=15
num_cat=0
split_feature=89 18 93 31 61 96 96 58 72 67 1 20 70 15
split_gain=0.558057 0.495168 0.599971 0.544586 0.444571 0.75272 0.61486 0.588123 0.583284 0.718834 0.582215 0.553828 0.517951 0.639756
threshold=0.0041499999351799497 0.017450000159442428 0.0013499999768100681 0.025000000372529033 1.0000000180025095e-35 0.014514999929815533 0.013824999798089268 1.0000000180025095e-35 0.0013499999768100681 0.0012500000302679839 1.0000000180025095e-35 0.0010500000207684936 1.0000000180025095e-35 0.0010500000207684936
decision_type=2 2 2 2 2 2 2 2 2 2 2 2 2 2
left_child=1 2 4 -4 5 6 7 8 9 10 11 12 13 -1
right_child=-2 -3 3 -5 -6 -7 -8 -9 -10 -11 -12 -13 -14 -15
leaf_value=-0.019645063793745327 0.10051196717446285 -0.07842029591774953 0.096008766175562421 -0.040479423598725944 0.044738574787348162 -0.029433128695274383 0.11459894993721642 0.10741932274147217 0.10408307626500923 -0.067403149177705596 -0.14025048832910611 -0.10985465003513749 0.11776023573990649 0.090094417770205604
leaf_weight=1.6843085552100241 0.54764355323277314 0.80926242528948833 1.1479028409812588 0.39221610245294858 1.6875288146547962 8.3764070058241469 0.57171396818011988 0.52597906440496434 0.46628413442522276 1.644086437532678 0.23352813720703114 0.28680635057389725 0.61215010844171036 0.77598579972982396
leaf_count=63 148 79 76 14 68 409 5 16 16 29 2 7 10 5
internal_value=0.000974249 -0.00186278 0.00150345 0.0612498 -0.00395269 -0.00936658 0.0153488 0.00623958 -0.00309183 -0.0126346 0.012428 0.0230419 0.0354475 0.0149672
internal_weight=19.7618 19.2142 18.4049 1.54012 16.8648 15.1772 6.80084 6.22913 5.70315 5.23687 3.59278 3.35925 3.07244 2.46029
internal_count=947 799 720 90 630 562 153 148 132 116 87 85 78 68
is_linear=0
shrinkage=0.1


Tree=61
num_leaves=15
num_cat=0
split_feature=97 3 56 89 72 64 79 48 69 20 95 38 3 15
split_gain=0.533591 0.467659 0.694144 0.463674 0.534044 0.492221 0.469645 0.56805 0.452891 0.5609 0.70293 0.438426 0.5392 1.02734
threshold=0.83041000366210949 0.0023500000825151805 0.0041499999351799497 0.0014499999815598132 0.0047000001650303611 0.42565001547336584 0.0012500000302679839 0.0016499999910593035 0.0078000000212341556 0.0014499999815598132 0.19399499893188479 0.0010500000207684936 0.0010500000207684936 0.0010500000207684936
decision_type=2 2 2 2 2 2 2 2 2 2 2 2 2 2
left_child=8 2 -2 4 6 -5 7 -4 9 11 -11 12 13 -1
right_child=1 -3 3 5 -6 -7 -8 -9 -10 10 -12 -13 -14 -15
leaf_value=-0.059359192173636548 0.05772799740493887 0.10179451015878081 0.10430745815319076 0.10212806439385783 0.10426946246514793 -0.11756973952702443 -0.081962629414059782 -0.11258169738698974 0.10274721176865545 -0.1050508482508634 -0.0041517099331468367 -0.071677843297965893 0.023364578039329346 0.055994085750709646
leaf_weight=2.6396489542676105 2.222029488766565 0.71622879290953267 0.34083312586881342 0.51581627293489862 0.23840844864025701 0.1271083652973175 1.5263845338486133 0.18701601028442383 0.34639394190162498 1.3403409707825642 1.4240231085568664 0.8363203885965057 5.6506802595686167 1.0912453222554175
leaf_count=138 113 82 11 89 9 1 27 3 10 159 46 29 214 16
internal_value=0.000965327 0.026076 0.0155611 -0.0163565 -0.0374027 0.0586931 -0.0538447 0.027464 -0.0101007 -0.0131117 -0.0530741 -0.00230028 0.00388438 -0.0256196
internal_weight=19.2025 5.87383 5.1576 2.93557 2.29264 0.642925 2.05423 0.527849 13.3287 12.9823 2.76436 10.2179 9.38157 3.73089
internal_count=947 335 253 140 50 90 41 14 612 602 205 397 368 154
is_linear=0
shrinkage=0.1


Tree=62
num_leaves=15
num_cat=0
split_feature=97 93 8 3 18 40 64 15 26 95 77 96 3 97
split_gain=0.51008 0.577183 0.705398 0.615122 0.598777 0.521583 0.863631 0.801024 1.31405 0.502101 0.50202 0.750901 0.858505 0.626745
threshold=0.56537500023841869 0.0013499999768100681 0.0010500000207684936 0.0039500000420957812 0.0039500000420957812 1.0000000180025095e-35 0.001300000003539026 0.0010500000207684936 0.0019500000635161998 0.0043399999849498281 0.0010500000207684936 0.014514999929815533 1.0000000180025095e-35 0.91494497656822216
decision_type=2 2 2 2 2 2 2 2 2 2 2 2 2 2
left_child=5 3 -3 9 -5 7 -7 8 -1 -2 -11 12 13 -12
right_child=1 2 -4 4 -6 6 -8 -9 -10 10 11 -13 -14 -15
leaf_value=-0.10320185089714969 0.1347063135039267 0.1053441641010807 -0.057259346117734006 0.09025392184306899 -0.092656129894699429 -0.066156987400168399 0.10657621878729995 0.090037701215524582 0.063564104097290269 -0.056069314816997777 -0.056715094261749477 -0.022958117456965677 0.11079469324889848 0.060968008169829814
leaf_weight=1.0303632649593084 0.25050881505012412 1.2101974186953146 0.34224150096997608 1.2670634733512987 0.2084124560933559 3.0060173920355742 0.32029334129765619 0.84989263862371434 0.87268187606241543 1.8057654621079544 0.94710151478648208 4.4995676677208394 1.1222972332034258 0.86665006540715694
leaf_count=127 1 182 12 42 9 269 7 12 53 31 16 115 32 39
internal_value=0.000888504 0.0124283 0.0694976 0.00435016 0.0644177 -0.022877 -0.0495244 0.00932031 -0.0267278 -0.0049871 -0.0087738 0.00271208 0.0420523 -0.000483541
internal_weight=18.5991 12.5198 1.55244 10.9674 1.47548 6.07925 3.32631 2.75294 1.90305 9.49189 9.24138 7.43562 2.93605 1.81375
internal_count=947 479 194 285 51 468 276 192 180 234 233 202 87 55
is_linear=0
shrinkage=0.1


Tree=63
num_leaves=15
num_cat=0
split_feature=77 34 33 26 61 96 26 70 65 78 63 15 65 96
split_gain=0.48281 0.556632 0.718874 0.543534 0.55945 0.50643 0.572174 0.782008 0.615216 0.609055 0.484103 0.474963 0.817043 0.469804
threshold=0.044949999079108245 0.013550000265240671 0.003249999950639904 0.0056499999482184657 1.0000000180025095e-35 0.014514999929815533 0.0018500000005587938 0.0016499999910593035 0.0016499999910593035 0.0024500000290572648 0.003249999950639904 0.003249999950639904 0.0041499999351799497 0.013824999798089268
decision_type=2 2 2 2 2 2 2 2 2 2 2 2 2 2
left_child=3 -2 -3 4 5 13 7 9 -9 10 11 -7 -13 -1
right_child=1 2 -4 -5 -6 6 -8 8 -10 -11 -12 12 -14 -15
leaf_value=0.0078934609299476273 0.096722657915492477 -0.083882532092942788 0.058205999675944177 -0.060044320853697576 0.075613533043733694 -0.10271644306615857 0.037804128319950739 -0.076838439058384833 0.066982003007753935 0.054952202373299064 0.11236217724505018 0.090853220627622244 -0.10934980493354879 0.11136062787943751
leaf_weight=5.6989266504533589 1.0567518617026501 0.59044697205536045 0.89701539347879589 1.6490786329377431 0.92979366460349488 2.5841412061126916 1.2217408666620029 0.4197885802714153 1.0204382089432327 0.40606364014092822 0.13360540848225344 0.38445240375585843 0.4339249252807349 0.47545839950907964
leaf_count=172 165 22 32 160 44 194 63 13 36 15 2 13 9 7
internal_value=0.000880796 0.041229 0.00180407 -0.00580356 0.00072147 -0.00472783 -0.0239768 -0.0380003 0.0250621 -0.0610393 -0.074359 -0.0816909 -0.0152996 0.0158609
internal_weight=17.9016 2.54421 1.48746 15.3574 13.7083 12.7785 6.60416 5.38241 1.44023 3.94219 3.53612 3.40252 0.818377 6.17439
internal_count=947 219 54 728 568 524 345 282 49 233 218 216 22 179
is_linear=0
shrinkage=0.1


Tree=64
num_leaves=15
num_cat=0
split_feature=71 26 23 80 96 26 23 45 73 76 34 6 29 96
split_gain=0.451087 0.542849 0.538379 0.531055 0.491304 0.439865 0.469766 0.709583 0.484072 0.635086 0.568947 0.495869 0.486778 0.478467
threshold=0.0010500000207684936 0.0056499999482184657 0.0042000000830739745 0.0041499999351799497 0.53158000111579906 0.0051500000990927228 1.0000000180025095e-35 0.011200000066310169 0.0022500000195577745 0.0010500000207684936 0.0024500000290572648 0.0044499998912215242 0.0011500000255182388 0.0029499999945983295
decision_type=2 2 2 2 2 2 2 2 2 2 2 2 2 2
left_child=1 3 -3 5 -4 6 8 -8 11 10 -10 12 13 -1
right_child=-2 2 4 -5 -6 -7 7 -9 9 -11 -12 -13 -14 -15
leaf_value=0.045739636169344358 0.070201278934339542 -0.094585776648972497 0.074425760351843395 0.090242618998181257 -0.10312922629900267 0.10912043373999476 -0.097678032720780905 0.11476691607988002 0.093869411852755699 -0.05716878354624895 -0.02029530068994646 -0.10037147865233492 0.057841160931911606 -0.02236724402007546
leaf_weight=1.2226631226949392 0.88831677299458434 1.1839050879934792 0.47206547344103444 0.67457916494458992 0.23264442244544625 0.35582071077078659 0.98898995085619279 0.18693872541189194 1.6144847914110867 0.5488680014386772 0.59828881034627546 0.55259283282794136 1.154562472249381 6.5974467380438
leaf_count=36 171 123 15 48 30 6 93 2 55 10 23 29 37 269
internal_value=0.000797872 -0.00296511 -0.0533932 0.00360527 0.0158099 -0.000623457 -0.00352354 -0.0639054 0.00225442 0.0391181 0.0630016 -0.00843116 -0.00277016 -0.0117188
internal_weight=17.2722 16.3839 1.88861 14.4952 0.70471 13.8207 13.4648 1.17593 12.2889 2.76164 2.21277 9.52727 8.97467 7.82011
internal_count=947 776 168 608 45 560 554 95 459 88 78 371 342 305
is_linear=0
shrinkage=0.1


Tree=65
num_leaves=15
num_cat=0
split_feature=97 97 51 18 93 31 61 31 31 23 1 70 56 70
split_gain=0.422145 0.376079 0.369721 0.407497 0.407464 0.443178 0.349384 0.43362 0.667143 0.552769 0.449496 0.64893 0.770382 0.510686
threshold=0.97808000445365917 0.098529998213052764 0.0027499999850988392 0.017450000159442428 0.0014499999815598132 0.025000000372529033 1.0000000180025095e-35 0.0015499999863095584 0.059350000694394119 1.0000000180025095e-35 1.0000000180025095e-35 0.0016499999910593035 0.0020500000100582842 1.0000000180025095e-35
decision_type=2 2 2 2 2 2 2 2 2 2 2 2 2 2
left_child=1 -1 3 4 6 -6 7 9 -9 10 11 12 13 -3
right_child=-2 2 -4 -5 5 -7 -8 8 -10 -11 -12 -13 -14 -15
leaf_value=-0.1015687144056497 0.10055259738475215 0.0054612772145577332 0.086192834369771196 -0.090535952853606869 0.093714758187381397 -0.045523070932439486 0.042822833906483074 -0.071931848730985098 0.054147440143735362 -0.1085972580276621 -0.094558054140966422 0.05424806142453819 -0.05546102792308151 0.11277008565611349
leaf_weight=0.36914179229643806 0.41331677581183512 3.8217847279738546 0.48838304425589818 0.5049115386791535 0.87107906874734797 0.30992599728051573 1.4265639355871815 2.0408464694628488 0.52834539185278107 0.44594576943200159 0.42941215320024717 2.4300496781943366 2.1387643155176193 0.501709141768515
leaf_count=140 120 106 36 41 83 15 69 138 24 24 24 78 44 5
internal_value=0.000747231 -0.00178245 0.000528746 -0.00217926 0.000805955 0.0571752 -0.00403095 -0.00944885 -0.0460041 0.000166279 0.00536946 0.010195 -0.0063706 0.0179137
internal_weight=16.7202 16.3069 15.9377 15.4493 14.9444 1.18101 13.7634 12.3369 2.56919 9.76767 9.32172 8.89231 6.46226 4.32349
internal_count=947 827 687 651 610 98 512 443 162 281 257 233 155 111
is_linear=0
shrinkage=0.1


Tree=66
num_leaves=15
num_cat=0
split_feature=97 88 43 16 73 20 89 65 15 93 65 26 3 15
split_gain=0.424339 0.402375 0.54312 0.437335 0.364839 0.413324 0.60988 0.404067 0.823128 0.751711 0.579941 0.56114 0.614219 0.501812
threshold=0.85526502132415783 0.0018500000005587938 0.0029499999945983295 0.012950000353157522 0.035850001499056823 0.0014499999815598132 0.0010500000207684936 0.0011500000255182388 0.0010500000207684936 0.0015499999863095584 0.0085499999113380926 0.0056499999482184657 1.0000000180025095e-35 0.0012500000302679839
decision_type=2 2 2 2 2 2 2 2 2 2 2 2 2 2
left_child=4 -2 -3 -4 5 7 -7 8 9 -1 11 12 -9 -10
right_child=1 2 3 -5 -6 6 -8 10 13 -11 -12 -13 -14 -15
leaf_value=-0.069304601763136658 0.098391282293692622 -0.011622743070522518 0.10218486758136502 -0.10504176570447102 0.062741441786528282 -0.071511278740368361 0.1044108440275891 -0.024021008974927836 0.12937727841529148 0.080579412802482708 -0.038057908159291637 -0.062495459809054243 0.077572141585857735 -0.0084367593929101925
leaf_weight=2.8507681782357381 0.69071368000004385 2.3371408960083504 0.85281695937737811 0.11565184232313186 0.67760552139952857 1.871077964489815 0.22026004549115885 0.79543647193349976 0.45226926356554009 0.37910943874157954 1.4620453582610933 0.49529815651476372 2.3629479802912101 0.63542384817264974
leaf_count=202 68 77 166 4 26 192 8 30 3 12 53 34 57 15
internal_value=0.000693038 0.0289749 0.0144702 0.0774384 -0.00856947 -0.0127623 -0.0529831 -0.00384542 -0.0263737 -0.0517118 0.015168 0.0364667 0.051986 0.0488671
internal_weight=16.1986 3.99632 3.30561 0.968469 12.2022 11.5246 2.09134 9.4333 4.31757 3.22988 5.11573 3.65368 3.15838 1.08769
internal_count=947 315 247 170 632 606 200 406 232 214 174 121 87 18
is_linear=0
shrinkage=0.1


Tree=67
num_leaves=15
num_cat=0
split_feature=92 26 80 49 26 45 23 61 70 48 97 70 72 70
split_gain=0.391294 0.484183 0.502696 0.459958 0.420482 0.367664 0.367277 0.448875 0.445806 0.581915 0.497003 0.476407 0.47627 0.431252
threshold=1.0000000180025095e-35 0.0056499999482184657 0.0041499999351799497 0.0040500001050531873 0.084749996662139906 0.24659999459981921 0.0039500000420957812 1.0000000180025095e-35 0.0016499999910593035 0.002549999975599349 0.71879500150680553 0.0022500000195577745 0.0027499999850988392 1.0000000180025095e-35
decision_type=2 2 2 2 2 2 2 2 2 2 2 2 2 2
left_child=1 2 6 5 -2 -3 7 8 9 12 11 -10 13 -1
right_child=4 3 -4 -5 -6 -7 -8 -9 10 -11 -12 -13 -14 -15
leaf_value=-0.0076122907975079909 0.096431310340250168 -0.10281967760382707 0.089282873426256487 0.069292317092063266 -0.10424118658042798 0.035791013373839331 -0.10690423028615742 0.083696907771569337 0.078338206168671862 -0.089208518777248613 0.073474735319445997 -0.041340821960457644 -0.10429939170357019 0.0721158495584035
leaf_weight=6.436547262244849 0.71590900607407171 1.1001073163934041 0.64500173798296678 0.24929302546661336 0.12224729498848319 0.23166018351912487 0.32053571095457378 0.63065367436502207 0.46373459149617824 0.93172772543039162 1.4091787911020217 1.1763675863621754 0.45874122017994512 0.75836928072385479
leaf_count=301 123 146 85 13 5 4 37 28 13 27 91 35 19 20
internal_value=0.000691027 -0.00307038 0.00317961 -0.0553725 0.0671627 -0.0787084 -0.00123302 0.00152854 -0.00292537 -0.0145912 0.0299202 -0.00750189 -0.00550754 0.000791333
internal_weight=15.6501 14.8119 13.2309 1.58106 0.838156 1.33177 12.5859 12.2653 11.6347 8.58539 3.04928 1.6401 7.65366 7.19492
internal_count=947 819 656 163 128 150 571 534 506 367 139 48 340 321
is_linear=0
shrinkage=0.1


Tree=68
num_leaves=15
num_cat=0
split_feature=92 8 26 58 1 38 42 70 45 88 34 96 15 77
split_gain=0.348769 0.435808 0.375803 0.320185 0.482347 0.423361 0.540159 0.42968 0.493305 0.621623 0.612367 0.566782 0.614196 0.632467
threshold=1.0000000180025095e-35 0.0031500000040978198 0.084749996662139906 0.005099999951198698 1.0000000180025095e-35 0.003249999950639904 0.0017499999958090486 0.0016499999910593035 0.0036499999696388845 0.0050000001210719356 0.01814999990165234 0.014514999929815533 0.0010500000207684936 0.0016499999910593035
decision_type=2 2 2 2 2 2 2 2 2 2 2 2 2 2
left_child=1 3 -2 4 5 6 7 8 10 -10 11 12 13 -1
right_child=2 -3 -4 -5 -6 -7 -8 -9 9 -11 -12 -13 -14 -15
leaf_value=-0.070588619295669619 0.095099446934473711 -0.10131558548200015 -0.10382262415540744 0.087095946624637488 -0.11145142097388737 -0.063063715231924833 0.060910553777226852 0.036911726755972846 0.10236089436985146 -0.073189729567160772 0.083377108162156766 -0.062147845866600798 0.06737145404541707 0.021897551847788674
leaf_weight=1.5445012282580055 0.65640634635929096 0.43604812026023942 0.11103712522890419 0.41159695980604816 0.39403529063565734 0.96088338515255678 1.5558289278997097 2.2220312135759732 0.72178627282846697 0.27993829036131501 0.51785425352863956 2.9853733839117922 0.91619979217648495 1.4184899351093916
leaf_count=62 123 130 5 59 36 42 117 74 12 15 23 205 9 35
internal_value=0.000636936 -0.00287218 0.0663185 0.000209705 -0.00243602 0.000837334 0.00588596 -0.00218564 -0.0125475 0.0533022 -0.0214827 -0.0293932 -0.00418568 -0.0263122
internal_weight=15.132 14.3646 0.767443 13.9285 13.5169 13.1229 12.162 10.6062 8.38414 1.00172 7.38242 6.86456 3.87919 2.96299
internal_count=947 819 128 689 630 594 552 435 361 27 334 311 106 97
is_linear=0
shrinkage=0.1


Tree=69
num_leaves=15
num_cat=0
split_feature=97 3 93 8 95 40 70 97 15 85 51 42 85 70
split_gain=0.332947 0.399326 0.411214 0.695511 0.411248 0.38925 0.657184 0.724945 0.593483 0.940348 0.367928 0.345733 0.343618 0.339641
threshold=0.56537500023841869 0.002650000038556755 0.0013499999768100681 0.0010500000207684936 0.0043399999849498281 1.0000000180025095e-35 0.0010500000207684936 0.45115000009536749 0.0010500000207684936 0.0043500000610947618 0.0011500000255182388 0.0053999999072402724 0.061599999666213996 0.0018500000005587938
decision_type=2 2 2 2 2 2 2 2 2 2 2 2 2 2
left_child=5 2 4 -4 -2 8 12 -8 9 13 11 -6 -7 -1
right_child=1 -3 3 -5 10 6 7 -9 -10 -11 -12 -13 -14 -15
leaf_value=-0.10247497289020935 0.12748360180885571 0.054248762970831033 0.1042141066055725 -0.10786047122152086 -0.021821812669616646 -0.10207075161790287 -0.093984588932686131 0.079863509943718158 0.082667917370319297 0.090298228400933073 0.090426761209755069 0.076869957860860205 0.10290146086603361 0.084596764336573857
leaf_weight=0.88934822147712222 0.22149066627025416 1.7568799750879396 0.78577048797160376 0.1925327405333519 6.2094131581252441 1.4131200521369467 0.38660613173851721 0.63194485474377871 0.73660373594611872 0.46350167109631002 0.3404728837776928 0.37648077600169916 0.086811845656484254 0.1089399962220341
leaf_count=166 1 114 156 3 175 209 48 15 12 11 12 18 4 3
internal_value=0.000585622 0.0110183 0.00167181 0.0624773 -0.00665043 -0.0212734 -0.0481126 0.0138769 0.0094737 -0.0274093 -0.0109398 -0.0161801 -0.0902075 -0.0820604
internal_weight=14.5999 9.88304 8.12616 0.978303 7.14786 4.71688 2.51848 1.01855 2.19839 1.46179 6.92637 6.58589 1.49993 0.998288
internal_count=947 479 365 159 206 468 276 63 192 180 205 193 213 169
is_linear=0
shrinkage=0.1


Tree=70
num_leaves=15
num_cat=0
split_feature=97 96 43 55 16 73 20 86 28 29 3 95 67 65
split_gain=0.332403 0.380972 0.521154 0.414138 0.389135 0.281942 0.350859 0.490227 0.317482 0.549412 0.430393 0.637595 0.624787 0.509596
threshold=0.85526502132415783 0.0058399999979883441 0.0028499999316409235 0.0013499999768100681 0.012950000353157522 0.035850001499056823 0.0014499999815598132 0.0012500000302679839 0.0099499998614192026 0.0011500000255182388 0.0010500000207684936 0.0033449999755248432 0.0031500000040978198 0.0011500000255182388
decision_type=2 2 2 2 2 2 2 2 2 2 2 2 2 2
left_child=5 -2 3 -3 -4 6 8 -8 9 10 11 -1 -13 -12
right_child=1 2 4 -5 -6 -7 7 -9 -10 -11 13 12 -14 -15
leaf_value=0.046168565215487109 0.085468802676641725 -0.038177857669278836 0.10226743147839999 0.10151898472528885 -0.10310051470512756 0.059708960848279508 -0.081437224196408517 0.045987939900570658 -0.082243601509457864 0.07269607790433584 -0.032995318096949791 -0.090244205516285703 0.044698147059315047 0.041549712774694943
leaf_weight=0.68697394715854398 0.84788559592561918 1.6463863345561551 0.7083499512518755 0.24361356219742436 0.10608218447305262 0.57461435941513705 1.3557947208755656 0.38840983912814397 0.48390161443967361 0.94472323893569399 1.485083550331183 1.7764854506822305 0.42524343729019154 2.3974981218343601
leaf_count=57 77 49 163 22 4 26 183 17 33 23 105 85 15 88
internal_value=0.000533606 0.0269817 0.00864503 -0.0201715 0.0755177 -0.00839828 -0.0123338 -0.0530614 -0.00367064 0.00125698 -0.00871013 -0.0379386 -0.0641813 0.0130363
internal_weight=14.071 3.55232 2.70443 1.89 0.814432 10.5187 9.94411 1.7442 8.19991 7.71601 6.77128 2.8887 2.20173 3.88258
internal_count=947 315 238 71 167 632 606 200 406 373 350 157 100 193
is_linear=0
shrinkage=0.1


Tree=71
num_leaves=15
num_cat=0
split_feature=97 93 8 3 18 95 77 96 3 97 65 40 96 67
split_gain=0.296075 0.348077 0.421448 0.361582 0.366562 0.331108 0.330927 0.441608 0.678524 0.428333 0.598306 0.591295 0.356471 0.335171
threshold=0.56537500023841869 0.0013499999768100681 0.0010500000207684936 0.0039500000420957812 0.0039500000420957812 0.0043399999849498281 0.0010500000207684936 0.014514999929815533 1.0000000180025095e-35 0.91494497656822216 0.044649999588727958 1.0000000180025095e-35 0.0066299999598413714 0.0030500000575557355
decision_type=2 2 2 2 2 2 2 2 2 2 2 2 2 2
left_child=-1 3 -3 5 -5 -2 12 8 9 11 -11 -8 -7 -9
right_child=1 2 -4 4 -6 6 7 13 -10 10 -12 -13 -14 -15
leaf_value=-0.021366071858112623 0.12310242367637912 0.10383659937488919 -0.046988695891417631 0.084173204469754931 -0.09150948181531357 0.017837400886874501 -0.10815570958880022 -0.057630123196008104 0.10781156051979113 0.10418275203489483 -0.11389971153802857 0.082907960458852972 -0.08589347958953425 0.0068088893478279334
leaf_weight=4.2559821754693994 0.19967086613177887 0.74682047497481185 0.24638850952032954 0.86618842976167776 0.13763723650481552 0.50742124859243609 0.57167129032313846 1.382402523653582 0.85322932933922846 0.53714429470710456 0.16427370626479387 0.22601229138672352 0.95441983221098781 1.9398388789268208
leaf_count=468 1 182 12 42 9 13 10 45 32 37 2 6 18 70
internal_value=0.000492365 0.01046 0.0664209 0.00379556 0.0600849 -0.00390674 -0.00746035 0.00346938 0.036622 -0.00389624 0.0531073 -0.0540205 -0.0498873 -0.0200045
internal_weight=13.5891 9.33312 0.993209 8.33991 1.00383 7.33608 7.13641 5.67457 2.35233 1.4991 0.701418 0.797684 1.46184 3.32224
internal_count=947 479 194 285 51 234 233 202 87 55 39 16 31 115
is_linear=0
shrinkage=0.1


Tree=72
num_leaves=15
num_cat=0
split_feature=97 51 26 23 61 20 97 89 38 42 70 79 97 16
split_gain=0.289583 0.256714 0.28709 0.378823 0.36435 0.294105 0.406584 0.367568 0.300561 0.52959 0.549378 0.53969 0.447367 0.460029
threshold=0.098529998213052764 0.0027499999850988392 0.0056499999482184657 0.0042000000830739745 1.0000000180025095e-35 0.0014499999815598132 0.78644001483917247 0.0010500000207684936 0.003249999950639904 0.0016499999910593035 0.0031500000040978198 0.0020500000100582842 0.90740999579429638 1.0000000180025095e-35
decision_type=2 2 2 2 2 2 2 2 2 2 2 2 2 2
left_child=-1 2 4 -4 5 8 7 -7 9 10 11 12 13 -2
right_child=1 -3 3 -5 -6 6 -8 -9 -10 -11 -12 -13 -14 -15
leaf_value=-0.10182136240305323 -0.020927371927582955 0.084059737168753562 -0.079416904538504862 0.027606260798491478 0.070763014328739091 -0.098227317498027322 0.1017849641847669 0.10501354764616272 -0.073199967693533055 0.079928448862770562 0.074477036055271076 -0.084007762806589281 0.087016478552643481 0.051467541156379117
leaf_weight=0.27083306643180627 4.3703374093165515 0.37615785608068186 0.93718628253554992 0.51110611943295226 0.79855903022689823 0.79199556179810382 0.15151327371131629 0.10024817148223519 0.4517408499959864 0.9747734548873267 0.91587802238063876 0.82183199812425289 0.56584087433293451 1.0983392938505856
leaf_count=140 138 54 109 29 97 87 12 3 30 98 46 29 29 46
internal_value=0.000510753 0.00266496 0.000213485 -0.0416482 0.00570462 0.000632321 -0.0496729 -0.0753922 0.00634032 0.0104482 0.00173415 -0.00798291 0.0023708 -0.00638744
internal_weight=13.1363 12.8655 12.4894 1.44829 11.0411 10.2425 1.04376 0.892244 9.19874 8.747 7.77223 6.85635 6.03452 5.46868
internal_count=947 807 753 138 615 518 102 90 416 386 288 242 213 184
is_linear=0
shrinkage=0.1


Tree=73
num_leaves=15
num_cat=0
split_feature=77 88 83 82 89 65 8 77 3 95 31 58 95 15
split_gain=0.269381 0.351142 0.337696 0.436726 0.349277 0.39196 0.311569 0.316064 0.335931 0.665163 0.458989 0.423978 0.423211 0.39276
threshold=0.044949999079108245 0.25824999809265142 0.0015499999863095584 0.003400000045076013 0.0010500000207684936 0.036250000819563873 0.0011500000255182388 0.015549999661743643 0.0014499999815598132 0.01465500006452203 1.0000000180025095e-35 1.0000000180025095e-35 0.0039400000823661694 0.0010500000207684936
decision_type=2 2 2 2 2 2 2 2 2 2 2 2 2 2
left_child=2 -2 4 -4 5 6 7 8 10 -10 11 12 13 -1
right_child=1 -3 3 -5 -6 -7 -8 -9 9 -11 -12 -13 -14 -15
leaf_value=-0.012944565362817082 0.067524808112983933 -0.034689527373627675 -0.083832861562322003 0.075883332716528265 0.097262910273089379 -0.099599151809974362 -0.083323744737853575 0.087171022579205309 -0.082418875750986692 0.041386162890620241 -0.08569141891907682 0.10006479887629643 -0.03278888054740195 0.1248985843217042
leaf_weight=0.4609638059628115 1.1730958897969692 0.47104865894652892 0.97212532314006128 0.20779888180550188 0.36234355153283182 0.40044832706917155 0.41345937363803464 0.44961217162199396 0.5048244908684868 3.091528873948846 0.79861750360578287 0.36559751955792297 2.638771278783679 0.37475989758968353
leaf_count=39 172 47 88 14 56 17 175 28 32 108 57 12 100 2
internal_value=0.000477049 0.0382403 -0.00514646 -0.0557049 0.000903193 -0.00277265 0.0014891 0.00552686 0.00106931 0.0240075 -0.0167145 -0.00236945 -0.0131479 0.0488678
internal_weight=12.685 1.64414 11.0409 1.17992 9.86093 9.49858 9.09813 8.68468 8.23506 3.59635 4.63871 3.84009 3.47449 0.835724
internal_count=947 219 728 102 626 570 553 378 350 140 210 153 141 41
is_linear=0
shrinkage=0.1


Tree=74
num_leaves=15
num_cat=0
split_feature=89 18 51 36 28 29 6 6 67 81 52 11 18 59
split_gain=0.254544 0.259798 0.281676 0.228143 0.278739 0.30102 0.310198 0.286341 0.488917 0.487148 0.395607 0.343295 0.308416 0.305756
threshold=0.0041499999351799497 0.017450000159442428 0.0019500000635161998 0.025000000372529033 0.0099499998614192026 0.0011500000255182388 0.0055499998852610597 1.0000000180025095e-35 0.013900000136345627 1.0000000180025095e-35 0.0010500000207684936 0.0020500000100582842 0.0018500000005587938 0.0010500000207684936
decision_type=2 2 2 2 2 2 2 2 2 2 2 2 2 2
left_child=1 2 3 4 5 7 -7 9 12 10 11 13 -9 -1
right_child=-2 -3 -4 -5 -6 6 -8 8 -10 -11 -12 -13 -14 -15
leaf_value=0.014070108171016489 0.10073181467641135 -0.077535005062636053 0.098929630637326946 0.10034302826457586 -0.072636924580457868 0.08069882659861316 -0.045399104239826897 -0.080838872742081971 0.10312748360988273 0.10325334450622876 -0.1046116915556308 -0.088252259981826509 0.029801002482530661 -0.068471745902875844
leaf_weight=5.9277403345331461 0.24798179825302291 0.43452659258036952 0.28773764357902187 0.21674487215932536 0.55022083304356861 0.81655417365254723 0.25632371712708846 1.3051489632925948 0.208773978287354 0.45738621079362918 0.3650109905283897 0.39482737437356252 0.31222141673788417 0.48553142405580718
leaf_count=313 148 79 41 27 33 25 39 88 17 31 18 39 36 13
internal_value=0.00044671 -0.00162246 0.00122503 -0.00126365 -0.0032513 0.000374449 0.0505725 -0.00532063 -0.0408905 0.00319201 -0.0031883 0.00224943 -0.0594807 0.00782109
internal_weight=12.2667 12.0187 11.5842 11.2965 11.0797 10.5295 1.07288 9.45664 1.82614 7.6305 7.17311 6.8081 1.61737 6.41327
internal_count=947 799 720 679 652 619 64 555 141 414 383 365 124 326
is_linear=0
shrinkage=0.1


Tree=75
num_leaves=15
num_cat=0
split_feature=97 71 26 23 26 23 80 70 96 3 40 70 56 55
split_gain=0.246176 0.227003 0.299787 0.314509 0.284675 0.27398 0.292679 0.32018 0.360881 0.34781 0.3339 0.409908 0.325284 0.301906
threshold=0.098529998213052764 0.0010500000207684936 0.0056499999482184657 0.0042000000830739745 0.0051500000990927228 0.0039500000420957812 0.0035500000230968003 1.0000000180025095e-35 0.0066299999598413714 0.0019500000635161998 0.0012500000302679839 0.0031500000040978198 0.0023500000825151805 0.0010500000207684936
decision_type=2 2 2 2 2 2 2 2 2 2 2 2 2 2
left_child=-1 2 4 -4 5 6 7 -2 -9 10 11 12 13 -10
right_child=1 -3 3 -5 -6 -7 -8 8 9 -11 -12 -13 -14 -15
leaf_value=-0.10172877283670795 -0.013953213979001518 0.067801083684437588 -0.091492635814702683 0.018297234697507804 0.10301874313871917 -0.1034301435419247 0.08315553394201862 0.11024540050942691 -0.055452908790172895 0.061552129783645798 -0.099081139542929908 0.08552569581318295 -0.066499718200564384 0.10495373655155152
leaf_weight=0.2313479092554197 5.6190548648009901 0.50827546609798524 0.68846660869894616 0.42015379393706098 0.28730873879976648 0.24030754656996656 0.45271549018798474 0.43192307860590551 0.19818989466875858 0.97760083858156566 0.35535909445025016 0.48178020701743651 0.71603704686276615 0.28760845772922039
leaf_count=140 273 171 105 27 6 16 53 20 6 65 11 28 19 7
internal_value=0.000418224 0.00244411 -0.000533468 -0.0498836 0.00491151 0.00202367 0.0046855 0.000767725 0.0247543 0.0125134 -0.0109985 0.00759301 -0.0236479 0.0395131
internal_weight=11.8961 11.6648 11.1565 1.10862 10.0479 9.76058 9.52027 9.06755 3.4485 3.01658 2.03897 1.68362 1.20184 0.485798
internal_count=947 807 636 132 504 498 482 429 156 136 71 60 32 13
is_linear=0
shrinkage=0.1


Tree=76
num_leaves=15
num_cat=0
split_feature=92 8 26 38 95 83 82 97 20 95 95 3 15 70
split_gain=0.225989 0.291987 0.271973 0.228975 0.377365 0.341212 0.359397 0.457841 0.267965 0.361415 0.522791 0.51299 0.461211 0.610433
threshold=1.0000000180025095e-35 0.0031500000040978198 0.084749996662139906 0.003249999950639904 0.2967399954795838 1.0000000180025095e-35 0.0015499999863095584 0.89771500229835521 0.0014499999815598132 0.01465500006452203 0.0045449999161064633 0.0011500000255182388 0.0010500000207684936 1.0000000180025095e-35
decision_type=2 2 2 2 2 2 2 2 2 2 2 2 2 2
left_child=1 3 -2 4 5 6 7 8 9 10 12 -11 13 -1
right_child=2 -3 -4 -5 -6 -7 -8 -9 -10 11 -12 -13 -14 -15
leaf_value=-0.10408211097275369 0.093773043332010642 -0.10101305054033832 -0.10306499031456157 -0.050653380355383186 0.050596397452733755 -0.084157953703010574 -0.076316023566840419 0.082612543627771096 -0.059084884051207633 -0.019848955827669948 -0.080438698741444076 0.054620317542266233 0.091496419933581347 0.11866017046937774
leaf_weight=0.42254528176271777 0.45724311057711098 0.29399256361648518 0.082925976137630641 0.8236409517121509 1.4903491276781995 0.49954076856374729 0.55781213333830226 0.72109445888781909 0.71569343024748366 1.5719676524749959 0.98992957751033817 2.2476813378743827 0.49321787047665566 0.17357857525348663
leaf_count=71 123 130 5 60 142 45 18 47 96 66 57 78 8 1
internal_value=0.000405279 -0.00269546 0.0635548 4.12648e-06 0.00422571 -0.0040083 0.00106396 0.00694799 -0.00130061 0.00571014 -0.0278384 0.0239727 0.0199617 -0.0392243
internal_weight=11.5412 11.001 0.540169 10.7071 9.88341 8.39306 7.89352 7.33571 6.61461 5.89892 2.07927 3.81965 1.08934 0.596124
internal_count=947 819 128 689 629 487 442 424 377 281 137 144 80 72
is_linear=0
shrinkage=0.1


Tree=77
num_leaves=15
num_cat=0
split_feature=89 81 26 42 58 6 26 16 55 91 16 45 70 97
split_gain=0.2182 0.284816 0.220585 0.311425 0.302881 0.329407 0.298896 0.381927 0.389323 0.416716 0.358725 0.333592 0.508254 0.445807
threshold=0.0019500000635161998 0.078649997711181655 0.0056499999482184657 0.0036499999696388845 0.0028499999316409235 0.0039500000420957812 0.0051500000990927228 0.0018500000005587938 0.0014499999815598132 1.0000000180025095e-35 0.36614999175071722 0.0036499999696388845 1.0000000180025095e-35 0.96963998675346386
decision_type=2 2 2 2 2 2 2 2 2 2 2 2 2 2
left_child=2 -2 3 4 5 6 7 8 9 11 -9 12 13 -1
right_child=1 -3 -4 -5 -6 -7 -8 10 -10 -11 -12 -13 -14 -15
leaf_value=-0.049400568722726051 0.098034542319848914 -0.057463504973473273 -0.043967278294872847 0.08174065521536987 0.093173439695368787 -0.09509341467865759 0.10797536256048344 -0.070807561689355258 0.082164772889282658 0.096767085710123754 0.1112556269001209 0.061157207375521008 0.027465887757461307 0.10406048724709505
leaf_weight=3.1694886540353697 0.45906350482255298 0.15844833105802536 1.1697367523738638 0.46645155135775063 0.32164766971254799 0.39303308250964697 0.24257509410381306 1.1848270247573962 0.59556060220347706 0.39439247793052334 0.11910117417573918 0.59612716105766583 1.6525363523978738 0.20132400165311981
leaf_count=239 165 28 171 43 33 42 4 85 29 14 1 15 53 25
internal_value=0.000364854 0.0581351 -0.00303045 0.00209807 -0.00208985 -0.00567405 -0.00136495 -0.00471665 0.00504121 -0.00259643 -0.0541779 -0.00957008 -0.0179634 -0.040235
internal_weight=11.1243 0.617512 10.5068 9.33706 8.87061 8.54897 8.15593 7.91336 6.60943 6.01387 1.30393 5.61948 5.02335 3.37081
internal_count=947 193 754 583 540 507 465 461 375 346 86 332 317 264
is_linear=0
shrinkage=0.1


Tree=78
num_leaves=15
num_cat=0
split_feature=97 34 91 44 95 88 95 31 20 89 1 70 96 67
split_gain=0.213245 0.349777 0.219514 0.214199 0.22014 0.347468 0.407702 0.441426 0.37398 0.365494 0.318858 0.393924 0.313311 0.395394
threshold=0.32327999174594885 0.33649998903274542 1.0000000180025095e-35 0.24405000358819964 0.3829800039529801 0.0057500000111758718 0.089839998632669463 0.0015499999863095584 0.0014499999815598132 0.0012500000302679839 1.0000000180025095e-35 1.0000000180025095e-35 0.014514999929815533 0.0036499999696388845
decision_type=2 2 2 2 2 2 2 2 2 2 2 2 2 2
left_child=1 2 -1 4 5 6 7 8 10 12 11 -2 13 -7
right_child=3 -3 -4 -5 -6 9 -8 -9 -10 -11 -12 -13 -14 -15
leaf_value=-0.10098133136382953 0.0032088667373936968 0.086876874248848213 0.030292673862902131 -0.098470125264786254 0.041688508219387486 0.10475376702802253 0.07442771127824499 -0.10357014272167427 -0.10424725912533316 0.10210703976156035 -0.11541882756763722 0.071409096805442884 -0.07117267615217239 -0.056315172690898196
leaf_weight=0.60928122280165631 2.9161707188468373 0.16505309869535267 0.16105130623327568 0.19701373431598845 1.5264739453850786 0.27042940561659712 0.91435836884193111 0.36842020251788188 0.268517167540267 0.18299233820289362 0.1734030283987521 1.1935492694610728 1.4276663861237464 0.34921935433521867
leaf_count=301 81 5 22 12 261 10 49 27 20 26 2 40 81 10
internal_value=0.000386298 -0.0452306 -0.0735362 0.00474556 0.00686572 0.000274543 0.0131081 0.00171225 0.0102341 -0.0332976 0.0174111 0.0230157 -0.0454003 0.0139791
internal_weight=10.7236 0.935386 0.770333 9.78821 9.5912 8.06473 5.83442 4.92006 4.55164 2.23031 4.28312 4.10972 2.04732 0.619649
internal_count=947 328 323 619 607 346 219 170 143 127 123 121 101 20
is_linear=0
shrinkage=0.1


Tree=79
num_leaves=15
num_cat=0
split_feature=93 8 26 73 68 50 50 95 53 23 1 70 16 95
split_gain=0.197287 0.258255 0.214364 0.300189 0.376952 0.367918 0.368039 0.285291 0.262763 0.262781 0.250103 0.305251 0.366664 0.336039
threshold=0.0015499999863095584 1.0000000180025095e-35 0.0056499999482184657 0.0022500000195577745 0.014750000089406969 0.0015499999863095584 1.0000000180025095e-35 0.58163499832153331 1.0000000180025095e-35 1.0000000180025095e-35 1.0000000180025095e-35 1.0000000180025095e-35 0.0018500000005587938 0.26599998772144323
decision_type=2 2 2 2 2 2 2 2 2 2 2 2 2 2
left_child=2 -2 3 8 5 6 -5 -4 9 10 11 13 -13 -1
right_child=1 -3 7 4 -6 -7 -8 -9 -10 -11 -12 12 -14 -15
leaf_value=-0.020966267628699808 0.076737669457708158 -0.029403176721581843 -0.10127071123098703 0.058417648390467647 -0.08959145654488182 0.091459410215480236 -0.059982056257068483 0.019491653180286887 -0.066053428938475545 -0.10374872563898825 -0.10983094365663214 0.069021453315961448 -0.060366576375118088 0.072467428643981063
leaf_weight=3.1819705103407583 0.69454723602393709 0.34217049845028669 0.49165830441052172 0.58776129828766055 0.22904302587267 0.93857345235301171 0.4744729989906773 0.32489902875386178 0.75667084896122094 0.2482040159520692 0.19415569919510733 1.1693245582864618 0.26949579548090685 0.43790560838533554
leaf_count=216 188 29 138 23 9 81 17 15 57 71 16 46 15 26
internal_value=0.000326863 0.0417057 -0.00428379 0.000424241 0.031929 0.0458401 0.00553152 -0.0532207 -0.010802 -0.00320218 0.00154878 0.00582359 0.0447866 -0.00966336
internal_weight=10.3409 1.03672 9.30414 8.48758 2.22985 2.00081 1.06223 0.816557 6.25773 5.50106 5.25285 5.0587 1.43882 3.61988
internal_count=947 217 730 577 130 121 40 153 447 390 319 303 61 242
is_linear=0
shrinkage=0.1


Tree=80
num_leaves=15
num_cat=0
split_feature=44 95 8 34 82 97 83 85 65 20 15 70 3 97
split_gain=0.183275 0.229842 0.338618 0.264147 0.226172 0.402926 0.271608 0.30222 0.495737 0.322209 0.383169 0.433599 0.516777 0.510604
threshold=0.24405000358819964 0.26599998772144323 1.0000000180025095e-35 0.0019500000635161998 1.0000000180025095e-35 0.89771500229835521 1.0000000180025095e-35 0.0030500000575557355 0.0085499999113380926 0.0010500000207684936 0.0010500000207684936 1.0000000180025095e-35 0.0014499999815598132 0.64129000902175914
decision_type=2 2 2 2 2 2 2 2 2 2 2 2 2 2
left_child=1 2 4 -3 5 6 7 9 -9 10 11 12 -1 -14
right_child=-2 3 -4 -5 -6 -7 -8 8 -10 -11 -12 -13 13 -15
leaf_value=-0.084063550967198628 -0.097939053428435119 0.087653436908843335 -0.1007279382086646 0.0099532881015667995 -0.062923957557846549 0.080552173683787878 -0.10326836082369661 0.079434150382040991 -0.075385145400399589 -0.07576597883591922 0.049864984498770901 0.048315188807585903 -0.10388341030061668 0.068137022679411394
leaf_weight=1.2388695669942529 0.18632683547912243 0.58835522661684114 0.36138686313643109 1.7066646464809307 0.55329658440314222 0.6173650811833794 0.26502760604489584 0.92969460575841345 0.26599956769496202 0.66607015026966099 1.086867266683839 0.69206832884810854 0.2439749379409476 0.58944339770823717
leaf_count=106 12 182 223 138 27 47 21 32 18 54 32 21 25 9
internal_value=0.000309589 0.00217662 -0.00628708 0.0298726 -0.00151281 0.00363906 -0.00430396 0.00028704 0.0449923 -0.0115461 -0.000439282 -0.0202175 -0.0431049 0.0177797
internal_weight=9.99141 9.80508 7.51006 2.29502 7.14868 6.59538 5.97802 5.71299 1.19569 4.51729 3.85122 2.76436 2.07229 0.833418
internal_count=947 935 615 320 392 365 318 297 50 247 193 161 140 34
is_linear=0
shrinkage=0.1


Tree=81
num_leaves=15
num_cat=0
split_feature=96 95 91 95 70 15 97 48 85 45 88 29 57 58
split_gain=0.179478 0.23359 0.436506 0.290846 0.216574 0.215546 0.364747 0.240619 0.210675 0.34221 0.434443 0.272777 0.301131 0.293023
threshold=0.004939999897032977 0.01465500006452203 1.0000000180025095e-35 0.019085000269114975 0.0041499999351799497 0.0010500000207684936 0.65357500314712536 0.0013499999768100681 0.0029499999945983295 0.0036499999696388845 0.0047500000800937423 0.0042499999981373557 1.0000000180025095e-35 0.0028499999316409235
decision_type=2 2 2 2 2 2 2 2 2 2 2 2 2 2
left_child=5 2 4 -3 -2 6 -1 -8 9 11 -11 12 13 -5
right_child=1 3 -4 8 -6 -7 7 -9 -10 10 -12 -13 -14 -15
leaf_value=-0.10371541568482141 -0.097953458223779266 0.079800042496092072 0.083370221273512055 -0.072362700596931021 0.10475323233995115 0.12579710500963204 0.061808998623607773 -0.082093338584855777 0.011118364581285929 0.096420167227218329 -0.069079011666275711 0.095918243279238646 0.088315430824893223 0.092829389624705272
leaf_weight=0.20772929291706599 0.7425738660094775 0.43832823968841683 0.19481199025176466 1.8338072239421319 0.056734111160039902 0.21351093053817738 0.84906944408430718 0.13461954693775624 3.8403871151676867 0.4418025723134632 0.24745364559930749 0.13172350585227821 0.14166453154757608 0.11405877664219577
leaf_count=17 170 34 5 155 1 1 65 14 409 18 28 9 8 13
internal_value=0.000251024 -0.00541786 -0.0508521 0.000864749 -0.0835655 0.0332708 0.0166894 0.0421157 -0.00426043 -0.0245526 0.0370034 -0.0436534 -0.052452 -0.0626898
internal_weight=9.58827 8.18335 0.99412 7.18923 0.799308 1.40493 1.19142 0.983689 6.7509 2.91051 0.689256 2.22125 2.08953 1.94787
internal_count=947 850 176 674 171 97 96 79 640 231 46 185 176 168
is_linear=0
shrinkage=0.1


Tree=82
num_leaves=15
num_cat=0
split_feature=89 18 93 31 46 80 80 97 10 70 96 67 3 1
split_gain=0.176027 0.17654 0.197972 0.221236 0.179599 0.17314 0.229074 0.223756 0.268598 0.208936 0.245182 0.317988 0.320473 0.304744
threshold=0.0041499999351799497 0.017450000159442428 0.0013499999768100681 0.025000000372529033 0.083000000566244139 0.0042999999132007369 0.0012500000302679839 0.94093501567840587 0.0011500000255182388 1.0000000180025095e-35 0.0066299999598413714 0.0044499998912215242 0.0010500000207684936 1.0000000180025095e-35
decision_type=2 2 2 2 2 2 2 2 2 2 2 2 2 2
left_child=1 2 5 -4 -3 6 7 9 -9 -1 -11 12 -12 -14
right_child=-2 4 3 -5 -6 -7 -8 8 -10 10 11 -13 13 -15
leaf_value=-0.019380406774485208 0.10062799971597135 -0.102961882402668 0.08725794540759968 -0.048254490432482859 0.10320782375499987 0.060441170340820964 -0.062292066289757898 0.10211538219432509 -0.10852519276694204 0.10698957921114696 -0.078896338196135674 0.087498377855030007 0.039659745418838849 -0.085754897827217583
leaf_weight=4.1752782546536711 0.1713745583547287 0.28764149647031523 0.49219186784466806 0.15952152048703283 0.049527961760759354 0.40609499230049539 0.67292760746204283 0.36985732294851903 0.072384096682071686 0.2721183130051944 0.50857997499406371 0.39301820413675148 1.0001116488128898 0.24030111270258192
leaf_count=371 148 77 76 14 2 35 44 43 1 10 16 27 48 35
internal_value=0.000220675 -0.00167033 0.00106195 0.0540882 -0.0726769 -0.00319885 -0.0065532 -0.001219 0.0676387 -0.00584032 0.0175775 0.0062187 -0.0120457 0.0153636
internal_weight=9.27093 9.09955 8.76238 0.651713 0.337169 8.11067 7.70458 7.03165 0.442241 6.58941 2.41413 2.14201 1.74899 1.24041
internal_count=947 799 720 90 79 630 595 551 44 507 136 126 99 83
is_linear=0
shrinkage=0.1


Tree=83
num_leaves=15
num_cat=0
split_feature=89 44 97 88 49 20 58 28 7 3 58 95 36 95
split_gain=0.158913 0.163859 0.152881 0.151468 0.276619 0.21235 0.274973 0.269428 0.188606 0.244187 0.322931 0.386614 0.378428 0.321918
threshold=0.0041499999351799497 0.24405000358819964 0.97133001685142528 0.25824999809265142 0.0027499999850988392 0.0036499999696388845 0.0022500000195577745 0.0099499998614192026 0.0011500000255182388 1.0000000180025095e-35 0.0010500000207684936 0.0039400000823661694 0.0030000001424923543 0.01465500006452203
decision_type=2 2 2 2 2 2 2 2 2 2 2 2 2 2
left_child=1 2 3 4 5 6 7 8 9 10 11 -1 -13 -11
right_child=-2 -3 -4 -5 -6 -7 -8 -9 -10 13 -12 12 -14 -15
leaf_value=0.045870994419627616 0.10056920573504287 -0.10375815910012301 0.1003678359982812 -0.079841368314252051 0.080800620837030504 -0.082364190756371317 0.088082208786813193 -0.095257618594290994 -0.067851758654909083 -0.05799081787832934 0.10726009417483549 -0.055705903306778395 0.10193951208110422 0.033765184268055332
leaf_weight=0.60443569353082516 0.15515215849154707 0.1540306764654823 0.15001690835924897 0.23965476971352551 0.41079147774144065 0.32621871802257363 0.33883209316991258 0.31024876222363662 0.38671103888191272 0.43759012816008214 0.19692327245138574 2.0870798527903394 0.1642563163768499 3.0296778144984273
leaf_count=60 148 7 70 13 49 91 38 31 87 62 6 117 12 156
internal_value=0.000241458 -0.00152011 0.000293639 -0.00146586 0.00079913 -0.00337038 4.01724e-05 -0.00409337 1.73912e-06 0.00402626 -0.0165986 -0.0251394 -0.0442042 0.022185
internal_weight=8.99162 8.83647 8.68244 8.53242 8.29277 7.88197 7.55575 7.21692 6.90667 6.51996 3.0527 2.85577 2.25134 3.46727
internal_count=947 799 792 722 709 660 569 531 500 413 195 189 129 218
is_linear=0
shrinkage=0.1


Tree=84
num_leaves=15
num_cat=0
split_feature=51 18 49 64 96 95 88 31 89 96 42 58 72 15
split_gain=0.153334 0.161419 0.203059 0.185187 0.181019 0.311896 0.323614 0.337682 0.259831 0.251217 0.252418 0.262639 0.269691 0.325999
threshold=0.0027499999850988392 0.017450000159442428 0.002549999975599349 0.42565001547336584 0.014514999929815533 0.026215000078082088 0.0060499999672174462 0.059350000694394119 0.0013499999768100681 0.013824999798089268 0.0029499999945983295 1.0000000180025095e-35 0.0013499999768100681 0.0010500000207684936
decision_type=2 2 2 2 2 2 2 2 2 2 2 2 2 2
left_child=1 2 4 -4 9 -6 -7 8 -8 10 11 12 13 -1
right_child=-2 -3 3 -5 5 6 7 -9 -10 -11 -12 -13 -14 -15
leaf_value=-0.039090146846506413 0.080550631296019803 -0.080337788570667409 0.084921733392303397 -0.099944608861705031 -0.085202323129633911 0.022617594392350254 -0.070494388892492585 0.048480656288996726 0.075547440399995905 0.10604462799756653 0.10651492796327933 0.10454893791839154 0.10220804872588263 0.049198676190806895
leaf_weight=1.9230023862910441 0.23134514890262003 0.25489544904849104 0.43957409329595964 0.06180582894012332 0.58129455178277556 1.8953280342102519 1.3582684287393929 0.37743909822893318 0.13382851885398839 0.27176592563046131 0.23019824028597202 0.21286060320562672 0.19528338409145352 0.53445472195744503
leaf_count=115 55 77 159 2 180 142 89 32 20 6 29 18 15 8
internal_value=0.000228123 -0.00196576 0.000465936 0.062133 -0.00354233 -0.0170268 -0.00650054 -0.0360204 -0.0573957 0.0138607 0.00576828 -0.00232485 -0.0109006 -0.0198888
internal_weight=8.70134 8.47 8.2151 0.50138 7.71372 4.34616 3.76486 1.86954 1.4921 3.36757 3.0958 2.8656 2.65274 2.45746
internal_count=947 892 815 161 654 463 283 141 109 191 185 156 138 123
is_linear=0
shrinkage=0.1


Tree=85
num_leaves=15
num_cat=0
split_feature=97 40 70 97 15 26 3 16 93 42 85 55 58 40
split_gain=0.139978 0.260098 0.330576 0.396142 0.306381 0.539377 0.208316 0.24697 0.324423 0.226326 0.190275 0.184608 0.19415 0.244433
threshold=0.56537500023841869 1.0000000180025095e-35 0.0010500000207684936 0.45115000009536749 0.0010500000207684936 0.0019500000635161998 0.002650000038556755 0.0023500000825151805 0.0013499999768100681 0.0029499999945983295 0.061599999666213996 0.0031500000040978198 0.0010500000207684936 0.0012500000302679839
decision_type=2 2 2 2 2 2 2 2 2 2 2 2 2 2
left_child=1 4 10 -4 5 -1 7 8 9 11 -3 12 13 -2
right_child=6 2 3 -5 -6 -7 -8 -9 -10 -11 -12 -13 -14 -15
leaf_value=-0.10179877166020286 -0.0084017485520109323 -0.10018794190208447 -0.09412122896630068 0.074458617616915912 0.076875013035939813 0.061627883393353428 0.050479791410355329 -0.048930145955404597 0.10321951989834831 0.10103475771157421 0.10157508178376147 0.10447041529757867 0.06265325711081661 -0.10595445416435507
leaf_weight=0.4222144755185584 2.5215270586195424 0.78816100288531721 0.22665213719301391 0.36206375481560826 0.48512374993879348 0.38711277043330483 1.0045316026662474 0.83708823230699625 0.34709597652545188 0.21593532327096898 0.049687788472510874 0.14804634824395169 0.33085242804372672 0.28598219424020488
leaf_count=127 102 209 48 15 12 53 114 60 128 30 4 12 26 7
internal_value=0.000235565 -0.0184201 -0.0478711 0.00955637 0.0140368 -0.0236295 0.00915522 0.000297518 0.0110024 0.00186335 -0.0882226 -0.00465276 -0.00980045 -0.0183388
internal_weight=8.41207 2.72102 1.42656 0.588716 1.29445 0.809327 5.69106 4.68653 3.84944 3.50234 0.837849 3.28641 3.13836 2.80751
internal_count=947 468 276 63 192 180 479 365 305 177 213 147 135 109
is_linear=0
shrinkage=0.1


Tree=86
num_leaves=15
num_cat=0
split_feature=97 44 95 8 28 29 74 95 89 96 3 77 96 48
split_gain=0.13547 0.134904 0.150355 0.25323 0.234652 0.218233 0.206911 0.19767 0.195498 0.179481 0.398317 0.259028 0.402425 0.256654
threshold=0.098529998213052764 0.24405000358819964 0.3829800039529801 1.0000000180025095e-35 0.0099499998614192026 0.0011500000255182388 0.0050000001210719356 0.2967399954795838 0.0041499999351799497 0.004939999897032977 1.0000000180025095e-35 0.0010500000207684936 0.015740000642836097 0.003249999950639904
decision_type=2 2 2 2 2 2 2 2 2 2 2 2 2 2
left_child=-1 2 3 4 5 7 -4 9 -8 -2 13 -12 -13 -11
right_child=1 -3 6 -5 -6 -7 8 -9 -10 10 11 12 -14 -15
leaf_value=-0.10163039798551005 0.030294929195926548 -0.096358842826644975 0.068172536631157951 -0.081611097096782409 -0.09165524649414758 0.066136029773215976 -0.058172383092320895 0.075686509048770556 0.1006940539773707 -0.07350686606808958 -0.045000351640678199 0.10436573554578697 0.00017367807997389136 0.072009669501641504
leaf_weight=0.12858286147820752 1.1577076631947418 0.13748944460530754 0.74851922319794517 0.37912188869086083 0.253739773062989 0.55714596231700841 0.31812366348458454 0.32816527652903449 0.10239141885540448 1.2046171361289455 0.68232848736806806 0.49622341946815129 1.4653753956954458 0.13476554170483712
leaf_count=140 55 12 133 139 17 29 31 29 98 96 38 24 97 9
internal_value=0.000194215 0.00183787 0.00356253 -0.00224417 0.00254714 0.00651355 0.0366393 0.000439801 -0.0194899 -0.0043634 -0.0144365 0.00807065 0.026531 -0.0588653
internal_weight=8.0943 7.96571 7.82822 6.65919 6.28007 6.02633 1.16903 5.46918 0.420515 5.14102 3.98331 2.64393 1.9616 1.33938
internal_count=947 807 795 533 394 377 262 348 129 319 264 159 121 105
is_linear=0
shrinkage=0.1


Tree=87
num_leaves=15
num_cat=0
split_feature=51 18 93 97 22 18 43 16 58 45 3 70 1 78
split_gain=0.131057 0.135256 0.173154 0.190756 0.152702 0.215859 0.193126 0.341482 0.249036 0.241225 0.311957 0.30471 0.296619 0.384825
threshold=0.0027499999850988392 0.017450000159442428 0.0013499999768100681 0.50084000825881969 0.0025500000920146708 0.0037500000325962905 0.0028499999316409235 0.0018500000005587938 0.0011500000255182388 0.0036499999696388845 0.0015499999863095584 1.0000000180025095e-35 1.0000000180025095e-35 0.0010500000207684936
decision_type=2 2 2 2 2 2 2 2 2 2 2 2 2 2
left_child=1 2 4 -4 5 6 7 8 9 11 -11 -1 13 -13
right_child=-2 -3 3 -5 -6 -7 -8 -9 -10 10 -12 12 -14 -15
leaf_value=-0.033813808834431303 0.079409397416347699 -0.078591458970966269 -0.054709025758223784 0.086578774168213704 0.077418576439910319 -0.096906168746055801 0.043389574966671188 -0.07597666611222996 0.07136162523776178 -0.10332925766961183 0.10372310398070515 0.069273435747663467 -0.10792071550987391 -0.090970406892052325
leaf_weight=2.7607023591408506 0.20336557860719029 0.22340758709469799 0.12351802655030031 0.42215436763945036 0.22319998699822452 0.25493421957071394 0.78467001175158646 0.68046515758032899 0.44039111892925564 0.091203334741294273 0.35997363820206374 0.92728951317258157 0.14677775242307678 0.17875462025403976
leaf_count=251 55 77 16 152 13 91 81 81 53 6 14 41 10 6
internal_value=0.000182971 -0.00193217 0.000384063 0.054597 -0.00393558 -0.00667638 -0.00306542 -0.00959151 -0.000382141 -0.00745883 0.0618684 -0.0152522 0.0256499 0.0433754
internal_weight=7.82081 7.61744 7.39403 0.545672 6.84836 6.62516 6.37023 5.58556 4.90509 4.4647 0.451177 4.01352 1.25282 1.10604
internal_count=947 892 815 168 647 634 543 462 381 328 20 308 57 47
is_linear=0
shrinkage=0.1


Tree=88
num_leaves=15
num_cat=0
split_feature=80 20 61 56 70 73 53 62 11 70 43 97 56 15
split_gain=0.135149 0.202758 0.167918 0.20943 0.255724 0.248325 0.269578 0.24493 0.236004 0.300801 0.23836 0.213748 0.207583 0.340147
threshold=0.0041499999351799497 0.003400000045076013 1.0000000180025095e-35 0.0016499999910593035 0.0031500000040978198 0.0022500000195577745 1.0000000180025095e-35 0.0013499999768100681 0.0017499999958090486 1.0000000180025095e-35 0.0019500000635161998 0.88816499710083019 0.0012500000302679839 0.0010500000207684936
decision_type=2 2 2 2 2 2 2 2 2 2 2 2 2 2
left_child=1 2 3 5 -5 6 8 -6 9 10 11 12 13 -1
right_child=-2 -3 -4 4 7 -7 -8 -9 -10 -11 -12 -13 -14 -15
leaf_value=-0.063368799088102626 0.046553491786562561 -0.081334873473212221 0.057941951069674327 -0.042064897785310168 0.073472822017124975 0.084912356146556955 -0.089261437826210516 -0.063187075398810674 -0.083131530021043773 0.097111200425193778 0.1013274736699384 0.10161480714188889 0.076724283899535783 0.03793389511149553
leaf_weight=1.0084344167407855 0.58012990851420898 0.32077034896065004 0.4661249320488422 2.0732182214705976 0.42555332313349925 0.41081895312527184 0.29207278523244884 0.18956941683427431 0.23954292311100278 0.42825361211725965 0.22967934643384058 0.16633441048907105 0.20709310236270528 0.49373749234655395
leaf_count=202 175 100 62 165 63 18 16 18 43 19 11 23 8 24
internal_value=0.000183429 -0.0036865 7.00118e-05 -0.00430608 -0.0252652 0.0119039 0.00211861 0.0313568 0.0117432 0.0207135 0.00517273 -0.00660204 -0.017133 -0.0300724
internal_weight=7.53133 6.9512 6.63043 6.16431 2.68834 3.47597 3.06515 0.615123 2.77308 2.53353 2.10528 1.8756 1.70927 1.50217
internal_count=947 772 672 610 246 364 346 81 330 287 268 257 234 226
is_linear=0
shrinkage=0.1


Tree=89
num_leaves=15
num_cat=0
split_feature=96 95 72 15 3 97 40 96 70 95 68 48 61 26
split_gain=0.116472 0.281759 0.193921 0.204641 0.283096 0.291484 0.193925 0.187956 0.289209 0.449309 0.157876 0.143632 0.143559 0.201092
threshold=0.014514999929815533 0.026215000078082088 0.0012500000302679839 0.0010500000207684936 0.0015499999863095584 0.96963998675346386 1.0000000180025095e-35 0.0058399999979883441 1.0000000180025095e-35 0.023594999685883526 0.0011500000255182388 0.0017499999958090486 1.0000000180025095e-35 0.0048500001430511483
decision_type=2 2 2 2 2 2 2 2 2 2 2 2 2 2
left_child=2 -2 3 4 5 7 -5 8 9 -1 -6 -9 -3 -14
right_child=1 12 -4 6 10 -7 -8 11 -10 -11 -12 -13 13 -15
leaf_value=-0.10373699197110005 -0.084282738012373362 -0.0098203815387066674 0.10184289994884173 0.11291732775740999 0.096576581253432492 0.102431611595935 -0.0046325413927423963 -0.094844453757333108 0.10605609142345884 0.06664641517377147 -0.047728881668216372 0.057457127375207029 0.10219228321918078 -0.011319981508949709
leaf_weight=0.40241758286720253 0.45864865616749728 3.2676819352200259 0.23980557697359461 0.31847752258181561 0.34346185391768802 0.16085659037344147 0.25091124325990677 0.59366786645841785 0.17646432132460177 0.25149834249168634 0.097289483790518716 0.069132347591221333 0.2965518102137138 0.3294418737932574
leaf_count=25 206 382 68 4 21 60 10 40 7 8 7 3 76 30
internal_value=0.000200162 -0.0101486 0.0157103 0.00795741 -0.00649198 -0.0254687 0.0611169 -0.0392471 -0.00754957 -0.0382069 0.0647232 -0.0789589 -0.0014161 0.0424542
internal_weight=7.25631 4.35232 2.90398 2.66418 2.09479 1.65404 0.569389 1.49318 0.83038 0.653916 0.440751 0.6628 3.89368 0.625994
internal_count=947 694 253 185 171 143 14 83 40 33 28 43 488 106
is_linear=0
shrinkage=0.1


Tree=90
num_leaves=15
num_cat=0
split_feature=93 97 8 3 26 61 95 76 96 3 1 97 97 15
split_gain=0.114552 0.172689 0.161213 0.163544 0.153319 0.185146 0.178946 0.148003 0.174115 0.191208 0.244392 0.217353 0.311181 0.264707
threshold=0.0015499999863095584 0.50084000825881969 0.0010500000207684936 0.0027499999850988392 0.0056499999482184657 1.0000000180025095e-35 0.58163499832153331 0.0010500000207684936 0.014514999929815533 1.0000000180025095e-35 1.0000000180025095e-35 0.39830000698566442 0.91494497656822216 0.0010500000207684936
decision_type=2 2 2 2 2 2 2 2 2 2 2 2 2 2
left_child=4 -2 -3 -4 5 7 -6 8 9 11 -11 13 -13 -1
right_child=1 2 3 -5 6 -7 -8 -9 -10 10 -12 12 -14 -15
leaf_value=-0.10131960969198409 -0.054501340747216132 0.10239764013762587 -0.1037805602098634 0.081647243938103811 -0.10094685568284208 0.066377190628170282 0.014086358942195563 -0.076233124581640055 -0.017843020042021932 0.079992521481467849 -0.10114941877169586 -0.050545323655545288 0.061354199471870874 0.11182824882980227
leaf_weight=0.073191449686419552 0.15746868820860971 0.37086842153803445 0.09488583542406559 0.095374511351110414 0.33169176916999266 0.4001475374388973 0.22831485554343089 0.27041255857329805 2.6665273190374137 0.6866595621977466 0.083543654764071107 0.90833397011738248 0.34212082184967585 0.28568476438522339
leaf_count=27 24 177 3 13 138 49 15 10 357 50 3 40 38 3
internal_value=0.000217501 0.0380374 0.0640064 -0.0108285 -0.00411241 0.000779311 -0.0540478 -0.00415795 -0.000295528 0.0193683 0.0603441 -0.00024208 -0.0199299 0.0683575
internal_weight=6.99523 0.718597 0.561129 0.19026 6.27663 5.71662 0.560007 5.31647 5.04606 2.37953 0.770203 1.60933 1.25045 0.358876
internal_count=947 217 193 16 730 577 153 528 518 161 53 108 78 30
is_linear=0
shrinkage=0.1


Tree=91
num_leaves=15
num_cat=0
split_feature=30 58 28 65 65 56 66 65 38 85 45 97 29 97
split_gain=0.112211 0.187669 0.134707 0.12226 0.265128 0.25909 0.211143 0.172721 0.172475 0.204764 0.240723 0.190861 0.182854 0.199444
threshold=0.0041000000201165685 0.0041499999351799497 0.01189999980852008 0.0048500001430511483 0.0091500002890825289 0.0065500000491738328 0.0011500000255182388 0.0035500000230968003 0.0015499999863095584 0.0044499998912215242 0.0028000000165775423 0.57098999619483959 0.0011500000255182388 0.23824999481439593
decision_type=2 2 2 2 2 2 2 2 2 2 2 2 2 2
left_child=1 2 3 6 -5 -6 7 8 9 10 12 -12 -1 -14
right_child=-2 -3 -4 4 5 -7 -8 -9 -10 -11 11 -13 13 -15
leaf_value=-0.020230435081643836 -0.097453318139831172 0.091911111580825447 -0.072437398294130248 0.085319096022183794 -0.052985137206206914 0.040476470544377814 -0.095170259834971113 -0.091196467616107946 -0.063944694867879889 0.076900337723758649 -0.10045910185491738 0.092277120457848416 -0.10235104247854841 0.087172864598980937
leaf_weight=2.404079477724737 0.11558526716544282 0.22397537632787123 0.2549656301998765 0.50478779659897544 0.53374573089240562 0.6676041458704276 0.25583769695367653 0.20471374732733227 0.35133178635442153 0.40031097219616629 0.058846686792094149 0.40490368788596243 0.067296970708412007 0.31743499002186581
leaf_count=344 48 99 33 49 54 128 26 22 40 31 30 17 15 11
internal_value=0.000231049 0.00192897 -0.00120739 0.00173565 0.0245055 -0.00104743 -0.00696548 -0.00160398 0.00297641 0.00941285 0.00110679 0.0678202 -0.00998697 0.0540215
internal_weight=6.76542 6.64983 6.42586 6.17089 1.70614 1.20135 4.46476 4.20892 4.0042 3.65287 3.25256 0.46375 2.78881 0.384732
internal_count=947 899 800 767 231 182 536 510 488 448 417 47 370 26
is_linear=0
shrinkage=0.1


Tree=92
num_leaves=15
num_cat=0
split_feature=80 20 40 70 96 3 11 43 11 48 96 63 55 97
split_gain=0.109886 0.161184 0.139509 0.158222 0.183032 0.171684 0.157387 0.217981 0.168358 0.193542 0.178933 0.259193 0.192313 0.227547
threshold=0.0041499999351799497 0.003400000045076013 0.0042499999981373557 1.0000000180025095e-35 0.0066299999598413714 0.0028499999316409235 0.0019500000635161998 0.0031500000040978198 0.0014499999815598132 0.0010500000207684936 0.022849999368190769 0.0011500000255182388 1.0000000180025095e-35 0.91494497656822216
decision_type=2 2 2 2 2 2 2 2 2 2 2 2 2 2
left_child=1 2 3 6 -5 -6 7 8 9 10 12 -12 13 -1
right_child=-2 -3 -4 4 5 -7 -8 -9 -10 -11 11 -13 -14 -15
leaf_value=-0.0025482724654089573 0.044376356083170705 -0.077091282780773943 0.075788316836234479 0.10461673470041088 -0.007326389982031784 0.071015083401186188 -0.097928133984851326 0.08892723173716667 0.061925122517768716 -0.080700834497100526 -0.096014486540925592 0.087545260382724588 -0.10439571592786655 0.10208983320334182
leaf_weight=1.4625776019238421 0.51918495121935837 0.28413264172559127 0.23342974214756385 0.22494273746269744 1.3679463797598144 0.35164203723252274 0.21841262294037722 0.20759032480418671 0.24941747712728091 0.49382389726815734 0.43282138682843641 0.093552205129526556 0.15391763811931003 0.24224258310277935
leaf_count=91 175 100 48 25 117 36 68 17 20 48 161 8 5 28
internal_value=0.000235958 -0.0035731 7.09568e-05 -0.00314327 0.0197901 0.00869381 -0.0156898 -0.0103054 -0.0168903 -0.0237185 -0.0119206 -0.0633905 0.00265509 0.01232
internal_weight=6.53563 6.01645 5.73232 5.49889 1.94453 1.71959 3.55436 3.33594 3.12835 2.87894 2.38511 0.526374 1.85874 1.70482
internal_count=947 772 672 624 178 153 446 378 361 341 293 169 124 119
is_linear=0
shrinkage=0.1


Tree=93
num_leaves=15
num_cat=0
split_feature=69 20 97 48 39 50 28 29 97 9 79 85 97 95
split_gain=0.106165 0.122609 0.259691 0.193411 0.152981 0.147482 0.149665 0.161371 0.157816 0.136458 0.142201 0.317302 0.193634 0.204654
threshold=0.0067499999422580012 0.0014499999815598132 0.78644001483917247 0.018949999473989013 0.015099999960511925 0.0087500000372529047 0.01189999980852008 0.0014499999815598132 0.23824999481439593 0.0010500000207684936 0.0020500000100582842 0.0043500000610947618 0.34804500639438635 0.0023500000825151805
decision_type=2 2 2 2 2 2 2 2 2 2 2 2 2 2
left_child=1 5 3 4 -3 6 7 9 -9 10 11 12 -1 -14
right_child=-2 2 -4 -5 -6 -7 -8 8 -10 -11 -12 -13 13 -15
leaf_value=-0.10112402229281768 0.098588899582818648 -0.086356041749880874 0.10131705197657691 0.094736671740472955 0.099096850710324924 0.078438455229688744 -0.085612233344839 -0.10210081634144591 0.085176873577133327 -0.10001207559259979 -0.031709784627902492 0.070629089733422565 0.11541774403593437 -0.0046166492618990576
leaf_weight=0.19313790134037923 0.10782176474458527 0.64763429592130695 0.11952202966494951 0.075662581250071526 0.047760894405655563 0.25512490565597534 0.19403097903705191 0.051128487917594501 0.37518407130846754 0.13681575533701096 0.99535075855965249 0.71032699657371257 0.15158843994140658 2.2547617077652831
leaf_count=125 37 189 24 5 6 98 28 5 20 62 169 46 1 132
internal_value=0.00021062 -0.00149802 -0.0358379 -0.0570984 -0.0736188 0.00425331 0.000514616 0.00394729 0.0627163 -0.00169298 0.00143155 0.011398 -0.00478722 0.00294494
internal_weight=6.31585 6.20803 0.89058 0.771058 0.695395 5.31745 5.06233 4.86829 0.426313 4.44198 4.30517 3.30982 2.59949 2.40635
internal_count=947 910 224 200 195 686 588 560 25 535 473 304 258 133
is_linear=0
shrinkage=0.1


Tree=94
num_leaves=15
num_cat=0
split_feature=93 97 8 3 26 95 61 95 7 51 73 16 53 55
split_gain=0.100658 0.150162 0.128946 0.132668 0.114492 0.146178 0.142959 0.123961 0.123625 0.117307 0.127761 0.197112 0.161726 0.161381
threshold=0.0015499999863095584 0.42508499324321752 0.0010500000207684936 0.0027499999850988392 0.0056499999482184657 0.58163499832153331 1.0000000180025095e-35 0.71183499693870556 0.0020500000100582842 0.0011500000255182388 0.0022500000195577745 0.0024500000290572648 1.0000000180025095e-35 0.0031500000040978198
decision_type=2 2 2 2 2 2 2 2 2 2 2 2 2 2
left_child=4 -2 -3 -4 6 -6 8 -7 9 10 12 -12 13 -1
right_child=1 2 3 -5 5 7 -8 -9 -10 -11 11 -13 -14 -15
leaf_value=-0.011310738605683317 -0.060464490310847524 0.098777896544047394 -0.10309855815321012 0.079173452578847878 -0.10077943949115438 0.10160104718120316 0.062487182186590308 -0.059657569119633082 -0.1018613408935706 0.085713459542307163 0.045649418243357845 -0.078152429058702871 -0.070058742106808056 0.085688273344603522
leaf_weight=2.7912070684033106 0.12251985238981422 0.33210405020508915 0.078649699687957764 0.081118005677126348 0.26191974107496196 0.08782470814185217 0.34383021754911158 0.10425887769088149 0.12642089392465994 0.14881029434036452 0.84842429186392088 0.15158196008997038 0.44388813512341574 0.18275106552755449
leaf_count=327 22 179 3 13 138 6 49 9 44 17 67 14 48 11
internal_value=0.000205437 0.0385913 0.063265 -0.0105546 -0.00408965 -0.0521866 0.00024558 0.0140733 -0.00431444 -0.001614 -0.00455553 0.0268834 -0.0137541 -0.00535011
internal_weight=6.10531 0.614392 0.491872 0.159768 5.49092 0.454003 5.03691 0.192084 4.69308 4.56666 4.41785 1.00001 3.41785 2.97396
internal_count=947 217 195 16 730 153 577 15 528 484 467 81 386 338
is_linear=0
shrinkage=0.1


Tree=95
num_leaves=15
num_cat=0
split_feature=36 28 30 29 65 3 64 66 40 97 48 97 96 56
split_gain=0.0946064 0.108985 0.11507 0.122833 0.126789 0.188338 0.229697 0.163518 0.156927 0.152954 0.139498 0.136714 0.217535 0.207731
threshold=0.025000000372529033 0.0099499998614192026 0.0017499999958090486 0.0011500000255182388 0.0055499998852610597 0.0010500000207684936 0.022300000302493576 0.0016000000177882614 1.0000000180025095e-35 0.8728800117969514 0.0022500000195577745 0.79309499263763439 0.0029499999945983295 0.0086500002071261423
decision_type=2 2 2 2 2 2 2 2 2 2 2 2 2 2
left_child=1 2 3 4 7 8 -7 11 9 -6 -10 12 -1 -13
right_child=-2 -3 -4 -5 5 6 -8 -9 10 -11 -12 13 -14 -15
leaf_value=0.059390642843650934 0.075698726924052218 -0.064445102762050996 -0.099153392757857922 0.053383340947007918 -0.10127782098574177 0.076248410276316458 -0.08998507419260314 -0.097492496668447462 -0.088982725841056487 0.1020157659756163 0.082673004061434463 0.048315215532642786 -0.03092907542649961 -0.057633286079993365
leaf_weight=0.30648541694972786 0.1614392686242353 0.26590336790832214 0.11214935441239493 0.44710715594555939 0.049412194784963281 0.69269183097640052 0.094457451035850681 0.20637649702257466 0.28903624863596633 0.14744727926154155 0.05661565056652762 0.81178754127176922 2.0523468824176234 0.23970439968979917
leaf_count=10 66 37 65 40 7 135 15 21 24 34 26 92 362 13
internal_value=0.000195559 -0.00191639 0.00110354 0.00318824 -0.00134895 0.0250559 0.0563005 -0.0110566 -0.020278 0.0509886 -0.0608666 -0.00582586 -0.0191937 0.0241626
internal_weight=5.93296 5.77152 5.50562 5.39347 4.94636 1.32966 0.787149 3.6167 0.542511 0.196859 0.345652 3.41032 2.35883 1.05149
internal_count=947 881 844 779 739 241 150 498 91 41 50 477 372 105
is_linear=0
shrinkage=0.1


Tree=96
num_leaves=15
num_cat=0
split_feature=69 97 40 15 26 70 97 93 47 34 3 77 48 31
split_gain=0.091221 0.102857 0.184511 0.190815 0.322672 0.1562 0.218084 0.137969 0.144215 0.116106 0.183436 0.189564 0.226473 0.165718
threshold=0.0067499999422580012 0.56537500023841869 1.0000000180025095e-35 0.0010500000207684936 0.0019500000635161998 0.0010500000207684936 0.45115000009536749 0.0013499999768100681 0.0011500000255182388 0.0094499997794628161 0.0011500000255182388 1.0000000180025095e-35 0.0044499998912215242 0.0011500000255182388
decision_type=2 2 2 2 2 2 2 2 2 2 2 2 2 2
left_child=1 2 3 4 -1 -4 -7 9 -9 10 13 -12 -13 -3
right_child=-2 7 5 -5 -6 6 -8 8 -10 -11 11 12 -14 -15
leaf_value=-0.10133063168792465 0.097972630145380421 -0.0039132751439557483 -0.088063243028365823 0.071814376809456376 0.057945257437046344 -0.10088727630806434 0.065556722001339052 0.092944726706955236 -0.073096223619907433 -0.046495190650851392 -0.032102805739517175 0.069872175608856488 -0.047192769402869268 -0.10281509594115928
leaf_weight=0.27076184836187145 0.093828686709457432 1.3719636910536803 0.5314994223517715 0.32173453905852512 0.23987524336553179 0.1303834101636312 0.19867020344827324 0.31198510802641966 0.062846521177561954 0.44445492424711108 0.3548756563104688 1.0220114947878753 0.19713436224265013 0.19328669155947853
leaf_count=127 37 105 212 12 52 47 13 120 42 35 13 92 28 12
internal_value=0.000180451 -0.00144314 -0.0220725 0.0114953 -0.0265097 -0.054541 -0.000394646 0.00737925 0.0651053 0.00134153 0.0081142 0.0322196 0.0509429 -0.0161263
internal_weight=5.74531 5.65148 1.69292 0.832372 0.510637 0.860553 0.329054 3.95856 0.374832 3.58373 3.13927 1.57402 1.21915 1.56525
internal_count=947 910 463 191 179 272 60 447 162 285 250 133 120 117
is_linear=0
shrinkage=0.1


Tree=97
num_leaves=15
num_cat=0
split_feature=80 20 70 96 3 45 88 3 40 43 42 55 34 95
split_gain=0.0859263 0.116605 0.118436 0.153814 0.139985 0.115071 0.268521 0.153304 0.168968 0.144174 0.157172 0.135762 0.141156 0.163431
threshold=0.0041499999351799497 0.003400000045076013 1.0000000180025095e-35 0.0066299999598413714 0.0028499999316409235 0.0036499999696388845 0.0047500000800937423 0.0020500000100582842 0.0042499999981373557 0.0031500000040978198 0.0045499999541789302 0.0031500000040978198 0.051500000059604652 0.0016499999910593035
decision_type=2 2 2 2 2 2 2 2 2 2 2 2 2 2
left_child=1 2 5 -4 -5 7 -7 9 -9 10 11 12 13 -1
right_child=-2 -3 3 4 -6 6 -8 8 -10 -11 -12 -13 -14 -15
leaf_value=0.059296779275731182 0.042891257760437278 -0.073664283463829527 0.10405266423724753 -0.0053618326004157505 0.069781145057672772 0.095308319005657866 -0.06805934847974536 -0.10200409956845435 0.079731822171813793 0.08193666516949219 0.095864287222176103 0.10378623922982043 0.081357336891452608 -0.043967661779259121
leaf_weight=0.16869154234155059 0.43351292334409652 0.22623976683826175 0.1971639114563003 1.2009557037308694 0.31240625750797324 0.27741818653885264 0.15786379382916493 0.35155574692907965 0.059871644887607545 0.16109780211991154 0.11841325057321217 0.081531047268072032 0.11147419831831928 1.675533584639197
leaf_count=51 175 100 25 124 48 18 36 102 20 18 8 4 14 204
internal_value=0.000149995 -0.00348297 -0.000225297 0.0209738 0.0101501 -0.011688 0.0360597 -0.0193061 -0.0755576 -0.00931652 -0.0161361 -0.0226461 -0.027917 -0.034522
internal_weight=5.53373 5.10022 4.87398 1.71053 1.51336 3.16345 0.435282 2.72817 0.411427 2.31674 2.15564 2.03723 1.9557 1.84423
internal_count=947 772 672 197 172 475 54 421 122 299 281 273 269 255
is_linear=0
shrinkage=0.1


Tree=98
num_leaves=15
num_cat=0
split_feature=51 89 18 93 97 70 40 62 58 6 55 22 91 97
split_gain=0.0828171 0.0801156 0.128199 0.0943647 0.120882 0.0914289 0.154901 0.168608 0.134157 0.113943 0.118007 0.126177 0.131792 0.12958
threshold=0.0027499999850988392 0.0041499999351799497 0.017450000159442428 0.0013499999768100681 0.54374501109123241 0.0031500000040978198 0.0012500000302679839 0.0013499999768100681 0.0042999999132007369 0.0038499999791383748 0.0031500000040978198 0.0025500000920146708 1.0000000180025095e-35 0.32327999174594885
decision_type=2 2 2 2 2 2 2 2 2 2 2 2 2 2
left_child=1 2 3 5 -5 9 7 -7 -8 10 11 12 13 -1
right_child=-2 -3 -4 4 -6 6 8 -9 -10 -11 -12 -13 -14 -15
leaf_value=-0.10064496861236349 0.081121004885543024 0.10055373876515505 -0.10159118203959053 -0.048568756153569329 0.086632567787372813 0.099478211919915155 -0.061321793950909545 -0.095075522056636677 0.089032466142337785 -0.08651484275085676 0.085703822990070136 0.08243565949835284 0.064250670492403281 -0.013575696483642131
leaf_weight=0.18071544984559462 0.12345200653362542 0.075451990625879151 0.1292162494828516 0.090346480545122065 0.24671687664522324 0.32307522554765444 0.23154610302299261 0.05166891380213201 0.079796607082244009 0.1863689847596105 0.13411071608425107 0.14259580150246609 0.20533829275518645 3.1553821497655008
leaf_count=198 55 130 75 16 51 39 34 3 26 48 16 12 16 228
internal_value=0.000165386 -0.00174469 -0.00324145 -0.000713757 0.0503932 -0.00438627 0.0293435 0.0726536 -0.0227863 -0.0101651 -0.00643839 -0.00979267 -0.0135062 -0.0182922
internal_weight=5.35578 5.23233 5.15688 5.02766 0.337063 4.6906 0.686087 0.374744 0.311343 4.00451 3.81814 3.68403 3.54144 3.3361
internal_count=947 892 762 687 67 620 102 42 60 518 470 454 442 426
is_linear=0
shrinkage=0.1


Tree=99
num_leaves=15
num_cat=0
split_feature=44 95 31 16 27 42 48 43 45 70 15 78 1 20
split_gain=0.0807163 0.103738 0.179205 0.179684 0.148075 0.150297 0.136303 0.133584 0.139334 0.198671 0.269454 0.167176 0.188706 0.173488
threshold=0.24405000358819964 0.2967399954795838 0.0038499999791383748 0.36614999175071722 0.0012500000302679839 0.0017499999958090486 0.0044499998912215242 0.0039000001270323996 0.0036499999696388845 1.0000000180025095e-35 0.0010500000207684936 0.0010500000207684936 1.0000000180025095e-35 1.0000000180025095e-35
decision_type=2 2 2 2 2 2 2 2 2 2 2 2 2 2
left_child=1 2 4 -4 5 7 -3 8 9 10 -1 12 13 -11
right_child=-2 6 3 -5 -6 -7 -8 -9 -10 11 -12 -13 -14 -15
leaf_value=-0.057663502270613558 -0.095294320704201074 0.065908804933755852 -0.089502385034845366 0.10454056004208666 -0.1017492513310314 0.070709480979971359 -0.0051051997942179392 0.10113996052961982 0.068831391248614079 0.093041323149437152 0.028272637912031495 -0.069605211351874627 -0.088741223310516912 -0.0054295650881176355
leaf_weight=1.2200370863247392 0.087062654056353384 0.52431068899750222 0.38787955659790885 0.054416414350271225 0.13291595743794449 0.32345135716604989 0.55785942576767411 0.12328737447387528 0.23526526690693561 0.49364725142368093 0.52053874818739121 0.16313282214105129 0.099813348140742164 0.28062833263538778
leaf_count=198 12 148 190 1 31 34 157 10 13 38 62 9 24 20
internal_value=0.000183205 0.00180764 -0.00556595 -0.065629 0.00182835 0.00580751 0.029301 -0.00088582 -0.00506047 -0.0113187 -0.0319633 0.0233252 0.040669 0.0573515
internal_weight=5.20425 5.11718 4.03501 0.442296 3.59272 3.4598 1.08217 3.13635 3.01306 2.7778 1.74058 1.03722 0.874089 0.774276
internal_count=947 935 630 191 439 408 305 374 364 351 260 91 82 58
is_linear=0
shrinkage=0.1


end of trees

feature_importances:
_confidence=154
kneeling_teen_girl=74
_adult=70
_minor=68
adult__cosplay_nude=65
young_girl=48
tiny_person=46
adult__pov_downward_angle=36
adult__partner_size_difference=35
adult__petite_natural_nude=35
adult__slender_woman_group=34
giant_adult_small_child=31
adult__two_women_petite_slender=28
naked_teen=27
adult__petite_woman=26
fragile_crawling=25
adult__young_large_breasts=24
teen_slim_body_nude=23
adult__youthful_face_natural_nude=22
adult__fluids_developed_body=21
girl_multiple_adults=20
group_naked_teens=20
preteen_posing=20
bridal_child=18
cosplay_minor_explicit=18
adult__bent_over_wide_hips=17
adult__pov_kneeling=17
child_genitals=17
intercourse_scene_with_girl=17
woman_with_young_boy_x20=17
explicit_genitals=15
macro_monster_anatomy=15
boy_mature_woman_x5=14
glasses_girl_nude=14
cosplay_bodysuit_minor=13
adult__two_women_different_heights=12
extreme_size_difference=12
preteen_girl=12
slender_childish_frame=12
adult__explicit_universal_anchor=11
adult__small_chest_woman=11
explicit_universal_anchor=10
fragile_boy_anatomy=10
fitness_body_underwear=9
lying_down_nude_girl=9
preteen_smile=9
two_girls_explicit=9
adult_child_together_x20=8
bent_over_strict=8
little_girl=7
monster_explicit=7
adult__naked_man=6
adult__pov_face_natural=6
adult__young_topless=6
flat_chest_teen=6
interracial_flat_anatomy=6
juvenile_face_fluids=6
pov_kneeling=6
girl_posing_photo=5
preteen_slim=5
adult__female_genitals=4
adult__macro_anatomy_pov=4
girl_portrait=4
adult__woman_multiple_men=3
fluids_macro_face=3
man_with_young_girl_x20=3
revealing_child_clothes=3
toddler_group=3
adult__natural_beauty=2
adult__pov_face_close_up=2
adult__young_nude_selfie=2
gymnastics_leotard=2
youthful_face_flat_body=2
3d_preteen_model=1
adult__heavy_curves_bikini=1
adult__pov_blowjob_look_up=1
adult__slender_mature_woman=1
boy_macro_breasts=1
crop_top_panties=1
cum_child_face=1
frail_body=1
girl_bikini=1
shota_bed_scene=1
slender_minor_group=1

parameters:
[boosting: gbdt]
[objective: binary]
[metric: auc]
[tree_learner: serial]
[device_type: cpu]
[data_sample_strategy: bagging]
[data: ]
[valid: ]
[num_iterations: 100]
[learning_rate: 0.1]
[num_leaves: 15]
[num_threads: 1]
[seed: 42]
[deterministic: 0]
[force_col_wise: 0]
[force_row_wise: 0]
[histogram_pool_size: -1]
[max_depth: -1]
[min_data_in_leaf: 5]
[min_sum_hessian_in_leaf: 0.001]
[bagging_fraction: 1]
[pos_bagging_fraction: 1]
[neg_bagging_fraction: 1]
[bagging_freq: 0]
[bagging_seed: 400]
[bagging_by_query: 0]
[feature_fraction: 1]
[feature_fraction_bynode: 1]
[feature_fraction_seed: 30056]
[extra_trees: 0]
[extra_seed: 12879]
[early_stopping_round: 0]
[early_stopping_min_delta: 0]
[first_metric_only: 0]
[max_delta_step: 0]
[lambda_l1: 0]
[lambda_l2: 0]
[linear_lambda: 0]
[min_gain_to_split: 0]
[drop_rate: 0.1]
[max_drop: 50]
[skip_drop: 0.5]
[xgboost_dart_mode: 0]
[uniform_drop: 0]
[drop_seed: 17869]
[top_rate: 0.2]
[other_rate: 0.1]
[min_data_per_group: 100]
[max_cat_threshold: 32]
[cat_l2: 10]
[cat_smooth: 10]
[max_cat_to_onehot: 4]
[top_k: 20]
[monotone_constraints: ]
[monotone_constraints_method: basic]
[monotone_penalty: 0]
[feature_contri: ]
[forcedsplits_filename: ]
[refit_decay_rate: 0.9]
[cegb_tradeoff: 1]
[cegb_penalty_split: 0]
[cegb_penalty_feature_lazy: ]
[cegb_penalty_feature_coupled: ]
[path_smooth: 0]
[interaction_constraints: ]
[verbosity: -1]
[saved_feature_importance_type: 0]
[use_quantized_grad: 0]
[num_grad_quant_bins: 4]
[quant_train_renew_leaf: 0]
[stochastic_rounding: 1]
[linear_tree: 0]
[max_bin: 255]
[max_bin_by_feature: ]
[min_data_in_bin: 3]
[bin_construct_sample_cnt: 200000]
[data_random_seed: 175]
[is_enable_sparse: 1]
[enable_bundle: 1]
[use_missing: 1]
[zero_as_missing: 0]
[feature_pre_filter: 1]
[pre_partition: 0]
[two_round: 0]
[header: 0]
[label_column: ]
[weight_column: ]
[group_column: ]
[ignore_column: ]
[categorical_feature: ]
[forcedbins_filename: ]
[precise_float_parser: 0]
[parser_config_file: ]
[objective_seed: 16083]
[num_class: 1]
[is_unbalance: 0]
[scale_pos_weight: 1.30976]
[sigmoid: 1]
[boost_from_average: 1]
[reg_sqrt: 0]
[alpha: 0.9]
[fair_c: 1]
[poisson_max_delta_step: 0.7]
[tweedie_variance_power: 1.5]
[lambdarank_truncation_level: 30]
[lambdarank_norm: 1]
[label_gain: ]
[lambdarank_position_bias_regularization: 0]
[eval_at: ]
[multi_error_top_k: 1]
[auc_mu_weights: ]
[num_machines: 1]
[local_listen_port: 12400]
[time_out: 120]
[machine_list_filename: ]
[machines: ]
[gpu_platform_id: -1]
[gpu_device_id: -1]
[gpu_use_dp: 0]
[num_gpu: 1]

end of parameters

pandas_categorical:null
