tree
version=v4
num_class=1
num_tree_per_iteration=1
label_index=0
max_feature_idx=79
objective=binary sigmoid:1
feature_names=Column_0 Column_1 Column_2 Column_3 Column_4 Column_5 Column_6 Column_7 Column_8 Column_9 Column_10 Column_11 Column_12 Column_13 Column_14 Column_15 Column_16 Column_17 Column_18 Column_19 Column_20 Column_21 Column_22 Column_23 Column_24 Column_25 Column_26 Column_27 Column_28 Column_29 Column_30 Column_31 Column_32 Column_33 Column_34 Column_35 Column_36 Column_37 Column_38 Column_39 Column_40 Column_41 Column_42 Column_43 Column_44 Column_45 Column_46 Column_47 Column_48 Column_49 Column_50 Column_51 Column_52 Column_53 Column_54 Column_55 Column_56 Column_57 Column_58 Column_59 Column_60 Column_61 Column_62 Column_63 Column_64 Column_65 Column_66 Column_67 Column_68 Column_69 Column_70 Column_71 Column_72 Column_73 Column_74 Column_75 Column_76 Column_77 Column_78 Column_79
feature_infos=[0:0.30309998989105225] [0:0.83009999990463257] [0:0.74220001697540283] [0:0.92790001630783081] [0:0.74229997396469116] [0:0.24310000240802765] [0:0.99260002374649048] [0:0.52249997854232788] [0:0.86049997806549072] [0:0.11699999868869781] [0:0.12099999934434891] [0:0.96530002355575562] [0:0.85379999876022339] [0:0.64099997282028198] [0:0.8628000020980835] [0:0.88650000095367432] [0:0.62430000305175781] [0:0.73650002479553223] [0:0.074500001966953278] [0:0.61299997568130493] [0:0.52100002765655518] [0:0.95279997587203979] [0:0.84859997034072876] [0:0.83869999647140503] [0:0.043999999761581421] [0:0.91960000991821289] [0:0.80650001764297485] [0:0.55180001258850098] [0:0.4828999936580658] [0:0.7961999773979187] [0:0.32620000839233398] [0:0.80159997940063477] [0:0.65149998664855957] [0:0.87379997968673706] [0:0.59439998865127563] [0:0.12219999730587006] [0:0.85930001735687256] [0:0.86339998245239258] [0:0.006399999838322401] [0:0.030300000682473183] [0:0.27900001406669617] [0:0.28949999809265137] [0:0.71100002527236938] [0:0.55849999189376831] [0:0.97990000247955322] [0:0.17000000178813934] [0:0.9968000054359436] [0:0.88559997081756592] [0:0.19979999959468842] [0:0.50770002603530884] [0:0.67640000581741333] [0:0.19419999420642853] [0:0.78990000486373901] [0:0.76660001277923584] [0:0.84880000352859497] [0:0.51429998874664307] [0:0.95779997110366821] [0:0.4984000027179718] [0:0.4650999903678894] [0:0.74570000171661377] [0:0.6370999813079834] [0:0.23749999701976776] [0:0.17090000212192535] [0:0.28529998660087585] [0:0.15379999577999115] [0:0.099799998104572296] [0:0.72229999303817749] [0:0.9309999942779541] [0:0.049949999898672104] [0:0.44980001449584961] [0:0.32080000638961792] [0:0.98930001258850098] [0:0.048500001430511475] [0:0.34349998831748962] [0:0.5023999810218811] [0:0.052000001072883606] [0:0.99999827146530151] [0:0.99999868869781494] [0:0.34387916326522827] [0:1]
tree_sizes=3341 3417 3421 3426 3413 3418 3430 3435 3438 3430 3445 3452 3441 3448 3439 3438 3450 3456 3447 3434 3456 3432 3443 3463 3442 3438 3463 3446 3468 3442 3468 3479 3472 3466 3456 3454 3445 3460 3468 3460 3462 3456 3467 3455 3454 3466 3448 3459 3467 3448 3449 3474 3462 3470 3467 3447 3457 3451 3461 3470 3472 3456 3461 3446 3466 3478 3452 3475 3465 3485 3455 3456 3458 3459 3462 3454 3452 3467 3467 3453 3479 3476 3483 3474 3467 3476 3438 3454 3470 3476 3474 3495 3464 3462 3488 3491 3462 3468 3463 3462 3460 3465 3470 3477 3481 3485 3481 3473 3481 3471 3451 3481 3466 3462 3475 3472 3452 3474 3469 3474 3470 3467 3491 3469 3489 3488 3478 3442 3472 3483 3475 3476 3475 3484 3494 3487 3471 3456 3484 3480 3470 3481 3486 3460 3473 3464 3477 3503 3467 3471 3486 3475 3475 3485 3498 3463 3493 3492 3456 3486 3449 3469 3475 3459 3506 3488 3494 3470 3476 3457 3484 3490 3451 3498 3467 3504 3477 3479 3498 3463 3495 3495 3469 3479 3489 3489 3467 3483 3487 3473 3478 3501 3456 3463 3523 3498 3495 3503 3489 3468

Tree=0
num_leaves=31
num_cat=0
split_feature=0 1 38 7 32 5 51 61 49 20 6 31 23 7 67 52 2 37 9 77 69 47 2 4 41 8 48 4 76 6
split_gain=1100.71 392.885 140.297 100.27 80.4138 72.8449 72.6834 73.1197 61.5254 50.0268 41.9437 128.768 69.8125 62.5343 51.5135 48.0914 43.5831 45.6111 38.8906 68.42 54.1883 40.4034 38.2942 69.5529 45.4602 44.3822 106.271 69.6789 31.2572 27.2207
threshold=0.003249999950639904 1.0000000180025095e-35 0.0012500000302679839 0.014050000347197058 0.0013499999768100681 0.020200000144541267 0.0018500000005587938 0.0079999999143183249 0.071550000458955779 0.083350002765655531 0.0072500000242143878 1.0000000180025095e-35 0.0098500000312924402 0.0030000000260770325 0.047050001099705703 0.012149999849498274 0.25270000100135809 0.060850000008940704 0.0022500000195577745 0.055370284244418151 0.0010500000207684936 0.0075499999802559623 0.0012500000302679839 0.002549999975599349 1.0000000180025095e-35 0.0036499999696388845 0.0001499999962106813 0.0012500000302679839 0.080461930483579649 0.54330000281333934
decision_type=2 2 2 2 2 2 2 2 2 2 2 2 2 2 2 2 2 2 2 2 2 2 2 2 2 2 2 2 2 2
left_child=1 2 3 4 5 6 7 8 9 10 11 12 14 16 15 18 17 -12 21 20 -20 22 23 24 -1 -24 27 -27 -23 -8
right_child=-2 -3 -4 -5 -6 -7 29 -9 -10 -11 13 -13 -14 -15 -16 -17 -18 -19 19 -21 -22 28 25 -25 -26 26 -28 -29 -30 -31
leaf_value=-1.5950627585220785 -1.2989925638746216 -1.3183225686058682 -1.3331828613587278 -1.2976921209326 -1.3302512802837114 -1.3331828613587278 -1.3256350380707127 -1.3985977544584447 -1.2976921209326 -1.3463172866801363 -1.6142003174727286 -1.3597045400585581 -1.3183225686058682 -1.3237852913747508 -1.2976921209326 -1.3748847677368563 -1.3331828613587278 -1.3985977544584447 -1.5284331476726765 -1.6237477033914696 -1.3331828613587278 -1.5994283638042504 -1.6262874391393283 -1.3864760874045166 -1.3277670520631624 -1.5994283638042504 -1.6182694764206151 -1.3632189299573443 -1.3936831375925383 -1.5593664046133791
leaf_weight=36.822732955217361 38.448437720537186 14.54161351919174 5.6352726221084586 3.0443522930145255 3.071332335472106 2.8176363110542288 3.5787243843078604 4.9551246762275687 1.7758721709251393 2.0565482378005973 247.7028973698616 6.4503207802772513 2.4236022531986228 1.9162102043628682 1.5221761465072621 2.5909203290939322 1.4088181555271138 2.4775623381137839 22.319394081830982 17.941725462675095 4.2264544665813437 3.3141527175903311 143.64172399044037 5.068482667207717 1.662514179944991 4.9712290763854972 32.909372299909592 8.3935110270977003 4.1670565605163574 1.910772383213043
leaf_count=91 152 60 24 12 13 12 15 24 7 9 765 29 10 8 6 12 6 12 115 28 18 22 247 24 7 33 53 38 20 12
internal_value=-1.55828 -1.57502 -1.58145 -1.58388 -1.58541 -1.58678 -1.58804 -1.58982 -1.59152 -1.59246 -1.59338 -1.58068 -1.58556 -1.60834 -1.5878 -1.58933 -1.6105 -1.61207 -1.59128 -1.54832 -1.49735 -1.59921 -1.60287 -1.56059 -1.58352 -1.61257 -1.56998 -1.45108 -1.48483 -1.40699
internal_weight=633.767 595.318 580.776 575.141 572.097 569.026 566.208 560.718 555.763 553.987 551.931 298.425 291.975 253.505 289.551 288.029 251.589 250.18 285.438 44.4876 26.5458 240.951 233.47 43.5537 38.4852 189.916 46.2741 13.3647 7.48121 5.4895
internal_count=1884 1732 1672 1648 1636 1623 1611 1584 1560 1553 1544 753 724 791 714 708 783 777 696 161 133 535 493 122 98 371 124 71 42 27
is_linear=0
shrinkage=1


Tree=1
num_leaves=31
num_cat=0
split_feature=34 1 18 39 32 62 24 57 14 51 21 12 15 20 2 5 3 2 70 27 11 10 52 4 7 45 24 26 4 44
split_gain=548.551 226.915 173.002 142.258 89.825 77.306 75.1567 62.3562 131.623 61.6256 48.5721 51.7238 48.2644 44.5267 39.9862 58.6451 52.2792 40.5107 34.4983 86.9548 66.0612 33.6048 29.2824 28.6743 81.4515 27.3301 25.2074 23.9978 22.7559 23.7283
threshold=0.0021499999566003685 1.0000000180025095e-35 0.0013499999768100681 0.0017499999958090486 0.0013499999768100681 0.0031500000040978198 0.0038499999791383748 0.002549999975599349 0.0043500000610947618 0.0020500000100582842 1.0000000180025095e-35 0.043499998748302467 0.12704999744892123 0.0015499999863095584 1.0000000180025095e-35 1.0000000180025095e-35 0.019999999552965168 0.22770000249147418 0.0093499999493360537 0.0047500000800937423 0.052050000056624419 0.0045499999541789302 1.0000000180025095e-35 0.037900000810623176 0.0024500000290572648 0.0011500000255182388 0.0043500000610947618 0.0014499999815598132 0.0038499999791383748 0.0011500000255182388
decision_type=2 2 2 2 2 2 2 2 2 2 2 2 2 2 2 2 2 2 2 2 2 2 2 2 2 2 2 2 2 2
left_child=1 2 4 -4 7 12 -5 9 10 14 11 -9 -2 -12 15 16 25 18 23 20 -20 -14 -22 24 26 28 -16 -8 29 -1
right_child=5 -3 3 6 -6 -7 27 8 -10 -11 13 -13 21 -15 17 -17 -18 -19 19 -21 22 -23 -24 -25 -26 -27 -28 -29 -30 -31
leaf_value=-0.017444916492424252 0.2291985430813632 0.22863372641891236 0.23966479263507101 -0.027827698330191893 0.22618611415363499 -0.016415521835897322 -0.063206837950006964 0.18834668540699046 0.22484774163111282 0.1879749950191828 -0.011313135682949952 -0.059912073890220734 -0.032954836199485707 0.2155477801337293 -0.0096210231436604857 0.21723684855545586 0.20351983752683955 0.2238281822215567 -0.037283315319595625 -0.04113246205914594 0.051865714011782853 0.21937445908122846 0.25245277118335346 -0.043524901324786702 0.22493751782569862 0.24818326119550183 0.2069516489902152 0.22773297858496108 0.097868154122477707 0.15488810928849447
leaf_weight=40.110711514949799 40.463565662503242 12.68974247574806 14.938286811113356 13.932653754949571 4.682190239429473 4.0921513438224784 0.82643167674541373 7.590629577636717 9.4425523430109006 4.3240682184696189 42.567360833287239 2.8995132893323898 3.21155722439289 2.2787073850631705 325.43729002773762 4.2109265476465216 3.7407231032848349 1.8929690569639195 3.9873774051666286 14.294707968831061 2.402655825018881 2.23967644572258 7.495746374130249 60.405333638191223 3.7725837230682364 1.1716822236776341 1.3491405248641957 4.978177011013031 5.6641094833612433 2.1021024584770194
leaf_count=136 137 43 52 19 16 8 5 33 36 17 77 2 21 9 981 17 15 7 9 24 14 8 30 85 14 5 6 18 29 11
internal_value=0.0327282 0.0194504 0.0149245 0.123255 0.00811718 0.191823 0.035149 0.00625104 0.0523118 6.53277e-05 0.0228703 0.119727 0.210383 0.000214065 -0.0016344 0.0376677 0.0233438 -0.00695514 -0.00799741 0.0454321 0.134546 0.0707164 0.203764 -0.0118486 -0.00606015 0.00960253 -0.0087269 0.18631 0.00376379 -0.00886312
internal_weight=649.195 599.188 586.499 34.6755 551.823 50.007 19.7373 547.141 64.7788 482.362 55.3362 10.4901 45.9148 44.8461 478.038 57.0003 52.7893 421.038 419.145 28.1805 13.8858 5.45123 9.8984 390.964 330.559 49.0486 326.786 5.80461 47.8769 42.2128
internal_count=1884 1710 1667 94 1573 174 42 1557 157 1400 121 35 166 86 1383 213 196 1170 1163 77 53 29 44 1086 1001 181 987 23 176 147
is_linear=0
shrinkage=0.05


Tree=2
num_leaves=31
num_cat=0
split_feature=0 1 18 21 23 10 28 16 58 6 17 27 4 16 15 37 0 8 49 78 12 13 73 14 13 6 50 27 4 30
split_gain=619.932 227.415 86.6263 96.5399 57.7926 62.148 46.6112 41.0094 61.9257 51.9666 43.1028 42.7117 58.2115 51.0141 40.0629 112.999 63.3593 54.3226 46.358 40.0555 34.7636 33.3596 55.579 31.13 25.8206 54.9271 47.5399 30.6668 25.5929 24.0986
threshold=0.003249999950639904 1.0000000180025095e-35 0.0013499999768100681 0.0018500000005587938 0.012950000353157522 0.0052499999292194852 0.051300000399351127 0.0014499999815598132 0.0019500000635161998 0.18280000239610675 0.093950003385543837 0.0010500000207684936 0.031199999153614048 0.0010500000207684936 0.0010500000207684936 0.0014499999815598132 0.002549999975599349 0.0020500000100582842 0.0010500000207684936 0.00024998500157380482 0.0029499999945983295 0.038599999621510513 0.0051500000990927228 0.0045499999541789302 0.0094499997794628161 0.047700000926852233 0.0012500000302679839 0.018899999558925632 0.0011500000255182388 1.0000000180025095e-35
decision_type=2 2 2 2 2 2 2 2 2 2 2 2 2 2 2 2 2 2 2 2 2 2 2 2 2 2 2 2 2 2
left_child=1 2 4 -4 5 7 -6 8 10 -10 11 12 13 14 15 17 -17 19 28 -1 -5 -13 -23 -16 -9 26 -26 -27 29 -19
right_child=-2 -3 3 20 6 -7 -8 24 9 -11 -12 21 -14 -15 23 16 -18 18 -20 -21 -22 22 -24 -25 25 27 -28 -29 -30 -31
leaf_value=-0.0073509420289398636 0.19640505241902467 0.1845927562059122 0.19457045491111136 -0.016979801603647676 0.15484650278384063 0.17241970129006245 -0.0030775858543901145 -0.041341438033231849 0.14691050421526436 -0.013970599940421513 0.20257981008120482 -0.021704993700475409 -0.043722640437154486 0.21381207519602785 -0.01411593478710354 0.19866005663981626 -0.059549322070986711 -0.038381878385024354 -0.033439677189530947 0.1630930224835675 0.16683720276059255 -0.015005211689171426 0.24178392775643842 0.17204510017554336 0.22576354233999507 0.22513200073946871 -0.034989439903813584 -0.061702210943410697 0.15886977934166224 0.13852611051280117
leaf_weight=76.884742826223373 51.814858511090279 19.423559129238129 13.199032828211786 14.472182199358942 11.557705551385881 5.3698955327272406 7.8429184257984152 77.750372216105461 14.244248986244203 7.7506012916564933 2.7157632708549491 159.87550616264343 33.973794728517532 3.593692034482955 64.463069960474968 14.870018005371096 2.8275364339351645 4.0943699032068315 6.7032149136066428 3.6087749004364005 3.1280864030122748 5.9323568195104581 3.2679127156734467 2.3266979008913031 1.8780798763036752 4.0666677951812735 25.236078992486 1.2088534384965894 13.516495659947394 3.6332446485757828
leaf_count=170 152 60 43 20 47 22 32 77 65 51 10 579 37 14 202 59 2 28 8 16 12 20 12 11 7 14 25 8 62 19
internal_value=0.0303718 0.016255 0.010713 0.0923491 0.00621667 0.00316934 0.0910039 0.0014687 0.00852562 0.0902188 0.00405908 0.0027098 0.0167107 0.0271581 0.0236813 0.0402609 0.157406 0.0211429 0.0812013 0.000290591 0.0156899 -0.0163772 0.0762056 -0.0076308 -0.025716 0.0117925 -0.0169282 0.159406 0.117374 0.0447939
internal_weight=661.23 609.415 589.992 30.7993 559.193 539.792 19.4006 534.422 424.282 21.9949 402.287 399.571 230.496 196.522 192.928 126.138 17.6976 108.441 27.9473 80.4935 17.6003 169.076 9.20027 66.7898 110.14 32.3897 27.1142 5.27552 21.2441 7.72761
internal_count=1884 1732 1672 75 1597 1518 79 1496 1365 116 1249 1239 628 591 577 364 61 303 117 186 32 611 32 213 131 54 32 22 109 47
is_linear=0
shrinkage=0.05


Tree=3
num_leaves=31
num_cat=0
split_feature=0 1 38 7 77 5 51 5 32 13 16 43 27 16 53 5 66 62 7 0 11 52 76 76 35 78 17 40 13 29
split_gain=498.446 185.227 75.2079 52.129 60.5743 54.8159 44.9939 42.2869 38.735 38.3458 34.6859 42.1748 37.764 54.2366 46.0763 42.424 37.6264 33.4627 33.1156 38.5443 29.6096 29.4219 30.6112 59.9007 26.7467 26.2664 25.5852 24.6779 24.4774 91.1766
threshold=0.003249999950639904 1.0000000180025095e-35 0.0012500000302679839 0.0024500000290572648 0.039967002347111709 0.0013499999768100681 0.0018500000005587938 0.020200000144541267 0.0013499999768100681 0.10235000029206277 0.0014499999815598132 0.0061999999452382335 0.0010500000207684936 0.0010500000207684936 0.0013499999768100681 0.011399999726563694 0.0031500000040978198 0.0012500000302679839 0.0010500000207684936 0.0011500000255182388 0.45055000483989721 0.0044499998912215242 0.23871856927871707 0.11581228300929071 0.0015499999863095584 0.001799835008569062 0.0012500000302679839 0.0013499999768100681 0.0083499997854232805 0.0066499998793005952
decision_type=2 2 2 2 2 2 2 2 2 2 2 2 2 2 2 2 2 2 2 2 2 2 2 2 2 2 2 2 2 2
left_child=1 2 3 6 5 -5 7 8 9 10 11 12 13 14 15 17 20 18 19 21 -14 22 23 -1 -18 -26 -16 -25 -12 -30
right_child=-2 -3 -4 4 -6 -7 -8 -9 -10 -11 28 -13 16 -15 26 -17 24 -19 -20 -21 -22 -23 -24 27 25 -27 -28 -29 29 -31
leaf_value=0.012834285219081018 0.17023196659237666 0.16058968461852002 0.16466597871151445 -0.016392360328157479 0.18006858358258174 0.18385160630577085 0.13162180630121081 0.16872691790319425 0.15677848443744247 0.13231625274432399 -0.041007327272845229 0.13283433719483065 -0.021851279729139285 0.18674891602075927 -0.060649313357233448 0.20871697538560463 0.18245286859957119 -0.055053038437647694 -0.039123374091184389 0.19519288520952724 0.15024705780186379 0.15816721935662956 -0.031863175372184409 0.15306379215545396 -0.032498716202233414 0.14533773775481693 0.15013731312793283 -0.0046429138683461921 0.20744606454425504 -0.020219778029100563
leaf_weight=111.8714786618948 56.650899887084961 21.159944593906403 7.7608920335769644 16.43768700957299 9.0820396989583951 4.3147561252117148 6.8775263130664817 3.8192457854747763 4.0006968379020682 5.471613958477973 77.874816939234734 6.4687755256891242 165.43115626275539 4.6518185287713996 1.7181394547224034 2.6291076540946952 3.696272909641265 19.902802184224129 26.124766573309898 3.1335666775703421 2.5376470237970343 3.6635494977235785 28.65092571079731 11.715655550360678 6.5246086269617063 3.0455342978239059 8.8800802081823331 3.1468264162540427 4.9670011699199668 38.370414480566978
leaf_count=348 152 60 24 19 26 13 27 12 12 21 93 30 607 16 12 8 16 33 35 11 11 15 46 51 45 14 37 19 16 55
internal_value=0.0283231 0.0152284 0.0100395 0.00798813 0.072373 0.0252415 0.00452815 0.00293396 0.001771 0.000623612 -0.000723237 0.00616724 0.00415562 0.0177864 0.0142369 0.00912336 -0.0128486 0.00660305 0.0131197 0.0215352 -0.0192512 0.0181138 0.0148117 0.0253635 0.0682163 0.0240947 0.115965 0.119673 -0.0242459 0.00587353
internal_weight=670.58 613.929 592.769 585.009 29.8345 20.7524 555.174 548.297 544.477 540.477 535.005 413.793 407.324 226.089 221.437 210.839 181.235 208.21 188.307 162.182 167.969 159.048 155.385 126.734 13.2664 9.57014 10.5982 14.8625 121.212 43.3374
internal_count=1884 1732 1672 1648 58 32 1590 1563 1551 1539 1518 1354 1324 631 615 566 693 558 525 490 618 479 464 418 75 59 49 70 164 71
is_linear=0
shrinkage=0.05


Tree=4
num_leaves=31
num_cat=0
split_feature=7 1 32 77 24 5 51 11 78 9 35 14 2 53 10 27 51 77 4 8 77 4 2 5 35 20 22 6 18 33
split_gain=261.958 159.988 77.3634 76.5243 63.5758 56.2527 44.6066 40.15 39.7084 35.5849 61.6683 43.3523 44.5628 31.3747 41.5709 29.937 37.7976 30.2415 28.136 23.8365 66.5664 61.911 35.2715 52.3582 29.2075 26.3393 24.2412 32.196 24.4731 23.7186
threshold=0.0024500000290572648 1.0000000180025095e-35 0.0013499999768100681 0.039967002347111709 0.0016499999910593035 0.0013499999768100681 0.0018500000005587938 0.012950000353157522 0.029402417130768303 0.0019500000635161998 0.0034500000765547161 0.0020500000100582842 0.002650000038556755 0.0010500000207684936 0.0012500000302679839 0.0015499999863095584 0.0013499999768100681 0.011613349430263044 0.15749999880790713 0.0068500000052154073 0.015675584785640243 0.0019500000635161998 0.0012500000302679839 1.0000000180025095e-35 0.0019500000635161998 0.13149999827146533 0.076500002294778838 0.17655000090599063 0.0014499999815598132 0.010650000069290401
decision_type=2 2 2 2 2 2 2 2 2 2 2 2 2 2 2 2 2 2 2 2 2 2 2 2 2 2 2 2 2 2
left_child=1 2 4 5 6 7 8 -2 13 11 -11 12 -6 19 15 16 17 -15 -12 22 29 -22 23 -1 -23 26 28 -28 -24 -21
right_child=3 -3 -4 -5 9 -7 -8 -9 -10 10 18 -13 -14 14 -16 -17 -18 -19 -20 20 21 24 25 -25 -26 -27 27 -29 -30 -31
leaf_value=0.010124862030498479 0.17827049203150458 0.14282686156306942 0.14661448003519237 0.15328273356569028 0.15630172868376219 0.15658984065184903 0.12273114253074729 -0.035771084110529192 0.17141713310793438 0.13083585738887754 -0.030720744921505297 0.18315747019611398 -0.059613512388620483 0.03156444787989994 0.12458768966840911 -0.046495796453525376 -0.059085620872875749 0.18304314193777227 0.15807878706179657 -0.014007031170538498 -0.016430419054712205 0.15705844849729464 -0.022011962928592352 0.17553715749493093 -0.060433734437063118 0.16720437602269983 0.19000981284562088 -0.03339547973712842 0.15219770388423395 0.15821228052142158
leaf_weight=53.394886493682861 2.5688320398330751 23.786926910281181 10.258632153272627 47.699902072548866 2.8396663218736711 7.8888579159975043 7.5780295878648749 14.893184810876845 3.3758095353841773 25.484705060720444 11.823967099189757 2.8940819054841986 15.08158817887306 7.6382530927658099 10.895533382892607 13.122698023915289 5.4623640179634085 5.7943888902664185 2.3686470985412589 68.112956613302231 10.307500720024111 16.579563736915592 288.14888070523739 5.254785180091857 1.7021220326423634 1.918413758277892 3.1937397569417945 3.2577245980501175 2.0301743596792212 2.0596976280212393
leaf_count=203 8 63 27 121 10 21 27 14 10 95 23 10 17 42 44 36 4 19 7 213 32 61 690 19 12 6 12 22 6 10
internal_value=0.0265429 0.015733 0.0105258 0.115975 0.00807794 0.0457782 0.00232757 -0.00428349 0.000510899 0.0565417 0.0843178 0.00359596 -0.0254012 -0.0006456 0.040227 0.0115193 0.0518112 0.0969072 0.000788564 -0.00449238 0.017249 0.0815602 -0.0105037 0.0249452 0.136809 -0.0174676 -0.0186619 0.0771993 -0.0207931 -0.00895207
internal_weight=677.417 604.366 580.579 73.0508 570.32 25.3509 509.828 17.462 502.249 60.4927 39.6773 20.8153 17.9213 498.874 42.9132 32.0177 18.895 13.4326 14.1926 455.96 98.7618 28.5892 357.199 58.6497 18.2817 298.549 296.631 6.45146 290.179 70.1727
internal_count=1884 1720 1657 164 1630 43 1468 22 1441 162 125 37 27 1431 145 101 65 61 30 1286 328 105 958 222 73 736 730 34 696 223
is_linear=0
shrinkage=0.05


Tree=5
num_leaves=31
num_cat=0
split_feature=0 63 18 39 10 35 24 23 44 17 4 47 30 6 78 64 43 79 66 66 67 8 78 5 65 78 33 29 15 71
split_gain=355.54 96.4424 53.5682 54.2606 37.5592 37.3858 36.7782 36.3749 29.0312 64.9291 60.3429 46.2613 37.9094 36.038 38.242 29.53 29.3094 26.5489 38.9643 29.5358 25.9216 27.9899 39.9556 40.2898 25.8472 25.8724 25.7408 27.749 24.006 20.901
threshold=0.003249999950639904 0.0012500000302679839 0.0013499999768100681 0.0017499999958090486 0.0052499999292194852 0.0031500000040978198 0.0038499999791383748 0.012950000353157522 0.0035500000230968003 0.0057500000111758718 0.036849999800324447 0.0014499999815598132 1.0000000180025095e-35 0.0027499999850988392 0.010136058088392021 0.0020500000100582842 0.0066499998793005952 0.46327556669712072 0.022600000724196437 0.0063000000081956395 0.013950000051409008 0.0010500000207684936 0.0004999249940738083 0.0018500000005587938 0.0010500000207684936 0.0011997500550933184 0.0049499999731779107 0.007849999703466894 0.035200001671910293 0.15444999933242801
decision_type=2 2 2 2 2 2 2 2 2 2 2 2 2 2 2 2 2 2 2 2 2 2 2 2 2 2 2 2 2 2
left_child=1 2 4 -4 7 -6 -5 8 13 12 11 15 29 16 -15 17 20 18 -11 -19 21 -1 23 26 25 -24 27 -23 -9 -10
right_child=-2 -3 3 6 5 -7 -8 28 9 10 -12 -13 -14 14 -16 -17 -18 19 -20 -21 -22 22 24 -25 -26 -27 -28 -29 -30 -31
leaf_value=-0.0058973289932291797 0.13803519844413786 0.14613724005738343 0.14793025291578907 -0.027930695632473596 0.13448007409022231 -0.028038761265823338 0.11060500965241007 0.14540791914664924 0.15312861820114324 0.17340053451363932 0.17401597525883924 0.14722137489222514 -0.005032924093893814 -0.022028395643627893 0.1672570288190052 0.15109569636557665 0.20020071290599578 -0.023410631582710614 -0.059244592307613399 0.13171668170576531 0.16131822811170751 0.0044944227214084335 0.1266883254509068 0.19904026712567333 -0.048696233950245242 -0.014292675965714187 0.20667893928933823 0.1463505488462353 0.010933032469346857 -0.062810151136684589
leaf_weight=136.4894405528903 63.091206401586533 13.396596074104307 13.758746579289435 13.756932601332666 10.945564925670626 5.229265645146369 7.3506055921316138 7.4951065182685834 15.666044354438787 4.4495822787284842 5.1791548877954474 5.0669716447591773 6.4249578565359107 195.24439536035061 2.7053474932909003 2.8646941632032386 2.0184392631053916 95.81253419816494 3.0222034454345703 3.1699232459068289 2.7438884675502768 17.829779505729686 5.6453069299459475 5.4401069581508628 16.115755751729012 7.6834987699985504 2.329192027449607 4.2737141102552405 5.9560666680335999 1.2069199681282032
leaf_count=298 152 33 35 19 34 15 22 23 61 13 15 18 41 654 10 9 6 166 4 12 9 92 23 17 24 13 8 17 33 8
internal_value=0.0249612 0.0134413 0.0105072 0.0706731 0.0068334 0.0819383 0.0203137 0.00464389 0.00262591 0.0219641 0.00708464 -0.000473659 0.0983254 -0.00430653 -0.0194415 -0.00731938 0.0106307 -0.0115823 0.0792997 -0.0184427 0.0087036 0.00656498 0.0352408 0.0759819 -0.0060928 0.0454187 0.048582 0.0319223 0.0858636 0.137683
internal_weight=682.362 619.271 605.874 34.8663 571.008 16.1748 21.1075 554.833 541.382 142.863 119.565 114.386 23.2979 398.519 197.95 109.319 200.569 106.454 7.47179 98.9825 198.551 195.807 59.3174 29.8728 29.4446 13.3288 24.4327 22.1035 13.4512 16.873
internal_count=1884 1732 1699 76 1623 49 41 1574 1518 347 237 222 110 1171 664 204 507 195 17 178 501 492 194 134 60 36 117 109 56 69
is_linear=0
shrinkage=0.05


Tree=6
num_leaves=31
num_cat=0
split_feature=34 28 14 24 63 2 77 75 12 6 52 8 78 9 15 2 79 15 28 53 3 57 12 7 77 32 6 37 6 5
split_gain=237.426 64.8481 69.7944 55.235 53.6384 40.5106 50.2345 43.4926 33.6477 29.7037 54.1283 39.1194 43.7921 38.6565 35.9384 33.5302 42.0502 46.2212 40.251 38.247 32.3392 29.3992 26.8635 26.4277 25.561 24.3608 23.4418 22.8677 22.1519 21.8909
threshold=0.0012500000302679839 0.0019500000635161998 0.013849999755620958 0.0017499999958090486 1.0000000180025095e-35 0.0030500000575557355 0.0084380931220948713 0.0037500000325962905 0.0019500000635161998 0.0072500000242143878 0.0042499999981373557 0.0020500000100582842 0.00039994499820750212 0.0024500000290572648 0.002650000038556755 0.0012500000302679839 0.083718981593847289 0.0039500000420957812 0.0018500000005587938 0.0012500000302679839 0.0021499999566003685 0.013749999925494196 0.0020500000100582842 0.0028499999316409235 0.029683198779821399 0.0013499999768100681 0.0037500000325962905 0.027250000275671486 1.0000000180025095e-35 0.0018500000005587938
decision_type=2 2 2 2 2 2 2 2 2 2 2 2 2 2 2 2 2 2 2 2 2 2 2 2 2 2 2 2 2 2
left_child=3 -2 27 4 9 -5 -7 -8 -9 10 11 15 14 26 20 16 -1 22 19 -17 29 23 28 25 -12 -11 -14 -3 -18 -13
right_child=1 2 -4 5 -6 6 7 8 -10 21 24 12 13 -15 -16 18 17 -19 -20 -21 -22 -23 -24 -25 -26 -27 -28 -29 -30 -31
leaf_value=-0.032847396435170179 0.12914836717394548 -0.029244611184837857 0.12180445722669152 0.13407865275349309 0.12977648138780815 -0.038041292010607242 0.10417774861977656 -0.044362747113596175 0.13318647314253274 -0.016151149449008813 -0.0016314314527578516 -0.015663677985681274 -0.028866624891310824 0.11075845973319554 -0.024424509077375044 -0.026713343665724195 0.14349282874493419 -0.060363502875416725 0.11488434724854169 0.12777878783580707 0.13320515514792364 0.16936747724068832 0.0073637423746584184 0.15337315169326748 0.13871263061011949 0.12462745874385915 0.11907137151324204 0.090957956059564776 -0.022633212054043089 0.15795410110995564
leaf_weight=16.536488831043243 57.456280156970024 20.300670683383945 18.627254635095596 12.611632272601126 8.553799629211424 16.660834938287735 25.889504477381706 11.449298135936258 3.4793581068515769 210.71804500371218 4.4131859987974194 7.7572254836559313 34.172598652541637 7.0101394653320304 7.2804571092128745 129.45390193909407 17.065821111202251 5.9459713101387015 5.6011410802602759 4.1340560466051093 21.666030883789062 2.2513546347618094 6.6350041925907126 2.3819338381290427 12.249908998608587 3.1184526532888404 2.9054307788610449 4.914591670036315 2.2740663141012183 2.3703632801771164
leaf_count=19 136 48 53 38 20 28 86 10 10 693 9 48 54 26 29 240 63 23 29 14 82 6 23 6 34 8 12 16 14 7
internal_value=0.0235333 0.0942025 0.0484055 0.0112875 0.00561477 0.0529278 0.0351223 0.0649856 -0.00298211 0.00351561 0.0140771 0.00869521 0.037241 0.00308333 0.0757819 -0.00395588 0.0318654 0.0653896 -0.0164267 -0.0219324 0.0987283 -0.0103816 0.094176 -0.0122532 0.101543 -0.0140981 -0.0172742 -0.00581648 0.123959 0.0249716
internal_weight=685.885 101.299 43.8425 584.586 514.495 70.0906 57.479 40.8182 14.9287 505.942 287.472 270.809 83.1622 44.0882 39.0741 187.646 48.4574 31.9209 139.189 133.588 31.7936 218.47 25.9749 216.218 16.6631 213.836 37.078 25.2153 19.3399 10.1276
internal_count=1884 253 117 1631 1459 172 134 106 20 1439 726 683 258 92 166 425 142 123 283 254 137 713 100 707 43 701 66 64 77 55
is_linear=0
shrinkage=0.05


Tree=7
num_leaves=31
num_cat=0
split_feature=0 1 64 29 3 32 61 0 78 6 31 20 18 21 45 13 20 79 37 37 20 28 3 66 2 79 22 12 19 3
split_gain=270.346 104.286 46.4694 32.0698 41.6482 29.8012 28.8082 28.5112 26.734 23.0518 51.3926 34.4245 26.1111 34.3828 26.5176 25.3089 37.0497 43.4366 30.2691 25.7869 28.4209 21.7852 24.8476 23.9728 29.8336 34.1177 31.8779 23.2307 35.5922 25.2284
threshold=0.003249999950639904 1.0000000180025095e-35 0.0018500000005587938 1.0000000180025095e-35 0.058650000020861633 0.0013499999768100681 0.0079999999143183249 1.0000000180025095e-35 0.029402417130768303 0.0072500000242143878 1.0000000180025095e-35 0.05829999968409539 0.0010500000207684936 0.0029499999945983295 0.02094999980181456 0.019650000147521499 0.0021499999566003685 0.88134276866912853 0.00335000001359731 0.0227000005543232 0.0039500000420957812 0.0021499999566003685 0.015649999491870407 1.0000000180025095e-35 0.0012500000302679839 0.45070396363735205 0.0073500000871717939 0.0010500000207684936 0.0012500000302679839 0.0019500000635161998
decision_type=2 2 2 2 2 2 2 2 2 2 2 2 2 2 2 2 2 2 2 2 2 2 2 2 2 2 2 2 2 2
left_child=1 2 5 -4 7 6 8 -5 9 10 12 15 14 -14 21 19 17 -17 -19 -11 -21 23 -23 24 25 -1 27 -26 29 -29
right_child=-2 -3 3 4 -6 -7 -8 -9 -10 11 -12 -13 13 -15 -16 16 -18 18 -20 20 -22 22 -24 -25 26 -27 -28 28 -30 -31
leaf_value=-0.0033173426958930581 0.11789630877044631 0.11234316183593905 0.11994407581126652 -0.020404455444861625 0.1198602857838401 0.12094146510688474 0.093006159470528108 0.13532621701266775 0.14344489314913608 -0.026593520731419441 0.13071158306505223 0.13666908691253873 0.11510494017931144 -0.030694926350285659 0.12814188918800493 -0.026615013282148971 0.16558934685064977 0.011220735642035172 0.14329574865828834 0.16255486190822857 -0.035159427559707378 0.015485447271850814 0.20692328018934403 -0.059271628539489585 -0.023666310990382838 0.08456960061103766 0.14373563556847099 -0.018369603563556332 -0.0055231580498357382 0.12745950171135606
leaf_weight=23.195579677820206 66.708836331963539 24.84404493868351 13.413038179278372 24.174341768026355 9.5192498564720136 5.352859452366828 8.6294139325618726 3.3458341956138602 3.2695867717266074 175.16661735624075 8.5124272555112821 3.8717328906059256 11.644612789154055 6.1946855932474127 4.095465973019599 36.451974645256996 3.8240031450986853 9.9193367213010806 7.7099067121744147 3.8558706790208808 3.4384794533252716 4.682781219482421 2.6565901190042496 17.36847036331892 114.7567375227809 21.076230064034462 3.4343465715646735 4.2315133064985266 52.470978163182735 9.9151254892349225
leaf_count=35 152 60 41 53 26 13 29 8 8 615 27 12 32 7 14 63 11 43 28 11 6 28 9 38 204 96 13 28 130 44
internal_value=0.0222469 0.0119724 0.00778978 0.0537002 0.0297114 0.00354534 0.00238243 -0.00147111 0.000911742 2.99104e-05 0.00970997 -0.0112354 0.00597428 0.064476 0.00192737 -0.0136178 0.0151825 0.00454741 0.0689819 -0.0227578 0.0693544 -0.00010939 0.0847791 -0.00263741 0.00165649 0.0385225 -0.00717494 -0.0100324 0.0134535 0.0838394
internal_weight=687.731 621.022 596.178 50.4525 37.0394 545.725 540.372 27.5202 531.743 528.473 284.236 244.238 275.723 17.8393 257.884 240.366 57.9052 54.0812 17.6292 182.461 7.29435 253.788 7.33937 246.449 229.081 44.2718 184.809 181.374 66.6176 14.1466
internal_count=1884 1732 1672 128 87 1544 1531 61 1502 1494 705 789 678 39 639 777 145 134 71 632 17 625 37 588 550 131 419 406 202 72
is_linear=0
shrinkage=0.05


Tree=8
num_leaves=31
num_cat=0
split_feature=0 1 64 9 35 6 32 51 61 6 31 9 20 37 23 66 41 30 67 13 33 13 26 58 25 23 52 2 22 46
split_gain=239.121 92.0114 41.2788 27.8852 37.908 29.8873 26.2036 25.2108 28.0617 25.4878 43.401 27.9994 27.0311 22.7319 22.4224 27.4118 31.3315 34.2007 21.8653 21.7293 53.7966 23.2438 22.121 20.2536 25.2475 19.763 27.7326 28.3082 28.0496 19.5057
threshold=0.003249999950639904 1.0000000180025095e-35 0.0018500000005587938 0.0023500000825151805 0.0034500000765547161 0.0013499999768100681 0.0013499999768100681 0.0018500000005587938 0.0079999999143183249 0.0072500000242143878 1.0000000180025095e-35 0.0022500000195577745 0.05829999968409539 0.0060499999672174462 0.0016499999910593035 1.0000000180025095e-35 0.0062500000931322583 0.0012500000302679839 0.047050001099705703 0.019650000147521499 0.0043500000610947618 0.02055000048130751 0.057099999859929092 0.0011500000255182388 0.0082499999552965182 0.0020500000100582842 0.0021499999566003685 0.030799999833106998 0.0073500000871717939 0.0011500000255182388
decision_type=2 2 2 2 2 2 2 2 2 2 2 2 2 2 2 2 2 2 2 2 2 2 2 2 2 2 2 2 2 2
left_child=1 2 6 5 -5 -4 7 8 9 10 11 18 19 -6 15 16 17 -13 25 22 21 -21 -11 -23 -25 26 28 -28 29 -1
right_child=-2 -3 3 4 13 -7 -8 -9 -10 12 -12 14 -14 -15 -16 -17 -18 -19 -20 20 -22 23 -24 24 -26 -27 27 -29 -30 -31
leaf_value=-0.0080455691855422628 0.11030470757180562 0.10471897874201415 0.098223597142871058 0.11609048931406932 -0.040406502584866194 -0.039717820270607704 0.11209404909053938 0.088736632379924685 0.094390864809793043 -0.02538295204957948 0.11785087059302589 0.11467658862953559 0.12260005631959039 0.13181732999808998 0.13811227639278387 -0.048859030431714523 -0.046191695451621238 -0.030070343564362268 0.150364533073857 0.18634428924816004 0.11688611782852716 -0.034682507235571765 0.13073620001857506 0.13467516583288069 -0.027621937355235812 -0.039584776504852141 0.11844410854260577 -0.012333925770103817 0.15417908911631273 0.076643237798030991
leaf_weight=173.42558385431767 67.706373155117035 25.30713877081871 5.6133860647678402 21.808073833584785 8.0369537845253927 13.069257140159605 5.4829217344522467 8.2931212037801725 7.9032717049121848 174.84498945623636 8.9567975699901563 17.179887667298324 3.6371586024761191 2.51569840312004 5.4314170926809302 8.6136056631803495 6.2551801651716223 5.3522729128599158 2.3681090474128714 1.451327621936797 10.09282376617193 34.952241688966751 2.2988246679306021 4.4440685510635358 5.200336679816246 30.867662817239761 10.006663255393507 7.0554740205407134 2.8205162584781638 7.076483190059661
leaf_count=429 152 60 17 64 18 23 13 27 25 614 27 65 11 6 15 28 7 31 6 6 35 64 10 16 16 28 35 10 9 17
internal_value=0.0210828 0.0113452 0.00737404 0.0503662 0.0784462 0.00172805 0.00334018 0.00223292 0.000879964 -0.000534927 0.00952816 0.00601861 -0.0126575 0.00065078 0.0431809 0.0293949 0.0528096 0.0802935 -0.000794792 -0.0147663 0.0123402 -0.0105742 -0.023357 -0.0169826 0.0471633 -0.00234272 0.00339412 0.0643652 -0.00228056 -0.00472539
internal_weight=688.068 620.361 595.054 51.0434 32.3607 18.6826 544.011 538.528 530.235 522.331 285.41 276.453 236.922 10.5527 42.8324 37.4009 28.7873 22.5322 233.62 233.285 56.1408 46.048 177.144 44.5966 9.64441 231.252 200.385 17.0621 183.323 180.502
internal_count=1884 1732 1672 128 88 40 1544 1531 1504 1479 707 680 772 24 146 131 103 96 534 761 137 102 624 96 32 528 500 45 455 446
is_linear=0
shrinkage=0.05


Tree=9
num_leaves=31
num_cat=0
split_feature=0 1 64 9 64 6 32 47 76 78 61 5 20 2 25 4 22 6 60 27 3 13 46 7 76 14 33 56 5 5
split_gain=213.515 81.8491 36.8524 24.2556 32.3723 26.6513 23.243 22.1897 26.0991 22.9205 18.9978 18.899 17.6022 16.5389 19.4103 22.7369 28.7155 23.9659 20.62 22.1204 29.1005 40.7327 31.2307 26.025 24.6229 36.3026 26.9354 26.8547 29.2689 35.047
threshold=0.003249999950639904 1.0000000180025095e-35 0.0018500000005587938 0.0023500000825151805 0.026750000193715099 0.0013499999768100681 0.0013499999768100681 0.0075499999802559623 0.080461930483579649 0.029402417130768303 0.0084500000812113302 0.017849999479949478 0.083350002765655531 0.24810000509023669 0.058150000870227821 0.049799999222159393 0.063499998301267638 0.16615000367164615 0.032700000330805785 0.0010500000207684936 0.029849999584257606 0.0015499999863095584 0.0016499999910593035 0.002549999975599349 0.30355173349380499 0.003249999950639904 0.0073500000871717939 0.0016499999910593035 0.0023500000825151805 0.017049999907612804
decision_type=2 2 2 2 2 2 2 2 2 2 2 2 2 2 2 2 2 2 2 2 2 2 2 2 2 2 2 2 2 2
left_child=1 2 6 5 -5 -4 7 9 -9 10 11 12 13 14 15 16 18 -18 19 20 21 22 -1 -21 25 26 27 28 -23 -30
right_child=-2 -3 3 4 -6 -7 -8 8 -10 -11 -12 -13 -14 -15 -16 -17 17 -19 -20 23 -22 24 -24 -25 -26 -27 -28 -29 29 -31
leaf_value=-0.015885688283728855 0.10396263652253906 0.098292693565076361 0.090823227962668729 0.096276705734579651 -0.033305086388810905 -0.038781744374158829 0.10475261260652365 -0.04510446143844779 0.075491039299490623 0.12017754292538502 0.099486548880802272 0.087641688440804541 0.10351044892048977 0.10655800553025924 -0.041155711029405094 -0.040965689668161387 0.15085135383692061 -0.029193032913083068 0.14198888421216008 -0.018343503338798525 -0.030083171434484964 0.010696944826375525 0.20207191098861721 0.1290902058537747 -0.0082043038728110973 0.15782812087685616 0.15214410854884025 0.1246349628545288 0.16266931000278625 -0.058227084528740848
leaf_weight=80.1794164031744 68.229196548461914 25.605085551738739 5.7630984038114574 27.052198931574821 5.8646324500441542 12.724324293434618 5.5713170021772376 5.8257492110133198 19.515401922166348 3.9261369705200186 4.6513505429029456 5.8080502003431311 3.8434278964996329 3.3651981055736533 33.922421403229237 34.515099249780178 5.706982493400572 2.7336460500955582 2.519250512123107 162.31293929368258 41.547345325350761 66.776753567159176 1.6779226958751667 3.0494412034749976 26.684226237237453 6.7601258084177962 4.8486378937959662 6.9987132400274268 6.9055628776550275 2.4265861511230469
leaf_count=169 152 60 17 82 6 23 13 41 76 9 15 17 10 9 139 48 19 18 8 531 49 228 5 8 46 24 15 26 20 1
internal_value=0.0200174 0.0107658 0.00698947 0.0474499 0.0731897 0.00162011 0.00315264 0.00209757 0.047767 -0.000166535 -0.00109803 -0.00202894 -0.00307732 -0.0039084 -0.00466773 -0.00195121 0.00124637 0.0925408 -0.000620867 -0.00149678 0.00804642 0.0158404 -0.011418 -0.0156247 0.03422 0.0461721 0.0375904 0.0309072 0.0222883 0.105231
internal_weight=687.31 619.081 593.476 51.4043 32.9168 18.4874 542.072 536.5 25.3412 511.159 507.233 502.582 496.774 492.93 489.565 455.643 421.128 8.44063 412.687 410.168 244.805 203.258 81.8573 165.362 121.401 94.7164 87.9563 83.1076 76.1089 9.33215
internal_count=1884 1732 1672 128 88 40 1544 1531 117 1414 1405 1390 1373 1363 1354 1215 1167 37 1130 1122 583 534 174 539 360 314 290 275 249 21
is_linear=0
shrinkage=0.05


Tree=10
num_leaves=31
num_cat=0
split_feature=0 1 64 29 52 14 29 32 51 61 6 13 12 48 4 77 9 41 56 52 8 9 15 46 57 30 4 6 17 7
split_gain=192.184 73.312 32.9541 21.3308 28.3207 24.2307 33.0459 20.7668 20.6915 21.8669 21.9121 34.6654 33.8706 40.2232 37.0916 30.8415 24.8083 33.7679 25.8247 22.4459 21.5946 32.1737 21.068 44.7852 22.8226 19.4802 19.0334 15.7138 26.8247 14.9824
threshold=0.003249999950639904 1.0000000180025095e-35 0.0018500000005587938 0.0065500000491738328 1.0000000180025095e-35 0.0011500000255182388 1.0000000180025095e-35 0.0013499999768100681 0.0018500000005587938 0.0079999999143183249 0.0021499999566003685 0.017450000159442428 0.028400000184774402 0.0014499999815598132 0.017749999649822715 0.17408025264739993 0.0022500000195577745 0.0055499998852610597 0.0011500000255182388 0.00335000001359731 0.0088499998673796671 0.0010500000207684936 1.0000000180025095e-35 0.0011500000255182388 0.0028499999316409235 0.0012500000302679839 0.050899999216198928 0.0011500000255182388 0.0020500000100582842 0.0030000000260770325
decision_type=2 2 2 2 2 2 2 2 2 2 2 2 2 2 2 2 2 2 2 2 2 2 2 2 2 2 2 2 2 2
left_child=1 2 7 5 -5 6 -4 8 9 10 15 29 14 -14 20 16 17 19 25 22 -13 -22 23 24 27 -18 -21 -1 -29 -12
right_child=-2 -3 3 4 -6 -7 -8 -9 -10 -11 11 12 13 -15 -16 -17 18 -19 -20 26 21 -23 -24 -25 -26 -27 -28 28 -30 -31
leaf_value=-0.012570723810648488 0.098587383210758744 0.092793944730620748 0.092929330351548128 -0.052081969008949805 0.10040101985333079 0.11307697887242325 -0.030009434619943782 0.098555257461937551 0.078822632351063529 0.08121338648899179 -0.019958305110959071 -0.05125742725854511 0.11150601615773886 -0.021237403074003826 0.13072731330207091 0.13437675001336383 0.11510260039468301 0.1548774759036593 -0.012005187052698763 0.10298907455945948 0.11182884664754587 -0.015307935336850232 -0.044234295363706932 0.16354093787232132 0.11982226997594266 -0.0057155492097799195 -0.05786034364423083 -0.017792458731747517 0.13990192922376363 0.10653142537668087
leaf_weight=106.91516046971083 68.347058713436127 25.76158395409584 10.86173351109028 10.204511277377604 4.3402629792690268 15.311797872185705 11.003691256046293 5.6240382492542258 8.6172697395086271 8.3024113327264768 230.39724618941545 22.823644571006298 16.982410736382011 8.5950644016265851 4.7633205503225318 5.0368999391794196 14.306241929531103 3.5280579030513755 10.203925386071203 8.4877137839794141 6.4913565516471889 21.31953414529562 29.616769850254059 4.180931329727172 3.6743417978286734 4.3510299101471892 2.3478987216949454 6.2545240148901922 4.7408929467201233 2.365077316761016
leaf_count=233 152 60 32 22 12 39 23 13 27 25 776 30 56 20 13 14 47 10 29 26 25 52 56 11 11 23 1 23 17 6
internal_value=0.0190318 0.0102251 0.00662985 0.0447559 -0.00657997 0.06484 0.0310609 0.00297757 0.00197152 0.000711745 -0.000580062 -0.00887016 0.0193081 0.0668989 -0.00266477 0.0121918 0.00909304 0.00180639 0.0519492 -0.00144261 -0.0152133 0.0143671 -0.00629465 0.0026398 -0.00289309 0.0869268 0.0681357 -0.00671716 0.0502006 -0.0186731
internal_weight=685.756 617.409 591.648 51.722 14.5448 37.1772 21.8654 539.926 534.302 525.684 517.382 313.738 80.9753 25.5775 55.3979 203.644 198.607 169.746 28.8612 166.218 50.6345 27.8109 155.383 125.766 121.585 18.6573 10.8356 117.911 10.9954 232.762
internal_count=1884 1732 1672 128 34 94 55 1544 1531 1504 1479 978 196 76 120 501 487 388 99 378 107 77 351 295 284 70 27 273 40 782
is_linear=0
shrinkage=0.05


Tree=11
num_leaves=31
num_cat=0
split_feature=0 1 24 45 45 74 0 24 57 0 53 44 51 2 77 35 57 78 48 58 27 78 52 8 15 2 79 29 4 44
split_gain=174.092 66.0306 30.7398 22.9778 39.4868 27.1192 27.8032 26.1627 24.7165 23.3719 28.2942 23.6242 23.2041 21.5425 31.1344 27.2546 21.2778 23.456 17.5654 20.7759 18.9424 43.8844 24.067 23.4015 34.1158 17.6661 40.9205 17.0307 16.6916 15.7334
threshold=0.003249999950639904 1.0000000180025095e-35 0.0017499999958090486 0.0010500000207684936 0.0063000000081956395 0.0019500000635161998 0.0021499999566003685 0.0010500000207684936 0.013350000139325859 0.0020500000100582842 0.0015499999863095584 0.36954998970031744 0.0014499999815598132 0.0030500000575557355 0.0084380931220948713 0.0034500000765547161 0.0010500000207684936 0.00039996500709094113 0.00025000000459840527 0.0019500000635161998 0.0010500000207684936 0.00014999499762780036 0.010449999943375589 0.0020500000100582842 0.0010500000207684936 1.0000000180025095e-35 0.57482090592384349 0.05660000070929528 0.0017499999958090486 0.077050000429153456
decision_type=2 2 2 2 2 2 2 2 2 2 2 2 2 2 2 2 2 2 2 2 2 2 2 2 2 2 2 2 2 2
left_child=1 2 3 7 5 6 -5 9 12 11 -11 16 -6 -4 -15 -16 18 -18 19 20 21 23 27 25 -25 26 -1 -22 -21 -17
right_child=-2 -3 13 4 8 -7 -8 -9 -10 10 -12 -13 -14 14 15 29 17 -19 -20 28 22 -23 -24 24 -26 -27 -28 -29 -30 -31
leaf_value=-0.017136575653955332 0.093976028040303083 0.088027890971060785 0.098052253475893789 0.092335323137067105 -0.031297075552905403 -0.024017228066656408 -0.023244995239834504 -0.034958846103919465 0.14389725927084127 0.11851777145514381 -0.020918718964627835 0.18173670798742381 0.10777902117450261 -0.035623712267277188 0.076410558668902839 -0.03795196786352379 0.1122329329931161 0.0098715427546610859 -0.030715154868680122 0.11498906194278453 -0.028565251718854108 0.087115029032898611 0.10902322428332718 0.097523676804834258 -0.030613592019609018 -0.022521531439699892 0.097291182407807 0.10750310173050169 0.018866947526649362 0.10849335450932596
leaf_weight=24.562564373016357 68.120285585522652 25.79714398086071 12.246724888682364 32.891690455377102 36.156809702515602 8.6012840420007688 6.1809182465076438 54.540274143218994 2.4504061937332144 9.1189010292291623 6.0532705709338179 1.7705106437206257 3.2704450488090506 15.398543253540991 27.118509598076344 10.483095332980154 8.2005418315529841 17.624909043312073 54.445074655115604 6.420298874378207 94.435222558677197 15.481435671448706 3.4562832638621321 13.007446750998499 8.6481258347630483 84.985489830374718 11.457478106021879 2.3570333421230307 15.2298726439476 2.2229590415954581
leaf_count=33 152 60 34 125 77 21 7 107 7 23 6 5 8 28 75 21 27 54 147 27 370 64 13 51 39 180 47 8 63 5
internal_value=0.0181364 0.00973079 0.00630045 0.00219063 0.0252402 0.0563581 0.0740516 -0.00258971 -0.0101847 0.00208995 0.0628865 -0.000457586 -0.0197609 0.0380574 0.0247525 0.0480975 -0.00135286 0.0423751 -0.00472906 0.000323104 -0.00361902 0.00715961 -0.0206224 -0.00151707 0.0463522 -0.0100839 0.0192613 -0.0252518 0.0473717 -0.012331
internal_weight=682.734 614.613 588.816 521.346 89.5516 47.6739 39.0726 431.795 41.8777 377.254 15.1722 362.082 39.4273 67.4698 55.2231 39.8246 360.312 25.8255 334.486 280.041 258.391 158.143 100.249 142.661 21.6556 121.006 36.02 96.7923 21.6502 12.7061
internal_count=1884 1732 1672 1509 245 153 132 1264 92 1157 29 1128 85 163 129 101 1123 81 1042 895 805 414 391 350 90 260 80 378 90 26
is_linear=0
shrinkage=0.05


Tree=12
num_leaves=31
num_cat=0
split_feature=0 1 64 9 35 6 78 32 47 76 35 23 4 37 22 27 78 44 67 56 77 13 78 43 3 6 29 4 37 33
split_gain=158.688 59.7847 27.8215 18.0158 24.7235 20.4222 17.756 18.0645 17.6976 21.05 17.2954 30.4556 26.6338 25.9241 22.5743 20.4401 18.7554 17.8776 17.5952 17.4489 24.2671 19.9108 18.1675 40.3058 35.6762 27.1662 32.2547 28.2337 25.6626 21.5743
threshold=0.003249999950639904 1.0000000180025095e-35 0.0018500000005587938 0.0023500000825151805 0.0034500000765547161 0.0013499999768100681 0.029402417130768303 0.0013499999768100681 0.0075499999802559623 0.080461930483579649 1.0000000180025095e-35 0.0093999998643994349 0.037900000810623176 0.0227000005543232 0.018550000153481964 0.032600000500679023 0.0083297132514417189 0.0031500000040978198 0.047050001099705703 0.003249999950639904 0.33734756708145147 0.029350000433623794 0.0012996750301681461 0.0021499999566003685 0.0044499998912215242 0.0021499999566003685 0.003249999950639904 0.018350000493228439 0.012249999679625036 0.0082999998703598993
decision_type=2 2 2 2 2 2 2 2 2 2 2 2 2 2 2 2 2 2 2 2 2 2 2 2 2 2 2 2 2 2
left_child=1 2 6 5 -5 -4 7 8 10 -10 11 12 14 -12 15 16 18 -14 19 20 22 -21 23 25 -25 26 28 -27 29 -1
right_child=-2 -3 3 4 -6 -7 -8 -9 9 -11 13 -13 17 -15 -16 -17 -18 -19 -20 21 -22 -23 -24 24 -26 27 -28 -29 -30 -31
leaf_value=0.0037844914871325063 0.08997897689794862 0.083850401796682877 0.075957686055023177 0.091020885241790916 -0.0022352138670038968 -0.037201062918441712 0.10752967949540403 0.09091160084031738 -0.044392095283827981 0.064696010209856658 -0.027895742073683991 0.092236336009798081 -0.050356481996673419 0.065023970996519451 0.099384033658200754 0.12951318262527414 0.15794165609790028 0.048089502990299765 0.13286764075168978 -0.029665420856864685 0.1155240126759462 0.12031958126392735 -0.031983153658292247 -0.057777488316178717 0.15264788073837568 -0.018218994333925837 0.10008171360539381 0.15361599051777669 0.13486908103037465 0.14285546939246485
leaf_weight=106.75014827400446 67.60129202902317 25.729600191116333 5.9868297874927547 23.379791796207428 10.211208522319792 11.93733476102352 4.0015092790126792 5.6280005872249594 5.6467007920146015 20.392401330173016 89.533720754086971 9.4109101295471174 34.881824932992458 8.1932248026132566 6.3043073192238799 3.2090101614594451 1.9354031682014454 5.3141868934035292 2.5434306710958472 56.774024046957493 4.9758663326501837 2.3024912029504767 30.932633459568024 2.6515631154179564 8.3811025619506818 104.24138130247593 11.44186721742153 2.446586698293685 4.0971999615430823 2.8635205924510947
leaf_count=276 152 60 17 64 24 23 9 13 41 76 372 32 41 27 26 14 5 9 7 150 13 7 65 4 27 260 41 10 11 8
internal_value=0.0172819 0.00925308 0.00597977 0.0410731 0.0626723 0.000594962 0.00259971 0.00180875 0.000853977 0.0410397 -0.00124224 0.00334966 0.00121597 -0.0201055 0.00562081 0.00391015 0.00273277 -0.0373413 0.00185031 0.000863998 0.00609473 -0.0238198 0.00410607 0.00870244 0.102075 0.0042591 0.0200617 -0.0142784 0.0120098 0.00741755
internal_weight=679.699 612.098 586.368 51.5152 33.591 17.9242 534.853 530.852 525.224 26.0391 499.184 401.457 392.047 97.7269 351.851 345.546 342.337 40.196 340.402 337.858 278.782 59.0765 273.806 242.873 11.0327 231.841 125.153 106.688 113.711 109.614
internal_count=1884 1732 1672 128 88 40 1544 1535 1522 117 1405 1006 974 399 924 898 884 50 879 872 715 157 702 637 31 606 336 270 295 284
is_linear=0
shrinkage=0.05


Tree=13
num_leaves=31
num_cat=0
split_feature=0 63 57 70 27 23 48 2 76 15 73 17 76 24 9 52 25 45 4 7 77 52 22 13 51 25 20 8 6 46
split_gain=145.339 42.5351 26.1369 26.9962 31.1184 24.9171 32.9298 23.5365 22.8078 32.4627 21.822 21.5688 35.6021 20.0532 19.0766 35.9498 33.0257 17.1026 17.0566 22.006 15.7358 15.4227 15.2448 14.4441 13.8014 14.2897 21.0369 19.7681 24.3648 33.8941
threshold=0.003249999950639904 0.0012500000302679839 0.0013499999768100681 0.0093499999493360537 0.0047500000800937423 1.0000000180025095e-35 0.0001499999962106813 1.0000000180025095e-35 1.0000000180025095e-35 1.0000000180025095e-35 0.045549999922513969 0.0010500000207684936 0.014083571732044222 0.0023500000825151805 0.0030500000575557355 0.00335000001359731 0.0051500000990927228 0.013350000139325859 0.037900000810623176 0.0024500000290572648 0.0085735102184116858 0.031150001101195816 0.24189999699592593 0.0022500000195577745 0.0018500000005587938 0.0054500000551342973 0.015450000297278168 0.0041499999351799497 0.014099999796599151 1.0000000180025095e-35
decision_type=2 2 2 2 2 2 2 2 2 2 2 2 2 2 2 2 2 2 2 2 2 2 2 2 2 2 2 2 2 2
left_child=1 2 3 7 -5 6 -4 8 -1 11 -6 -10 -13 18 15 -8 -16 20 19 21 -7 24 -19 -18 25 27 -27 -9 -29 -30
right_child=-2 -3 5 4 10 17 14 13 9 -11 -12 12 -14 -15 16 -17 23 22 -20 -21 -22 -23 -24 -25 -26 26 -28 28 29 -31
leaf_value=-0.036466081717802412 0.086483449063676207 0.093058504903615516 0.11135884517524933 0.092904707011019411 -0.036979594826908976 -0.01847352408911165 -0.026478288348446968 -0.011537154289287485 0.11630012499996521 -0.0079354303237038366 0.1099833912361769 -0.059693572598853176 0.091277701414599996 0.086900173333446601 0.086259862919813482 0.10057666118453785 0.21442915578225616 0.083919092345878465 -0.036441511259152945 0.10369539820294363 0.090277642358189705 0.092405128279017867 -0.058477875029084095 -0.027202502716873189 0.081736889852924252 -0.034103017296574258 0.097512135404607903 0.052198200198417789 -0.034126386149013144 0.11151377336361346
leaf_weight=12.045287899672983 66.835748225450516 14.622379094362257 7.747749224305152 16.565228663384918 12.028851389884947 3.7947278991341618 52.179197981953621 163.5709325671196 14.706335581839086 21.175048068165779 3.1973130404949179 6.3603634089231518 10.115831300616263 5.57057911902666 15.790412269532682 6.2323915362358084 0.64587745070457359 3.0057428926229459 47.970641776919365 4.6380892843008033 26.945990838110447 3.9268327802419654 5.0166168734431267 14.577150359749792 4.2872276753187171 67.69336162507534 3.1786119341850272 31.7263243496418 24.953778684139255 4.7563009038567534
leaf_count=15 152 33 21 53 30 8 97 418 51 115 9 9 30 20 49 16 2 8 81 12 70 12 6 32 12 289 12 127 79 16
internal_value=0.0164919 0.0088109 0.0067384 0.00102928 0.0454783 0.0259934 0.012473 -0.0022826 0.0255695 0.0398413 -0.00611912 0.0722849 0.0329977 -0.00723399 0.00390557 -0.0129218 0.0355987 0.0598868 -0.00870407 -0.00439423 0.0768531 -0.00604283 -0.00512591 -0.0169506 -0.00733075 -0.00862132 -0.0282001 -0.00245448 0.0217276 -0.0108108
internal_weight=675.861 609.025 594.403 458.467 31.7914 135.936 97.1728 426.676 64.4029 52.3576 15.2262 31.1825 16.4762 362.273 89.425 58.4116 31.0134 38.7631 356.702 308.731 30.7407 304.093 8.02236 15.223 300.167 295.879 70.872 225.007 61.4364 29.7101
internal_count=1884 1732 1699 1390 92 309 217 1298 220 205 39 90 39 1078 196 113 83 92 1058 977 78 965 14 34 953 941 301 640 222 95
is_linear=0
shrinkage=0.05


Tree=14
num_leaves=31
num_cat=0
split_feature=0 1 26 18 10 35 23 11 46 9 3 27 15 31 27 11 48 11 19 43 21 17 8 25 49 10 43 3 56 79
split_gain=133.661 49.9153 23.6734 25.3629 23.9599 23.8169 27.902 22.3877 24.9692 25.7328 26.9417 21.6796 20.2807 19.8474 35.0852 33.0367 22.2324 20.0578 18.0911 16.188 29.5404 15.3188 13.999 21.8833 26.3116 19.8639 24.9893 16.9908 18.6055 13.5257
threshold=0.003249999950639904 1.0000000180025095e-35 0.0023500000825151805 0.0027499999850988392 0.0052499999292194852 0.0010500000207684936 0.01264999993145466 0.0048500001430511483 0.0015499999863095584 0.0022500000195577745 0.0095000001601874846 0.01124999998137355 0.0010500000207684936 1.0000000180025095e-35 0.0047500000800937423 0.50740000605583202 0.0051500000990927228 0.0027499999850988392 0.0019500000635161998 0.0024500000290572648 0.013150000013411047 0.011850000359117987 0.067000001668930068 0.002650000038556755 0.0042499999981373557 0.0012500000302679839 0.0087500000372529047 0.014250000007450582 0.71309998631477367 0.37813179194927221
decision_type=2 2 2 2 2 2 2 2 2 2 2 2 2 2 2 2 2 2 2 2 2 2 2 2 2 2 2 2 2 2
left_child=1 2 4 13 5 6 7 8 9 10 18 19 -11 17 16 -16 -15 29 -1 -9 -21 -20 25 -24 -25 -19 27 -27 -29 -4
right_child=-2 -3 3 -5 -6 -7 -8 11 -10 12 -12 -13 -14 14 15 -17 -18 22 21 20 -22 -23 23 24 -26 26 -28 28 -30 -31
leaf_value=-0.011460240740450848 0.083402734007971352 0.07712818996778037 -0.031441334297022581 0.091007955429394993 0.07077955107575884 -0.037415223124260565 0.097413619106549221 -0.020578154847732909 0.12030018582184028 0.12944232553247789 0.12319190128330759 0.071699939887715711 -0.029344623467868553 0.096839720456756886 -0.051942726722903981 0.095357380665238675 -0.058166993886663132 -0.014875051034472401 0.039081719228532895 0.16278443651245403 -0.014056916786068623 0.24344477306017318 0.095908513100051274 -0.027111534631276725 0.12532774501286034 -0.059481876148946011 -0.039409715022356712 0.099891036012575457 -0.056625744473170848 0.083802128404781434
leaf_weight=74.294214442372322 65.863519266247749 25.313622519373894 3.1927219033241263 11.207810580730436 10.673532679677008 49.270926401019096 7.2001414299011222 159.23281061649323 5.4931108802556983 7.3462627828121168 4.319015033543109 7.2559278756380072 2.768838569521904 23.313589304685596 13.014336161315443 5.3801824897527686 2.5680808052420607 108.56519504636526 4.2525601312518111 3.4729069396853429 7.3792454972863197 1.1690709888935087 9.3874522224068659 14.813058376312258 3.4994193241000167 2.4831163138151231 8.5433913916349393 15.203476116061212 2.1696820035576811 12.570126190781592
leaf_count=221 152 60 6 26 34 240 21 350 17 20 14 38 18 67 34 15 3 295 23 12 18 4 34 48 10 3 14 42 2 43
internal_value=0.0157598 0.0084001 0.00540073 0.0176006 -0.00296272 -0.00532313 0.000240895 -0.00228509 0.0166788 0.0106331 0.00156411 -0.0129404 0.0859771 0.0139392 0.0439366 -0.00885916 0.0814593 0.00657799 -0.0050257 -0.0165512 0.0425359 0.0831487 0.00142005 0.0338379 0.00201882 -0.00513617 0.0320933 0.0628583 0.0803441 0.0604599
internal_weight=671.217 605.354 580.04 235.912 344.129 333.455 284.184 276.984 99.6431 94.15 84.0349 177.341 10.1151 224.704 44.2762 18.3945 25.8817 180.428 79.7158 170.085 10.8522 5.42163 164.665 27.6999 18.3125 136.965 28.3997 19.8563 17.3732 15.7628
internal_count=1884 1732 1672 642 1030 996 756 735 317 300 262 418 38 616 119 49 70 497 248 380 30 27 448 92 58 356 61 47 44 49
is_linear=0
shrinkage=0.05


Tree=15
num_leaves=31
num_cat=0
split_feature=0 1 38 7 11 77 50 21 46 9 52 44 17 0 10 6 11 71 36 8 43 69 77 9 23 2 17 77 39 5
split_gain=123.392 45.6714 21.5651 18.2757 18.6789 23.4905 19.2475 15.5428 27.8879 30.3422 23.9964 21.8697 39.4442 27.5885 25.8689 24.8301 23.3225 21.7782 20.1374 17.0508 19.3941 21.1151 15.6275 15.4675 15.1616 14.6992 15.8912 20.4994 27.3437 21.3742
threshold=0.003249999950639904 1.0000000180025095e-35 0.0012500000302679839 0.0024500000290572648 0.012950000353157522 0.03209981136023999 0.052799999713897712 1.0000000180025095e-35 0.0011500000255182388 0.0022500000195577745 0.0019500000635161998 0.0037500000325962905 0.0064499999862164268 0.0020500000100582842 0.0013499999768100681 0.30285000801086431 0.058050001040101058 0.003249999950639904 0.24965000152587893 0.046800000593066222 0.0031500000040978198 0.0031500000040978198 0.078365098685026183 0.0021499999566003685 0.0053499999921768912 0.021249999292194847 0.00335000001359731 0.031489899381995208 0.0020500000100582842 0.0010500000207684936
decision_type=2 2 2 2 2 2 2 2 2 2 2 2 2 2 2 2 2 2 2 2 2 2 2 2 2 2 2 2 2 2
left_child=1 2 3 7 -5 -6 -7 8 9 10 22 13 -13 19 18 16 -16 -11 24 25 21 -21 -1 -17 -14 26 -9 28 29 -28
right_child=-2 -3 -4 4 5 6 -8 11 -10 17 -12 12 14 -15 15 23 -18 -19 -20 20 -22 -23 -24 -25 -26 -27 27 -29 -30 -31
leaf_value=-0.006498932823493688 0.080669035389616311 0.074137118867385166 0.079378918660760411 0.100455511524698 -0.038988375769800784 0.09783058268408687 -0.059250083322038287 -0.031188310312699932 0.11753608935999903 0.077548739673779496 0.086451798906606842 0.071252136773018684 -0.030318434900126458 0.116124013177011 -0.058493274568751912 0.0807642366427129 0.099387827408792762 -0.0091112132204153318 0.11810928082047459 -0.022735392302231445 0.097487586208729854 0.14730479190385695 0.10289423835812238 -0.035627836355076756 0.074482407330705977 -0.043534981911108897 0.023737360658622766 -0.03731428520564678 -0.057681211053991446 0.12061191460983173
leaf_weight=149.59696786105633 64.719443500041962 25.025358527898788 9.6189043372869474 9.293395012617113 10.333192370831968 9.1970903277397138 2.4749414920806876 59.997189082205296 6.1476668864488593 24.380560949444771 7.6818405389785758 22.67329253256321 62.756189741194248 3.9436647295951834 2.7698125317692783 3.6572298333048847 15.043754160404204 10.317882791161535 2.5691945254802695 16.709740072488792 6.2586004361510268 2.0496479570865622 3.3375803232192984 13.002649813890455 3.6519175991415969 57.841667614877224 26.373161785304546 19.491982489824295 8.0996541678905469 7.2616895735263816
leaf_count=367 152 60 24 22 12 21 3 276 15 79 27 99 119 11 5 11 40 42 6 69 23 6 10 28 14 128 115 48 18 34
internal_value=0.0150685 0.00801071 0.00514037 0.00388075 0.0410182 0.0159163 0.0645231 0.00171062 0.01268 0.00937962 0.000219816 -0.00490293 0.0115249 -0.0148629 -0.0015655 0.0338019 0.0748391 0.0517797 -0.0192414 -0.0173941 0.0212709 -0.00415683 -0.00411158 -0.0100771 -0.0245552 -0.0227961 -0.0129006 0.00501986 0.0247919 0.0446524
internal_weight=666.276 601.556 576.531 566.912 31.2986 22.0052 11.672 535.614 201.462 195.315 160.616 334.151 126.124 208.027 103.451 34.4734 17.8136 34.6984 68.9773 204.083 25.018 18.7594 152.935 16.6599 66.4081 179.065 121.224 61.2265 41.7345 33.6349
internal_count=1884 1732 1672 1648 58 36 24 1590 540 525 404 1050 322 728 223 84 45 121 139 717 98 75 377 39 133 619 491 215 167 149
is_linear=0
shrinkage=0.05


Tree=16
num_leaves=31
num_cat=0
split_feature=7 1 26 36 35 23 49 46 74 31 42 10 77 5 77 8 22 10 56 10 26 16 16 13 33 9 6 52 78 73
split_gain=78.611 43.5309 25.8026 24.2031 22.3572 27.4235 21.3879 25.481 32.3949 20.3301 23.8139 20.1048 18.8862 18.8679 17.7732 17.6839 17.2247 17.124 23.5052 16.4209 16.3894 15.0417 26.4163 19.9262 21.6428 18.5585 22.8938 15.1816 16.1187 14.9447
threshold=0.0024500000290572648 0.0021499999566003685 0.0024500000290572648 0.0014499999815598132 0.0010500000207684936 0.0093999998643994349 1.0000000180025095e-35 0.0010500000207684936 0.0015499999863095584 1.0000000180025095e-35 0.0022500000195577745 0.0015499999863095584 0.039967002347111709 0.0013499999768100681 0.0094917197711765783 0.15249999612569812 1.0000000180025095e-35 0.0010500000207684936 0.68159997463226329 0.0065500000491738328 0.002650000038556755 0.0014499999815598132 0.0010500000207684936 0.0077499998733401307 0.0031500000040978198 0.0022500000195577745 0.0021499999566003685 0.0011500000255182388 0.00039996500709094113 0.0038499999791383748
decision_type=2 2 2 2 2 2 2 2 2 2 2 2 2 2 2 2 2 2 2 2 2 2 2 2 2 2 2 2 2 2
left_child=1 2 4 14 5 6 7 21 -9 15 -11 -12 13 -2 16 17 -4 20 19 -19 -5 22 25 -23 -25 27 -27 -1 -29 -10
right_child=12 -3 3 9 -6 -7 -8 8 29 10 11 -13 -14 -15 -16 -17 -18 18 -20 -21 -22 23 -24 24 -26 26 -28 28 -30 -31
leaf_value=-0.010080579548847501 -0.0067733744910536513 0.079364721597127597 0.062347550871801577 0.087773490406846719 -0.033159347821354081 0.071635791709233357 -0.04774881234466144 0.10840466054087368 -0.020834300367303365 0.082003578205446487 -0.019457045442293028 0.075063177868584463 0.07991411306442793 0.084876194344775835 0.078509188747668102 0.053603273453160599 -0.057500893355435956 0.088617504884213161 -0.045493230453463859 -0.028491493383772423 -0.018078131740579869 -0.040885349302437694 0.12422234670315213 0.1143818267875947 -0.030736420041319407 0.087731848948257266 -0.0065541213455960453 0.08248926089848764 -0.057466530455034616 0.12136761562349217
leaf_weight=134.11537536233664 15.540425889194013 20.752321034669876 6.262644059956072 3.8057272881269446 51.923856303095818 13.651913315057753 22.442742943763733 12.42444182932377 12.964254669845102 19.552378438413143 18.488429471850399 8.08654075860977 50.807999327778816 8.7931942194700223 26.004086852073669 14.662701144814489 5.7510317638516426 13.858939409255987 6.8996403515338889 3.8179607018828383 93.477053910493851 42.446239694952965 4.5050298124551764 4.7900104671716672 5.5417566522955894 12.904449671506883 12.848383277654646 8.8078295290470106 2.684211663901805 2.154719576239585
leaf_count=405 22 49 24 14 259 41 31 39 35 57 44 23 121 21 87 45 13 38 8 9 262 42 18 12 7 42 68 37 5 6
internal_value=0.0144208 0.00824325 0.00563038 0.0189768 -0.00292592 0.00244505 -0.000945065 0.00315509 0.048588 0.0114221 0.0401202 0.00930467 0.0625665 0.0263451 0.0552723 0.00172572 0.00497525 -0.00451644 0.0327743 0.0633236 -0.0139372 -0.00231797 0.0047075 -0.025728 0.0365433 0.00156547 0.0406915 -0.00535455 0.0497996 -0.000568028
internal_weight=660.766 585.625 564.872 220.667 344.205 292.281 278.629 256.187 27.5434 182.649 46.1273 26.575 75.1416 24.3336 38.0178 136.522 12.0137 121.859 24.5765 17.6769 97.2828 228.643 175.865 52.778 10.3318 171.36 25.7528 145.607 11.492 15.119
internal_count=1884 1720 1671 624 1047 788 747 716 80 500 124 67 164 43 124 376 37 331 55 47 276 636 575 61 19 557 110 447 42 41
is_linear=0
shrinkage=0.05


Tree=17
num_leaves=31
num_cat=0
split_feature=0 1 64 29 52 14 29 72 44 61 51 12 13 20 26 27 33 31 40 48 77 14 4 13 6 77 5 56 56 69
split_gain=106.568 38.6615 19.3186 14.0637 19.0328 14.8025 21.3636 13.4926 14.6637 14.5739 14.3268 13.2601 24.1957 16.7903 25.0523 16.1106 20.6166 16.4813 20.9882 17.1482 27.8143 26.9503 20.1868 18.8949 23.5068 22.7378 21.7902 20.7608 20.5579 20.7246
threshold=0.003249999950639904 1.0000000180025095e-35 0.0018500000005587938 0.0065500000491738328 1.0000000180025095e-35 0.0011500000255182388 1.0000000180025095e-35 0.0011500000255182388 0.46424999833107 0.0079999999143183249 0.0018500000005587938 0.185249999165535 0.015649999491870407 0.0020500000100582842 0.0011500000255182388 0.0013499999768100681 0.010650000069290401 0.0011500000255182388 0.0042499999981373557 0.0010500000207684936 0.1105298548936844 0.01480000000447035 0.037900000810623176 0.0014499999815598132 0.0027499999850988392 1.0000000180025095e-35 0.0024500000290572648 1.0000000180025095e-35 0.0079499999992549437 0.0013499999768100681
decision_type=2 2 2 2 2 2 2 2 2 2 2 2 2 2 2 2 2 2 2 2 2 2 2 2 2 2 2 2 2 2
left_child=1 2 7 5 -5 6 -4 8 9 10 11 13 -13 15 -15 16 17 19 -19 20 21 22 23 -1 26 -26 27 -25 29 -27
right_child=-2 -3 3 4 -6 -7 -8 -9 -10 -11 -12 12 -14 14 -16 -17 -18 18 -20 -21 -22 -23 -24 24 25 28 -28 -29 -30 -31
leaf_value=-0.014246679355917306 0.076138875090520086 0.069082246590787252 0.070439167922415793 -0.050956452149273079 0.077009930670202953 0.087832078422503693 -0.029859215905686257 -0.038010247372521289 0.10117558062907935 0.066981766263854312 0.072784922596054721 -0.042097464428338539 0.088031852539196875 -0.0023116338494713891 0.086509019737796289 -0.014628376565030325 0.086465648791405225 0.10081163118838138 -0.040570629265404813 -0.039477067742673275 0.11668888638603203 0.1321689048896045 -0.042974619423785769 0.015039280740692702 0.081589895429949919 -0.036935131191667567 0.095111568315548067 0.1194185088888504 0.12495954213173632 0.096788831946084092
leaf_weight=74.22609244287014 62.074483022093773 24.271817937493324 11.319619521498682 9.0108188018202764 4.2886669039726248 15.316927239298819 9.9988932535052282 20.45767080783844 3.8069437295198432 8.6545764803886396 6.952073097229003 33.300205893814564 4.0013730973005286 17.601058520376682 14.46185567229986 126.8246722817421 7.8980884552001944 9.0884998142719251 3.6910476833581916 22.929969176650047 5.5231451392173758 3.979640692472457 23.501325704157352 60.85825140029192 6.2150366604328147 41.753170371055603 12.538089364767073 5.168406978249549 2.320740580558776 3.1134510412812224
leaf_count=169 152 60 32 22 12 39 23 127 11 24 19 55 12 52 50 466 27 24 8 40 14 10 31 202 32 105 27 18 10 11
internal_value=0.0138069 0.00728287 0.00464577 0.034349 -0.00969131 0.0503366 0.0233968 0.00178717 0.0034207 0.00266828 0.00152287 0.000488581 -0.0281384 0.00290617 0.0377506 0.000178795 0.00681911 0.00453086 0.059977 0.00182769 0.00578725 0.00316597 0.000930891 0.00593512 0.0172865 -0.00830915 0.0346846 0.0232098 -0.0201497 -0.0276556
internal_weight=655.147 593.072 568.8 49.9349 13.2995 36.6354 21.3185 518.865 498.408 494.601 485.946 478.994 37.3016 441.693 32.0629 409.63 282.805 274.907 12.7795 262.127 239.197 233.674 229.695 206.193 131.967 53.4024 78.5647 66.0267 47.1874 44.8666
internal_count=1884 1732 1672 128 34 94 55 1544 1417 1406 1382 1363 67 1296 102 1194 728 701 32 669 629 615 605 574 405 158 247 220 126 116
is_linear=0
shrinkage=0.05


Tree=18
num_leaves=31
num_cat=0
split_feature=0 1 64 78 29 52 14 29 32 12 12 77 11 15 25 73 55 20 11 8 33 29 22 54 47 62 15 2 21 8
split_gain=99.2249 35.6226 17.6573 13.0829 12.6853 17.5209 13.4716 19.2225 12.5458 12.665 14.7303 22.525 15.2171 15.0777 14.2862 14.0439 12.9409 14.1517 12.3961 12.2183 20.6646 14.3604 23.8755 19.815 15.2892 15.1971 14.4391 21.5869 22.0679 39.0702
threshold=0.003249999950639904 1.0000000180025095e-35 0.0018500000005587938 0.029402417130768303 0.0065500000491738328 1.0000000180025095e-35 0.0011500000255182388 1.0000000180025095e-35 0.0013499999768100681 0.60385000705719005 0.33520001173019415 0.56411194801330578 0.50740000605583202 0.16990000009536746 0.0087500000372529047 0.0010500000207684936 0.0014499999815598132 0.015450000297278168 0.053150000050663955 0.067000001668930068 0.0014499999815598132 0.015950000844895843 0.063499998301267638 0.0093499999493360537 0.00335000001359731 0.0012500000302679839 0.0010500000207684936 0.060300000011920936 0.0024500000290572648 0.0010500000207684936
decision_type=2 2 2 2 2 2 2 2 2 2 2 2 2 2 2 2 2 2 2 2 2 2 2 2 2 2 2 2 2 2
left_child=1 2 3 8 6 -6 7 -4 9 10 11 12 14 -14 19 -12 17 -16 -18 21 -21 22 23 25 -23 26 27 28 29 -1
right_child=-2 -3 4 -5 5 -7 -8 -9 -10 -11 15 -13 13 -15 16 -17 18 -19 -20 20 -22 24 -24 -25 -26 -27 -28 -29 -30 -31
leaf_value=0.00086663520315454975 0.074154414338771887 0.066804443184542428 0.066601105573580358 0.092480580192064593 -0.050159287076886633 0.073505421892102782 0.08401009345454645 -0.02888776734695038 0.076955309382357409 0.13690693201891557 0.17601245538707602 0.076523671286088876 0.10769840073268869 -0.065453845859163792 -0.033174612742927885 -0.043436679445362149 -0.06002521326091316 0.085499750653180884 0.074961939805689812 0.0018301584255998934 0.10138851847163584 -0.031052476420296318 0.10530484478238443 0.11838191996297197 0.10567096180407938 -0.033030828517555719 -0.0097550067365918779 0.10019491170312525 -0.035883409141997953 0.058638911738143375
leaf_weight=102.49391093105078 60.58655834197998 23.855013623833656 11.371863245964052 3.937666952610015 8.7041371539235097 4.2689570784568778 15.21552190184593 9.8229354918003065 5.378197878599166 1.6881617456674565 0.75088990479707973 9.8543242365121824 5.8997551947832099 1.5977184101939199 63.541932918131351 25.073974959552288 2.3603672608733159 2.6154904365539542 6.0859294906258583 14.055261909961702 8.2840715050697309 45.568848073482513 5.7679057493805876 3.654280759394168 2.1407975852489463 29.233725793659687 105.0215380936861 6.9323642700910559 22.513554506003857 40.960119761526585
leaf_count=222 152 60 32 9 22 12 39 23 13 5 3 30 16 10 303 40 18 8 20 49 26 77 20 12 5 90 364 20 45 139
internal_value=0.0132261 0.00695507 0.00442723 0.00169069 0.0329882 -0.00946589 0.0481147 0.0223459 0.000991731 0.000184477 -0.00027311 0.00171174 0.000138922 0.0707995 -0.00100969 -0.0370559 -0.0210422 -0.0284829 0.037239 0.00285579 0.0387493 0.000654676 0.00450852 0.00263797 -0.0249175 0.00126095 0.00486799 0.0137502 0.0101394 0.0173622
internal_weight=649.236 588.649 564.794 515.411 49.3834 12.9731 36.4103 21.1948 511.473 506.095 504.407 478.582 468.728 7.49747 461.23 25.8249 74.6037 66.1574 8.4463 386.626 22.3393 364.287 316.577 310.809 47.7096 307.155 277.921 172.9 165.968 143.454
internal_count=1884 1732 1672 1544 128 34 94 55 1535 1522 1517 1474 1444 26 1418 43 349 311 38 1069 75 994 912 892 82 880 790 426 406 361
is_linear=0
shrinkage=0.05


Tree=19
num_leaves=31
num_cat=0
split_feature=0 1 72 79 12 67 18 77 43 46 14 76 35 79 11 3 48 79 11 66 77 3 30 7 65 79 9 11 11 52
split_gain=92.6017 33.1469 17.3463 18.4345 23.4786 20.3694 19.4946 20.1148 15.879 19.2182 16.1859 14.8432 14.2491 12.9615 20.8892 20.5218 19.722 18.5961 14.2821 14.7104 13.9573 11.3337 11.0526 14.6019 18.7316 16.2244 17.8299 18.2772 16.0379 14.9527
threshold=0.003249999950639904 0.0021499999566003685 0.0014499999815598132 0.94126680493354808 0.33520001173019415 0.0031500000040978198 0.0011500000255182388 0.56411194801330578 0.0044499998912215242 0.0015499999863095584 0.042500000447034843 0.0024492300581187014 0.0046500000171363362 0.26008526980876928 0.0029499999945983295 0.0027499999850988392 1.0000000180025095e-35 0.93130123615264904 0.50740000605583202 0.0063000000081956395 0.25178439170122152 0.0019500000635161998 0.0097500002011656779 1.0000000180025095e-35 1.0000000180025095e-35 0.54531270265579235 0.0012500000302679839 0.034799998626112945 0.13634999841451648 0.0094499997794628161
decision_type=2 2 2 2 2 2 2 2 2 2 2 2 2 2 2 2 2 2 2 2 2 2 2 2 2 2 2 2 2 2
left_child=1 2 3 4 6 8 7 13 9 11 -10 -5 -8 20 15 16 21 18 19 22 -1 -15 23 25 29 -16 27 -27 -28 -25
right_child=-2 -3 -4 5 -6 -7 12 -9 10 -11 -12 -13 -14 14 17 -17 -18 -19 -20 -21 -22 -23 -24 24 -26 26 28 -29 -30 -31
leaf_value=-0.037317556521255069 0.072356848964602732 0.073328574976434135 -0.046371647129251563 0.10804084983538893 -0.038882056911665436 0.11851979696492272 0.077303331080364801 0.085291179151896226 0.079651089344924653 0.081410076334501286 -0.059376094342941693 -0.012213501232405751 -0.042716151691870839 0.1179396220259144 -0.037834241282186432 0.097478901945028562 -0.034818299121769584 0.073981853166744299 0.069631543571290269 0.067466299462191848 0.095316556571038116 -0.061040911392804736 -0.057240671144958066 -0.038773371009503586 0.0800600973870077 0.099526763897505671 -0.0087874831017383248 0.018400849939875938 0.047642346559307241 0.03928010334308929
leaf_weight=20.589101992547516 59.026657834649086 18.058907046914101 16.26489944756031 2.5955198854207984 19.352204836905003 3.3470577970147124 19.937256112694744 9.5650432109832746 9.6822898685932142 5.7875250577926627 2.6710539460182181 226.09195818006992 2.8231867849826804 4.7082260027527836 13.696769855916498 14.242331445217131 8.6680693626403791 10.49183591455221 8.3106206431984884 8.3237337395548803 2.194940671324729 1.0891105011105535 8.2007664144039136 42.746258594095707 4.398788407444953 12.262676790356638 47.950454324483871 16.003254070878029 17.074948437511921 7.1642076075077048
leaf_count=30 152 45 112 11 31 11 51 27 38 20 6 678 5 18 27 40 23 40 25 33 6 8 22 61 13 51 182 49 55 14
internal_value=0.0126729 0.00664352 0.00451673 0.00602171 0.014384 -0.00399915 0.0180597 0.0141418 -0.00566054 -0.00857144 0.0495905 -0.0108487 0.0624162 0.011399 0.0150329 0.0548746 0.0129273 0.00921585 0.00556515 0.00257096 -0.02454 0.0843156 -0.000615923 0.00226302 -0.018852 0.0129814 0.020442 0.0535959 0.00603036 -0.0275695
internal_weight=643.32 584.293 566.234 549.969 299.794 250.175 280.442 257.681 246.828 234.475 12.3533 228.687 22.7604 248.116 225.332 28.7077 14.4654 196.624 186.132 177.822 22.784 5.79734 169.498 161.297 54.3093 106.988 93.2913 28.2659 65.0254 49.9105
internal_count=1884 1732 1687 1575 811 764 780 724 753 709 44 689 56 697 661 89 49 572 532 507 36 26 474 452 88 364 337 100 237 75
is_linear=0
shrinkage=0.05


Tree=20
num_leaves=31
num_cat=0
split_feature=0 1 24 24 19 2 68 25 73 78 20 8 57 45 71 43 60 65 2 59 12 73 21 58 16 2 79 33 6 56
split_gain=86.6113 30.7959 15.8171 17.8813 20.5461 17.2266 15.3265 18.0172 16.7553 15.9794 20.2322 18.1645 17.4956 18.375 17.0183 22.9174 21.7283 20.314 15.1645 18.9394 18.1011 32.8394 32.2276 18.5577 17.843 16.666 20.6422 15.9905 15.504 14.7723
threshold=0.003249999950639904 0.0021499999566003685 0.0017499999958090486 1.0000000180025095e-35 0.063299998641014113 0.028849999420344833 0.0011500000255182388 0.058150000870227821 0.03824999928474427 0.0012995550641790035 0.0028499999316409235 0.059500001370906837 0.0010500000207684936 0.0077999997884035119 0.0060499999672174462 0.0021499999566003685 0.015300000086426737 0.0038499999791383748 0.026399999856948856 0.0012500000302679839 0.0094499997794628161 1.0000000180025095e-35 0.0058500000741332778 0.0029499999945983295 0.0018500000005587938 1.0000000180025095e-35 0.57482090592384349 0.059499999508261688 0.0029499999945983295 0.0031500000040978198
decision_type=2 2 2 2 2 2 2 2 2 2 2 2 2 2 2 2 2 2 2 2 2 2 2 2 2 2 2 2 2 2
left_child=1 2 3 4 6 -6 7 8 9 12 11 -11 14 -14 15 16 18 -17 19 20 21 23 -23 24 25 26 -1 -21 -20 -27
right_child=-2 -3 -4 -5 5 -7 -8 -9 -10 10 -12 -13 13 -15 -16 17 -18 -19 28 27 -22 22 -24 -25 -26 29 -28 -29 -30 -31
leaf_value=-0.0088890476478953127 0.070721985059681317 0.071425278048975138 0.027533752509063227 -0.022972177049890269 -0.074816296453631595 0.096892665502638017 0.10109931255234694 -0.043246476497333791 0.08527919243049531 -0.0437080050900557 0.10737429021529121 0.057953666140674147 0.063315366420232375 -0.032799785096982711 -0.02542222409342372 0.091936036012892505 0.09750551177838658 -0.037825247330635962 0.039275099651847424 0.085262052341454717 -0.036271128496163568 0.12423886535056797 -0.0073229664174352159 0.15686660987341849 0.14614459293471821 -0.021180311366692638 0.062830640010269667 -0.057028778983885267 -0.034091019493308033 0.05041062090389764
leaf_weight=22.076193243265152 57.412530481815338 17.624146074056625 64.831914097070694 65.945692874491215 1.7189439237117756 9.7216502726078016 3.9587174057960501 20.678748331964016 6.3367938622832289 39.129716649651527 2.7550395876169196 4.9497016519308081 23.967866957187656 6.2743200659751883 43.620245881378651 13.724640592932703 6.1115939170122138 3.8655996769666663 8.6351151615381223 12.497778959572313 24.128410436213017 11.550013296306135 7.7973520606756201 1.8961707949638356 2.0378285199403754 82.325638003647327 18.390399068593979 2.344917193055152 43.358626991510391 7.896822363138198
leaf_count=39 152 45 165 163 11 26 10 105 17 77 8 23 75 12 184 43 16 13 22 50 103 40 39 5 7 242 77 3 80 32
internal_value=0.0121402 0.00634285 0.0043038 0.00127776 0.00498171 0.0710935 0.00318218 0.00225117 0.00462899 0.00331633 -0.0240765 -0.0322924 0.00706211 0.0433744 0.00354525 0.00824888 0.00438318 0.0634199 0.0020596 0.00851794 0.00399556 0.0103057 0.071217 0.00155181 -0.000667062 -0.00295629 0.0237046 0.0627823 -0.0219064 -0.0149142
internal_weight=637.563 580.151 562.526 497.695 431.749 11.4406 420.308 416.35 395.671 389.334 46.8345 44.0794 342.5 30.2422 312.257 268.637 251.047 17.5902 244.935 192.942 178.099 153.97 19.3474 134.623 132.727 130.689 40.4666 14.8427 51.9937 90.2225
internal_count=1884 1732 1687 1522 1359 37 1322 1312 1207 1190 108 100 1082 87 995 811 755 56 739 637 584 481 79 402 397 390 116 53 102 274
is_linear=0
shrinkage=0.05


Tree=21
num_leaves=31
num_cat=0
split_feature=0 1 72 79 12 18 67 77 43 46 4 4 27 11 11 2 17 36 76 44 76 2 41 14 35 19 79 11 3 76
split_gain=81.1669 28.6697 15.5273 15.9142 20.5321 17.5137 17.2993 17.144 13.7124 16.0859 14.2895 25.8733 16.0343 15.9515 20.0211 29.295 19.4637 16.3105 14.4721 14.3584 13.6648 26.3325 14.0378 13.5407 13.1092 12.5475 11.2045 18.2648 17.4466 17.0085
threshold=0.003249999950639904 0.0021499999566003685 0.0014499999815598132 0.94126680493354808 0.33520001173019415 0.0011500000255182388 0.0031500000040978198 0.56411194801330578 0.0044499998912215242 0.0015499999863095584 0.037900000810623176 0.029450000263750557 0.0010500000207684936 0.039249999448657043 0.014100000262260439 0.029250000603497032 0.0021499999566003685 0.0092500001192092913 0.0024492300581187014 0.0016499999910593035 0.028661120682954792 0.0036499999696388845 0.0014499999815598132 0.042500000447034843 0.0046500000171363362 0.0080500002950429934 0.26008526980876928 0.0029499999945983295 0.0027499999850988392 0.018411995843052868
decision_type=2 2 2 2 2 2 2 2 2 2 2 2 2 2 2 2 2 2 2 2 2 2 2 2 2 2 2 2 2 2
left_child=1 2 3 4 5 7 8 26 9 10 11 12 13 14 18 16 17 -16 -5 20 21 22 -14 -10 -7 -20 -1 28 29 -28
right_child=-2 -3 -4 6 -6 24 -8 -9 23 -11 -12 -13 19 -15 15 -17 -18 -19 25 -21 -22 -23 -24 -25 -26 -27 27 -29 -30 -31
leaf_value=-0.023582121488578345 0.069229574897061733 0.069687186407598176 -0.04507305585915964 0.12031794693969432 -0.037808441529928939 0.073658635902237146 0.10783383163684615 0.07889516813621919 0.071579416649635463 0.07336760136563672 -0.041497321273939784 0.1045254950352516 -0.059323695417981194 -0.036303557630391357 -0.063144282994020098 -0.010077873412644794 0.1571671450720632 0.12172230986683337 -0.0088188602876217142 0.062068633954839261 -0.044287844065508231 0.25408910581696603 0.1784216287099451 -0.058817601326108804 -0.042013374276502036 0.092775227488200024 0.075639953251991188 0.0083175399090432353 0.089932783508595571 -0.034448961262386987
leaf_weight=22.00533651560545 55.75961010158062 17.172002702951431 15.607875630259512 2.3750954866409293 18.401863887906075 19.552251487970356 3.4195078015327445 9.5057020485401136 10.001977808773516 5.8955094888806334 31.561131991446018 5.2258251830935469 3.5187679380178443 22.781043119728565 2.448642350733282 10.228884093463419 7.1859577223658562 2.3270174264907837 78.518351815640926 3.9827746674418441 50.444606378674507 1.1294856220483778 0.75392150878906239 2.4856423735618582 2.8001994267106047 3.1615927070379248 6.0743991434574154 194.73431278020144 14.385561995208262 8.3057756945490819
leaf_count=36 152 45 112 8 31 51 11 27 38 20 60 17 28 33 16 20 25 8 250 19 185 5 4 6 5 11 26 572 40 23
internal_value=0.011628 0.00605176 0.0040963 0.00550907 0.0133369 0.0167302 -0.0038474 0.0130104 -0.00541237 -0.00816493 -0.0102952 -0.00522116 -0.00825796 0.00166285 0.00980356 0.0520467 0.105172 0.026935 -0.00134862 -0.0296529 -0.0361941 0.0393841 -0.0173732 0.0456241 0.0591678 -0.00488645 0.0104595 0.0138111 0.0510008 0.0120542
internal_weight=631.751 575.991 558.819 543.211 295.765 277.364 247.446 255.011 244.026 231.539 225.643 194.082 188.856 129.027 106.246 22.1905 11.9616 4.77566 84.055 59.8296 55.8468 5.40218 4.27269 12.4876 22.3525 81.6799 245.505 223.5 28.7657 14.3802
internal_count=1884 1732 1687 1575 811 780 764 724 753 709 689 629 612 371 338 69 49 24 269 241 222 37 32 44 56 261 697 661 89 49
is_linear=0
shrinkage=0.05


Tree=22
num_leaves=31
num_cat=0
split_feature=0 1 72 79 18 12 33 77 43 14 25 14 2 44 11 56 76 35 33 2 76 17 43 76 2 46 44 27 8 12
split_gain=76.2101 26.7397 14.3736 14.4318 18.8136 16.2389 15.641 15.507 12.2555 13.2575 13.2055 18.9002 15.7077 16.2846 14.2176 18.719 15.8512 12.0245 11.928 11.5738 21.3599 21.3021 11.5576 10.6454 24.4764 13.9004 13.1862 13.2411 12.3473 15.3823
threshold=0.003249999950639904 0.0021499999566003685 0.0014499999815598132 0.94126680493354808 0.0011500000255182388 0.33520001173019415 0.092549998313188567 0.56411194801330578 0.0044499998912215242 0.042500000447034843 0.0031500000040978198 0.028549999929964546 0.030799999833106998 0.0015499999863095584 0.0040500001050531873 0.0035500000230968003 0.070736225694417967 0.0046500000171363362 0.0023500000825151805 0.0035500000230968003 0.074946328997612013 0.014449999667704107 1.0000000180025095e-35 0.011601181235164406 0.0019500000635161998 0.01775000058114529 0.0066499998793005952 0.0038499999791383748 0.0068500000052154073 0.0043500000610947618
decision_type=2 2 2 2 2 2 2 2 2 2 2 2 2 2 2 2 2 2 2 2 2 2 2 2 2 2 2 2 2 2
left_child=1 2 3 4 5 7 8 23 10 -10 11 12 13 14 16 19 -5 -6 -17 -16 21 -21 -22 -1 25 26 27 -25 29 -26
right_child=-2 -3 -4 6 17 -7 -8 -9 9 -11 -12 -13 -14 -15 15 18 -18 -19 -20 20 22 -23 -24 24 28 -27 -28 -29 -30 -31
leaf_value=-0.02119884416244526 0.067862526500120618 0.06809307897956339 -0.044130111854690242 0.010486502289967548 0.071144300509515979 -0.036896328240977126 0.11164016776881641 0.075030502310620625 0.06671347084043909 -0.058479076664211482 -0.031793394321361239 0.092284754150523673 -0.032753434997580502 0.10282976222565476 -0.049891028497415404 0.12982484641553535 0.093302715625594904 -0.040828765692278744 -0.057509271971611445 0.034319397396809795 -0.027254124002097299 0.26797314964630908 0.060280142023525107 0.074687417363465805 0.015979646501443269 -0.017753049837456947 0.1676831386965329 -0.023981051709135188 0.027233059355419528 -0.017505066569688418
leaf_weight=24.729897424578667 54.081283241510391 16.707112789154053 15.155876405537127 43.153110362589359 19.239041343331341 17.926161222159863 2.9031560644507399 9.4957295805215818 10.581114903092383 2.642866149544715 45.898086726665497 5.1865811273455611 38.633153505623341 3.9902828186750403 20.710003815591335 3.5657629892230025 6.6711309105157843 2.7389519289135924 1.1155514791607855 9.1413317993283254 45.793982118368149 1.0920026451349247 4.1093344017863265 18.636136084795009 66.633757889270782 5.511763021349906 3.0314607918262473 4.1590611636638632 52.604313224554062 70.676725812256336
leaf_count=52 152 45 112 170 51 31 12 27 39 8 192 14 65 13 43 12 23 5 10 54 86 4 19 62 163 14 11 26 156 213
internal_value=0.0111277 0.00576765 0.00389392 0.00524037 0.0126836 0.00910589 -0.00372665 0.0123337 -0.00510902 0.0416932 -0.00781099 -0.0018013 -0.00454317 0.00327822 0.000343366 -0.0120251 0.021575 0.0571899 0.0851834 -0.0176538 -0.00655193 0.0592527 -0.020046 0.00991342 0.0133909 0.0543301 0.0697137 0.056685 0.00663539 -0.00125567
internal_weight=626.515 572.433 555.726 540.57 295.383 273.405 245.187 255.479 242.284 13.224 229.06 183.162 177.976 139.342 135.352 85.528 49.8242 21.978 4.68131 80.8467 60.1367 10.2333 49.9033 245.983 221.253 31.3384 25.8267 22.7952 189.915 137.31
internal_count=1884 1732 1687 1575 811 755 764 724 752 47 705 513 499 434 421 228 193 56 22 206 163 58 105 697 645 113 99 88 532 376
is_linear=0
shrinkage=0.05


Tree=23
num_leaves=31
num_cat=0
split_feature=0 1 38 72 30 68 21 10 60 35 5 54 0 11 76 22 58 21 22 46 58 33 16 16 25 25 45 14 16 59
split_gain=71.6487 24.974 13.3741 12.7548 11.7998 19.1348 15.088 12.8787 13.0549 12.4546 11.2089 11.1291 21.5626 18.5976 16.9075 16.5562 12.4287 19.4903 15.4774 14.8203 16.4389 13.4049 12.1841 18.3544 13.6852 20.1836 18.6105 16.5086 20.3709 16.5188
threshold=0.003249999950639904 0.0021499999566003685 0.0012500000302679839 0.0014499999815598132 0.010250000283122064 0.00045000000682193791 0.10155000165104867 0.0052499999292194852 0.031250000931322582 0.0031500000040978198 0.020200000144541267 0.0040500001050531873 0.0018500000005587938 0.42575000226497656 0.76164582371711742 0.063499998301267638 0.0028499999316409235 0.0062500000931322583 0.011700000148266556 0.0024500000290572648 0.0014499999815598132 0.010449999943375589 0.002549999975599349 0.0014499999815598132 0.0023500000825151805 0.0016499999910593035 0.014650000259280207 0.0054500000551342973 1.0000000180025095e-35 1.0000000180025095e-35
decision_type=2 2 2 2 2 2 2 2 2 2 2 2 2 2 2 2 2 2 2 2 2 2 2 2 2 2 2 2 2 2
left_child=1 2 3 4 5 7 -7 8 10 -9 11 13 -13 14 15 16 17 18 19 22 -21 -18 23 24 25 27 -26 28 29 -1
right_child=-2 -3 -4 -5 -6 6 -8 9 -10 -11 -12 12 -14 -15 -16 -17 21 -19 -20 20 -22 -23 -24 -25 26 -27 -28 -29 -30 -31
leaf_value=0.0029924352635774727 0.066606314856360926 0.06662505354631594 0.064626430765244075 -0.043197567775380842 -0.033674303401762189 0.084659238164239162 -0.057579807915109443 0.071021888969384189 0.083717735370054655 -0.038449153444975272 0.080301941873662325 -0.035086422109244314 0.089285884316552169 0.087273906090056752 0.1028420282303584 0.073648782892361153 0.066151063130490448 -0.023594003954429583 0.11075856140889356 0.094197148326515878 -0.042710707798959219 -0.043388596049704339 0.10076375229437165 -0.037911989383098338 -0.023053256368094088 0.087484762222455673 0.10094145526197851 -0.039994950905394455 0.10183973014579327 0.057173599715686911
leaf_weight=151.20460010319948 52.389133483171463 16.233504056930542 8.8639236539602262 14.720066197216509 20.010022573173046 12.031191810965536 2.2062629088759413 12.500203296542166 4.8805314898490897 3.2799262478947631 4.4725675731897345 38.260037817060947 3.8341621458530417 6.4761088639497748 4.1073856353759757 7.6766062080860129 12.789824686944486 84.029832005500793 3.3311614021658889 8.3930827528238279 2.9679072499275199 3.5732177272438994 2.9833215475082389 29.89185743778944 60.039673112332821 8.0453375503420812 3.1867888867855063 17.260055497288704 5.995552882552146 15.510749667882918
leaf_count=426 152 45 24 112 62 31 3 36 13 10 12 79 11 17 11 27 47 326 12 23 3 10 7 34 207 33 8 21 19 63
internal_value=0.0106538 0.00549987 0.00370397 0.00271068 0.00398828 0.0054691 0.0626176 0.00382433 0.0023599 0.0482682 0.00152226 0.000771876 -0.0237579 0.00318744 0.00189392 0.00089931 -0.000465463 -0.0022439 0.00356565 0.00239674 0.0584318 0.0422308 0.000232255 -0.000797914 0.00344874 0.0099153 -0.0168036 0.0066302 0.0112897 0.00803331
internal_weight=621.145 568.755 552.522 543.658 528.938 508.928 14.2375 494.69 478.91 15.7801 474.03 469.557 42.0942 427.463 420.987 416.88 409.203 392.84 308.81 305.479 11.361 16.363 294.118 291.135 261.243 198.016 63.2265 189.971 172.711 166.715
internal_count=1884 1732 1687 1663 1551 1489 34 1455 1409 46 1396 1384 90 1294 1277 1266 1239 1182 856 844 26 57 818 811 777 562 215 529 508 489
is_linear=0
shrinkage=0.05


Tree=24
num_leaves=31
num_cat=0
split_feature=0 1 72 79 18 12 67 77 2 6 23 43 76 4 4 73 59 6 4 29 35 4 11 30 48 10 7 7 37 74
split_gain=67.3901 23.3429 12.3266 12.3815 16.679 14.3722 14.0616 13.4819 12.0273 23.0771 14.4938 12.9601 11.3501 11.0715 22.6465 10.8354 19.2338 21.2077 12.4868 19.3425 10.6185 10.0178 9.9157 13.2227 15.0501 9.80901 9.76068 14.403 19.9248 20.5591
threshold=0.003249999950639904 0.0021499999566003685 0.0014499999815598132 0.94126680493354808 0.0011500000255182388 0.33520001173019415 0.0031500000040978198 0.56411194801330578 1.0000000180025095e-35 1.0000000180025095e-35 0.0014499999815598132 0.0044499998912215242 0.76164582371711742 0.037900000810623176 0.029450000263750557 0.0012500000302679839 1.0000000180025095e-35 0.022800000384449962 0.010250000283122064 0.0050500000361353168 0.0046500000171363362 0.022550000809133056 0.50740000605583202 0.010250000283122064 0.018150000832974914 0.0018500000005587938 0.0048500001430511483 1.0000000180025095e-35 0.0090499999932944792 0.002650000038556755
decision_type=2 2 2 2 2 2 2 2 2 2 2 2 2 2 2 2 2 2 2 2 2 2 2 2 2 2 2 2 2 2
left_child=1 2 3 4 5 7 8 22 9 -5 -11 12 13 14 15 16 18 -18 25 -20 -6 -13 23 24 26 -10 27 28 -1 -30
right_child=-2 -3 -4 6 20 -7 -8 -9 11 10 -12 21 -14 -15 -16 -17 17 -19 19 -21 -22 -23 -24 -25 -26 -27 -28 -29 29 -31
leaf_value=0.007431548788195891 0.065448504651256484 0.065267903506794234 -0.0422744441578288 0.071360752884584322 0.067743505787913882 -0.035977925870004458 0.097518612250325959 0.070152329123588972 -0.022331597324366209 -0.059232667449037602 0.16560535064528803 0.069484006805932502 0.097220469356163047 -0.041912597528821705 0.091399760080018197 -0.038050798501662098 0.068636525619622163 -0.057082373239086971 -0.0026464749356197056 0.12062160869952472 -0.039731191440406856 -0.02855115486753932 0.063146854585822532 -0.050843490058966434 0.098231021671829788 0.083843259407001755 0.081534419795891655 -0.015250809836250998 0.090073124891922068 -0.032043091128842641
leaf_weight=141.06382063776255 50.693144753575325 15.75466440618038 14.300180099904535 13.226611949503424 18.551154538989071 17.128484196960926 3.3891949877142897 9.3850191533565503 97.277196228504181 7.1162163466215125 0.79705582559108723 8.8822442218661291 2.3690944612026206 28.21448277682066 5.5316776484251013 31.126144126057625 15.110226824879648 4.311771608889102 14.198452681303026 4.1017046421766272 2.6231774762272826 3.687728486955165 8.1970911622047407 9.4179217815399152 4.6926209926605216 2.2250693067908278 4.3931645750999442 57.33354065567255 14.790976613759996 4.4938120916485778
leaf_count=460 152 45 112 47 51 31 11 27 306 40 4 33 6 53 17 100 61 23 30 13 5 11 25 32 11 9 11 102 42 14
internal_value=0.0102288 0.00526287 0.00353756 0.00476522 0.0116916 0.0083511 -0.00360935 0.0113432 -0.00504838 0.0309531 -0.0365861 -0.00855502 -0.0115845 -0.01286 -0.00814582 -0.0114167 -0.00537537 0.0407264 -0.0129761 0.0249822 0.054429 0.0407228 0.00908471 0.00720843 0.00961939 -0.0199573 0.00774696 0.00625781 0.0139483 0.0616172
internal_weight=614.384 563.691 547.936 533.636 292.071 270.896 241.565 253.768 238.176 21.1399 7.91327 217.036 204.466 202.097 173.882 168.351 137.224 19.422 117.802 18.3002 21.1743 12.57 244.383 236.186 226.768 99.5023 222.075 217.682 160.349 19.2848
internal_count=1884 1732 1687 1575 811 755 764 724 753 91 44 662 618 612 559 542 442 84 358 43 56 44 697 672 640 315 629 618 516 56
is_linear=0
shrinkage=0.05


Tree=25
num_leaves=31
num_cat=0
split_feature=0 1 7 11 77 70 38 25 25 5 8 0 33 11 11 10 31 9 19 29 14 13 53 22 9 27 28 2 73 43
split_gain=63.4737 21.848 11.8949 11.9919 18.0957 12.4021 10.2749 11.6346 10.5536 10.3054 9.86404 9.69203 10.3203 18.5493 9.23106 15.9308 14.1971 20.0218 12.1282 10.2297 21.6233 18.388 13.0022 13.476 18.5346 9.99507 9.77484 14.8343 12.9238 11.5822
threshold=0.003249999950639904 0.0021499999566003685 0.0024500000290572648 0.012950000353157522 0.03209981136023999 0.02615000028163195 0.0012500000302679839 0.26254999637603765 0.21395000070333484 0.020200000144541267 0.063799999654293074 0.0011500000255182388 0.0012500000302679839 0.12025000154972078 0.0058500000741332778 0.0014499999815598132 0.0010500000207684936 0.0020500000100582842 0.0079499999992549437 0.0067999998573213824 0.010850000195205213 0.037499999627470977 0.002549999975599349 0.063499998301267638 0.016200000420212749 0.0013499999768100681 0.0058500000741332778 0.019550000317394737 0.0064499999862164268 0.027200000360608104
decision_type=2 2 2 2 2 2 2 2 2 2 2 2 2 2 2 2 2 2 2 2 2 2 2 2 2 2 2 2 2 2
left_child=1 2 6 -4 -5 -6 7 8 9 10 14 12 -12 -14 15 18 19 -18 -1 20 21 22 23 -16 -25 -20 27 -19 -29 -28
right_child=-2 -3 3 4 5 -7 -8 -9 -10 -11 11 -13 13 -15 16 -17 17 26 25 -21 -22 -23 -24 24 -26 -27 29 28 -30 -31
leaf_value=0.0033233108793060458 0.064378389246289011 0.064008608769068484 0.081722339206416819 -0.040800924897964407 0.079259327058149406 -0.057610363268805212 0.059621745710808666 -0.052266794617806235 0.11963043357798114 0.075165142432137039 -0.01543195544238469 0.078004052083986739 0.083147991155120282 -0.045486322346077378 -0.017595340038459969 0.12192672502799505 0.070049236591853414 0.14609292309470984 0.10941919423579403 -0.024142120865680031 0.077872555457329601 0.065629994398497302 0.069977063477832738 0.10406759029554842 -0.05787969102146362 -0.015817853865899914 -0.026859795823931745 -0.026658180472718254 0.085749018734794874 0.090646482646924736
leaf_weight=127.28888481110334 49.001890778541565 15.273606628179548 9.1795133501291293 8.8394063189625758 9.2498441338539106 2.0157799050211898 7.5212227404117575 10.141441613435743 1.8940786197781552 4.687525510787963 15.087995067238809 7.1602089032530776 9.4147776961326581 3.9903980866074553 139.61230141669512 3.0803236663341513 13.462180517613886 2.4380329400300971 4.9925316572189322 93.393068395555019 7.7851219177246085 8.1683143749833089 4.7581151872873297 5.2433087825775138 2.6646110862493515 2.3398227095603943 25.534348800778393 7.7588013485074026 3.8140554055571556 2.2846943363547316
leaf_count=438 152 45 24 12 24 3 21 40 8 13 63 19 30 13 429 10 40 7 13 264 27 25 18 15 6 14 72 22 11 6
internal_value=0.00981314 0.00503059 0.00337409 0.0343704 0.0127506 0.054769 0.00160988 0.000749284 0.00183141 0.00138063 0.000675168 0.0260003 0.012932 0.0448567 -0.00131095 0.0094978 -0.0060074 0.0170126 0.00692527 -0.0108725 -0.00350589 -0.0074545 -0.0113748 -0.0139987 0.0494987 0.0694549 -5.62408e-05 0.0340018 0.0103878 -0.0172094
internal_weight=608.076 559.074 543.801 29.2845 20.105 11.2656 514.516 506.995 496.854 494.959 490.272 35.6534 28.4932 13.4052 454.619 137.702 316.917 55.2921 134.621 261.625 168.232 160.447 152.278 147.52 7.90792 7.33235 41.8299 14.0109 11.5729 27.819
internal_count=1884 1732 1687 63 39 27 1624 1603 1563 1555 1542 125 106 43 1417 475 942 158 465 784 520 493 468 450 21 27 118 40 33 78
is_linear=0
shrinkage=0.05


Tree=26
num_leaves=31
num_cat=0
split_feature=0 1 72 68 54 10 5 48 60 2 66 8 66 48 69 74 45 70 58 14 8 8 6 30 64 73 8 13 4 53
split_gain=59.8346 20.4667 11.2451 11.1024 19.7786 10.1334 11.3727 11.1346 10.3524 9.08968 14.7842 14.2788 15.6119 15.1816 13.6208 15.431 13.5862 12.6602 12.035 13.4307 15.1827 12.1617 12.9342 15.5315 17.2092 14.132 16.2597 12.1726 15.3413 11.9962
threshold=0.003249999950639904 0.0021499999566003685 0.0014499999815598132 0.00045000000682193791 0.0019500000635161998 0.0052499999292194852 0.020200000144541267 0.00035000000207219278 0.031250000931322582 1.0000000180025095e-35 0.0010500000207684936 0.0020500000100582842 0.0037500000325962905 1.0000000180025095e-35 0.0035500000230968003 0.0040500001050531873 0.0013499999768100681 0.04175000078976155 0.0064000000711530456 0.017250000499188903 0.0029499999945983295 0.0045499999541789302 0.014099999796599151 0.0012500000302679839 1.0000000180025095e-35 0.0051500000990927228 0.049099998548626907 0.097550000995397582 0.0015499999863095584 0.0017499999958090486
decision_type=2 2 2 2 2 2 2 2 2 2 2 2 2 2 2 2 2 2 2 2 2 2 2 2 2 2 2 2 2 2
left_child=1 2 3 5 -5 6 8 -7 9 10 -1 12 14 16 29 -16 -13 18 19 20 -15 -22 23 24 27 26 -24 28 -23 -11
right_child=-2 -3 -4 4 -6 7 -8 -9 -10 11 -12 13 -14 17 15 -17 -18 -19 -20 -21 21 22 25 -25 -26 -27 -28 -29 -30 -31
leaf_value=0.025101068929853206 0.06338669290793543 0.062835952310691071 -0.041284368296504038 0.080508859048406864 -0.023096397227174003 0.067895792196106142 0.071814813057432744 -0.015201595248572548 0.073078475579806221 -0.018593915371527013 -0.060062230823807253 0.067143377114541963 0.059462336169114151 0.060538200284546151 0.10819267590371227 -0.057839860860340098 -0.016366489603427969 0.085197016789459415 -0.048991364992149726 0.074782701423126902 -0.04305984905415753 0.011459490324994701 -0.045257610996332943 -0.02003324356414966 -0.014070441283208189 0.064685032943192181 0.01559238467952126 -0.013192241686140666 0.092788320057819562 0.044597836007711458
leaf_weight=58.058403387665749 47.322694316506386 14.792922347784041 13.828095853328703 12.180876642465593 7.4080411046743384 11.920657105743887 5.7005221843719474 6.0911144167184821 4.9005219191312781 197.52527676522732 5.5863744914531699 17.64770203828812 7.5035343989729872 9.7823269590735418 4.5379363894462577 2.0234057158231735 6.7268010824918738 4.4430817961692801 11.800587251782416 6.3194314986467353 17.352814503014088 8.5377754271030444 32.337962120771408 20.303723610937595 13.930047065019606 4.8729595467448226 16.620645105838776 5.8094207867979994 18.072611212730408 7.8072247430682173
leaf_count=176 152 45 112 32 13 36 16 19 14 541 26 72 32 37 13 5 26 12 26 22 36 41 104 69 26 19 77 8 48 29
internal_value=0.00942004 0.00481372 0.00322315 0.00439366 0.0413279 0.00296441 0.0016056 0.0397944 0.000776111 3.42369e-05 0.0176259 -0.00267045 -0.0114152 0.00719077 -0.0139251 0.0569911 0.0440966 0.00190494 -0.000327914 0.00340249 0.000346796 -0.00392497 0.00171141 0.0164339 0.0324084 -0.0165177 -0.0246 0.0523793 0.0666945 -0.0161912
internal_weight=601.745 554.423 539.63 525.802 19.5889 506.213 488.201 18.0118 482.501 477.6 63.6448 413.955 219.397 194.558 211.894 6.56134 24.3745 170.183 165.74 153.94 147.62 137.838 120.485 66.6536 46.3499 53.8316 48.9586 32.4198 26.6104 205.333
internal_count=1884 1732 1687 1575 45 1530 1475 55 1459 1445 202 1243 620 623 588 18 98 525 513 487 465 428 392 192 123 200 181 97 89 570
is_linear=0
shrinkage=0.05


Tree=27
num_leaves=31
num_cat=0
split_feature=0 1 7 21 11 16 72 26 36 78 35 27 22 11 9 43 17 2 15 21 33 6 9 7 76 10 25 20 28 4
split_gain=56.458 19.1923 10.7296 10.8944 13.9399 11.7341 9.64364 9.01043 12.9079 12.4825 11.7854 15.8958 12.7811 16.3073 20.2862 18.3459 17.9341 16.5311 15.4031 13.0391 12.7653 11.5686 17.5093 11.2543 15.6809 13.2666 10.5912 10.5871 10.5297 21.5601
threshold=0.003249999950639904 0.0021499999566003685 0.0024500000290572648 0.0010500000207684936 0.012950000353157522 0.0019500000635161998 0.0014499999815598132 0.0024500000290572648 0.0014499999815598132 0.00029997499950695788 0.0010500000207684936 0.01124999998137355 0.0035500000230968003 0.0058500000741332778 0.0022500000195577745 0.0022500000195577745 0.0039500000420957812 0.007849999703466894 0.0047500000800937423 0.039999999105930335 0.0060499999672174462 0.014099999796599151 0.0021499999566003685 1.0000000180025095e-35 0.47577980160713201 0.0065500000491738328 0.0011500000255182388 0.0010500000207684936 0.0013499999768100681 0.0045499999541789302
decision_type=2 2 2 2 2 2 2 2 2 2 2 2 2 2 2 2 2 2 2 2 2 2 2 2 2 2 2 2 2 2
left_child=1 2 6 4 -4 -6 7 10 9 27 11 12 13 14 16 -15 20 -18 -14 -17 -1 -20 -23 -10 -25 -26 -16 -9 29 -12
right_child=-2 -3 3 -5 5 -7 -8 8 23 -11 28 -13 18 15 26 19 17 -19 21 -21 -22 22 -24 24 25 -27 -28 -29 -30 -31
leaf_value=-0.010180647008479364 0.06246533821553301 0.061740212647191928 0.072222387139585231 0.07454644176815689 -0.04643145425148807 0.075925301084580413 -0.040375645273713096 -0.0072060654997421723 0.012087837710753686 0.072809297429007575 -0.046565208794584693 0.05808309935596781 0.10495840651532394 -0.021731481930609982 0.094547395551507263 0.092817889497059242 0.090412913598200709 -0.035433577712174001 -0.056784868719424092 -0.055263037028607888 0.12717969921986028 0.085387861519286581 -0.028028729940630423 -0.042602540451859655 0.084510880991926246 -0.061326261767102402 -0.028247972943349815 0.11821373502274274 -0.044297547828432614 0.089538269659739475
leaf_weight=77.105623856186867 45.661781445145607 14.314830988645552 5.9649570733308854 10.150976791977881 9.5381393954157812 2.4660507142543784 13.442245624959467 13.190501570701601 123.7373359054327 15.341596230864523 6.7954648956656438 11.712384283542631 5.7041086405515697 121.443264529109 9.5030391812324506 6.0413301438093168 9.5312885642051679 3.5932895690202704 4.6986209601163891 1.9717727974057195 1.7293443977832783 7.5256358012557012 6.2118396237492561 22.726768456399444 5.2258244007825843 2.2226955145597458 2.1539965644478789 1.9286397248506535 28.550114870071411 5.0885936990380287
leaf_count=226 152 45 17 27 12 7 112 47 381 49 37 52 21 283 26 19 31 8 11 6 6 32 28 42 13 5 13 7 146 23
internal_value=0.00904262 0.00460425 0.00307632 0.0331396 0.00974834 -0.0212954 0.00140948 0.00254711 0.0112965 0.0410348 -0.00266741 0.00111674 -0.00147726 -0.00506426 0.00971874 -0.0168965 0.00184191 0.0559583 0.0331551 0.0563798 -0.00716747 0.0109393 0.0341029 0.00541105 -0.0219679 0.040992 0.0718572 0.00879283 -0.0278356 0.0117125
internal_weight=595.272 549.61 535.295 28.1201 17.9691 12.0042 507.175 493.733 184.373 30.4607 309.36 268.926 257.213 233.073 103.617 129.456 91.9595 13.1246 24.1402 8.0131 78.835 18.4361 13.7375 153.913 30.1753 7.44852 11.657 15.1191 40.4342 11.8841
internal_count=1884 1732 1687 63 36 19 1624 1512 544 103 968 762 710 618 310 308 271 39 92 25 232 71 60 441 60 18 39 54 206 60
is_linear=0
shrinkage=0.05


Tree=28
num_leaves=31
num_cat=0
split_feature=0 1 38 30 48 50 26 10 27 31 11 49 29 2 3 15 24 11 57 17 5 77 48 29 36 13 27 2 15 69
split_gain=53.3277 18.0318 9.94058 9.63766 14.8358 11.9382 8.53995 16.283 16.4036 12.4028 12.5405 11.9697 11.7793 11.4982 15.906 26.4794 19.1551 14.6995 14.6285 14.5187 23.5787 22.2226 14.8077 14.1764 12.408 12.2595 22.9148 14.0091 11.5601 11.0878
threshold=0.003249999950639904 1.0000000180025095e-35 0.0012500000302679839 0.010250000283122064 0.018150000832974914 0.074499998241662993 0.0017499999958090486 0.0013499999768100681 0.0047500000800937423 0.003400000045076013 0.0027499999850988392 1.0000000180025095e-35 0.048499999567866332 0.0056499999482184657 0.0077499998733401307 0.0074499999172985562 1.0000000180025095e-35 0.038799999281764037 0.0010500000207684936 0.0011500000255182388 0.0018500000005587938 0.0024492200464010243 0.00025000000459840527 0.0059500001370906839 0.0014499999815598132 0.007849999703466894 0.0010500000207684936 0.0083499997854232805 0.042900001630187042 0.0047500000800937423
decision_type=2 2 2 2 2 2 2 2 2 2 2 2 2 2 2 2 2 2 2 2 2 2 2 2 2 2 2 2 2 2
left_child=1 2 3 4 6 -5 11 8 9 10 -8 12 13 14 18 16 24 -17 19 20 21 23 -21 -1 -16 29 27 -27 -23 -15
right_child=-2 -3 -4 5 -6 -7 7 -9 -10 -11 -12 -13 -14 25 15 17 -18 -19 -20 22 -22 28 -24 -25 -26 26 -28 -29 -30 -31
leaf_value=-0.023809359804966779 0.061607245249159517 0.052763381384946052 0.057145952272617033 -0.041352002024740014 0.089320100554888593 0.11178569662458554 0.046149345747288698 0.04147059968317271 -0.040592050340232763 0.065468598442698603 0.00036761898004474214 -0.041798697350727276 0.081180465672749891 -0.028494654675450443 0.11304777982191482 -0.03339549431090038 -0.032574912030002783 0.062954532521535309 0.087900522286893296 -0.030108401854253071 0.12680405974211592 0.088436169909055284 0.093926057543942496 0.11968669454704726 -0.066600390880677512 -0.037217160450678591 -0.030139691680845206 0.081574169534099641 -0.058761216448465187 0.046745662614321205
leaf_weight=33.164221711456776 44.024405017495155 18.613827258348465 8.2487691789865476 19.585245259106163 4.9535068273544303 1.3611115366220463 16.882560186088085 34.352909743785858 18.581942707300186 9.1834244132041913 131.20150105655193 18.866320788860321 4.3337349221110335 78.021957062184811 14.354114413261415 13.811094813048841 3.2500586286187163 5.5490580648183814 4.3000158518552771 51.089619189500809 4.1863037794828406 8.9551640897989255 2.5251897498965254 1.8153959438204754 1.0301408618688572 3.1307081878185299 15.102751046419142 11.975359313189982 1.5672711879014958 5.2243680059909812
leaf_count=164 152 60 24 78 12 4 54 95 78 26 383 41 15 236 48 48 10 29 12 127 11 40 8 6 6 10 41 40 14 12
internal_value=0.00867286 0.00439859 0.00268905 0.00182245 0.00322152 -0.031401 0.00235548 0.0099853 0.00383452 0.00908374 0.00558704 -0.00332669 -0.000570946 -0.00193858 0.00736019 0.0351718 0.0777181 -0.0057794 -0.00246002 -0.0062213 0.0132499 0.00280263 -0.0242665 -0.0163621 0.101018 -0.0138717 0.0134124 0.0569549 0.0665118 -0.0237727
internal_weight=589.242 545.218 526.604 518.355 497.409 20.9464 492.455 210.202 175.849 157.267 148.084 282.253 263.387 259.053 145.598 37.9945 18.6343 19.3602 107.603 103.303 49.6884 45.5021 53.6148 34.9796 15.3843 113.455 30.2088 15.1061 10.5224 83.2463
internal_count=1884 1732 1672 1648 1566 82 1554 636 541 463 437 918 877 862 523 141 64 77 382 370 235 224 135 170 54 339 91 50 54 248
is_linear=0
shrinkage=0.05


Tree=29
num_leaves=31
num_cat=0
split_feature=0 1 7 21 11 16 72 7 4 44 2 11 13 26 77 4 35 77 54 27 64 48 46 76 65 53 19 64 21 17
split_gain=50.4113 17.0799 9.67299 10.0089 12.6837 10.8492 8.8172 8.2826 15.3892 12.9344 17.5119 13.984 12.2149 21.27 12.1873 12.0868 15.6776 14.5727 22.2605 21.4317 16.3325 14.3398 14.0701 12.7761 12.5221 11.3039 11.2693 11.497 10.3314 13.2851
threshold=0.003249999950639904 0.0021499999566003685 0.0024500000290572648 0.0010500000207684936 0.012950000353157522 0.0019500000635161998 0.0014499999815598132 1.0000000180025095e-35 0.13990000635385516 0.0036499999696388845 0.0022500000195577745 0.10694999992847444 0.0080500002950429934 0.015399999916553499 0.003547875909134746 0.002549999975599349 1.0000000180025095e-35 0.0055973599664866933 0.0012500000302679839 0.0012500000302679839 0.0016499999910593035 0.018150000832974914 0.0010500000207684936 0.53759083151817333 0.0028499999316409235 0.0020500000100582842 0.015549999661743643 0.0011500000255182388 0.047500001266598708 0.0013499999768100681
decision_type=2 2 2 2 2 2 2 2 2 2 2 2 2 2 2 2 2 2 2 2 2 2 2 2 2 2 2 2 2 2
left_child=1 2 6 4 -4 -6 7 9 25 11 -11 15 -12 -14 -13 16 23 -17 19 -19 -21 -18 -20 24 28 -9 -15 -28 29 -1
right_child=-2 -3 3 -5 5 -7 -8 8 -10 10 12 14 13 26 -16 17 21 18 22 20 -22 -23 -24 -25 -26 -27 27 -29 -30 -31
leaf_value=0.0075356509455609642 0.060806196415450348 0.059870783256499208 0.069756477399329844 0.071936486050286949 -0.04567736972597853 0.073931159676232025 -0.039492348135904326 -0.023898536713855167 0.09389563958571584 0.089072825761327232 -0.013296623867236774 0.10110645783311366 0.0633783724456667 0.072272344369821842 -0.038737010441553477 0.0013913408481277527 -0.053597128051974446 0.083388515160374599 -0.039527928615242555 -0.028450031623962597 0.113728655057735 0.082039744267866033 0.062549945729685169 0.1163358964939268 0.091535219108951987 0.059132522333494558 -0.01968744373107937 0.065607652573526423 0.10515689983368265 -0.027803318817725971
leaf_weight=68.137976564466953 42.414957314729691 13.434954285621641 5.7351975589990678 9.89090847969055 9.2330181300640088 2.3857876360416403 12.966366067528723 63.477861374616623 3.1864137649536124 8.5850595310330373 27.665287598967552 1.6433920413255716 24.084607683122158 5.1056405901908866 29.977457113564014 87.591052830219269 23.278157114982609 24.50948777794838 12.667991831898691 9.4615700244903547 2.5681081116199485 2.1266465187072745 4.6021654978394499 2.3539481833577147 3.5225463509559622 4.3820465281605712 27.939633890986443 4.6013650447130194 2.1202147752046576 43.620182052254677
leaf_count=284 152 45 17 27 12 7 112 117 9 28 85 8 74 15 82 250 134 72 32 55 7 5 16 8 15 13 60 13 11 119
internal_value=0.0083158 0.00419939 0.00278128 0.0317941 0.00891502 -0.0211171 0.00120093 0.00228392 -0.0134942 0.00497753 0.0208621 8.59788e-05 0.0143116 0.0266845 -0.0314691 0.00356797 -0.00656693 0.0139723 0.0344517 0.0565611 0.00190242 -0.0422429 -0.0123261 0.00100137 -0.00131114 -0.0185368 0.00320935 -0.00762654 -0.00418312 -0.00625746
internal_weight=583.27 540.855 527.42 27.2449 17.354 11.6188 500.175 487.209 71.0463 416.162 97.9816 318.181 89.3965 61.7312 31.6208 286.56 145.16 141.4 53.8093 36.5392 12.0297 25.4048 17.2702 119.755 117.401 67.8599 37.6466 32.541 113.878 111.758
internal_count=1884 1732 1687 63 36 19 1624 1512 139 1373 275 1098 247 162 90 1008 576 432 182 134 62 139 48 437 429 130 88 73 414 403
is_linear=0
shrinkage=0.05


Tree=30
num_leaves=31
num_cat=0
split_feature=7 1 32 77 11 16 26 49 35 46 74 54 16 19 16 42 9 21 3 25 54 25 27 37 8 78 64 13 73 4
split_gain=34.1732 17.2499 11.0238 9.87938 11.1325 11.8389 9.20626 13.713 12.9662 18.0086 23.1109 13.0607 13.9607 17.6044 14.8341 12.6253 11.5507 13.6823 14.6234 10.8845 13.9152 13.0715 18.0571 23.2186 17.1888 11.164 13.7809 11.0427 10.4677 14.323
threshold=0.0024500000290572648 0.0021499999566003685 0.0013499999768100681 0.039967002347111709 0.012950000353157522 0.0019500000635161998 0.0024500000290572648 1.0000000180025095e-35 0.0010500000207684936 0.0010500000207684936 0.0012500000302679839 0.023450000211596492 0.0014499999815598132 0.019650000147521499 0.0010500000207684936 0.0020500000100582842 0.0022500000195577745 0.0011500000255182388 0.015549999661743643 0.0022500000195577745 0.0015499999863095584 1.0000000180025095e-35 0.0010500000207684936 0.002650000038556755 0.0010500000207684936 0.00029997499950695788 0.0010500000207684936 0.0023500000825151805 0.0010500000207684936 0.010250000283122064
decision_type=2 2 2 2 2 2 2 2 2 2 2 2 2 2 2 2 2 2 2 2 2 2 2 2 2 2 2 2 2 2
left_child=1 2 6 4 -2 -6 7 8 9 11 -11 12 14 -14 16 -12 19 -18 -19 21 -21 22 23 24 25 26 -1 -23 29 -10
right_child=3 -3 -4 -5 5 -7 -8 -9 28 10 15 -13 13 -15 -16 -17 17 18 -20 20 -22 27 -24 -25 -26 -27 -28 -29 -30 -31
leaf_value=-0.022703940732403907 0.078298580402588358 0.058965153249951774 0.059844869008604855 0.062301144513303756 -0.035004942622606221 0.067651022814880085 0.010183473967159025 -0.043569506066966607 -0.023645008493996072 0.082705196143184057 -0.043346315675610696 0.097963250590986053 -0.038527321229888951 0.089182756337230884 0.088224624789626657 0.042457751106235314 0.063751034299000683 -0.048748298606366904 0.0722006797557041 -0.045409367135836404 0.10866740553291106 0.11492425582677512 -0.047945675014934658 0.1188409937205329 0.041071812667646902 0.079981637461588775 0.10067693669913663 0.0045065836280001282 -0.044224439197317646 0.089280048361272915
leaf_weight=56.432104796171188 5.423625290393832 13.943840116262434 8.2726130634546262 34.050709187984467 9.9957630112767202 3.9060462713241568 193.90224670618773 20.181038953363895 9.6431907564401609 15.340432412922381 8.8431101515889186 3.2280497103929511 38.208633244037628 2.9034740701317778 4.9541923254728308 8.3212960958480817 14.30377070605755 7.7286651954054815 3.6933678612112999 22.922437243163589 1.5654765814542759 4.4553532004356367 18.961923331022263 4.3268671035766593 19.372684016823769 3.0744977146387091 2.3577470332384101 4.6044083312153816 27.999697983264923 3.961533971130847
leaf_count=134 15 49 27 121 15 13 609 49 80 46 20 9 48 8 19 34 48 47 16 94 8 20 51 12 86 9 9 25 144 19
internal_value=0.00798412 0.00409828 0.00259687 0.0460956 0.0175421 -0.00616129 0.00165212 -0.00372958 -0.000930127 0.00344246 0.0381088 -0.00184547 -0.00338068 -0.029508 0.00298452 -0.00174854 0.000406393 0.0311666 -0.00963888 -0.00532483 -0.0355595 0.00119346 -0.0038002 0.00598294 -2.81375e-05 -0.0128985 -0.0177558 0.0588071 -0.0267423 0.00923742
internal_weight=576.879 523.503 509.559 53.3761 19.3254 13.9018 501.286 307.384 287.203 245.598 32.5048 213.094 209.866 41.1121 168.753 17.1644 163.799 25.7258 11.422 138.073 24.4879 113.586 104.526 85.5639 81.237 61.8643 58.7899 9.05976 41.6044 13.6047
internal_count=1884 1720 1671 164 43 28 1644 1035 986 743 100 643 634 56 578 54 559 111 63 448 102 346 301 250 238 152 143 45 243 99
is_linear=0
shrinkage=0.05


Tree=31
num_leaves=31
num_cat=0
split_feature=0 1 72 38 5 66 75 48 66 2 76 5 57 48 43 26 6 10 23 20 8 57 71 27 64 40 76 39 0 10
split_gain=45.5268 15.1029 8.62964 8.34804 8.05128 8.06835 9.06104 8.55197 8.75579 10.8326 12.9502 12.5077 10.0706 11.2044 14.1716 16.4102 11.0697 18.4584 22.3599 16.4726 14.8999 17.2868 14.5363 13.0392 13.6209 12.4253 11.8316 11.0176 10.2235 11.131
threshold=0.003249999950639904 0.0021499999566003685 0.0024500000290572648 0.0012500000302679839 0.020200000144541267 0.0075499999802559623 0.0037500000325962905 0.018150000832974914 0.0011500000255182388 1.0000000180025095e-35 0.012880790513008835 1.0000000180025095e-35 0.0061500000301748523 0.0010500000207684936 0.0021499999566003685 0.0018500000005587938 0.0047500000800937423 0.0012500000302679839 1.0000000180025095e-35 1.0000000180025095e-35 0.0011500000255182388 0.0022500000195577745 0.0061500000301748523 0.0012500000302679839 1.0000000180025095e-35 0.0015499999863095584 0.027811379171907905 0.0015499999863095584 0.0017499999958090486 0.0050500000361353168
decision_type=2 2 2 2 2 2 2 2 2 2 2 2 2 2 2 2 2 2 2 2 2 2 2 2 2 2 2 2 2 2
left_child=1 2 3 4 5 6 7 8 9 11 -11 -1 13 14 16 -16 19 26 -19 20 21 -12 -21 24 25 -22 -18 -17 29 -20
right_child=-2 -3 -4 -5 -6 -7 -8 -9 -10 10 12 -13 -14 -15 15 27 17 18 28 22 23 -23 -24 -25 -26 -27 -28 -29 -30 -31
leaf_value=0.014593638147491365 0.059467202556050071 0.058076954341955228 -0.049683087316794043 0.05431769293279446 0.067874051872063121 0.041596141295293765 -0.043830145765864165 0.089289922008099001 -0.025517020583474187 -0.051243184298871994 -0.017429831307709986 0.085386565470060183 0.040744370839872063 -0.030864206205916928 -0.0031492379015982046 0.077102298056437729 0.086196773627430029 0.10355667562327626 -0.025532823368239112 0.092721124560633097 0.050394783747489506 0.076706037908860547 -0.05607189691979661 -0.039074213034216064 -0.017302013441279126 -0.025983622777327981 -0.025366035924555365 -0.028904413332406904 0.092404507671643599 0.067739956240711413
leaf_weight=50.397675961256027 39.463854089379311 12.517556458711622 7.804350681602954 7.892657443881034 4.6652120202779761 12.469517603516577 11.081599682569502 2.7835279107093802 28.41301866620779 11.902970634400843 75.467981345951557 7.1208970695734015 15.842670917510985 27.161968622356653 18.39544190466404 17.3491330370307 2.4361522719264022 6.5117019787430754 19.791751377284534 9.1868474483489972 41.627921581268311 5.2138414978981009 1.9985360950231541 8.1436777114868146 12.888096004724501 6.1058845594525328 97.132186777889729 2.8543617501854888 2.6909305453300467 3.8152258023619643
leaf_count=169 152 45 64 24 14 59 19 7 113 48 166 19 46 68 62 54 15 23 46 27 132 15 2 22 31 31 378 14 7 12
internal_value=0.00765215 0.00380606 0.00249749 0.0032939 0.00249399 0.00188248 0.000864184 0.00190638 0.00139154 0.00311337 0.000100728 0.0233579 0.00173213 9.42017e-06 0.00253826 0.031017 -0.0012133 -0.0119188 0.0206064 0.0076091 0.00322868 -0.0113466 0.0661357 0.0203296 0.0283097 0.0406248 -0.0226364 0.0621256 6.68513e-05 -0.0104586
internal_weight=571.127 531.663 519.146 511.341 503.449 498.784 486.314 475.232 472.449 444.036 386.517 57.5186 374.614 358.772 331.61 38.5989 293.011 132.378 32.8096 160.633 149.447 80.6818 11.1854 68.7656 60.6219 47.7338 99.5683 20.2035 26.2979 23.607
internal_count=1884 1732 1687 1623 1599 1585 1526 1507 1500 1387 1199 188 1151 1105 1037 130 907 481 88 426 397 181 29 216 194 163 393 68 65 58
is_linear=0
shrinkage=0.05


Tree=32
num_leaves=31
num_cat=0
split_feature=0 1 72 68 54 31 9 2 25 78 20 50 12 37 40 9 24 2 22 41 30 73 10 15 57 16 16 41 3 76
split_gain=43.086 14.2067 8.07163 8.61828 15.3419 7.29863 14.9663 10.6572 10.5765 14.7485 12.5013 10.5894 9.92375 13.9358 13.7697 14.4123 13.1322 13.7982 15.7806 24.1792 13.8546 12.1218 27.4878 14.4068 17.0155 14.4191 12.2709 17.9176 12.5673 13.5315
threshold=0.003249999950639904 0.0021499999566003685 0.0014499999815598132 0.00045000000682193791 0.0019500000635161998 0.0010500000207684936 0.0020500000100582842 0.11934999749064447 0.0088499998673796671 0.0044977304060012111 0.0039500000420957812 0.050499999895691879 0.0097500002011656779 0.0096500003710389155 0.0010500000207684936 0.0023500000825151805 1.0000000180025095e-35 0.098900001496076598 0.0035500000230968003 0.016549999825656418 0.0017499999958090486 1.0000000180025095e-35 0.0018500000005587938 0.0016499999910593035 1.0000000180025095e-35 0.0021499999566003685 0.0014499999815598132 0.0039500000420957812 0.003249999950639904 0.087919201701879515
decision_type=2 2 2 2 2 2 2 2 2 2 2 2 2 2 2 2 2 2 2 2 2 2 2 2 2 2 2 2 2 2
left_child=1 2 3 5 -5 8 -7 -8 9 12 11 -10 14 -14 15 16 17 18 20 -20 21 23 -23 24 25 26 27 28 -1 -30
right_child=-2 -3 -4 4 -6 6 7 -9 10 -11 -12 -13 13 -15 -16 -17 -18 -19 19 -21 -22 22 -24 -25 -26 -27 -28 -29 29 -31
leaf_value=-0.017562469993873411 0.058800451083190576 0.057252074014691526 -0.037667598059988629 0.073634681828809709 -0.022578545608149602 0.058470378767793187 -0.009024699297437112 0.05378126256854894 -0.030208920401207887 0.065938439340511426 0.059942140165468311 0.11421614606055318 -0.022240533052741797 0.031568695060674244 -0.032110685027950288 0.041072761794075326 -0.019378572316153128 -0.04797135773616848 0.096193188302746743 -0.054922484764984784 0.085720988505424145 0.095634811187117127 -0.023520220010242499 -0.035778827321742819 0.075585796942666678 0.1345301006178882 -0.055335523004479505 0.11711556441162636 0.055290415281879272 -0.0078589151807790907
leaf_weight=42.483180440962315 37.954034313559532 12.074268266558645 12.279487196356056 11.074286766350271 6.6202195435762397 16.796643130481243 35.42337017506361 8.3456359058618528 52.421806745231152 9.0610318183898908 4.511649787425994 1.3006772994995106 72.672772444784641 14.420130535960196 21.702398404479027 31.412612393498421 44.501924224197865 9.3513222075998765 11.952698796987532 3.4000361710786811 5.7245937362313262 10.928839668631555 8.6876579597592336 22.335400138050318 8.6684202477335912 2.0153391957283011 9.2186960056424123 3.445957586169242 16.716793723404408 17.22272714227438
leaf_count=130 152 45 112 32 13 50 102 21 254 27 18 3 257 33 103 110 82 12 42 5 23 36 14 76 26 5 12 9 49 31
internal_value=0.00734853 0.0036414 0.00238375 0.00336263 0.0376375 0.00211145 0.018348 0.0029508 -0.000206981 0.00294275 -0.0199988 -0.0267122 0.00134323 -0.0133312 0.00608078 0.00942201 0.00483297 0.0110918 0.0144844 0.0627269 0.00946119 0.00638084 0.042864 0.000519789 0.00864583 0.00227649 -0.000715356 0.00558908 0.000560265 0.0232451
internal_weight=564.725 526.771 514.696 502.417 17.6945 484.722 60.5656 43.769 424.157 365.923 58.2341 53.7225 356.862 87.0929 269.769 248.066 216.654 172.152 162.8 15.3527 147.448 141.723 19.6165 122.107 99.7711 91.1027 89.0874 79.8687 76.4227 33.9395
internal_count=1884 1732 1687 1575 45 1530 173 123 1357 1082 275 257 1055 290 765 662 552 470 458 47 411 388 50 338 262 236 231 219 210 80
is_linear=0
shrinkage=0.05


Tree=33
num_leaves=31
num_cat=0
split_feature=0 1 38 30 48 25 25 68 50 35 10 19 4 16 2 62 13 16 4 15 37 29 19 40 77 79 46 55 17 5
split_gain=40.792 13.3696 7.84119 8.6753 11.2465 8.32703 9.32925 9.14281 7.98969 7.97312 10.7514 9.66566 15.2511 8.51156 13.4268 14.9518 15.3071 11.3055 11.9502 11.6694 21.1214 14.6016 16.838 13.4422 12.1611 11.2985 11.1703 10.0145 10.9862 19.4779
threshold=0.003249999950639904 0.0021499999566003685 0.0012500000302679839 0.010250000283122064 0.018150000832974914 0.26254999637603765 0.21959999948740008 0.00045000000682193791 0.074499998241662993 0.0031500000040978198 0.0052499999292194852 0.06840000301599504 0.0014499999815598132 0.0012500000302679839 0.013150000013411047 0.0010500000207684936 0.002650000038556755 0.0010500000207684936 0.031549999490380294 0.0010500000207684936 0.0017499999958090486 0.0036499999696388845 0.0037500000325962905 1.0000000180025095e-35 0.038845615461468704 0.9796070158481599 0.0011500000255182388 0.0014499999815598132 0.0011500000255182388 1.0000000180025095e-35
decision_type=2 2 2 2 2 2 2 2 2 2 2 2 2 2 2 2 2 2 2 2 2 2 2 2 2 2 2 2 2 2
left_child=1 2 3 4 5 6 7 9 -5 10 11 13 -13 17 15 16 -15 18 19 20 21 23 -23 26 -22 -24 27 28 29 -1
right_child=-2 -3 -4 8 -6 -7 -8 -9 -10 -11 -12 12 -14 14 -16 -17 -18 -19 -20 -21 24 22 25 -25 -26 -27 -28 -29 -30 -31
leaf_value=0.0029812710250815885 0.058172600731681512 0.056466614343233225 0.05229567146206681 -0.040218145289009306 0.080182726391573977 -0.04812583079225722 0.13776945812250382 0.055554275102469297 0.075206556267003732 -0.033517811046031847 0.051549837528053637 -0.057896058149699017 0.078395449478315227 -0.04873739347177436 -0.024908727918183934 0.11388753070228996 0.071455107871262372 0.063180927174831064 -0.030486588816798693 -0.0049827913507562759 0.081209487584789949 0.0798681378081883 0.057085927828641574 -0.061047996128167109 0.0087091225111808057 -0.058121573289358824 0.088672209737108737 0.10205956137113051 -0.013881189305456476 0.096081621477759172
leaf_weight=29.923783175647259 36.482760608196259 11.641110017895697 7.7160920500755301 18.341670848429207 4.6552838385105124 8.1153809912502748 1.2798136249184597 8.0084796063601953 1.632700741291045 15.556366108357905 11.072970032691954 2.6715119443833819 8.8597942888736707 6.7069141268730146 61.80963372439146 3.7801838815212241 4.3781819194555283 7.8255112618207923 25.547632150352001 149.74432002753019 16.701211363077167 13.112175010144712 3.669155538082121 8.5033112987875921 8.8484882339835149 5.0671229436993599 3.7818091213703147 2.4020921960473052 63.313623808324337 6.9164880886673918
leaf_count=111 152 45 24 78 12 34 4 23 5 101 34 6 24 13 114 11 14 28 56 639 48 45 14 49 22 13 9 8 129 19
internal_value=0.00705944 0.00348427 0.00227477 0.00150626 0.00284367 0.00208982 0.00295784 0.00258933 -0.0307834 0.00166761 0.00289864 0.00165611 0.0468202 0.000422079 -0.0146478 0.0280171 -0.00126603 0.00376784 0.00239037 0.00508259 0.0143728 0.00657307 0.0440394 -0.000554874 0.0561008 -0.0097355 0.00428246 0.00117054 -0.00124918 0.0204602
internal_weight=558.066 521.583 509.942 502.226 482.251 477.596 469.481 468.201 19.9744 460.192 444.636 433.563 11.5313 422.032 76.6749 14.8653 11.0851 345.357 337.531 311.984 162.239 136.69 21.8485 114.841 25.5497 8.73628 106.338 102.556 100.154 36.8403
internal_count=1884 1732 1687 1663 1580 1568 1534 1530 83 1507 1406 1372 30 1342 152 38 27 1190 1162 1106 467 397 72 325 70 27 276 267 259 130
is_linear=0
shrinkage=0.05


Tree=34
num_leaves=31
num_cat=0
split_feature=0 1 72 31 9 2 27 73 78 54 59 36 50 21 10 76 21 6 50 40 33 71 15 79 62 62 77 5 3 5
split_gain=38.6347 12.5858 7.57378 7.42356 11.4349 11.0408 9.09495 12.2002 8.13552 16.6095 9.26152 9.14169 14.8591 10.4346 12.1043 20.6098 10.9542 12.5659 10.5348 14.7704 13.0873 11.246 11.6905 9.87632 9.68645 14.315 10.656 20.8369 15.4757 14.7451
threshold=0.003249999950639904 0.0021499999566003685 0.0024500000290572648 0.0010500000207684936 0.0020500000100582842 0.11934999749064447 0.0052499999292194852 0.0057500000111758718 0.0044977304060012111 0.0019500000635161998 0.0012500000302679839 0.086449999362230315 0.021500000730156902 0.0028499999316409235 0.0012500000302679839 0.12097691372036935 0.047500001266598708 0.14154999703168872 0.002549999975599349 1.0000000180025095e-35 0.012349999975413086 0.0050500000361353168 0.013950000051409008 0.99385511875152599 0.0012500000302679839 0.0010500000207684936 0.0016499999910593035 0.0012500000302679839 0.0014499999815598132 0.0088499998673796671
decision_type=2 2 2 2 2 2 2 2 2 2 2 2 2 2 2 2 2 2 2 2 2 2 2 2 2 2 2 2 2 2
left_child=1 2 3 8 -5 6 7 -6 11 10 -10 12 13 18 16 -16 -15 -18 19 24 -21 22 -20 -19 25 26 -1 28 -28 -29
right_child=-2 -3 -4 4 5 -7 -8 -9 9 -11 -12 -13 -14 14 15 -17 17 23 21 20 -22 -23 -24 -25 -26 -27 27 29 -30 -31
leaf_value=-0.0066299871512607855 0.057580101812066797 0.055716387349570434 -0.048270771068960751 0.05436731238231296 -0.010317902036764439 0.052870441529374257 -0.033404296318811116 0.075593398191694722 0.066327514585066361 -0.023916761518593101 -0.039840368997490577 -0.058028016954698704 0.05836487277196814 -0.029712388414921295 0.12463375508131758 -0.0012516580002476668 0.09311858394267665 -0.02566947784012151 0.07225480540683249 -0.045386318281315861 0.078671708303221941 -0.041170758461518561 -0.05745357367555335 0.15327155731626738 -0.035977506397701878 0.13826109202494261 0.079523322737716118 0.089437033180825798 -0.00054081493736793287 0.010662008157516304
leaf_weight=83.920742899179459 35.051517799496651 11.218690812587736 7.3331715837121001 16.75055319070816 13.029961071908476 9.9008093401789647 16.944816827774048 6.0517688542604438 16.963349521160133 10.820632465183733 2.3371899351477614 6.9705768376588813 10.519756235182284 81.208242770284414 3.6246840059757224 31.567393019795418 3.9844740256667128 9.5856163576245272 14.345137692987922 23.87831619381905 2.3336520344018927 3.5923716872930518 1.9764991924166686 0.83856597542762834 13.222275763750075 2.0940395072102538 6.5243712291121474 14.666145995259287 80.549770321696997 9.9844247847795469
leaf_count=248 152 45 64 51 32 26 58 18 52 20 6 18 40 363 12 96 13 63 48 112 13 12 3 4 27 7 23 38 201 19
internal_value=0.00678125 0.00333545 0.00217299 0.00291551 0.0190042 0.00610665 -0.00674496 0.0169289 0.000600042 0.0256706 0.0534712 -0.00126276 -0.000269607 -0.00185977 -0.0133565 0.0117142 -0.0225838 0.0175935 0.00398986 0.00105702 -0.0343414 0.0389197 0.0565475 -0.0112747 0.00545527 0.00822576 0.00683397 0.0169473 0.0054583 0.0575301
internal_weight=551.79 516.738 505.519 498.186 62.6779 45.9274 36.0265 19.0817 435.508 30.1212 19.3005 405.387 398.416 387.897 130.809 35.1921 95.6169 14.4087 257.088 237.174 26.212 19.914 16.3216 10.4242 210.962 197.739 195.645 111.725 87.0741 24.6506
internal_count=1884 1732 1687 1623 185 134 108 50 1438 78 58 1360 1342 1302 551 108 443 80 751 688 125 63 51 67 563 536 529 281 224 57
is_linear=0
shrinkage=0.05


Tree=35
num_leaves=31
num_cat=0
split_feature=0 63 26 72 1 38 5 75 18 5 5 55 53 36 42 59 12 66 13 36 76 26 33 66 5 19 11 4 60 4
split_gain=36.6085 12.0803 7.2918 9.71992 8.28321 6.76316 6.66798 6.78732 10.7842 8.26057 8.90318 8.96079 11.6881 14.9805 14.781 12.1113 9.20997 11.0334 10.4101 9.78406 9.95483 9.1404 10.4787 8.71111 8.64168 9.66675 9.64299 8.40561 12.7844 11.1328
threshold=0.003249999950639904 0.0012500000302679839 0.38154999911785131 0.0029499999945983295 1.0000000180025095e-35 0.0012500000302679839 0.020200000144541267 0.0024500000290572648 0.0014499999815598132 0.0086500002071261423 0.0057500000111758718 0.0014499999815598132 0.0014499999815598132 0.0035500000230968003 0.002549999975599349 0.0093499999493360537 0.0094499997794628161 0.0075499999802559623 0.0065500000491738328 0.0014499999815598132 0.12217977270483972 0.071899998933076872 0.0087500000372529047 0.025249999947845939 0.0010500000207684936 0.041550001129508025 0.21414999663829806 0.03980000130832196 0.0044499998912215242 0.0089499996975064295
decision_type=2 2 2 2 2 2 2 2 2 2 2 2 2 2 2 2 2 2 2 2 2 2 2 2 2 2 2 2 2 2
left_child=1 2 3 4 5 6 7 8 9 10 11 16 13 15 -15 -13 27 18 -18 20 -20 22 -21 -19 25 26 -24 29 -29 -1
right_child=-2 -3 -4 -5 -6 -7 -8 -9 -10 -11 -12 12 -14 14 -16 -17 17 23 19 21 -22 -23 24 -25 -26 -27 -28 28 -30 -31
leaf_value=0.00019025739911253755 0.057019750624396043 0.062092872039772484 0.09561536100893471 -0.060198926505080068 0.05509347100025655 0.049720063312838972 0.064373887110381681 -0.032496095210778446 0.043845585376517858 -0.033437350587537815 0.04856252911431938 -0.041713550726440979 0.067543818767900513 0.055635418957623486 -0.036743658205265012 0.11983570490839397 -0.035335508673410149 0.083595116943030096 -0.02334234111508483 -0.032591723424243678 0.085059620340141529 0.083006925134319925 0.04719169360852557 -0.060199262655009605 0.062782300624932799 0.091100537285421945 -0.049849881842383141 -0.032094476634311628 0.073984322936141531 0.026247715459269679
leaf_weight=162.75046391040087 33.661391541361809 8.5590316206216794 2.0798629224300376 6.2427776753902426 7.3978491723537436 7.2494017034769049 4.1232057660818091 15.078170321881769 14.623577550053595 17.524498663842678 9.854016646742819 14.89718918502331 10.384382262825964 17.93680047988892 5.708045817911624 1.2581526935100544 46.307742528617382 4.7715323418378821 3.4113093614578229 35.695671282708645 5.5856622830033302 2.4282073974609366 3.4828070029616383 1.351590074598789 5.9681538939476004 2.1122837364673606 9.6614748314023 27.588208839297298 3.166279971599578 54.789360076189041
leaf_count=598 152 33 6 56 28 23 13 36 42 30 27 57 29 64 14 3 218 16 18 103 16 6 13 11 20 5 20 69 9 149
internal_value=0.00651084 0.00319006 0.00218863 0.00180104 0.0025828 0.00178628 0.00106303 0.00051501 0.00159412 0.000210732 0.00158489 0.00048075 0.0203039 0.00797845 0.0333344 -0.0291323 -0.00221472 -0.0135397 -0.0170321 -0.00463056 0.0439577 -0.0119963 -0.0160491 0.0518546 0.0117722 -0.00818229 -0.024137 0.00329402 -0.0211733 0.00675306
internal_weight=545.649 511.988 503.429 501.349 495.106 487.708 480.459 476.336 461.257 446.634 429.109 419.255 50.1846 39.8002 23.6448 16.1553 369.071 120.776 114.653 68.3456 8.99697 59.3486 56.9204 6.12312 21.2247 15.2566 13.1443 248.294 30.7545 217.54
internal_count=1884 1732 1699 1693 1637 1609 1586 1573 1537 1495 1465 1438 167 138 78 60 1271 446 419 201 34 167 161 27 58 38 33 825 78 747
is_linear=0
shrinkage=0.05


Tree=36
num_leaves=31
num_cat=0
split_feature=0 7 25 25 11 77 70 26 72 46 74 73 3 20 20 71 33 13 7 0 59 4 40 44 79 45 27 8 64 54
split_gain=34.6949 7.41319 7.56824 7.66293 7.50593 12.4005 8.72209 6.35182 7.6506 6.49146 14.2104 12.1681 11.3184 10.1278 9.6551 12.1214 10.8305 9.35976 8.12102 14.5238 11.2537 11.0167 8.15294 13.5141 11.3241 10.6227 9.29591 7.76386 10.665 7.60716
threshold=0.003249999950639904 0.0024500000290572648 0.26254999637603765 0.21959999948740008 0.012950000353157522 0.03209981136023999 0.02615000028163195 0.38154999911785131 1.0000000180025095e-35 0.0014499999815598132 0.0017499999958090486 0.0034500000765547161 0.054750001057982452 0.021949999965727333 0.0018500000005587938 0.037249999120831497 0.0098500000312924402 0.0076500000432133683 1.0000000180025095e-35 0.0010500000207684936 0.0113500002771616 0.13990000635385516 0.0013499999768100681 1.0000000180025095e-35 0.97579216957092296 0.0013499999768100681 0.0013499999768100681 0.0063499999232590207 1.0000000180025095e-35 0.0037000000011175875
decision_type=2 2 2 2 2 2 2 2 2 2 2 2 2 2 2 2 2 2 2 2 2 2 2 2 2 2 2 2 2 2
left_child=1 2 3 7 -3 -6 -7 8 9 13 11 -11 -13 14 15 18 -16 -18 19 22 -21 27 29 -24 25 -25 -27 -20 -29 -1
right_child=-2 4 -4 -5 5 6 -8 -9 -10 10 -12 12 -14 -15 16 -17 17 -19 21 20 -22 -23 23 24 -26 26 -28 28 -30 -31
leaf_value=0.0076868771435241474 0.056488654507519068 0.067879772640602867 -0.044720896845548586 0.12077419757177828 -0.040007382297587567 0.069189709486271136 -0.058517321672543421 0.10341985918375039 -0.029008868475242616 0.080574636794103094 -0.0058649591891531882 -0.032503573741752258 0.050801498153319871 -0.048251116039525727 0.061899481758654167 -0.046713353887076182 -0.03827545729208575 0.08027744960511235 -0.038911487818073826 0.060088632420856714 -0.025600341705676152 0.088846146935407072 -0.051345977412034061 -0.061381138266719641 0.11518568642360263 -0.010278101396530338 0.078843639591385115 0.07988044708590103 -0.023697667186360391 -0.024754627324211322
leaf_weight=222.75835385918617 32.313122808933258 8.4674840867519396 8.6317826695740205 1.3660429269075383 7.0878688320517567 7.8544191718101484 1.6112746447324751 1.5442382395267475 19.265390984714031 12.545220136642458 29.390406161546707 7.0910145863890675 9.5941045284271222 10.229089595377443 13.644724451005461 13.276951629668472 6.7223953530192357 2.212921991944313 28.160483129322529 18.70747742056847 4.8186074867844573 2.2516019642353049 18.011621698737144 5.7606965750455918 2.1942745596170417 8.5623439922928792 4.4448266997933379 3.6918556094169599 7.6038271710276604 19.665347382426262
leaf_count=731 152 28 41 4 12 26 3 4 150 41 83 23 35 17 54 53 23 6 50 51 10 7 123 35 7 22 15 9 18 51
internal_value=0.00625425 0.00305366 0.00167657 0.00252236 0.0295895 0.0100033 0.0474511 0.00218023 0.00184802 0.00316515 0.0186856 0.0433706 0.0153976 0.00084842 0.00216151 0.000171732 0.0338771 -0.00891463 0.00196756 0.00479801 0.0425378 -0.0187257 0.00164279 -0.0195832 0.00770878 -0.00485705 0.0201767 -0.0248644 0.0101556 0.00505523
internal_weight=539.48 507.167 482.146 473.514 25.021 16.5536 9.46569 472.148 470.604 451.338 58.6207 29.2303 16.6851 392.717 382.488 359.908 22.58 8.93532 346.631 304.924 23.5261 41.7078 281.397 38.9738 20.9621 18.7679 13.0072 39.4562 11.2957 242.424
internal_count=1884 1732 1663 1622 69 41 29 1618 1614 1464 182 99 58 1282 1265 1182 83 29 1129 1045 61 84 984 202 79 72 37 77 27 782
is_linear=0
shrinkage=0.05


Tree=37
num_leaves=31
num_cat=0
split_feature=0 63 78 57 71 72 1 31 42 4 31 51 29 54 25 8 4 6 49 40 19 21 17 66 10 76 29 33 71 8
split_gain=32.8996 10.95 6.76504 8.99023 8.59181 8.2703 6.87032 6.45456 11.8475 8.35824 7.50356 6.68917 7.07341 8.36774 8.06433 12.354 13.075 11.69 17.0317 11.1523 7.66012 7.97968 13.2703 11.4934 9.91014 18.0013 9.51065 11.5727 11.2524 9.27604
threshold=0.003249999950639904 0.0012500000302679839 0.012633886188268663 0.063649998977780356 0.075199998915195479 0.0029499999945983295 1.0000000180025095e-35 0.0010500000207684936 0.0014499999815598132 0.0016499999910593035 0.0013499999768100681 0.0036499999696388845 0.010850000195205213 0.0093499999493360537 0.0059500001370906839 0.059500001370906837 0.0091500002890825289 0.022199999541044239 0.0015499999863095584 0.0024500000290572648 0.057899998500943191 0.0028499999316409235 0.026899999938905243 0.0038499999791383748 0.0012500000302679839 0.12097691372036935 0.0048500001430511483 1.0000000180025095e-35 0.0031500000040978198 0.03914999961853028
decision_type=2 2 2 2 2 2 2 2 2 2 2 2 2 2 2 2 2 2 2 2 2 2 2 2 2 2 2 2 2 2
left_child=1 2 5 4 -4 6 7 11 9 -9 -10 12 13 20 15 16 -14 -18 -19 -17 21 22 26 24 29 -26 28 -28 -1 -23
right_child=-2 -3 3 -5 -6 -7 -8 8 10 -11 -12 -13 14 -15 -16 19 17 18 -20 -21 -22 23 -24 -25 25 -27 27 -29 -30 -31
leaf_value=0.0023994741406388981 0.055984185599915616 0.060964906615966263 0.068264562356482414 -0.027117977235798986 -0.055267601627423203 -0.05957718480816529 0.053297324066538865 -0.00087251326200395553 0.08774704729803337 0.071964507626166338 -0.0043380057656109798 0.080520910119585606 -0.050970684179424186 0.062674656443662297 -0.038861889330382954 0.084891705945499094 -0.017518657414962974 0.085244189365207154 -0.05850418967248619 -0.066753373598550533 0.074680384273233424 -0.034711276560516827 0.068081559113563603 0.048428840523426581 0.11083161070624532 -0.0099004177307708205 0.0061111061222201652 0.080830646643576254 -0.041121473922952213 0.018777847360776354
leaf_weight=176.48538396507502 31.00715060532093 7.9953754842281333 11.610454447567463 4.7177089154720298 1.6017338111996657 5.5963459685444823 6.3316947966814032 5.6935028359293964 2.3506582528352729 12.778970584273337 37.56389732286334 2.4785135686397544 15.861562527716158 5.4754468053579322 24.868171934038401 6.081303045153617 20.05001708120108 7.8200238943099958 2.7978192418813705 1.5143147036433218 3.4278129190206519 56.827806033194065 7.9563537612557402 7.0977778211235991 3.810746684670451 16.266181241720915 14.334064882248642 8.1163186654448491 16.216786235570908 9.4537347480654699
leaf_count=511 152 33 37 11 3 54 25 26 8 35 108 6 47 19 105 18 35 23 6 9 9 274 23 35 12 48 51 28 80 53
internal_value=0.00599811 0.00291785 0.00198061 0.032132 0.0532886 0.000847857 0.00156481 0.000860892 0.0164073 0.049515 0.00108509 -0.00136968 -0.0018715 0.00138601 -0.0152931 -0.00446429 -0.0141157 0.00494583 0.0473663 0.0546587 0.000337292 -0.000467706 0.00467009 -0.0127332 -0.0177601 0.0130154 0.00232513 0.0331239 -0.00126302 -0.0270821
internal_weight=534.188 503.18 495.185 17.9299 13.2122 477.255 471.659 465.327 58.387 18.4725 39.9146 406.94 404.462 325.468 78.9932 54.125 46.5294 30.6679 10.6178 7.59562 319.993 316.565 223.109 93.4562 86.3585 20.0769 215.153 22.4504 192.702 66.2815
internal_count=1884 1732 1699 51 40 1648 1594 1569 177 61 116 1392 1386 1143 243 138 111 64 29 27 1124 1115 693 422 387 60 670 79 591 327
is_linear=0
shrinkage=0.05


Tree=38
num_leaves=31
num_cat=0
split_feature=0 63 64 75 25 43 73 25 4 12 13 20 41 3 27 48 78 57 36 23 24 74 44 3 64 36 41 3 5 13
split_gain=31.1996 10.3388 6.47744 7.67931 7.33164 11.3857 9.31351 8.43691 10.3947 8.57143 12.8603 8.64821 12.7138 15.2731 9.77056 12.7898 16.7234 15.7223 11.2207 10.6434 9.32183 9.18798 8.9077 8.17788 10.1191 9.62875 7.89788 7.95021 7.77059 22.8305
threshold=0.003249999950639904 0.0012500000302679839 0.0018500000005587938 0.0027499999850988392 0.058150000870227821 0.0031500000040978198 0.03824999928474427 0.051850000396370895 0.0035500000230968003 0.22474999725818637 0.012699999846518041 0.0018500000005587938 0.0028499999316409235 0.0082499999552965182 0.0010500000207684936 0.0010500000207684936 0.00014999499762780036 1.0000000180025095e-35 0.098200000822544112 0.003249999950639904 0.0010500000207684936 0.084900002926588072 0.0048500001430511483 0.0021499999566003685 0.0010500000207684936 0.0010500000207684936 0.0023500000825151805 0.048350000753998763 0.0023500000825151805 0.0016499999910593035
decision_type=2 2 2 2 2 2 2 2 2 2 2 2 2 2 2 2 2 2 2 2 2 2 2 2 2 2 2 2 2 2
left_child=1 2 3 4 6 -6 7 9 -9 11 -11 14 13 -13 15 16 17 20 23 21 22 -16 28 -18 -25 -26 -21 -28 -1 -30
right_child=-2 -3 -4 -5 5 -7 -8 8 -10 10 -12 12 -14 -15 19 -17 18 -19 -20 26 -22 -23 -24 24 25 -27 27 -29 29 -31
leaf_value=-0.0062860370552910161 0.055503946465167986 0.060352072127747063 0.021201387586234986 -0.052091507941738495 -0.047309176809782305 0.020314360892782542 0.059631882141530493 0.12577539367729082 -0.043956571428105766 -0.04602766991586036 0.064386051485732329 -0.021412120098786538 -0.018313407887351425 0.073404614324986447 -0.0195439554024406 -0.036102772264971529 -0.015293813726190845 0.084298525108426572 -0.05602230261785595 0.063696492392420728 -0.04482189758562518 0.11249474080184495 0.059930075448796132 0.050867472562152176 0.090353057261005579 -0.048332031342389004 -0.039958957919449201 0.028480188104128869 -0.027841339191461163 0.10162227060868334
leaf_weight=107.01801800727844 29.743656128644943 7.6807028800249091 39.895794603973627 6.9179438836872569 18.046731650829319 9.5017047785222513 7.0491767451167098 2.8646281883120528 1.3166351690888403 18.149933405220512 3.0855363905429831 5.7369604818522957 10.376886531710623 16.354769665747881 101.00988061353564 16.244439955800772 6.8567370623350135 5.3882741034030905 3.4915876984596244 7.0046005472540882 12.026779081672428 1.3349339365959156 6.1510555520653716 47.256566770374775 1.6561165750026692 5.1233875155448914 7.0997638031840351 10.547086063772438 7.1557572558522207 6.4973349124193192
leaf_count=330 152 33 128 20 123 33 23 9 9 39 9 26 27 56 448 35 25 15 8 32 19 3 18 153 5 13 25 43 8 17
internal_value=0.00575643 0.0027902 0.00189006 0.000182758 0.000996608 -0.0239852 0.0026478 0.00166746 0.0723286 0.000938964 -0.0299844 0.00264758 0.0273384 0.0487818 0.000369199 0.00663068 0.00995814 0.000500027 0.0311467 -0.0107177 -0.00275192 -0.0178217 0.00123765 0.036145 0.0426721 -0.0144536 0.0187759 0.000945428 -0.00175412 0.0337688
internal_weight=528.583 498.84 491.159 451.263 444.345 27.5484 416.797 409.748 4.18126 405.566 21.2355 384.331 32.4686 22.0917 351.862 224.866 208.622 144.237 64.3844 126.996 138.849 102.345 126.822 60.8928 54.0361 6.7795 24.6515 17.6468 120.671 13.6531
internal_count=1884 1732 1699 1571 1551 156 1395 1372 18 1354 48 1306 109 82 1197 646 611 407 204 551 392 451 373 196 171 18 100 68 355 25
is_linear=0
shrinkage=0.05


Tree=39
num_leaves=31
num_cat=0
split_feature=0 63 15 68 35 10 66 7 18 13 2 35 16 17 12 9 30 71 41 2 79 13 5 10 11 30 6 36 3 3
split_gain=29.5879 9.76595 6.25707 7.36406 8.99477 11.0676 8.77288 8.40493 9.73475 9.68717 13.6742 11.398 16.048 11.9662 9.08344 8.58287 14.5418 10.3512 9.22486 8.56941 13.7037 13.0563 15.5223 11.7214 9.91965 9.60003 9.56121 9.55593 9.52204 9.42208
threshold=0.003249999950639904 0.0012500000302679839 0.53134998679161083 0.00045000000682193791 0.0031500000040978198 0.0052499999292194852 0.0075499999802559623 1.0000000180025095e-35 0.0018500000005587938 0.011450000107288362 0.016449999995529655 0.0011500000255182388 0.0016499999910593035 0.025449999608099464 0.1974500045180321 0.0019500000635161998 0.0013499999768100681 0.039499999955296523 0.0028499999316409235 1.0000000180025095e-35 0.51554068922996532 0.0016499999910593035 0.0030500000575557355 0.0016499999910593035 0.028050000779330734 0.0019500000635161998 1.0000000180025095e-35 0.0018500000005587938 0.014349999837577345 0.0035500000230968003
decision_type=2 2 2 2 2 2 2 2 2 2 2 2 2 2 2 2 2 2 2 2 2 2 2 2 2 2 2 2 2 2
left_child=1 2 3 4 5 6 7 9 -9 10 11 12 13 15 -11 19 17 18 -17 20 -1 28 23 25 -24 -23 -22 -27 -21 -28
right_child=-2 -3 -4 -5 -6 -7 -8 8 -10 14 -12 -13 -14 -15 -16 16 -18 -19 -20 21 26 22 24 -25 -26 27 29 -29 -30 -31
leaf_value=-0.012322609730804363 0.055045747826511476 0.059778249150385522 -0.063155460326032073 0.034797850786750302 -0.031432022931341889 0.047337524863728421 0.061999377818868662 -0.020606063254522283 0.063844382239420017 0.013242434553946192 -0.02195884040071094 -0.032879786568376028 0.091447127288218036 0.097578060618567317 0.082148198332210848 0.051891379446375702 -0.060162428146197426 -0.05653744762481544 -0.023668490064531388 -0.043420775886022611 0.063715484765767369 -0.018860278998184456 0.11673888523349758 0.14716742237355185 -0.0072584585558842889 0.12659606903619003 -0.057556904875979836 -0.061296738523086459 0.073952535748967999 0.051070299625046757
leaf_weight=23.782199114561081 28.522594481706619 7.3744626790285102 3.6789067685604087 16.824327856302261 20.289377473294735 13.413573831319807 5.8567027747631064 62.531292364001274 3.6093776524066916 93.29125539585948 62.866759147495031 18.240062430500984 5.6610254123806945 3.4893712624907485 5.0412140786647788 29.816996671259403 4.6035178154706946 2.9104479178786269 4.6723892986774436 30.585313960909843 15.898868769407274 38.084100712090731 4.5468701422214499 1.1925947070121754 2.4996024072170258 2.2780798673629756 3.9998589009046546 0.96264375746250141 1.8314191251993168 3.9850714355707169
leaf_count=45 152 33 21 53 145 44 24 131 11 294 191 118 19 11 13 121 39 16 19 100 52 153 11 3 3 8 22 7 8 17
internal_value=0.0055305 0.00267053 0.00180478 0.00229981 0.00112636 0.00260866 0.0012206 0.000385747 -0.0159975 0.00339374 -0.00163023 0.00479054 0.00859091 0.00591275 0.016775 0.00404934 0.0236921 0.0340137 0.041655 -0.00231459 0.0145438 -0.0121166 0.0040206 -0.00737055 0.0727532 -0.0118304 0.0412959 0.0707833 -0.0367896 -0.00334389
internal_weight=522.34 493.818 486.443 482.764 465.94 445.651 432.237 426.38 66.1407 360.24 261.907 199.04 180.8 175.139 98.3325 171.65 42.0034 37.3998 34.4894 129.647 47.666 81.9806 49.5639 42.5174 7.04647 41.3248 23.8838 3.24072 32.4167 7.98493
internal_count=1884 1732 1699 1678 1625 1480 1436 1412 142 1270 963 772 654 635 307 624 195 156 140 429 136 293 185 171 14 168 91 15 108 39
is_linear=0
shrinkage=0.05


Tree=40
num_leaves=31
num_cat=0
split_feature=0 1 28 11 30 50 68 25 73 9 12 8 4 71 77 68 59 67 44 77 52 55 3 4 14 6 23 17 9 14
split_gain=28.0705 9.15756 6.42417 8.97218 8.41405 11.5765 11.4611 7.40719 10.5748 7.99184 12.9881 10.1135 8.45522 7.90774 9.93342 8.30604 11.3616 10.6656 9.32507 8.38954 10.6406 8.95056 10.5703 12.2593 15.1581 15.6173 16.7702 16.2028 11.094 10.5952
threshold=0.003249999950639904 0.0021499999566003685 0.051300000399351127 0.53370001912117015 0.010250000283122064 0.074499998241662993 0.00045000000682193791 0.0090499999932944792 0.01329999975860119 0.0030500000575557355 0.0096500003710389155 0.018150000832974914 0.0016499999910593035 0.0047500000800937423 0.24006208032369616 1.0000000180025095e-35 0.0013499999768100681 1.0000000180025095e-35 0.042700000107288368 0.035547154024243362 0.002650000038556755 0.0047000001650303611 0.0020500000100582842 0.039400000125169761 0.0048500001430511483 0.0029499999945983295 0.0022500000195577745 0.0060499999672174462 0.0018500000005587938 0.0022500000195577745
decision_type=2 2 2 2 2 2 2 2 2 2 2 2 2 2 2 2 2 2 2 2 2 2 2 2 2 2 2 2 2 2
left_child=1 2 3 4 6 -6 7 8 9 13 12 -12 -11 14 15 16 18 -18 19 21 -21 22 -1 24 25 26 27 29 -29 -24
right_child=-2 -3 -4 -5 5 -7 -8 -9 -10 10 11 -13 -14 -15 -16 -17 17 -19 -20 20 -22 -23 23 -25 -26 -27 -28 28 -30 -31
leaf_value=-0.013890738948066911 0.054607580450960792 0.052211292468986793 -0.028035316295339202 0.052813144048539734 -0.048207478950901134 0.11106012651821245 0.054041292267065368 -0.015191357094822229 0.061212624439918144 -0.0049684955140038012 -0.016678384992523328 0.053385426689704085 0.062543107576728471 -0.03166827761676843 0.063763156154780745 -0.047395532659699147 0.050171933475432029 -0.053914819375160399 0.10904624347180847 -0.042915732609951518 0.014307505027480155 -0.038807439321513024 0.028367341784337381 -0.024846490100298414 0.069547618562181487 -0.010456850856037014 -0.05603267752209351 0.092210800089615741 -0.014813842997512566 -0.042776367731232827
leaf_weight=55.90744673460722 27.343728855252266 9.1106608211994153 17.605143502354622 8.7754540331661683 13.781571861356495 1.2439182698726643 10.741285447031258 56.075438674539328 7.9874097928404799 6.0733651891350773 24.0051533728838 6.5575082376599303 19.620100975036621 18.65098187699914 6.3510139547288409 8.7593465857207757 18.989383652806286 2.8275872543454161 1.9129415005445469 24.430858504027128 12.170973427593706 12.631529171019791 36.595145508646965 19.819601442664862 12.572347551584242 46.726830363273621 5.5309274420142165 14.974764019250872 2.8884236067533484 6.10659135878086
leaf_count=183 152 45 104 24 62 3 37 298 24 30 77 25 69 85 23 16 69 4 5 46 32 31 118 38 43 178 7 44 5 7
internal_value=0.00530598 0.00255154 0.00160958 0.00273751 0.00176945 -0.0350222 0.00302897 0.00174923 0.00430225 0.00305379 0.0203824 -0.00164553 0.0465849 -0.000112854 0.00192224 0.000533657 0.0020654 0.0366818 -0.000928334 -0.00176864 -0.0238877 0.00201888 0.00458299 0.0116954 0.0174711 0.0116679 0.0273092 0.0349201 0.0749052 0.0181934
internal_weight=516.767 489.424 480.313 462.708 453.932 15.0255 438.907 428.166 372.09 364.103 56.2561 30.5627 25.6935 307.847 289.196 282.845 274.085 21.817 252.268 250.355 36.6018 213.754 201.122 145.215 125.395 112.823 66.0959 60.5649 17.8632 42.7017
internal_count=1884 1732 1687 1583 1559 65 1494 1457 1159 1135 201 102 99 934 849 826 810 73 737 732 78 654 623 440 402 359 181 174 49 125
is_linear=0
shrinkage=0.05


Tree=41
num_leaves=31
num_cat=0
split_feature=0 63 15 68 54 51 45 45 40 59 13 44 11 78 11 71 43 21 8 49 59 65 7 62 11 62 65 29 17 5
split_gain=26.626 8.83489 5.82393 6.35777 8.59686 6.58487 8.48116 11.1442 10.3399 12.2097 11.1509 8.1637 11.8521 9.51839 8.0916 7.88039 9.84383 10.4971 13.195 13.4007 12.2667 10.0844 9.71886 10.368 11.2877 11.4792 8.72001 11.0275 8.57943 15.6891
threshold=0.003249999950639904 0.0012500000302679839 0.53134998679161083 0.00045000000682193791 0.0019500000635161998 0.0018500000005587938 0.0063000000081956395 0.0010500000207684936 0.0011500000255182388 0.0027499999850988392 0.0028499999316409235 0.049100000411272056 0.17164999991655353 0.0038981504039838914 0.16189999878406527 0.010850000195205213 1.0000000180025095e-35 0.0012500000302679839 0.0020500000100582842 0.002549999975599349 0.0016499999910593035 0.007849999703466894 0.0024500000290572648 0.0010500000207684936 0.010250000283122064 0.0012500000302679839 0.0012500000302679839 0.012249999679625036 0.0011500000255182388 1.0000000180025095e-35
decision_type=2 2 2 2 2 2 2 2 2 2 2 2 2 2 2 2 2 2 2 2 2 2 2 2 2 2 2 2 2 2
left_child=1 2 3 5 -5 6 7 8 11 -10 -11 12 13 14 15 16 17 18 26 -20 22 -18 23 -19 -25 -26 28 -28 29 -1
right_child=-2 -3 -4 4 -6 -7 -8 -9 9 10 -12 -13 -14 -15 -16 -17 21 20 19 -21 -22 -23 -24 24 25 -27 27 -29 -30 -31
leaf_value=0.0062052514649640102 0.054187600446673923 0.058925060155783332 -0.062133666915890673 0.05921753124662163 -0.016952358733009987 0.04806392055748393 -0.025206269855555182 0.026118190724335345 -0.041069423064462665 0.086471538403363357 -0.01187358939722219 0.05421380002209452 -0.030649446381243707 0.053675858020537585 0.091832122094545499 -0.039770527721615351 0.051864735724705804 -0.027172744356273537 0.051862836777437075 -0.05589881812480671 0.071711491694287519 -0.035384480774646142 0.065811778445005395 0.088038322562978 0.11112784624000301 -0.020711111501111337 0.079534582018798261 -0.035320332253666577 -0.011332645160937167 0.1109505821027635
leaf_weight=29.52934704720974 26.206657849252224 6.8259273320436469 3.5537271238863459 10.664614014327528 5.6758833900094023 7.3193235993385306 30.491802379488945 43.326821342110634 30.591649420559406 3.927957020699977 10.827532883733509 7.4335791580379 26.764870960265398 9.3727067708969098 2.5112856477498999 11.019550111144779 17.741333074867729 73.886362608522177 25.27968763560057 3.2565904855728141 4.2121520489454261 4.0719273909926406 3.5469043403863898 4.0379661917686489 1.867325253784659 14.256284978240727 7.1968283131718618 2.945058561861515 78.062011614441872 4.067360281944274
leaf_count=111 152 33 21 40 13 24 87 150 210 20 52 27 77 29 7 70 71 264 86 5 16 12 10 22 6 55 27 4 173 10
internal_value=0.00509989 0.00244344 0.00163593 0.00211414 0.0327599 0.00101968 0.000254879 0.00210452 -0.000659609 -0.0230508 0.0143062 0.00240744 0.00121747 0.00409058 0.00247399 0.00168655 0.0033541 0.000566397 0.00896172 0.039565 -0.0118309 0.0355777 -0.0154365 -0.0185007 0.0132799 -0.00544243 0.00179178 0.0461824 -0.00224018 0.0188862
internal_weight=510.471 484.264 477.438 473.885 16.3405 457.544 450.225 419.733 376.406 45.3471 14.7555 331.059 323.626 296.861 287.488 284.977 273.957 252.144 150.337 28.5363 101.807 21.8133 97.5948 94.0479 20.1616 16.1236 121.801 10.1419 111.659 33.5967
internal_count=1884 1732 1699 1678 53 1625 1601 1514 1364 282 72 1082 1055 978 949 942 872 789 416 91 373 83 357 347 83 61 325 31 294 121
is_linear=0
shrinkage=0.05


Tree=42
num_leaves=31
num_cat=0
split_feature=0 63 15 43 6 51 51 60 30 2 68 25 25 27 6 29 28 21 14 54 22 15 28 3 60 14 37 65 17 76
split_gain=25.2677 8.35645 5.47306 6.18207 7.4948 7.04052 8.11673 7.06352 6.52825 9.92241 7.59371 7.92578 7.19212 9.42008 13.6135 9.39896 9.92127 7.93489 7.58969 7.64905 10.7691 9.11894 9.59098 17.118 13.7494 10.7203 12.2294 12.795 10.5239 13.5143
threshold=0.003249999950639904 0.0012500000302679839 0.53134998679161083 0.013749999925494196 0.57385000586509716 0.0018500000005587938 1.0000000180025095e-35 0.019550000317394737 0.010250000283122064 0.161750003695488 0.00045000000682193791 0.58134999871253978 0.012349999975413086 0.015350000001490118 0.13430000096559527 0.025200000032782558 0.0028499999316409235 0.13925000280141833 0.016999999992549423 0.0037000000011175875 0.063499998301267638 0.0010500000207684936 0.0013499999768100681 0.015050000045448543 0.0015499999863095584 0.0031500000040978198 0.0017499999958090486 0.0012500000302679839 0.0013499999768100681 1.0000000180025095e-35
decision_type=2 2 2 2 2 2 2 2 2 2 2 2 2 2 2 2 2 2 2 2 2 2 2 2 2 2 2 2 2 2
left_child=1 2 3 4 5 6 7 8 9 10 12 -12 18 15 -15 17 -17 -14 19 20 21 22 23 25 -25 26 27 28 29 -1
right_child=-2 -3 -4 -5 -6 -7 -8 -9 -10 -11 11 -13 13 14 -16 16 -18 -19 -20 -21 -22 -23 -24 24 -26 -27 -28 -29 -30 -31
leaf_value=-0.038249290310693414 0.053784094028658885 0.058442759359328425 -0.06153546909332968 0.040722724660770544 -0.055328563818007416 0.060926664909663447 -0.047100763311290574 0.040805451659914796 -0.032124025416003267 0.065912981847795246 0.067635859494878312 -0.054113769021145952 -0.05020770932459552 0.058089129939312839 -0.039304032198593082 0.11197019508925221 -0.060996914883032632 0.088898776650588457 0.041877147755089897 -0.029988377165814553 0.071784083016835518 -0.008420247162767942 -0.045791134568520096 0.073113252940711984 -0.00075093144956090005 -0.034592581070522939 0.054988439916699453 0.050796122616101405 -0.015230675724106227 0.027417735949526109
leaf_weight=9.6006880775094015 25.110842891037464 6.5452478677034369 3.4124390147626391 10.094067670404909 5.7966242022812358 4.994127318263053 8.5219672136008722 11.518250431865452 14.269311666488646 6.0356032550334922 7.5938372761011106 1.6223146542906759 25.583268154412515 8.0116687715053541 6.4982425458729258 2.0787134617567058 1.3790550120174883 1.0679406151175488 11.931992858648298 18.467552781105042 5.6072575598955146 128.31812560558319 7.7149349376559249 18.038222357630733 9.6817968823015672 15.642163421958683 13.129417128860949 13.242550231516359 61.095678582787514 42.602329455316067
leaf_count=12 152 33 21 35 40 15 20 41 63 18 27 5 142 48 50 6 12 4 34 42 17 526 20 51 21 26 41 45 135 182
internal_value=0.00489051 0.00233318 0.00155766 0.00201561 0.00116632 0.00188724 0.00123093 0.00216547 0.00112854 0.00227205 0.00133269 0.0462043 0.000298031 -0.0186226 0.0144717 -0.0345712 0.0429861 -0.0446336 0.00267562 0.00131247 0.00309288 0.0018857 0.00881862 0.0111205 0.0473146 0.00466056 0.00905665 0.00429095 -0.00114466 0.0153409
internal_weight=505.206 480.095 473.55 470.138 460.044 454.247 449.253 440.731 429.213 414.943 408.908 9.21615 399.692 44.6189 14.5099 30.109 3.45777 26.6512 355.073 343.141 324.673 319.066 190.748 183.033 27.72 155.313 139.671 126.541 113.299 52.203
internal_count=1884 1732 1699 1678 1643 1603 1588 1568 1527 1464 1446 32 1414 262 98 164 18 146 1152 1118 1076 1059 533 513 72 441 415 374 329 194
is_linear=0
shrinkage=0.05


Tree=43
num_leaves=31
num_cat=0
split_feature=0 63 4 77 35 78 10 66 7 7 53 5 8 78 14 6 67 33 20 76 19 52 52 22 35 46 15 16 62 62
split_gain=23.9749 7.90575 5.2244 9.83427 7.87848 7.99426 6.37554 7.58985 7.16876 7.33572 8.22436 6.82115 6.53327 6.49142 6.34501 6.29007 6.2143 6.07496 5.92899 5.91132 6.6615 9.93874 5.84683 5.60116 8.3101 8.62458 10.9089 9.31705 12.8423 10.8052
threshold=0.003249999950639904 0.0012500000302679839 0.13990000635385516 0.0065953999292105445 0.0031500000040978198 0.012633886188268663 0.0052499999292194852 0.0075499999802559623 1.0000000180025095e-35 0.0024500000290572648 0.0040500001050531873 0.020200000144541267 0.00335000001359731 1.0000000180025095e-35 0.0054500000551342973 0.0019500000635161998 0.013449999969452621 0.0010500000207684936 0.0037500000325962905 0.56543809175491344 0.0027499999850988392 0.0015499999863095584 0.0036499999696388845 0.063499998301267638 0.0011500000255182388 0.0015499999863095584 0.0074499999172985562 0.0014499999815598132 0.0012500000302679839 0.0010500000207684936
decision_type=2 2 2 2 2 2 2 2 2 2 2 2 2 2 2 2 2 2 2 2 2 2 2 2 2 2 2 2 2 2
left_child=1 2 4 15 5 6 7 8 11 10 19 23 -8 -9 16 -4 -11 -7 -15 20 21 -10 -14 24 25 27 -27 28 29 -1
right_child=-2 -3 3 -5 -6 17 12 13 9 14 -12 -13 22 18 -16 -17 -18 -19 -20 -21 -22 -23 -24 -25 -26 26 -28 -29 -30 -31
leaf_value=0.0062287448297793334 0.053395485166464064 0.05798935593258811 0.10364030815818269 0.072284231552880968 -0.026019331233423728 0.069055303188405276 0.062259656232647224 0.16165176382635527 -0.028453813768946502 0.060257525371604809 0.079150659089405676 0.06521264094387863 0.040117115519742674 -0.032599511047683383 -0.034562634278099622 -0.054087077889951929 -0.039651731584820195 -0.036841931921848113 0.079416125241418126 0.052095487869218284 -0.047301713998003377 0.066266639016607662 -0.090218389462911108 0.04165457314798144 -0.022677154560257044 0.075859471328465281 0.0085883857410132321 -0.020709777486150827 -0.040168634871302504 0.093485545823035879
leaf_weight=205.13770473748446 24.055626802146435 6.273477926850318 0.77559995651244928 6.8669331222772598 26.083250794559717 7.2234180271625501 8.153696268796919 1.1730011552572239 12.200592931360005 7.4030065536499006 1.8178646266460408 4.2512139528989783 1.8750352710485452 2.0989265702664852 4.2227195240557185 3.4162366986274719 1.9707212299108503 1.6668021790683267 2.7020867690443993 2.1326351761817923 29.072787925601006 3.5825943797826758 1.5902421325445173 8.4599835537374002 34.747648764401674 8.7468479946255702 19.377371370792389 43.716445721685886 14.994086526334284 3.6103675141930571
leaf_count=750 152 33 2 25 169 24 27 5 28 24 5 14 6 13 7 15 3 4 8 7 57 12 7 35 194 27 68 80 69 14
internal_value=0.00469649 0.00223198 0.00148627 0.0354452 0.000666323 0.00227782 0.00129172 0.000260189 -0.000564162 -0.0161524 -0.0252006 0.00227151 0.0378173 0.0562073 0.0163275 -0.0249034 0.0392527 0.0492009 0.0304447 -0.0292377 -0.0331046 -0.00695341 -0.0196948 0.00148171 0.000452854 0.00317193 0.0295102 0.000402372 0.00452742 0.00773788
internal_weight=499.399 475.343 469.07 11.0588 458.011 431.928 423.038 411.419 405.445 62.4029 48.8065 343.042 11.619 5.97401 13.5964 4.19184 9.37373 8.89022 4.80101 46.9886 44.856 15.7832 3.46528 338.79 330.33 295.583 28.1242 267.459 223.742 208.748
internal_count=1884 1732 1699 42 1657 1488 1460 1420 1394 143 109 1251 40 26 34 17 27 28 21 104 97 40 13 1237 1202 1008 95 913 833 764
is_linear=0
shrinkage=0.05


Tree=44
num_leaves=31
num_cat=0
split_feature=0 1 28 11 30 50 68 20 25 22 73 27 29 36 78 55 48 3 54 65 29 30 15 14 27 76 4 8 15 13
split_gain=22.7503 7.50025 5.12829 7.65851 7.03132 10.3783 9.23662 6.30715 6.15436 9.23267 7.49837 6.81295 8.73995 6.50754 10.6609 6.46242 6.18899 10.8102 7.76521 7.5936 8.74091 9.61352 8.14045 9.18877 7.36762 13.0464 14.7354 9.60744 10.8469 15.4783
threshold=0.003249999950639904 0.0021499999566003685 0.051300000399351127 0.53370001912117015 0.010250000283122064 0.074499998241662993 0.00045000000682193791 0.018099999986588958 0.0090499999932944792 0.056099999696016319 0.013799999840557577 0.032300001010298736 0.002549999975599349 0.086449999362230315 0.0038981504039838914 0.0011500000255182388 0.0010500000207684936 0.0040500001050531873 0.023450000211596492 0.0042499999981373557 0.021049999631941322 0.0012500000302679839 0.0015499999863095584 0.015149999875575306 0.0010500000207684936 0.028661120682954792 0.0019500000635161998 0.0010500000207684936 0.0023500000825151805 0.024900000542402271
decision_type=2 2 2 2 2 2 2 2 2 2 2 2 2 2 2 2 2 2 2 2 2 2 2 2 2 2 2 2 2 2
left_child=1 2 3 4 6 -6 8 -4 9 10 13 15 -13 14 16 -10 18 -18 19 20 24 -22 -23 -24 27 26 -26 -1 -29 -30
right_child=-2 -3 7 -5 5 -7 -8 -9 11 -11 -12 12 -14 -15 -16 -17 17 -19 -20 -21 21 22 23 -25 25 -27 -28 28 29 -31
leaf_value=-0.0025484863921308668 0.053020308566025513 0.050285586686083406 -0.038957952035624917 0.049543675317832908 -0.0473160020773261 0.10433672237666945 0.050674680799194509 0.047729056884082272 -0.028469688182613792 0.059851007112446057 0.059235590760468748 0.069407244313336267 -0.061715369249258849 -0.036140486748768567 0.056498158142029603 0.023844266952730748 0.11918958796888859 -0.042924964068120429 0.073244718422738775 -0.043504346427984369 0.08312049278290011 0.085880486494685271 -0.04607329264900048 0.077393096332636524 -0.01014342143950963 -0.018543200740877869 0.12219048740273222 0.028211122097013874 -0.059447609088406454 0.047301736812189868
leaf_weight=121.52565417438745 23.040253736078739 7.9512906223535529 14.071992937475445 8.4241699501872045 12.566722404211758 1.2394113540649403 9.7441111579537374 2.4659941419959059 40.609803304076195 7.1954141557216635 5.7572195827960959 4.6978991366922846 1.7421153523027895 11.000484276562927 9.0417785346508008 6.9075059853494158 1.1138870939612378 13.387169267982243 3.8789357244968405 8.8821160271763784 6.9842956513166454 2.5511605739593497 6.2553202100098115 1.9852035641670225 4.8987070545554143 71.609541337937117 3.6867273226380348 66.572510991245508 9.0763055309653264 5.4256250262260428
leaf_count=305 152 45 95 24 62 3 37 9 221 22 18 27 16 26 30 34 5 43 11 35 21 6 18 6 38 270 14 222 51 18
internal_value=0.00450772 0.00213585 0.00130949 0.0023216 0.00141406 -0.0337018 0.00255607 -0.026032 0.00142567 0.00378085 0.00263998 -0.0143241 0.0339367 0.00170334 0.00293912 -0.0208649 0.00146193 -0.0304723 0.00293985 0.0020586 0.00340502 0.037414 0.00783314 -0.0163293 0.00126727 -0.0115603 0.0466829 0.00634479 0.0196753 -0.0195093
internal_weight=494.289 471.249 463.298 446.76 438.336 13.8061 424.529 16.538 414.785 360.828 353.633 53.9573 6.44001 347.875 336.875 47.5173 327.833 14.5011 313.332 309.453 300.571 17.776 10.7917 8.24052 282.795 80.195 8.58543 202.6 81.0744 14.5019
internal_count=1884 1732 1687 1583 1559 65 1494 104 1457 1159 1137 298 43 1119 1093 255 1063 48 1015 1004 969 51 30 24 918 322 52 596 291 69
is_linear=0
shrinkage=0.05


Tree=45
num_leaves=31
num_cat=0
split_feature=0 63 15 43 6 51 51 40 44 48 45 42 71 13 39 55 18 22 22 33 9 13 78 30 65 79 2 79 56 33
split_gain=21.5905 7.30804 4.94874 5.32166 6.58028 6.37133 7.35858 6.46208 11.1403 8.80074 8.78105 8.4413 8.22873 9.65482 7.84535 10.9646 11.0582 9.998 11.091 8.67519 8.35269 13.6999 7.6105 7.87952 8.64175 8.39198 7.56823 14.0432 8.10616 7.4694
threshold=0.003249999950639904 0.0012500000302679839 0.53134998679161083 0.013749999925494196 0.57385000586509716 0.0018500000005587938 1.0000000180025095e-35 0.0011500000255182388 0.0015499999863095584 0.0020500000100582842 0.013350000139325859 0.0024500000290572648 0.010850000195205213 0.025200000032782558 0.0017499999958090486 0.0014499999815598132 0.0013499999768100681 0.0035500000230968003 0.0040500001050531873 0.0015499999863095584 0.0014499999815598132 0.0016499999910593035 0.0041975905187428006 0.0014499999815598132 0.0017499999958090486 0.94936272501945507 1.0000000180025095e-35 0.57482090592384349 0.0010500000207684936 0.012349999975413086
decision_type=2 2 2 2 2 2 2 2 2 2 2 2 2 2 2 2 2 2 2 2 2 2 2 2 2 2 2 2 2 2
left_child=1 2 3 4 5 6 7 9 29 12 -11 -10 14 -14 15 16 17 22 -19 -16 21 -20 23 26 25 -25 27 28 -1 -9
right_child=-2 -3 -4 -5 -6 -7 -8 8 11 10 -12 -13 13 -15 19 -17 -18 18 20 -21 -22 -23 -24 24 -26 -27 -28 -29 -30 -31
leaf_value=0.0058803030611552475 0.052657191791466079 0.057486517425632148 -0.060409870801075717 0.038105798167653748 -0.053722223956013428 0.058922831010608093 -0.046281475373666461 -0.04618913556180497 0.016246514767878067 0.059185906281769562 -0.033936164297624249 -0.03392479944609219 -0.04094707238836446 0.062438777070674092 -0.028507054548352586 0.051784753809309726 0.062734520815301759 0.12174165763691212 -0.055074173164678844 0.045255911723655756 0.0014259197319922453 0.086194241293195514 0.068292681643660744 -0.038860107869699699 0.10526755729685336 0.047661258690370398 -0.0087578624306009316 0.039768821491208813 -0.057422484769363749 0.034304496326324742
leaf_weight=16.00400344282389 22.063889816403389 5.8684168159961692 3.2223870791494837 9.8597961030900461 5.4328320957720271 4.8018860965967169 8.0727007053792459 24.378473781049255 33.533974815160036 12.874038729816677 3.1511552147567263 11.178441241383551 17.807002380490307 2.5861629992723456 28.405985575169325 13.368883240967987 8.1636898815631849 2.9539027139544478 2.1695924401283291 4.6366839259862891 20.063294783234596 8.2123059779405576 4.0078272670507422 4.6146898716688138 3.2989744842052451 7.1370036974549294 165.4302008189261 25.008681271225214 7.3935032412409774 3.2684590034186831
leaf_count=34 152 33 21 35 40 15 20 193 122 47 7 42 98 9 88 42 29 9 9 18 97 24 15 25 12 30 480 103 12 23
internal_value=0.00432533 0.00204138 0.00133563 0.00177023 0.000970461 0.00164192 0.00101354 0.00190217 -0.0117236 0.00466172 0.0408746 0.00370331 0.00296122 -0.0278362 0.00491858 0.00756759 0.00541376 0.0036565 0.0292399 -0.0181563 0.0202651 0.0566722 -1.23773e-05 -0.0012084 0.0337597 0.0136858 -0.0036696 0.0137198 -0.0141231 -0.0366731
internal_weight=488.969 466.905 461.037 457.814 447.954 442.522 437.72 429.647 72.3593 357.288 16.0252 44.7124 341.262 20.3932 320.869 287.827 274.458 266.294 33.3991 33.0427 30.4452 10.3819 232.895 228.887 15.0507 11.7517 213.836 48.4062 23.3975 27.6469
internal_count=1884 1732 1699 1678 1643 1603 1588 1568 380 1188 54 164 1134 107 1027 921 879 850 139 106 130 33 711 696 67 55 629 149 46 216
is_linear=0
shrinkage=0.05


Tree=46
num_leaves=31
num_cat=0
split_feature=7 1 77 11 16 4 35 49 7 10 13 2 54 60 35 74 10 13 50 27 8 66 15 3 11 70 4 27 42 39
split_gain=14.6401 7.36428 6.64086 6.6051 7.20468 5.71682 6.80976 6.4777 6.57111 9.01271 6.46571 9.93175 13.2315 10.2852 9.53134 8.68696 9.3025 10.1881 10.8533 14.3258 9.39182 8.42625 10.993 16.2559 9.6741 11.6395 10.9077 8.57879 8.37177 8.09662
threshold=0.0024500000290572648 0.0021499999566003685 0.039967002347111709 0.012950000353157522 0.0019500000635161998 0.13990000635385516 0.0031500000040978198 0.01625000033527613 1.0000000180025095e-35 0.0043500000610947618 0.011450000107288362 0.016449999995529655 0.0015499999863095584 0.012850000057369472 1.0000000180025095e-35 0.0015499999863095584 1.0000000180025095e-35 0.042349999770522125 0.0038499999791383748 1.0000000180025095e-35 0.21004999428987506 0.014099999796599151 0.0070500001311302194 0.0054500000551342973 0.06024999916553498 0.0015499999863095584 0.057649999856948859 0.0017499999958090486 0.0077499998733401307 0.0046500000171363362
decision_type=2 2 2 2 2 2 2 2 2 2 2 2 2 2 2 2 2 2 2 2 2 2 2 2 2 2 2 2 2 2
left_child=1 5 3 -2 -5 6 7 8 10 -10 11 12 21 -13 -14 16 17 18 19 29 -19 22 23 -1 26 -26 27 -25 -29 -12
right_child=2 -3 -4 4 -6 -7 -8 -9 9 -11 15 13 14 -15 -16 -17 -18 20 -20 -21 -22 -23 -24 24 25 -27 -28 28 -30 -31
leaf_value=-0.0036017526095666755 0.063030575462064531 0.04959875537206046 0.055281241428920762 -0.034267285642139121 0.062515321960926504 0.043223915756158006 -0.025537731700570096 0.066773199484748177 -0.022602899760885087 0.041164194081718647 0.045975321406640429 -0.022731161635877729 0.06894929348160421 0.06742543424398198 -0.059280064655724211 -0.021544517021603423 0.062342964406490856 -0.027923658769989403 0.057788094719787124 -0.033184494245028361 0.072990415344202919 0.12486614708728661 -0.026487508142388379 0.070087125546363871 -0.055221269210505276 0.081342530457353054 -0.053911953474008456 -0.025077519174354773 0.14972410985251725 -0.056285782775134623
leaf_weight=108.69746506586671 4.2688742429018012 7.9047939777374259 19.134693473577499 7.9208764396607858 2.5393891930580139 7.8402499482035628 24.362443059682846 3.7856942117214194 47.657210469245911 6.2702253460884085 18.095535546541218 59.290691670030355 11.684049546718596 3.3417363688349715 1.6543595269322384 14.239915255457161 11.557441435754297 18.371314596384767 17.65093170851469 12.406877014786003 2.6364933103322974 1.371830217540263 31.178619500249624 22.137411922216423 5.4155000261962405 2.1917551383376122 2.4485834911465636 4.7071637101471415 0.80160740017890919 2.167482577264308
leaf_count=380 15 49 121 15 13 34 168 14 120 26 65 195 43 11 17 57 38 46 59 46 8 6 193 79 14 9 4 31 2 6
internal_value=0.00415087 0.00176435 0.0358549 0.010618 -0.0107718 0.000908801 0.00014459 0.00167154 0.00106447 -0.0151886 0.00355416 -0.000628408 0.00500412 -0.0179209 0.053045 0.0145319 0.0207299 0.0139873 0.0261969 0.0091287 -0.0152589 0.00142329 0.000469666 0.00621072 0.0345007 -0.0158754 0.0472346 0.0561931 0.000358695 0.0350367
internal_weight=483.731 449.867 33.8638 14.7291 10.4603 441.963 434.122 409.76 405.974 53.9274 352.047 254.921 192.288 62.6324 13.3384 97.126 82.8861 71.3286 50.3208 32.6699 21.0078 178.95 177.578 146.399 37.702 7.60726 30.0948 27.6462 5.50877 20.263
internal_count=1884 1720 164 43 28 1671 1637 1469 1455 146 1309 984 778 206 60 325 268 230 176 117 54 718 712 519 139 23 116 112 33 71
is_linear=0
shrinkage=0.05


Tree=47
num_leaves=31
num_cat=0
split_feature=0 63 15 68 35 54 37 66 11 71 78 28 6 26 77 36 32 26 4 17 4 20 7 7 4 65 2 77 76 43
split_gain=19.7156 6.64902 4.55758 5.1618 6.92434 6.3584 6.21253 5.17581 5.40283 5.95965 7.36452 5.72292 5.92566 5.64107 5.31923 6.16398 4.72446 4.81038 9.53656 9.26321 7.04998 8.3002 7.39065 7.06495 9.01921 10.5102 6.95324 6.36668 9.44457 5.86302
threshold=0.003249999950639904 0.0012500000302679839 0.53134998679161083 0.00045000000682193791 0.0031500000040978198 0.0019500000635161998 0.022099999710917476 0.0075499999802559623 0.53370001912117015 0.038850000128149993 0.012633886188268663 0.013100000098347666 0.060349998995661742 0.0016499999910593035 0.56411194801330578 0.086449999362230315 0.0013499999768100681 0.0079000000841915625 0.0021499999566003685 0.050550000742077834 0.037900000810623176 0.0020500000100582842 0.0024500000290572648 1.0000000180025095e-35 0.019049999304115776 0.0097500002011656779 0.0013499999768100681 0.0070842807181179532 0.061866158619523055 0.013749999925494196
decision_type=2 2 2 2 2 2 2 2 2 2 2 2 2 2 2 2 2 2 2 2 2 2 2 2 2 2 2 2 2 2
left_child=1 2 3 4 7 -5 -6 8 9 10 14 -11 -13 -10 15 16 17 20 -19 -20 22 26 23 24 29 -26 -22 28 -25 -1
right_child=-2 -3 -4 5 6 -7 -8 -9 13 11 -12 12 -14 -15 -16 -17 -18 18 19 -21 21 -23 -24 27 25 -27 -28 -29 -30 -31
leaf_value=-0.00068660817211739326 0.052062064146379983 0.056838837043865477 -0.059765195143918405 0.055289356742310718 -0.043193652386226931 -0.015008689360103536 0.033548962363606563 0.047631248932948005 -0.035075711669679148 -0.049047471480947763 0.064921242556191625 0.1189753680475707 -0.01624022688815524 0.066025026693629529 0.045091296264133246 -0.035115830623519806 0.064871034716269455 -0.023886618011325893 0.038129217988208612 -0.032524058794117912 0.045296610538165888 0.080359361506851787 0.060084649627292319 -0.055871297854393903 0.063387319215347335 -0.054658986842276984 -0.042096701678062197 -0.03731811294093592 0.085164267654192632 0.08235899336832786
leaf_weight=240.23137534037232 20.414268501102924 5.430563122034072 3.0466983430087557 9.3793397620320302 14.920736301690342 4.8955526985228053 3.2033206373453131 6.1071534752845755 1.7956585735082615 11.047494754195212 4.5478174909949294 1.105735808610915 3.0321459546685219 5.9565279483795166 6.6961738206446162 12.007105771452187 2.898808777332305 11.751972433179615 31.706482142210007 5.4342484995722762 2.5312757194042268 1.7166433930397023 5.1627020984888068 2.0412630736827877 10.767211049795149 2.2859052717685691 22.567828055471182 20.823387663811445 2.8365632146596909 2.1443094015121451
leaf_count=906 152 33 21 40 134 13 11 25 6 49 16 3 21 18 24 31 11 53 109 14 10 5 17 4 36 6 60 41 9 6
internal_value=0.00398473 0.00184213 0.00118231 0.00159532 0.000625165 0.0311807 -0.0296298 0.00193952 0.00126072 0.000466044 0.00166819 -0.0302619 0.0198924 0.0426068 0.000918297 0.000133514 0.0012934 0.000784288 0.0153701 0.0277916 -0.00149332 -0.026008 0.000802861 -0.000285797 0.00222848 0.0427147 -0.033283 -0.0252737 0.026144 4.81003e-05
internal_weight=478.486 458.072 452.641 449.595 435.32 14.2749 18.1241 417.196 411.089 403.336 388.151 15.1854 4.13788 7.75219 383.603 376.907 364.9 362.001 48.8927 37.1407 313.108 26.8157 286.293 281.13 255.429 13.0531 25.0991 25.7012 4.87783 242.376
internal_count=1884 1732 1699 1678 1625 53 145 1480 1455 1431 1358 73 24 24 1342 1318 1287 1276 176 123 1100 75 1025 1008 954 42 70 54 13 912
is_linear=0
shrinkage=0.05


Tree=48
num_leaves=31
num_cat=0
split_feature=0 63 15 43 6 56 66 71 12 31 78 2 78 29 15 75 18 21 14 23 34 19 9 36 50 40 74 46 21 21
split_gain=18.7084 6.2972 4.29235 4.44503 5.98138 5.44143 5.15387 7.03307 7.07949 6.09025 7.46499 8.39349 6.80063 12.1132 6.7208 6.25724 7.01191 6.38832 6.28674 6.071 6.02545 5.94743 5.56892 5.42404 7.36612 5.93237 6.99916 9.27359 7.60409 11.2802
threshold=0.003249999950639904 0.0012500000302679839 0.53134998679161083 0.013749999925494196 0.57385000586509716 0.62514999508857738 0.0063000000081956395 0.023249999620020393 0.39790000021457678 0.0010500000207684936 0.00014999499762780036 0.11934999749064447 0.0044977304060012111 0.042099999263882644 0.0015499999863095584 0.0024500000290572648 0.0014499999815598132 0.019400000572204593 0.028549999929964546 0.0014499999815598132 0.0020500000100582842 0.27829998731613165 0.0013499999768100681 0.086449999362230315 0.021500000730156902 0.0010500000207684936 0.0010500000207684936 0.0024500000290572648 0.0012500000302679839 0.047500001266598708
decision_type=2 2 2 2 2 2 2 2 2 2 2 2 2 2 2 2 2 2 2 2 2 2 2 2 2 2 2 2 2 2
left_child=1 2 3 4 5 6 7 9 -9 12 20 14 15 21 -12 16 18 -18 23 22 -11 -14 -16 24 25 26 27 -1 -28 -30
right_child=-2 -3 -4 -5 -6 -7 -8 8 -10 10 11 -13 13 -15 19 -17 17 -19 -20 -21 -22 -23 -24 -25 -26 -27 28 -29 29 -31
leaf_value=0.0013098529170478762 0.051724911947486123 0.056480922774212329 -0.059286526620847727 0.035181734424024773 -0.053025613695246249 -0.056988556731770557 0.035137859667844371 -0.032573420227323853 0.057432570728170443 0.073939166131041942 0.0516385900235833 0.069806524947008147 0.058858103070205385 -0.053899721176619023 0.065380195355871293 -0.05197075026751502 0.04448963399210544 -0.081344574199413558 0.050729884644239082 0.033090760080045793 -0.041097779860634689 -0.053507702884963496 -0.046138801336006056 -0.055314817231612183 0.050774784653070316 -0.021649291131446514 0.028733039794543898 0.073869518644333027 -0.05510488649054044 0.027639133781506117
leaf_weight=228.37075453996658 19.542039960622787 5.1976173073053351 2.9209157116711131 9.5981194712221605 5.1041475199162951 3.9509578309953204 11.393145110458134 23.464690439403061 2.409034874290227 8.7247010916471464 4.2324216067791047 4.5619883835315695 13.923532843589783 3.4926825165748587 1.2366119921207452 5.8940184488892546 12.8939091861248 1.0942194908857334 5.6514756381511679 4.2725260108709326 1.3090902119874943 1.2864101193845279 11.817864444106815 4.7833851538598529 6.5550098679959765 36.645000316202641 5.630300626158717 4.4900726974010459 17.872311837971214 5.3524795025587073
leaf_count=718 152 33 21 35 40 13 61 120 11 26 14 14 56 7 4 19 42 5 22 15 6 2 39 15 26 228 22 14 77 27
internal_value=0.00382276 0.00176144 0.00112791 0.00152356 0.000783311 0.00142009 0.00196008 0.00105135 -0.0241932 0.00272576 0.0222728 0.00819182 0.000728992 0.030072 -0.0048459 -0.000908052 5.79187e-06 0.0346463 -0.00153077 -0.0186432 0.0589305 0.0493545 -0.0355749 -0.00248443 -0.00165566 -0.00280756 -0.000169369 0.00270896 -0.0233975 -0.0360354
internal_weight=473.671 454.129 448.932 446.011 436.413 431.309 427.358 415.964 25.8737 390.091 36.1552 26.1214 353.936 18.7026 21.5594 335.233 329.339 13.9881 315.351 17.327 10.0338 15.2099 13.0545 309.699 304.916 298.361 261.716 232.861 28.8551 23.2248
internal_count=1884 1732 1699 1678 1643 1603 1590 1529 131 1398 118 86 1280 65 72 1215 1196 47 1149 58 32 58 43 1127 1112 1086 858 732 126 104
is_linear=0
shrinkage=0.05


Tree=49
num_leaves=31
num_cat=0
split_feature=0 63 33 12 40 45 27 2 48 31 15 9 36 54 9 13 30 77 25 20 44 71 11 9 41 13 4 9 48 58
split_gain=17.7514 5.96549 4.22009 4.32569 6.47487 7.53689 9.15466 6.34746 6.22688 6.07342 8.99642 7.18752 9.53537 6.4348 6.11544 6.01269 6.0377 5.83207 6.66663 7.98736 7.2946 6.27568 6.93204 5.88171 8.49619 10.4431 7.06969 6.36239 5.90869 7.84183
threshold=0.003249999950639904 0.0012500000302679839 0.20244999974966052 0.32310000061988836 0.0041499999351799497 0.0012500000302679839 0.0031500000040978198 0.003249999950639904 0.018150000832974914 0.0010500000207684936 0.035949999466538436 0.0040500001050531873 0.0054500000551342973 0.10209999978542329 0.0013499999768100681 0.010549999773502352 0.0031500000040978198 0.5173851251602174 0.0087500000372529047 0.015450000297278168 0.055250000208616264 0.012050000019371511 0.36289998888969427 0.0030500000575557355 0.0027499999850988392 0.015850000083446506 0.0010500000207684936 0.0031500000040978198 0.0010500000207684936 0.0017499999958090486
decision_type=2 2 2 2 2 2 2 2 2 2 2 2 2 2 2 2 2 2 2 2 2 2 2 2 2 2 2 2 2 2
left_child=1 2 3 4 8 -6 -7 -5 9 17 11 -11 -13 14 -12 -9 -17 18 20 -20 21 23 -23 28 26 -26 27 -25 29 -1
right_child=-2 -3 -4 7 5 6 -8 15 -10 10 13 12 -14 -15 -16 16 -18 -19 19 -21 -22 22 -24 24 25 -27 -28 -29 -30 -31
leaf_value=0.00030360539245056199 0.051395437294722603 0.056143147485964801 0.068073452458329478 0.10185633781465571 -0.047678908241730739 -0.025256598151591966 0.068091620501082487 -0.049603944934301883 0.067577892688905059 0.054661347359162261 0.081125247291751509 0.078744192517676226 -0.026661001871225349 0.092215408343509983 -0.044486812465224616 0.072966170926185916 -0.056900909601704186 0.054108549848862458 -0.021651725359880771 0.085506736464001004 0.10037066615789732 -0.057800338481541425 0.084408652850080326 0.092863656717597109 -0.028346546074341984 0.064583898824674177 0.052281244177997177 -0.054446474740223828 -0.03297236960118733 0.048775164888742166
leaf_weight=232.11532849445939 18.70513066649437 4.9731189534068099 2.3380745127797118 0.93892721831798809 13.842030994594099 7.6178372725844365 4.0084929019212723 11.786759454756973 3.7267911285161963 18.376548018306497 1.089484155178069 2.9851581305265409 7.6292601153254509 1.1962448954582203 8.7588677294552308 2.3207702934741969 1.4567676186561582 5.0157949477434149 45.818161807954311 1.807567074894904 1.8932956308126438 7.2850973382592183 0.97117094695568074 0.95714756473899143 12.845319449901583 3.9535564333200446 19.808491300791502 3.1297522895038128 12.680245790630577 8.6553224548697454
leaf_count=729 152 33 9 3 113 31 16 34 13 62 3 9 21 3 51 7 5 21 283 5 5 51 3 3 41 13 79 20 34 32
internal_value=0.00366862 0.00168468 0.00107609 0.000722228 0.00169487 -0.0227509 0.00692773 -0.0243945 0.00324864 0.00264471 0.021111 0.0357403 0.00298275 -0.0172897 -0.0305908 -0.0320107 0.0228843 0.000573455 -0.000189562 -0.0175847 0.00253298 0.00192043 -0.0410725 0.00312719 0.0207722 -0.00647569 0.0399279 -0.0199466 0.000294094 0.00204608
internal_weight=468.687 449.981 445.008 442.67 426.167 25.4684 11.6263 16.5032 400.699 396.972 40.0356 28.991 10.6144 11.0446 9.84835 15.5643 3.77754 356.936 351.92 47.6257 304.295 302.401 8.25627 294.145 40.6943 16.7989 23.8954 4.0869 253.451 240.771
internal_count=1884 1732 1699 1690 1641 160 47 49 1481 1468 149 92 30 57 54 46 12 1319 1298 288 1010 1005 54 951 156 54 102 23 795 761
is_linear=0
shrinkage=0.05


Tree=50
num_leaves=31
num_cat=0
split_feature=0 63 26 72 1 79 76 79 12 20 67 17 23 15 76 33 8 8 73 2 36 11 5 27 66 79 76 21 11 79
split_gain=16.8431 5.65256 4.09759 6.14811 4.68075 3.99202 6.18547 4.89064 8.84837 9.38599 9.04042 9.44409 8.8652 7.36168 7.24071 6.26636 5.8651 7.02513 7.74996 6.82937 6.02817 7.73345 7.76799 7.69018 7.11998 10.8481 5.85114 7.73226 7.63233 5.3675
threshold=0.003249999950639904 0.0012500000302679839 0.38154999911785131 0.0029499999945983295 1.0000000180025095e-35 0.26008526980876928 0.0024492300581187014 0.94126680493354808 0.0047500000800937423 1.0000000180025095e-35 0.0034500000765547161 0.040500000119209296 0.0027499999850988392 0.0010500000207684936 0.098967999219894423 0.092549998313188567 0.0068500000052154073 0.010950000025331976 0.0059500001370906839 0.14914999902248385 0.0013499999768100681 0.039249999448657043 0.0015499999863095584 0.035749999806284911 0.0075499999802559623 0.46327556669712072 0.049973579123616226 0.002549999975599349 0.0014499999815598132 0.91202118992805492
decision_type=2 2 2 2 2 2 2 2 2 2 2 2 2 2 2 2 2 2 2 2 2 2 2 2 2 2 2 2 2 2
left_child=1 2 3 4 5 -1 -7 8 9 10 11 13 -13 29 26 -9 19 -18 -19 20 21 22 23 -10 25 -22 27 28 -15 -8
right_child=-2 -3 -4 -5 -6 6 7 15 16 -11 -12 12 -14 14 -16 -17 17 18 -20 -21 24 -23 -24 -25 -26 -27 -28 -29 -30 -31
leaf_value=-0.021402867521461061 0.05107262168762166 0.055824217669352853 0.078082961486215741 -0.057271415871885979 0.048258176236710866 0.066173358275084013 0.031088362387322311 -0.0054730106342992246 -0.05367737161336044 0.060411043966942392 -0.031628200721773504 -0.041495701539898282 0.035635185191962043 -0.03722026918509775 0.042214654340960465 0.068388438735963536 0.062889223395292973 -0.010758354954110398 0.051688599084651822 0.06187135598355168 0.071294762342462001 0.046664707094139807 0.067652892035272444 0.058977388909647002 0.042646303883694295 -0.034477930414254759 -0.041992530354455541 -0.041109033139743567 0.091419620043852651 0.077271267949749381
leaf_weight=19.408280201256275 17.902505181729794 4.7569193542003623 1.7185591459274281 4.5224515907466403 5.249214455485343 3.6984029784798613 24.823070719838142 195.88012481480837 8.6626666225492972 11.249637521803377 10.500563681125639 11.049694046378137 5.6202495582401744 1.6406394764781049 9.7425822317600232 2.9142930358648291 6.0303283035755149 21.843585476279262 6.4312064647674552 3.0776212960481635 2.5632222145795813 8.0992297492921335 2.2903987914323798 1.8359355330467213 3.7723348140716544 44.657954692840576 8.297024127095936 3.5862299390137196 3.8797168210148811 8.427355229854582
leaf_count=39 152 33 6 56 28 14 83 754 62 42 22 26 22 11 41 12 18 87 23 9 8 39 10 9 16 163 29 30 13 27
internal_value=0.00351917 0.00161135 0.0010272 0.000726062 0.00132871 0.000755794 0.00180326 0.00121815 0.00657621 0.0174182 0.011895 0.0178251 -0.0154911 0.0270207 0.00770117 -0.00439021 -0.00322909 0.0138948 0.00344544 -0.0110658 -0.0141886 0.00843488 -0.0157759 -0.033977 -0.0234558 -0.0287365 -0.0116196 0.0160533 0.0531881 0.0427935
internal_weight=464.132 446.229 441.473 439.754 435.232 429.982 410.574 406.876 208.081 98.8168 87.5671 77.0666 16.6699 60.3966 27.1462 198.794 109.264 34.3051 28.2748 74.9594 71.8817 20.8882 12.789 10.4986 50.9935 47.2212 17.4036 9.10659 5.52036 33.2504
internal_count=1884 1732 1699 1693 1637 1609 1570 1556 790 346 304 282 48 234 124 766 444 128 110 316 307 120 81 71 187 171 83 54 24 110
is_linear=0
shrinkage=0.05


Tree=51
num_leaves=31
num_cat=0
split_feature=0 63 25 68 35 30 10 5 58 58 76 43 62 66 66 2 76 4 17 56 4 44 77 5 71 14 16 6 76 4
split_gain=15.9808 5.35749 4.02207 4.46612 6.06414 5.88628 5.78323 5.29497 4.97766 8.53383 5.92903 5.56822 7.06734 5.31938 6.99431 6.02605 8.94549 8.16857 12.8678 9.90378 7.8289 10.4123 6.88138 9.43574 6.85658 6.77873 10.3379 9.09124 11.2341 9.01614
threshold=0.003249999950639904 0.0012500000302679839 0.41179999709129339 0.00045000000682193791 0.0031500000040978198 0.014050000347197058 0.0052499999292194852 0.020200000144541267 0.01200000010430813 0.003249999950639904 0.87724488973617565 0.0057500000111758718 0.0013499999768100681 0.0066499998793005952 0.0010500000207684936 1.0000000180025095e-35 0.012880790513008835 0.002549999975599349 0.0010500000207684936 0.0041499999351799497 0.037900000810623176 0.0045499999541789302 0.0032973400084301834 1.0000000180025095e-35 0.035550000146031387 0.012349999975413086 0.0014499999815598132 0.022199999541044239 0.027811379171907905 0.010250000283122064
decision_type=2 2 2 2 2 2 2 2 2 2 2 2 2 2 2 2 2 2 2 2 2 2 2 2 2 2 2 2 2 2
left_child=1 2 3 4 6 -5 7 8 9 10 11 13 -13 14 15 17 -17 18 19 22 24 -22 23 -1 25 26 27 29 -29 -18
right_child=-2 -3 -4 5 -6 -7 -8 -9 -10 -11 -12 12 -14 -15 -16 16 20 -19 -20 -21 21 -23 -24 -25 -26 -27 -28 28 -30 -31
leaf_value=-0.0028418500779610173 0.050755503543804203 0.055522942731167195 -0.045201752188425023 0.051361135557474374 -0.028626402321169434 -0.026726931670499735 0.036044377625154132 0.056581209617094279 -0.034261927102788706 0.036664892008528426 0.083329451450298783 0.055991781272744803 -0.055419382069478856 0.050444702001746416 -0.040167030771122735 -0.049884178531597947 0.0048186922360157827 0.05246945649273399 -0.036544089219218132 -0.055909236178126598 -0.038584784245031145 0.075212088425254758 0.076290556097333553 0.08650159068668109 -0.049298736446889535 0.054451935598127749 -0.025328754932425136 0.12638590579640224 -0.020377109640582234 0.036889684421968889
leaf_weight=12.961298614740381 17.133113041520119 4.5488532558083525 4.6645620018243781 9.2263076044619066 17.028072323650122 3.2681394107639781 11.987184539437292 4.206754431128501 10.212699137628077 16.157824601978064 2.0982019901275626 8.0394278392195684 1.7296936362981785 4.7677189074456683 12.042055584490297 10.348371118307112 129.39405972510576 11.036855489015577 13.219132684171198 3.4286713413894168 23.417519897222522 2.1988843381404868 7.0846268013119689 3.8280295431613913 6.7927564159035674 5.9264545142650595 33.64831830561161 1.346232272684573 41.473178390413523 26.383075393736362
leaf_count=48 152 33 23 39 147 11 46 16 39 68 5 26 7 22 70 49 458 38 40 19 64 6 23 9 35 23 64 5 224 75
internal_value=0.00337476 0.00154008 0.000979335 0.00147654 0.00060174 0.0309358 0.0018345 0.000787683 0.000182035 0.0011143 -0.000476163 -0.00096588 0.0362656 -0.00200717 -0.00273302 -0.00137723 -0.00426094 0.0143353 0.00394877 0.0235542 -0.00251607 -0.0288166 0.0349664 0.0175288 0.000234228 0.00164693 0.000299446 0.00464165 -0.0157629 0.0102504
internal_weight=459.598 442.465 437.916 433.252 420.757 12.4944 403.729 391.742 387.535 377.322 361.165 359.066 9.76912 349.297 344.53 332.487 280.929 51.5586 40.5218 27.3026 270.58 25.6164 23.874 16.7893 244.964 238.171 232.245 198.597 42.8194 155.777
internal_count=1884 1732 1699 1676 1626 50 1479 1433 1417 1378 1310 1305 33 1272 1250 1180 1003 177 139 99 954 70 80 57 884 849 826 762 229 533
is_linear=0
shrinkage=0.05


Tree=52
num_leaves=31
num_cat=0
split_feature=0 1 28 11 30 50 68 20 26 19 8 76 55 43 23 20 40 12 49 58 74 13 67 20 61 71 13 78 4 14
split_gain=15.1622 5.10089 4.10563 5.8498 5.34222 8.44892 6.82204 5.05137 4.75816 7.17476 4.11417 4.37808 11.2838 9.26664 8.21318 6.86943 7.02201 7.8556 7.8874 7.6954 8.09527 6.74077 7.44313 6.73414 7.57206 6.68943 10.2726 7.60689 7.53488 8.7133
threshold=0.003249999950639904 0.0012500000302679839 0.051300000399351127 0.53370001912117015 0.010250000283122064 0.074499998241662993 0.00045000000682193791 0.018099999986588958 0.11044999957084657 0.06840000301599504 0.41320000588893896 0.32322224974632269 0.0012500000302679839 0.0047500000800937423 1.0000000180025095e-35 0.0012500000302679839 0.0011500000255182388 0.027050000615417961 0.0042499999981373557 0.0019500000635161998 0.0014499999815598132 0.0053499999921768912 0.0030500000575557355 0.018099999986588958 0.0012500000302679839 0.0023500000825151805 0.027900000102818016 0.0038981504039838914 0.037900000810623176 0.0043500000610947618
decision_type=2 2 2 2 2 2 2 2 2 2 2 2 2 2 2 2 2 2 2 2 2 2 2 2 2 2 2 2 2 2
left_child=1 2 3 4 6 -6 8 -4 9 10 11 13 14 15 -13 16 19 18 -18 20 25 -16 -23 24 -17 27 -27 28 29 -1
right_child=-2 -3 7 -5 5 -7 -8 -9 -10 -11 -12 12 -14 -15 21 23 17 -19 -20 -21 -22 22 -24 -25 -26 26 -28 -29 -30 -31
leaf_value=0.0041550569791907422 0.050443169194383512 0.041051303188235411 -0.040656524849474712 0.045137460478696365 -0.046516270518735768 0.091063604093134021 0.046816488469335199 0.041114033014973683 -0.045067218727830587 0.051014025407628588 0.060225839968483963 -0.045756575737824712 0.021377730062164625 0.066824556430337051 -0.034035984732113944 0.051095049393663529 -0.048566208822732916 0.012856568286137135 0.086109330438011292 0.052580606577081794 -0.0294520880460033 -0.0038821004474197951 0.075895235563751468 -0.016071288177174691 -0.056786630407935947 -0.035188173979678432 0.08972182878503937 0.067452670872086104 -0.028966948223626096 0.044736563093913752
leaf_weight=159.57687555253506 16.395895957946777 7.9914172738790503 11.007162779569624 7.5776039250195018 10.69122734852135 1.245965689420699 8.2384293526411039 2.2798569127917281 5.5641267374157897 7.1805445402860633 2.8671694844961158 22.995476093143225 19.076645202934742 5.5266664028167716 11.395439665764572 17.543627277016647 19.486601226031787 10.047556214034556 1.1514048278331745 7.2895890139043322 20.688424240797758 11.266209062188862 3.9483807832002631 7.0232063755393019 1.7927266918122757 18.45047759637237 1.8072147071361531 4.931682586669921 15.403072111308573 14.422632612287996
leaf_count=495 152 54 90 24 62 3 37 9 14 26 10 66 69 20 44 80 149 61 5 29 95 44 13 16 6 97 5 15 44 50
internal_value=0.00323554 0.00147028 0.000735487 0.00160692 0.000801625 -0.0321561 0.00179094 -0.0266259 0.000838429 0.00150382 0.000560049 0.000102422 -0.0113029 0.00266956 -0.0238708 0.00148617 -0.000865269 -0.0234008 -0.0410526 0.00198552 0.000417952 -0.00495784 0.0168211 0.0258623 0.041093 0.00329767 -0.0240448 0.00614789 0.00455163 0.00751881
internal_weight=454.863 438.467 430.476 417.189 409.611 11.9372 397.674 13.287 389.436 383.872 376.691 373.824 68.6822 305.142 49.6055 299.615 273.256 30.6856 20.638 242.57 235.28 26.61 15.2146 26.3596 19.3364 214.592 20.2577 194.334 189.403 174
internal_count=1884 1732 1678 1579 1555 65 1490 99 1453 1439 1413 1403 236 1167 167 1147 1045 215 154 830 801 101 57 102 86 706 102 604 589 545
is_linear=0
shrinkage=0.05


Tree=53
num_leaves=31
num_cat=0
split_feature=0 1 4 77 35 6 49 26 25 22 74 60 15 15 5 46 15 15 27 58 57 31 40 2 3 2 3 74 47 55
split_gain=14.3854 4.79219 4.05163 7.25679 5.97406 5.25073 4.72252 4.704 4.53189 4.78831 5.69855 4.48449 4.4071 7.53899 6.84732 6.659 5.23773 6.77119 5.18744 7.23381 7.24571 7.14544 6.79006 5.66025 6.33225 18.8537 12.4453 11.9042 10.5331 8.29653
threshold=0.003249999950639904 0.0021499999566003685 0.13990000635385516 0.0065953999292105445 0.0031500000040978198 0.0019500000635161998 0.018000000156462196 0.41880001127719885 0.38214999437332159 0.063499998301267638 0.0017499999958090486 0.055600000545382507 0.01415000017732382 0.013950000051409008 0.020200000144541267 0.0024500000290572648 0.0074499999172985562 0.012050000019371511 0.0027499999850988392 0.0013499999768100681 0.0055499998852610597 1.0000000180025095e-35 0.0042499999981373557 0.070100001990795149 0.0052499999292194852 0.0054500000551342973 0.0061500000301748523 0.0013499999768100681 0.0020500000100582842 0.0019500000635161998
decision_type=2 2 2 2 2 2 2 2 2 2 2 2 2 2 2 2 2 2 2 2 2 2 2 2 2 2 2 2 2 2
left_child=1 2 4 5 6 -4 8 -6 9 11 -11 12 13 14 15 18 -17 -18 21 20 -20 23 -23 24 -1 27 29 -26 -28 -27
right_child=-2 -3 3 -5 7 -7 -8 -9 -10 10 -12 -13 -14 -15 -16 16 17 -19 19 -21 -22 22 -24 -25 25 26 28 -29 -30 -31
leaf_value=-0.0053469477212665694 0.050134749843812602 0.046260939529679052 0.093965012642892476 0.06756670725165341 -0.030238760364121049 -0.053482464910878241 0.06471394876495222 0.089065305002407072 -0.053834761600898201 0.049206243528716859 -0.079640298729371145 0.069262740438821385 -0.013366427036670884 0.11551144579464574 0.067271973733268361 0.062823751120696825 -0.051708912308689958 0.071732010019108228 -0.031242077125644863 0.046795870097383167 0.061457000459499589 0.048872079745150232 -0.027895775529646533 -0.022550427716326177 0.071042062845665971 0.093328748621359758 -0.0097096370202067132 -0.028631529340171824 0.063678086021174682 -0.044729696080077264
leaf_weight=122.99634725600481 15.689793616533278 5.873095177114009 0.76494771242141579 5.8508999273180962 20.817607928067449 2.8659179694950581 2.9281488806009284 0.86036866903304954 3.7349359020590773 8.6354873739182914 0.95282833278179246 2.3651208430528632 51.706246733665466 1.4650170356035221 3.9490278959274283 7.5869390815496427 2.8959279134869576 1.8023383617401121 31.807724040001631 3.8992607519030562 2.2576171010732642 13.863033615052702 3.6358603462576857 25.304414570331573 17.329931788146499 5.4421771503984919 72.922661520540714 3.6215920001268378 5.2407322190701953 1.3601840957999227
leaf_count=431 152 45 2 25 165 15 12 2 16 35 5 8 276 5 16 29 10 5 172 17 8 41 11 58 65 18 201 11 20 8
internal_value=0.00309941 0.00140189 0.000787561 0.0331086 5.68174e-05 -0.0224184 0.00145007 -0.0255037 0.000980825 0.00150438 0.0364023 0.000627179 0.000198962 0.00234147 0.00183276 0.00103013 0.0371325 -0.00435478 -0.000402069 -0.0177145 -0.0250986 0.00201684 0.0329215 -0.000110456 0.00237009 0.0113315 0.000856088 0.0538129 -0.00478911 0.0657229
internal_weight=450.426 434.736 428.863 9.48177 419.382 3.63087 397.704 21.678 394.775 391.04 9.58832 381.452 379.087 327.381 325.916 321.967 12.2852 4.69827 309.682 37.9646 34.0653 271.717 17.4989 254.218 228.914 105.917 84.9658 20.9515 78.1634 6.80236
internal_count=1884 1732 1687 42 1645 17 1478 167 1466 1450 40 1410 1402 1126 1121 1105 44 15 1061 197 180 864 52 812 754 323 247 76 221 26
is_linear=0
shrinkage=0.05


Tree=54
num_leaves=31
num_cat=0
split_feature=0 63 15 68 35 10 7 18 44 71 40 3 9 21 2 26 19 49 49 41 8 73 77 11 79 70 77 13 29 57
split_gain=13.6439 4.7326 3.68585 3.85197 5.0487 5.85132 4.80924 6.09582 5.52642 8.52655 8.77434 7.72355 7.16736 6.34263 6.00673 6.39185 9.39504 7.99862 7.63019 7.61719 6.89396 5.97775 7.01437 7.51411 5.76824 5.53908 8.05935 7.46491 6.54017 5.05037
threshold=0.003249999950639904 0.0012500000302679839 0.53134998679161083 0.00045000000682193791 0.0031500000040978198 0.0052499999292194852 1.0000000180025095e-35 0.0018500000005587938 0.0023500000825151805 0.013650000095367433 0.0013499999768100681 0.012249999679625036 0.0013499999768100681 0.0013499999768100681 0.10290000215172769 0.0020500000100582842 0.011950000189244749 0.0012500000302679839 1.0000000180025095e-35 0.0019500000635161998 0.035250000655651099 0.002549999975599349 0.15294588357210162 0.059000000357627876 0.49380533397197729 1.0000000180025095e-35 0.010986275039613249 0.0081500001251697558 0.0022500000195577745 0.0014499999815598132
decision_type=2 2 2 2 2 2 2 2 2 2 2 2 2 2 2 2 2 2 2 2 2 2 2 2 2 2 2 2 2 2
left_child=1 2 3 4 5 6 8 -8 9 10 14 -10 13 -13 15 18 19 -18 20 25 29 -14 23 -23 -24 27 -27 28 -17 -1
right_child=-2 -3 -4 -5 -6 -7 7 -9 11 -11 -12 12 21 -15 -16 16 17 -19 -20 -21 -22 22 24 -25 -26 26 -28 -29 -30 -31
leaf_value=0.0031740505363960303 0.049829412344389215 0.054924866701459463 -0.05798191920178121 0.028849557368640984 -0.026970458419214471 0.037076273206648643 -0.017375453061437091 0.056226749744902271 0.041111699656038891 -0.047049933567969576 -0.030779411804652199 -0.02538032167005505 -0.03307520418534337 0.051631491763561445 -0.054857755866839913 0.032470864781945073 -0.058918860601813727 0.047059861700411931 -0.048935302884226678 0.08560666755910705 -0.056280346047670515 -0.055528103024625047 0.045880339395520761 0.047023256874211654 -0.025612121562709596 -0.059622726987901421 0.033404508573046457 0.071567350169864014 -0.049368683646621558 0.063153676929605163
leaf_weight=152.09526941180229 15.013749700039623 4.0818226337432852 2.6475853882729998 12.230356536805628 16.213887516409159 11.227384217083452 51.28540712594986 2.976396180689334 19.836076747626066 9.666748743504284 20.072287872433662 3.4256108552217475 13.099465005099772 12.178739883005617 4.2832260578870764 9.9710858464241081 5.791350878775118 2.5706939250230789 7.4767093732953063 5.6811863556504241 4.7999880686402312 2.0784095227718344 3.4220884889364269 12.705719497054814 16.072942655533552 4.3229680322110635 5.0455605015158653 8.9579955339431745 3.2326350212097159 3.5924834311008444
leaf_count=528 152 33 21 53 145 44 133 11 77 71 158 11 48 41 8 44 21 11 18 19 14 11 14 51 51 14 19 29 22 12
internal_value=0.00297396 0.00134193 0.000829662 0.00119663 0.000375907 0.00149595 0.00045739 -0.0133382 0.00272319 -0.00101714 0.000853388 0.0139037 0.00533469 0.0347251 0.00376836 0.00494431 0.0215516 -0.0263384 0.000438287 0.0323133 0.00273847 -0.00434518 0.00663373 0.0326062 -0.0130626 0.0227108 -0.00952152 0.0363365 0.0124343 0.00455808
internal_weight=446.056 431.042 426.96 424.313 412.082 395.868 384.641 54.2618 330.379 247.56 237.893 82.8191 62.983 15.6044 217.821 213.538 45.5735 8.36204 167.964 37.2114 160.488 47.3786 34.2792 14.7841 19.495 31.5302 9.36853 22.1617 13.2037 155.688
internal_count=1884 1732 1699 1678 1625 1480 1436 144 1292 988 917 304 227 52 759 751 179 32 572 147 554 175 127 62 65 128 33 95 66 540
is_linear=0
shrinkage=0.05


Tree=55
num_leaves=31
num_cat=0
split_feature=0 63 4 77 25 25 6 4 7 13 20 47 32 2 47 19 45 43 4 13 22 19 40 21 50 79 4 69 5 5
split_gain=12.9418 4.48852 3.69636 6.68807 5.20204 5.16561 4.83582 4.58615 6.27355 6.01203 5.91729 4.39098 4.9703 4.36473 4.30175 6.0191 5.43282 5.8724 7.76615 9.62467 7.41237 7.30497 7.11026 6.91243 8.60632 11.995 12.4255 8.51905 12.7213 11.9566
threshold=0.003249999950639904 0.0012500000302679839 0.13990000635385516 0.0065953999292105445 0.26254999637603765 0.21959999948740008 0.0019500000635161998 0.042050000280141837 0.0024500000290572648 0.064550001174211516 0.0020500000100582842 0.088500000536441817 0.0011500000255182388 0.0024500000290572648 0.0075499999802559623 0.0017499999958090486 0.0063000000081956395 1.0000000180025095e-35 0.00335000001359731 0.0088499998673796671 0.018550000153481964 0.0019500000635161998 0.0023500000825151805 0.0018500000005587938 0.010850000195205213 0.99632331728935253 0.0067499999422580012 0.0011500000255182388 0.0088499998673796671 0.013250000309199097
decision_type=2 2 2 2 2 2 2 2 2 2 2 2 2 2 2 2 2 2 2 2 2 2 2 2 2 2 2 2 2 2
left_child=1 2 4 6 5 7 -4 8 11 -10 13 12 14 -9 16 -16 17 20 21 -20 23 -19 -21 27 25 -25 -27 -1 -29 -30
right_child=-2 -3 3 -5 -6 -7 -8 10 9 -11 -12 -13 -14 -15 15 -17 -18 18 19 22 -22 -23 -24 24 -26 26 -28 28 29 -31
leaf_value=-0.0012914596003323307 0.049526361236519108 0.054673190531471273 0.090656988005311079 0.066089502521462021 -0.047585372117837553 0.094464903306498246 -0.053273331877927203 0.038844857768892668 0.064042197144849086 -0.037900435957015338 0.039690489633642384 -0.05104146327426308 0.080998602009491188 -0.034379301306248035 -0.039830187682991153 0.037979665997308398 -0.023121638991958873 -0.042704268497975699 -0.02135607419619464 0.038383991578655199 0.036667153627406468 0.061896547956448958 -0.0438265564857621 -0.032293793072125702 0.01484344868201839 -0.017089083827323291 0.092986166271145754 0.078711497547843484 -0.055272797353080098 0.064053192506877785
leaf_weight=149.93319476395845 14.366715420037506 3.9001712128520003 0.74344497919082497 5.6084805652499199 5.6421470474451771 1.4653198644518841 2.7140701599419117 2.2370905205607476 7.1080590263009054 1.8157129064202306 3.7416797466576091 4.0285364948213092 1.9529394060373295 22.540667086839676 2.9848059490323093 14.855739045888184 24.083859644830227 1.9270413517951954 18.623006416484714 19.426815114915374 12.090982399880884 12.470824331045149 3.0419181063771239 57.175963275134563 19.091137629002333 6.6974282748997194 4.1537900604307652 8.6383026987314242 5.1808181777596456 3.5295150429010391
leaf_count=508 152 33 2 25 39 4 15 9 29 6 11 27 8 65 20 68 82 13 84 71 52 58 19 299 78 43 17 28 4 15
internal_value=0.00284864 0.00127962 0.000787904 0.0323707 9.70165e-05 0.000755124 -0.022325 0.000418014 0.00187374 0.0433 -0.0189178 0.000874306 0.00144596 -0.0277682 0.00101903 0.0249617 -0.000215276 0.0014981 0.0162959 0.00522362 -0.00158316 0.0478965 0.027254 -0.00340109 -0.0148219 -0.0231472 0.0250472 0.00254672 0.0357176 -0.0069207
internal_weight=441.77 427.403 423.503 9.066 414.437 408.795 3.45752 407.33 378.81 8.92377 28.5194 369.887 365.858 24.7778 363.905 17.8405 346.065 321.981 55.4896 41.0917 266.491 14.3979 22.4687 254.4 87.1183 68.0272 10.8512 167.282 17.3486 8.71033
internal_count=1884 1732 1699 42 1657 1618 17 1614 1529 35 85 1494 1467 74 1459 88 1371 1289 245 174 1044 71 90 992 437 359 60 555 47 19
is_linear=0
shrinkage=0.05


Tree=56
num_leaves=31
num_cat=0
split_feature=0 63 33 15 51 27 1 66 78 3 40 44 15 58 71 55 55 39 12 25 74 61 46 9 28 20 3 43 77 79
split_gain=12.2729 4.25739 3.58612 3.4977 3.7105 5.09331 4.20804 3.76266 4.48733 5.55133 4.29726 10.05 8.91814 8.80618 6.34409 5.76768 12.8402 7.46294 6.89116 5.45213 5.41091 7.54014 7.46855 6.21742 8.21132 9.59772 8.66788 7.5716 6.0695 5.9442
threshold=0.003249999950639904 0.0012500000302679839 0.20244999974966052 0.53134998679161083 0.0018500000005587938 0.0559499990195036 1.0000000180025095e-35 0.0075499999802559623 1.0000000180025095e-35 0.0082499999552965182 0.0013499999768100681 1.0000000180025095e-35 0.0015499999863095584 0.0029499999945983295 0.0029499999945983295 0.0047000001650303611 0.0012500000302679839 0.0050500000361353168 0.0094499997794628161 0.055449999868869788 0.0014499999815598132 0.0084500000812113302 0.0024500000290572648 0.0030500000575557355 0.0011500000255182388 0.0017499999958090486 0.0490499995648861 0.0055499998852610597 0.0884281061589718 0.57482090592384349
decision_type=2 2 2 2 2 2 2 2 2 2 2 2 2 2 2 2 2 2 2 2 2 2 2 2 2 2 2 2 2 2
left_child=1 2 3 4 5 6 7 10 -9 -10 15 -12 14 19 -13 16 18 -18 20 -14 22 -22 23 27 -25 26 -26 28 29 -1
right_child=-2 -3 -4 -5 -6 -7 -8 8 9 -11 11 12 13 -15 -16 -17 17 -19 -20 -21 21 -23 -24 24 25 -27 -28 -29 -30 -31
leaf_value=-0.026616338694350417 0.04922483916153262 0.054435009596238093 0.064409287114295027 -0.057722503211554782 0.03977450623227536 -0.047029586859829192 0.055757165624451578 0.11559294339583284 -0.05852811621619175 0.038101286084472566 -0.045443015674517299 0.06008983520782462 -0.037588397551753951 0.044547543102091205 -0.045407489033900128 -0.038934108749763829 0.053898610290614768 -0.056614777909687289 -0.01305106416214415 0.035043073558822281 -0.028378263187825159 0.078341528976836397 0.065307135036751424 0.051081451883989229 -0.057333856303486308 0.093674043640055854 0.028953016564626028 0.089416948024876264 0.06630401330270301 0.0026803812843426036
leaf_weight=19.507128063589334 13.747651964426039 3.7257801741361609 2.2007101215422145 2.5711676906794301 6.0106248185038558 5.6293473765254012 3.4609347358345977 1.3415530771017063 1.8900858834385852 6.9581259600818157 16.904660679399967 8.1753202602267248 18.90566651895643 5.2307083047926417 1.7258763536810864 8.5094819627702218 16.459745056927208 1.6839225254952896 73.108509570360184 2.9928072281181803 19.683625712990764 1.807070143520831 5.3389434814453116 15.923965133726599 6.6104668267071229 2.2338399812579146 5.1998922079801559 2.4377662539482108 3.45604433864355 153.99575261026621
leaf_count=36 152 33 9 21 23 65 22 4 20 30 156 27 92 23 9 18 58 5 301 15 82 6 20 66 42 6 20 7 12 504
internal_value=0.00273098 0.00122234 0.000750243 0.000414889 0.000774927 0.000202032 0.000860906 0.000386021 0.0303799 0.0174601 -0.000397867 -0.0134987 0.0010841 -0.0137395 0.0417006 0.00170537 0.00276148 0.0436418 0.00036345 -0.027662 0.0045156 -0.0194046 0.00690988 0.00542072 0.0265022 -0.00136698 -0.0193433 0.00189907 0.00069343 -0.000613483
internal_weight=437.427 423.68 419.954 417.753 415.182 409.171 403.542 400.081 10.1898 8.84821 389.891 53.935 37.0304 27.1292 9.9012 335.956 327.447 18.1437 309.303 21.8985 236.194 21.4907 214.704 209.365 29.9682 14.0442 11.8104 179.397 176.959 173.503
internal_count=1884 1732 1699 1690 1669 1646 1581 1559 54 50 1505 322 166 130 36 1183 1165 63 1102 107 801 88 713 693 134 68 62 559 552 540
is_linear=0
shrinkage=0.05


Tree=57
num_leaves=31
num_cat=0
split_feature=0 63 4 77 25 25 6 4 7 13 20 7 4 25 21 19 76 3 27 14 48 33 25 5 75 5 77 73 5 11
split_gain=11.6362 4.03866 3.39571 6.08531 4.68389 4.48812 4.46099 4.38 5.75517 5.60976 5.25841 4.04104 4.73956 8.5169 7.48014 6.61805 6.67113 5.52465 4.95726 4.16105 4.14664 4.12744 3.99102 4.20557 5.07907 4.2762 6.17519 8.43162 6.16528 4.43248
threshold=0.003249999950639904 0.0012500000302679839 0.13990000635385516 0.0065953999292105445 0.26254999637603765 0.21959999948740008 0.0019500000635161998 0.042050000280141837 0.0024500000290572648 0.064550001174211516 0.0020500000100582842 0.0023500000825151805 0.018350000493228439 0.0010500000207684936 0.0020500000100582842 0.0011500000255182388 0.22231862694025042 0.074700001627206816 0.0018500000005587938 1.0000000180025095e-35 0.018150000832974914 0.088050000369548811 0.066700000315904631 0.020200000144541267 0.0024500000290572648 0.0088499998673796671 0.0059882437344640502 0.0018500000005587938 0.0081500001251697558 0.50740000605583202
decision_type=2 2 2 2 2 2 2 2 2 2 2 2 2 2 2 2 2 2 2 2 2 2 2 2 2 2 2 2 2 2
left_child=1 2 4 6 5 7 -4 8 11 -10 -9 12 20 14 19 -15 -17 -18 -16 -14 22 -19 23 24 25 28 -27 -28 29 -1
right_child=-2 -3 3 -5 -6 -7 -8 10 9 -11 -12 -13 13 15 18 16 17 21 -20 -21 -22 -23 -24 -25 -26 26 27 -29 -30 -31
leaf_value=0.00031930342957513615 0.04892411471348191 0.054209529230531808 0.087741626751167617 0.0645531380792988 -0.046507384446280851 0.087725964823992544 -0.053109172441367314 -0.027244683406711424 0.06286288192767614 -0.037056020920456047 0.0368551340946245 -0.045341976372837933 -0.06496634810569972 -0.056236511325176541 -0.039905924311237087 0.081461137230066122 -0.044055956398286876 0.048845701077078009 0.069705163072586132 0.093332707995941358 0.058275144828892317 -0.055634988104612398 -0.033249082936605674 0.058915484387331921 -0.043502334558491444 -0.050880247590848152 0.075500780315727892 -0.053406068153762948 0.08834750263244584 0.045277856675873265
leaf_weight=286.14611279778183 13.155537247657774 3.5584403723478308 0.72139906883239602 5.3586406633257866 5.3296645972877732 1.4752442985773075 2.5465598255395889 24.184463132172827 6.8115659654140455 1.7696694806218145 3.6873034685850135 4.6779429838061324 0.44126983731985259 4.1867097020149258 2.7218222953379154 3.0016473978757849 4.6234880201518518 4.8688314035534859 1.6609848141670225 7.0085441097617149 2.9949525892734519 1.172983508557081 9.2238991521298868 3.0119964331388465 6.7042598724365225 9.1403719000518304 2.8276665471494189 2.3006044961512089 2.042774721980094 5.589381903409957
leaf_count=1183 152 33 2 25 39 4 15 74 29 6 11 8 3 12 14 9 21 21 6 21 12 6 84 13 24 12 9 7 8 21
internal_value=0.00261982 0.00116872 0.000715259 0.0317585 5.82543e-05 0.000675194 -0.0220165 0.000354782 0.00178372 0.0422571 -0.0187646 0.000830475 0.00143101 0.0205672 0.0534642 -0.00123549 0.0156134 -0.00291878 0.0016342 0.0839563 -0.000290548 0.0285614 -0.000826965 0.000114171 -0.000448525 0.000488488 -0.0262421 0.0176716 0.00178678 0.00118067
internal_weight=432.945 419.789 416.231 8.6266 407.604 402.274 3.26796 400.799 372.927 8.58124 27.8718 364.346 359.668 29.6863 11.8326 17.8537 13.667 10.6653 4.38281 7.44981 329.982 6.04181 326.987 317.763 314.751 308.047 14.2686 5.12827 293.778 291.735
internal_count=1884 1732 1699 42 1657 1618 17 1614 1529 35 85 1494 1486 113 44 69 57 48 20 24 1373 27 1361 1277 1264 1240 28 16 1212 1204
is_linear=0
shrinkage=0.05


Tree=58
num_leaves=31
num_cat=0
split_feature=0 1 46 28 11 30 31 68 54 35 26 19 31 77 79 79 2 6 76 46 71 56 17 76 3 17 12 11 3 19
split_gain=11.0315 3.88478 3.67604 3.38178 4.51085 4.30232 5.52194 5.30847 4.22825 5.17365 4.02032 6.18648 3.66342 4.02527 5.06616 7.08395 7.38681 10.9852 7.14682 7.12008 7.08485 6.07604 6.90575 5.67051 14.5126 9.81878 9.78599 9.26611 6.86115 5.36958
threshold=0.003249999950639904 0.0012500000302679839 0.46694999933242803 0.051300000399351127 0.53370001912117015 0.010250000283122064 0.010699999984353782 0.00045000000682193791 0.10209999978542329 1.0000000180025095e-35 0.11044999957084657 0.06840000301599504 0.068500000983476653 0.25178439170122152 0.52229326963424694 0.57482090592384349 1.0000000180025095e-35 1.0000000180025095e-35 0.012880790513008835 0.0015499999863095584 0.0031500000040978198 0.0011500000255182388 0.0013499999768100681 0.021205288358032707 0.0013499999768100681 0.0030500000575557355 0.0011500000255182388 0.0011500000255182388 0.0018500000005587938 0.012749999761581423
decision_type=2 2 2 2 2 2 2 2 2 2 2 2 2 2 2 2 2 2 2 2 2 2 2 2 2 2 2 2 2 2
left_child=1 3 -3 4 5 7 -7 10 9 -5 11 12 13 14 21 -16 17 20 -18 -19 -17 22 -1 24 27 26 -26 -20 29 -25
right_child=-2 2 -4 8 -6 6 -8 -9 -10 -11 -12 -13 -14 -15 15 16 18 19 23 -21 -22 -23 -24 28 25 -27 -28 -29 -30 -31
leaf_value=0.023511757129200474 0.04862348233307065 0.049072892085461756 -0.089765569677942858 0.024109734824886847 0.041485082978679727 -0.041482252079866277 0.086860446137307867 0.043535772463621905 0.055221706051680697 -0.056370568173723913 -0.043901151246681633 0.048375589533027119 -0.059677921595924416 0.029666569397474481 0.076472280247050869 0.054247593560357736 -0.047923897537854157 -0.035240220096330009 0.068658526136363973 0.050604416840428768 -0.061250252645196117 -0.054051739491408901 -0.042597617575922245 -0.036155500348463231 -0.020005841923154351 0.22206723363274869 0.14644647127825622 -0.046796613523878747 0.00029492430251588171 0.07707412155090583
leaf_weight=9.7317660823464447 12.589366320520638 6.2975802272558203 0.51581096649169911 2.6585961356759062 6.8586808033287516 9.8597573246806824 0.91594414040446359 7.3530865870416156 1.4296222459524859 8.0233891364186984 4.9992439709603778 6.8321250826120368 2.5240233354270449 11.660443134605883 3.1206536367535582 18.789580091834072 8.1644309014081937 9.4386862553656083 2.5726045295596105 3.246184777468442 1.4287309199571598 9.2278463132679445 6.6492870151996604 19.173130933195356 1.870462127029896 1.2396072298288343 1.6726203337311742 5.3557830676436424 243.93792584910989 1.1075134724378575
leaf_count=25 152 50 4 13 24 62 3 37 7 79 14 26 6 49 10 62 49 70 9 16 11 27 11 85 14 4 6 12 943 4
internal_value=0.0025106 0.00111729 0.0385621 0.000494787 0.00128736 0.000582008 -0.030573 0.00146525 -0.0255324 -0.0363402 0.000635327 0.00124077 0.000348501 0.000771251 -0.0002005 0.00150629 0.000770609 0.0232023 -0.00181827 -0.0132717 0.0460859 -0.0216024 -0.00332292 -0.000458984 0.0321612 0.100948 0.0585731 -0.00933371 -0.00202828 -0.0299721
internal_weight=429.244 416.655 6.81339 409.842 397.73 390.871 10.7757 380.096 12.1116 10.682 372.743 367.743 360.911 358.387 346.727 321.118 317.997 32.9032 285.094 12.6849 20.2183 25.6089 16.3811 276.93 12.7111 4.78269 3.54308 7.92839 264.219 20.2806
internal_count=1884 1732 54 1678 1579 1555 65 1490 99 92 1453 1439 1413 1407 1358 1295 1285 159 1126 86 73 63 36 1077 45 24 20 21 1032 89
is_linear=0
shrinkage=0.05


Tree=59
num_leaves=31
num_cat=0
split_feature=0 63 15 51 27 1 45 45 11 31 45 24 24 2 41 27 77 47 5 9 17 27 53 47 2 22 3 3 27 43
split_gain=10.4605 3.70285 3.31978 3.71013 4.62174 3.72712 3.69045 7.40448 4.88559 5.90357 4.1482 4.09128 9.81147 7.14103 8.29143 9.56248 7.36265 5.0394 4.57786 14.4963 11.1229 6.48404 4.61588 6.60955 7.68531 6.76695 5.51659 7.56875 6.79444 5.73979
threshold=0.003249999950639904 0.0012500000302679839 0.53134998679161083 0.0018500000005587938 0.0559499990195036 1.0000000180025095e-35 0.0063000000081956395 0.0013499999768100681 0.081350002437829985 0.024950000457465652 0.06424999982118608 0.0017499999958090486 0.0010500000207684936 0.0071499999612569818 0.0018500000005587938 0.0055499998852610597 0.0012500000302679839 0.051649998873472221 0.0029499999945983295 0.0010500000207684936 0.0027499999850988392 0.0022500000195577745 0.0017499999958090486 0.0010500000207684936 0.047399999573826797 0.0063499999232590207 0.13045000284910205 0.054750001057982452 0.032600000500679023 0.0027499999850988392
decision_type=2 2 2 2 2 2 2 2 2 2 2 2 2 2 2 2 2 2 2 2 2 2 2 2 2 2 2 2 2 2
left_child=1 2 3 4 5 6 7 11 -9 -10 -8 12 17 16 -15 -16 -13 18 22 21 -21 -20 23 24 26 -26 27 28 29 -1
right_child=-2 -3 -4 -5 -6 -7 10 8 9 -11 -12 13 -14 14 15 -17 -18 -19 19 20 -22 -23 -24 -25 25 -27 -28 -29 -30 -31
leaf_value=-0.00073407863059879333 0.048322268911621086 0.053858155784528586 -0.057244851450935379 0.039460235826050537 -0.045852205305338567 0.055186586948995656 -0.024247077270604017 0.0068789386544973827 0.056300054537859447 -0.05415495942573717 0.043855577632328328 -0.02136922699500347 -0.028644481784786169 -0.031420612142630117 0.059254507115736516 -0.059669320116101723 0.064400580280575645 -0.052345924323381435 0.08669316285644009 0.086198562653638705 -0.021694417865469107 -0.0083456475922002935 0.031304668823080313 -0.034336869072572489 -0.035463047979669579 0.042520216100425889 -0.049005006557198749 0.050046546485101873 0.063788869806816015 0.046699396384023484
leaf_weight=159.87390526942909 12.048152282834051 3.2943247482180587 2.4624239914119235 6.1710916683077803 5.330634979531168 3.1501399353146544 23.293578833341602 17.198764700442556 13.253797091543671 1.3312221318483359 2.4734278768301001 3.2872177064418784 31.392485521733761 11.320253904908897 7.3391611799597722 2.1961441189050674 10.476121202111242 4.3735962435603133 8.4911349713802355 2.7978445887565639 16.33758581802249 2.2756394520401946 10.834121610969303 14.857648901641367 22.13592600077391 3.1816702224314204 4.8326791021972886 8.9136441648006421 4.4459282085299483 6.6427283845841876
leaf_count=690 152 33 21 24 65 22 79 74 48 3 9 9 108 43 27 14 39 34 24 7 49 9 45 85 58 15 14 37 23 24
internal_value=0.00239651 0.00105988 0.000636338 0.000985494 0.000394923 0.00101636 0.000582762 0.00186432 0.0249312 0.0462185 -0.0177098 -0.000317641 -0.00218755 0.0159615 -0.00248631 0.0318643 0.0439154 0.000888622 0.00176516 0.0201947 -0.00591908 0.066606 -0.000572738 -0.00210848 0.000171415 -0.0256629 0.00371246 0.0051288 0.00278688 0.00115815
internal_weight=426.013 413.965 410.671 408.208 402.037 396.706 393.556 367.789 31.7838 14.585 25.767 336.005 301.387 34.6189 20.8556 9.53531 13.7633 269.994 265.62 29.9022 19.1354 10.7668 235.718 224.884 210.026 25.3176 184.709 179.876 170.963 166.517
internal_count=1884 1732 1699 1678 1654 1589 1567 1479 125 51 88 1354 1222 132 84 41 48 1114 1080 89 56 33 991 946 861 73 788 774 737 714
is_linear=0
shrinkage=0.05


Tree=60
num_leaves=31
num_cat=0
split_feature=0 63 15 51 27 56 66 40 44 15 25 71 45 19 8 66 25 2 19 55 55 39 29 65 2 57 64 25 19 74
split_gain=9.91226 3.51367 3.13462 3.39621 4.2638 3.35166 5.10978 4.10492 7.60381 8.31937 6.39531 5.41141 5.17856 6.25364 6.14658 7.40037 6.70428 7.2337 6.22431 5.65036 7.82963 6.1038 5.76946 10.0129 8.91117 8.0163 5.27584 6.18837 7.14406 13.2614
threshold=0.003249999950639904 0.0012500000302679839 0.53134998679161083 0.0018500000005587938 0.0559499990195036 0.62514999508857738 0.0063000000081956395 0.0013499999768100681 1.0000000180025095e-35 0.0015499999863095584 0.035150000825524337 0.0029499999945983295 0.0072500000242143878 0.050900001078844077 0.03914999961853028 0.0019500000635161998 0.0024500000290572648 0.024750000797212127 0.0016499999910593035 0.0043500000610947618 0.0012500000302679839 0.0050500000361353168 0.02185000013560057 0.0040500001050531873 0.030799999833106998 0.0044499998912215242 0.0013499999768100681 0.0023500000825151805 0.0056499999482184657 0.0017499999958090486
decision_type=2 2 2 2 2 2 2 2 2 2 2 2 2 2 2 2 2 2 2 2 2 2 2 2 2 2 2 2 2 2
left_child=1 2 3 4 5 6 7 12 -9 11 -11 -10 13 14 15 19 18 -18 -16 20 22 -22 24 -24 26 -26 27 28 -1 -30
right_child=-2 -3 -4 -5 -6 -7 -8 8 9 10 -12 -13 -14 -15 16 -17 17 -19 -20 -21 21 -23 23 -25 25 -27 -28 -29 29 -31
leaf_value=0.0024580006481067355 0.048019819908465967 0.053663104283886015 -0.056892328635223283 0.037999198769198307 -0.044523958954065287 -0.054692259021927238 0.035658369585649032 -0.041128288414364278 0.056264521474217122 -0.02727092761931187 0.035096183784419498 -0.041868320096739096 -0.0272459828598073 0.051175066330968216 -0.036164581265770317 -0.055470411366037489 -0.04268537899534483 0.041541495930924786 0.07713689833490199 -0.037627015268803216 0.058123416108054063 -0.054461226797490971 0.065542308610237868 -0.025979079453249666 -0.030308100931956468 0.047218623651808386 0.029337332226989744 -0.016443489881348337 0.06550291830326023 -0.051680331160607385
leaf_weight=140.19734011590481 11.530931908637283 3.1447608768939963 2.3564770352095357 6.0900482535362235 5.2180899269878855 2.6857666447758666 10.562386758625506 16.163093995302916 8.1413668468594533 20.484141496941451 5.1423484720289698 1.6977810263633717 14.042166985571383 6.8116301074624053 1.4271811917424226 5.7087505348026744 4.8389607891440374 5.3871050700545311 8.0455824434757215 8.7047442197799665 9.7977879196405375 1.3725224919617183 8.6103083863854391 4.577152043581008 33.736873161047697 3.7000387012958518 18.484267864376307 38.909211531281471 11.005932360887526 3.0927970185875884
leaf_count=448 152 33 21 24 65 10 56 155 28 100 29 9 48 29 8 27 26 22 26 21 35 4 37 17 91 13 83 213 43 11
internal_value=0.00230011 0.00101471 0.000607905 0.000942769 0.000376521 0.000972195 0.0013549 0.000401611 -0.0127045 0.000249316 -0.014756 0.0393313 0.00246175 0.00378856 0.0027392 0.000890371 0.0297598 0.00168545 0.0600667 0.00203056 0.00329283 0.0442899 0.00154702 0.0337767 -0.000159055 -0.0226458 0.00381769 0.00137618 0.00586981 0.0397968
internal_weight=421.668 410.137 406.992 404.635 398.545 393.327 390.641 380.079 51.6287 35.4656 25.6265 9.83915 328.45 314.408 307.597 287.898 19.6988 10.2261 9.47276 282.189 273.484 11.1703 262.314 13.1875 249.126 37.4369 211.69 193.205 154.296 14.0987
internal_count=1884 1732 1699 1678 1654 1589 1579 1523 321 166 129 37 1202 1154 1125 1043 82 48 34 1016 995 39 956 54 902 104 798 715 502 54
is_linear=0
shrinkage=0.05


Tree=61
num_leaves=31
num_cat=0
split_feature=0 1 46 33 15 78 46 5 43 41 21 35 46 71 34 40 59 73 40 43 79 6 54 78 0 71 73 12 77 77
split_gain=9.39201 3.43794 3.32835 3.12601 3.29759 8.30023 6.80455 5.20899 5.05255 4.83619 5.47255 12.2811 4.64851 4.12538 5.47181 5.60481 4.44132 8.395 7.75806 6.95332 6.99178 6.90969 4.60968 8.31872 8.28713 4.92274 4.35722 5.72078 8.24246 7.28175
threshold=0.003249999950639904 0.0012500000302679839 0.46694999933242803 0.20244999974966052 0.01415000017732382 0.016879879869520668 0.0024500000290572648 0.020200000144541267 0.055900000035762794 0.0038499999791383748 0.047500001266598708 0.0012500000302679839 0.043549999594688422 0.014599999878555538 0.0013499999768100681 0.011799999978393318 0.0011500000255182388 1.0000000180025095e-35 0.0040500001050531873 0.0021499999566003685 0.72596189379692089 0.024449999444186691 0.0028499999316409235 0.0033956177067011599 0.0012500000302679839 0.0022500000195577745 0.0049499999731779107 0.0094499997794628161 0.11226893961429597 0.048259146511554725
decision_type=2 2 2 2 2 2 2 2 2 2 2 2 2 2 2 2 2 2 2 2 2 2 2 2 2 2 2 2 2 2
left_child=1 3 -3 4 6 8 7 13 9 10 -6 -12 -8 16 15 -15 18 21 22 20 -19 -18 23 25 -24 26 27 28 29 -1
right_child=-2 2 -4 -5 5 -7 12 -9 -10 -11 11 -13 -14 14 -16 -17 17 19 -20 -21 -22 -23 24 -25 -26 -27 -28 -29 -30 -31
leaf_value=0.0041335688921660067 0.04771550499402142 0.048503660512528322 -0.084296294680779024 0.061082753617696162 -0.023147950667888495 0.062872790771570333 0.053381645060096933 0.065042892535302863 0.0571705801876259 -0.041502850305100362 0.04199860188431459 -0.034487824647307284 -0.024900354860103061 -0.056331729734924521 0.07543666261006339 0.051524748317584745 0.055171269408233636 0.071888506125166299 -0.047423607360922361 0.04518943341444067 -0.024702122966572343 -0.030094136597048779 -0.039431603793772085 0.048718910898699674 0.042747047998227046 -0.040588644555875533 0.046519538304607214 -0.020973501575017539 0.07336582379187287 -0.050565883124671064
leaf_weight=167.08778801560402 11.036763705313204 5.7743114829063407 0.51379824429750431 2.1105392649769774 28.974695270881057 3.7381113246083251 10.028702907264231 3.1208236068487158 2.4273928850889197 14.733355285599826 12.587060745805504 9.0013140123337489 2.3386262580752364 8.6655942369252426 1.1141883730888356 1.3989579342305649 15.350081369280817 2.0753213465213838 8.8172562383115274 6.1087553575634947 19.266918886452913 2.811175048351287 15.475674560293557 9.2623947635292989 3.8262910693883887 7.1083441488444796 5.290578879415988 26.798395771533251 4.1594711840152732 6.3142146803438655
leaf_count=554 152 50 4 9 213 16 43 15 9 91 48 72 6 49 3 9 54 6 66 23 68 17 47 41 11 43 22 110 14 19
internal_value=0.00220537 0.000969068 0.0376526 0.000392381 7.04525e-05 -0.00965797 0.00220026 0.000767683 -0.0136614 -0.0162946 -0.00894925 0.0101074 0.0385787 0.000122552 -0.0297007 -0.0413398 0.00123476 0.0156009 -0.00134363 -0.00184659 -0.0153096 0.0419731 0.000312546 0.00231546 -0.0231411 0.000332578 0.00172004 0.000560246 0.00381022 0.00214176
internal_weight=417.317 406.28 6.28811 399.992 397.881 71.4619 326.42 314.052 67.7238 65.2964 50.5631 21.5884 12.3673 310.931 11.1787 10.0646 299.753 45.6123 254.14 27.451 21.3422 18.1613 245.323 226.021 19.302 216.759 209.65 204.36 177.561 173.402
internal_count=1884 1732 54 1678 1669 449 1220 1171 433 424 333 120 49 1156 61 58 1095 168 927 97 74 71 861 803 58 762 719 697 587 573
is_linear=0
shrinkage=0.05


Tree=62
num_leaves=31
num_cat=0
split_feature=0 63 25 20 13 74 46 2 14 29 10 9 17 13 71 3 42 52 15 7 9 61 2 11 49 54 78 30 36 43
split_gain=8.89745 3.23963 3.02149 3.01314 8.01267 6.65738 6.39524 6.21792 6.08704 5.59452 5.13415 6.28498 6.08936 5.06145 4.61442 4.82924 5.61657 6.24824 5.7117 5.19567 4.63698 4.57268 4.87935 6.21796 4.39818 4.29549 5.07684 5.26058 4.92859 5.08774
threshold=0.003249999950639904 0.0012500000302679839 0.41179999709129339 0.0018500000005587938 0.015649999491870407 0.0015499999863095584 0.0014499999815598132 0.035350000485777862 0.0085500003769993799 0.002650000038556755 0.0013499999768100681 0.0027499999850988392 0.0079499999992549437 0.0071499999612569818 0.10669999942183496 0.10514999926090242 1.0000000180025095e-35 0.0020500000100582842 0.010800000280141832 0.0056499999482184657 0.0063499999232590207 0.019749999977648262 0.0019500000635161998 0.0098500000312924402 0.01060000015422702 0.0040500001050531873 0.0098701622337102907 0.0089499996975064295 0.071750000119209303 0.0028499999316409235
decision_type=2 2 2 2 2 2 2 2 2 2 2 2 2 2 2 2 2 2 2 2 2 2 2 2 2 2 2 2 2 2
left_child=1 2 3 5 7 6 14 10 -9 -8 11 13 -13 -5 15 16 17 25 19 -19 -18 22 23 -7 -17 26 28 -28 29 -1
right_child=-2 -3 -4 4 -6 21 9 8 -10 -11 -12 12 -14 -15 -16 24 20 18 -20 -21 -22 -23 -24 -25 -26 -27 27 -29 -30 -31
leaf_value=-0.0011615332197796623 0.047408715013390307 0.053380741641362563 -0.044959196955285843 -0.038462662715003211 0.059699862932377307 -0.023830948057769429 0.070755788915949955 -0.049400127925648157 0.026641266934943914 0.0084588901927725984 0.065833760179047754 0.053012982519372698 -0.043075514252296804 0.077939069556406781 -0.053576036634219885 0.054255645005022328 -0.047986078830726836 0.043783054079267268 -0.060157587334885902 -0.045458884205824321 0.0273079692305923 0.063810320676233642 -0.035952027535524608 0.046150245596903859 -0.026092470364892786 -0.03018889656222546 0.064800678469212877 -0.039887402476981776 -0.051346844016995331 0.036287564930781648
leaf_weight=216.73867974244058 10.564730685204266 2.922091767191886 3.6155079118907443 7.6501618735492283 7.685743920505046 8.9766605850309116 6.0832228958606711 8.3787899203598482 3.8369291797280303 8.842318791896103 4.5997055023908606 8.1430738717317563 2.067410070449113 1.0637463629245756 3.9207248184829941 7.428622739389537 10.085000339895485 17.394469834864147 1.7018822319805611 1.7997066192328919 2.5648588351905337 1.5812302827835072 25.37452888302505 4.9104704167693844 2.209843073040247 11.866962259635327 5.5748860761523238 1.5291428938508032 4.6959704868495455 9.4655601084232313
leaf_count=830 152 33 23 38 30 57 28 26 17 45 18 39 12 3 31 29 62 65 6 4 15 6 155 23 7 36 24 8 21 41
internal_value=0.00211371 0.000925434 0.000542031 0.000957282 0.0133851 -0.000572681 0.00191297 0.00342528 -0.0255157 0.0338493 0.0184539 0.00693791 0.0335571 -0.024253 0.000307904 0.00102881 -0.00015485 0.00136653 0.0276315 0.0354154 -0.0327196 -0.0195547 -0.0229121 0.000914306 0.035834 -0.000829939 0.000633907 0.0422666 -0.000646991 0.000405532
internal_weight=413.273 402.708 399.786 396.17 43.4256 352.745 311.902 35.7398 12.2157 14.9255 23.5241 18.9244 10.2105 8.71391 296.976 293.056 283.417 270.767 20.8961 19.1942 12.6499 40.8429 39.2617 13.8871 9.63847 249.871 238.004 7.10403 230.9 226.204
internal_count=1884 1732 1699 1676 183 1493 1252 153 43 73 110 92 51 41 1179 1148 1112 1035 75 69 77 241 235 80 36 960 924 32 892 871
is_linear=0
shrinkage=0.05


Tree=63
num_leaves=31
num_cat=0
split_feature=0 38 1 11 28 73 54 35 30 56 68 8 45 51 19 37 3 40 12 6 56 33 8 12 77 9 33 21 6 4
split_gain=8.42688 3.23263 3.09901 3.68521 2.89137 3.56795 3.39113 4.89766 2.97817 4.70919 4.68315 3.58793 3.75475 5.7812 5.53926 5.47762 5.72372 4.50691 9.91603 6.68386 6.59289 5.60562 5.04452 5.33437 6.8719 6.29612 6.95731 11.428 6.4764 6.63665
threshold=0.003249999950639904 0.0015499999863095584 0.0014499999815598132 0.37785001099109655 0.051300000399351127 0.036050001159310348 0.10209999978542329 1.0000000180025095e-35 0.010250000283122064 0.0042499999981373557 0.00045000000682193791 0.41320000588893896 0.0063000000081956395 0.0014499999815598132 0.06840000301599504 0.0030500000575557355 0.036350000649690635 0.0011500000255182388 0.027050000615417961 0.014849999919533731 0.07674999907612802 0.012349999975413086 0.05034999921917916 0.0047500000800937423 0.2203619256615639 0.0030500000575557355 0.0010500000207684936 0.0014499999815598132 0.015549999661743643 0.0010500000207684936
decision_type=2 2 2 2 2 2 2 2 2 2 2 2 2 2 2 2 2 2 2 2 2 2 2 2 2 2 2 2 2 2
left_child=2 -2 4 -4 5 8 7 -6 10 -10 11 12 14 15 17 -14 -17 22 -19 21 -21 -20 23 24 25 26 -1 -28 29 -27
right_child=1 -3 3 -5 6 -7 -8 -9 9 -11 -12 -13 13 -15 -16 16 -18 18 19 20 -22 -23 -24 -25 -26 28 27 -29 -30 -31
leaf_value=-0.0018441771273279277 0.052044396720123343 -0.11447167054367649 0.051325356338733058 -0.097634646465415961 0.022848894577584065 0.04226463866183211 0.049212606646957605 -0.055877522363324383 -0.05462971546506952 0.014464305853702007 0.042412627567808538 0.05753238975856062 -0.055702222312402162 0.053881123996484918 0.052788715812554378 0.05978222761194301 -0.031756003967186801 -0.036148891628529772 0.018493317211256112 -0.031426344397673771 0.071965322753069466 0.11170739982747475 0.032021972914100166 -0.0098443062297003392 0.065545958143102226 -0.018492136577497664 0.10613144856337163 -0.00016512950472771207 -0.013701622691540611 0.059855481470863149
leaf_weight=160.55398523434997 9.813556414097544 0.30038454756140787 4.8946122825145713 0.45369112491607655 2.7085354402661306 5.1950386650860301 1.3733963519334782 7.3000479713082314 5.9802100360393506 4.1966553367674351 6.7930081225931636 2.7374698743224135 9.7940248809754902 2.2607476115226737 5.1441790126264086 2.6724563539028159 4.7305259257555008 23.569993166252971 4.6405467763543156 8.3125465270131809 1.8929786533117283 2.4720740914344788 13.949759665876625 78.383992861956358 4.6609640941023818 3.3631950020790162 4.0410751625895482 6.7556107640266418 6.6373720671981564 13.768305264413355
leaf_count=500 147 5 48 3 14 24 7 80 35 31 38 10 36 7 22 8 15 180 27 60 7 6 60 343 20 18 13 29 40 51
internal_value=0.00202646 0.0470989 0.000884637 0.0386892 0.000371318 0.00111028 -0.0244626 -0.0345725 0.000543648 -0.0261373 0.00128324 0.000507882 7.13576e-05 -0.0212869 0.00130036 -0.0311686 0.00128905 0.000504974 -0.0150426 0.013683 -0.0122487 0.050891 0.00268122 0.0012098 0.00554689 0.00411365 0.00076848 0.0396205 0.0282291 0.0444746
internal_weight=409.351 10.1139 399.237 5.3483 393.889 382.507 11.382 10.0086 377.312 10.1769 367.135 360.342 357.604 19.4578 338.147 17.197 7.40298 333.002 40.8881 17.3181 10.2055 7.11262 292.114 278.165 199.781 195.12 171.351 10.7967 23.7689 17.1315
internal_count=1884 152 1732 51 1681 1580 101 94 1556 66 1490 1452 1442 66 1376 59 23 1354 280 100 67 33 1074 1014 671 651 542 42 109 69
is_linear=0
shrinkage=0.05


Tree=64
num_leaves=31
num_cat=0
split_feature=0 63 38 25 15 68 30 35 37 32 10 48 16 7 77 15 4 19 2 54 6 33 40 23 2 76 17 30 14 79
split_gain=7.98404 2.94441 2.88242 2.81848 2.79634 3.82459 5.18375 3.98302 4.5711 3.60932 2.76609 4.75089 4.35526 5.38044 6.09597 11.628 8.80568 8.02591 10.4075 7.15623 7.53776 6.63197 7.16987 6.67535 7.29201 11.7755 6.74826 6.49118 8.94811 9.79721
threshold=0.003249999950639904 0.0012500000302679839 0.0015499999863095584 0.41179999709129339 0.53134998679161083 0.00045000000682193791 0.014050000347197058 0.00335000001359731 0.022099999710917476 0.0013499999768100681 0.0052499999292194852 0.00035000000207219278 0.0014499999815598132 0.0010500000207684936 0.0055973599664866933 0.0015499999863095584 0.002549999975599349 0.0030500000575557355 0.018350000493228439 0.0011500000255182388 0.18280000239610675 0.0082999998703598993 1.0000000180025095e-35 0.0020500000100582842 0.0035500000230968003 0.021205288358032707 0.0030500000575557355 0.0017499999958090486 0.0010500000207684936 0.95469340682029735
decision_type=2 2 2 2 2 2 2 2 2 2 2 2 2 2 2 2 2 2 2 2 2 2 2 2 2 2 2 2 2 2
left_child=1 3 -2 4 5 7 -7 9 -9 10 12 -12 13 14 17 16 -16 18 21 -17 -21 22 23 24 -1 26 -26 28 29 -27
right_child=2 -3 -4 -5 -6 6 -8 8 -10 -11 11 -13 -14 -15 15 19 -18 -19 -20 20 -22 -23 -24 -25 25 27 -28 -29 -30 -31
leaf_value=-0.0042437504348420514 0.051940968554738898 0.05310602494787911 -0.097602936830030226 -0.044348648447666832 -0.056115729379181849 0.057479458224871265 -0.029159014883860402 -0.044142095265322187 0.030232239388892287 0.063093351375102733 0.044345979047609778 -0.035764032013338089 -0.013181920889782584 -0.01572338146847975 0.011527734344944583 -0.0068919803493850962 0.052643598458445656 -0.027595883838637199 0.07242531666164434 0.061723024113963847 -0.016669654076834635 0.06172250035844136 -0.047641947681421055 -0.054613146980598548 0.070675012470190757 0.075498976588305178 0.23489099376180433 0.077477125931623481 0.045765826957814927 -0.045972137224717151
leaf_weight=66.032052472233772 9.353062648326155 2.676840115338563 0.33372313156724054 3.4739708099514237 2.139613725244998 6.3529217764735204 2.370771300047636 9.4150835759937745 2.6466800719499579 2.3538992851972571 8.1683604642748815 2.3928846325725308 51.708308693021536 35.649913355708122 27.519755367189646 61.82085651345551 24.71913605555892 25.542440999299288 5.2133311778306952 8.5237167477607709 4.7894125524908295 4.1982888095080844 8.0703048892319185 5.0377451889216891 2.01044595986605 2.0165587887167993 0.90822574496269215 3.508427493274211 7.5209832563996306 9.3869053162634355
leaf_count=228 147 33 5 23 20 36 11 116 11 11 34 11 145 105 96 322 83 132 18 35 39 21 75 15 12 6 3 14 31 46
internal_value=0.00194069 0.000844094 0.046789 0.000488567 0.000887942 0.00120239 0.0339344 0.000449278 -0.0278223 0.00137822 0.000979926 0.0261953 0.000228026 0.00252052 0.0049581 0.0128658 0.0309835 -0.00226493 0.00341546 0.000268901 0.0335212 0.000105386 -0.00237028 0.00141888 0.00450779 0.0273025 0.121775 0.015011 0.00343027 -0.0244915
internal_weight=405.855 396.168 9.68679 393.491 390.017 387.877 8.72369 379.154 12.0618 367.092 364.738 10.5612 354.177 302.469 266.819 127.373 52.2389 139.446 113.903 75.134 13.3131 108.69 104.492 96.4213 91.3836 25.3515 2.91867 22.4329 18.9244 11.4035
internal_count=1884 1732 152 1699 1676 1656 47 1609 127 1482 1471 45 1426 1281 1176 575 179 601 469 396 74 451 430 355 340 112 15 97 83 52
is_linear=0
shrinkage=0.05


Tree=65
num_leaves=31
num_cat=0
split_feature=0 63 7 74 20 60 21 61 21 5 78 60 15 46 48 13 20 44 36 8 12 14 21 13 60 77 76 3 17 13
split_gain=7.56388 2.79584 2.75998 2.73494 7.75946 5.50442 4.64824 4.39049 4.08829 5.80589 3.87619 3.72766 3.57542 7.19913 6.56436 6.39604 5.01866 4.53511 5.22487 5.23175 7.38028 6.94989 7.67683 7.65573 6.84111 8.68397 8.9243 12.9388 11.6112 9.8044
threshold=0.003249999950639904 0.0012500000302679839 0.014050000347197058 0.0015499999863095584 0.0018500000005587938 0.015300000086426737 0.13925000280141833 0.019749999977648262 0.0012500000302679839 0.0014499999815598132 0.0020985355367884044 0.083149999380111708 0.023349999450147155 0.0014499999815598132 0.0020500000100582842 0.011450000107288362 0.016700000502169136 0.042700000107288368 0.086449999362230315 0.0067499999422580012 0.0053499999921768912 0.0011500000255182388 0.0061500000301748523 0.011649999767541887 0.0011500000255182388 0.0022493499564006929 0.12097691372036935 0.0071499999612569818 0.0010500000207684936 0.0014499999815598132
decision_type=2 2 2 2 2 2 2 2 2 2 2 2 2 2 2 2 2 2 2 2 2 2 2 2 2 2 2 2 2 2
left_child=1 2 3 5 7 12 -6 8 9 -5 -7 -8 13 16 -14 -15 17 18 19 20 24 22 23 -21 25 -1 27 28 -27 -30
right_child=-2 -3 -4 4 6 10 11 -9 -10 -11 -12 -13 14 15 -16 -17 -18 -19 -20 21 -22 -23 -24 -25 -26 26 -28 -29 29 -31
leaf_value=-0.0033311632850453726 0.046477740647799602 0.052950355714162213 0.061300227798371056 -0.027720671855210949 0.054288029979539756 0.064115746361160839 -0.054110240138175725 0.062809143855401275 -0.030408176125186859 0.077028755792425324 -0.0077975762784361843 0.061794483483849444 -0.026488053079509539 0.068872424640056273 0.037006206659749373 -0.0079448501731496663 -0.039881408452750254 0.045953207319940986 -0.037855106385974654 -0.012445547623894576 -0.02212324607515705 0.028505727272780276 -0.055586964041767245 0.038465876105595403 -0.02341487270930516 0.069361429582553355 -0.0040889583761276223 0.079428127871057616 -0.046450068948206642 0.037703404964319669
leaf_weight=82.049100738018751 9.2780540324747545 2.5535858757793894 1.8553255796432484 3.1388879045844069 6.3814074210822564 5.8795300945639593 2.2859156206250195 1.5210688821971405 33.036142205819488 2.2864026725292206 2.7503533456474543 0.99594083428382862 24.449655091390017 7.4244238361716253 4.8837478850036851 4.2672373130917549 7.3819664604961863 5.7188275903463355 8.4022903405129892 18.6269710585475 37.306999683380127 37.766725258901715 5.6647311560809603 12.233774058520792 21.712902650237083 6.5994762890040901 19.520648766309023 12.204472262412308 8.1968838050961477 5.9906801134347907
leaf_count=281 152 33 13 20 29 24 13 6 211 8 12 5 180 30 21 16 20 21 32 91 184 175 25 42 62 26 67 44 19 22
internal_value=0.00185583 0.000802612 0.000461632 0.000171223 -0.0107892 0.00177621 0.0294193 -0.0205071 -0.0238021 0.0164243 0.0411969 -0.0189368 0.000746561 0.00237009 -0.0159168 0.0408356 0.000815976 0.00188134 0.000969065 0.00218685 -0.00214197 0.0134663 -0.00208417 0.00773669 0.00262812 0.00683044 0.0227077 0.038563 0.0145702 -0.0109164
internal_weight=402.364 393.086 390.532 388.677 49.6458 339.031 9.66326 39.9825 38.4614 5.42529 8.62988 3.28186 330.402 301.068 29.3334 11.6917 289.376 281.994 276.276 267.873 193.581 74.2922 36.5255 30.8607 156.274 134.561 52.5122 32.9915 20.787 14.1876
internal_count=1884 1732 1699 1686 292 1394 47 245 239 28 36 18 1358 1157 201 46 1111 1091 1070 1038 705 333 158 133 521 459 178 111 67 41
is_linear=0
shrinkage=0.05


Tree=66
num_leaves=31
num_cat=0
split_feature=0 54 1 11 4 77 35 6 49 32 4 44 4 4 7 7 4 6 14 14 19 2 53 16 22 70 15 45 44 15
split_gain=7.15904 2.72624 2.6715 3.40073 2.71955 4.94761 4.03458 3.93386 3.43452 3.42811 4.08632 6.26368 3.93043 3.74957 5.13999 4.28058 6.07284 6.58774 7.4208 5.07454 5.82632 10.0377 5.69613 4.63422 11.6674 4.89152 7.31648 4.893 5.87487 9.08491
threshold=0.003249999950639904 0.28309999406337744 0.0014499999815598132 0.37785001099109655 0.13990000635385516 0.0065953999292105445 0.0031500000040978198 0.0019500000635161998 0.018000000156462196 0.0013499999768100681 0.049799999222159393 0.0011500000255182388 0.045649999752640731 0.0388999991118908 0.0024500000290572648 1.0000000180025095e-35 0.019049999304115776 0.010350000113248827 1.0000000180025095e-35 0.0113500002771616 0.0027499999850988392 0.010049999691545965 0.0040500001050531873 0.0014499999815598132 0.0083499997854232805 0.0017499999958090486 0.0015499999863095584 0.0020500000100582842 0.002650000038556755 0.042900001630187042
decision_type=2 2 2 2 2 2 2 2 2 2 2 2 2 2 2 2 2 2 2 2 2 2 2 2 2 2 2 2 2 2
left_child=2 -2 4 -4 6 7 8 -6 9 10 12 -12 13 14 15 16 23 18 -18 20 21 -17 -22 25 -25 -1 -27 28 -28 -30
right_child=1 -3 3 -5 5 -7 -8 -9 -10 -11 11 -13 -14 -15 -16 19 17 -19 -20 -21 22 -23 -24 24 -26 26 27 -29 29 -31
leaf_value=-0.00067036071313387405 0.051774286911729618 -0.090349113007622356 0.050779270977497515 -0.092495629174259533 0.082849134197038321 0.061443434666216545 -0.023820960459179991 -0.05283071965571412 0.06207727499858734 0.062695145319372286 -0.043722360778149449 0.027076037183291608 0.067592973345417945 -0.038211139096557128 0.044293106011703817 -0.021337213072226083 -0.064141882520548629 0.0015174037063812806 0.086282169751908819 0.06360759433364091 -0.049321075459339697 0.091121343721587061 0.047277284211371021 -0.027974045537082156 0.071090304093079051 0.038871332755380322 -0.026532134127712499 -0.025536383955806215 0.057493623942682939 -0.027258581136796925
leaf_weight=193.67748848348856 8.5343788526952231 0.35131070390343744 4.447419147938489 0.45669226348400105 0.69867756962776129 4.7338806129992008 17.393428299576044 2.2697439230978489 2.2748692557215682 2.1980899646878234 11.633311761543153 4.2710609734058371 2.2160244137048712 6.0533941332250825 6.8709199614822856 7.9360130354762131 0.9396229311823826 7.9580794237554073 6.434317871928215 1.8179826661944378 16.015567306429151 2.6457206010818481 1.6868233382701863 27.879147032275799 3.3268747366964808 21.615264132618904 5.9685166627168682 11.139079393818973 10.546597283333538 4.5158853419125071
leaf_count=875 146 6 48 3 2 25 165 15 12 11 39 17 8 20 30 23 6 36 18 8 47 7 6 67 12 85 37 43 39 28
internal_value=0.00177847 0.0461552 0.000766415 0.0374369 0.000298963 0.0297104 -0.000301905 -0.0208957 0.000835619 0.000445753 6.04778e-05 -0.0247097 0.00122175 0.000785347 0.00149858 0.000591343 0.00243001 0.0330663 0.0671144 -0.0173666 -0.0225712 0.00678048 -0.0401164 0.000744441 -0.0174128 0.00303414 0.0163738 0.00125757 0.015449 0.0320841
internal_weight=398.506 8.88569 389.62 4.90411 384.716 7.7023 377.014 2.96842 359.621 357.346 355.148 15.9044 339.243 337.027 330.974 324.103 294.001 15.332 7.37394 30.1021 28.2841 10.5817 17.7024 278.669 31.206 247.463 53.7853 32.1701 21.031 15.0625
internal_count=1884 152 1732 51 1681 42 1639 17 1474 1462 1451 56 1395 1387 1367 1337 1246 60 24 91 83 30 53 1186 79 1107 232 147 104 67
is_linear=0
shrinkage=0.05


Tree=67
num_leaves=31
num_cat=0
split_feature=32 54 54 28 1 56 56 58 28 73 58 55 62 22 76 15 52 46 36 29 42 8 22 59 22 13 6 9 17 8
split_gain=5.57782 4.99484 4.33824 5.98063 5.8928 2.88527 4.03024 2.95248 3.963 4.18591 3.90577 4.24986 3.38499 3.67165 5.60581 4.19177 5.64023 5.38753 5.31513 6.16421 5.23544 5.44688 5.35472 7.71624 6.85 7.24495 6.78013 6.28958 5.57541 4.98938
threshold=0.0013499999768100681 0.20450000464916232 0.031350000761449344 0.078549999743700041 1.0000000180025095e-35 0.62514999508857738 0.41175000369548803 0.003249999950639904 0.020750000141561035 0.036050001159310348 0.016400000080466274 0.0011500000255182388 0.0064499999862164268 0.063499998301267638 0.76164582371711742 0.0010500000207684936 0.0022500000195577745 0.0010500000207684936 1.0000000180025095e-35 0.014599999878555538 0.0019500000635161998 0.035849999636411674 0.0013499999768100681 0.010149999987334015 0.007849999703466894 0.0090499999932944792 0.018849999643862251 0.0074499999172985562 0.0021499999566003685 0.0068500000052154073
decision_type=2 2 2 2 2 2 2 2 2 2 2 2 2 2 2 2 2 2 2 2 2 2 2 2 2 2 2 2 2 2
left_child=1 2 3 4 5 6 7 8 9 12 -9 -12 13 14 15 16 17 -1 19 20 21 22 23 27 26 -26 -24 -17 -28 -20
right_child=-2 -3 -4 -5 -6 -7 -8 10 -10 -11 11 -13 -14 -15 -16 18 -18 -19 29 -21 -22 -23 24 -25 25 -27 28 -29 -30 -31
leaf_value=-0.00058228700137024454 0.04868308513056635 -0.093800233626636378 0.043690323544451272 -0.054824399997307094 0.053213541470075357 -0.055008340999103657 0.08894148417214108 0.030596889848870636 -0.041727547842507588 0.062635686106580643 -0.045479785454079359 0.053308059461974144 -0.054642751391575567 0.034607973007619246 0.054176468735612576 -0.039798844653931222 0.030255189496022933 0.066883594780183839 -0.030836323634828307 0.066328658921304379 0.042033957956477151 0.092285421441130541 0.057449732375859132 0.090585007706887141 -0.054674670637633684 0.098700098361859015 0.066373546106165568 0.040071758853624295 -0.05456474292274132 -0.0054515170114173075
leaf_weight=165.98729346878827 6.2193258330225936 1.385825391858815 5.9411656111478797 4.800290521234273 5.3963392265141001 2.3192603178322306 1.2963252589106549 16.436396688222889 5.7332472372800103 2.6627749353647223 3.9484730176627627 1.5031594857573507 2.8415782526135436 7.5605345219373694 4.5988629758357993 21.82490165531636 17.741416297852993 3.0128191672265521 34.332192033529282 3.6593701113015404 6.2934539057314387 1.3535050749778736 8.4952600039541739 1.3833297379314888 5.346973303705453 0.89948380738496769 1.3618048094212998 2.7786458097398272 3.1745307482779026 44.378098111599684
leaf_count=537 76 7 36 57 67 11 5 89 63 11 24 10 20 31 22 134 81 15 170 16 33 5 41 5 35 3 11 19 18 232
internal_value=0.00170649 0.000954358 0.00129361 0.000632706 0.00134011 0.000585435 0.000935231 0.000624634 -0.000503804 0.000191971 0.0184328 -0.0182414 -0.000301387 0.000160682 -0.000636692 -0.00141949 0.0034359 0.000620449 -0.00812183 0.00356847 -0.000772005 -0.00655078 -0.00950616 -0.0243181 0.0104604 -0.0325889 0.0310953 -0.0307785 -0.0182592 -0.016524
internal_weight=394.667 388.447 387.061 381.12 376.32 370.924 368.604 367.308 345.42 339.687 21.888 5.45163 337.024 334.182 326.622 322.023 186.742 169 135.282 56.5713 52.9119 46.6184 45.2649 25.9869 19.2781 6.24646 13.0316 24.6035 4.53634 78.7103
internal_count=1884 1808 1801 1765 1708 1641 1630 1625 1502 1439 123 34 1428 1408 1377 1355 633 552 722 320 304 271 266 158 108 38 70 153 29 402
is_linear=0
shrinkage=0.05


Tree=68
num_leaves=31
num_cat=0
split_feature=0 54 47 76 47 19 40 55 45 2 25 8 2 46 31 41 41 13 15 42 53 47 47 47 19 42 6 13 41 41
split_gain=6.49042 3.75267 2.75877 3.99135 3.11272 5.66533 3.89915 5.23557 3.84355 5.2448 5.27996 6.17763 6.3608 5.0038 5.13507 5.40453 5.99693 5.1146 5.16254 4.87703 4.78343 7.88534 5.77178 5.79824 4.48561 6.49018 5.47285 4.36366 4.18297 4.69095
threshold=0.003249999950639904 0.44170001149177557 0.088500000536441817 0.62276223301887523 0.0087999999523162859 0.0017499999958090486 0.0011500000255182388 0.0029499999945983295 0.0063000000081956395 0.14469999819993976 0.070150002837181105 0.059500001370906837 0.067549999803304686 0.0015499999863095584 0.0051500000990927228 0.015850000083446506 0.013999999966472389 0.023249999620020393 0.19995000213384631 1.0000000180025095e-35 0.0014499999815598132 0.002650000038556755 0.0020500000100582842 1.0000000180025095e-35 0.017699999734759334 0.0015499999863095584 0.002549999975599349 0.038599999621510513 0.0081500001251697558 0.0055499998852610597
decision_type=2 2 2 2 2 2 2 2 2 2 2 2 2 2 2 2 2 2 2 2 2 2 2 2 2 2 2 2 2 2
left_child=2 -2 4 -4 8 -6 -7 -8 9 10 11 12 13 14 15 16 20 18 -15 -13 21 22 23 28 -14 26 -26 -19 29 -1
right_child=1 -3 3 -5 5 6 7 -9 -10 -11 -12 19 24 17 -16 -17 -18 27 -20 -21 -22 -23 -24 -25 25 -27 -28 -29 -30 -31
leaf_value=0.00066153555906923924 0.05162993731694468 -0.14273008750626034 -0.065920466577293044 0.058242425262639612 -0.043043119739648812 0.060783196216177796 -0.039681195722381817 0.048280186793255027 -0.019560092813223823 0.041474891446466627 -0.028680925095635107 0.047676476645519328 -0.045440834551017634 0.037285380826237467 0.060459554075640999 -0.045149180281546165 0.082120003703082964 -0.03329473556754222 -0.059322087487582414 -0.035283505440206531 0.040534951005229997 -0.052120556006702845 0.087362525042651767 -0.057585295869937062 -0.052944784675304994 -0.048545460086670045 0.051534235524221143 0.059890121277017733 -0.036472006960019468 0.048026606159602934
leaf_weight=200.09253094531596 7.9700382910668832 0.25633910670876492 3.1807198226451869 0.81261898577213276 2.7790226936340359 7.1935986690223199 3.1203751005232334 3.6947790086269379 23.158963691443205 8.0087749827653152 14.783076543360947 11.486306767910717 12.261850357055666 23.858517924323682 3.4711954444646826 6.6768073085695496 2.2274785302579394 6.2509726807475081 1.467957206070422 2.0946327224373809 6.9543098360300055 7.45893770456314 1.8811021447181691 4.3737654685974112 1.6236396916210631 4.5881793070584536 5.4969389587640762 1.5723240338265894 7.3569567501544944 5.3676073402166358
leaf_count=828 148 4 26 4 19 32 23 13 96 36 134 52 38 120 13 23 7 25 16 14 24 35 9 28 6 19 20 9 38 25
internal_value=0.00163045 0.0455736 0.000687327 -0.0406541 0.00112258 0.0221707 0.0351076 0.00800633 0.00014785 0.0014928 0.000526417 0.00189037 0.000411568 0.00253505 7.63452e-05 -0.000788387 0.000468179 0.0207704 0.0316859 0.0348813 -0.00031079 -0.00156472 0.0001566 -0.000598696 -0.024305 -0.00217085 0.0277109 -0.0145665 0.000572479 0.00189894
internal_weight=391.52 8.22638 383.294 3.99334 379.301 16.7878 14.0088 6.81515 362.513 339.354 331.345 316.562 302.981 279.01 245.861 242.389 235.713 33.1498 25.3265 13.5809 233.485 226.531 219.072 217.191 23.9706 11.7088 7.12058 7.8233 212.817 205.46
internal_count=1884 152 1732 30 1702 87 68 36 1615 1519 1483 1349 1283 1200 1030 1017 994 170 136 66 987 963 928 919 83 45 26 34 891 853
is_linear=0
shrinkage=0.05


Tree=69
num_leaves=31
num_cat=0
split_feature=32 54 54 28 1 18 39 77 16 20 13 29 21 2 15 43 33 12 59 59 40 78 5 71 7 20 52 25 26 4
split_gain=5.18654 4.66747 3.88157 5.48714 5.45356 3.34147 6.87636 4.41119 3.18891 3.64282 6.27566 5.91377 5.53147 6.02382 5.09195 4.45799 4.13193 4.7853 4.88595 4.52355 5.70749 5.85528 5.21671 4.23064 5.95817 6.6482 5.15006 5.05195 5.89415 5.60136
threshold=0.0013499999768100681 0.20450000464916232 0.031350000761449344 0.078549999743700041 1.0000000180025095e-35 0.0013499999768100681 0.0018500000005587938 0.014802206307649614 0.0067499999422580012 0.0020500000100582842 0.015649999491870407 0.0057500000111758718 0.0013499999768100681 0.0011500000255182388 0.0073500000871717939 1.0000000180025095e-35 0.092549998313188567 0.25239999592304235 0.018250000663101677 0.0013499999768100681 0.0040500001050531873 0.0098701622337102907 0.0069500000681728133 0.0014499999815598132 1.0000000180025095e-35 0.0012500000302679839 0.0030500000575557355 0.01060000015422702 0.016150000505149368 0.019049999304115776
decision_type=2 2 2 2 2 2 2 2 2 2 2 2 2 2 2 2 2 2 2 2 2 2 2 2 2 2 2 2 2 2
left_child=1 2 3 4 5 8 -7 -8 9 16 11 12 13 -11 -14 -16 17 18 19 20 21 23 -23 24 25 26 27 28 29 -1
right_child=-2 -3 -4 -5 -6 6 7 -9 -10 10 -12 -13 14 -15 15 -17 -18 -19 -20 -21 -22 22 -24 -25 -26 -27 -28 -29 -30 -31
leaf_value=-0.0030318541712495931 0.048218858774978744 -0.09282069008586942 0.041874547691278637 -0.05395289686250259 0.052979397566814357 0.055283745133041962 -0.038714856293292681 0.028001650636527538 -0.031798960796007351 0.054066321088419272 0.06793440768513942 -0.054034834430777758 0.070946622246621682 -0.056820361663816925 -0.010151551363151422 0.058576760287904997 0.058230388713197113 -0.053237084018096216 -0.038588591789974355 0.015416729584590828 -0.038866965020256078 0.063301233026224257 -0.044960314418510651 -0.024079338797002341 -0.019960185550987882 0.064798418424020565 0.036487223055092048 -0.035196609742741337 0.049862949091232608 0.032374779694015636
leaf_weight=139.30518436431885 5.8655203804373732 1.3254827838391054 5.7677467763423911 4.5629639392718664 5.0189797878265372 8.2086689583957213 5.1430950835347158 4.7805006131529808 7.9957327768206587 1.7173037938773728 4.9811508469283572 3.4757044129073611 5.3885690979659584 4.270319290459156 7.472518038004635 3.4481908455491066 2.8697621300816527 4.4981920551508656 8.528710685670374 40.047661555930972 10.440154351294039 5.9306762069463721 1.3697161823511121 20.676647778600454 32.949109986424446 4.2703555151820174 10.018683437258003 9.8289206940680725 6.1186325401067725 12.144063640385864
leaf_count=490 76 7 36 57 67 66 15 26 32 8 22 15 18 12 49 12 13 21 45 199 95 30 7 154 104 14 43 89 23 39
internal_value=0.00155814 0.000842713 0.00116837 0.000543049 0.00121349 0.00050338 0.0214289 -0.00657547 -0.000587722 0.000146808 0.0165579 0.00662816 0.0160845 -0.0250171 0.0311741 0.0115493 -0.00148655 -0.00204636 -0.00128295 -0.000197422 -0.00266849 -0.00111079 0.042989 -0.00247896 -0.000398106 0.00314952 0.00166564 -0.000418426 0.001751 -0.000192749
internal_weight=388.419 382.553 381.228 375.46 370.897 365.878 18.1323 9.9236 347.746 339.75 30.7538 25.7726 22.2969 5.98762 16.3093 10.9207 308.996 306.127 301.629 293.1 253.052 242.612 7.30039 235.312 214.635 181.686 177.415 167.397 157.568 151.449
internal_count=1884 1808 1801 1765 1708 1641 107 41 1534 1502 136 114 99 20 79 61 1366 1353 1332 1287 1088 993 37 956 802 698 684 641 552 529
is_linear=0
shrinkage=0.05


Tree=70
num_leaves=31
num_cat=0
split_feature=0 24 47 77 47 19 40 55 45 8 33 78 39 40 33 26 12 13 77 29 27 37 79 11 36 3 47 13 25 77
split_gain=5.87106 3.51432 2.56198 3.73305 2.87546 5.21003 3.49832 4.84819 3.46755 4.34396 3.7992 5.64274 4.17806 3.39048 4.67076 5.00723 3.8214 4.67524 4.04573 3.21872 3.5583 4.23362 3.104 3.91957 6.31876 5.75908 5.57632 8.15222 6.31476 8.09425
threshold=0.003249999950639904 0.0071000000461936006 0.088500000536441817 0.073779184371233 0.0087999999523162859 0.0017499999958090486 0.0011500000255182388 0.0029499999945983295 0.0063000000081956395 0.059500001370906837 0.0017499999958090486 0.00089978499454446148 0.00335000001359731 0.0043500000610947618 0.055700000375509269 0.06115000136196614 0.33520001173019415 0.015649999491870407 0.56411194801330578 0.0077499998733401307 0.013900000136345627 0.002549999975599349 0.083718981593847289 0.0048500001430511483 0.0096500003710389155 0.0022500000195577745 0.0029499999945983295 0.0015499999863095584 0.0010500000207684936 0.0042958101257681855
decision_type=2 2 2 2 2 2 2 2 2 2 2 2 2 2 2 2 2 2 2 2 2 2 2 2 2 2 2 2 2 2
left_child=2 -2 4 -4 8 -6 -7 -8 9 13 11 -11 -13 16 15 -15 18 -18 22 20 21 -10 -1 24 26 -25 27 -24 -29 -30
right_child=1 -3 3 -5 5 6 7 -9 19 10 -12 12 -14 14 -16 -17 17 -19 -20 -21 -22 -23 23 25 -26 -27 -28 28 29 -31
leaf_value=-0.024601784949157299 0.051502067215734061 -0.13185461017780212 -0.065044482342199145 0.057779094654800134 -0.041975028300481859 0.058098648321196045 -0.038864216399815771 0.046871915106808631 -0.025773791127890074 -0.0586994652074199 0.056720745480910155 0.048386333580015865 -0.060135678322424252 -0.051798939275449013 0.064442043458495191 0.036208243863682155 -0.042437806430614101 0.067195313440472762 0.042738749158676634 -0.033954671840502312 -0.074809064607034889 0.0488772895468714 0.0044403249103896862 -0.05698723950710724 -0.062179797565399264 -0.00028693039585972647 -0.041659408452995018 0.049824631661809907 -0.059219935540104934 0.052346658840012245
leaf_weight=11.102901395410298 7.3395418263971797 0.27097726613283146 3.0468596462160344 0.7762579172849654 2.708881642669442 7.1650152467191202 3.0338013283908367 3.6120868325233459 3.3154747672379035 2.4312042929232103 6.4144563376903525 5.4197977110743523 1.0604408271610735 9.0672410158440453 1.2898658253252495 1.9668016135692585 8.4982672706246358 1.0980863720178593 6.0194610916078082 13.793912788853048 1.2218016367405651 4.4462024047970772 50.820226158946753 4.5880616791546336 2.8439187407493582 187.36107969935983 4.3329390436410895 22.956248909235004 3.4046608097851268 3.1114536374807358
leaf_count=18 148 4 26 4 19 32 23 13 21 17 23 27 9 104 6 10 34 4 39 48 8 19 227 15 16 811 17 109 16 17
internal_value=0.00149448 0.0449735 0.000616546 -0.040106 0.00103384 0.0214271 0.0338629 0.00773397 8.90145e-05 0.00137705 0.0273782 0.00625751 0.0306275 0.000125751 -0.0255875 -0.0361118 0.00116087 -0.0298928 0.00216579 -0.0187863 0.00450428 0.0169894 0.00132514 0.00235537 0.0111279 -0.00164221 0.0135915 0.0165731 0.037494 -0.00594673
internal_weight=384.518 7.61052 376.907 3.82312 373.084 16.5198 13.8109 6.64589 356.565 333.787 15.3259 8.91144 6.48024 318.461 12.3239 11.034 306.137 9.59635 296.541 22.7774 8.98348 7.76168 290.521 279.419 87.4694 191.949 84.6255 80.2926 29.4724 6.51611
internal_count=1884 152 1732 30 1702 87 68 36 1615 1519 76 53 36 1443 120 114 1323 38 1285 96 48 40 1246 1228 402 826 386 369 142 33
is_linear=0
shrinkage=0.05


Tree=71
num_leaves=31
num_cat=0
split_feature=0 38 25 79 2 17 4 15 3 3 27 6 9 5 13 13 13 4 3 26 11 33 17 22 5 3 13 13 4 2
split_gain=5.55682 3.96881 2.39108 2.3943 4.87128 6.9768 8.30997 8.29587 6.48792 6.26842 5.92916 5.44626 5.02869 6.08193 3.93329 5.44566 9.05453 4.40755 4.18584 7.30783 3.77945 7.40346 10.0911 6.43739 5.58837 5.3506 7.11623 3.87537 6.24128 6.01977
threshold=0.003249999950639904 0.0035999999381601815 0.41179999709129339 1.0000000180025095e-35 1.0000000180025095e-35 0.0010500000207684936 0.002549999975599349 1.0000000180025095e-35 0.019999999552965168 0.0018500000005587938 0.015949999913573269 1.0000000180025095e-35 0.002650000038556755 0.0011500000255182388 0.0010500000207684936 0.0024500000290572648 0.0017499999958090486 1.0000000180025095e-35 0.0011500000255182388 0.0021499999566003685 0.0044499998912215242 0.0014499999815598132 0.0030500000575557355 0.0038499999791383748 0.0015499999863095584 0.0050500000361353168 0.0010500000207684936 0.0052499999292194852 0.062500000000000014 0.0054500000551342973
decision_type=2 2 2 2 2 2 2 2 2 2 2 2 2 2 2 2 2 2 2 2 2 2 2 2 2 2 2 2 2 2
left_child=2 -2 3 -1 5 7 8 -5 -7 12 -9 -8 14 -14 -6 16 -16 -18 19 -17 21 22 23 24 -11 -24 -27 29 -29 -22
right_child=1 -3 -4 4 9 6 11 10 -10 20 -12 -13 13 -15 15 18 17 -19 -20 -21 27 -23 25 -25 -26 26 -28 28 -30 -31
leaf_value=-0.025009068154359618 0.051432418242682534 -0.15559782206803585 -0.043799412293693198 0.056845966597057686 -0.055376495719220035 -0.04684466166532171 0.05601586966735881 -0.037091180036401092 0.04369068277786322 -0.041860938374398818 0.055848957311612817 -0.023878692688715786 -0.060697627274146175 0.072549669738736652 -0.03186571758632091 -0.043136049785778369 0.0080826984982815941 0.13130454323966856 -0.059827851208372911 0.05812646085776671 0.0094042776285951091 0.075964807604930948 0.07259846904849214 0.082651799705757034 0.058091377722723395 -0.053297307493378722 0.047343248993030634 0.0025248110058119274 0.056531709104077704 -0.017817904170244918
leaf_weight=8.6794849149882776 7.0570387914776793 0.23934147134423245 3.0101651642471543 15.658052626997234 8.9791717231273669 10.378784390166404 6.8855122327804548 5.1941618956625453 2.4449987486004821 12.203231858089568 2.5626922510564327 3.0904586538672447 1.2331683412194241 2.8027586862444878 3.6588590443134335 5.0184590294957143 1.1705380082130434 1.9096442759037016 7.3366990201175213 2.7624148726463318 30.777530297636986 4.669076044112443 6.3748077154159528 1.3856233693659294 1.5794184580445279 2.7747983112931252 4.7862215749919415 151.99211055599153 5.5446773767471305 59.702758422121406
leaf_count=15 149 3 23 56 35 41 29 50 19 66 19 18 11 11 16 24 9 6 39 11 173 20 22 5 5 13 22 649 29 296
internal_value=0.0014257 0.0446413 0.000583884 0.000943455 0.0015642 0.0167284 -0.00295903 0.0358986 -0.0295831 -0.000648912 -0.00638582 0.0312653 -0.0206465 0.0318363 -0.0275157 -0.0160698 0.0213107 0.0844775 -0.0327332 -0.0071852 0.0018258 0.0175177 0.00814124 -0.020079 -0.0304069 0.0388572 0.0104094 -0.000311011 0.00442564 -0.00855808
internal_weight=381.863 7.29638 374.566 371.556 362.877 46.2147 22.7998 23.4149 12.8238 316.662 7.75685 9.97597 34.8717 4.03593 30.8358 21.8566 6.73904 3.08018 15.1176 7.78087 281.79 33.7732 29.1041 15.1683 13.7827 13.9358 7.56102 248.017 157.537 90.4803
internal_count=1884 152 1732 1709 1694 232 107 125 60 1462 69 47 162 22 140 105 31 15 74 35 1300 153 133 76 71 57 35 1147 678 469
is_linear=0
shrinkage=0.05


Tree=72
num_leaves=31
num_cat=0
split_feature=0 38 47 76 32 47 19 79 53 2 76 45 2 25 8 2 44 30 79 9 15 5 26 2 19 2 30 12 68 42
split_gain=5.25954 4.57023 2.42329 3.51083 2.78977 2.60274 4.61945 3.07251 6.00017 3.08608 3.59642 3.01582 4.54614 4.52261 5.23402 5.54462 5.20441 5.55014 7.59698 5.66031 5.02855 4.89325 5.03816 4.44938 4.39822 4.3935 5.45491 4.35464 4.31577 4.15023
threshold=0.003249999950639904 0.0042000000830739745 0.088500000536441817 0.62276223301887523 0.0013499999768100681 0.0087999999523162859 0.0017499999958090486 0.97344774007797252 0.0044499998912215242 0.017749999649822715 0.24368815869092944 0.0063000000081956395 0.14469999819993976 0.070150002837181105 0.059500001370906837 0.067549999803304686 0.0046500000171363362 0.0010500000207684936 0.99895533919334423 0.0061500000301748523 0.044350000098347671 0.0016499999910593035 0.0065500000491738328 0.0017499999958090486 0.0086500002071261423 0.0041499999351799497 0.0017499999958090486 0.0016499999910593035 1.0000000180025095e-35 1.0000000180025095e-35
decision_type=2 2 2 2 2 2 2 2 2 2 2 2 2 2 2 2 2 2 2 2 2 2 2 2 2 2 2 2 2 2
left_child=2 -2 4 -4 5 11 -7 8 -8 -9 -11 12 13 14 15 16 17 19 28 -1 21 -18 -23 -21 -14 -20 -27 -22 -19 -16
right_child=1 -3 3 -5 -6 6 7 9 -10 10 -12 -13 24 -15 29 -17 20 18 25 23 27 22 -24 -25 -26 26 -28 -29 -30 -31
leaf_value=0.00043330501345556927 0.051367143034611207 -0.18716164691284054 -0.06436496669969026 0.057332828432367547 0.053261084696423759 -0.040554008391347839 -0.041432114773578964 0.082953138970895429 0.050507081189821224 -0.06039548805864068 0.064315858652107885 -0.018135816092858012 -0.051413097675925917 -0.027663420515331705 0.04390253121738965 -0.023818863201780158 0.047728778849825855 -0.040910231949772197 -0.030427539881060124 -0.023244496038137691 0.066237559955952804 -0.044379311069685741 0.045894623588123448 0.060086493405255431 0.0560866802586946 -0.059586125954479485 0.072786088793018122 -0.01676226667882607 0.026741792567318685 -0.034100807970476613
leaf_weight=191.98122185841203 6.7889744453132144 0.20693641901016224 2.9381001815199848 0.74237094819545735 2.5317653641104689 2.6292640157043961 3.2170932292938215 4.1130305156111717 3.9578067734837532 1.0059293024241927 1.3592197522521017 22.234329091385007 1.1224018782377232 14.122845539823173 11.215500887483357 22.749159976840019 16.748770944774154 22.01276167109609 2.601915329694747 2.0805834643542749 1.8374622389674176 3.4639130979776374 2.7907835878431797 6.9619966968894005 6.24837776273489 0.94903072714805592 4.3255485836416483 11.291147580370305 2.6401630304753771 2.0110017806291571
leaf_count=723 150 2 26 4 15 19 24 14 17 8 5 96 4 134 52 83 83 180 26 12 7 13 16 24 30 10 18 59 16 14
internal_value=0.00136039 0.0443116 0.000552388 -0.0398179 0.00095592 0.000593779 0.0201343 0.0318215 0.00928324 0.0567836 0.0112745 -0.000316855 0.000894171 -6.64796e-07 0.00127747 -0.000114003 0.00188561 -0.000846391 -0.0200072 0.00225419 0.0195449 0.0336364 -0.00409998 0.0409131 0.0397169 0.0227412 0.048969 -0.00514572 -0.0336652 0.0320426
internal_weight=378.879 6.99591 371.883 3.68047 368.203 365.671 16.2823 13.6531 7.1749 6.47818 2.36515 349.389 327.155 319.784 305.661 292.434 269.685 233.553 32.5294 201.024 36.1321 23.0035 6.2547 9.04258 7.37078 7.87649 5.27458 13.1286 24.6529 13.2265
internal_count=1884 152 1732 30 1702 1687 87 68 41 27 13 1600 1504 1470 1336 1270 1187 1009 250 759 178 112 29 36 34 54 28 66 196 66
is_linear=0
shrinkage=0.05


Tree=73
num_leaves=31
num_cat=0
split_feature=0 54 39 18 19 11 26 79 77 78 19 2 78 17 49 9 4 50 29 66 29 8 77 14 4 17 70 5 55 69
split_gain=4.97825 3.83883 2.3411 7.06935 4.06303 6.17485 5.84413 5.63579 4.00759 4.00118 4.07232 4.85417 4.51117 4.63153 3.83217 3.65915 3.96156 3.97985 4.52819 3.61064 3.58007 3.45332 3.89372 3.64659 3.39758 3.99266 4.31973 3.99037 5.17328 4.49759
threshold=0.003249999950639904 0.5243000090122224 0.0017499999958090486 0.0013499999768100681 0.0023500000825151805 0.0056499999482184657 0.0034500000765547161 0.96545338630676281 0.026973132044076923 0.0083297132514417189 0.041550001129508025 0.022650000639259819 0.0011997050605714323 0.025950000621378425 0.0017499999958090486 0.0012500000302679839 0.0019500000635161998 0.0024500000290572648 0.016350000165402893 0.0077999997884035119 0.036300001665949828 0.059500001370906837 0.24006208032369616 0.0027499999850988392 0.037900000810623176 0.065699998289346709 0.0064499999862164268 0.0088499998673796671 0.0053499999921768912 0.0011500000255182388
decision_type=2 2 2 2 2 2 2 2 2 2 2 2 2 2 2 2 2 2 2 2 2 2 2 2 2 2 2 2 2 2
left_child=2 -2 3 9 5 -4 -6 8 -8 10 12 -12 24 21 -7 -10 19 -18 -19 -17 -15 22 -14 -23 27 26 -26 28 29 -1
right_child=1 -3 4 -5 6 14 7 -9 15 -11 11 -13 13 20 -16 16 17 18 -20 -21 -22 23 -24 -25 25 -27 -28 -29 -30 -31
leaf_value=0.0014100028593462578 0.051298863811912433 -0.15179963446261058 -0.037277608133807101 0.054702630003424881 -0.039350456969924494 0.079677796819952434 -0.048000393882724285 0.074007832331094578 0.066434505676099195 0.041683600242151952 -0.061738996703207961 0.05202102133971577 -0.048929676801371502 0.057665369669087509 -0.020465823292769563 -0.056606838867829572 -0.043137132899979287 0.034697509760001383 -0.033860358535874178 0.018119638763338556 -0.036915374213701439 0.045128375277755289 0.042915017343842211 -0.065159706079434596 -0.029168817133670966 0.056844101521256921 0.06843347577762611 -0.026001142783424386 0.074120763588491137 0.026048183340468198
leaf_weight=210.84910116717219 6.4662507586181155 0.2413455843925475 2.6834163460880509 6.292159389704465 15.619135484099386 4.0212292019277811 5.1999161913990966 2.2518209107220164 1.9218801259994531 5.9724037647247306 1.0907263439148653 6.6848948374390602 14.744933083653455 2.8867214471101752 1.2529530525207517 5.5138368289917734 3.0835227407515076 10.937724152579902 3.0886446982622138 2.2869757572188973 1.5312363822013138 2.5319252535700794 1.2519582994282235 1.0646532699465749 19.398978890851147 1.6733450442552555 1.204003483057021 11.341652391478418 2.6282535791397086 20.306533844210207
leaf_count=951 150 2 16 35 103 15 34 9 7 37 10 29 72 14 6 35 17 48 17 10 7 12 13 7 81 7 4 23 13 100
internal_value=0.00130213 0.0439912 0.000526802 0.00224265 -0.00870922 0.0244708 -0.0140001 -0.00245107 -0.00782598 0.00116097 0.000352057 0.0360633 -0.000600807 -0.0213611 0.0558873 -4.05365e-05 -0.00516914 0.00829432 0.0196009 -0.0346992 0.0248843 -0.0317885 -0.0417417 0.0124811 0.00126337 -0.0174325 -0.0234651 0.00296239 0.00436751 0.00357441
internal_weight=376.022 6.7076 369.315 311.453 57.8611 7.9576 49.9035 34.2843 32.0325 305.161 299.189 7.77562 291.413 24.0114 5.27418 26.8326 24.9107 17.1099 14.0264 7.80081 4.41796 19.5935 15.9969 3.59658 267.402 22.2763 20.603 245.126 233.784 231.156
internal_count=1884 152 1732 1415 317 37 280 177 168 1380 1343 39 1304 125 21 134 127 82 65 45 21 104 85 19 1179 92 85 1087 1064 1051
is_linear=0
shrinkage=0.05


Tree=74
num_leaves=31
num_cat=0
split_feature=0 38 47 76 32 28 1 16 34 22 41 2 14 30 50 14 8 48 62 62 11 17 30 4 76 77 79 70 2 33
split_gain=4.71115 3.32874 2.2268 3.21254 2.59973 2.42735 3.6713 3.13367 4.14553 2.68071 3.58921 2.95173 3.84745 2.69628 5.5349 4.44044 4.32288 3.0961 2.93387 7.28098 8.48784 5.36593 6.19637 4.59987 7.82799 4.31632 8.39033 7.53774 7.13391 10.8783
threshold=0.003249999950639904 0.0042000000830739745 0.088500000536441817 0.62276223301887523 0.0013499999768100681 0.051300000399351127 1.0000000180025095e-35 0.0037500000325962905 0.0013499999768100681 0.063499998301267638 0.0021499999566003685 0.054749999195337302 0.01925000082701445 0.0042499999981373557 0.074499998241662993 0.015149999875575306 0.0031500000040978198 0.010650000069290401 0.0012500000302679839 0.0010500000207684936 0.043800000101327903 0.0028499999316409235 0.0010500000207684936 0.013150000013411047 0.089937657117843642 0.0020494500640779738 0.99895533919334423 0.0010500000207684936 0.0010500000207684936 0.0010500000207684936
decision_type=2 2 2 2 2 2 2 2 2 2 2 2 2 2 2 2 2 2 2 2 2 2 2 2 2 2 2 2 2 2
left_child=2 -2 4 -4 5 6 9 -7 -9 13 -11 -12 -13 17 15 -15 -17 18 19 25 -21 22 -20 -23 -25 26 -1 28 -28 -30
right_child=1 -3 3 -5 -6 7 -8 8 -10 10 11 12 -14 14 -16 16 -18 -19 21 20 -22 23 -24 24 -26 -27 27 -29 29 -31
leaf_value=-0.029258103108394717 0.051234071630723382 -0.12743714693585753 -0.063221263162400385 0.056789239868926193 0.052385517674088437 -0.041174796892504764 0.052752530288468526 -0.054917493235668052 0.06338342890868566 0.067666885339324509 -0.026261234294530034 0.063430540150539991 -0.046358455198788527 -0.037695305390251149 0.073712919005433933 -0.052051003242252307 0.062731669017590572 0.062746731825576801 0.091484000842070798 0.097982576139264879 -0.036158121938941461 -0.047375267501141793 -0.056183362913503912 0.11806133408760085 -0.016988374382604907 0.0051426211132548239 0.026413855834141367 0.075089174605488487 -0.023869522174683435 0.051053229653366596
leaf_weight=30.820683550089598 6.1584703996777526 0.27220409363508213 2.7921516783535476 0.69679556787013996 2.4338457658886901 7.3055142918601614 3.4255954623222342 1.1929995529353621 1.9525269418954847 3.3981837145984155 3.7083711940795183 3.0892243236303329 1.0759050510823724 14.762375218793755 1.5228433609008778 1.2409283816814416 2.4198320955038071 2.0208410397171965 2.2035049237310917 3.9802881292998782 1.6757766008377073 11.086112840101125 1.048417169600725 1.2187487185001362 8.9729796499013883 193.79064890183508 16.200016366317868 3.4110536016523829 33.504105197265744 5.6637725047767153
leaf_count=114 150 2 26 4 15 88 48 10 9 13 24 13 5 121 4 8 9 10 11 16 9 58 13 3 33 814 75 11 144 24
internal_value=0.00124538 0.0436711 0.000501204 -0.0392533 0.00088317 0.000535646 0.00124419 -0.0232093 0.0185156 0.000735424 0.0247196 0.00618371 0.0350707 -7.02628e-05 -0.0178989 -0.0254714 0.0238225 0.00105652 0.000658957 0.00206786 0.0582394 -0.0159429 0.0438762 -0.0250851 -0.000838841 0.000946758 -0.00812827 0.00295114 -0.00149307 -0.0130355
internal_weight=373.045 6.43067 366.614 3.48895 363.125 360.691 350.24 10.451 3.14553 346.815 11.2717 7.8735 4.16513 335.543 19.946 18.4231 3.66076 315.597 313.576 289.046 5.65606 24.5298 3.25192 21.2778 10.1917 283.39 89.5996 58.7789 55.3679 39.1679
internal_count=1884 152 1732 30 1702 1687 1580 107 19 1532 55 42 18 1477 142 138 17 1335 1325 1207 25 118 24 94 36 1182 368 254 243 168
is_linear=0
shrinkage=0.05


Tree=75
num_leaves=31
num_cat=0
split_feature=0 38 15 51 27 44 40 33 71 36 55 66 15 0 23 16 6 65 6 3 34 71 76 43 76 70 8 2 25 3
split_gain=4.45776 2.94877 2.2844 2.44479 3.06041 2.59743 5.98664 5.93037 5.79846 5.62467 5.6043 5.4 4.93295 4.75998 4.70841 5.40773 7.32389 4.53928 4.34216 4.56808 4.32348 3.93548 3.83024 7.05202 4.89362 4.30039 4.9532 4.19051 3.94828 3.89717
threshold=0.003249999950639904 0.0042000000830739745 0.53134998679161083 0.0018500000005587938 0.0559499990195036 0.0047500000800937423 0.0011500000255182388 0.0031500000040978198 0.011049999855458738 1.0000000180025095e-35 0.0029499999945983295 0.0031500000040978198 0.01415000017732382 0.0014499999815598132 0.0015499999863095584 0.0016499999910593035 0.0095500000752508658 0.0027499999850988392 0.0040500001050531873 0.0044499998912215242 0.0014499999815598132 0.0020500000100582842 0.29971051216125494 0.0047500000800937423 0.42160615324974066 0.0022500000195577745 0.0020500000100582842 0.0113500002771616 0.070150002837181105 0.067150000482797637
decision_type=2 2 2 2 2 2 2 2 2 2 2 2 2 2 2 2 2 2 2 2 2 2 2 2 2 2 2 2 2 2
left_child=2 -2 3 4 5 6 8 13 22 -7 18 12 14 -8 15 16 21 -14 19 -9 -10 -11 23 25 -24 28 27 -27 29 -1
right_child=1 -3 -4 -5 -6 9 7 10 20 11 -12 -13 17 -15 -16 -17 -18 -19 -20 -21 -22 -23 24 -25 -26 26 -28 -29 -30 -31
leaf_value=0.0024225426724381739 0.051172580962346316 -0.1095202003368323 -0.05507856633049063 0.034851329784605027 -0.04210779945826184 0.048117168473787497 -0.043659454201678993 -0.059575672136287443 -0.047775966538320211 0.057256120604059692 0.067817084596276653 0.050003420908443945 -0.037050654808540098 0.063319707845139933 0.047337496801248331 -0.035544154248556038 -0.012044715125874884 0.030079386831889977 -0.041327405133463613 0.067603387976144944 0.074199557400582941 -0.031289026344477749 -0.034518250558010881 0.074881618790094362 0.0064003224326117103 0.063221664245009329 0.063343821134844769 -0.06147888487850868 -0.053085498657246113 0.062573797496747657
leaf_weight=196.12546713836491 5.8649799190461627 0.30009571462869633 1.8411088529974211 5.1829421259462825 4.2114995317533603 8.3052587360143644 19.324862267822031 0.99326099827885483 8.5459382440894807 8.7628461197018677 2.8462190479040137 5.8010344356298438 12.926591303199531 1.0989208072423924 6.6420333720743647 7.6435921918600789 12.933866085484622 3.1274738665670148 5.3042533025145531 2.4418671354651451 0.79398447275161821 1.4646449089050282 14.746391689404847 3.5554413944482794 14.483339507132767 1.0606324225664123 6.0872376561164856 1.8467451855540273 3.1597673725336781 2.7302622124552718
leaf_count=732 150 2 21 25 65 47 194 10 74 34 10 24 73 4 38 21 56 18 53 8 2 8 60 12 74 8 21 9 22 9
internal_value=0.00118947 0.0433506 0.000475366 0.000757795 0.000262773 0.000768635 -0.00132052 -0.0216941 0.00125575 0.00957999 0.00688057 0.00418286 -0.000785395 -0.0379033 0.00915552 0.000922888 0.0129576 -0.0239731 -0.0129651 0.0308298 -0.0374069 0.0445759 0.00273693 0.00505008 -0.0142431 0.00387344 0.0377012 -0.0159872 0.00236728 0.00324841
internal_weight=370.153 6.16508 363.987 362.146 356.963 352.752 285.145 32.0094 253.135 67.6073 11.5856 59.3021 53.501 20.4238 37.447 30.8049 23.1614 16.0541 8.73938 3.43513 9.33992 10.2275 243.795 214.566 29.2297 211.01 8.99462 2.90738 202.015 198.856
internal_count=1884 152 1732 1711 1686 1621 1302 279 1023 319 81 272 248 198 157 119 98 91 71 18 76 42 947 813 134 801 38 17 763 741
is_linear=0
shrinkage=0.05


Tree=76
num_leaves=31
num_cat=0
split_feature=0 38 4 77 6 35 78 3 32 4 19 29 4 25 24 71 4 7 7 7 22 42 16 46 19 15 14 27 36 59
split_gain=4.21694 2.65249 2.19146 3.84201 3.38333 3.2631 2.85917 3.4612 2.65117 3.78723 4.78122 4.92466 3.35416 3.39046 3.7193 4.17362 3.19631 3.71903 4.4376 4.47362 3.1847 4.58331 3.43299 6.49334 6.41106 5.40372 15.0261 8.49828 7.33346 5.22015
threshold=0.003249999950639904 0.0042000000830739745 0.13990000635385516 0.0065953999292105445 0.0019500000635161998 0.0031500000040978198 0.012297210283577444 0.0036499999696388845 0.0013499999768100681 0.049799999222159393 0.02615000028163195 0.0013499999768100681 0.045649999752640731 0.070150002837181105 0.0034500000765547161 0.087050002068281188 0.044250000268220908 0.0024500000290572648 0.0022500000195577745 0.0017499999958090486 0.018550000153481964 0.0054500000551342973 0.0014499999815598132 1.0000000180025095e-35 0.02680000010877848 0.0010500000207684936 0.0011500000255182388 0.0040500001050531873 0.022400000132620338 0.0011500000255182388
decision_type=2 2 2 2 2 2 2 2 2 2 2 2 2 2 2 2 2 2 2 2 2 2 2 2 2 2 2 2 2 2
left_child=2 -2 5 4 -4 6 8 -8 9 12 11 -11 13 16 15 -15 17 18 19 20 22 -22 25 -24 -25 26 -1 28 -28 -27
right_child=1 -3 3 -5 -6 -7 7 -9 -10 10 -12 -13 -14 14 -16 -17 -18 -19 -20 -21 21 -23 23 24 -26 29 27 -29 -30 -31
leaf_value=0.0010787816041348502 0.05111421591889892 -0.095732599196239054 0.078210314525307731 0.059099559905628131 -0.052415940503834135 -0.022341258654510365 -0.055404385288959725 0.057015112900930365 0.059921668978539039 0.038190653163074635 0.055963740306239122 -0.048932530496664184 0.064829739063669137 -0.050961313117915408 0.076023404262255997 0.056209501843234214 -0.056961462438877612 0.040795995869931587 -0.044646922318613051 0.072557830046835081 0.03344455499479073 -0.05102766759135148 -0.025442188431763546 0.058086321436889181 -0.036789303771902752 -0.0136652412238883 0.060907173365050075 -0.055011119782788935 -0.03775824832727559 0.010404460300297035
leaf_weight=109.50111130252481 5.5851511210203162 0.32543146610259999 0.66777177155017797 4.077890682965517 1.9237812329083679 15.734666504897175 0.81933953799307246 4.165738221257925 1.8597373999655236 1.9138767905533303 1.6066431254148472 10.635402081534265 2.0566495656967154 7.6176016256213153 0.77696040272712785 1.0314539261162279 2.3063378483057013 6.0920566320419303 5.1568281017243853 2.2383509092032901 13.763892669230698 1.8178898841142643 27.878137461841106 5.2362993881106368 2.698024433106184 71.133483897894621 21.355206616222866 2.0065133795142165 2.0654481127858153 32.964855875819921
leaf_count=391 150 2 2 25 15 169 3 29 12 11 6 39 8 70 2 6 6 33 13 11 69 12 73 25 11 416 82 8 7 178
internal_value=0.00113726 0.043029 0.000451564 0.0288467 -0.0187572 -8.27541e-05 0.000951295 0.038538 0.000389816 5.61933e-05 -0.0252482 -0.0356455 0.0011837 0.000768999 -0.028767 -0.0381805 0.00167819 0.0021232 0.00133212 0.0021423 0.00159958 0.0235894 0.000352891 -0.014084 0.0258244 0.00251591 0.00911925 0.0437452 0.052206 -0.00604308
internal_weight=367.013 5.91058 361.102 6.66944 2.59155 354.433 338.698 4.98508 333.713 331.853 14.1559 12.5493 317.697 315.64 9.42602 8.64906 306.214 303.908 297.816 292.659 290.421 15.5818 274.839 35.8125 7.93432 239.027 134.928 25.4272 23.4207 104.098
internal_count=1884 152 1732 42 17 1690 1521 32 1489 1477 56 50 1421 1413 78 76 1335 1329 1296 1283 1272 81 1191 109 36 1082 488 97 89 594
is_linear=0
shrinkage=0.05


Tree=77
num_leaves=31
num_cat=0
split_feature=0 38 39 18 19 76 26 79 79 78 19 2 78 17 8 56 23 39 12 13 42 25 27 21 43 40 12 56 46 73
split_gain=3.98795 2.41357 2.06815 6.42259 3.55831 5.84119 4.85496 5.10146 3.52654 3.52288 3.41142 4.39116 4.20291 4.18956 3.2204 3.33168 3.1515 3.11068 3.03905 6.15781 3.89548 6.42394 5.09085 5.02605 4.25698 3.67028 6.34739 4.7095 5.89566 3.60088
threshold=0.003249999950639904 0.0042000000830739745 0.0017499999958090486 0.0013499999768100681 0.0023500000825151805 0.073563441634178175 0.0034500000765547161 0.96545338630676281 0.93572911620140087 0.0083297132514417189 0.041550001129508025 0.022650000639259819 0.0011997050605714323 0.025950000621378425 0.059500001370906837 1.0000000180025095e-35 0.0045499999541789302 0.0020500000100582842 0.20345000177621844 0.010549999773502352 0.0018500000005587938 0.0090499999932944792 0.0017499999958090486 0.0086500002071261423 0.0055499998852610597 0.0010500000207684936 0.023449999280273918 1.0000000180025095e-35 0.0011500000255182388 0.0010500000207684936
decision_type=2 2 2 2 2 2 2 2 2 2 2 2 2 2 2 2 2 2 2 2 2 2 2 2 2 2 2 2 2 2
left_child=2 -2 3 9 5 17 -6 8 -8 10 12 -12 18 14 -14 -16 -15 -4 20 29 24 22 23 -22 25 -1 -27 -28 -29 -20
right_child=1 -3 4 -5 6 -7 7 -9 -10 -11 11 -13 13 16 15 -17 -18 -19 19 -21 21 -23 -24 -25 -26 26 27 28 -30 -31
leaf_value=0.0017030525014771092 0.051058811115355485 -0.084761880717435123 0.04962353312873069 0.053604229075863576 -0.037536710229159526 0.057947454440840873 -0.0021692236543940451 0.071051160675894384 -0.056397765441101123 0.040488921561274226 -0.06004553343867796 0.049851559359134115 -0.041651813492518591 0.06324416199918094 0.069430703313097822 -0.029266544467238809 -0.024909179652047669 -0.061569836275026338 0.095326989008902796 0.050630826125425382 0.061023895532420561 -0.010384347448470665 0.070029040472789614 -0.053921005172967877 0.047294753515289854 -0.041547576121228252 0.042783133768806353 -0.055437026234719272 0.071917654077898963 -0.049624606607834139
leaf_weight=201.54226438514888 5.3183795083314171 0.34852626919746388 0.87458959594368879 5.9231955222785464 14.672953918576239 4.7009186521172523 26.987623891793195 2.1765305735170832 3.3726750686764708 5.5486265532672396 1.0629472211003292 6.2746219821274281 14.910377141088253 2.2965776547789565 1.456093251705169 2.0714784041047096 1.815227599814534 2.23975626565516 0.45085138082504173 2.2110226526856414 1.7850872203707715 8.2278790930286032 7.9409465864300728 2.0353692397475243 4.7583848573267451 13.546741405501963 5.3950457163155061 3.7656622026115656 1.1978070512413976 8.6239127945154888
leaf_count=780 150 2 5 35 103 19 148 9 20 37 10 29 85 10 5 14 11 13 1 10 8 77 30 12 21 123 25 46 4 42
internal_value=0.00108955 0.0427056 0.000430549 0.00205077 -0.00848664 0.0227638 -0.0136599 -0.00289237 -0.00819338 0.00102233 0.000270758 0.0339315 -0.000598823 -0.0213103 -0.0314879 0.0114732 0.0243273 -0.0303438 0.00118731 -0.0241927 0.00233215 0.0235046 0.0472121 -0.000213634 0.0004937 -0.000494101 -0.019018 0.0104458 -0.0247032 -0.0424231
internal_weight=363.532 5.66691 357.865 302.84 55.025 7.81526 47.2098 32.5368 30.3603 296.917 291.368 7.33757 284.031 22.5498 18.4379 3.52757 4.11181 3.11435 261.481 11.2858 250.195 19.9893 11.7614 3.82046 230.206 225.448 23.9053 10.3585 4.96347 9.07476
internal_count=1884 152 1732 1415 317 37 280 177 168 1380 1343 39 1304 125 104 19 21 18 1179 53 1126 127 50 20 999 978 198 75 50 43
is_linear=0
shrinkage=0.05


Tree=78
num_leaves=31
num_cat=0
split_feature=0 38 15 68 35 37 30 65 69 10 2 28 76 60 76 55 4 56 29 6 33 47 49 7 7 4 17 15 70 55
split_gain=3.77095 2.21591 2.09518 2.14322 3.09806 3.51917 2.6768 2.58521 3.41105 3.29114 3.2151 3.41517 3.40775 3.11599 3.27851 5.27618 4.18682 5.88284 5.05468 4.94109 4.44742 4.02555 3.92941 3.59151 4.15051 5.88648 5.51929 4.636 4.19504 5.26515
threshold=0.003249999950639904 0.0042000000830739745 0.53134998679161083 0.00045000000682193791 0.00335000001359731 0.022099999710917476 0.014050000347197058 0.038150001317262656 0.018050000071525577 0.0052499999292194852 0.18874999880790713 0.085100002586841597 0.87724488973617565 0.017450000159442428 0.32322224974632269 0.0012500000302679839 0.037900000810623176 0.0020500000100582842 0.021300000138580803 0.0082499999552965182 0.003249999950639904 0.0075499999802559623 0.0057000000961124906 0.0024500000290572648 0.0022500000195577745 0.021450000815093521 0.011649999767541887 0.0017499999958090486 0.0017499999958090486 0.0043500000610947618
decision_type=2 2 2 2 2 2 2 2 2 2 2 2 2 2 2 2 2 2 2 2 2 2 2 2 2 2 2 2 2 2
left_child=2 -2 3 4 7 -6 -5 8 9 10 11 12 13 14 16 21 18 -18 23 -19 -20 22 -16 24 25 28 27 -27 29 -1
right_child=1 -3 -4 6 5 -7 -8 -9 -10 -11 -12 -13 -14 -15 15 -17 17 19 20 -21 -22 -23 -24 -25 -26 26 -28 -29 -30 -31
leaf_value=-0.00092211597975796339 0.051006212421606516 -0.075805025693660114 -0.054669389378120561 0.043479114364033025 -0.04231340446480783 0.028883284327297455 -0.021862543577140035 0.080662927353369884 -0.045197243878903906 0.031633116345113614 0.058951914105957896 -0.064486529737068254 0.06711692677665182 0.037113398395830909 -0.030763230286268747 0.010644198456797037 -0.046710004676526522 0.064931028756619644 0.063881023675529613 -0.049133121813374384 -0.03532717657565685 0.051619767026757184 0.067051112188960857 0.049966649811501361 -0.046257980928314957 0.044822260854120319 0.077681107359631699 -0.056995970783982969 0.018153673672854656 -0.051543705386556386
leaf_weight=185.94365218095481 5.064084416255354 0.36963418126106251 1.7182598328217853 5.9196547418832761 8.054756739176808 2.2123699858784667 2.1318519022315741 1.0130811557173718 4.0048952531069508 8.6653545927256328 2.3280239924788466 2.0413059163838616 1.9021596014499653 5.5532956793904296 31.246594168245792 16.788547080010176 9.6121344529092294 2.6798808053135863 5.7705883756279936 1.4703510440886018 1.4046536944806574 1.6896442025899876 1.0616291761398304 3.81829485669732 4.54055107012391 2.6077958047389966 4.8743197917938232 1.95691517367959 28.784502258524299 5.2825717143714419
leaf_count=838 150 2 21 45 122 11 12 3 16 44 12 23 9 34 152 76 28 9 27 16 14 6 4 16 11 10 15 7 130 21
internal_value=0.00104179 0.0423798 0.000409201 0.000677029 8.24217e-05 -0.0269719 0.0261782 0.000911485 0.000669605 0.00122621 0.000406291 -2.0929e-05 0.00039421 -8.59241e-06 -0.000674595 -0.0122896 0.00160518 -0.0252296 0.00311266 0.0245202 0.0444596 -0.0236145 -0.0275491 0.00186513 0.0010802 0.00201697 0.0406815 0.00117226 0.000358162 -0.00232052
internal_weight=360.511 5.43372 355.078 353.359 345.308 10.2671 8.05151 335.041 334.028 330.023 321.357 319.029 316.988 315.086 309.533 50.7864 258.746 13.7624 244.984 4.15023 7.17524 33.9979 32.3082 237.809 233.99 229.45 9.43903 4.56471 220.011 191.226
internal_count=1884 152 1732 1711 1654 133 57 1521 1518 1502 1458 1446 1423 1414 1380 238 1142 53 1089 25 41 162 156 1048 1032 1021 32 17 989 859
is_linear=0
shrinkage=0.05


Tree=79
num_leaves=31
num_cat=0
split_feature=0 54 4 77 6 25 4 7 13 50 7 4 14 76 69 41 14 5 41 6 64 47 5 5 5 37 14 17 10 28
split_gain=3.56507 5.75972 1.99376 3.39172 3.03484 2.6848 2.57687 3.79239 4.05336 3.18768 2.91002 3.61236 6.58651 8.55103 3.31141 3.45177 3.67001 2.88432 3.90619 3.58939 2.77599 2.63064 2.3801 3.45178 4.78817 4.22337 4.66587 2.9463 3.79466 3.76499
threshold=0.003249999950639904 0.82234999537467968 0.13990000635385516 0.0065953999292105445 0.0019500000635161998 0.38214999437332159 0.042050000280141837 0.0024500000290572648 0.064550001174211516 0.02224999945610762 0.0023500000825151805 0.018350000493228439 1.0000000180025095e-35 0.12097691372036935 0.0083499997854232805 0.0010500000207684936 0.038700001314282424 0.0023500000825151805 1.0000000180025095e-35 0.011149999685585501 0.0021499999566003685 0.1200000010430813 0.020200000144541267 0.0088499998673796671 0.0081500001251697558 0.0018500000005587938 0.00335000001359731 0.050550000742077834 0.0045499999541789302 0.085100002586841597
decision_type=2 2 2 2 2 2 2 2 2 2 2 2 2 2 2 2 2 2 2 2 2 2 2 2 2 2 2 2 2 2
left_child=2 -2 5 4 -4 6 7 10 -9 17 11 21 -13 -14 15 -15 -17 18 20 -19 -8 22 23 24 27 -25 -27 28 29 -1
right_child=1 -3 3 -5 -6 -7 9 8 -10 -11 -12 12 13 14 -16 16 -18 19 -20 -21 -22 -23 -24 25 -26 26 -28 -29 -30 -31
leaf_value=0.0009266034566962853 0.051320563766599117 -0.25606449121627656 0.074788185200270849 0.057172880486763111 -0.052220550142823431 -0.052686967981419343 0.047939254621216301 0.058047248066383353 -0.034998934056552009 0.058512170398448575 -0.044156691188379012 -0.057741272538597267 0.077459580410024348 -0.026659903041004674 -0.048039959557850016 0.045414516163753388 -0.035309833013439651 0.063455912207112219 -0.046038558253596651 -0.023847076599936148 -0.042556275047422806 -0.05502492164475449 0.048887364545828066 -0.042949740419889054 0.075916008917202404 0.064739871420832332 -0.052100297304558833 -0.029362586225446709 0.050982884790805753 -0.061850038448259738
leaf_weight=252.76932259462774 5.0535395145416251 0.15713554620742787 0.64124333858489935 3.8853282853960991 1.7647118251770733 2.411936958320438 2.2283078841865129 5.4280765354633322 1.4922396503388879 1.3288595266640175 3.5958674252033225 2.4812303856015232 6.2923385873436954 3.3014440257102242 2.2232610695064059 8.5565172694623453 1.6853040438145388 2.0026922821998587 11.739538373425601 2.8567827790975571 1.3674895316362379 2.1946023833006612 2.460891678929328 9.5430026762187463 2.1006935238838187 2.2525746077299114 1.3766478281468151 8.2065967638045532 3.7523445878177872 2.4111882243305436
leaf_count=1237 151 1 2 25 15 25 11 34 8 6 8 10 20 16 12 42 16 10 43 11 7 22 14 21 9 8 6 35 19 40
internal_value=0.000995629 0.0420509 0.000388491 0.0282834 -0.0183698 -0.000118631 0.000250326 0.00136952 0.0379835 -0.0164996 0.000565659 0.00108174 0.0194944 0.028182 0.00851556 0.0177997 0.0321312 -0.0214355 -0.0320725 0.0121323 0.0135236 -0.000492266 -7.21577e-05 -0.000498782 0.000723887 -0.0254901 0.0204197 0.000132602 0.00106742 0.00033343
internal_weight=357.562 5.21068 352.351 6.29128 2.40596 346.06 343.648 322.124 6.92032 21.5237 315.204 311.608 24.5401 22.0589 15.7665 13.5433 10.2418 20.1948 15.3353 4.85948 3.5958 287.068 284.873 282.412 269.24 13.1722 3.62922 267.139 258.933 255.181
internal_count=1884 152 1732 42 17 1690 1665 1577 42 88 1535 1527 116 106 86 74 58 82 61 21 18 1411 1389 1375 1340 35 14 1331 1296 1277
is_linear=0
shrinkage=0.05


Tree=80
num_leaves=31
num_cat=0
split_feature=32 54 54 28 1 0 16 20 13 29 19 6 12 33 59 12 59 40 78 77 73 6 44 51 3 40 6 77 12 33
split_gain=3.58601 3.19008 3.02507 3.89021 4.14145 2.2211 3.03176 2.84016 4.7524 3.95015 3.40177 3.95672 3.30447 3.17513 4.35282 4.03511 3.18633 4.95448 4.37962 3.81745 3.74782 6.37489 6.14008 4.41702 3.73887 4.25781 3.64941 3.63781 3.44279 6.54621
threshold=0.0013499999768100681 0.20450000464916232 0.031350000761449344 0.078549999743700041 1.0000000180025095e-35 0.0031500000040978198 0.0067499999422580012 0.0020500000100582842 0.015649999491870407 0.0057500000111758718 0.0021499999566003685 0.0012500000302679839 0.20345000177621844 0.092549998313188567 0.018250000663101677 0.25239999592304235 0.0013499999768100681 0.0040500001050531873 0.0038981504039838914 0.37422899901866918 1.0000000180025095e-35 0.024449999444186691 0.0048500001430511483 0.0020500000100582842 0.0054500000551342973 0.0010500000207684936 0.53269997239112865 0.072701331228017821 0.0094499997794628161 0.011649999767541887
decision_type=2 2 2 2 2 2 2 2 2 2 2 2 2 2 2 2 2 2 2 2 2 2 2 2 2 2 2 2 2 2
left_child=1 2 3 4 5 6 7 13 9 10 -9 -12 -13 14 15 16 17 18 28 26 21 24 23 27 25 -18 -20 -22 -1 -30
right_child=-2 -3 -4 -5 -6 -7 -8 8 -10 -11 11 12 -14 -15 -16 -17 20 -19 19 -21 22 -23 -24 -25 -26 -27 -28 -29 29 -31
leaf_value=0.00039543291181588601 0.046208548879620323 -0.081583716170026299 0.039023404178947202 -0.050666467501313456 0.052451764404251935 0.037337259656109976 -0.033637532725433635 -0.01332063995284569 0.064764299989020668 -0.054209672510058884 -0.053702737607330367 0.046743030081772059 -0.037036469787264145 0.053735915853872745 -0.038658942080443071 -0.052703548613413032 0.040511456213677528 -0.038186122293050052 0.048503643330221419 -0.050462392298349826 -0.050200493225915438 -0.034445072737703385 0.024590269151431768 0.063192751493442431 0.075034836836998603 -0.063181200933075582 -0.055108257535182427 0.068159094575272139 -0.025223514191530096 0.044523956911859126
leaf_weight=193.41619468852878 4.3238268475979558 1.1827202308922995 5.067074889317154 3.7316837515681973 3.8170930687338105 3.9525120072066775 6.7088825209066263 7.441446144133816 4.1836075745522967 2.3757792040705672 1.3124332949519146 10.866294205188749 1.3199389316141594 2.6168656274676314 7.7100267093628636 3.6673231665045014 5.2156967520713788 9.1004759389907104 9.5310081206262076 1.3368407562375058 8.1016690377146006 2.9073216058313838 11.862097617238758 1.1570995599031437 6.2891154736280441 1.2219207510352132 0.93304989486932832 0.70574343204498369 28.979294032789767 3.8059560507535926
leaf_count=778 76 7 36 57 67 76 26 36 18 13 4 52 8 12 45 20 20 96 53 6 65 22 56 4 18 10 4 2 176 21
internal_value=0.000952241 0.000393979 0.000671526 0.000107047 0.000663437 7.63565e-05 -0.000366219 0.000318364 0.0156945 0.00688978 0.0138219 0.0287848 0.0376685 -0.00109789 -0.00158276 -0.000590995 8.06075e-05 -0.00197943 -0.000594997 0.0291003 0.0136693 0.0323558 0.000284402 -0.0286501 0.047616 0.0208296 0.0392649 -0.0407163 -0.0021442 -0.0171267
internal_weight=354.841 350.517 349.334 344.267 340.536 336.719 332.766 326.057 27.4995 23.3159 20.9401 13.4987 12.1862 298.558 295.941 288.231 284.563 247.103 238.002 11.8009 37.4607 15.6341 21.8266 9.96451 12.7267 6.43762 10.4641 8.80741 226.201 32.7853
internal_count=1884 1808 1801 1765 1708 1641 1565 1539 131 113 100 64 60 1408 1396 1351 1331 1134 1038 63 197 70 127 71 48 30 57 67 975 197
is_linear=0
shrinkage=0.05


Tree=81
num_leaves=31
num_cat=0
split_feature=32 54 0 54 54 14 76 22 30 50 54 13 13 25 2 21 50 36 3 8 2 5 62 6 12 76 6 65 74 3
split_gain=3.35378 3.01572 2.82265 2.63577 2.78711 3.56566 3.17631 2.83431 3.48067 3.94271 3.59827 5.18033 4.75469 4.88927 4.21507 4.39008 6.1495 4.33215 4.75039 5.04203 7.72204 7.38153 7.10723 5.77254 6.26368 5.63881 5.30145 6.35124 5.65203 4.70602
threshold=0.0013499999768100681 0.20450000464916232 0.003249999950639904 0.031350000761449344 0.0037000000011175875 0.0049499999731779107 0.87724488973617565 0.063499998301267638 0.0042499999981373557 0.074499998241662993 0.0016499999910593035 0.0016499999910593035 0.017450000159442428 0.0067499999422580012 0.13174999505281451 0.0077499998733401307 0.021500000730156902 0.086449999362230315 0.067150000482797637 0.0020500000100582842 1.0000000180025095e-35 1.0000000180025095e-35 0.0024500000290572648 0.0067499999422580012 1.0000000180025095e-35 0.012880790513008835 0.0027499999850988392 0.0012500000302679839 0.00335000001359731 0.016749999485909942
decision_type=2 2 2 2 2 2 2 2 2 2 2 2 2 2 2 2 2 2 2 2 2 2 2 2 2 2 2 2 2 2
left_child=1 2 3 4 6 -6 7 8 10 -10 14 -12 13 -13 15 17 -17 18 19 20 21 23 25 29 -25 -22 27 -27 -28 -1
right_child=-2 -3 -4 -5 5 -7 -8 -9 9 -11 11 12 -14 -15 -16 16 -18 -19 -20 -21 22 -23 -24 24 -26 26 28 -29 -30 -31
leaf_value=-0.0049311503176951085 0.045413488559727835 -0.081133184621420024 0.050912938726276884 0.036932772544210596 -0.046364624836488275 -0.0039024607321902841 0.0549097197455427 0.030481183798969393 -0.03005771518801777 0.050237810399318142 0.075512159185814803 -0.040172884183464638 0.050981684825520492 0.038387859631109335 0.064572086405079832 -0.02376648904641147 0.023621314683882053 -0.053207305514919194 0.062010782809708932 0.012138002489000894 -0.055235648630456782 0.075126248053651548 0.071280899588777188 0.1328468668971898 0.012637894616520644 -0.0077157234403569244 -0.036311676706039103 0.047794627105924276 0.063401585065886182 0.06748309489335734
leaf_weight=33.516602292656898 4.1831467542797318 1.1311308126896609 2.7698943484574547 4.8245597407221785 7.1575829330831793 15.986078854650257 2.7030097711831322 7.6770503148436537 15.494533680379392 1.6961626634001721 3.7220246484503177 5.6696181278675777 4.4106248095631591 3.0437114927917719 2.4760045260190955 37.344243593513966 8.3829650506377202 3.5070180948823682 3.336650049313902 77.234769662842155 7.6635511256754389 4.3575521502643815 2.4993064105510703 1.7809346579015244 2.7678613103926182 54.136935487389565 22.833868149667982 5.6949411556124678 1.5154654793441285 2.4045644104480735
leaf_count=115 76 7 91 30 27 100 17 45 136 6 21 26 20 19 10 294 41 16 29 337 44 14 12 8 25 170 102 21 7 18
internal_value=0.000910482 0.000375131 0.000641127 0.000236147 -0.000286089 -0.0170346 0.00094107 0.000475255 -0.000278803 -0.0221352 0.00102445 0.0234475 0.00868166 -0.0127303 -0.000367093 -0.000964874 -0.0150791 0.00192607 0.00280598 0.00189313 -0.00379237 0.0132938 -0.0119109 0.00663612 0.0597018 -0.0141747 -0.0104367 -0.00243212 -0.0301057 -8.37377e-05
internal_weight=351.922 347.739 346.608 343.838 339.014 23.1437 315.87 313.167 305.49 17.1907 288.299 16.846 13.124 8.71333 271.453 268.977 45.7272 223.25 219.743 216.406 139.172 44.8275 94.3441 40.47 4.5488 91.8448 84.1812 59.8319 24.3493 35.9212
internal_count=1884 1808 1801 1710 1680 127 1553 1536 1491 142 1349 86 65 45 1263 1253 335 918 902 873 536 180 356 166 33 344 300 191 109 133
is_linear=0
shrinkage=0.05


Tree=82
num_leaves=31
num_cat=0
split_feature=32 54 0 38 62 25 22 76 30 50 50 50 14 11 19 78 11 9 44 11 44 79 19 26 71 79 77 26 60 54
split_gain=3.13488 2.84955 2.68495 2.40961 3.01378 2.34559 2.70536 2.80115 2.5799 3.90376 4.72194 3.37755 3.56028 3.20629 2.9943 4.19345 4.00667 3.90249 3.46176 4.66148 4.50707 5.18253 4.43147 3.71916 3.45395 6.55794 5.01136 3.58096 3.56453 6.96711
threshold=0.0013499999768100681 0.20450000464916232 0.003249999950639904 0.0012500000302679839 0.00670000002719462 0.26254999637603765 0.063499998301267638 0.87724488973617565 0.0042499999981373557 0.094849999994039549 0.026250000111758712 0.074499998241662993 0.0016499999910593035 0.0082499999552965182 0.015250000171363355 0.0038981504039838914 0.16189999878406527 0.0043500000610947618 0.0046500000171363362 0.22214999794960025 0.013950000051409008 0.65081253647804271 0.0079499999992549437 0.027900000102818016 0.0072500000242143878 0.97344774007797252 0.0021493949461728339 0.0099499998614192026 0.0013499999768100681 0.0014499999815598132
decision_type=2 2 2 2 2 2 2 2 2 2 2 2 2 2 2 2 2 2 2 2 2 2 2 2 2 2 2 2 2 2
left_child=1 2 3 4 5 6 7 8 9 10 14 12 -10 -14 15 18 -16 -18 19 23 -20 22 -22 24 27 -26 -27 28 -1 -30
right_child=-2 -3 -4 -5 -6 -7 -8 -9 11 -11 -12 -13 13 -15 16 -17 17 -19 20 -21 21 -23 -24 -25 25 26 -28 -29 29 -31
leaf_value=0.0026197118679215569 0.044605866364729907 -0.080650122895792112 0.050867719086401711 0.043784013943458634 -0.046373247314860221 -0.041047096473318251 0.026843728003611747 0.044640737418513897 -0.055525687780483626 -0.041372374939188827 0.03592290512882941 0.048373379091538382 0.06089683263616278 -0.019410621556761622 -0.028399033742632425 0.044498254690690131 0.037814537391438724 -0.054641223400287903 0.039676228501174339 -0.053558550349268499 -0.017601842781718301 -0.033122590354433011 0.069875249580303236 -0.062641208527939835 -0.049873749351420776 -0.055651681310344071 0.066926110037030528 0.032812227577431484 -0.041135849175814004 0.032128266932226882
leaf_weight=185.41964562982321 4.0493651144206515 1.0822497997432936 2.6370881758630267 3.145117759704589 3.4950628187507382 3.3954571634531012 9.6244017519056779 3.4669696055352679 6.2914665350690511 5.4543073717504731 9.5386021062731725 1.6740322411060322 1.4673981815576542 8.1233710851520282 18.343590138480071 5.6117688864469519 5.0969989299774161 1.4706490151584146 12.515774287283422 4.1611278131604186 2.5846283305436355 6.6171544343233109 3.2914664074778557 2.3562456145882598 8.4646917004138214 1.212838422507047 2.6681652665138245 9.0323049668222648 12.155032249167563 4.4267531223595133
leaf_count=792 76 7 91 20 40 42 49 22 67 25 51 6 6 63 100 37 28 7 56 17 16 29 16 12 83 16 12 38 37 23
internal_value=0.000868547 0.000354928 0.000609967 0.000221423 -0.000183978 0.000298686 0.00072273 -5.93602e-05 -0.000546733 0.000542005 0.00131705 -0.0191772 -0.0262972 -0.00712349 0.000160577 0.00174419 -0.0164005 0.0171115 0.000802952 -0.00111886 0.0184693 -0.00277586 0.031398 -0.000152205 0.00050694 -0.0251985 0.0286198 0.00201073 0.000633473 -0.0215769
internal_weight=348.874 344.824 343.742 341.105 337.96 334.465 331.069 321.445 317.978 300.422 294.967 17.5563 15.8822 9.59077 285.429 260.518 24.9112 6.56765 254.906 229.897 25.009 12.4932 5.87609 225.736 223.379 12.3457 3.881 211.034 202.001 16.5818
internal_count=1884 1808 1801 1710 1690 1650 1608 1559 1537 1395 1370 142 136 69 1319 1184 135 35 1147 1030 117 61 32 1013 1001 111 28 890 852 60
is_linear=0
shrinkage=0.05


Tree=83
num_leaves=31
num_cat=0
split_feature=63 4 54 3 5 75 75 25 4 25 76 56 66 71 79 78 79 72 79 26 36 52 37 76 58 12 43 8 25 59
split_gain=2.93651 2.29847 2.65818 2.58009 2.5161 2.79575 3.41742 2.95742 2.44573 2.42509 2.34221 2.43986 2.26257 4.51284 2.89877 2.84456 2.81135 2.67442 2.61668 2.48815 2.42487 3.42824 4.48907 2.85811 3.58081 3.51973 4.09113 3.20935 3.17224 2.76555
threshold=0.0011500000255182388 0.13990000635385516 0.20450000464916232 0.047400001436471946 0.020200000144541267 0.0024500000290572648 0.0015499999863095584 0.26254999637603765 0.18369999527931216 0.21959999948740008 0.89929789304733287 0.62514999508857738 0.0063000000081956395 0.064550001174211516 0.98808223009109508 0.012633886188268663 0.85230326652526867 0.0014499999815598132 0.46327556669712072 0.33859999477863317 0.086449999362230315 0.0031500000040978198 0.019150000065565113 0.53759083151817333 0.0020500000100582842 0.21315000206232074 0.0047500000800937423 0.1922000050544739 0.070150002837181105 0.01840000040829182
decision_type=2 2 2 2 2 2 2 2 2 2 2 2 2 2 2 2 2 2 2 2 2 2 2 2 2 2 2 2 2 2
left_child=1 2 4 8 5 6 7 9 -3 10 11 12 13 15 -15 17 18 20 19 -14 23 -22 -23 25 -25 26 27 28 29 -1
right_child=-2 3 -4 -5 -6 -7 -8 -9 -10 -11 -12 -13 16 14 -16 -17 -18 -19 -20 -21 21 22 -24 24 -26 -27 -28 -29 -30 -31
leaf_value=0.0011760286260469623 0.051503960091748027 0.046955936001736448 -0.080132042868716002 0.054338419822183785 0.042654031785459928 -0.030842620591985503 0.038264864924683076 -0.052776454847545576 -0.052523097354528071 0.069436036920604502 0.052813132468205529 -0.0555820865315 -0.040810196371592174 -0.05399166317196627 0.07189328783615459 0.048314987365024216 -0.052825076981300428 -0.050734247063990413 0.055188978044107162 0.068481563736105158 -0.053022239976816821 0.062671662235473602 -0.062735377469174611 0.045583277159937291 -0.00091227937055491032 -0.040628968703651618 0.038219031752344007 -0.050276995770096922 -0.054349666787220398 -0.037512290706401476
leaf_weight=242.96034345403314 2.8352786265313616 1.078636780381202 1.0359587464481581 4.0611155852675438 3.4354717209935179 7.3537759315222493 5.8314706683158866 2.6684929206967345 1.4463237337768076 1.2554587796330441 2.0703034736216059 2.0008000293746582 1.702064355835317 5.5594064500182858 0.49829297885298718 3.0102909430861464 1.0263931732624767 2.6297481125220648 5.2488870322704315 0.75034023821353901 4.9287791941314927 1.8628834784030917 1.1566723026335237 7.7645948696881559 8.872989619150756 5.374014012515544 6.9067582208663216 3.233567062765359 2.6702906526625148 4.7086675539612761
leaf_count=1068 82 7 7 44 32 42 33 35 9 4 14 13 14 58 2 25 17 68 36 3 23 7 4 43 61 27 36 18 29 23
internal_value=0.000828165 0.000409399 -0.000163117 0.0296622 8.38253e-05 -0.000356623 0.000333839 -0.000359862 -0.0100267 8.25068e-05 -0.000193964 -0.000544724 -0.00019049 -0.000915481 -0.0436366 -4.14191e-05 0.0249074 -0.000538117 0.0352673 -0.00737118 -8.36223e-05 -0.0273201 0.0146332 0.000682718 0.0207867 -0.000575426 0.000250928 -0.000783238 -0.000143941 0.000440489
internal_weight=345.938 343.103 336.517 6.58608 335.481 332.045 324.692 318.86 2.52496 316.192 314.936 312.866 310.865 302.137 6.0577 296.08 8.72768 293.069 7.70129 2.4524 290.44 7.94833 3.01956 282.491 16.6376 265.854 260.48 253.573 250.339 247.669
internal_count=1884 1802 1742 60 1735 1703 1661 1628 16 1593 1589 1575 1562 1492 60 1432 70 1407 53 17 1339 34 11 1305 104 1201 1174 1138 1120 1091
is_linear=0
shrinkage=0.05


Tree=84
num_leaves=31
num_cat=0
split_feature=0 14 17 27 79 3 76 11 66 16 62 62 4 4 6 14 79 23 59 71 76 17 76 76 47 76 3 50 62 3
split_gain=2.82621 5.35012 3.06688 2.49043 4.00903 3.92043 3.91359 14.2422 3.54624 3.41624 5.73436 10.0951 5.76142 6.66997 6.34021 6.92061 7.06646 6.64754 6.03282 5.73497 5.44004 5.16197 7.86526 6.07563 5.91229 5.39644 11.1195 5.56593 5.07537 4.66483
threshold=0.0020500000100582842 0.0081500001251697558 0.0091500002890825289 0.0010500000207684936 0.95065855979919445 0.0012500000302679839 0.027811379171907905 0.0031500000040978198 0.0024500000290572648 0.0014499999815598132 0.0012500000302679839 1.0000000180025095e-35 0.0051500000990927228 0.031199999153614048 0.02895000018179417 1.0000000180025095e-35 0.94604119658470165 0.0038499999791383748 1.0000000180025095e-35 0.0013499999768100681 0.021205288358032707 0.0010500000207684936 0.012880790513008835 1.0000000180025095e-35 1.0000000180025095e-35 0.040163332596421249 0.0018500000005587938 0.0011500000255182388 0.0010500000207684936 0.0024500000290572648
decision_type=2 2 2 2 2 2 2 2 2 2 2 2 2 2 2 2 2 2 2 2 2 2 2 2 2 2 2 2 2 2
left_child=3 2 -2 8 5 -5 7 -6 9 10 11 12 18 14 15 16 -14 -17 19 21 -18 23 -23 -1 -25 26 -24 -27 -11 -28
right_child=1 -3 -4 4 6 -7 -8 -9 -10 28 -12 -13 13 -15 -16 17 20 -19 -20 -21 -22 22 25 24 -26 27 29 -29 -30 -31
leaf_value=-0.029401621558267289 0.054605267848120968 0.049413265232377795 -0.027448339724606804 0.078080157220641669 -0.058833126711218875 -0.00066047330667391886 -0.022802597552585322 0.11118473753889165 -0.035437109934282778 -0.025522337967926592 -0.031353260552487008 0.088207034460669909 0.040533943982009435 -0.013845770534080907 -0.032955664486954604 0.063716221811554619 0.081763603886237865 -0.051242608018355444 0.025592353965047152 -0.058905530351568161 -0.050925215855157559 -0.055364922747217729 -0.024040606592944842 0.032714904945216075 -0.034481046032898081 -0.029974810404782538 0.12694276614618014 0.020119218236750596 0.044794184049498982 0.039163533430852937
leaf_weight=6.7483698055148116 1.4377794098108996 8.1495823413133603 5.4760419931262732 1.6114959064871062 2.5157922580838195 82.981395173817873 40.075449535623193 2.4134100303053856 5.7282816842198363 17.142390339635316 9.3397896289825422 3.9192232489585868 8.348384812474249 10.58482827618718 3.5192025788128367 19.095242910087112 0.9114803746342649 1.3461773972958315 19.929182007908821 4.6445091031491748 5.0643839687108994 8.6465869620442373 7.2946405038237563 23.891276577487591 3.7932106107473365 20.22270693816245 2.0200349390506727 7.6399165894836178 3.0180078744888297 6.0362935736775398
leaf_count=11 24 149 37 11 30 574 269 10 32 54 35 13 34 41 16 68 3 3 83 39 23 13 17 110 30 73 5 43 7 27
internal_value=0.000789619 0.0219671 -0.0103847 -0.000181532 -0.00557482 0.000839537 -0.0176316 0.0244101 0.00333286 0.00448263 0.00675261 0.00892731 0.00698213 0.0212847 0.0309974 0.0374711 0.0108218 0.0561456 0.000677615 -0.00478251 -0.0306866 -0.00186947 -0.0118341 0.0131384 0.023508 -0.00312399 0.0206804 -0.0162391 -0.014996 0.0611732
internal_weight=343.545 15.0634 6.91382 328.482 129.598 84.5929 45.0047 4.9292 198.884 193.156 172.995 163.656 159.736 48.8697 38.2849 34.7657 14.3242 20.4414 110.867 90.9375 5.97586 86.293 51.8602 34.4329 27.6845 43.2136 15.351 27.8626 20.1604 8.05633
internal_count=1884 210 61 1674 894 585 309 40 780 748 687 652 639 188 147 131 60 71 451 368 26 329 178 151 140 165 49 116 61 32
is_linear=0
shrinkage=0.05


Tree=85
num_leaves=31
num_cat=0
split_feature=63 4 54 3 25 43 6 51 40 12 45 45 8 8 42 2 12 33 62 73 10 23 13 74 13 71 28 3 19 79
split_gain=2.71967 2.15063 2.53089 2.40133 2.33607 2.24158 3.08318 2.64837 2.42177 6.19946 6.04744 3.57328 4.92463 4.84182 4.13416 3.88401 4.19749 5.42182 6.74577 6.3174 5.95642 6.04734 5.14586 5.72781 7.30304 4.44705 4.1932 3.81434 5.36557 4.86137
threshold=0.0011500000255182388 0.13990000635385516 0.20450000464916232 0.047400001436471946 0.38214999437332159 0.055900000035762794 0.5247500240802766 0.0018500000005587938 0.0011500000255182388 0.023449999280273918 0.0012500000302679839 0.0072500000242143878 0.05034999921917916 0.41320000588893896 1.0000000180025095e-35 0.14469999819993976 0.0047500000800937423 0.0010500000207684936 0.0010500000207684936 0.0016499999910593035 0.0020500000100582842 0.0034500000765547161 0.0074499999172985562 0.0021499999566003685 0.0023500000825151805 0.0039500000420957812 0.0030500000575557355 0.0077499998733401307 0.0014499999815598132 0.88134276866912853
decision_type=2 2 2 2 2 2 2 2 2 2 2 2 2 2 2 2 2 2 2 2 2 2 2 2 2 2 2 2 2 2
left_child=1 2 4 -3 5 6 7 8 11 10 -10 12 15 -13 -14 16 17 19 -19 -1 26 -22 23 -18 -25 27 -21 -24 -29 -30
right_child=-2 3 -4 -5 -6 -7 -8 -9 9 -11 -12 13 14 -15 -16 -17 22 18 -20 20 21 -23 25 24 -26 -27 -28 28 29 -31
leaf_value=-0.0011180909702300493 0.051399178521473014 -0.010056603078098815 -0.08070948356202351 0.053417797309403818 -0.052376950169610685 0.055301982601731872 -0.038155649622659202 0.043214478695941173 -0.046039916804760356 0.0091473268835836358 0.0041364363442534628 -0.041753038008393174 0.046053295970425061 0.055853555797839988 -0.030718152345503975 0.060402087234333247 -0.031638958501736321 0.060644502865714781 -0.023685261586044296 0.067604097342919195 -0.039639868422454504 0.051971415138337133 -0.049000383049650875 0.066823756456367941 -0.03141974877779441 0.036616710381257134 0.0073176097859538915 0.079142456867485403 -0.033709274691249909 0.019657634846271772
leaf_weight=141.62600856646895 2.6300856061279765 2.40612794086337 0.97314526699483295 3.9135488830506802 2.1117562241852275 1.8473817016929377 5.1913014641031614 3.6196386665105811 15.824395197443666 22.178441864438355 9.6773303523659688 8.5433659367263299 10.674904398620127 1.4925080090761174 2.0982755776494733 2.7770133092999449 30.259124256670475 8.6760321427136642 3.2634218074381343 9.1042400877922791 4.9803066086024037 2.8221701718866825 4.1962143853306832 3.7296265233308068 3.8384514767676592 8.3883453849703056 4.2218736484646788 2.0952892899513271 8.1091053355485219 9.0072688590735179
leaf_count=532 82 16 7 44 25 13 62 20 174 159 57 39 56 7 16 22 193 45 17 38 17 18 21 21 30 43 29 6 40 35
internal_value=0.000751636 0.000357119 -0.000193995 0.0292508 4.3185e-05 0.000380432 6.95777e-05 0.000687375 0.000202676 -0.0101856 -0.0269991 0.00203783 0.00316841 -0.0272372 0.0334419 0.00160347 0.000935136 0.00507252 0.0375946 0.00268675 0.0281908 -0.0065039 -0.00944609 -0.0219086 0.0169957 0.00538031 0.0485046 -0.00581344 0.00361946 -0.00562563
internal_weight=340.277 337.647 331.327 6.31968 330.354 328.242 326.395 321.203 317.584 47.6802 25.5017 269.904 259.868 10.0359 12.7732 247.094 244.317 174.694 11.9395 162.755 21.1286 7.80248 69.6234 37.8272 7.56808 31.7962 13.3261 23.4079 19.2117 17.1164
internal_count=1884 1802 1742 60 1735 1710 1697 1635 1615 390 231 1225 1179 46 72 1107 1085 696 62 634 102 35 389 244 51 145 67 102 81 75
is_linear=0
shrinkage=0.05


Tree=86
num_leaves=31
num_cat=0
split_feature=0 14 73 58 27 20 57 39 47 15 35 28 65 62 73 9 52 9 53 41 3 15 74 56 66 51 49 20 79 79
split_gain=2.60044 4.78823 2.7971 2.32057 2.24691 3.86355 3.89771 4.19931 4.55185 5.08717 5.4217 5.04449 3.93459 4.29267 4.10108 3.89062 3.65633 3.34755 3.33071 3.32663 8.12202 3.27377 3.43 3.7211 3.16528 3.06569 3.4613 2.9637 2.67715 3.23306
threshold=0.0020500000100582842 0.0081500001251697558 0.0014499999815598132 0.044999999925494201 0.0010500000207684936 0.0018500000005587938 0.0069000001531094321 0.0014499999815598132 0.019550000317394737 0.0057500000111758718 0.0015499999863095584 0.027400000020861629 0.0017499999958090486 0.0011500000255182388 0.0045499999541789302 0.0061500000301748523 0.0010500000207684936 0.013549999799579384 0.0014499999815598132 0.0042499999981373557 0.0113500002771616 0.0079499999992549437 0.0014499999815598132 0.080800000578165068 0.0024500000290572648 0.0010500000207684936 0.0024500000290572648 0.0011500000255182388 0.57897907495498668 0.37813179194927221
decision_type=2 2 2 2 2 2 2 2 2 2 2 2 2 2 2 2 2 2 2 2 2 2 2 2 2 2 2 2 2 2
left_child=4 2 -2 -3 24 6 7 8 9 12 11 -11 14 -14 15 19 -16 -8 -10 27 -21 -7 23 -23 -1 26 -12 28 29 -6
right_child=1 3 -4 -5 5 21 17 -9 18 10 25 -13 13 -15 16 -17 -18 -19 -20 20 -22 22 -24 -25 -26 -27 -28 -29 -30 -31
leaf_value=0.0042563892286030022 0.053530596141596457 0.058420036583892637 -0.0263163663230583 -0.027104411043288687 -0.063307666606366442 0.050924859454557797 0.057926860541935479 -0.030487920512577628 0.11333966171727979 0.026550594709124093 -0.04875014257040991 -0.054504175434107328 0.046086986818613299 -0.030723949654966828 -0.038041111862762919 0.041505052234615432 0.066739792183959909 -0.011117085944762996 -0.0037104542178970851 0.10515559165173385 -0.054846578301707687 -0.046362491514484072 0.03038335549291122 0.021797883300526712 -0.034032266460954023 0.042480734994260076 0.057051485146887973 0.018424008020254994 -0.051403708374777028 0.068101730450337461
leaf_weight=189.7095599276945 1.3875667173415402 6.7875245027244091 5.2342388313263655 0.89809229597449292 0.83516458049417863 4.8031052164733437 3.8905482292175284 22.752924922853708 1.356238137930631 21.478535775095228 7.1945311250165087 2.1079404465854159 4.2746088914573184 3.1662800814956427 1.384117238223552 1.6938920207321633 2.0893458053469658 3.1991245243698359 1.1012621596455572 1.351181656122207 1.9204489942640064 4.8205469939857704 6.5667575616389504 3.4251316972076893 5.555813916027545 1.4121756255626667 0.86608559265732754 1.87742344662547 23.107403280213475 1.0648342352360485
leaf_count=748 31 132 30 17 6 22 19 195 4 142 106 22 22 22 8 8 8 20 11 3 11 41 40 23 32 6 6 7 133 9
internal_value=0.000717995 0.0215774 -0.00958483 0.0484262 -0.000205965 -0.00536191 -0.00906564 -0.0115804 -0.0060848 -0.00825539 0.00647454 0.0193067 -0.0196424 0.0134021 -0.0266031 -0.0322292 0.0249863 0.0267717 0.0608868 -0.0363709 0.0112342 0.0150537 0.003422 -0.0180497 0.00316698 -0.0254764 -0.0373821 -0.042164 -0.0467126 0.0103393
internal_weight=337.312 14.3074 6.62181 7.68562 323.005 127.74 108.124 101.034 78.2815 75.824 33.0593 23.5865 42.7647 7.44089 35.3238 31.8503 3.47346 7.08967 2.4575 30.1565 3.27163 19.6155 14.8124 8.24568 195.265 9.47279 8.06062 26.8848 25.0074 1.9
internal_count=1884 210 61 149 1674 894 768 729 534 519 282 164 237 44 193 177 16 39 15 169 14 126 104 64 780 118 112 155 148 15
is_linear=0
shrinkage=0.05


Tree=87
num_leaves=31
num_cat=0
split_feature=63 4 77 6 4 44 5 4 4 32 29 25 47 71 24 4 9 29 37 79 37 76 33 45 78 3 17 17 52 41
split_gain=2.51213 1.95228 2.85296 2.73874 2.48031 3.12556 2.79999 2.78949 3.04713 2.37573 2.75681 2.34438 3.32012 2.68196 3.0545 2.67886 3.43749 5.30958 5.99555 5.03531 4.20295 4.12938 5.06358 4.24668 4.03889 3.60515 9.66244 3.53515 3.4342 3.05168
threshold=0.0011500000255182388 0.13990000635385516 0.0065953999292105445 0.0019500000635161998 0.049799999222159393 0.0011500000255182388 0.0011500000255182388 0.045649999752640731 0.044250000268220908 0.0013499999768100681 0.0010500000207684936 0.070150002837181105 0.051649998873472221 0.053749999031424529 0.0034500000765547161 0.0093499999493360537 0.0014499999815598132 0.0036499999696388845 1.0000000180025095e-35 0.78880751132965099 0.0012500000302679839 0.074946328997612013 1.0000000180025095e-35 0.0013499999768100681 0.00059991498710587632 0.018849999643862251 0.011850000359117987 0.0038499999791383748 0.0014499999815598132 0.0049499999731779107
decision_type=2 2 2 2 2 2 2 2 2 2 2 2 2 2 2 2 2 2 2 2 2 2 2 2 2 2 2 2 2 2
left_child=1 4 3 -3 7 9 -7 8 11 10 -6 15 13 14 -13 29 17 19 -19 -17 -20 -18 -23 -24 -22 26 27 -21 -27 -1
right_child=-2 2 -4 -5 5 6 -8 -9 -10 -11 -12 12 -14 -15 -16 16 21 18 20 25 24 22 23 -25 -26 28 -28 -29 -30 -31
leaf_value=0.00078691693960546746 0.051310902718520894 0.072799980183431423 0.053672339864736844 -0.052157836302192409 0.030691343610082401 -0.034132561105503965 0.047361616891533939 0.059575675232015617 -0.055516093045876951 0.040084877505704906 -0.05363181239475609 -0.052247251306596368 0.093275588433002876 0.017737813669538489 0.051794218606202272 0.065618508288086838 -0.05729798106743416 0.083090961594467355 -0.054316323478781153 0.031573456403322174 0.0474239809420616 0.030943975271992503 -0.025439826594735343 0.041916007624985513 -0.051441120925396079 -0.054261998149089934 0.085819972419119928 -0.037672816059307432 0.03553477710231754 -0.020255178693404173
leaf_weight=210.76555350143462 2.4323183093219987 0.60667702555656378 3.9430962279438972 1.5817676801234481 1.1017266251146764 1.7561124656349409 2.6362786926329136 2.0007119588553897 2.4220645539462557 0.93715091049671251 8.0634256713092309 7.2829573005437798 0.59341008216142732 2.431579204276205 0.78111252188682545 2.8827959839254644 3.052720611914995 5.7772853374481192 1.6292507722973812 2.6616807579994219 7.268448378890751 10.590948903933169 13.271752820350232 2.8410734944045535 1.2041829591616986 5.1073393803089848 3.1563034430146208 5.9932868853211403 1.3451737370342014 18.764655907638371
leaf_count=1079 82 2 43 15 7 13 29 15 9 6 42 98 3 29 3 18 17 16 5 10 41 58 82 19 9 15 8 13 8 90
internal_value=0.000682024 0.000311606 0.0282636 -0.0175172 -0.000213613 -0.0204323 0.0147796 0.000726221 0.000346195 -0.0357421 -0.0434955 0.000786343 -0.0217851 -0.0282904 -0.0421694 0.00163104 0.0104448 0.0206143 0.0424644 0.00420679 0.01923 -0.00220904 0.00408861 -0.0135634 0.0333727 -0.00548658 0.0109326 -0.0163774 -0.0355418 -0.000933326
internal_weight=334.883 332.451 6.13154 2.18844 326.319 14.4947 4.39239 311.824 309.824 10.1023 9.16515 307.402 11.0891 10.4956 8.06407 296.312 66.7822 37.0257 15.8792 21.1466 10.1019 29.7565 26.7038 16.1128 8.47263 18.2638 11.8113 8.65497 6.45251 229.53
internal_count=1884 1802 60 17 1742 97 42 1645 1630 55 49 1621 133 130 101 1488 319 143 71 72 55 176 159 101 50 54 31 23 23 1169
is_linear=0
shrinkage=0.05


Tree=88
num_leaves=31
num_cat=0
split_feature=7 21 47 77 77 32 7 21 10 17 11 69 4 9 52 43 36 11 6 29 3 77 3 15 70 4 41 11 56 13
split_gain=2.42932 2.5807 2.50325 2.46868 2.79609 2.15845 2.16283 2.37983 6.99543 6.75185 5.41325 4.89533 6.65612 6.42367 5.18072 4.76167 6.29582 6.01718 4.49127 4.91499 4.30524 4.01132 5.88904 5.12904 4.99162 4.70539 5.19826 4.07538 5.50624 4.97035
threshold=0.0024500000290572648 0.0010500000207684936 0.088500000536441817 0.041378658264875419 0.0063908132724463948 0.0013499999768100681 0.0023500000825151805 0.0018500000005587938 0.0012500000302679839 0.031400000676512725 0.020450000651180748 1.0000000180025095e-35 0.0060499999672174462 0.0016499999910593035 1.0000000180025095e-35 1.0000000180025095e-35 0.048899998888373382 0.085049998015165343 0.024449999444186691 0.0027499999850988392 0.015050000045448543 0.0020494500640779738 0.0012500000302679839 0.0010500000207684936 0.0011500000255182388 0.0073500000871717939 0.002549999975599349 0.0062500000931322583 1.0000000180025095e-35 0.0049499999731779107
decision_type=2 2 2 2 2 2 2 2 2 2 2 2 2 2 2 2 2 2 2 2 2 2 2 2 2 2 2 2 2 2
left_child=2 3 5 4 -2 6 7 11 15 10 -10 21 13 14 -13 16 -9 18 -17 -20 -21 24 -23 25 27 -24 -27 29 -29 -1
right_child=1 -3 -4 -5 -6 -7 -8 8 9 -11 -12 12 -14 -15 -16 17 -18 -19 19 20 -22 22 23 -25 -26 26 -28 28 -30 -31
leaf_value=0.0033290736293015593 0.071435300110877814 0.048401282915715604 -0.047268626723924886 0.05174141334345729 -0.027911423689098741 0.048339030575687364 -0.041110463742912884 -0.022179293167124029 0.082839432327883156 -0.009334817621976594 0.02003638680748232 -0.035385320618859399 0.06130891870605764 0.052517962347991803 0.056579300169357999 0.063283878821291092 0.044901261480359778 -0.015871645974297157 0.06038564618140814 -0.05634986571928962 0.018455000719882271 0.053139680543574944 0.0052825995104262349 -0.012777136655994326 0.055989472833382882 0.065447921668836756 -0.0064497690573655092 -0.045994186989743127 0.045167211347878239 -0.035928973920292588
leaf_weight=42.375943802297115 0.82887727394699862 5.3674332145601511 2.8015230121090999 1.948948800563812 4.8665230665355921 2.3118779286742202 3.1901818811893454 65.942296182736754 4.478090018033984 15.931410478428004 14.675653352402149 7.9785833060741442 8.3456750102341157 4.8533980101346961 1.8951513767242429 5.4128174763172892 3.6937639005482188 17.980085311457515 3.1545380409806949 3.3574080960825086 4.5034028897061944 6.7846645005047312 33.540771462023258 27.091579059138894 2.9334567189216605 7.8151387348771078 3.706269508227706 12.646175738424061 1.9060951061546791 9.9569042026996595
leaf_count=187 4 70 28 62 28 30 10 483 12 87 97 19 45 27 7 22 17 120 16 34 28 28 142 127 11 31 14 46 10 42
internal_value=0.000650013 0.0218273 -0.00021308 0.00316847 -0.013453 0.000203486 -0.000150751 0.000269461 -0.00459159 0.0147154 0.0347196 0.00420543 0.0256344 0.00541804 -0.0177338 -0.0111022 -0.0186211 0.00411472 0.0259891 0.00766291 -0.0134947 0.000881713 0.00860347 0.0044157 -0.00784868 0.0147521 0.0423195 -0.0106485 -0.0340536 -0.0041402
internal_weight=332.275 13.0118 319.263 7.64435 5.6954 316.461 314.149 310.959 139.129 35.0852 19.1537 171.83 23.0728 14.7271 9.87373 104.044 69.6361 34.4083 16.4282 11.0153 7.86081 148.757 78.9384 72.1538 69.8186 45.0622 11.5214 66.8851 14.5523 52.3328
internal_count=1884 164 1720 94 32 1692 1662 1652 916 196 109 736 98 53 26 720 500 220 100 78 62 638 342 314 296 187 45 285 56 229
is_linear=0
shrinkage=0.05


Tree=89
num_leaves=31
num_cat=0
split_feature=63 7 26 72 31 15 30 78 33 78 50 36 36 11 76 12 39 26 13 5 5 17 3 11 2 2 24 13 64 48
split_gain=2.33681 1.95507 1.80456 2.62746 2.17144 2.90766 2.72215 2.57521 4.16635 3.91165 3.01929 3.88176 3.23077 2.58078 3.55728 3.14654 4.5661 6.63744 5.85196 4.42793 4.12455 9.26005 8.60372 8.61083 9.27296 9.88269 5.75235 4.48261 5.3935 4.07207
threshold=0.0011500000255182388 0.014050000347197058 0.33859999477863317 0.0029499999945983295 0.0010500000207684936 0.27245000004768377 0.0058000001590698966 0.0044977304060012111 0.0015499999863095584 0.002548185759223998 0.021500000730156902 0.018949999473989013 0.016950000077486042 0.14710000157356265 0.55461177229881298 0.0096500003710389155 0.0020500000100582842 0.0099499998614192026 0.03590000048279763 0.0058500000741332778 0.0010500000207684936 0.0010500000207684936 0.0017499999958090486 0.0030500000575557355 0.0039500000420957812 0.013150000013411047 0.0011500000255182388 0.0048500001430511483 0.0011500000255182388 0.0001499999962106813
decision_type=2 2 2 2 2 2 2 2 2 2 2 2 2 2 2 2 2 2 2 2 2 2 2 2 2 2 2 2 2 2
left_child=1 2 3 4 6 -6 7 9 -9 10 11 12 13 14 15 16 17 20 -18 -17 -1 -22 29 -24 -25 26 -26 -27 -29 -23
right_child=-2 -3 -4 -5 5 -7 -8 8 -10 -11 -12 -13 -14 -15 -16 19 18 -19 -20 -21 21 22 23 24 25 27 -28 28 -30 -31
leaf_value=-0.0022989713202444611 0.051246274480745091 0.05587402187038204 0.063436963837697355 -0.052460715026147221 0.014990044873401344 -0.056768309885981687 -0.027862347502997233 0.043117457789530446 -0.030836799853755367 -0.038455948085420598 0.034815541400489973 -0.03377105744515084 0.068073423932231827 -0.021349183172426404 0.051679913372443646 -0.016749706604918146 -0.040580990571086287 0.050438801396796407 0.058402166833873781 0.049694978805378265 0.08029595360602225 -0.046627745033971643 0.084128000486328611 -0.047530239088251269 0.07936861339564738 -0.039604852219747029 -0.011819107751817472 0.058485866144357683 -0.037393760078384797 0.020007293669810387
leaf_weight=116.69976164773107 2.2638296149671069 1.5733073968440283 1.117283523082732 2.3888247320428482 33.384581174701452 1.4740197248756874 9.3043970763683301 7.5379807185381633 2.5482584517449141 6.9018854293972245 5.9743919763714066 8.8010092023760063 1.7319172881543625 13.940181301906703 3.3855798076838246 38.617150668054819 10.571680825203655 7.653023174032568 1.7388014066964377 2.6814892273396245 4.8866273611783972 8.6195568740367872 4.636828923597931 5.5123342899605658 8.2642235700041073 5.4763735681772214 2.1871830336749545 3.8934260793030262 2.3533074427396059 3.1235424578189841
leaf_count=538 82 31 7 57 188 17 104 56 16 50 38 55 6 81 26 257 67 36 8 10 16 14 14 19 28 16 8 22 9 8
internal_value=0.000621649 0.000271151 2.31619e-06 -0.000216238 0.00017147 0.0119557 -0.00125962 -0.000368408 0.0244331 -0.00130304 -0.000319619 -0.00114353 2.38948e-05 -0.000458645 0.000805865 4.68234e-05 0.00282407 0.00491416 -0.0266001 -0.0124355 0.00281096 0.0149925 0.00775091 0.0210674 0.0105063 0.0249336 0.0602856 -0.00658354 0.0223655 -0.0289035
internal_weight=329.243 326.979 325.406 324.288 321.9 34.8586 287.041 277.737 10.0862 267.65 260.748 254.774 245.973 244.241 230.301 226.915 185.617 173.306 12.3105 41.2986 165.653 48.9534 44.0668 32.3237 27.6868 22.1745 10.4514 11.7231 6.24673 11.7431
internal_count=1884 1802 1771 1764 1707 205 1502 1398 72 1326 1276 1238 1183 1177 1096 1070 803 728 75 267 692 154 138 116 102 83 36 47 31 22
is_linear=0
shrinkage=0.05


Tree=90
num_leaves=31
num_cat=0
split_feature=63 7 76 76 76 15 28 69 56 37 14 5 17 76 2 21 9 3 76 14 8 2 48 43 30 4 48 9 14 5
split_gain=2.22181 1.85121 1.74227 5.52965 3.76887 1.91966 4.68578 6.04106 4.94251 4.05033 7.73103 6.25892 5.28021 8.43854 7.37299 5.27127 5.62927 5.59346 7.80038 5.4511 5.95033 5.84216 6.57462 4.78698 4.54535 6.81729 6.39759 4.51172 6.0539 4.41944
threshold=0.0011500000255182388 0.014050000347197058 1.0000000180025095e-35 0.0024492300581187014 0.0036469249753281478 0.0010500000207684936 0.0013499999768100681 0.0016499999910593035 0.0054500000551342973 0.0017499999958090486 0.0018500000005587938 0.0021499999566003685 0.0010500000207684936 0.012880790513008835 1.0000000180025095e-35 1.0000000180025095e-35 0.0022500000195577745 0.0016499999910593035 0.024521163664758209 1.0000000180025095e-35 0.0023500000825151805 0.10009999945759775 1.0000000180025095e-35 1.0000000180025095e-35 1.0000000180025095e-35 1.0000000180025095e-35 1.0000000180025095e-35 0.0012500000302679839 0.0040500001050531873 0.0012500000302679839
decision_type=2 2 2 2 2 2 2 2 2 2 2 2 2 2 2 2 2 2 2 2 2 2 2 2 2 2 2 2 2 2
left_child=1 2 -1 -4 -5 6 8 -8 9 12 -11 -12 14 -14 -6 16 17 -15 -19 20 -20 22 27 -17 25 -16 -27 28 -21 -22
right_child=-2 -3 3 4 5 -7 7 -9 -10 10 11 -13 13 15 24 23 -18 18 19 21 29 -23 -24 -25 -26 26 -28 -29 -30 -31
leaf_value=-0.02281622427237625 0.051186057850472824 0.055611960932072602 0.056343211958412742 -0.064164616023323004 0.053791052954348856 -0.0036315229069964388 -0.053065159171283897 0.060306200912661957 0.054598304797663838 0.045250609479297828 -0.021452615693542124 0.047284050279053004 -0.055068401358438129 -0.033651256744438654 -0.060327119712329791 -0.03409403965203902 0.045191662528675319 0.077042691206936034 -0.049958194314067124 0.06280418427117393 -0.038629017881001371 -0.054578387390526006 0.072893738810812223 0.045828096694165044 0.03080841184620119 0.055453087813816693 -0.04107690980423985 -0.053462506381833252 -0.056608753849777309 0.056382257823140491
leaf_weight=8.1549082994461042 2.1558908168226472 1.5034507382661093 4.3856785632669917 2.2856349553912869 9.5928058251738566 155.32643772102892 6.6044619865715486 1.4293171167373655 5.1174527108669272 15.703609921038149 12.579855371266605 4.4951968677341929 8.1920278891921026 9.7299618273973447 5.4119189307093638 15.830269297584893 8.0678105987608415 3.7837029322981826 8.0210987664759177 3.7258230820298177 2.0178772639483205 2.221378155052661 5.8389476742595434 2.1250665215775362 7.659390300512313 4.0311823189258575 2.9892590120434761 2.4520166292786598 1.4841882735490797 3.1107129603624344
leaf_count=15 82 31 18 17 33 1086 26 5 24 70 50 50 13 25 48 60 39 13 33 12 11 5 22 10 39 18 13 3 3 10
internal_value=0.000595506 0.000258744 5.88761e-07 0.000592763 -0.000196397 0.000279011 0.00426947 -0.0328949 0.00634027 0.00456441 0.01993 -0.00335693 -0.000174371 -0.00711193 0.017728 -0.0013691 0.00691075 -0.000375745 0.00953888 0.000692454 -0.0230636 0.0205613 0.0329244 -0.024635 0.00050967 -0.0181569 0.0143512 0.00246518 0.0287867 0.0189995
internal_weight=326.027 323.871 322.368 314.213 309.827 307.542 152.215 8.03378 144.182 139.064 32.7787 17.0751 106.285 76.6009 29.6846 68.4089 50.4535 42.3857 32.6557 28.872 13.1497 15.7224 13.501 17.9553 20.0918 12.4324 7.02044 7.66203 5.21001 5.12859
internal_count=1884 1802 1771 1756 1738 1721 635 31 604 580 170 100 410 259 151 246 176 137 112 99 54 45 40 70 118 79 31 18 15 21
is_linear=0
shrinkage=0.05


Tree=91
num_leaves=31
num_cat=0
split_feature=32 54 54 28 1 15 37 31 55 6 14 30 40 42 48 75 18 22 36 36 43 25 8 11 5 22 59 9 17 77
split_gain=2.15964 2.23851 2.19384 3.22957 3.15083 1.92407 2.01391 1.86811 3.08003 3.6653 3.24525 2.52521 2.43474 3.34351 2.41467 3.13207 3.02799 2.99949 3.11317 3.58325 3.46252 4.69477 3.43417 3.21115 5.41138 7.07474 6.75498 6.50299 7.08397 5.95938
threshold=0.0013499999768100681 0.20450000464916232 0.031350000761449344 0.078549999743700041 1.0000000180025095e-35 0.053050000220537193 0.033099999651312835 0.0010500000207684936 0.0010500000207684936 0.19025000184774402 0.0023500000825151805 0.0058000001590698966 0.0014499999815598132 0.0023500000825151805 0.018150000832974914 0.0024500000290572648 0.0019500000635161998 0.076500002294778838 0.018050000071525577 0.010950000025331976 0.0021499999566003685 0.0059500001370906839 0.0069500000681728133 0.0048500001430511483 1.0000000180025095e-35 0.0011500000255182388 1.0000000180025095e-35 0.0015499999863095584 0.0011500000255182388 0.0024492200464010243
decision_type=2 2 2 2 2 2 2 2 2 2 2 2 2 2 2 2 2 2 2 2 2 2 2 2 2 2 2 2 2 2
left_child=1 2 3 4 7 -4 -7 11 9 10 -9 14 -10 -14 15 16 17 18 19 23 21 22 -21 24 25 26 29 28 -26 -1
right_child=-2 -3 5 -5 -6 6 -8 8 12 -11 -12 -13 13 -15 -16 -17 -18 -19 -20 20 -22 -23 -24 -25 27 -27 -28 -29 -30 -31
leaf_value=-0.025064120251559942 0.041253761137299477 -0.078541953555258448 0.061853235766685812 -0.049175609905351067 0.052114414915209628 -0.050235090939296879 0.055796145076302754 -0.0015552651540279181 0.062378065735629186 -0.041870010521671823 0.052460484133360033 -0.027854575604173717 0.038580903129707154 -0.038171672631133829 0.058421753239236797 -0.044948290012531304 0.036248431477769252 0.035035144428897554 -0.022642907628520864 -0.016101314120035109 0.073176403879085486 -0.054603537333358709 0.057502995686537044 -0.0067231227008563103 0.076940901135411743 0.046797385195587821 0.044913851965073609 0.062750287355689244 -0.012023870147306244 0.0084480006254436663
leaf_weight=34.214219192042947 3.2286928109824649 0.90107040293514629 2.6912945676594964 3.3197026019915929 2.9181377533823243 1.0412143990397451 0.78580992855131615 11.926680210977798 4.2891350500285608 4.1460522254928938 3.6260579731315365 8.7224223865196091 4.4012645483016968 2.0939958766102791 1.7265373487025488 3.9754498004913321 5.5672914423048487 5.6410137899219981 16.771426042541862 2.4835110660642368 2.9665917828679076 2.0978793483227491 4.3789114579558372 132.67767021805048 2.8151545412838486 6.8497760798782101 5.7342677824199191 8.0886527150869352 10.906402518972753 21.666786519810557
leaf_count=193 76 7 14 57 67 15 7 67 21 30 24 101 20 11 13 22 59 28 95 16 10 11 16 675 9 42 23 33 25 97
internal_value=0.000565996 0.00015473 0.000377355 -0.000120407 0.000403752 0.0349699 -0.00463066 -8.65496e-05 0.0116622 -9.74498e-05 0.0110383 -0.00137815 0.0331425 0.0138368 -0.000518241 -0.000899608 -0.000233422 -0.00102282 -0.00183109 -0.000345039 0.026356 0.0108547 0.0308656 -0.00177342 0.00550118 -0.00140814 -0.00676716 0.0271904 0.0062284 -0.0120704
internal_weight=322.653 319.424 318.523 314.005 310.685 4.51832 1.82702 307.767 30.4832 19.6988 15.5527 277.284 10.7844 6.49526 268.562 266.835 262.86 257.292 251.651 234.88 11.9269 8.9603 6.86242 222.953 90.2753 68.465 61.6153 21.8102 13.7216 55.881
internal_count=1884 1808 1801 1765 1708 36 22 1641 173 121 91 1468 52 31 1367 1354 1332 1273 1245 1150 53 43 32 1097 422 355 313 67 34 290
is_linear=0
shrinkage=0.05


Tree=92
num_leaves=31
num_cat=0
split_feature=0 14 54 48 55 54 10 19 11 54 2 5 11 15 27 27 76 27 15 3 11 2 77 20 4 56 36 76 64 5
split_gain=2.08631 4.23575 3.39252 2.49089 1.85961 1.76877 2.57242 5.0159 3.82678 4.16836 4.52259 4.11049 3.86125 2.85297 2.76809 3.8301 2.84818 2.87434 4.41382 4.05235 6.12501 5.80197 5.10679 4.78432 4.73305 4.6755 6.05195 5.71236 8.15083 4.40939
threshold=0.0020500000100582842 0.0081500001251697558 0.82234999537467968 1.0000000180025095e-35 0.0012500000302679839 0.003249999950639904 0.0014499999815598132 0.0011500000255182388 0.010850000195205213 0.0011500000255182388 0.035350000485777862 0.0013499999768100681 0.10844999924302103 0.07739999890327455 0.0559499990195036 0.032300001010298736 0.76164582371711742 0.0010500000207684936 0.0085500003769993799 0.0018500000005587938 0.0040500001050531873 0.073399998247623457 0.0047950597945600757 0.018099999986588958 0.031199999153614048 1.0000000180025095e-35 0.0035500000230968003 0.020456618629395965 0.0010500000207684936 1.0000000180025095e-35
decision_type=2 2 2 2 2 2 2 2 2 2 2 2 2 2 2 2 2 2 2 2 2 2 2 2 2 2 2 2 2 2
left_child=5 3 -3 -2 -5 6 14 -8 -9 10 13 -12 -11 -10 15 16 17 18 19 20 22 23 25 24 -21 26 27 28 29 -1
right_child=1 2 -4 4 -6 -7 7 8 9 12 11 -13 -14 -15 -16 -17 -18 -19 -20 21 -22 -23 -24 -25 -26 -27 -28 -29 -30 -31
leaf_value=-0.021428038334649339 0.056542513192607446 0.054020683626770011 -0.14217931459616134 -0.038093750025733703 0.053435295795493977 -0.013123681660392243 -0.055543056585310863 0.073763605215904415 0.063541674991697286 -0.043651114083041655 -0.065481285933319283 0.044320570247067745 0.033200357742357245 -0.035042771275145358 -0.057881613339453054 0.046589389320315429 0.044573117198579558 -0.0092883627369050818 -0.03080923785568266 0.018107113737432828 -0.05679170054402799 -0.025153447081888693 0.048511279031864168 -0.058328462204220714 -0.019606475696246333 -0.060240023920348232 0.095638837415285671 -0.044186125201333186 0.10372527616138477 0.026785434984208181
leaf_weight=12.538120215758694 1.127746744081376 6.5474012130871415 0.22799779474735249 4.1936049871146679 0.639571277424693 24.652625984512269 2.1966998763382461 3.2514633368700769 7.3351870682090539 4.445707516744732 1.845266725867986 1.5840053688734768 2.5846371548250318 0.81545802205800999 2.0930177979171267 4.3100713845342389 3.3903731517493716 81.174708543345332 9.5635607745498401 90.252493750303984 5.7280478812754145 11.058186490088699 4.5257558301091185 2.2989413104951373 9.1639978513121587 3.8071663416922084 1.5236651748418797 7.5198702476918688 1.9554023705422867 7.6268862634897223
leaf_count=64 17 148 1 32 12 161 11 13 34 22 10 8 18 7 45 33 18 597 54 377 27 38 19 7 35 11 5 37 7 16
internal_value=0.000542667 0.0203724 0.0474184 -0.010369 -0.0259818 -0.000279351 0.000841169 0.0164793 0.0237163 0.0149723 0.0334102 -0.014763 -0.0153974 0.0536785 -0.000614094 -0.000146681 -0.000945627 -0.00156606 0.00217497 0.00417149 -0.00847331 0.00924235 -0.00146592 0.0129818 0.0146308 -0.00793367 -0.00154363 -0.00653932 0.00625878 -0.00319255
internal_weight=319.978 12.7363 6.7754 5.96092 4.83318 307.241 282.589 24.0584 21.8617 18.6103 11.5799 3.42927 7.03034 8.15065 258.53 256.437 252.127 248.737 167.562 157.999 45.2249 112.774 39.4969 101.715 99.4165 34.9711 31.1639 29.6403 22.1204 20.165
internal_count=1884 210 149 61 44 1674 1513 123 112 99 59 18 40 41 1390 1345 1312 1294 697 643 186 457 159 419 412 140 129 124 87 80
is_linear=0
shrinkage=0.05


Tree=93
num_leaves=31
num_cat=0
split_feature=7 21 47 0 79 7 4 4 70 25 47 14 41 0 21 2 4 19 12 37 21 3 77 65 62 13 4 28 3 46
split_gain=1.96556 2.30661 2.27592 2.17604 2.42783 1.90759 1.79914 2.93558 3.00778 2.19378 2.8612 2.79737 4.11983 5.64085 5.35368 4.75441 4.11297 3.25624 3.1171 4.155 2.74011 4.11156 4.51299 6.84256 4.9371 4.56367 4.32494 5.70524 3.53954 5.35288
threshold=0.0024500000290572648 0.0010500000207684936 0.088500000536441817 0.0010500000207684936 0.94197994470596325 0.0023500000825151805 0.13990000635385516 0.049799999222159393 0.0064499999862164268 0.070150002837181105 0.051649998873472221 0.0043500000610947618 0.0021499999566003685 0.0016499999910593035 0.0016499999910593035 0.010049999691545965 0.0097500002011656779 0.0030500000575557355 0.010850000195205213 0.007849999703466894 0.0018500000005587938 0.0028499999316409235 1.0000000180025095e-35 0.0018500000005587938 0.0010500000207684936 0.0088499998673796671 0.0048500001430511483 0.002549999975599349 0.0079499999992549437 0.0015499999863095584
decision_type=2 2 2 2 2 2 2 2 2 2 2 2 2 2 2 2 2 2 2 2 2 2 2 2 2 2 2 2 2 2
left_child=2 3 5 -2 -5 6 7 9 -9 11 -11 20 15 14 -14 -13 -16 -18 -17 -20 28 -22 23 24 25 -23 -24 -28 29 -1
right_child=1 -3 -4 4 -6 -7 -8 8 -10 10 -12 12 13 -15 16 18 17 -19 19 -21 21 22 26 -25 -26 -27 27 -29 -30 -31
leaf_value=-0.0022319919781929615 -0.026481773650156106 0.04699509124505049 -0.046268409728227294 0.058553109015649731 -0.0293032089680785 -0.03955544846907505 0.033084053604272051 -0.033910676866958346 0.049932930347113956 -0.026226855587323256 0.10229969439540128 0.060239065902070232 0.089373129531780449 0.058749591557454045 -0.045487700478208423 0.04015669629158021 -0.040484900958672625 0.017705975244076421 -0.043806199129446902 0.048985947399409091 -0.054600110575286846 -0.057596988131091202 -0.00018796937489825352 -0.054851294623601256 0.097859590328421675 0.066579829212494918 -0.039062023019734458 0.025695201977339596 0.017500866513445526 0.066928021474145588
leaf_weight=112.84127632901073 3.404888862743972 4.8516029752790928 2.6641719723120323 2.3749474370852117 1.1755766756832597 2.9954087138175955 4.1886199861764899 10.041928231716154 1.1971840821206559 10.463097387459126 0.4517090320587166 8.1021953374147433 1.2805317938327849 3.5232744710519901 7.4147045556455877 4.4717878140509111 3.3082837965339413 8.7958822157233936 3.96927191875875 1.733155410736799 4.4200677927583447 1.3849765248596653 44.508027346804738 1.8214549813419578 3.255796242505312 1.5885642915964124 18.366088351234797 4.1742800641804925 35.655349152162671 2.8689391277730456
leaf_count=491 19 70 28 65 10 12 33 64 6 135 1 46 5 42 59 30 14 51 31 13 48 16 305 12 12 5 73 23 153 12
internal_value=0.000516654 0.0205341 -0.000257019 0.00207678 0.0294639 0.000147781 0.000544435 8.34109e-05 -0.0249797 0.00107388 -0.0209078 0.00195117 0.0137239 0.000245135 -0.00966511 0.0316617 -0.0161625 0.00180137 0.00890425 -0.0156036 -0.000220938 -0.00773602 -0.00497777 0.0303942 0.05532 0.00874239 -0.00922503 -0.0270695 0.00372708 -0.000517227
internal_weight=317.293 11.807 305.486 6.95541 3.55052 302.822 299.826 295.638 11.2391 284.399 10.9148 273.484 42.5991 24.3227 20.7994 18.2764 19.5189 12.1042 10.1742 5.70243 230.885 79.5193 75.0992 8.05079 6.22934 2.97354 67.0484 22.5404 151.366 115.71
internal_count=1884 164 1720 94 75 1692 1680 1647 70 1577 136 1441 291 171 129 120 124 65 74 44 1150 494 446 45 33 21 401 96 656 503
is_linear=0
shrinkage=0.05


Tree=94
num_leaves=31
num_cat=0
split_feature=32 65 65 48 75 75 24 18 31 5 76 56 56 10 29 28 13 1 22 24 2 43 5 11 2 2 47 27 42 55
split_gain=1.90234 1.84181 1.86905 1.9271 2.14899 3.18591 2.32558 2.66534 2.23366 2.17433 1.96948 2.03463 2.4112 2.04253 3.93872 3.45827 2.98898 2.64463 2.55633 3.16603 6.30474 4.70338 3.99306 7.87528 12.687 9.23888 8.75056 6.45817 4.88316 5.03895
threshold=0.0013499999768100681 0.038150001317262656 0.014200000092387201 0.018150000832974914 0.0024500000290572648 0.0015499999863095584 0.0055499998852610597 0.0018500000005587938 0.002650000038556755 0.0015499999863095584 0.89929789304733287 0.62514999508857738 0.41175000369548803 0.0050500000361353168 0.0015499999863095584 0.078549999743700041 0.073150001466274275 1.0000000180025095e-35 0.063499998301267638 0.0010500000207684936 0.0010500000207684936 0.0055499998852610597 0.0010500000207684936 0.0030500000575557355 0.0039500000420957812 0.011549999937415125 0.0056499999482184657 0.0017499999958090486 0.0019500000635161998 0.0053499999921768912
decision_type=2 2 2 2 2 2 2 2 2 2 2 2 2 2 2 2 2 2 2 2 2 2 2 2 2 2 2 2 2 2
left_child=1 2 3 4 5 6 7 10 -6 -9 11 12 13 15 -15 17 -16 18 19 22 -21 -22 28 26 -25 27 -24 -26 29 -1
right_child=-2 -3 -4 -5 8 -7 -8 9 -10 -11 -12 -13 -14 14 16 -17 -18 -19 -20 20 21 -23 23 24 25 -27 -28 -29 -30 -31
leaf_value=-0.0080024819910014307 0.040212231629269353 0.054594200289354022 -0.033681314464162372 0.049172395789582837 -0.04632648835567852 0.038754380529393839 -0.050380770529771635 -0.046823355361554755 0.047140667968948495 0.055421967803099784 0.04908334872101406 -0.055052260247237632 0.069742940597134276 -0.048789313417421876 0.052047185846490221 -0.059166395049067178 -0.05830440901819655 0.052055365314601837 0.028411420764274178 0.045069919145862863 -0.029277919296724436 0.077119998455290939 0.071112114996791626 -0.047656896965542359 0.075470851325684318 -0.00036093327266574602 -0.054697848238202867 0.0019637371094843592 0.023339068111461178 0.066545008677410686
leaf_weight=149.26128975860775 2.9858139278367153 1.5435155797749747 4.1032326426357022 2.0030079800635567 4.2909386157989493 5.3490893542766562 2.2893054485321036 0.61084501631557842 0.75109091401100148 3.4951479136943817 2.000037762336432 1.7119340524077404 1.2206585966050614 1.512442160397766 5.936599095351994 2.5678930222056797 0.68436684273183335 2.340163334272801 7.0369845815002909 3.6151654738932875 26.653277553617958 1.0808029416948546 8.5472801886498893 10.110646884888409 8.5028544440865499 31.289089869707823 1.6487238556146628 4.6070937663316718 14.671856421045957 2.3017615452408782
leaf_count=829 76 9 30 17 29 33 19 8 4 49 22 14 6 6 37 51 5 54 40 16 129 5 30 35 30 161 2 23 104 11
internal_value=0.000491901 0.00011146 -0.000159645 0.000289723 -3.22645e-05 0.000513521 -0.00018296 0.000211396 -0.0324031 0.040211 -0.000360263 -0.000706876 -0.000378811 -0.000681942 0.0240109 -0.0014143 0.0406408 -0.000868404 -0.00132825 -0.00212614 -0.017036 -0.0251316 -0.000102189 0.0104359 0.00289177 0.0144028 0.0507683 0.049639 -0.00420407 -0.00687034
internal_weight=314.723 311.737 310.194 306.09 304.087 299.045 293.696 291.407 5.04203 4.10599 287.301 285.301 283.589 282.368 8.13341 274.235 6.62097 271.667 269.327 262.29 31.3492 27.7341 230.941 64.7057 54.5097 44.399 10.196 13.1099 166.235 151.563
internal_count=1884 1808 1799 1769 1752 1719 1686 1667 33 57 1610 1588 1574 1568 48 1520 42 1469 1415 1375 150 134 1225 281 249 214 32 53 944 840
is_linear=0
shrinkage=0.05


Tree=95
num_leaves=31
num_cat=0
split_feature=63 26 15 31 4 12 34 2 45 30 78 33 36 50 50 78 65 0 59 25 55 78 12 39 71 22 9 52 9 14
split_gain=1.82369 1.69932 1.89453 1.86238 2.98277 3.41417 3.01366 2.66048 3.07668 2.47129 2.63219 3.61909 3.51043 3.57691 3.35879 2.70522 3.53231 3.109 2.53524 4.38181 4.32437 3.65025 4.34797 4.19547 4.3748 4.22375 6.51631 5.57398 5.45452 4.77385
threshold=0.0011500000255182388 0.33859999477863317 0.35879999399185186 0.0010500000207684936 0.0023500000825151805 0.10315000265836717 0.0014499999815598132 0.12215000018477441 0.0050500000361353168 0.0058000001590698966 0.0044977304060012111 0.0015499999863095584 0.086449999362230315 0.021500000730156902 0.011200000066310169 0.0017494051717221739 0.0044499998912215242 0.0021499999566003685 0.0011500000255182388 1.0000000180025095e-35 0.0043500000610947618 0.001599205192178488 0.0069500000681728133 0.0019500000635161998 1.0000000180025095e-35 0.0035500000230968003 0.0021499999566003685 0.0012500000302679839 0.0021499999566003685 0.0014499999815598132
decision_type=2 2 2 2 2 2 2 2 2 2 2 2 2 2 2 2 2 2 2 2 2 2 2 2 2 2 2 2 2 2
left_child=1 2 3 9 7 -6 -7 8 -5 10 12 -12 13 14 15 17 -17 18 20 -20 21 22 23 24 25 26 -1 -28 29 -27
right_child=-2 -3 -4 4 5 6 -8 -9 -10 -11 11 -13 -14 -15 -16 16 -18 -19 19 -21 -22 -23 -24 -25 -26 28 27 -29 -30 -31
leaf_value=-0.0015303244074291922 0.051038164671644876 0.061582931135862932 -0.039730106011812323 0.00038300653229690596 0.038646167296971005 -0.030068648607658177 0.043332163384352015 0.063941989533544102 -0.05863749017787713 -0.026793841636516033 0.043672480027236622 -0.026753358148115847 -0.056089839335708429 0.037972157153038366 -0.040096786429822839 -0.037903667161945556 0.074176034592139062 0.053500639117201654 0.039549475898554919 -0.00065319265496307502 -0.0398407992514941 0.060944980561465426 -0.020314082677543595 -0.030012152320808845 -0.032162290195369467 0.095415281627646509 0.047057426037341199 -0.03252959563225067 -0.021562628374800372 0.026277065034698482
leaf_weight=113.68923117499799 1.7728995010256756 1.1227821875363577 2.9777512485161415 9.401370585896073 13.128508117049934 4.2676646225154391 2.0799462739378214 1.2197975516319264 2.8859023340046397 8.9876310238614661 7.1140816202387196 2.4532899213954806 2.8696070276200762 5.9078824259340754 5.4818873032927504 7.900904377922414 0.77163857221603382 2.7354915300384155 10.461498621851208 19.247967876493931 7.3317325310781589 2.3706667721271506 26.389051221311092 9.8824128145351988 8.0986827090382558 3.5232475772500029 12.64867305010557 2.6632059440016738 3.9026738703250876 8.569400900974868
leaf_count=425 82 9 43 63 82 23 17 4 24 111 65 19 18 39 38 59 4 52 44 121 39 7 198 64 71 10 59 12 38 44
internal_value=0.000471424 0.00018231 -4.08226e-05 0.000345422 0.0115679 0.0240896 -0.00601712 -0.00648734 -0.0134791 -0.00101045 -0.000132722 0.0256137 -0.00110081 -0.000473575 -0.00139813 -0.000514889 -0.0279314 0.000512137 -0.000121444 0.0135032 -0.00215482 -0.000713767 -0.00148567 0.001563 0.0036012 0.00559874 0.00259377 0.0332148 0.0298336 0.0464208
internal_weight=311.857 310.085 308.962 305.984 32.9832 19.4761 6.34761 13.5071 12.2873 273.001 264.013 9.56737 254.446 251.576 245.668 240.186 8.67254 231.514 228.778 29.7095 199.069 191.737 189.367 162.978 153.095 144.996 129.001 15.3119 15.9953 12.0926
internal_count=1884 1802 1793 1750 213 122 40 91 87 1537 1426 84 1342 1324 1285 1247 63 1184 1132 165 967 928 921 723 659 588 496 71 92 54
is_linear=0
shrinkage=0.05


Tree=96
num_leaves=31
num_cat=0
split_feature=7 15 77 28 69 37 14 5 12 33 46 22 8 25 44 28 5 11 22 76 17 5 76 3 11 29 16 19 6 26
split_gain=1.80938 1.68494 4.44989 3.8626 5.18716 3.70729 6.30909 4.96453 4.46732 5.40443 3.80184 3.54489 4.75473 4.58474 4.44455 4.1022 5.18888 3.72964 4.96481 3.3603 6.37685 6.73329 5.16732 5.99065 7.63002 4.5915 4.77083 4.97394 4.33611 3.77159
threshold=0.014050000347197058 0.0010500000207684936 0.15497639775276187 0.0013499999768100681 0.0016499999910593035 0.0017499999958090486 0.0018500000005587938 0.0017499999958090486 0.065250001847744002 0.0060499999672174462 0.0010500000207684936 0.0011500000255182388 0.023349999450147155 0.0058500000741332778 0.0017499999958090486 0.0015499999863095584 0.0050500000361353168 0.0062500000931322583 0.0043500000610947618 0.011601181235164406 0.0010500000207684936 1.0000000180025095e-35 0.024521163664758209 0.0016499999910593035 0.0011500000255182388 0.0036499999696388845 0.0014499999815598132 0.0012500000302679839 0.0086500002071261423 0.0010500000207684936
decision_type=2 2 2 2 2 2 2 2 2 2 2 2 2 2 2 2 2 2 2 2 2 2 2 2 2 2 2 2 2 2
left_child=1 2 3 5 -5 8 -7 -8 9 10 19 12 15 -14 -15 16 -3 18 -13 20 21 -1 23 24 29 -24 27 -27 -29 -21
right_child=-2 11 -4 4 -6 6 7 -9 -10 -11 -12 17 13 14 -16 -17 -18 -19 -20 22 -22 -23 25 -25 -26 26 -28 28 -30 -31
leaf_value=-0.01330002140451814 0.054118489853577603 -0.03670593248004022 0.051816623001982601 -0.053459485694076249 0.055502029524891749 0.044205328090860578 -0.018025977873456962 0.046088255887396054 -0.059313036352358531 0.067984078191621777 0.067792760948556449 0.062858933149812432 0.032167043643775255 -0.046321073287140947 0.035422122236036906 -0.0037719024959271537 0.062112478819962624 -0.00041631821746375734 -0.01001973290042346 0.080284895567773185 -0.054862727087316432 0.073262069567687771 -0.012504250093247097 0.064656479808775758 -0.039934662292386049 0.074367041328647188 -0.030175566016255279 -0.00098783644681696013 0.067245873495676844 -0.027968854516221598
leaf_weight=15.674853343516594 1.562540017068385 27.638776317238811 4.6800042716786256 5.906156317330896 1.3400803431868551 14.037887753918769 11.900208656676112 4.0458250837400547 3.0866363998502484 2.989735633134841 2.0208655940368763 5.6551162935793382 10.29243398550898 5.0164729170501223 2.4874550569802523 23.2476143296808 1.3955011991783965 70.598234138917178 3.9827255392447114 3.0929794758558256 7.809610813856124 2.6223668158054343 42.073141016066074 6.8000962510704985 4.8761285152286291 4.1870453357696595 4.663884423673152 11.724488876760004 2.9052648935466996 1.0874956399202345
leaf_count=67 50 162 78 25 5 63 51 42 15 11 10 30 62 38 12 188 10 575 35 11 14 7 179 26 18 12 17 53 13 5
internal_value=0.000449997 0.000177585 0.00379107 0.00232056 -0.0333087 0.00409378 0.0197606 -0.00175892 3.06752e-05 0.00165847 -0.00015182 -0.00360923 -0.0118253 0.0104976 -0.0192243 -0.0194239 -0.0319563 0.00356669 0.0327427 -0.00142889 -0.0170382 -0.000893899 0.00357671 0.0291894 0.00255913 -0.00261869 0.0150945 0.026315 0.0125624 0.0521241
internal_weight=309.402 307.839 157.525 152.845 7.24624 145.599 29.9839 15.946 115.615 112.528 109.538 150.314 70.0783 17.7964 7.50393 52.2819 29.0343 80.2361 9.63784 107.517 26.1068 18.2972 81.4105 15.8567 9.0566 65.5538 23.4807 18.8168 14.6298 4.18048
internal_count=1884 1834 722 644 30 614 156 93 458 443 432 1112 472 112 50 360 172 640 65 422 88 74 334 60 34 274 95 78 66 16
is_linear=0
shrinkage=0.05


Tree=97
num_leaves=31
num_cat=0
split_feature=0 14 54 48 15 28 37 29 7 12 33 14 46 69 70 41 40 17 5 76 64 3 77 79 41 35 11 3 11 78
split_gain=1.75779 3.65859 2.81203 2.11203 1.63801 4.80795 4.47845 5.77858 5.5132 4.3234 4.90784 3.99357 3.64703 3.29286 3.10559 4.62558 3.46295 3.37418 7.53775 7.44455 5.09828 6.24984 5.85854 4.88461 5.01142 4.48556 4.69899 7.02104 4.47078 4.37483
threshold=0.0020500000100582842 0.0081500001251697558 0.82234999537467968 1.0000000180025095e-35 0.0010500000207684936 0.0013499999768100681 0.0017499999958090486 0.0079499999992549437 0.0022500000195577745 0.065250001847744002 0.0060499999672174462 0.0020500000100582842 1.0000000180025095e-35 0.0016499999910593035 0.0018500000005587938 0.0010500000207684936 0.0010500000207684936 0.0010500000207684936 1.0000000180025095e-35 0.012880790513008835 0.0010500000207684936 0.0013499999768100681 0.0036971500376239423 0.938702553510666 0.0030500000575557355 1.0000000180025095e-35 0.0028499999316409235 0.0014499999815598132 0.0057500000111758718 0.00079980000737123202
decision_type=2 2 2 2 2 2 2 2 2 2 2 2 2 2 2 2 2 2 2 2 2 2 2 2 2 2 2 2 2 2
left_child=4 3 -3 -2 5 6 9 8 -8 10 12 -10 14 -7 16 -16 17 18 20 -19 21 22 -1 24 29 26 27 -25 -27 -21
right_child=1 2 -4 -5 -6 13 7 -9 11 -11 -12 -13 -14 -15 15 -17 -18 19 -20 23 -22 -23 -24 25 -26 28 -28 -29 -30 -31
leaf_value=-0.033998761274119667 0.055896389650699034 0.053181013997938779 -0.12049835901193624 -0.02539699657524468 -0.0041489634275012994 -0.052857347802373104 0.049380002510377143 -0.018750039049495085 0.044118946350145322 -0.058891574312979936 0.06649360124680613 -0.039531163750487763 0.065669349701584057 0.047717902830999338 -0.0045202552838431729 0.074009620527120401 -0.046978045741422336 -0.054611726828628193 0.069273878448024503 0.053947487599455848 0.10918524063486573 0.025062603717661794 0.07275870846072266 -0.038826229343199029 -0.049635682586847842 -0.021144598778670434 -0.025848603338864302 0.037925000096788453 0.10077235117389603 -0.026277167686658005
leaf_weight=13.464680768549448 0.97815794404595902 5.828253005631268 0.24276538193225849 4.3614485710859299 143.33182723913342 5.6600074833258978 16.703769572079189 6.5281369304284445 2.3541918806731692 2.9565810430794945 2.906051591038703 3.6220520790666342 2.116078743711113 0.95049085468053807 4.2414815165102473 3.3610747903585434 4.275358621031045 7.4620111323893061 4.8980516679584971 8.8623290657997114 1.0660390853881825 11.670280659571288 1.4206783846020687 4.6167595349252215 1.8877857550978649 1.3124258592724793 27.054012554697692 8.4031103216111642 1.7608419880270956 2.1025208700448266
leaf_count=56 17 148 1 44 1040 26 90 27 14 15 11 14 10 4 25 10 49 14 16 31 5 51 5 12 5 8 79 35 5 17
internal_value=0.000428407 0.0196841 0.046236 -0.0105049 -0.000316432 0.00330572 0.00520628 0.0227029 0.0346346 0.000794578 0.00235787 -0.00657929 0.000663114 -0.0383961 -0.000612234 0.0301976 -0.00294857 -0.000987341 0.0121088 -0.00769819 0.00197192 -0.00233201 -0.0238097 -0.00144693 0.0256096 -0.0095065 -0.013971 0.0107095 0.0487082 0.0385643
internal_weight=306.399 11.4106 6.07102 5.33961 294.989 151.657 145.046 29.2082 22.68 115.838 112.882 5.97624 109.976 6.6105 107.859 7.60256 100.257 95.9815 32.5197 63.4618 27.6217 26.5556 14.8854 55.9998 12.8526 43.1472 40.0739 13.0199 3.07327 10.9648
internal_count=1884 210 149 61 1674 634 604 145 118 459 444 28 433 30 423 35 388 339 133 206 117 112 61 192 53 139 126 47 13 48
is_linear=0
shrinkage=0.05


Tree=98
num_leaves=31
num_cat=0
split_feature=0 14 54 5 48 25 19 48 6 11 75 57 41 28 43 56 28 78 40 14 5 22 17 3 6 78 35 9 15 60
split_gain=1.63613 3.43987 2.57712 1.99905 1.65948 1.59783 4.28687 5.93024 3.9451 3.95444 2.90521 2.52559 2.71461 3.23782 2.5887 2.34397 2.27618 2.21506 3.6258 2.75523 2.1741 2.13978 2.20201 4.63232 4.35456 2.91604 2.41296 2.41337 3.41113 3.97674
threshold=0.0020500000100582842 0.0081500001251697558 0.82234999537467968 0.0024500000290572648 1.0000000180025095e-35 0.0079499999992549437 0.0015499999863095584 1.0000000180025095e-35 0.0014499999815598132 0.4731499999761582 0.0010500000207684936 0.0055499998852610597 0.0015499999863095584 0.0027499999850988392 0.0055499998852610597 1.0000000180025095e-35 0.051300000399351127 0.0038981504039838914 0.0027499999850988392 0.038700001314282424 0.0081500001251697558 0.13255000114440921 0.036949999630451209 0.051500000059604652 0.0011500000255182388 0.002548185759223998 0.0030500000575557355 0.0073500000871717939 0.00335000001359731 1.0000000180025095e-35
decision_type=2 2 2 2 2 2 2 2 2 2 2 2 2 2 2 2 2 2 2 2 2 2 2 2 2 2 2 2 2 2
left_child=5 3 -3 4 -2 17 20 -8 10 11 -9 12 -10 14 -14 -13 -11 21 19 -19 -7 22 23 25 -24 26 27 28 -1 -30
right_child=1 2 -4 -5 -6 6 7 8 9 16 -12 15 13 -15 -16 -17 -18 18 -20 -21 -22 -23 24 -25 -26 -27 -28 -29 29 -31
leaf_value=0.0028842203276244678 0.056513311460454269 0.052556132139456535 -0.11249528295595633 0.053174821599559288 -0.037162860961262166 -0.055253299727132166 0.031013274164157553 0.065936365296384497 -0.046010764158312394 0.045491825014753018 -0.042700700889865544 -0.038736954197132779 -0.0099844768189641681 -0.034558155468629545 0.078017830744599476 0.058012219672436166 -0.018225822006703269 0.053963947524102877 -0.054668421108013204 -0.044681526321619446 0.069985627097563216 0.05215175352331524 0.063631324729608835 0.038794973746432607 -0.031078949639889358 -0.053262750687400162 -0.056006421511851312 0.029712879173152691 -0.026031598669204365 0.011454144558559989
leaf_weight=166.8709717458114 0.54206654056906511 5.6082699717953801 0.24691565334796894 1.007128909230232 3.6984852645546198 5.734936609864234 9.9456823142245394 2.4904966335743661 13.871800563763836 3.3725412413477889 0.81738244555890549 1.0370715735480183 1.9579948335885986 5.4296123217791319 1.4578907079994676 1.5795087236911056 2.3983582518994808 5.7950878851115695 1.139446811750531 0.80634803138673294 0.36881479620933522 1.9890109933912743 1.3655808381736267 7.9075715485960236 10.907837741076944 2.5561479181051245 1.8745647650212038 7.0579188000410786 23.238192470744252 10.172189531847833
leaf_count=688 12 148 1 23 26 75 78 13 162 19 5 8 18 66 5 9 22 48 7 5 1 10 12 53 56 23 31 32 183 45
internal_value=0.000409359 0.0192485 0.0455958 -0.0101489 -0.0251883 -0.000306622 -0.00839901 -0.0029931 -0.0128214 -0.0183422 0.039092 -0.026851 -0.0322088 -0.0105642 0.0275747 0.0196661 0.0190111 0.00138304 0.0276978 0.0419147 -0.0476858 0.000512307 6.94916e-05 0.00122101 -0.0205412 -0.000182013 0.00046652 0.000977095 -3.55546e-05 -0.0146186
internal_weight=303.246 11.1029 5.85519 5.24768 4.24055 292.143 50.4621 44.3583 34.4127 31.1048 3.30788 25.3339 22.7173 8.8455 3.41589 2.61658 5.7709 241.681 7.74088 6.60144 6.10375 233.94 231.951 219.678 12.2734 211.77 209.214 207.339 200.281 33.4104
internal_count=1884 210 149 61 38 1674 481 405 327 309 18 268 251 89 23 17 41 1193 60 53 76 1133 1123 1055 68 1002 979 948 916 228
is_linear=0
shrinkage=0.05


Tree=99
num_leaves=31
num_cat=0
split_feature=7 15 44 3 10 3 11 2 56 28 76 65 40 71 43 12 6 58 76 77 77 12 70 20 50 24 5 13 5 5
split_gain=1.65101 1.51056 1.76756 3.4838 4.53413 3.4857 3.18355 3.44409 3.16338 3.33961 2.73771 4.15163 3.56466 4.77139 4.86897 4.64697 5.20204 3.82177 3.49061 3.04346 5.77405 5.12877 4.68715 3.93658 3.31565 3.16445 6.53077 6.72763 5.56111 7.78207
threshold=0.014050000347197058 0.53134998679161083 0.0046500000171363362 0.0088499998673796671 0.0013499999768100681 0.017849999479949478 0.22214999794960025 0.14914999902248385 0.017649999819695953 0.053200000897049911 0.53759083151817333 0.003249999950639904 0.0011500000255182388 0.011049999855458738 0.0053499999921768912 0.027050000615417961 0.014849999919533731 0.0010500000207684936 0.32322224974632269 0.043573155999183662 0.1105298548936844 0.0060499999672174462 0.0022500000195577745 0.0012500000302679839 0.0068500000052154073 0.0010500000207684936 0.0027499999850988392 0.0016499999910593035 0.0019500000635161998 0.0010500000207684936
decision_type=2 2 2 2 2 2 2 2 2 2 2 2 2 2 2 2 2 2 2 2 2 2 2 2 2 2 2 2 2 2
left_child=1 2 6 -4 8 -6 10 -8 -5 -10 12 -12 13 14 18 17 -17 -14 19 22 -21 -22 23 24 25 26 28 -28 29 -1
right_child=-2 -3 3 4 5 -7 7 -9 9 -11 11 -13 15 -15 -16 16 -18 -19 -20 20 21 -23 -24 -25 -26 -27 27 -29 -30 -31
leaf_value=-0.0011291778204243609 0.054089129788521255 -0.054113220816271436 0.044696909381816988 -0.011888934763081388 -0.058910769026853972 0.032767178316113664 -0.049203349294741128 0.057486508048075917 0.051240764533065787 -0.046428744899001673 0.054408156073843097 -0.02232449196946016 -0.046099653284223323 -0.045388015655885065 0.058734628858839066 0.040427203278202192 -0.044073489804467098 0.020663758663132647 -0.027793633564546991 -0.047947821482620501 0.063436153849530094 -0.045117406816423823 0.045695717749297461 0.032920753515612043 -0.053470386380069207 -0.014266496781268312 0.0016822874841346724 0.070548329229737958 -0.038350606526382357 0.041531695303754217
leaf_weight=89.881726244464517 1.4246204700320948 1.2777732568792988 5.8821086138486853 30.630679030902684 1.1151285022497166 14.76303670182824 5.8586865952238432 0.86857184022665013 4.0824601389467707 1.1140578035265205 5.2091229567304245 2.6644347384572029 13.388242854736747 5.483620702289044 3.6972342655062667 5.2648555655032379 2.7847002297639847 2.5521243615075937 10.1077389633283 7.7484618588350695 2.892115255817771 1.7443689499050377 6.5233230404555789 9.9712302349507791 2.7938845474272958 26.280295568518341 6.963362028822301 7.2272837040945888 8.412634418345986 12.13296816498041
leaf_count=447 50 21 28 217 5 134 42 7 21 18 39 24 173 67 19 31 52 24 75 39 21 11 26 43 15 121 15 29 20 50
internal_value=0.000390375 0.000134792 0.000367368 0.00823547 0.00408754 0.0263286 -0.00151703 -0.0354284 -0.00576942 0.0303018 -0.000540957 0.0284416 -0.00155134 0.000614157 0.00189872 -0.0197727 0.0111946 -0.0354105 0.000808124 0.00239161 -0.0215389 0.0225954 0.0041331 0.00247649 0.000501327 0.00150061 0.00482569 0.0367557 0.000722472 0.00394463
internal_weight=300.741 299.316 298.038 57.5875 51.7054 15.8782 240.451 6.72726 35.8272 5.19652 233.724 7.87356 225.85 201.86 196.377 23.9899 8.04956 15.9404 192.679 182.572 12.3849 4.63648 170.187 163.663 153.692 150.898 124.618 14.1906 110.427 102.015
internal_count=1884 1834 1813 423 395 139 1390 49 256 39 1341 63 1278 998 931 280 83 197 912 837 71 32 766 740 697 682 561 44 517 497
is_linear=0
shrinkage=0.05


Tree=100
num_leaves=31
num_cat=0
split_feature=4 77 6 35 65 69 14 15 66 66 65 60 17 76 5 77 64 79 25 36 3 13 30 35 4 55 2 9 40 30
split_gain=1.5767 1.97436 2.27727 1.92521 2.2927 2.28638 2.47965 3.07284 2.85598 2.71834 3.92867 2.75594 2.54683 8.8353 5.39215 5.52718 5.80189 4.77306 4.85823 4.83458 4.91593 4.12138 3.85529 4.85673 5.3453 3.36081 3.22293 4.40714 3.22528 3.22971
threshold=0.13990000635385516 0.0065953999292105445 0.0019500000635161998 0.0031500000040978198 0.038150001317262656 0.018050000071525577 0.01480000000447035 0.05034999921917916 0.0063000000081956395 0.0011500000255182388 0.0024500000290572648 0.0062500000931322583 0.0010500000207684936 0.012880790513008835 0.0018500000005587938 0.0021493949461728339 0.0010500000207684936 0.99895533919334423 0.0010500000207684936 0.0035500000230968003 0.0013499999768100681 0.0012500000302679839 1.0000000180025095e-35 0.0011500000255182388 0.0021499999566003685 0.034450000151991851 0.0085500003769993799 0.0011500000255182388 0.0035500000230968003 1.0000000180025095e-35
decision_type=2 2 2 2 2 2 2 2 2 2 2 2 2 2 2 2 2 2 2 2 2 2 2 2 2 2 2 2 2 2
left_child=3 2 -2 4 5 6 8 -8 9 12 11 -11 14 -14 15 16 17 -1 19 20 -19 -17 -15 25 -25 -24 27 -23 29 -28
right_child=1 -3 -4 -5 -6 -7 7 -9 -10 10 -12 -13 13 22 -16 21 -18 18 -20 -21 -22 26 23 24 -26 -27 28 -29 -30 -31
leaf_value=-0.040464431237576343 0.071395333246741285 0.04956951278431021 -0.051936961862543478 -0.019920061647933238 0.082836318197966483 -0.041248557332830685 0.036106047928231189 -0.01962314053895815 0.03765305642600654 -0.049167429890286544 0.068357745353761545 0.057917090189697401 -0.054865744586663046 0.0030587692746861005 0.064563521631983464 0.050594998885285236 0.094875325950127667 -0.025643511516449821 -0.057718279102134375 0.12512831054414572 0.035891771371988269 0.026193899212117584 -0.029793065643886948 -0.056235581515108893 0.036643686524115364 0.071035108936215494 -0.020787269092323923 -0.040932091300706554 -0.031284739511502103 0.073759875010948495
leaf_weight=10.83988692797721 0.53346231579780479 3.4614628721028566 1.2543511679396031 11.77733844053 0.84735456109046836 3.2466419767588368 9.8647572984918934 3.3012880897149435 4.9154281113296738 7.0724939312785846 0.93665607832372177 0.65661817789077748 7.770550660789012 149.2550021475181 4.1038958653807631 8.49793245829642 1.2654395885765541 6.2300681229680777 2.8206067122519007 0.91816069185733873 6.7752487044781446 4.4834600780159253 24.952801060862843 1.9869759045541266 7.0290544936433434 0.8547674436122169 1.1600951217114914 5.3786066062748432 1.4565202519297598 4.0796837229281664
leaf_count=55 2 60 15 177 2 24 111 37 29 71 6 3 20 732 15 42 7 51 38 3 31 25 178 25 48 4 7 40 12 14
internal_value=0.000371748 0.0275319 -0.0151361 -0.000115713 0.000715219 0.000466568 0.000956196 0.0221324 -0.000102134 -0.000819988 -0.0283505 -0.0400702 0.000134845 -0.00264098 0.00931506 0.00510894 -0.00981194 -0.0146146 0.00212028 0.0142423 0.0064139 0.0222886 -0.000436409 -0.0154169 0.0161747 -0.0264536 0.00776143 -0.0104155 0.0345317 0.052827
internal_weight=297.727 5.24928 1.78781 292.477 280.7 279.853 276.606 13.166 263.44 258.525 8.66577 7.72911 249.859 191.849 58.0096 53.9057 28.8494 27.584 16.7441 13.9235 13.0053 25.0563 184.079 34.8236 9.01603 25.8076 16.5584 9.86207 6.6963 5.23978
internal_count=1884 77 17 1807 1630 1628 1604 148 1456 1427 80 74 1347 1007 340 325 185 178 123 85 82 140 987 255 73 182 98 65 33 21
is_linear=0
shrinkage=0.05


Tree=101
num_leaves=31
num_cat=0
split_feature=7 47 76 32 54 54 28 1 8 29 53 2 6 37 8 52 78 17 75 26 22 8 29 33 45 3 3 11 78 77
split_gain=1.54581 1.48035 2.31796 1.78205 1.51232 1.79498 2.69185 2.34438 1.58815 4.17012 4.32489 3.44564 3.42611 4.34115 5.24581 4.12333 4.58539 5.94217 4.0078 4.22101 3.98773 3.39993 3.32286 6.01558 4.00428 3.30115 6.07029 4.73889 4.40943 6.92168
threshold=0.014050000347197058 0.088500000536441817 0.62276223301887523 0.0013499999768100681 0.20450000464916232 0.031350000761449344 0.078549999743700041 1.0000000180025095e-35 0.0068500000052154073 0.002549999975599349 0.0034500000765547161 0.0015499999863095584 0.014099999796599151 0.0038499999791383748 0.063799999654293074 0.0010500000207684936 0.0003999850014224649 0.0014499999815598132 0.0011500000255182388 0.003249999950639904 0.0014499999815598132 0.41320000588893896 0.0048500001430511483 0.012349999975413086 0.0063000000081956395 0.0076500000432133683 0.0098500000312924402 0.0061500000301748523 0.00024998500157380482 0.0074846658390015372
decision_type=2 2 2 2 2 2 2 2 2 2 2 2 2 2 2 2 2 2 2 2 2 2 2 2 2 2 2 2 2 2
left_child=1 3 -3 4 5 6 7 8 9 25 -11 -10 15 14 -14 16 17 22 21 -20 -16 -18 23 -13 -24 27 -27 -1 -29 -30
right_child=-2 2 -4 -5 -6 -7 -8 -9 11 10 -12 12 13 -15 20 -17 18 -19 19 -21 -22 -23 24 -25 -26 26 -28 28 29 -31
leaf_value=0.0020667336946278039 0.053936766876976294 -0.059768526235949984 0.055099578074710026 0.046127609425692037 -0.069026175831736744 0.033714693615098226 -0.048207944069910531 0.051763441639380153 -0.052393496998345272 -0.017365871995838899 0.04964453589409535 -0.05967267847502794 -0.037967355265110719 0.02191872022877496 0.035459077285369997 0.049618538730246943 -0.041372856114321899 0.057341137228770114 -0.056788262833204796 0.065814377791512849 -0.036597790399294172 0.046978610275166907 0.046762085933876346 0.099048887697661375 -0.056896917730241386 0.046307553372640663 0.0038819089423217674 -0.037193391339988301 0.084681900170288982 -0.042340608557824171
leaf_weight=69.875163582153618 1.3397203451022495 2.174954579211771 0.5503060296177863 2.1196850938722482 0.78872922901064058 3.964695547707378 2.8856818461790672 2.1982662919908753 2.4258959367871276 51.636416095308959 2.5256274668499819 3.5775743834674412 12.438861812464895 10.766886898316441 6.0071853529661876 8.1993485195562226 8.262300259433685 8.261926085688172 0.96368046849965994 2.5856680851429701 2.8220702903345227 1.2541731670498837 4.4717958532273769 0.71652022004127491 1.1768214814364908 10.109426204115151 50.790615803562105 16.218717458657924 2.0996181257069102 2.1923159584403038
leaf_count=332 50 26 5 53 7 36 57 63 22 324 15 32 110 71 36 54 44 34 5 14 27 6 19 2 7 42 268 103 6 14
internal_value=0.000350436 0.000106301 -0.0365735 0.000449416 0.000114638 0.000303709 -0.000161956 0.000330433 -7.42632e-05 -0.00233568 -0.0142411 0.00621004 0.00819825 -0.00395026 -0.0170463 0.0180584 0.00978307 0.0260037 -0.0128172 0.0325266 0.0124277 -0.029729 -3.62002e-05 -0.0331881 0.025166 0.0019266 0.0109246 -0.00413605 -0.0252675 0.0197989
internal_weight=295.401 294.061 2.72526 291.336 289.216 288.427 284.463 281.577 279.379 205.448 54.162 73.9307 71.5048 32.035 21.2681 39.4698 31.2705 18.2046 13.0658 3.54935 8.82926 9.51647 9.94271 4.29409 5.64862 151.286 60.9 90.3858 20.5107 4.29193
internal_count=1884 1834 31 1803 1750 1743 1707 1650 1587 1104 339 483 461 244 173 217 163 94 69 19 63 50 60 34 26 765 310 455 123 20
is_linear=0
shrinkage=0.05


Tree=102
num_leaves=31
num_cat=0
split_feature=26 72 1 74 74 20 56 35 60 0 74 4 23 55 72 47 53 17 55 40 50 12 40 12 40 69 56 17 46 30
split_gain=1.50115 2.02524 1.8176 1.65849 1.85678 4.61373 2.84627 3.27529 2.6138 2.35737 2.34009 3.77208 4.40353 3.06569 2.3277 1.90231 1.83819 4.39095 2.48221 3.60787 2.56361 2.56213 2.47503 3.38363 3.36763 2.51022 4.10771 3.83307 2.69323 3.19656
threshold=0.33859999477863317 0.0029499999945983295 1.0000000180025095e-35 0.084900002926588072 0.0015499999863095584 0.0018500000005587938 0.018450000323355201 0.0012500000302679839 0.015300000086426737 0.0012500000302679839 0.0075999998953193435 0.0021499999566003685 0.0018500000005587938 0.0048500001430511483 0.0012500000302679839 0.088500000536441817 0.0017499999958090486 0.0012500000302679839 0.0047000001650303611 0.02809999976307154 0.015850000083446506 0.32310000061988836 0.00335000001359731 0.03354999981820584 0.0029499999945983295 0.0043500000610947618 0.0053499999921768912 0.0012500000302679839 0.0010500000207684936 0.0021499999566003685
decision_type=2 2 2 2 2 2 2 2 2 2 2 2 2 2 2 2 2 2 2 2 2 2 2 2 2 2 2 2 2 2
left_child=1 2 3 4 8 6 10 -8 15 -7 13 14 -13 -6 -12 16 18 -18 21 20 -20 22 24 -24 25 28 27 -27 -1 -30
right_child=-2 -3 -4 -5 5 9 7 -9 -10 -11 11 12 -14 -15 -16 -17 17 -19 19 -21 -22 -23 23 -25 -26 26 -28 -29 29 -31
leaf_value=-0.00042501250195432582 0.060446936787316587 -0.050473580051326808 0.039804101503592815 0.051680770914498998 -0.047781334228935241 0.041558269968419465 0.061989903473094847 -0.054368600345435718 0.037287577184159953 -0.04117509810793582 -0.057389373996708917 0.069853785408427918 -0.029256898037770207 0.029699292485235063 0.029932383044186474 -0.053034750245720776 -0.056908292106939963 0.02950089686506396 -0.05105765368093175 0.063320659648530259 0.015584111917053202 -0.03846471605078472 -0.043652853635417981 0.012464687718038631 0.059288026091257641 -0.052147535539681336 -0.04124194566815078 0.063225212764492653 0.033883800769463741 -0.051678109097417817
leaf_weight=186.77942487038672 1.0348669365048397 1.9646500088274468 2.9065229417756191 1.5478638485074032 12.33060090523214 5.0638129264116278 1.9717911034822457 0.87233135569840659 4.9239981835708013 1.0373982721939681 3.6279573589563352 2.4920861683785915 2.0366317331790924 1.4241311214864243 0.96647840552031983 1.6484238067641843 1.6785137429833401 11.846913165412841 6.4930139370262605 1.0211147088557471 1.8555086404085157 4.0641520889475933 6.7408645078539831 4.4655732735991478 2.6082105962559572 0.82920606061816116 1.6209996547549961 5.46203060913831 10.126346770673988 1.2234828388318408
leaf_count=949 9 58 85 7 99 30 10 20 48 12 19 11 16 11 14 21 11 84 39 6 10 26 84 34 14 2 13 41 80 21
internal_value=0.000333579 0.000120263 0.000463415 6.46663e-05 -0.000215459 -0.0115993 -0.0208714 0.0263012 0.00121424 0.027491 -0.0267358 -0.00710073 0.0252822 -0.0397592 -0.0390205 0.000499352 0.000856894 0.0187775 -0.000182085 -0.0253952 -0.0362461 0.000872923 0.0016001 -0.021291 0.00282956 0.00211488 0.0297316 0.0480187 0.00101201 0.0246604
internal_weight=292.665 291.63 289.665 286.759 285.211 31.8232 25.722 2.84412 253.388 6.10121 22.8779 9.12315 4.52872 13.7547 4.59444 248.464 246.815 13.5254 233.29 9.36964 8.34852 223.92 219.856 11.2064 208.65 206.041 7.91224 6.29124 198.129 11.3498
internal_count=1884 1875 1817 1732 1725 242 200 30 1483 42 170 60 27 110 33 1435 1414 95 1319 55 49 1264 1238 118 1120 1106 56 43 1050 101
is_linear=0
shrinkage=0.05


Tree=103
num_leaves=31
num_cat=0
split_feature=68 35 37 32 25 71 24 19 74 66 15 28 3 29 16 16 54 69 14 14 44 13 11 9 11 8 9 50 3 36
split_gain=1.49205 2.1869 2.13285 1.88563 1.65172 2.7052 2.46132 2.00983 1.78118 1.68956 1.7224 3.38736 4.42905 6.55623 5.00075 5.6446 4.79041 4.24368 3.98249 3.85211 3.7378 5.21594 3.45814 5.55768 5.65244 4.97013 4.25775 4.5769 3.47259 3.15437
threshold=0.00045000000682193791 0.00335000001359731 0.022099999710917476 0.0013499999768100681 0.070150002837181105 0.087050002068281188 0.0034500000765547161 0.070150002837181105 0.084900002926588072 0.0075499999802559623 0.0010500000207684936 0.0013499999768100681 0.015050000045448543 0.0079499999992549437 0.0021499999566003685 0.0014499999815598132 0.0011500000255182388 0.0016499999910593035 0.0031500000040978198 0.0011500000255182388 0.0036499999696388845 0.019899999722838405 0.0028499999316409235 0.0022500000195577745 0.002650000038556755 0.0010500000207684936 0.0014499999815598132 0.0017499999958090486 0.0029499999945983295 1.0000000180025095e-35
decision_type=2 2 2 2 2 2 2 2 2 2 2 2 2 2 2 2 2 2 2 2 2 2 2 2 2 2 2 2 2 2
left_child=1 3 -3 4 8 6 7 -6 9 10 11 12 14 -14 15 16 18 -13 19 20 21 22 23 24 -1 -24 27 -27 -28 -12
right_child=-2 2 -4 -5 5 -7 -8 -9 -10 -11 29 17 13 -15 -16 -17 -18 -19 -20 -21 -22 -23 25 -25 -26 26 28 -29 -30 -31
leaf_value=-0.0019084952388061763 0.024168894768380716 -0.040400874976884084 0.021608620673638227 0.053975420667413565 -0.053582094527214685 0.048111037345271918 0.050773363347179801 0.053207085157172096 0.056205906290753928 0.032813361974397076 0.0054773144806533457 -0.052096705286750138 0.047486765031857003 -0.011160053842870554 0.081484713461666414 -0.050450063720851812 0.068380789814394813 0.051181255581792623 -0.037830837099350471 0.029047130041371345 0.046092933546022348 -0.07311596512608047 -0.033647355877733341 0.052708603228452625 0.092488633834934914 0.0045511879850793757 0.030856168433306203 0.076956872497415493 -0.044402404394348539 -0.011312134228950395
leaf_weight=41.034600215032697 6.4113957565277806 6.0652466146275392 1.7977176271378992 1.6398169836029399 5.5336182424798599 1.1642574612051246 0.75368400663137425 0.4787158416584133 1.4462245069444168 4.0005196621641508 47.198636999353766 5.1148169459775081 13.389613783918323 7.3987219026312223 1.9264100370928634 5.2399436309933654 2.7048098407685748 1.2347573637962339 6.2191658820956937 12.787271040491758 4.1406373418867579 2.5408277511596671 15.388374874368308 6.1145302504301062 1.6495854556560505 7.6181552000343817 2.1196682564914218 3.0589210875332355 5.5360360965132713 68.68909094016999
leaf_count=163 92 131 13 56 77 8 4 5 6 23 307 26 110 50 7 14 10 5 21 63 18 16 54 25 4 38 14 9 27 488
internal_value=0.000316161 -0.000222352 -0.0262236 0.000518071 0.000198705 -0.0222881 -0.034402 -0.0450793 0.00086772 0.000565834 7.17529e-05 0.00369953 0.00533245 0.0266139 0.00158574 0.000260604 0.00265637 -0.032013 0.0010135 0.00338219 -0.000296957 -0.00255515 -0.000382551 0.00812607 0.0017396 -0.0126956 0.00489114 0.025295 -0.0235652 -0.00447414
internal_weight=290.396 283.984 7.86296 276.121 274.482 7.93028 6.76602 6.01233 266.551 265.105 261.105 145.217 138.867 20.7883 118.079 116.153 110.913 6.34957 108.208 101.989 89.2013 85.0607 82.5199 48.7987 42.6842 33.7212 18.3328 10.6771 7.6557 115.888
internal_count=1884 1792 144 1648 1592 94 86 82 1498 1492 1469 674 643 160 483 476 462 31 452 431 368 350 334 192 167 142 88 47 41 795
is_linear=0
shrinkage=0.05


Tree=104
num_leaves=31
num_cat=0
split_feature=7 15 51 49 58 11 30 31 68 47 58 25 22 15 79 16 6 36 25 77 25 3 77 23 60 3 11 9 30 56
split_gain=1.3941 1.3416 1.56369 1.82002 1.8033 2.78958 2.09257 2.85319 2.27888 2.0812 2.69017 3.6454 2.75773 4.8045 2.93618 3.76786 3.20089 2.51302 3.25974 3.17473 4.1159 3.89241 3.72282 3.92559 2.94098 3.82729 5.35253 4.62353 6.26471 4.79099
threshold=0.014050000347197058 0.53134998679161083 0.0018500000005587938 0.0012500000302679839 0.01200000010430813 0.53370001912117015 0.010250000283122064 0.010699999984353782 0.00045000000682193791 0.088500000536441817 0.003249999950639904 0.0087500000372529047 0.011700000148266556 0.01415000017732382 0.85873460769653331 0.0016499999910593035 0.0024500000290572648 0.086449999362230315 0.0051500000990927228 0.11226893961429597 0.0010500000207684936 0.060099998489022262 0.046642055734992034 0.0016499999910593035 0.0016499999910593035 0.0053499999921768912 0.0061500000301748523 0.0022500000195577745 0.0012500000302679839 1.0000000180025095e-35
decision_type=2 2 2 2 2 2 2 2 2 2 2 2 2 2 2 2 2 2 2 2 2 2 2 2 2 2 2 2 2 2
left_child=1 2 4 -4 5 6 8 -8 9 10 11 12 13 17 -14 16 -16 18 19 22 -21 -22 24 -24 25 26 27 29 -29 -1
right_child=-2 -3 3 -5 -6 -7 7 -9 -10 -11 -12 -13 14 -15 15 -17 -18 -19 -20 20 21 -23 23 -25 -26 -27 -28 28 -30 -31
leaf_value=0.0045430122053687905 0.053621578254704795 -0.053645438625457113 0.045737389494880883 -0.044640219910681171 -0.027302057444203456 0.046386859865614943 -0.045202014469138227 0.065135366383395302 0.039715295725074359 -0.053419748955326224 0.025672152282758445 -0.018256108312299506 0.050979483745211385 -0.030059618006442492 0.066350784395353538 0.04982547272900837 -0.047851770191195193 -0.036989874897693439 0.029915761050003743 0.058993907915694865 -0.057873231753291225 0.061236662603641169 -0.03689477912095062 0.056874887708092209 -0.021391038074946408 0.013134224072924345 -0.024373856408610475 0.055407160518394109 -0.054247094083856612 -0.036809596447663996
leaf_weight=50.57088918145746 1.2206243313848961 1.1576075027696777 3.4181430572643867 0.66550543997436751 5.9871941367164245 3.2636064728721967 4.6273605786263934 0.67084247991442669 3.6542937047779551 1.8135929657146324 10.066940574906765 26.422105975914747 5.6304868310689908 12.477550700306891 0.74804072827100743 2.5542383911088109 3.4130014386028051 4.0654833856970063 10.436781710945068 5.1204525604844076 1.9032966494560244 1.0723567120730875 10.720124905928968 1.2458581160753954 12.680460677482186 62.855844480916858 22.012992968782783 7.6900694090872985 1.5681485794484613 8.1302810832858068
leaf_count=221 50 21 27 14 61 25 70 3 42 25 81 276 25 93 3 14 40 22 58 75 11 7 51 19 55 299 117 33 16 30
internal_value=0.000299966 7.29048e-05 0.000290725 0.0310087 -0.000155047 0.000435096 -0.000115951 -0.0312314 0.000501827 -4.26188e-05 0.000327732 -0.000687477 0.00137659 4.21964e-05 0.0243501 0.00202241 -0.0273213 0.0019195 0.00272653 0.00119737 0.0318169 -0.0149488 -0.000199445 -0.0271318 0.00174772 0.00366758 -0.00294593 0.00399487 0.036834 -0.00118444
internal_weight=287.864 286.644 285.486 4.08365 281.402 275.415 272.151 5.2982 266.853 263.199 261.385 251.318 224.896 212.551 12.3458 6.71528 4.16104 200.073 196.008 185.571 8.09611 2.97565 177.475 11.966 165.509 152.828 89.9724 67.9594 9.25822 58.7012
internal_count=1884 1834 1813 41 1772 1711 1686 73 1613 1571 1546 1465 1189 1107 82 57 43 1014 992 934 93 18 841 70 771 716 417 300 49 251
is_linear=0
shrinkage=0.05


Tree=105
num_leaves=31
num_cat=0
split_feature=26 72 1 31 15 36 49 27 78 35 77 19 49 30 36 78 76 17 26 33 14 15 77 77 3 16 3 17 6 6
split_gain=1.32575 1.86942 1.6026 1.40838 2.25266 1.93952 2.66955 3.07382 2.17669 2.25487 2.07879 2.97817 2.88512 2.05808 1.98114 2.23359 2.58384 3.91012 2.47868 2.66197 2.40155 2.85129 2.78762 6.77477 6.74034 6.21951 4.57776 4.63202 4.18324 7.03086
threshold=0.33859999477863317 0.0029499999945983295 1.0000000180025095e-35 0.0010500000207684936 0.27245000004768377 0.018050000071525577 0.0044499998912215242 0.0019500000635161998 0.0038964110426604752 0.0093499999493360537 0.0025491549167782073 0.025349999777972702 0.0011500000255182388 0.0089499996975064295 0.016950000077486042 0.00099976500496268294 0.10603514686226846 0.0010500000207684936 0.014849999919533731 0.0013499999768100681 0.01480000000447035 0.023850000463426117 0.0084380931220948713 0.0055973599664866933 0.0017499999958090486 0.0012500000302679839 0.00335000001359731 0.0014499999815598132 0.018849999643862251 0.0056499999482184657
decision_type=2 2 2 2 2 2 2 2 2 2 2 2 2 2 2 2 2 2 2 2 2 2 2 2 2 2 2 2 2 2
left_child=1 2 3 5 -5 8 10 -8 13 -10 -7 -12 -13 14 15 18 -17 -18 20 -20 22 -22 23 28 -24 -25 -26 -28 29 -1
right_child=-2 -3 -4 4 -6 6 7 -9 9 -11 11 12 -14 -15 -16 16 17 -19 19 -21 21 -23 24 25 26 -27 27 -29 -30 -31
leaf_value=-0.0030846748471723088 0.059298435331371885 -0.050269388767970317 0.03877398409231142 0.013301438510520465 -0.055964831770604628 0.031506033931990723 -0.025745281641721292 0.064070711619438794 0.046630157606462018 -0.025403303711369337 -0.04996118196887489 0.052052064503576315 -0.030916931545724415 -0.043500070883483392 0.065166694082879381 -0.057853310232023218 0.066972537867694679 -0.019303547030587242 0.050235445073010587 -0.021362905886620067 0.042065224634979595 -0.024099835023772768 0.051959664989990821 0.047674808534111962 -0.057289367258287718 -0.058413603504825842 0.031254988139305245 -0.015852852619474177 -0.027575131539227523 0.033861729990243832
leaf_weight=91.380520785227418 0.94856710266321798 1.8310280018486071 2.6969798468053332 28.116806430742148 1.2249298095703114 1.3894853517413164 1.8549823444336646 1.9582150317728517 4.6195185035467139 1.4204674605280159 8.6304620672017318 1.6815069653093804 2.7801684569567442 2.7774463612586251 1.1534323841333378 3.3554162709042421 1.5111767649650563 10.027040042914448 4.8229359891265622 1.7763136392459271 6.5168866617605072 2.1705850167199969 4.0271326657384625 12.291332721710203 5.7447137106209984 1.5564745068550099 5.9452283959835759 42.674185356125236 13.346674997359512 14.988808454945682
leaf_count=402 9 58 85 188 17 9 12 9 66 14 70 9 15 49 4 27 6 92 24 18 52 28 19 66 28 7 35 253 133 80
internal_value=0.000286059 8.91443e-05 0.000415613 4.58033e-05 0.0104098 -0.00116864 -0.0168426 0.0203785 6.67981e-05 0.0296895 -0.0266434 -0.0328148 0.000352251 -0.000724655 -0.00019258 -0.000531956 -0.0192345 -0.00800384 0.000812122 0.0309634 -0.00017957 0.0255337 -0.0013433 0.00264068 -0.0104562 0.0357506 -0.0150798 -0.0100925 -0.00118922 0.00212155
internal_weight=285.219 284.271 282.44 279.743 29.3417 250.401 18.2948 3.8132 232.106 6.03999 14.4816 13.0921 4.46168 226.066 223.289 222.135 14.8936 11.5382 207.242 6.59925 200.643 8.68747 191.955 133.564 58.3913 13.8478 54.3641 48.6194 119.716 106.369
internal_count=1884 1875 1817 1732 205 1527 124 21 1403 80 103 94 24 1323 1274 1270 125 98 1145 42 1103 80 1023 688 335 73 316 288 615 482
is_linear=0
shrinkage=0.05


Tree=106
num_leaves=31
num_cat=0
split_feature=7 33 25 19 25 3 36 27 5 60 8 69 28 49 78 29 42 29 71 60 59 12 3 12 9 30 36 60 3 76
split_gain=1.29685 1.20022 1.17744 3.51959 3.2446 3.18191 2.58662 3.02306 1.96786 1.94684 1.9483 2.53439 3.97998 2.36858 2.83707 2.91985 2.48152 4.84322 4.58658 3.89637 3.29636 5.64426 4.23124 4.16222 3.33963 4.76734 3.66919 3.86401 5.67104 6.44882
threshold=0.014050000347197058 0.19695000350475314 0.0079499999992549437 0.0017499999958090486 0.016449999995529655 0.002549999975599349 0.0028499999316409235 0.0087000001221895235 0.0081500001251697558 0.016449999995529655 0.030150000005960468 0.0017499999958090486 0.0011500000255182388 0.0013499999768100681 0.0021489603677764539 0.011850000359117987 0.0018500000005587938 0.0028499999316409235 0.0047500000800937423 0.0097500002011656779 0.0012500000302679839 0.0096500003710389155 0.015050000045448543 0.10730000212788583 0.0065500000491738328 1.0000000180025095e-35 0.0039500000420957812 0.0013499999768100681 0.0082499999552965182 0.078063063323497786
decision_type=2 2 2 2 2 2 2 2 2 2 2 2 2 2 2 2 2 2 2 2 2 2 2 2 2 2 2 2 2 2
left_child=1 2 9 8 6 -6 7 -5 -4 10 13 12 -12 16 -15 -16 18 19 20 -18 21 24 -23 -22 25 26 27 28 -1 -30
right_child=-2 -3 3 4 5 -7 -8 -9 -10 -11 11 -13 -14 14 15 -17 17 -19 -20 -21 23 22 -24 -25 -26 -27 -28 -29 29 -31
leaf_value=-0.0028259243614839943 0.053482778191883268 0.044247718722762036 -0.048977771128630776 0.03756854054659417 0.069950043166870424 0.002979445842732807 -0.040821548658759498 -0.043189097371069504 0.070005323652809134 0.038340241455920854 0.016341552074588258 0.053636444269050933 -0.042683570712197041 -0.034800347115084292 0.030606813880211744 -0.04764851088681768 0.057228653360713491 -0.026506033540075948 -0.032118181793740874 -0.053983164265209355 0.036015393072295031 -0.046051982101124996 0.0063873217163708199 -0.039106965710053503 0.045011009054521538 -0.028544517687858897 0.032274724461009187 -0.025976881572735228 0.056685623511850414 0.0055072520237158537
leaf_weight=69.111663091927767 1.1404096279293288 1.5280991010367859 5.9738039830699554 2.9352564485743624 1.9043745081871772 25.830820903647691 7.794546783901751 1.9147789273411033 0.36897054314613331 3.4877948509529224 19.081513182260103 3.4331144280731669 3.358609718270599 10.469927906990053 4.2332210130989543 1.6591806807555256 7.0350506044924241 3.4078038232401013 10.965930514037607 0.88687402382493008 11.919474507682024 11.169833676889541 5.8674186021089545 2.1812827950343481 4.4778281971812239 12.285432510077952 10.582287757657467 11.494730982929466 9.7592201605439204 16.668041359633207
leaf_count=284 50 19 86 26 10 279 66 26 1 55 112 32 32 61 36 12 32 27 103 6 54 73 36 10 19 97 55 66 38 81
internal_value=0.000270981 5.5629e-05 -0.000185326 -0.0074309 -0.00199202 0.00757783 -0.0229829 0.00568568 -0.0420563 0.00126426 0.00070215 0.0136281 0.00750727 -0.000935841 -0.0191812 0.0085717 0.000653702 0.0233371 -0.000802508 0.0447783 0.00127223 -0.000881045 -0.0279925 0.0243945 0.00255628 0.00109283 0.00418856 0.00141171 0.00470696 0.0244067
internal_weight=282.927 281.787 280.259 46.7226 40.3798 27.7352 12.6446 4.85004 6.34277 233.536 230.048 25.8732 22.4401 204.175 16.3623 5.8924 187.813 11.3297 176.483 7.92192 165.517 151.416 17.0373 14.1008 134.379 129.901 117.616 107.034 95.5389 26.4273
internal_count=1884 1834 1815 494 407 289 118 52 87 1321 1266 176 144 1090 109 48 981 65 916 38 813 749 109 64 640 621 524 469 403 119
is_linear=0
shrinkage=0.05


Tree=107
num_leaves=31
num_cat=0
split_feature=68 35 4 14 39 10 17 28 5 4 44 2 4 5 5 26 73 54 3 48 41 2 19 28 14 73 36 29 19 42
split_gain=1.29707 1.86385 2.457 2.12429 1.68188 1.6311 3.2307 2.03878 1.87918 1.91718 3.36903 2.86421 2.37844 2.1601 3.34587 2.4125 2.73059 2.24643 4.48361 3.39871 5.03045 4.80434 4.73428 2.70894 3.49979 3.35991 3.32654 3.31244 3.22228 4.23379
threshold=0.00045000000682193791 0.0030500000575557355 0.012249999679625036 0.020049999468028549 0.012200000230222942 0.0050500000361353168 0.052549999207258231 0.085100002586841597 0.020200000144541267 0.037900000810623176 0.0037500000325962905 0.0013499999768100681 0.036000000312924392 0.0086500002071261423 0.0081500001251697558 0.002650000038556755 0.0018500000005587938 0.0011500000255182388 0.002650000038556755 1.0000000180025095e-35 0.0036499999696388845 0.028050000779330734 0.0017499999958090486 0.0010500000207684936 0.0045499999541789302 0.0042499999981373557 0.0073500000871717939 0.0021499999566003685 1.0000000180025095e-35 0.0067499999422580012
decision_type=2 2 2 2 2 2 2 2 2 2 2 2 2 2 2 2 2 2 2 2 2 2 2 2 2 2 2 2 2 2
left_child=1 4 -3 -4 5 7 -7 8 9 12 11 -11 13 14 17 -15 -17 23 -19 20 -20 -21 -22 24 25 -1 -26 28 29 -25
right_child=-2 2 3 -5 -6 6 -8 -9 -10 10 -12 -13 -14 15 -16 16 -18 18 19 21 22 -23 -24 27 26 -27 -28 -29 -30 -31
leaf_value=-0.00073360678321024171 0.023327476754955168 -0.046817846758737597 0.039694805795611798 -0.032535028052679542 0.062399090287194071 0.043613653184584045 -0.020212719166162324 -0.06097753310321629 0.045977952606249872 0.02835618101065986 0.050906425412143734 -0.036061633372395721 0.064585598333953595 -0.036550505846655611 0.072572467283582923 0.060147878183056593 -0.056202342967866692 0.12627278043233775 0.059422642466624591 -0.034636893761717392 0.072745286452726224 0.017160819132989846 -0.052662175474797082 -0.047013208215270962 0.06321347291793071 0.053410099756575548 -0.014628849991626131 -0.029309235073496077 0.006372425231436803 0.096555398011595614
leaf_weight=137.54126389045268 5.9623912968672803 4.8408065522089583 2.1710341591387987 1.9165509892627595 1.0932453125715245 5.7170292744413 3.0351648484356701 1.3847118709236372 2.1896113231778136 2.0382351148873559 1.5866485740989436 11.24876379361376 1.4411973040550936 7.5006774757057411 1.6280766278505314 1.5410942947492006 0.74952294677495945 0.85423144698143261 6.56310190446675 7.1878131106495884 1.0824137926101687 11.868422270752488 2.4696415411308408 5.6497764568775919 4.3091994924470773 2.9262701412662855 2.0138760562986135 17.099772138521075 24.352618342265487 0.5648512765765189
leaf_count=672 92 119 18 26 4 46 50 21 28 11 21 84 7 20 7 12 8 2 35 57 3 67 15 50 26 17 14 172 178 2
internal_value=0.000255959 -0.000245055 -0.0227154 0.00582832 0.000510202 0.000254442 0.0214794 -0.000471792 -0.000142465 -0.000542857 -0.0179567 -0.0261799 0.000548418 0.000157196 0.00115283 -0.0228351 0.0220764 0.000634856 0.0133638 0.0100574 0.0334825 -0.00237674 -0.0144469 -0.00133058 0.00203235 0.000394334 0.038421 -0.0116867 -0.00182841 -0.0339642
internal_weight=280.528 274.566 8.92839 4.08759 265.637 264.544 8.75219 255.792 254.407 252.217 14.8736 13.287 237.344 235.903 226.111 9.79129 2.29062 224.483 30.0256 29.1714 10.1152 19.0562 3.55206 194.458 146.791 140.468 6.32308 47.667 30.5672 6.21463
internal_count=1884 1792 163 44 1629 1625 96 1529 1508 1480 116 95 1364 1357 1317 40 20 1310 179 177 53 124 18 1131 729 689 40 402 230 52
is_linear=0
shrinkage=0.05


Tree=108
num_leaves=31
num_cat=0
split_feature=4 4 70 29 32 4 4 7 13 65 47 7 10 27 27 6 19 17 13 3 28 46 21 3 19 7 46 2 56 2
split_gain=1.29875 1.85369 2.2101 2.14034 1.99597 1.94885 2.3147 2.46361 2.31811 1.78546 1.64666 1.66454 1.75003 2.65809 2.6409 3.05721 2.51404 3.32017 2.59326 3.25269 2.57608 2.59253 2.37956 5.28149 5.91744 4.41616 3.33302 3.10772 5.22405 5.61236
threshold=0.13990000635385516 0.049799999222159393 0.0057500000111758718 0.0013499999768100681 0.0013499999768100681 0.045649999752640731 0.044250000268220908 0.0024500000290572648 0.064550001174211516 0.038150001317262656 0.1200000010430813 0.0023500000825151805 0.0014499999815598132 0.0559499990195036 0.032300001010298736 0.25344999134540563 0.0010500000207684936 0.01544999983161688 0.0045499999541789302 0.10804999992251398 0.0019500000635161998 0.0012500000302679839 1.0000000180025095e-35 0.014349999837577345 0.0035500000230968003 1.0000000180025095e-35 0.0011500000255182388 0.0031500000040978198 0.0010500000207684936 1.0000000180025095e-35
decision_type=2 2 2 2 2 2 2 2 2 2 2 2 2 2 2 2 2 2 2 2 2 2 2 2 2 2 2 2 2 2
left_child=1 5 3 -3 -5 6 7 9 -9 10 11 12 13 14 22 -16 -14 20 19 -19 -18 -22 23 26 -25 -24 27 28 29 -1
right_child=-2 2 -4 4 -6 -7 -8 8 -10 -11 -12 -13 16 -15 15 -17 17 18 -20 -21 21 -23 25 24 -26 -27 -28 -29 -30 -31
leaf_value=0.016255755865458701 0.026393635050512183 0.029197664273286975 0.047675577743518341 -0.045864865012384584 0.035688405458039023 0.054656225791952763 -0.055218873216962422 0.052777091036566776 -0.029413373962018832 0.075139544765125688 -0.05178633437677127 -0.040316785967364849 -0.046084384737130349 -0.054391948895995558 0.059939489056074102 -0.055134296148798667 0.056271081430908025 -0.044763436195281121 0.018253485818970055 0.057947034501733621 -0.042265901591244534 0.036018124266063815 -0.0039687691431859835 0.067893897929574523 -0.024580771539048876 -0.048085058148592812 0.062707177286492916 0.0091688606414168355 -0.043213816770424344 -0.019014026818016751
leaf_weight=22.272486950270832 4.6685013785026959 1.3977246731519688 1.0698360060341645 7.473643512465058 0.83397964388132084 1.6587119204923499 1.864818519912659 3.9963528094813219 1.0923877074383197 0.78808796405792136 1.5397165496833611 2.5246077729389063 1.6987741328775907 2.3023046520538619 3.3053954872302702 0.69928994681686152 6.7522331112995762 4.4487321181222779 7.7171517284587026 0.93237125407904375 1.6572443982586262 2.9228385854512453 100.68419457832351 6.1283511808142048 2.4103230107575655 6.0113506922498336 2.1320422710850826 45.441151475533843 9.0580785498023015 22.851905457675457
leaf_count=87 77 14 13 61 16 15 9 58 19 2 22 10 10 60 21 14 33 21 72 7 20 20 717 34 32 34 12 221 57 96
internal_value=0.000243645 -0.00020245 -0.0205286 -0.0280468 -0.037678 0.000630661 0.000287622 0.000686707 0.0351335 -2.65753e-06 -0.00023627 7.87612e-05 0.000487631 -0.000945034 -0.000388229 0.0398455 0.0127309 0.0168207 -0.000324277 -0.026967 0.0366373 0.00769205 -0.00113077 0.00401909 0.0417899 -0.00645433 0.000849615 -0.000474197 -0.00856153 -0.00160558
internal_weight=278.335 273.666 10.7752 9.70535 8.30762 262.891 261.232 259.367 5.08874 254.279 253.491 251.951 249.426 223.297 220.995 4.00469 26.1293 24.4306 13.0983 5.3811 11.3323 4.58008 216.99 110.294 8.53867 106.696 101.756 99.6236 54.1825 45.1244
internal_count=1884 1807 104 91 77 1703 1688 1679 77 1602 1600 1578 1568 1385 1325 35 183 173 100 28 73 40 1290 539 66 751 473 461 240 183
is_linear=0
shrinkage=0.05


Tree=109
num_leaves=31
num_cat=0
split_feature=63 74 20 74 56 46 11 50 20 56 38 62 22 15 70 39 18 24 79 24 9 5 11 2 40 29 3 62 36 5
split_gain=1.23819 1.26411 3.63301 2.49516 2.74771 2.47858 2.754 2.88813 2.41937 2.39519 2.16516 2.30719 2.29283 2.31584 4.0567 2.26122 2.57173 2.22248 3.81783 3.71159 3.92563 3.46291 6.64595 7.167 3.54918 3.21833 4.63959 3.17764 2.66236 2.27974
threshold=0.0011500000255182388 0.0015499999863095584 0.0018500000005587938 0.084900002926588072 0.018450000323355201 0.0014499999815598132 0.087700001895427718 0.0023500000825151805 0.018099999986588958 0.026949999853968624 0.0012500000302679839 0.00670000002719462 0.050850000232458122 0.01814999990165234 0.003249999950639904 0.0046500000171363362 0.0019500000635161998 0.0010500000207684936 0.83543628454208385 0.0013499999768100681 0.0017499999958090486 0.0024500000290572648 0.0030500000575557355 0.0062500000931322583 0.0020500000100582842 0.0035500000230968003 0.0013499999768100681 0.0014499999815598132 0.0011500000255182388 0.0019500000635161998
decision_type=2 2 2 2 2 2 2 2 2 2 2 2 2 2 2 2 2 2 2 2 2 2 2 2 2 2 2 2 2 2
left_child=1 5 3 4 -3 8 -7 -8 10 -6 11 12 13 15 -15 16 17 21 -19 -20 25 29 -23 -24 27 26 -21 -25 -22 -1
right_child=-2 2 -4 -5 9 6 7 -9 -10 -11 -12 -13 -14 14 -16 -17 -18 18 19 20 28 22 23 24 -26 -27 -28 -29 -30 -31
leaf_value=0.0019221926917145128 0.050842828584532242 -0.026800505314550284 0.025000394948742705 0.046497655226298035 0.061493755763706692 0.042480194415209192 -0.05732304343124172 0.017171602250043952 -0.036258694743586291 -0.026601859272553686 0.056182813829579764 -0.052793342927009705 0.027555259287153713 -0.037294174861266828 0.041231103237751816 -0.036934680495968757 0.048963635245598325 0.02933677045621998 -0.049970929171684275 0.059706547221821463 0.060472020611313772 0.071361477174994956 -0.052728041215908308 0.05127460783534489 -0.034740435360477155 0.030137293231389518 -0.057120253677072047 -0.028125759968129094 -0.019780443039477822 -0.026467158841589233
leaf_weight=139.78743444941938 1.2031842549331475 22.504384341184057 6.3310446674004188 1.4606380378827442 1.7721226355060928 7.4602363081648928 1.7258630460128186 5.2862977450713515 4.5110674249008289 1.3665415262803433 1.7463220842182625 2.0282250754535189 7.7140776310116044 8.8400263031944615 2.020688369870185 3.8481203438714138 2.8445188868790856 4.4672842016443637 7.4366599628701833 0.98715107142925074 2.9184420863166443 5.1828786432743099 3.8931192383170119 7.927574744448064 1.9959883484989394 2.0587374735623598 6.1093421876430511 1.4982284549623726 1.6000485857948659 7.4483274575322858
leaf_count=769 82 197 54 12 11 81 24 63 22 30 16 30 47 126 12 32 30 32 40 4 14 16 6 43 15 11 17 7 18 23
internal_value=0.000231434 9.81433e-06 -0.00910168 -0.0170674 -0.0206881 0.00127212 0.021334 -0.00116334 -7.69619e-06 0.0231378 0.000727758 0.000288777 0.000781334 -0.000198139 -0.0226842 0.00102291 0.00176755 0.00107307 -0.012656 -0.0215423 -0.0060809 0.00316661 0.0224212 0.00585876 0.0258281 -0.0249019 -0.0408692 0.0386539 0.0320537 0.000486039
internal_weight=275.975 274.771 33.4347 27.1037 25.643 241.337 14.4724 7.01216 226.864 3.13866 222.353 220.607 218.579 210.865 10.8607 200.004 196.156 193.311 25.5777 21.1104 13.6737 167.734 20.4978 15.3149 11.4218 9.15523 7.09649 9.4258 4.51849 147.236
internal_count=1884 1802 304 250 238 1498 168 87 1330 41 1308 1292 1262 1215 138 1077 1045 1015 136 104 64 879 87 71 65 32 21 50 32 792
is_linear=0
shrinkage=0.05


Tree=110
num_leaves=31
num_cat=0
split_feature=0 48 34 20 15 22 17 16 3 4 16 2 46 79 17 76 76 3 12 13 11 13 11 29 6 11 11 39 4 65
split_gain=1.2031 2.599 1.62033 1.27337 1.20882 3.57611 3.34815 2.93395 5.23082 4.13611 3.07424 4.38514 2.68201 2.68699 4.17139 5.76221 3.32871 3.11251 3.76873 4.39484 4.4867 7.96365 4.12982 3.8078 3.59752 3.99615 3.46197 3.31994 3.22234 3.41561
threshold=0.0022500000195577745 0.000650000001769513 1.0000000180025095e-35 0.026500000618398193 0.0010500000207684936 0.0013499999768100681 0.025449999608099464 0.0014499999815598132 0.015050000045448543 0.0388999991118908 0.0021499999566003685 0.051750000566244132 0.0015499999863095584 0.50485512614250194 0.0013499999768100681 1.0000000180025095e-35 0.0024492300581187014 0.0016499999910593035 0.0097500002011656779 0.020750000141561035 0.010149999987334015 0.0046500000171363362 0.0061500000301748523 0.01264999993145466 1.0000000180025095e-35 0.070250000804662718 0.0036499999696388845 1.0000000180025095e-35 0.0021499999566003685 0.0012500000302679839
decision_type=2 2 2 2 2 2 2 2 2 2 2 2 2 2 2 2 2 2 2 2 2 2 2 2 2 2 2 2 2 2
left_child=4 3 -3 -2 5 6 7 8 12 -10 -9 -12 13 14 15 -1 -15 26 19 20 21 22 -19 -22 -20 -26 28 -23 -18 -30
right_child=1 2 -4 -5 -6 -7 -8 10 9 -11 11 -13 -14 16 -16 -17 17 18 24 -21 23 27 -24 -25 25 -27 -28 -29 29 -31
leaf_value=-0.026890705199629612 0.055860640345506023 -0.042908418185788916 0.050994714288862014 -0.027945819843951565 -0.0037668055993263713 -0.025478204107235326 0.050841429250521479 -0.041286783230628586 0.05460040605238186 -0.022193038207968696 0.071978748069648532 -0.039765267899231821 0.062689825014761072 0.057210106899076067 -0.056624548060552074 0.054639334789850648 0.0089354156711020163 0.038993092199364116 0.019425801462596592 -0.026498286954105395 0.056188029878521333 -0.045753896608475619 -0.028554473925600524 -0.016743646252975839 -0.056085922436054939 0.026674543472974696 -0.054828884456916083 0.041039761374833054 -0.049180222377027044 0.050474269906201297
leaf_weight=6.4684273190796358 3.6342456326819947 1.8423260068520906 0.61199632799252857 0.51783287152647961 129.55688381381333 10.226315082982181 3.9042977979406706 6.813571520149706 8.6852558115497214 2.1969392253085962 1.7620708029717209 1.7498124931007621 1.8253984823822964 2.9374014548957339 4.7780086137354365 3.2591021433472633 15.146417561918502 14.763171529397374 4.8100140504538995 5.2754623331129542 11.709485294297336 6.7184791825711709 2.6724497973918906 2.1126029305160037 5.8740009255707264 1.9404366817325351 3.9022272434085599 1.31790554523468 5.4029144570231429 1.022569492459297
leaf_count=12 130 17 37 8 1053 54 29 23 56 13 13 7 8 10 13 12 85 67 24 24 44 27 10 8 38 9 23 7 19 4
internal_value=0.000219217 0.0212971 -0.0194932 0.0454086 -0.000302645 0.00296675 0.00525633 0.00381105 0.00614587 0.0390971 -0.0216998 0.0163018 0.00262818 0.00153303 -0.0183666 0.000425041 0.00490496 0.00304643 0.00952129 0.0163522 0.0221051 0.00965928 0.0286397 0.045041 -0.0145947 -0.0355353 -0.0114908 -0.0315204 -0.00365121 -0.0333209
internal_weight=273.438 6.6064 2.45432 4.15208 266.832 137.275 127.048 123.144 112.819 10.8822 10.3255 3.51188 101.936 100.111 14.5055 9.72753 85.6055 82.6681 57.194 44.5696 39.2941 25.472 17.4356 13.8221 12.6245 7.81444 25.4741 8.03638 21.5719 6.42548
internal_count=1884 192 54 138 1692 639 585 556 513 69 43 20 444 436 37 24 399 389 258 187 163 111 77 52 71 47 131 34 108 23
is_linear=0
shrinkage=0.05


Tree=111
num_leaves=31
num_cat=0
split_feature=2 49 6 51 42 27 27 2 74 46 26 21 20 21 79 4 48 7 20 69 54 17 17 54 11 28 44 66 8 2
split_gain=1.19395 2.81234 1.76959 1.80112 1.6172 1.99961 1.93123 3.44815 2.43882 3.069 3.98369 2.59101 2.96283 2.73903 2.34096 2.30093 2.40535 2.16866 2.09287 2.55873 2.70053 2.62975 2.30513 3.24211 5.09644 3.94091 3.9112 3.77537 3.32587 5.55175
threshold=0.14469999819993976 0.01060000015422702 0.5247500240802766 0.0018500000005587938 0.11439999938011171 0.0559499990195036 0.032300001010298736 0.010449999943375589 0.0015499999863095584 0.0015499999863095584 0.0011500000255182388 0.31665000319480902 0.0019500000635161998 0.0012500000302679839 0.57482090592384349 0.0027499999850988392 1.0000000180025095e-35 0.0015499999863095584 0.018099999986588958 0.0043500000610947618 0.0040500001050531873 0.0012500000302679839 0.010750000365078451 0.0011500000255182388 0.043800000101327903 1.0000000180025095e-35 0.00335000001359731 0.0063000000081956395 0.0020500000100582842 0.0064499999862164268
decision_type=2 2 2 2 2 2 2 2 2 2 2 2 2 2 2 2 2 2 2 2 2 2 2 2 2 2 2 2 2 2
left_child=2 -2 3 4 5 6 8 -8 9 18 -11 12 13 15 -12 16 -10 -15 19 20 22 -21 23 25 -25 28 -26 -27 29 -1
right_child=1 -3 -4 -5 -6 -7 7 -9 11 10 14 -13 -14 17 -16 -17 -18 -19 -20 21 -22 -23 -24 24 26 27 -28 -29 -30 -31
leaf_value=-0.00047327477480881279 0.034967462215858017 -0.044238552010794852 -0.031679166114296504 0.040094771406083161 0.059004188487335366 -0.05183185766580925 0.053849487435188914 -0.053418691662638365 0.024803508707702593 0.054768919804919408 0.056122425415952443 0.062553545374586031 0.021800798659602966 -0.042929930873607351 -0.022619144941641623 0.053454033052825749 -0.07092862502228707 0.019891665440318243 -0.034965288726093537 -0.051910418410938235 -0.032399991894143033 0.049672271535324955 0.012370266344136774 0.074715088662763454 -0.043415162101903548 -0.029468196568019068 0.050420322062190041 0.031184365145802848 0.0085112484255711728 -0.035224041025747881
leaf_weight=56.994565478526056 5.9662632853724054 1.3799084448255596 4.4306318825110784 2.797009603586047 1.1464772317558516 1.8841303731314827 3.6676281988620749 0.94149222876876582 1.3690484520048003 5.8859266894869489 1.2209198316559193 1.0136152133345593 3.7252312796190372 13.868144556879995 4.1600513523444533 1.708361478988081 1.2600655881687997 1.5248131048865605 4.2996322819963089 0.74440367892384429 6.4665213506668797 4.4203499425202608 33.574382914230227 3.4630299713462573 2.7512736022472382 21.286236541345719 1.8620809689164159 2.9173024785704902 59.696555288508534 14.39628968015313
leaf_count=238 71 13 69 29 9 47 22 15 13 60 24 4 27 125 71 14 9 14 22 2 40 35 189 16 25 244 8 25 330 74
internal_value=0.000207339 0.0200894 -0.000347006 0.000188889 -0.000246693 -0.000512977 -0.000131127 0.0319381 -0.000725679 0.000910583 0.0263418 -0.0157139 -0.0190962 -0.0268178 -0.00475301 0.008277 -0.0210784 -0.0367069 -0.000435436 0.00027638 -0.000606077 0.035031 0.000437867 -0.00201442 0.0288719 -0.00362075 -0.00554049 -0.0221576 -0.000198168 -0.00748092
internal_weight=270.822 7.34617 263.476 259.046 256.249 255.102 253.218 4.60912 248.609 224.14 11.2669 24.4693 23.4557 19.7304 5.38097 4.33748 2.62911 15.393 212.873 208.573 203.408 5.16475 196.942 163.367 8.07638 155.291 4.61335 24.2035 131.087 71.3909
internal_count=1884 84 1800 1731 1702 1693 1646 37 1609 1403 155 206 202 175 95 36 22 139 1248 1226 1189 37 1149 960 49 911 33 269 642 312
is_linear=0
shrinkage=0.05


Tree=112
num_leaves=31
num_cat=0
split_feature=26 72 60 74 74 11 13 60 21 65 53 18 5 12 51 40 40 76 55 55 25 77 30 26 4 6 13 25 6 18
split_gain=1.17821 1.60357 1.39184 1.12709 1.60319 3.64382 6.08635 2.06114 2.03146 1.75958 2.03774 2.13275 1.63848 1.60846 1.56451 1.78701 3.44688 3.46166 1.96266 3.08538 3.02386 3.1939 3.00645 2.97413 2.56622 2.76874 4.27909 3.42923 3.35924 2.54507
threshold=0.33859999477863317 0.0029499999945983295 0.10040000081062318 0.084900002926588072 0.0015499999863095584 0.013550000265240671 0.0023500000825151805 0.015300000086426737 0.0012500000302679839 0.0014499999815598132 0.0024500000290572648 0.0014499999815598132 0.0010500000207684936 0.0042499999981373557 0.0014499999815598132 0.0043500000610947618 0.010750000365078451 0.23871856927871707 0.0047000001650303611 0.0014499999815598132 0.0023500000825151805 0.12539733201265338 0.0013499999768100681 0.010449999943375589 0.0074499999172985562 0.087850000709295287 0.036399999633431442 0.050450000911951072 0.18280000239610675 0.0013499999768100681
decision_type=2 2 2 2 2 2 2 2 2 2 2 2 2 2 2 2 2 2 2 2 2 2 2 2 2 2 2 2 2 2
left_child=1 2 3 4 7 8 13 14 12 10 11 -8 -6 -7 15 18 -17 -18 19 20 21 29 -21 -24 25 26 27 -22 -27 -1
right_child=-2 -3 -4 -5 5 6 9 -9 -10 -11 -12 -13 -14 -15 -16 16 17 -19 -20 22 24 -23 23 -25 -26 28 -28 -29 -30 -31
leaf_value=0.0012718701911190726 0.058343837935340939 -0.049782587041068332 0.052695385953468843 0.044552907200211871 -0.021216283972687322 -0.019944765197050456 -0.025059172890812595 0.035350057724689528 -0.052038761390378711 -0.057572568065701192 0.036749170353407773 0.045859468119796715 0.070184272695092961 0.064043107530549814 0.038592819489153801 -0.044620278607259575 -0.053371108003236134 0.046778059766519386 -0.028542418840524327 0.036820845703863306 -0.04680127309635429 0.045858238207433732 -0.066096941642121376 0.027613813942415882 0.0010630383283695636 0.033271359442425839 0.030350531509163094 0.030982452940923739 -0.05482963053406327 0.039825957520976396
leaf_weight=140.1432670080103 0.86832903325557609 1.6074372027069319 1.2618524795398105 1.4156420370563854 2.3788120164535962 0.66807200945914047 9.064493819139896 4.3318695910274974 6.5834227250888944 2.0423386143520466 2.1518000960350028 1.2005379712209094 0.61762921884655941 3.8855256689712405 2.6695679319091132 5.9828707552514953 1.2580865630879996 2.7464353404939175 5.4660399686545125 11.013526530005036 15.422057766467342 4.3654274241998783 1.6160439066588872 1.7784654786810277 24.056517740245908 4.0145738050341597 2.5048616379499427 1.5603263359516848 1.4811790380626915 4.4154090322554103
leaf_count=670 9 58 29 8 21 7 77 63 65 26 18 8 6 19 25 71 30 18 42 64 142 61 13 12 180 32 13 13 27 57
internal_value=0.00019567 7.05997e-06 0.000307829 5.82195e-05 -0.0001809 -0.0113595 0.0013106 0.00118021 -0.0365052 -0.014565 -0.00749111 -0.0167649 -0.00237672 0.051721 0.000538028 9.21161e-05 -0.0205889 0.0153145 0.0010403 0.0018017 0.000175832 0.00372191 0.0241408 -0.0169996 -0.010593 -0.0218167 -0.0306562 -0.0396546 0.00952696 0.00244947
internal_weight=268.572 267.704 266.097 264.835 263.419 28.5926 19.0128 234.827 9.57986 14.4592 12.4168 10.265 2.99644 4.5536 230.495 227.825 9.98739 4.00452 217.838 212.372 197.964 148.924 14.408 3.39451 49.0395 24.983 19.4872 16.9824 5.49575 144.559
internal_count=1884 1875 1817 1788 1780 247 155 1533 92 129 103 85 27 26 1470 1445 119 48 1326 1284 1195 788 89 25 407 227 168 155 59 727
is_linear=0
shrinkage=0.05


Tree=113
num_leaves=31
num_cat=0
split_feature=68 35 4 23 32 39 19 4 19 2 20 7 7 4 14 3 41 23 3 66 36 59 28 79 11 13 19 22 22 17
split_gain=1.13745 1.61884 2.19328 1.92369 1.50906 1.5179 1.43966 1.38911 2.34607 2.12607 2.23669 2.08582 1.85025 2.23596 4.43377 3.92205 2.39723 2.10887 1.82109 1.69277 1.95258 3.75444 3.61287 3.93363 3.64921 4.683 3.9527 3.55714 3.44401 3.2536
threshold=0.00045000000682193791 0.0030500000575557355 0.012249999679625036 0.0059500001370906839 0.0013499999768100681 0.012200000230222942 0.05894999951124192 0.037900000810623176 0.013650000095367433 0.0013499999768100681 0.0046500000171363362 0.0024500000290572648 0.0022500000195577745 0.018350000493228439 1.0000000180025095e-35 0.018500000238418583 0.0014499999815598132 0.0013499999768100681 0.0043500000610947618 0.0063000000081956395 1.0000000180025095e-35 0.0059500001370906839 0.0010500000207684936 0.46327556669712072 0.010950000025331976 0.03590000048279763 0.0011500000255182388 0.0035500000230968003 0.0039500000420957812 0.013950000051409008
decision_type=2 2 2 2 2 2 2 2 2 2 2 2 2 2 2 2 2 2 2 2 2 2 2 2 2 2 2 2 2 2
left_child=1 4 -3 -4 5 7 -5 11 9 -9 -11 12 13 19 -15 -16 -17 -18 -13 20 21 27 24 -24 25 -22 -26 -1 -29 -30
right_child=-2 2 3 6 -6 -7 -8 8 -10 10 -12 18 -14 14 15 16 17 -19 -20 -21 22 -23 23 -25 26 -27 -28 28 29 -31
leaf_value=-0.0018898458998089934 0.022612175805316867 -0.046214164604098829 0.045507491847212721 -0.04566591590682386 0.053655126694672262 0.061006218485995703 0.055058212734835493 0.025997784437388895 0.034641157970041615 -0.035535874888098125 0.058435089118607522 -0.094802312267558433 -0.038278348448046097 -0.05598437630265795 0.060305288690966047 -0.034986711620173888 -0.042357177313844252 0.038291221201540118 0.044647724929589995 0.030677577155853758 -0.020550575658465582 0.046438798700661442 0.049493242870967888 -0.024867359150346768 0.060488699774085976 0.056749003167186021 0.0047286593053862715 0.09114253572119535 0.0013938885428849436 0.073765933239381784
leaf_weight=91.413342623505741 5.5355383069254449 4.4004025673493725 1.6866908436641099 1.7640455225482585 1.324323066510259 1.0201872885227192 0.44406209141015995 1.9709751345217217 2.1069215177558354 11.023231369443234 0.67181729711592275 0.24924850463867088 3.0777278728783122 1.7467777281999577 5.7062978269532314 2.461551593616603 0.98238800838589657 4.6350147956982255 3.8567266245372593 4.241430818103253 24.4308185284026 4.8472031364217392 1.8931815177202249 29.352512306533754 3.4641152806580058 2.1301798410713664 38.51346468552947 1.7989250626415003 7.7841895841993374 1.9400011748075483
leaf_count=467 92 119 13 27 55 4 4 12 35 84 5 1 15 10 22 17 7 37 49 28 168 29 14 265 11 8 203 8 69 6
internal_value=0.000183794 -0.000292002 -0.0220262 0.00530184 0.000421612 0.000141097 -0.0254098 -0.000106982 -0.01447 -0.0220416 -0.0301378 0.000859003 0.000229552 0.000750868 0.0190622 0.0285717 0.00615768 0.0241872 0.0361826 -0.000591909 -0.00123087 0.00343518 -0.00627098 -0.0203618 0.000152835 -0.0143512 0.00933014 0.00141017 0.0275893 0.0158323
internal_weight=266.473 260.938 8.2952 3.8948 252.643 251.318 2.20811 250.298 15.7729 13.666 11.695 234.525 230.419 227.341 15.532 13.7853 8.07895 5.6174 4.10598 211.809 207.568 107.784 99.7843 31.2457 68.5386 26.561 41.9776 102.936 11.5231 9.72419
internal_count=1884 1792 163 44 1629 1574 31 1570 136 101 89 1434 1384 1369 93 83 61 44 50 1276 1248 579 669 279 390 176 214 550 83 75
is_linear=0
shrinkage=0.05


Tree=114
num_leaves=31
num_cat=0
split_feature=15 68 35 14 73 37 42 32 39 66 62 62 8 17 4 29 76 4 77 15 79 64 41 17 3 3 2 4 5 9
split_gain=1.08884 1.37863 1.43465 2.13114 1.67661 2.64315 1.50689 1.4389 1.43517 1.24858 1.17676 4.37189 4.38139 3.1593 2.80606 4.07848 4.07274 2.11358 2.06507 4.71706 4.10215 4.46993 4.14553 4.26435 3.63306 3.41134 5.49704 4.14296 3.35835 2.89722
threshold=0.53134998679161083 0.00045000000682193791 0.0030500000575557355 0.0031500000040978198 0.0010500000207684936 0.022099999710917476 0.11439999938011171 0.0013499999768100681 0.012200000230222942 0.045100001618266113 0.0012500000302679839 0.0010500000207684936 0.0035500000230968003 0.0013499999768100681 0.01264999993145466 0.0011500000255182388 0.089937657117843642 0.0052499999292194852 0.0020494500640779738 0.0022500000195577745 0.99895533919334423 0.0010500000207684936 0.0039500000420957812 0.0038499999791383748 0.0095000001601874846 0.0013499999768100681 0.0010500000207684936 0.0039500000420957812 0.0030500000575557355 0.0010500000207684936
decision_type=2 2 2 2 2 2 2 2 2 2 2 2 2 2 2 2 2 2 2 2 2 2 2 2 2 2 2 2 2 2
left_child=1 2 6 -4 -5 -6 7 8 9 10 11 18 -13 -12 15 17 -16 -15 19 20 21 28 23 25 -25 26 -22 -27 -1 -29
right_child=-2 -3 3 4 5 -7 -8 -9 -10 -11 13 12 -14 14 16 -17 -18 -19 -20 -21 22 -23 -24 24 -26 27 -28 29 -30 -31
leaf_value=-0.037261988909818654 -0.052944427535877636 0.025875342106212354 -0.054084543992206552 0.05841595427580927 -0.045180810642694691 0.040667518586034429 0.058966908659450437 0.053479275957227783 0.060363945944058986 0.067138164892960858 0.069414132199865891 0.075035669614148481 -0.019076827129807544 0.058055268184266096 0.060032467825798658 -0.049202127246666817 -0.014202129180354101 -0.057170385527771907 0.0029116825716580127 -0.056100549051592202 0.026986776591578845 0.081404692547085322 0.070118369091579855 -0.054776268197101186 0.016742403902293531 0.038326188431727366 -0.036281945343378072 0.034419034248734028 0.014339798476036343 -0.031612981327860522
leaf_weight=16.300522837787874 0.96116762375458975 5.1936286021955302 3.0252979043871155 0.96307428739964951 2.5649402509443466 1.3784470558166502 1.0979784168303002 1.2637727800756682 0.98049505054950614 0.68550129234790702 1.1484239064157034 3.7766726911067954 1.8388019446283577 1.5599051099270611 2.3824775144457808 8.5439918609336001 8.230174580588935 0.53429376333951939 147.36198495468125 4.6590741816908112 5.8314039111137381 0.99247977882623573 2.2831940352916709 5.4926177151501161 2.6240506060421467 13.223043091595175 8.3476696973666531 2.5513042733073226 3.9092877060174933 4.7611792180687189
leaf_count=75 21 89 76 6 62 10 7 55 4 3 6 15 14 9 8 84 60 5 982 72 23 5 7 21 10 60 59 12 8 16
internal_value=0.00017601 0.000369773 -0.000143042 -0.0210787 -0.00072744 -0.0151717 0.000520174 0.000262742 -8.42123e-06 -0.000248039 -0.000435548 0.000657335 0.0442183 -0.0113625 -0.0157277 -0.0338749 0.0024631 0.0286577 -0.000463018 -0.00746967 -0.00405311 -0.0221928 0.00447196 0.000972563 -0.0316549 0.00860123 -0.0102615 0.0216253 -0.0272804 -0.0085746
internal_weight=264.467 263.506 258.312 7.93176 4.90646 3.94339 250.38 249.282 248.019 247.038 246.353 223.953 5.61547 22.3993 21.2508 10.6382 10.6127 2.0942 218.338 70.9758 66.3168 21.2023 45.1145 42.8313 8.11667 34.7146 14.1791 20.5355 20.2098 7.31248
internal_count=1884 1863 1774 154 78 72 1620 1613 1558 1554 1551 1379 29 172 166 98 68 14 1350 368 296 88 208 201 31 170 82 88 83 28
is_linear=0
shrinkage=0.05


Tree=115
num_leaves=31
num_cat=0
split_feature=26 72 1 46 31 55 22 2 26 79 36 10 13 36 49 27 77 19 49 54 29 78 30 36 78 76 17 8 0 41
split_gain=1.05302 1.46247 1.26728 1.20444 1.17431 1.94473 1.9715 2.10847 1.88251 1.97133 2.47421 2.76589 2.62601 1.80137 2.46823 2.71915 1.89465 2.58001 2.56667 1.76712 2.36586 1.75145 2.04524 1.74698 1.91999 2.16018 2.68342 2.05392 1.99013 2.16017
threshold=0.33859999477863317 0.0029499999945983295 1.0000000180025095e-35 0.53374999761581432 0.0010500000207684936 0.0010500000207684936 0.0043500000610947618 0.10290000215172769 0.056199999526143081 0.96573004126548778 0.0013499999768100681 0.0013499999768100681 0.036599999293684966 0.018050000071525577 0.0044499998912215242 0.0019500000635161998 0.0025491549167782073 0.025349999777972702 0.0011500000255182388 1.0000000180025095e-35 0.013650000095367433 0.0038964110426604752 0.0052499999292194852 0.016950000077486042 0.00099976500496268294 0.10603514686226846 0.0010500000207684936 0.0028499999316409235 0.0021499999566003685 0.0027499999850988392
decision_type=2 2 2 2 2 2 2 2 2 2 2 2 2 2 2 2 2 2 2 2 2 2 2 2 2 2 2 2 2 2
left_child=1 2 4 -4 13 8 -7 -8 9 10 -6 12 -12 21 16 -16 -15 -18 -19 -13 -21 23 -23 24 28 -26 -27 -28 29 -1
right_child=-2 -3 3 -5 5 6 7 -9 -10 -11 11 19 -14 14 15 -17 17 18 -20 20 -22 22 -24 -25 25 26 27 -29 -30 -31
leaf_value=0.0020398462228007615 0.057523519602117025 -0.049465375579752356 0.052186246159574005 -0.052460902472458659 0.030903575373053577 0.043266199549503837 -0.054087076942845362 0.043445550293505622 0.050037525548177066 0.065386921300627857 -0.048125944568800427 0.058807047371363497 0.033749000584069926 0.029295331965446588 -0.025300165337987037 0.062894731936569456 -0.049545249374333376 0.05033251602047617 -0.031602706111483934 -0.04677266780921277 0.045962101523643398 0.052949125116186706 -0.011300045484152713 0.063475038626096672 -0.05711044129606762 0.050039029276129458 0.0092923430790389956 -0.038567852556581357 0.042548404372128409 -0.012234802372443648
leaf_weight=159.57824718439952 0.79765781946480174 1.4865226563997556 1.9521916178055101 0.32003634003922332 3.093727445229896 6.4692498249933106 1.2569050528109076 0.99103439971804608 1.733446440193801 0.94362214207649309 6.8712919317185861 1.4247281942516554 1.1421239674091337 1.3575850129127527 1.684572042897343 1.8161779344081876 7.9704508902505022 1.5379346869885919 2.5251491125673056 1.7047794293612244 1.1528858644887803 3.2597910598851731 1.9977645752951501 1.0556473731994618 2.9295179564505807 1.6477532796561707 3.767015452962367 5.5361255025491118 2.7447927752509704 31.781503720674664
leaf_count=923 9 58 74 11 21 39 11 7 15 3 61 8 10 9 12 9 70 9 15 16 14 61 19 4 28 9 39 60 55 205
internal_value=0.00016216 -1.26549e-05 0.000269818 0.037447 -5.76375e-05 0.00985345 0.0292495 -0.0110885 0.000494798 -0.0047632 -0.00906451 -0.0191208 -0.0364566 -0.00120586 -0.016926 0.0204551 -0.0266983 -0.0330154 -0.000589066 0.0133187 -0.0093601 3.32741e-05 0.0285357 -0.000683588 -0.00100923 -0.0189739 -0.0087719 -0.0191884 0.000275425 -0.000330923
internal_weight=262.53 261.733 260.246 2.27223 257.974 26.7838 8.71719 2.24794 18.0666 16.3332 15.3895 12.2958 8.01342 231.19 16.8919 3.50075 13.3911 12.0335 4.06308 4.28239 2.85767 214.298 5.25756 209.041 207.985 13.8804 10.9509 9.30314 194.105 191.36
internal_count=1884 1875 1817 85 1732 205 57 18 148 133 130 109 71 1527 124 21 103 94 24 38 30 1403 80 1323 1319 136 108 99 1183 1128
is_linear=0
shrinkage=0.05


Tree=116
num_leaves=31
num_cat=0
split_feature=7 15 6 73 37 5 28 3 29 16 16 54 14 4 76 17 76 79 5 64 3 9 12 50 26 2 21 77 2 2
split_gain=1.03594 1.02206 2.73743 2.98458 4.47726 3.21594 2.60713 2.86196 5.31527 3.69469 4.67154 3.11509 2.97659 2.83195 4.74919 3.33834 5.40081 4.71102 4.49603 4.17591 6.05089 3.7456 3.06382 3.74114 2.90478 2.804 2.7819 3.06292 3.82038 3.2403
threshold=0.014050000347197058 0.0010500000207684936 0.0012500000302679839 0.0012500000302679839 0.0020500000100582842 0.0014499999815598132 0.0013499999768100681 0.015050000045448543 0.0079499999992549437 0.0021499999566003685 0.0014499999815598132 0.0011500000255182388 0.0031500000040978198 0.010250000283122064 0.065146647393703475 0.0010500000207684936 0.012880790513008835 0.95582053065299999 0.0018500000005587938 0.0010500000207684936 0.0010500000207684936 0.0014499999815598132 0.0080500002950429934 0.00670000002719462 0.026050000451505188 0.010549999773502352 0.0024500000290572648 0.0031487250234931712 0.0040500001050531873 0.0015499999863095584
decision_type=2 2 2 2 2 2 2 2 2 2 2 2 2 2 2 2 2 2 2 2 2 2 2 2 2 2 2 2 2 2
left_child=1 6 3 5 -5 -3 7 9 -9 10 11 12 13 15 -15 18 -17 24 19 20 -1 22 -22 -24 26 -23 27 -18 29 -29
right_child=-2 2 -4 4 -6 -7 -8 8 -10 -11 -12 -13 -14 14 -16 16 17 -19 -20 -21 21 25 23 -25 -26 -27 -28 28 -30 -31
leaf_value=-0.023273545652805556 0.053060727745087827 -0.044579373250394565 -0.00046171017137548644 0.056136111817704698 -0.040501915765725899 0.057118754811252628 -0.031487569891531217 0.043422183314932875 -0.010083586568823886 0.074095920882981989 -0.050123512573949286 0.055977173955779183 -0.035938910905807017 -0.01124375173139784 0.059530794176860219 -0.053630378396911677 0.076105673665038842 -0.017208142870204685 0.063267990574580837 0.076443286736517985 0.042337989355930916 -0.062130514491412249 -0.062951366629095104 0.067815339135961356 -0.048761591232637069 0.025524363280147795 -0.040975173139293282 0.048439088533136374 0.037858611684315986 -0.053205678383015431
leaf_weight=14.264209792017935 0.92199171800166269 10.270160175859925 110.34472667006776 2.5256243608891955 2.2810232434421778 0.84101719502359706 5.2587834615260354 11.668077082838865 7.7076849187724283 1.7146640443243075 4.4356240816414347 2.6321919830515972 5.2057150695472947 4.2115046828985196 5.4218066744506359 5.9022969156503668 2.8707510679960313 23.485824914649129 3.7146428972482672 1.9486260078847397 11.912785172928126 2.1207689493894573 1.6286093071103089 0.82352617755532254 1.539597937837242 1.6012009009718893 1.534742385149001 1.1140268696472042 8.1168257221579534 2.647243395447731
leaf_count=74 50 70 1005 14 17 6 32 117 84 7 14 11 22 19 20 14 9 98 14 9 56 17 13 3 11 8 11 7 40 12
internal_value=0.000154715 -3.30806e-05 -0.00325792 -0.0226417 0.010276 -0.0368817 0.00301735 0.0044325 0.0221376 0.00128084 0.000115425 0.00228532 0.000872957 0.00289314 0.0285895 -1.13988e-05 -0.00889116 -0.00249875 0.0110167 0.00535788 0.00107614 0.0202795 0.0318615 -0.0190346 0.016884 -0.0244212 0.0230907 0.0297573 0.0185557 -0.0231002
internal_weight=260.666 259.744 126.263 15.9178 4.80665 11.1112 133.482 128.223 19.3758 108.847 107.133 102.697 100.065 94.859 9.63331 85.2257 47.2113 41.309 38.0144 34.2997 32.3511 18.0869 14.3649 2.45214 17.8232 3.72197 16.2836 14.7488 11.8781 3.76127
internal_count=1884 1834 1112 107 31 76 722 690 201 489 482 468 457 435 39 396 202 188 194 180 171 97 72 16 90 25 79 68 59 19
is_linear=0
shrinkage=0.05


Tree=117
num_leaves=31
num_cat=0
split_feature=32 28 1 20 31 4 12 42 29 8 25 79 27 17 30 22 77 76 2 48 36 78 60 6 8 77 58 29 33 13
split_gain=1.01971 1.0524 1.38094 1.35855 1.31422 1.88035 2.70196 2.56135 2.51833 2.32351 1.92461 1.91432 1.88208 1.83571 1.59357 2.18018 2.51073 2.3865 2.48709 2.10607 2.74898 2.12955 2.0512 2.33463 3.82193 3.63764 3.13531 2.99014 3.94719 2.94572
threshold=0.0013499999768100681 0.051300000399351127 1.0000000180025095e-35 0.016700000502169136 0.0010500000207684936 0.0016499999910593035 0.017450000159442428 0.0014499999815598132 0.0012500000302679839 0.01879999972879887 0.015949999913573269 0.53719630837440502 0.0072500000242143878 0.014449999667704107 0.0058000001590698966 0.021500000730156902 0.0018500000005587938 0.10603514686226846 0.038999998942017562 0.0062500000931322583 0.018050000071525577 0.0038981504039838914 0.015300000086426737 0.018849999643862251 0.022299999371171001 0.085160743445158019 1.0000000180025095e-35 0.0017499999958090486 0.0063499999232590207 0.020250000059604648
decision_type=2 2 2 2 2 2 2 2 2 2 2 2 2 2 2 2 2 2 2 2 2 2 2 2 2 2 2 2 2 2
left_child=1 2 4 -3 14 6 -6 -7 11 10 -10 -9 -11 -8 15 19 -17 -18 -19 20 21 22 23 24 26 29 -1 28 -26 -25
right_child=-2 3 -4 -5 5 7 13 8 9 12 -12 -13 -14 -15 -16 16 17 18 -20 -21 -22 -23 -24 25 27 -27 -28 -29 -30 -31
leaf_value=-0.00079314535788333515 0.037241232571569256 -0.033474524493837095 0.05108178515571285 0.025858332207436243 -0.057173786730752962 0.046030141387233145 0.021929067468608308 -0.035145841585882874 -0.051744696840749352 0.050481909070187805 0.037490012656234528 0.05998979853690857 -0.05638284911534365 -0.052610902588606449 -0.02518897967211018 -0.05510108790991728 0.068656775359837371 -0.012460384402617434 0.05076909533906674 0.056327397784271732 -0.023790224686630529 0.047967041289887713 0.054757273488704433 -0.027228779437209166 -0.038822594011733345 0.033689181761332718 -0.050548544204845107 0.031830702237603398 0.082369211353181315 0.023138534297975431
leaf_weight=137.05420997459441 1.8393941754475225 4.6243259203620246 1.3352549937553693 1.2191225336864588 2.1098058195784715 6.2642133040353682 4.7532709515653551 0.66274164430796956 3.3720976961776614 1.8329095002263787 0.73616314772516478 2.6157756447792053 0.53148071281611908 0.99968884326517571 6.6544503769837311 0.95167509838938613 2.8073564879596216 3.8016071822494268 2.6319422647356987 1.5650751600041974 13.403944220393894 2.2515699332579961 1.6385753685608495 22.670686160679914 3.4648996107280281 3.4749431014060965 3.2410871395841232 15.433953124098478 0.83348155207931984 3.3292127437889567
leaf_count=689 76 97 65 11 19 41 36 5 23 14 7 13 6 8 99 8 11 34 17 17 99 38 15 262 25 23 16 80 4 26
internal_value=0.000146108 -0.000120149 0.000369307 -0.0210959 9.74572e-05 0.0112512 -0.00877367 0.0210824 0.00505583 -0.0130282 -0.0357546 0.0407584 0.0264603 0.0089763 -0.00108514 -0.000351233 0.0222277 0.0301914 0.0134066 -0.00145574 -0.00189306 -0.000375375 -0.00094483 -0.00142647 0.000955299 -0.0143578 -0.00194259 0.0215591 -0.0153228 -0.0207794
internal_weight=258.105 256.266 250.422 5.84345 249.087 23.8781 7.86277 16.0154 9.75117 6.47265 4.10826 3.27852 2.36439 5.75296 225.209 218.554 10.1926 9.24091 6.43355 208.362 206.797 193.393 191.141 189.502 160.028 29.4748 140.295 19.7323 4.29838 25.9999
internal_count=1884 1808 1700 108 1635 172 63 109 68 50 30 18 20 44 1463 1364 70 62 51 1294 1277 1178 1140 1125 814 311 705 109 29 288
is_linear=0
shrinkage=0.05


Tree=118
num_leaves=31
num_cat=0
split_feature=45 2 47 8 42 25 2 19 47 26 26 44 15 30 6 6 22 12 41 15 9 41 24 22 77 77 64 77 17 17
split_gain=0.979966 2.55135 2.54461 2.27955 2.66573 2.88319 1.89842 3.69424 2.2653 1.80764 1.98639 1.69807 3.17314 2.71261 3.67514 4.34056 2.65089 4.26266 3.50823 3.34553 3.73624 3.77207 4.18601 3.2553 3.79814 3.35717 6.09105 5.25225 3.60243 4.00855
threshold=0.0063000000081956395 0.14469999819993976 0.0056499999482184657 0.059500001370906837 1.0000000180025095e-35 0.024499999359250072 0.070100001990795149 0.06840000301599504 0.0015499999863095584 0.064050000160932555 0.11044999957084657 0.0046500000171363362 0.042900001630187042 0.0010500000207684936 0.015549999661743643 0.011950000189244749 0.0035500000230968003 0.015800000168383125 0.016549999825656418 0.0010500000207684936 0.0022500000195577745 0.0038499999791383748 0.0011500000255182388 0.0013499999768100681 0.0022493499564006929 0.013053099624812605 0.0011500000255182388 0.023534077219665054 0.0013499999768100681 0.0056499999482184657
decision_type=2 2 2 2 2 2 2 2 2 2 2 2 2 2 2 2 2 2 2 2 2 2 2 2 2 2 2 2 2 2
left_child=1 3 9 6 5 -5 11 8 -8 -2 -11 13 -13 16 15 -15 19 18 -18 20 21 23 -23 24 -1 26 -26 -27 -29 -30
right_child=2 -3 -4 4 -6 -7 7 -9 -10 10 -12 12 -14 14 -16 -17 17 -19 -20 -21 -22 22 -24 -25 25 27 -28 28 29 -31
leaf_value=-0.0094406774421957745 -0.03029742660100114 0.039926512965303806 0.040200439060948112 0.039438632366808911 -0.032435217135695193 -0.054809589201045832 -0.034594260814587351 0.053998552879453612 0.022296141101619538 0.064971390389985492 -0.018363326098985264 0.025565685201850114 -0.010249761813720906 -0.012917641719319731 -0.048862819627007247 0.070424669579916346 0.037591992178691615 -0.052500505434737194 -0.035326134609367482 -0.013025482377152836 0.032111145266584602 0.060781213662257819 -0.038759931486869306 -0.056575728189446443 0.043393101345597138 -0.043283623408970642 -0.026957207259849014 0.064968857513336434 -0.057694377418148528 0.028951931322140318
leaf_weight=47.45093363057822 10.142845700029282 4.1196302818134418 2.0108658876270047 9.4396120929159189 1.947748590260743 0.88777657225728113 11.787746326997874 1.6043800255283702 2.0548213561996809 1.1641161888837808 1.8538094093091784 16.554168192669753 9.872390029486267 17.235236425884075 6.5279973186552516 1.7179882656782854 13.214020592160525 1.820528502576052 1.8847969695925701 41.803667713422328 10.458733711857347 4.7179547692649058 1.3608057741075752 2.6748938243836156 13.608444293960934 5.5230900021269909 3.9756895005702964 2.8667688155546767 2.1455819131806493 3.5325224492698908
leaf_count=191 87 62 13 66 22 11 86 13 13 10 19 159 103 159 144 8 85 29 11 325 61 26 4 15 59 25 20 16 12 30
internal_value=0.000139728 0.000916312 -0.0121854 0.000237271 0.0212178 0.0313367 -0.000910441 -0.0178249 -0.0261493 -0.0201895 0.0137817 0.000340006 0.0121858 -0.00137512 -0.0165073 -0.0053632 0.00108025 0.019775 0.0284896 -0.00117714 0.00386077 0.000497754 0.0384977 -0.00232688 -0.000492436 0.0129222 0.0274872 -0.00528316 0.0192789 -0.00378906
internal_weight=255.96 240.788 15.1716 236.668 12.2751 10.3274 224.393 15.4469 13.8426 13.1608 3.01793 208.946 26.4266 182.52 25.4812 18.9532 157.038 16.9193 15.0988 140.119 98.3154 87.8567 6.07876 81.7779 79.103 31.6521 17.5841 14.068 8.54487 5.6781
internal_count=1884 1755 129 1693 99 77 1594 112 99 116 29 1482 262 1220 311 167 909 125 96 784 459 398 30 368 353 162 79 83 58 42
is_linear=0
shrinkage=0.05


Tree=119
num_leaves=31
num_cat=0
split_feature=26 72 60 47 76 32 8 12 13 33 36 48 6 64 45 76 78 15 27 53 27 55 13 70 40 4 29 37 13 13
split_gain=0.980129 1.31812 1.1405 0.943292 1.87889 1.21562 1.07554 3.11178 3.04759 3.83441 2.91602 3.12442 2.77317 3.98098 5.17978 3.37004 2.98819 2.74173 2.68321 2.35741 2.5396 2.45325 2.34592 3.25905 3.38174 2.40562 3.58915 2.30601 2.28381 2.98777
threshold=0.33859999477863317 0.0029499999945983295 0.10040000081062318 0.088500000536441817 0.62276223301887523 0.0013499999768100681 0.0068500000052154073 0.0058500000741332778 0.0074499999172985562 0.0073500000871717939 0.0014499999815598132 0.0008499999821651728 0.014099999796599151 1.0000000180025095e-35 0.0028499999316409235 0.17079804837703708 0.0012994350981898608 0.029000000096857551 0.0020500000100582842 0.0037500000325962905 0.014549999963492157 0.018199999816715721 0.020750000141561035 0.002650000038556755 0.0013499999768100681 0.0089499996975064295 0.002650000038556755 0.0028499999316409235 0.0024500000290572648 0.0027499999850988392
decision_type=2 2 2 2 2 2 2 2 2 2 2 2 2 2 2 2 2 2 2 2 2 2 2 2 2 2 2 2 2 2
left_child=1 2 3 5 -5 6 7 22 9 10 11 -8 13 14 -10 -14 17 -17 -18 20 21 28 23 24 -1 -24 -27 -22 -9 -30
right_child=-2 -3 -4 4 -6 -7 8 19 12 -11 -12 -13 15 -15 -16 16 18 -19 -20 -21 27 -23 25 -25 -26 26 -28 -29 29 -31
leaf_value=0.003793926424832967 0.057078213026419994 -0.048944614168572265 0.051411208224687803 -0.057445920764566949 0.054395068344563438 0.044318909289393006 -0.01913867835320299 -0.043291154664276077 0.049944918713643531 0.04880427335507205 -0.051746484302087808 0.069984785997696281 -0.054110604598174898 -0.02379781759765922 0.00075224811758993959 0.030238671502212051 -0.04630329389023987 -0.050369432819652629 0.0088352983843039273 0.054722035251119898 0.033704625913408663 0.071486773452783134 -0.050342417359931904 0.048941972415554452 -0.046351547422106315 0.061697777782092691 -0.035061368935709575 -0.019677183594242195 0.05490427225629721 -0.018071557914036637
leaf_weight=116.61746717523783 0.75334872305393119 1.3702522467356164 1.0837101018987585 1.6992520042695098 0.48205806873738755 1.5581881860271085 5.3259904878213984 8.9413181412965042 13.656306671444332 2.0294123236089936 5.6460128175094724 1.2060775491409002 2.659160507842901 3.9440401876345268 8.7990892394445819 10.601101855747403 4.0374997183680517 1.171460767276584 4.8650151742622256 1.2710809800773848 4.7584336139261705 0.72983250394463439 4.1833657450042647 3.874049653299152 3.4619593522511414 1.6058157132938506 2.3771759318187833 3.5193777745589614 1.4720504879951501 29.721775835845619
leaf_count=602 9 58 29 26 5 66 48 99 76 15 63 11 29 38 51 71 39 17 41 8 48 3 31 31 61 13 19 36 10 231
internal_value=0.000131714 -3.80758e-05 0.000228597 6.91832e-06 -0.0327296 0.000294818 1.65022e-05 -0.00193836 0.00559707 -0.0148262 -0.0254298 -0.00268297 0.0114314 0.0225316 0.0306689 -0.00112697 0.00568761 0.0222175 -0.0161713 -0.0125068 -0.0142457 -0.0193614 0.00209433 0.00380445 0.0023482 -0.0238628 0.00394885 0.0110089 -0.0210134 -0.0146278
internal_weight=253.422 252.668 251.298 250.214 2.18131 248.033 246.475 182.534 63.9412 14.2075 12.1781 6.53207 49.7337 26.3994 22.4554 23.3342 20.6751 11.7726 8.90251 50.4139 49.1428 40.865 132.12 123.953 120.079 8.16636 3.98299 8.27781 40.1351 31.1938
internal_count=1884 1875 1817 1788 31 1757 1691 1192 499 137 122 59 362 165 127 197 168 88 80 435 427 343 757 694 663 63 32 84 340 241
is_linear=0
shrinkage=0.05


Tree=120
num_leaves=31
num_cat=0
split_feature=25 68 30 62 65 69 14 35 56 64 15 22 11 12 74 79 2 2 5 10 19 22 36 53 56 69 16 3 22 44
split_gain=0.953119 1.26329 1.38218 1.23579 1.33849 1.88745 1.79029 2.49479 1.54637 1.58885 1.42106 3.01698 3.73351 3.01682 4.1938 3.08145 4.4584 3.13303 2.91739 2.76698 2.72672 2.70568 2.60321 2.73739 2.37106 2.31235 2.25657 5.2537 2.7828 3.30345
threshold=0.41179999709129339 0.00045000000682193791 0.014050000347197058 0.014500000048428776 0.032949998974800117 0.018050000071525577 0.01480000000447035 0.0019500000635161998 0.68159997463226329 0.010950000025331976 0.0010500000207684936 0.0011500000255182388 0.0062500000931322583 0.002549999975599349 0.057699998840689666 0.96743234992027294 0.017549999989569191 0.0017499999958090486 0.0010500000207684936 0.0011500000255182388 0.0017499999958090486 0.0043500000610947618 1.0000000180025095e-35 0.0034500000765547161 0.0021499999566003685 0.0016499999910593035 0.0014499999815598132 0.015050000045448543 0.0014499999815598132 0.0036499999696388845
decision_type=2 2 2 2 2 2 2 2 2 2 2 2 2 2 2 2 2 2 2 2 2 2 2 2 2 2 2 2 2 2
left_child=1 3 -3 4 5 6 10 8 9 -8 26 13 21 14 18 22 17 -17 -12 -14 -20 24 -15 -24 -13 -21 27 28 29 -1
right_child=-2 2 -4 -5 -6 -7 7 -9 -10 -11 11 12 19 15 -16 16 -18 -19 20 25 -22 -23 23 -25 -26 -27 -28 -29 -30 -31
leaf_value=0.0012284903546670137 -0.043225683735540359 0.04244754002430768 -0.021486776498951282 -0.05441073568971988 0.064086392374932674 -0.044570098054844853 0.038510977463761906 -0.02740117222915513 -0.050548072777081898 -0.051854311027605349 -0.044137275816034327 0.072457096370720314 -0.0093773834473685931 0.0093565281562999359 0.066091412714823092 -0.027194305762802986 -0.033971285095322282 0.046478532039040836 0.06728702715940231 0.03205038931136206 -0.032731167696779292 -0.0064156384671839794 -0.036415186020902567 0.021832782133831202 -0.018911485269240486 -0.022595971477334321 -0.017644438707549566 0.037216944145977218 -0.040694517828079015 0.048408903559108651
leaf_weight=92.88037909148261 1.261649259366094 3.3957926612347356 1.125541749410331 1.0444785258732725 0.81436774879693885 2.3652218678034833 9.308924256591121 2.4034293056465676 0.57535781245678741 0.51324769854545671 14.830075882375246 4.2239540461450806 31.996247361181304 7.0388650707900551 1.0813937783241261 1.7778328387066702 3.4273422807455054 7.6639533434063196 1.2297547161579125 8.5344073171727342 1.5282848123461006 2.5036027673631907 12.975969949271528 2.3882881104946128 0.85352648748084892 2.5037771956995121 12.050080737564711 11.450392561499028 3.7662462629377833 3.8644473212771109
leaf_count=436 23 71 15 24 5 23 139 37 6 3 115 19 324 76 4 23 26 42 5 60 16 24 112 15 10 25 75 88 21 22
internal_value=0.000123565 0.00034223 0.0265317 -0.000139913 9.18796e-05 -0.000121939 0.000313616 0.0185097 0.0291222 0.033789 -0.000705452 -0.00499905 0.00376893 -0.0132264 -0.0294793 -0.00462372 0.0148752 0.0326064 -0.0353554 -0.00193067 0.0118649 0.036123 -0.0158246 -0.0273609 0.057098 0.019655 0.00291459 0.00512729 0.00147159 0.0031131
internal_weight=251.377 250.115 4.52133 245.594 244.549 243.735 241.37 12.801 10.3975 9.82217 228.569 104.557 50.6155 53.9418 18.6695 35.2723 12.8691 9.44179 17.5881 43.0344 2.75804 7.58108 22.4031 15.3643 5.07748 11.0382 124.012 111.961 100.511 96.7448
internal_count=1884 1861 86 1775 1751 1746 1723 185 148 142 1538 896 462 434 140 294 91 65 136 409 21 53 203 127 29 85 642 567 479 458
is_linear=0
shrinkage=0.05


Tree=121
num_leaves=31
num_cat=0
split_feature=33 25 19 48 68 43 6 52 5 60 22 25 8 17 49 76 29 15 12 8 22 49 78 42 29 71 8 29 0 6
split_gain=0.964655 0.998866 2.90286 2.8157 2.49229 2.07774 1.92236 1.68535 1.5683 1.50294 1.49352 1.46551 1.45883 2.80225 2.57425 3.49908 2.66332 2.56908 1.92089 1.88915 1.65082 1.99842 2.30961 1.9959 3.75859 3.58899 3.11199 3.03682 2.90266 2.84075
threshold=0.19695000350475314 0.0079499999992549437 0.0017499999958090486 1.0000000180025095e-35 1.0000000180025095e-35 0.027200000360608104 0.0013499999768100681 0.0097000002861022967 0.0081500001251697558 0.016449999995529655 0.027350000105798248 0.20154999941587451 0.030150000005960468 0.0023500000825151805 0.0012500000302679839 0.10824440047144891 0.0024500000290572648 0.0028499999316409235 0.019400000572204593 0.027799999341368679 0.13255000114440921 0.0013499999768100681 0.0038981504039838914 0.0018500000005587938 0.0028499999316409235 0.0047500000800937423 0.015200000256299974 0.0048500001430511483 1.0000000180025095e-35 0.0027499999850988392
decision_type=2 2 2 2 2 2 2 2 2 2 2 2 2 2 2 2 2 2 2 2 2 2 2 2 2 2 2 2 2 2
left_child=1 9 8 10 5 6 -5 -8 -3 12 -4 -6 19 14 15 -14 -16 -15 -19 20 21 23 -23 25 -25 26 29 28 -28 -1
right_child=-2 2 3 4 11 -7 7 -9 -10 -11 -12 -13 13 17 16 -17 -18 18 -20 -21 -22 22 -24 24 -26 -27 27 -29 -30 -31
leaf_value=0.00449669125773951 0.041725454361165148 -0.048207154490625806 0.030142302848579407 0.080282243548130405 0.02401251507254519 0.044186914307364697 -0.034069813423470145 0.011066269573509906 0.065263727665550497 0.036987090532883966 -0.057887190513742026 -0.022616595012630129 0.032272232876173451 0.052427340365568099 -0.058524358863056292 -0.030606192072587531 0.069800549726363403 -0.042861145993622882 0.029978032042605358 -0.05415209366255376 0.048199250513683969 -0.031736141632482798 0.021708463587314559 0.041598946156406601 -0.026821764758960084 -0.030310235617741876 -0.041633895621184192 0.059751401767623627 0.061191084970321157 -0.010804238908377117
leaf_weight=94.473059271462262 1.3852204815484572 5.0837361598387352 7.3207274195738128 0.42467564344407094 6.5761074521578831 1.1680524246767152 14.11181460414082 2.4232929102145127 0.32391059398651112 2.9057814846746615 0.51577747566625465 2.2655879769008607 3.0843288302421588 6.1934258579276484 0.50830297823995296 7.8278106246143579 1.9768070355057714 1.5410136147402229 2.1935213766992092 1.6404588855803002 1.7410455867648114 9.5035268254578096 2.567653677891939 7.159445943310855 2.7891531679779291 9.5925926705822331 1.9576778225600713 4.3375372542068362 1.0568653508089481 44.681342693511397
leaf_count=478 20 86 63 1 65 10 195 35 1 72 9 31 22 52 7 52 7 24 19 15 12 73 33 39 27 103 15 21 6 291
internal_value=0.000116498 -0.000115964 -0.00732887 -0.00203378 -0.00969963 -0.0203148 -0.0247572 -0.0274549 -0.0414104 0.00128035 0.0243484 0.0120643 0.000773789 0.0125446 -0.00237416 -0.0128335 0.043553 0.0326767 -7.82307e-05 -0.000738918 -0.000251749 -0.000725339 -0.020368 0.000702623 0.0224168 -0.000681276 0.0012587 0.032962 -0.0055846 -0.000416313
internal_weight=249.33 247.945 40.2137 34.806 26.9695 18.1278 16.9598 16.5351 5.40765 207.731 7.8365 8.8417 204.826 23.3252 13.3972 10.9121 2.48511 9.92796 3.73453 181.5 179.86 178.119 12.0712 166.048 9.9486 156.099 146.506 7.35208 3.01454 139.154
internal_count=1884 1864 496 409 337 241 231 230 87 1368 72 96 1296 183 88 74 14 95 43 1113 1098 1086 106 980 66 914 811 42 21 769
is_linear=0
shrinkage=0.05


Tree=122
num_leaves=31
num_cat=0
split_feature=15 68 35 14 10 13 5 4 44 2 22 29 52 16 27 5 32 16 22 10 10 15 3 22 10 44 76 29 40 76
split_gain=0.941116 1.08492 1.18736 1.97646 1.41563 2.29939 1.61027 1.60869 2.53607 2.10703 1.9646 2.1472 2.26322 1.81328 1.77104 1.77474 1.59633 1.7688 3.31578 2.71657 4.92211 2.21607 5.42062 4.18046 3.79349 3.43564 3.20044 4.27571 3.89928 3.44236
threshold=0.53134998679161083 0.00045000000682193791 0.0030500000575557355 0.0031500000040978198 0.0050500000361353168 0.0043500000610947618 0.020200000144541267 0.037900000810623176 0.0037500000325962905 0.0013499999768100681 0.018550000153481964 0.0019500000635161998 0.0015499999863095584 0.0022500000195577745 0.010049999691545965 0.0039500000420957812 0.0011500000255182388 0.0014499999815598132 0.0054500000551342973 0.0012500000302679839 0.0019500000635161998 0.0010500000207684936 0.015050000045448543 0.0014499999815598132 0.0022500000195577745 0.0036499999696388845 0.19548338651657107 0.0036499999696388845 1.0000000180025095e-35 0.64211851358413707
decision_type=2 2 2 2 2 2 2 2 2 2 2 2 2 2 2 2 2 2 2 2 2 2 2 2 2 2 2 2 2 2
left_child=1 2 4 -4 6 -6 7 10 9 -9 16 -12 13 -13 15 -11 17 21 19 -19 -21 22 23 24 25 26 27 28 -1 -28
right_child=-2 -3 3 -5 5 -7 -8 8 -10 14 11 12 -14 -15 -16 -17 -18 18 -20 20 -22 -23 -24 -25 -26 -27 29 -29 -30 -31
leaf_value=0.00097791039104722327 -0.052537437631906062 0.024422144768940751 -0.053826220532813787 0.00032516278309602204 -0.021445148129788188 0.04004214741314404 0.045304418178092581 0.023069012981553477 0.048446157227769931 -0.049509834496291288 0.049379877924617482 -0.040473351090244823 0.045061930376672346 0.060789237819113419 0.047364312728802829 0.019628555621833473 0.069269962773701399 -0.035119203466004237 0.043340817458593979 0.066978553597073873 -0.031905160281166252 -0.0056728009570284552 0.042150025535117444 -0.058555299825481869 0.098137587273537732 0.05028464775371403 -0.052183227930692203 0.030753811286613864 -0.055603891651223536 0.058371129312749265
leaf_weight=66.394684564322233 0.84593556728213926 4.5714193177409461 2.7159698163159183 4.4391807923093438 2.1494456711225203 5.1962097510695457 1.9234012668021012 1.8451602645218361 1.2840071632526804 7.6683962540700996 4.1911157527938467 2.7260227864608173 1.8626211881637571 0.52765783667564381 0.60438968054950315 1.0560088143683968 0.81319324672222038 12.349033268168574 2.1584578333422533 2.1050563850440076 3.1291994224302471 79.528794880956411 9.1584266978315991 2.7788023855537167 1.051053151488303 3.6263750940561286 4.7846003463491789 11.95327448658645 3.1912396652624002 0.82561740279197682
leaf_count=273 21 89 76 78 16 78 28 11 21 63 25 34 11 2 4 18 13 77 11 13 24 652 75 14 3 21 33 52 44 4
internal_value=0.000110245 0.000290841 -0.000164933 -0.0202298 0.000446296 0.0220501 -0.000251147 -0.000639518 -0.0181037 -0.025751 0.000381185 0.0228457 0.00110978 -0.0240513 -0.0354072 -0.0411413 -0.000644516 -0.000924537 -0.0151447 -0.0223242 0.00786282 0.000607061 0.00542019 0.00186451 0.00369289 0.00259936 0.000615125 0.00312845 -0.00161695 -0.0359137
internal_weight=247.455 246.609 242.037 7.15515 234.882 7.34566 227.537 225.613 12.458 11.174 213.155 9.30742 5.1163 3.25368 9.32879 8.72441 203.848 203.035 19.7417 17.5833 5.23426 183.293 103.764 94.6056 91.8268 90.7758 87.1494 81.5392 69.5859 5.61022
internal_count=1884 1863 1774 154 1620 94 1526 1498 117 96 1381 72 47 36 85 81 1309 1296 125 114 37 1171 519 444 430 427 406 369 317 37
is_linear=0
shrinkage=0.05


Tree=123
num_leaves=31
num_cat=0
split_feature=4 4 70 4 4 7 13 29 77 6 14 16 16 17 19 10 4 6 55 17 37 29 71 4 59 12 33 69 12 33
split_gain=0.916741 1.51319 1.67987 1.53986 2.05178 1.70672 1.94266 1.51566 1.45252 1.67434 1.40919 2.79594 2.54141 3.49536 2.80423 2.53722 4.56467 2.53702 3.04046 2.33727 3.19807 2.97031 2.60416 2.25134 2.03506 3.92877 3.42937 3.70856 2.88292 2.70453
threshold=0.13990000635385516 0.049799999222159393 0.0057500000111758718 0.045649999752640731 0.044250000268220908 0.0024500000290572648 0.064550001174211516 0.0013499999768100681 0.0065953999292105445 0.0019500000635161998 0.0043500000610947618 0.0014499999815598132 1.0000000180025095e-35 0.0052499999292194852 1.0000000180025095e-35 0.0011500000255182388 0.016050000675022606 0.19025000184774402 1.0000000180025095e-35 0.0052499999292194852 0.0037500000325962905 0.012149999849498274 0.0072500000242143878 0.012950000353157522 0.0011500000255182388 0.007849999703466894 0.012349999975413086 0.0014499999815598132 0.13660000264644626 0.0014499999815598132
decision_type=2 2 2 2 2 2 2 2 2 2 2 2 2 2 2 2 2 2 2 2 2 2 2 2 2 2 2 2 2 2
left_child=1 3 7 4 5 10 -7 -3 9 -2 11 12 24 -14 -15 -13 -17 18 19 22 21 -21 -12 -19 25 29 27 -27 -28 -1
right_child=8 2 -4 -5 -6 6 -8 -9 -10 -11 17 15 13 14 -16 16 -18 23 -20 20 -22 -23 -24 -25 -26 26 28 -29 -30 -31
leaf_value=-0.001950970526323449 0.064876910968674192 0.02357299002511911 0.04545808054885609 0.052438840828178492 -0.0552438512769459 0.050397839237853861 -0.030724052023353085 -0.037451767995740591 0.046820921936365646 -0.051776263739495815 0.067587145016350908 -0.040405611700035399 -0.059439925407904118 -0.041687902257717298 0.05130208021408128 0.068055294531527755 -0.042418094299468502 -0.034337391263567475 -0.011626752479688912 -0.047407974338624842 0.037741925239510754 0.031282253832115359 -0.0096620765610909848 0.015294663178283693 0.0098379980688747971 -0.038361297033246936 0.055529343095636965 0.021341220544092578 -0.039247143349027729 0.032842782059507941
leaf_weight=107.916603917256 0.44360630214214269 1.2021856056526283 0.86225092923268665 1.4170596441254009 1.6591867050155986 3.265719302231445 0.95348123274743546 6.6227834890596569 2.5247016197536141 1.0033175707794724 5.3197846035473111 8.3115562591701728 1.023823244497178 0.93100719898939122 6.2760851886123419 1.7523229196667665 2.0048441030085087 5.283591400831936 6.4809310249984255 2.9644730240106565 6.4646641565486789 2.0139136184006929 1.3724515438079832 4.0257544796913862 32.437682252377272 18.117293187882758 2.3516487106680866 3.0371671416796735 1.2179053723812101 5.889912011101841
leaf_count=648 2 14 13 15 9 58 19 77 60 15 24 37 9 4 34 11 10 92 71 23 50 22 18 46 235 178 12 27 11 40
internal_value=0.000103296 -0.000289075 -0.0207776 0.000476503 0.000157841 0.000558524 0.0320654 -0.0280763 0.0239299 -0.0160121 -3.17854e-05 -0.00169757 -0.000128742 0.027009 0.0392897 -0.0249919 0.00910611 0.00935969 0.0177682 0.0282729 0.0145459 -0.0155753 0.0517448 -0.0128744 -0.00143523 -0.00407492 -0.0221404 -0.0297897 0.0231923 -0.000150264
internal_weight=245.148 241.176 8.68722 232.489 231.072 229.413 4.2192 7.82497 3.97163 1.44692 225.193 191.268 179.199 8.23092 7.20709 12.0687 3.75717 33.9256 24.6162 18.1353 11.4431 4.97839 6.69224 9.30935 170.968 138.531 24.724 21.1545 3.56955 113.807
internal_count=1884 1807 104 1703 1688 1679 77 91 77 17 1602 1256 1198 47 38 58 21 346 208 137 95 45 42 138 1151 916 228 205 23 688
is_linear=0
shrinkage=0.05


Tree=124
num_leaves=31
num_cat=0
split_feature=0 74 38 62 25 24 24 22 74 79 14 30 41 50 48 2 50 50 21 58 79 69 4 25 79 28 8 12 33 28
split_gain=0.89361 1.54002 0.987394 1.7179 1.19196 1.26622 1.79217 1.29958 1.60311 1.70496 1.45931 2.09409 2.58916 2.27739 2.01484 1.85016 1.68119 1.97058 2.41845 2.58078 3.42145 3.48581 3.18321 2.78263 2.35977 2.30045 2.40108 2.80838 3.84837 3.18231
threshold=0.0031500000040978198 0.0010500000207684936 0.0012500000302679839 0.00670000002719462 0.26254999637603765 0.0055499998852610597 0.0043500000610947618 0.063499998301267638 0.0017499999958090486 0.93400251865386974 0.01480000000447035 0.0042499999981373557 0.014850000385195019 0.074499998241662993 0.0013499999768100681 0.14469999819993976 0.094849999994039549 0.020999999716877941 0.0077499998733401307 0.0019500000635161998 0.98877659440040599 0.0014499999815598132 0.0017499999958090486 0.0010500000207684936 0.56090030074119579 0.0074499999172985562 0.022299999371171001 0.0047500000800937423 0.0010500000207684936 0.0013499999768100681
decision_type=2 2 2 2 2 2 2 2 2 2 2 2 2 2 2 2 2 2 2 2 2 2 2 2 2 2 2 2 2 2
left_child=2 -2 3 4 5 6 7 10 9 -9 11 15 13 -13 -12 16 17 18 25 20 21 24 -21 -22 -20 26 27 28 -1 -30
right_child=1 -3 -4 -5 -6 -7 -8 8 -10 -11 14 12 -14 -15 -16 -17 -18 -19 19 22 23 -23 -24 -25 -26 -27 -28 -29 29 -31
leaf_value=-0.00053839644074194252 0.052685952004855499 -0.032863928631713134 0.032753980748364678 -0.043303479964522121 -0.040665146002408288 -0.039468342807062178 0.051208270134268069 0.044708061469157109 -0.0480000774777904 -0.035006146853952085 0.028784086433379347 -0.040293931358810868 0.070060520551409988 0.040239347235614155 -0.048054533915707576 0.057987519142393765 -0.03493330525359653 0.024693127097389852 0.010590699374307556 0.045081532356384783 -0.030095844327939728 0.007327623412130245 -0.016188880009367496 0.055982325437493853 -0.051270321250769815 0.041065790531740809 0.016179125556724933 -0.016195065480947315 0.057765929327952506 -0.034694259759190993
leaf_weight=104.28039929270744 1.9057444240897887 0.72662161290645588 2.249121604487299 2.3246145197190335 1.7979424111545075 1.9943548440933216 1.7323740273714054 4.4557363456115118 0.69704534858465184 0.78966121934354294 7.4480813629925233 7.8855143780820036 0.67777413874864656 0.9878365285694598 0.963506728876382 1.3577875457704056 3.4988538343459359 7.7833621557801953 1.7595055210404194 3.6371008884161693 1.6087948717176908 4.3984246165491632 5.0815870985388756 2.2547086193226278 12.448927887715397 3.5891665369272223 21.373023455962539 27.292104591615498 4.9423258546739808 1.1465021166950462
leaf_count=517 139 20 24 45 42 19 10 31 7 7 74 115 3 6 10 10 28 59 12 23 13 38 54 20 178 31 115 201 24 9
internal_value=9.74343e-05 0.0290713 -0.000219754 -0.000531088 -0.000109567 0.00020193 0.000542817 0.000161795 0.0232406 0.0327076 -0.000449325 -0.00124498 -0.0241336 -0.0313285 0.0199826 -0.000186084 -0.00057121 2.51704e-05 -0.000965476 -0.0137192 -0.0226783 -0.0315688 0.00937078 0.0201387 -0.0436097 0.00148052 0.000587145 -0.00183363 0.00171766 0.040356
internal_weight=243.089 2.63237 240.456 238.207 235.882 234.084 232.09 230.358 5.94244 5.2454 224.415 216.004 9.55113 8.87335 8.41159 206.453 205.095 201.596 193.813 31.189 22.4704 18.6069 8.71869 3.8635 14.2084 162.624 159.034 137.661 110.369 6.08883
internal_count=1884 159 1725 1701 1656 1614 1595 1585 45 38 1540 1456 124 121 84 1332 1322 1294 1235 338 261 228 77 33 190 897 866 751 550 33
is_linear=0
shrinkage=0.05


Tree=125
num_leaves=31
num_cat=0
split_feature=32 62 65 69 5 75 18 2 5 5 24 25 24 24 5 9 76 76 11 2 56 52 8 5 5 79 55 50 29 35
split_gain=0.901211 1.30697 0.904988 1.71389 1.46721 1.30048 2.00693 1.69163 1.71426 2.34691 1.32358 1.4652 1.54992 2.9368 2.94867 4.65269 2.81114 4.90452 2.55237 4.02967 2.90346 2.57403 2.22218 2.15202 3.46293 3.39873 1.85422 1.82959 1.77491 1.84161
threshold=0.0011500000255182388 0.0045499999541789302 0.038150001317262656 0.018050000071525577 0.020200000144541267 0.0024500000290572648 0.0019500000635161998 0.14469999819993976 0.0086500002071261423 0.0079499999992549437 0.00530000007711351 0.26254999637603765 0.0017499999958090486 0.0010500000207684936 0.0024500000290572648 1.0000000180025095e-35 0.038237623870372779 0.070736225694417967 0.0030500000575557355 0.0048500001430511483 1.0000000180025095e-35 0.0072500000242143878 0.0012500000302679839 0.0019500000635161998 0.0018500000005587938 0.91816091537475597 0.018199999816715721 0.0046500000171363362 0.0011500000255182388 1.0000000180025095e-35
decision_type=2 2 2 2 2 2 2 2 2 2 2 2 2 2 2 2 2 2 2 2 2 2 2 2 2 2 2 2 2 2
left_child=2 -2 3 4 5 6 7 8 9 10 11 12 13 14 23 -16 -14 -18 -17 -20 -21 -22 -15 24 26 -25 -1 -19 -24 -30
right_child=1 -3 -4 -5 -6 -7 -8 -9 -10 -11 -12 -13 16 22 15 18 17 27 19 20 21 -23 28 25 -26 -27 -28 -29 29 -31
leaf_value=-0.0016809951260458684 0.059762596877024877 -0.0094861584732217168 0.045177777025570937 -0.042629886964288516 0.044136300203294898 -0.030270249830057189 0.039191824868102833 0.030916550334215993 -0.025009810862526904 0.070892208167196463 -0.050208193285414406 -0.051525020236776103 0.060916599172358268 -0.045847906813352685 0.059644238524783788 0.053841136118049963 -0.06031597361018326 0.038216406801410842 -0.052199293996089295 0.057428543562232905 -0.037573060936201413 0.039168544161696961 0.04332507250984316 0.025074620705770375 0.060681208997811625 -0.049659815340578603 0.052066487687177865 -0.052313119350162474 -0.039523059103087399 0.031616798145894347
leaf_weight=159.15892995381728 1.5111940698698156 1.2408352382481096 1.0919120553880919 2.3837156924419096 1.8664354174397875 3.5811977013945571 3.2360321909654877 4.2145274775102726 7.228357213549315 1.1529025291092683 1.3382079829461861 1.3882342756260175 2.8681496791541559 6.1713673202320916 5.212743075098845 2.0989945046603671 2.1943114511668682 4.9289869172498584 3.3121963553130609 2.5415570363402367 2.9318628711625934 1.7418432086706159 1.5326846390962598 2.1465420345775774 2.2976483441889277 5.222857628017664 1.6210075272247184 0.62936510518193234 3.1653319494798779 1.2766435244120655
leaf_count=1177 75 12 9 23 31 38 50 41 36 8 13 35 12 42 31 9 12 38 9 13 32 18 11 19 9 19 13 8 28 13
internal_value=9.07856e-05 0.0285397 -0.000237436 -0.000446284 -1.85035e-05 -0.000371911 9.44065e-05 -0.000464491 -0.00105981 -0.00025435 -0.00063804 -0.000325788 1.09829e-05 -0.000975352 0.000561851 0.0199029 0.0186248 0.0029786 0.00349601 -0.00654194 0.0144173 -0.00897224 -0.0248049 -0.00146241 -0.0002681 -0.0278913 -0.0011391 0.0279659 -0.00306905 -0.0190771
internal_weight=241.287 2.75203 238.535 237.443 235.059 233.192 229.611 226.375 222.161 214.932 213.779 212.441 211.053 200.432 188.286 17.8392 10.6208 7.75266 12.6265 10.5275 7.21526 4.67371 12.146 170.447 163.078 7.3694 160.78 5.55835 5.97466 4.44198
internal_count=1884 87 1797 1788 1765 1734 1696 1646 1605 1569 1561 1548 1513 1443 1349 112 70 58 81 72 63 50 94 1237 1199 38 1190 46 52 41
is_linear=0
shrinkage=0.05


Tree=126
num_leaves=31
num_cat=0
split_feature=47 76 32 28 11 31 77 43 58 58 79 43 11 9 43 28 20 77 76 33 71 74 58 2 11 37 46 37 35 17
split_gain=0.859926 1.68519 1.07896 0.925547 1.13747 1.28256 1.25544 1.9896 1.84818 1.72601 1.73034 1.69624 2.72498 1.62007 1.82116 1.5169 1.78249 2.66508 2.74634 2.16993 2.40953 2.09302 2.25637 2.28022 2.86411 2.3107 2.02151 1.9401 1.92604 1.92007
threshold=0.088500000536441817 0.62276223301887523 0.0013499999768100681 0.051300000399351127 0.53370001912117015 0.068500000983476653 0.55349451303482067 0.0019500000635161998 0.016400000080466274 0.003249999950639904 0.97739166021347057 0.0055499998852610597 0.17164999991655353 0.0015499999863095584 1.0000000180025095e-35 0.020750000141561035 0.0012500000302679839 0.0065375482663512239 0.074946328997612013 0.092549998313188567 0.014599999878555538 0.0014499999815598132 0.0019500000635161998 0.0016499999910593035 0.013550000265240671 0.003249999950639904 1.0000000180025095e-35 0.0080500002950429934 0.0013499999768100681 0.0013499999768100681
decision_type=2 2 2 2 2 2 2 2 2 2 2 2 2 2 2 2 2 2 2 2 2 2 2 2 2 2 2 2 2 2
left_child=2 -2 3 4 5 6 8 -8 9 11 13 15 -13 -11 -15 16 19 -18 29 20 21 26 23 24 25 -23 -1 28 -28 -19
right_child=1 -3 -4 -5 -6 -7 7 -9 -10 10 -12 12 -14 14 -16 -17 17 18 -20 -21 -22 22 -24 -25 -26 -27 27 -29 -30 -31
leaf_value=-0.0013859862004311203 -0.05673442471809545 0.053983647462295795 0.04369194636851724 -0.020609733292784788 0.033082149465268156 -0.056455766567471449 0.047171441064829261 -0.044157514117974112 -0.05524929515334568 0.05280707421180552 -0.056407244475798514 0.049151410296017564 -0.023620865006962175 -0.056408323547368799 0.029318392978422911 -0.038889713867366726 0.058562521505336487 0.012533568633730875 0.017322893163233481 0.058792215034560884 -0.036518007172758465 -0.041461705803600757 0.048973387407688251 -0.046250997137448846 0.052445983108326238 0.055749477833516928 0.059210171722247906 -0.011825949323345165 -0.025672112626885141 -0.056639076172630934
leaf_weight=158.23192371008918 1.5692446115426713 0.44005401339381922 1.4280570824630547 5.2745888815261415 2.6597185339778653 0.99477553367614646 3.0142000673804428 0.74341057427227486 1.5056542279198755 3.8308382909744969 0.61207935074344266 4.0281480723060659 1.8899319441989062 0.88694855198264155 2.0546862846240401 2.6405941606499246 2.8090813010931042 1.6636541020125175 13.102555673569439 1.4430091595277179 5.1387874744832507 3.6271881298162025 1.078601466026156 6.7606391636654735 1.6389961913228033 0.73520035948604334 3.8720592632889739 2.2633691555820405 0.8077048654668032 2.5270333513617516
leaf_count=953 26 5 75 108 27 7 47 7 21 26 7 25 17 16 24 52 14 12 92 8 84 41 6 68 8 6 43 35 8 16
internal_value=8.59991e-05 -0.0324862 0.000361841 9.9464e-05 0.000573233 0.000193838 0.000442194 0.0291028 -4.04233e-05 0.000334619 0.0241015 -0.00048452 0.0259117 0.0313776 0.00347046 -0.00123433 -0.000750939 0.0133917 0.00605421 -0.00228274 -0.00276132 -0.00179231 -0.0204692 -0.0263383 -0.00390637 -0.0250785 -0.000227298 0.0261789 0.0445599 -0.0291783
internal_weight=239.273 2.0093 237.263 235.835 230.561 227.901 226.906 3.75761 223.149 221.643 7.38455 214.258 5.91808 6.77247 2.94163 208.34 205.7 20.1023 17.2932 185.597 184.154 179.016 13.8406 12.762 6.00138 4.36239 165.175 6.94313 4.67976 4.19069
internal_count=1884 31 1853 1778 1670 1643 1636 54 1582 1561 73 1488 42 66 40 1446 1394 134 120 1260 1252 1168 129 123 55 47 1039 86 51 28
is_linear=0
shrinkage=0.05


Tree=127
num_leaves=31
num_cat=0
split_feature=4 59 79 11 11 12 79 41 5 6 11 76 8 64 6 6 60 79 78 69 4 8 16 55 13 76 11 3 16 79
split_gain=0.85219 2.57902 3.00719 3.19949 2.99622 3.21288 2.61199 2.57204 3.35901 3.0456 2.38922 2.28522 4.7163 3.01136 2.23702 2.18288 3.27472 4.2504 3.83598 3.73417 4.51728 4.70685 3.28064 3.27924 3.05615 3.03272 3.02583 3.00211 2.8418 2.90496
threshold=0.002549999975599349 0.0013499999768100681 0.97460448741912853 0.0021499999566003685 0.0011500000255182388 0.0023500000825151805 0.96240937709808361 0.0013499999768100681 1.0000000180025095e-35 0.0067499999422580012 0.0016499999910593035 0.011601181235164406 0.0028499999316409235 0.0010500000207684936 0.017549999989569191 0.0027499999850988392 0.0013499999768100681 0.94383373856544506 0.0004999249940738083 1.0000000180025095e-35 0.0073500000871717939 0.0049499999731779107 0.0011500000255182388 1.0000000180025095e-35 0.0074499999172985562 0.080461930483579649 0.0061500000301748523 0.0016499999910593035 0.0019500000635161998 0.81538468599319469
decision_type=2 2 2 2 2 2 2 2 2 2 2 2 2 2 2 2 2 2 2 2 2 2 2 2 2 2 2 2 2 2
left_child=1 4 6 -4 5 7 -3 8 9 11 -6 13 -13 -1 -5 16 17 27 19 20 23 25 -18 -19 26 -22 -17 -2 29 -29
right_child=15 2 3 14 10 -7 -8 -9 -10 -11 -12 12 -14 -15 -16 24 22 18 -20 -21 21 -23 -24 -25 -26 -27 -28 28 -30 -31
leaf_value=-0.013263407451688131 -0.033535113072219423 0.0059002663756807213 -0.06268317948484825 0.057201561223165658 -0.051022899657529701 -0.0422511240195656 -0.057062105409574737 -0.054509466732997773 0.056270349376402608 0.090645655425706753 -0.011283394236985328 0.080314112638685278 -0.04892372794937401 0.071991875898003987 -0.018901871953279133 0.02319927621605794 -0.037061870408137527 0.038071438111917807 -0.038779482068271372 0.058016648006597463 -0.05080510818718012 0.074377104632939603 0.043432468066869047 -0.068438552133761599 0.0072844944499925171 0.009067995153560944 -0.018613333337968257 0.01543424322011171 -0.020966843976260006 0.056402732896435985
leaf_weight=13.171333515085296 1.6806084848940397 13.565606458578261 0.75095020979642679 6.3276266548782587 4.0900088869966558 3.0583490938879541 1.8748711775988329 1.3659478942863632 4.2423512376844874 1.0272997980937351 50.26677761762403 2.2481367490254338 1.0290647037327287 1.1241651438176621 1.1394963357597587 4.9953079619444898 6.1040519746020427 7.9464321434497922 4.8614659281447521 3.4556364715099326 6.5359712112694961 1.1793662160634983 1.5969761610031126 0.7949513867497443 36.819129686569795 3.1267973389476538 32.333260193932801 6.6983591397292974 1.9863949485588808 12.221955070272086
leaf_count=60 6 123 5 28 35 34 17 6 19 6 446 24 10 6 15 35 41 38 27 17 29 4 62 6 337 14 285 44 36 69
internal_value=8.14968e-05 -0.00327558 0.01126 0.0356944 -0.00748873 0.00603699 -0.00174499 0.0121375 0.0161229 0.0069659 -0.0142735 0.00207398 0.0397325 -0.00655913 0.045588 0.00275226 0.0100012 0.0146337 0.0015805 0.0100968 0.00164106 -0.0199213 -0.0203696 0.0283853 -0.00293648 -0.0314306 -0.013018 0.0307574 0.0359257 0.0418987
internal_weight=237.619 105.282 23.6586 8.21807 81.6234 27.2666 15.4405 24.2083 22.8424 18.6 54.3568 17.5727 3.2772 14.2955 7.46712 132.337 58.189 50.4879 27.9006 23.0392 19.5835 10.8421 7.70103 8.74138 74.1477 9.66277 37.3286 22.5873 20.9067 18.9203
internal_count=1884 834 188 48 646 165 140 131 125 106 481 100 34 66 43 1050 393 290 135 108 91 47 103 44 657 43 320 155 149 113
is_linear=0
shrinkage=0.05


Tree=128
num_leaves=31
num_cat=0
split_feature=66 70 76 72 68 20 66 65 73 6 20 20 2 20 6 60 41 41 56 9 33 71 77 44 56 4 12 40 33 6
split_gain=0.85664 1.83809 1.59795 1.57262 1.36427 1.80048 1.16534 2.65198 1.56837 1.67 1.32371 1.93039 2.0461 1.40842 4.14066 2.41682 2.16029 2.51151 2.4373 1.85624 1.67161 1.93108 1.82285 1.67715 1.57101 1.55032 1.52977 1.48998 4.58178 1.43258
threshold=0.0063000000081956395 0.0060499999672174462 0.011601181235164406 0.0014499999815598132 0.0001499999962106813 0.0039500000420957812 0.0011500000255182388 0.0024500000290572648 0.0063499999232590207 0.16975000500679019 0.05829999968409539 0.014599999878555538 0.0016499999910593035 0.0012500000302679839 0.0044499998912215242 0.019550000317394737 0.0017499999958090486 0.002650000038556755 0.10599999874830247 0.0038499999791383748 0.092549998313188567 0.014599999878555538 0.55349451303482067 0.0090499999932944792 0.0013499999768100681 0.0040500001050531873 0.33990000188350683 0.0041499999351799497 0.0018500000005587938 0.5247500240802766
decision_type=2 2 2 2 2 2 2 2 2 2 2 2 2 2 2 2 2 2 2 2 2 2 2 2 2 2 2 2 2 2
left_child=3 2 -2 6 5 -4 10 8 -8 -10 11 13 -13 20 -15 16 18 -18 -16 25 21 22 26 -23 -25 -19 27 29 -29 -1
right_child=1 -3 4 -5 -6 -7 7 -9 9 -11 -12 12 -14 14 15 -17 17 19 -20 -21 -22 23 -24 24 -26 -27 -28 28 -30 -31
leaf_value=0.0012255093532571844 0.089994602118679684 0.059017887289902496 -0.055138381020368082 -0.045172642390049839 0.022574377652891286 0.041011563100494239 -0.048402142609812793 0.043786647243585303 0.038156853931526243 -0.053633797897844886 0.051418838861086648 0.052492359472499542 -0.051080894874987043 0.052305510603172067 -0.048881435354942104 0.055306479973424041 0.059407811775030218 -0.052862381734644463 0.0513034333621789 -0.051265221924287466 0.043175062170362266 -0.054536643252323262 0.043714060319660297 -0.063607208701695575 0.030737549743872453 0.036794954280625534 -0.051577759459238287 -0.049349174178695644 0.037307940974889389 -0.047040098454219789
leaf_weight=175.58834121795371 0.46728990226983924 1.9161671977490184 1.9579049090389165 1.9494960813317437 2.1506394860334694 0.64804547186940897 4.5526526677422208 1.4015379874035714 1.3206094382330777 0.79310400411486615 1.2748011942021538 0.56181202828884069 3.1527057215571404 5.1301548057235804 4.1599593590944988 1.6627649567089964 1.8301733806729314 0.63134546764194999 0.7108095809817313 1.696573235094547 2.1876375027932218 3.0648031719028941 2.3605133609380564 0.62321636825799975 1.5112308021634815 2.0404567820951343 1.4545596232637752 4.9237478808499864 2.2099695932120085 1.5509718544781197
leaf_count=1137 2 11 45 89 26 6 64 18 11 14 11 2 25 37 44 22 8 7 5 17 23 51 53 5 12 17 11 71 16 24
internal_value=7.62687e-05 0.0171305 0.00176585 -0.000456998 -0.00690179 -0.0312279 -7.19486e-05 -0.018733 -0.0318772 0.00371532 0.000617642 0.000319273 -0.0354157 0.000941472 0.0143809 -0.00090014 -0.00934315 0.0102372 -0.0342611 -0.0103634 -0.000286603 -0.000778505 5.24143e-05 -0.0308378 0.00319075 0.015609 -0.000502505 -9.93428e-05 -0.0225035 0.000802912
internal_weight=235.484 7.14005 5.22388 228.344 4.75659 2.60595 226.394 8.0679 6.66637 2.11371 218.327 217.052 3.71452 213.337 17.8622 12.7321 11.0693 6.19855 4.87077 4.36838 195.475 193.287 188.088 5.19925 2.13445 2.6718 185.728 184.273 7.13372 177.139
internal_count=1884 90 79 1794 77 51 1705 107 89 25 1598 1587 27 1560 157 120 98 49 49 41 1403 1380 1312 68 17 24 1259 1248 87 1161
is_linear=0
shrinkage=0.05


Tree=129
num_leaves=31
num_cat=0
split_feature=15 68 25 64 71 35 42 66 3 65 69 5 10 29 7 8 70 20 39 2 36 15 36 71 65 22 65 4 22 2
split_gain=0.840153 1.0143 1.14749 1.85792 1.98419 1.39982 1.33047 1.33774 1.30389 1.16858 1.42844 1.64971 1.50928 2.61887 1.33346 1.90646 3.02726 2.01549 2.45464 1.58039 1.45202 1.99479 1.63448 1.75213 1.68868 2.36317 2.47891 1.84178 2.72085 2.58535
threshold=0.53134998679161083 0.00045000000682193791 0.058150000870227821 0.0013499999768100681 0.053749999031424529 0.00335000001359731 0.076400000602006926 0.0075499999802559623 0.058650000020861633 0.032949998974800117 0.018050000071525577 0.020200000144541267 0.0050500000361353168 0.0015499999863095584 1.0000000180025095e-35 0.0049499999731779107 0.0012500000302679839 0.0018500000005587938 1.0000000180025095e-35 0.13174999505281451 0.071750000119209303 0.041650000959634788 0.048899998888373382 0.038850000128149993 0.0047500000800937423 0.018550000153481964 0.0044499998912215242 0.010250000283122064 0.0087999999523162859 0.067549999803304686
decision_type=2 2 2 2 2 2 2 2 2 2 2 2 2 2 2 2 2 2 2 2 2 2 2 2 2 2 2 2 2 2
left_child=1 2 5 4 -4 6 7 9 -7 10 11 12 14 -14 19 17 -17 -16 -19 20 22 -22 23 24 25 26 27 28 -1 -29
right_child=-2 -3 3 -5 -6 8 -8 -9 -10 -11 -12 -13 13 -15 15 16 -18 18 -20 -21 21 -23 -24 -25 -26 -27 -28 29 -30 -31
leaf_value=-0.0009579789016816219 -0.052295353666931922 0.024477074833530513 -0.047575789080267376 0.023165324275191246 0.014223496724157347 -0.053094409758556164 0.059702874844336618 0.03302131584344966 0.012638682543192456 0.066076302327834027 -0.041780711014620858 0.049314027094298718 -0.049306348700942325 0.040486493694285294 -0.028285576026026389 0.050894741132868009 -0.031880138973073624 0.055678483707817077 -0.05348109025668614 0.034514098652130863 -0.041093299230605146 0.059909277995201363 0.046272685097039169 -0.032470310171965153 -0.031559285166906835 0.037462366098979946 0.074109566487465667 0.01952428471761208 -0.04944350897834722 -0.027737699367000108
leaf_weight=131.32188263582066 0.76347477501258154 4.238541768398135 4.8390555442310852 2.0825020833872259 1.7753693968988953 2.2767528514377768 0.96082058735191722 3.1612221449613562 1.12828335724771 0.67217358388006587 2.0217940565198651 1.7131072934716929 0.97776979394256969 4.790388309629634 13.618113265139987 2.6128773209638885 1.9134736685082314 1.6432256565894925 0.7500718468800186 3.3894098270684472 3.852431437931954 0.55989399552345265 1.9511875770986069 3.9960142383351913 3.8832221194170407 4.517606906592845 1.1445931568741787 20.834387572482232 2.9586694398894897 3.3602677360177031
leaf_count=832 21 89 105 20 31 70 7 20 13 3 23 33 6 70 106 31 19 14 6 26 33 3 11 56 44 27 4 109 33 19
internal_value=6.96862e-05 0.000241312 -0.000207841 -0.0180211 -0.0309883 0.000496312 0.00099636 0.000734788 -0.0313133 0.000254443 4.55599e-05 0.000448652 4.63381e-05 0.0252656 -0.000672709 -0.0127491 0.0159024 -0.0208488 0.0214673 0.000691781 4.91212e-05 -0.0282768 0.000767547 0.000251382 0.0010296 0.0018006 0.000791287 0.000261743 -0.00202628 0.0129603
internal_weight=233.709 232.945 228.707 8.69693 6.61442 220.01 216.605 215.644 3.40504 212.483 211.81 209.789 208.075 5.76816 202.307 20.5378 4.52635 16.0114 2.3933 181.77 178.38 4.41233 173.968 172.017 168.021 164.137 159.62 158.475 134.281 24.1947
internal_count=1884 1863 1774 156 136 1618 1535 1528 83 1508 1505 1482 1449 76 1373 176 50 126 20 1197 1171 36 1135 1124 1068 1024 997 993 865 128
is_linear=0
shrinkage=0.05


Tree=130
num_leaves=31
num_cat=0
split_feature=31 9 46 30 78 78 77 12 14 77 14 41 20 76 40 76 33 30 8 37 10 67 24 5 5 5 9 11 77 3
split_gain=0.812057 1.79392 2.15178 1.49096 1.5454 1.67977 1.61373 3.23939 3.29322 2.68293 2.46769 2.69284 2.34606 2.34807 2.74889 3.18436 3.17365 3.27643 2.54483 2.60503 2.19651 2.12816 2.19186 3.96391 3.79896 3.74468 5.21278 3.89718 3.76206 3.83182
threshold=0.0010500000207684936 0.0013499999768100681 0.00335000001359731 0.010250000283122064 0.0044977304060012111 0.002548185759223998 0.10205004364252092 0.0021499999566003685 0.0066499998793005952 0.042505508288741119 0.0014499999815598132 0.0010500000207684936 0.0012500000302679839 0.53759083151817333 0.0010500000207684936 0.31792199611663824 0.0082999998703598993 1.0000000180025095e-35 0.10509999841451646 1.0000000180025095e-35 0.0050500000361353168 0.0030500000575557355 0.0010500000207684936 0.0027499999850988392 0.0019500000635161998 0.0010500000207684936 0.002549999975599349 0.10694999992847444 0.0020494500640779738 0.0012500000302679839
decision_type=2 2 2 2 2 2 2 2 2 2 2 2 2 2 2 2 2 2 2 2 2 2 2 2 2 2 2 2 2 2
left_child=3 -2 -3 4 5 6 9 -8 -9 12 -11 -12 13 14 15 21 18 -18 20 -20 -16 22 23 24 25 26 28 -27 -1 -30
right_child=1 2 -4 -5 -6 -7 7 8 -10 10 11 -13 -14 -15 16 -17 17 -19 19 -21 -22 -23 -24 -25 -26 27 -28 -29 29 -31
leaf_value=-0.0047161374930969474 0.04213011827591602 0.01337061802558781 -0.023375031101047522 -0.033433047850598627 0.022156994328664557 -0.032121586207351005 0.059234822647673463 -0.037338138377251182 0.036050184625288327 -0.051908886658279113 0.034861440734894861 -0.026900891318753103 0.022696036505909317 0.041843035162089065 -0.046996199145134192 -0.033366033653358711 0.057760078084435298 -0.044646333376731448 -0.056647652246012738 0.056605719061496265 0.052954782375576562 -0.029981512464403934 -0.011678538842281693 0.033189131173088596 -0.036079377141908391 0.042425922989955282 -0.04574065091905203 -0.051313270138209792 0.074343600584749162 0.012650039569871221
leaf_weight=43.028079246170819 3.4622887754812863 14.282669032458218 5.5253202219028017 3.4680100991390637 7.3390208696946493 4.2990292615722856 3.338789798319338 3.1735403719358146 2.9492649720050395 4.8144829147495312 2.6287932398263365 5.3698700466193259 10.759553930722175 3.0761007587425402 10.692154171643779 6.794944886583834 2.2175362948328252 1.2057602307759223 0.78437399119138662 1.4397446662187574 0.57945642620325166 5.0923340786248437 21.298089757096022 11.8248088452965 5.9812542605213812 10.010243467986582 5.4986525175627312 1.2469005733728398 2.7748787924647358 27.071766583248973
leaf_count=243 38 126 82 69 120 63 55 32 39 29 31 62 76 24 182 57 14 16 10 7 3 22 116 49 20 48 72 4 11 164
internal_value=6.5108e-05 0.0089247 0.00312064 -0.000922474 -0.000373264 -0.00120857 -0.000522311 0.0196162 -0.00198807 -0.0015568 -0.0236261 -0.00660245 9.32386e-05 -0.0014209 -0.00226566 2.5279e-05 -0.0213067 0.0216903 -0.0322132 0.016665 -0.0418579 0.00172069 0.00297473 0.00587958 0.00250206 0.00507669 0.00120341 0.0320429 0.0047455 0.0183858
internal_weight=232.028 23.2703 19.808 208.757 205.289 197.95 193.651 9.4616 6.12281 184.19 12.8131 7.99866 171.377 160.617 157.541 140.622 16.919 3.4233 13.4957 2.22412 11.2716 133.827 128.735 107.437 95.6118 89.6305 78.3734 11.2571 72.8747 29.8466
internal_count=1884 246 208 1638 1569 1449 1386 126 71 1260 122 93 1138 1062 1038 806 232 30 202 17 185 749 727 611 562 542 490 52 418 175
is_linear=0
shrinkage=0.05


Tree=131
num_leaves=31
num_cat=0
split_feature=4 4 70 29 4 4 7 13 47 32 4 57 14 48 7 53 19 73 19 14 13 16 62 10 4 16 56 17 62 59
split_gain=0.838499 1.33897 1.38427 1.41999 1.30082 1.78233 1.5399 1.68819 1.22516 1.20295 1.19312 1.56439 1.17522 2.07783 1.41086 2.39067 1.57282 2.77547 2.14496 1.94406 1.86947 1.55626 2.80493 3.34682 4.23409 2.3818 2.10013 2.58946 1.64274 1.41824
threshold=0.13990000635385516 0.049799999222159393 0.0057500000111758718 0.0013499999768100681 0.045649999752640731 0.044250000268220908 0.0024500000290572648 0.064550001174211516 0.1200000010430813 0.0013499999768100681 0.18369999527931216 0.0020500000100582842 0.01480000000447035 0.0016499999910593035 0.0010500000207684936 0.0040500001050531873 0.0027499999850988392 0.0016499999910593035 1.0000000180025095e-35 0.0050500000361353168 0.0098500000312924402 0.0014499999815598132 0.0024500000290572648 0.0012500000302679839 0.013150000013411047 1.0000000180025095e-35 0.0035500000230968003 0.0052499999292194852 0.0040500001050531873 0.054800000041723258
decision_type=2 2 2 2 2 2 2 2 2 2 2 2 2 2 2 2 2 2 2 2 2 2 2 2 2 2 2 2 2 2
left_child=1 4 3 -3 5 6 8 -8 12 -5 -2 -12 14 -14 21 16 17 18 -16 -18 -20 25 23 -23 -25 28 27 -27 29 -1
right_child=10 2 -4 9 -6 -7 7 -9 -10 -11 11 -13 13 -15 15 -17 19 -19 20 -21 -22 22 -24 24 -26 26 -28 -29 -30 -31
leaf_value=0.0014505417706329349 0.051891670717083928 0.024198161852304344 0.043891907477308229 -0.044339244037285397 0.050995120733476208 -0.054805714996579338 0.049735519363639187 -0.029145056390757779 -0.050676868767475826 0.030966005382365408 -0.044986682645555054 0.052668964447577508 0.029077954583337104 -0.042364811190144416 -0.050981055050164495 0.061183377649208753 -0.05092164001825919 0.062853503190419754 -0.051218097166307812 0.017559581833786253 0.046489374547464275 -0.037061019161194718 0.050885181658884539 0.058344509385572507 -0.036254836613699958 -0.028159183616837509 -0.032355379975748839 0.049921412360620351 -0.055404483948886252 -0.054863747549593084
leaf_weight=160.67648606747389 1.8549617745447897 1.1256962232291687 0.75391596229746927 5.4306772165000439 1.2636222257278849 1.4671611264348019 2.9814403657801445 0.87806729087606061 1.1896952760871489 0.58771089953370381 1.0274512066971508 0.68252904107794155 7.0314969648607057 1.1899680686183272 2.627770004793998 0.9373456207104035 5.5252818306908011 1.2640652135014532 0.71736865118145976 1.2756143948063252 1.5415864335373042 10.082522779703142 1.5046646492555726 2.5148862758651367 2.2331657391041517 1.2729922635480742 1.2737316270358858 6.4019023939035833 1.2985249683260907 1.1258587394841004
leaf_count=1147 24 14 13 61 15 9 58 19 22 16 23 30 97 15 13 6 41 4 8 15 14 70 7 19 12 10 21 37 30 14
internal_value=5.90061e-05 -0.000320231 -0.0205448 -0.0273448 0.000411567 0.000117028 0.000490874 0.0317896 -7.97743e-05 -0.0369855 0.0241192 -0.00600798 0.000206195 0.0187374 -0.00054701 -0.0159261 -0.0215067 -0.00318503 -0.0202674 -0.0380769 0.0154607 0.000586841 -0.0141618 -0.0207613 0.0138513 0.00198715 0.0271029 0.0369706 0.000609163 0.00105869
internal_weight=229.738 226.173 7.898 7.14408 218.275 217.012 215.544 3.85951 211.685 6.01839 3.56494 1.70998 210.495 8.22147 202.274 13.889 12.9517 6.15079 4.88673 6.8009 2.25896 188.385 16.3352 14.8306 4.74805 172.049 8.94863 7.67489 163.101 161.802
internal_count=1884 1807 104 91 1703 1688 1679 77 1602 77 77 53 1580 112 1468 101 95 39 35 56 22 1367 108 101 31 1259 68 47 1191 1161
is_linear=0
shrinkage=0.05


Tree=132
num_leaves=31
num_cat=0
split_feature=25 19 48 68 11 3 25 20 5 9 11 64 25 78 14 2 28 76 22 36 24 24 17 5 11 2 27 9 6 11
split_gain=0.818496 2.49828 2.53392 2.38375 1.87459 1.88128 2.06676 1.43611 1.37273 1.30499 1.28936 1.28154 1.25649 1.25235 1.53277 1.5285 1.46287 1.8134 1.81838 1.89096 1.58097 3.88825 3.37344 3.23795 4.72768 5.6723 3.56401 3.17909 2.30714 2.74143
threshold=0.0079499999992549437 0.0015499999863095584 1.0000000180025095e-35 1.0000000180025095e-35 0.4731499999761582 0.0038499999791383748 0.023950000293552879 0.13149999827146533 0.0081500001251697558 0.0049499999731779107 0.69964998960495006 0.0036499999696388845 0.41179999709129339 0.0038964110426604752 0.016999999992549423 0.077250000089406981 0.017699999734759334 0.76164582371711742 0.063499998301267638 0.086449999362230315 0.0010500000207684936 0.0013499999768100681 0.0012500000302679839 0.0024500000290572648 0.0030500000575557355 0.0062500000931322583 1.0000000180025095e-35 1.0000000180025095e-35 0.0054500000551342973 0.017549999989569191
decision_type=2 2 2 2 2 2 2 2 2 2 2 2 2 2 2 2 2 2 2 2 2 2 2 2 2 2 2 2 2 2
left_child=13 8 9 4 5 6 -4 11 -2 -3 -6 -7 -5 14 16 -15 17 18 19 20 23 -22 -23 -1 -25 -26 -27 -24 29 -29
right_child=1 2 3 12 10 7 -8 -9 -10 -11 -12 -13 -14 15 -16 -17 -18 -19 -20 -21 21 22 27 24 25 26 -28 28 -30 -31
leaf_value=-0.00089285949564088963 -0.050661467553909892 0.030811105396139123 -0.053444001948294566 0.019116665799302615 0.031762097568507577 -0.044609290642555567 0.06337540397776803 0.055233801411247868 0.062414186767007468 -0.029880941003790129 -0.040616696893415863 0.016310060930298357 -0.041622481759374136 0.041911399724144649 0.027763853918338979 -0.013222426577733998 -0.046245676629014777 0.056179857812084281 0.040766172501797447 -0.046639840869216014 -0.045972930537540778 0.068056782557641041 -0.057314428448997527 0.063875690395245058 -0.050604539173156271 0.058296069878380444 -0.0065557294028356959 -0.001586097668221177 -0.034068681808988366 0.058399894914540243
leaf_weight=132.80949803441763 3.9361450453288844 6.746723197400569 0.59373143455014243 7.3082968331873399 2.4118238873779769 10.328482968732709 1.0450051808729766 0.41461942950263697 0.28804469108581532 1.0195386274717746 0.82605200726538885 0.94204261526465494 0.96373830037191499 3.9326889838557682 5.0714733125641933 1.847728027962148 1.7018254939466704 1.4417651356197883 2.6779064647853366 2.216383470222353 6.2636547787115004 1.6525086257606769 2.6136337835341683 4.8802699642255929 3.2709585116244844 4.3761496124789101 4.1065340144559741 6.5216497899964434 3.0777644366025916 2.6903933440335095
leaf_count=842 76 54 10 87 20 188 6 5 1 24 14 6 17 86 89 39 31 16 16 19 43 8 10 21 12 32 35 35 23 19
internal_value=5.42758e-05 -0.00677156 -0.00208358 -0.00987904 -0.020827 -0.0291195 0.0210505 -0.0361554 -0.0429509 0.0228436 0.0132967 -0.0395174 0.0120402 0.00136923 0.000654565 0.0242877 -0.000107961 0.000331674 -0.000122837 -0.000750401 -0.000159975 -0.012418 0.00027693 0.00171179 0.022508 0.00533159 0.0269008 -0.00723857 0.0034109 0.0159329
internal_weight=227.977 36.8242 32.6001 24.8338 16.5618 13.3239 1.63874 11.6851 4.22419 7.76626 3.23788 11.2705 8.27204 191.153 185.372 5.78042 180.301 178.599 177.157 174.479 172.263 22.8196 16.5559 149.443 16.6339 11.7536 8.48268 14.9034 12.2898 9.21204
internal_count=1884 508 431 353 249 215 16 199 77 78 34 194 104 1376 1251 125 1162 1131 1115 1099 1080 138 95 942 100 79 67 87 77 54
is_linear=0
shrinkage=0.05


Tree=133
num_leaves=31
num_cat=0
split_feature=15 51 45 45 26 60 40 12 17 48 71 70 39 19 11 22 22 13 22 9 76 59 76 18 59 12 9 2 71 70
split_gain=0.806653 1.00594 1.33765 1.92045 1.7311 1.59122 1.50851 5.55259 2.47228 1.93479 1.88019 2.04049 1.86738 3.21141 2.92916 2.55564 2.92401 2.6067 3.59407 2.84456 2.71655 2.50182 2.18006 1.91509 2.10438 2.20964 3.60409 3.5798 3.47744 3.19011
threshold=0.53134998679161083 0.0018500000005587938 0.0063000000081956395 0.0030500000575557355 0.064050000160932555 0.0060499999672174462 0.0011500000255182388 0.027050000615417961 0.0091500002890825289 0.0020500000100582842 0.010850000195205213 0.0064499999862164268 0.0016499999910593035 0.003249999950639904 0.0056499999482184657 0.0035500000230968003 0.0040500001050531873 0.0014499999815598132 0.021500000730156902 0.0014499999815598132 0.13057259470224383 0.003249999950639904 0.55461177229881298 0.0013499999768100681 1.0000000180025095e-35 0.0096500003710389155 0.0021499999566003685 0.014949999749660494 1.0000000180025095e-35 0.0028499999316409235
decision_type=2 2 2 2 2 2 2 2 2 2 2 2 2 2 2 2 2 2 2 2 2 2 2 2 2 2 2 2 2 2
left_child=1 2 3 6 -4 -6 9 8 -8 10 12 -12 15 14 -14 23 -17 18 -18 -19 -21 -15 -22 24 25 26 28 -27 29 -1
right_child=-2 -3 4 -5 5 -7 7 -9 -10 -11 11 -13 13 21 -16 16 17 19 -20 20 22 -23 -24 -25 -26 27 -28 -29 -30 -31
leaf_value=-0.002840647668529166 -0.052224094922326547 0.029372247314568906 -0.027385658828999623 0.028582361061714481 -0.018476135901111922 0.057472151916977444 -0.043417253284564306 0.01504593665611815 0.0071580909779235874 0.033939595933783873 -0.037051285554121467 0.025952636844882776 -0.040374241567198599 -0.035939451180554326 0.044943310435310246 0.075829871027316309 -0.052000765750280835 0.056651569459963594 0.030735207707229206 0.050418065309790483 -0.042914985062315281 0.057833252030157038 0.047378318444330457 0.03866925380744874 0.017483085661873465 -0.043806913593454531 0.025894907817920476 0.010005440422683743 -0.057791717766770702 0.061362340993831692
leaf_weight=84.995854215929285 0.73558112094178696 2.9210178034845731 8.8957797866314632 6.0210134009830645 1.4391262549906962 1.3242815176490692 11.010618836386131 11.023165786638854 3.0957201740238807 4.4920460991561404 6.0002098188269875 1.635368749964982 1.4325222130864848 10.242793748620894 3.3789692241698503 2.1569734825752702 2.9196523288264862 4.7841675668023509 2.3847578852437437 2.0584323275834322 2.7961171995848422 0.76436488330364305 0.87853437801823009 3.3144887119997284 15.485367286484687 7.5412640511058253 12.121519530424846 5.2366005722433329 2.8203836278989902 1.9798631481826294
leaf_count=448 21 43 84 53 14 14 188 127 44 52 98 16 12 92 19 11 38 28 20 11 36 3 10 70 91 69 84 40 27 21
internal_value=5.04038e-05 0.000221188 -0.000161978 0.00075082 -0.0166476 0.0179198 -6.8414e-05 -0.0115417 -0.0323182 0.00153853 0.000706491 -0.0235573 0.00181394 -0.0145328 0.0195418 0.00352106 0.0212183 0.0137731 -0.0148043 0.0281862 0.00443223 -0.0294276 -0.0213277 0.00113766 0.000182082 -0.00215378 0.000303545 -0.0217536 -0.00315102 -0.00137917
internal_weight=225.887 225.151 222.23 210.571 11.6592 2.76341 204.55 25.1295 14.1063 179.42 174.928 7.63558 167.293 15.8187 4.81149 151.474 17.9786 15.8217 5.30441 10.5173 5.73308 11.0072 3.67465 133.495 130.181 114.695 101.918 12.7779 89.7961 86.9757
internal_count=1884 1863 1820 1708 112 28 1655 359 232 1296 1244 114 1130 126 31 1004 154 143 58 85 57 95 46 850 780 689 580 109 496 469
is_linear=0
shrinkage=0.05


Tree=134
num_leaves=31
num_cat=0
split_feature=15 51 49 45 45 13 65 14 47 53 19 35 61 15 22 11 22 3 29 12 76 14 55 66 74 43 21 10 8 27
split_gain=0.765431 0.921593 1.25198 1.22425 1.74907 1.594 1.61184 2.34323 1.21767 1.1858 3.63957 1.71454 1.20091 1.43415 2.90207 2.61047 3.16226 2.39958 2.51518 2.35688 2.35472 2.27315 2.40927 2.2601 2.37978 2.19217 2.94964 5.29568 2.92177 3.20989
threshold=0.53134998679161083 0.0018500000005587938 0.0012500000302679839 0.0063000000081956395 0.0030500000575557355 0.019150000065565113 0.0010500000207684936 0.0024500000290572648 0.088500000536441817 0.003299999982118607 0.0017499999958090486 0.0010500000207684936 0.0079999999143183249 0.0010500000207684936 0.0012500000302679839 0.0062500000931322583 0.0043500000610947618 0.0077499998733401307 0.071200001984834685 0.002549999975599349 0.035761659964919097 0.017250000499188903 0.020049999468028549 0.002549999975599349 0.057699998840689666 1.0000000180025095e-35 0.0018500000005587938 0.0014499999815598132 0.0020500000100582842 0.0053499999921768912
decision_type=2 2 2 2 2 2 2 2 2 2 2 2 2 2 2 2 2 2 2 2 2 2 2 2 2 2 2 2 2 2
left_child=1 3 -3 4 8 -5 7 -7 9 12 -11 -12 13 25 19 16 -16 18 -17 23 -19 22 -21 24 -15 26 28 -28 29 -1
right_child=-2 2 -4 5 -6 6 -8 -9 -10 10 11 -13 -14 14 15 17 -18 20 -20 21 -22 -23 -24 -25 -26 -27 27 -29 -30 -31
leaf_value=-0.0017619517052792255 -0.052115585115421831 0.043013203040880132 -0.045591732056374484 -0.045820298205926015 0.027388973261255941 0.033074197559148061 -0.034378165645942524 -0.039725875296138309 -0.04391201676021015 -0.048162051524274996 0.058341785399413384 -0.023879750833249565 0.045995136516127105 -0.040337484744456399 0.055667906613018805 -0.048537836285280064 -0.010832532745496389 0.082249395801293687 0.079677733107631377 -0.012220859642865248 0.00044913591059914191 0.056774348557850532 0.066958452089748252 0.02772109652616285 0.061486399619782729 0.033524269623582056 -0.037636912557499042 0.039322129769137661 0.02127250748324902 0.077802839270797411
leaf_weight=66.91043248726055 0.7011264986358573 2.4022895190864797 0.47800571960397054 3.2312854775227597 5.9705146835185579 3.7951299203559739 2.9063785758335143 1.5595404999330638 1.5714142131619144 1.3941951422020782 3.7208531643263996 0.76427307445555914 1.3853072365745891 13.834265708923336 4.6760847959667435 4.0364317272324106 2.8940872815437615 0.90568077377975242 0.42253732681274403 24.440230463631458 30.753959769150242 1.3802937488071609 1.0000419858843077 1.5339644234627474 0.59865330159664232 5.6236174318473777 10.182438059244303 2.8640810484066597 20.499751531984657 1.2920984057709564
leaf_count=357 21 28 15 40 53 22 31 19 28 11 43 10 12 128 29 76 34 3 1 256 353 12 4 12 3 43 72 20 142 6
internal_value=4.51059e-05 0.000209082 0.0283086 -0.000158557 0.000716501 -0.0160461 -0.00440007 0.0118713 -6.91939e-05 0.000273375 0.0223977 0.0443311 -0.000392882 -0.000724386 -0.00551657 0.00354803 0.0302447 -0.00204738 -0.036388 -0.0147721 0.00278918 -0.00571778 -0.00910837 -0.0299813 -0.036114 0.00313517 0.00145558 -0.0207422 0.00472048 -0.000254595
internal_weight=223.729 223.028 2.8803 220.148 208.655 11.4923 8.26105 5.35467 202.685 201.113 5.87932 4.48513 195.234 193.849 86.4762 43.6888 7.57017 36.1186 4.45897 42.7874 31.6596 26.8206 25.4403 15.9669 14.4329 107.372 101.749 13.0465 88.7023 68.2025
internal_count=1884 1863 43 1820 1708 112 72 41 1655 1627 64 53 1563 1551 911 496 63 433 77 415 356 272 260 143 131 640 597 92 505 363
is_linear=0
shrinkage=0.05


Tree=135
num_leaves=31
num_cat=0
split_feature=25 19 48 68 43 6 52 4 64 64 74 24 76 76 76 76 3 17 4 24 76 74 35 20 28 27 56 15 46 29
split_gain=0.75909 2.32449 2.24581 2.09818 1.71431 1.43248 1.34818 1.33083 2.74012 4.94576 2.2678 2.24929 2.04329 2.35408 2.11558 2.59309 4.08572 3.29171 5.23997 2.08749 1.99967 1.97269 1.88848 2.99737 2.35711 2.0544 2.33864 2.04741 1.95262 1.83151
threshold=0.0079499999992549437 0.0015499999863095584 1.0000000180025095e-35 1.0000000180025095e-35 0.013749999925494196 0.0013499999768100681 0.0097000002861022967 0.0016499999910593035 0.0010500000207684936 0.0012500000302679839 0.0075999998953193435 1.0000000180025095e-35 0.0056399307213723668 0.0064866936299949893 0.011601181235164406 0.021205288358032707 0.0018500000005587938 0.0028499999316409235 0.0024500000290572648 0.0014499999815598132 0.026759716682136062 0.0015499999863095584 1.0000000180025095e-35 0.0018500000005587938 0.0023500000825151805 0.0034500000765547161 0.0064499999862164268 0.0085500003769993799 1.0000000180025095e-35 0.0020500000100582842
decision_type=2 2 2 2 2 2 2 2 2 2 2 2 2 2 2 2 2 2 2 2 2 2 2 2 2 2 2 2 2 2
left_child=7 -2 -3 4 5 -4 -7 8 11 -10 12 22 -9 -14 -15 17 -17 18 -16 -20 -18 -22 24 -24 25 26 27 28 29 -1
right_child=1 2 3 -5 -6 6 -8 10 9 -11 -12 -13 13 14 15 16 20 -19 19 -21 21 -23 23 -25 -26 -27 -28 -29 -30 -31
leaf_value=-0.0068196984751401407 -0.042675322334892046 0.021631446172359368 0.070510160074603409 0.01120608543231795 0.025768861147762823 -0.035543375637874505 0.0081320111313420585 -0.062888244755547704 0.15771299598678767 0.0019134036270096024 0.047436946571263162 -0.055763989244025751 0.097330889113122307 -0.037277156295228757 0.070321284879180088 -0.046955255868220136 0.047143873918182123 0.077178299614145837 -0.056594114808360789 0.028789276597224057 0.0049168875013565422 -0.02480097177001183 -0.054228626890814619 0.055305587673579716 -0.041385062257845308 0.045146498686598528 -0.053127102461623416 -0.055462050150723453 0.044217928040869381 0.0165763638765998
leaf_weight=28.65216052532196 3.9802830270491532 7.5566625678911832 0.37288415431976574 7.9872766537591806 1.7927616043016303 11.489505899837239 2.0880149300210169 1.1570788025856007 0.71543326973915045 1.7685837168246505 2.9731910629197946 2.2576965326443306 0.67006102204322715 3.120680756866931 2.1487161573022586 4.0378764411434522 2.6546111553907386 2.6688606590032578 2.2850795537233357 1.0423901081085203 95.866580952890217 5.9296372323296955 3.7494170372374347 0.74940348602831353 3.584294142201542 2.4601708389818659 2.1132908891886464 1.5658960193395604 2.6622116274666032 11.814012581482528
leaf_count=172 77 78 1 104 23 190 35 8 2 16 28 14 2 12 9 23 11 8 12 4 741 55 71 6 53 14 7 12 32 64
internal_value=4.13819e-05 -0.00668603 -0.00210754 -0.00966692 -0.0202568 -0.0261716 -0.0288268 0.00131254 -0.00466719 0.046786 0.00429353 -0.00681135 0.00323849 0.00387386 0.00335094 0.00443799 0.00239521 0.031647 0.00945696 -0.0298462 0.00430301 0.00318582 -0.00488426 -0.0359827 -0.00223714 0.000610928 -0.00172983 0.000700402 0.00273954 1.07318e-05
internal_weight=221.915 35.2674 31.2871 23.7304 15.7432 13.9504 13.5775 186.647 62.0926 2.48402 124.555 59.6086 121.582 120.424 119.754 116.634 108.489 8.14505 5.47619 3.32747 104.451 101.796 57.3509 4.49882 52.852 49.2677 46.8076 44.6943 43.1284 40.4662
internal_count=1884 508 431 353 249 226 225 1376 463 18 913 445 885 877 875 863 830 33 25 16 807 796 431 77 354 301 287 280 268 236
is_linear=0
shrinkage=0.05


Tree=136
num_leaves=31
num_cat=0
split_feature=31 27 25 21 4 12 31 30 78 36 50 36 44 36 39 33 21 76 21 10 58 21 65 10 35 11 13 4 15 40
split_gain=0.753516 1.59077 2.32989 1.41357 1.56937 1.80795 1.55473 1.37767 1.48456 2.05234 1.67223 1.9565 2.20042 1.80318 1.9865 1.67132 1.29054 2.33156 1.99761 1.86689 3.91535 2.32277 2.66524 2.297 2.19619 2.19016 1.88164 1.99814 1.84071 1.68114
threshold=0.0010500000207684936 0.0052499999292194852 0.016449999995529655 0.18990000337362292 0.0019500000635161998 0.01814999990165234 0.047499999403953559 0.0058000001590698966 0.0044977304060012111 0.086449999362230315 0.021900000050663952 0.018050000071525577 0.029200000688433651 0.048899998888373382 1.0000000180025095e-35 0.0015499999863095584 0.0055499998852610597 0.53759083151817333 0.0052499999292194852 0.0011500000255182388 0.0019500000635161998 0.050800001248717315 0.0016499999910593035 0.0015499999863095584 1.0000000180025095e-35 0.003249999950639904 0.0065500000491738328 0.0062500000931322583 0.014050000347197058 0.0010500000207684936
decision_type=2 2 2 2 2 2 2 2 2 2 2 2 2 2 2 2 2 2 2 2 2 2 2 2 2 2 2 2 2 2
left_child=7 3 -3 4 5 -2 -6 8 9 10 11 16 13 -13 -15 -10 17 18 29 20 21 25 -23 -21 -22 28 -25 -28 -18 -1
right_child=1 2 -4 -5 6 -7 -8 -9 15 -11 -12 12 -14 14 -16 -17 19 -19 -20 23 24 22 -24 26 -26 -27 27 -29 -30 -31
leaf_value=0.0021113977921461166 -0.052147556429162578 -0.043408019102690494 0.012123769353666516 -0.046688271626065633 0.040927088883237359 0.018938243547812289 -0.03710519774312928 -0.024685576278880794 0.037162062317808518 -0.054285031303113865 0.032082996406877243 -0.05399873570181124 0.066690767555102434 0.063148653312318032 -0.057255758247288992 -0.025461478648207955 -0.05415723240211448 0.044468310543184293 0.07008644873573712 0.055219801305309957 0.042157299993596319 -0.055545182798033471 0.032245872754865332 -0.027299370491369292 -0.034530658515939359 -0.045814858731722828 -0.048274693991680884 0.034368794209593205 0.049490448557329453 -0.017597176321008486
leaf_weight=124.48621441540308 1.2650968749076135 3.0426455845590663 4.9808495631441474 0.77380061848089177 8.1994372345507109 3.0530450670048594 0.69222164200618941 5.9257118231616905 4.9421617968473575 1.7908069267868985 3.8556607537902883 4.2929722899571052 0.55116806924343098 0.79684652388095834 0.60088679380714893 1.3582370753865687 0.66644689440727845 3.1445062153507015 1.0361480913124967 2.0786578110419205 3.6304237381555131 1.2500400014687318 2.8031968139111996 4.2403491185978037 1.256780073046684 11.874467811780049 0.90426642913371313 3.8256612345576286 1.199040012899786 11.85018066735938
leaf_count=685 12 34 77 8 83 27 5 120 86 18 39 45 2 3 7 28 13 56 4 13 26 26 26 40 27 178 10 37 14 135
internal_value=3.41041e-05 0.00881196 -0.00893483 0.0189947 0.0228423 -0.00188794 0.0348522 -0.000939753 -0.000208541 -0.00101652 -0.000499039 -0.00119507 -0.0287 -0.037939 0.0113867 0.0236617 -0.000209785 0.00189842 0.000923985 -0.00899263 -0.017203 -0.0280906 0.00517064 0.00786088 0.0224364 -0.0379025 -0.00311347 0.018569 0.0124622 0.000398354
internal_weight=220.368 22.0071 8.0235 13.9836 13.2098 4.31814 8.89166 198.361 192.435 186.135 184.344 180.488 6.24187 5.69071 1.39773 6.3004 174.246 140.517 137.373 33.7293 22.6804 17.7932 4.05324 11.0489 4.8872 13.74 8.97028 4.72993 1.86549 136.336
internal_count=1884 246 111 135 127 39 88 1638 1518 1404 1386 1347 57 55 10 114 1290 880 824 410 310 257 52 100 53 205 87 47 27 820
is_linear=0
shrinkage=0.05


Tree=137
num_leaves=31
num_cat=0
split_feature=15 66 70 70 19 66 43 12 14 11 3 47 41 5 2 36 22 6 27 3 47 11 79 20 12 79 64 2 4 6
split_gain=0.746787 0.859806 1.40915 1.1534 1.16534 1.05787 2.28818 1.44422 1.43631 1.19838 3.66706 4.5637 2.87458 4.46327 3.73874 4.08873 2.69093 2.29064 2.30152 2.00741 2.32622 1.76658 2.65779 1.68227 2.99833 1.78648 2.84218 1.54524 2.59108 1.47601
threshold=0.53134998679161083 0.0063000000081956395 0.0060499999672174462 0.0011500000255182388 0.0018500000005587938 0.0011500000255182388 1.0000000180025095e-35 0.1212499998509884 0.0010500000207684936 0.0011500000255182388 0.0018500000005587938 0.012550000101327898 0.0016499999910593035 1.0000000180025095e-35 1.0000000180025095e-35 0.0043500000610947618 0.0011500000255182388 0.0067499999422580012 0.0011500000255182388 0.0029499999945983295 1.0000000180025095e-35 0.01544999983161688 0.92622444033622753 0.0010500000207684936 0.0012500000302679839 0.20870623737573626 0.002650000038556755 0.0017499999958090486 0.0038499999791383748 0.002549999975599349
decision_type=2 2 2 2 2 2 2 2 2 2 2 2 2 2 2 2 2 2 2 2 2 2 2 2 2 2 2 2 2 2
left_child=1 5 3 4 -3 9 -7 8 -8 12 11 -11 13 14 17 16 -16 18 23 20 21 27 -23 24 25 -1 -27 28 -12 -15
right_child=-2 2 -4 -5 -6 6 7 -9 -10 10 19 -13 -14 29 15 -17 -18 -19 -20 -21 -22 22 -24 -25 -26 26 -28 -29 -30 -31
leaf_value=-0.002514170681175138 -0.052052519745612841 -0.034968828399917599 0.057443473262734517 -0.051393232221948443 0.031092722048368205 -0.04666990753346216 -0.051693878898845982 -0.040367118297559353 0.047559018460289613 -0.033084210971108141 -0.060034000977884805 0.046739636419871472 -0.037124950971241522 0.065814597283510343 -0.055894994571115866 0.084901318365538367 0.045463673177327336 0.073195491745696131 -0.057380701616917357 -0.00076829389259663492 -0.038243162909397277 0.055999089073834232 -0.055261401942469417 0.062946476360073458 -0.064868904032706606 0.045065573745540488 -0.057412466508209782 0.043009996161611837 0.086545436754349961 -0.0026906867414859606
leaf_weight=6.3274510577321212 0.68610534793697198 0.87326803244650308 1.6931929066777227 0.77908077696338285 2.8340296540409327 3.6923740205820641 0.44258065056055862 1.0259136902168391 2.0662026209756732 14.88446813169867 0.9529714249074448 2.0354295372962943 3.0879156547598532 4.5987759390845886 4.9492827043868592 0.70812148600816716 0.75466569513082493 1.5892011267133046 1.1655510887503613 139.4753001278732 1.5717440801672626 0.86058318242430631 1.4264607373625038 1.6665336489677418 1.2274453956633795 6.3045077577698976 0.75793759524822224 8.7734331525862199 0.44101470708847046 0.94845130294561375
leaf_count=16 21 20 11 14 37 77 7 16 21 104 15 11 16 24 58 4 6 13 12 1238 22 4 9 5 9 41 4 43 1 5
internal_value=2.9812e-05 0.000193794 0.018578 0.00390985 0.0155317 -0.000342758 -0.019143 0.00961177 0.0300496 0.000321625 -0.00139012 -0.0234816 0.00887995 0.0134628 0.00460517 -0.0284167 -0.0424847 0.0157267 0.0104927 0.00104494 0.0190756 0.0263091 -0.0133956 0.0153509 0.0099245 0.0167808 0.0340677 0.0352403 -0.0136607 0.0541017
internal_weight=218.6 217.914 6.17957 4.48638 3.7073 211.734 7.22707 3.5347 2.50878 204.507 170.421 16.9199 34.0858 30.9979 25.4507 6.41207 5.70395 19.0386 17.4494 153.502 14.0262 12.4545 2.28704 16.2839 14.6173 13.3899 7.06245 10.1674 1.39399 5.54723
internal_count=1884 1863 82 71 57 1781 121 44 28 1660 1447 115 213 197 168 68 64 100 87 1332 94 72 13 75 70 61 45 59 16 29
is_linear=0
shrinkage=0.05


Tree=138
num_leaves=31
num_cat=0
split_feature=0 74 38 62 65 65 44 32 24 24 2 41 6 24 5 9 17 26 13 13 56 11 8 23 62 65 17 6 76 2
split_gain=0.720478 1.18478 0.839886 1.36622 1.01512 1.09181 2.19509 1.00587 0.935893 2.91464 2.25907 3.5234 2.03896 1.93288 1.67679 4.75465 2.82285 3.67382 1.68706 4.00702 4.28183 3.5148 2.81413 2.60348 2.80786 4.10973 3.27495 4.45704 6.03095 3.10005
threshold=0.0031500000040978198 0.0010500000207684936 0.0012500000302679839 0.00670000002719462 0.038150001317262656 0.007849999703466894 0.0052499999292194852 1.0000000180025095e-35 1.0000000180025095e-35 0.0017499999958090486 0.0071499999612569818 0.0018500000005587938 0.0054500000551342973 0.00530000007711351 0.0024500000290572648 1.0000000180025095e-35 0.0027499999850988392 0.0034500000765547161 0.0027499999850988392 0.0016499999910593035 0.0012500000302679839 0.0016499999910593035 0.0068500000052154073 0.0014499999815598132 1.0000000180025095e-35 0.0019500000635161998 0.0010500000207684936 0.0010500000207684936 0.014083571732044222 0.0019500000635161998
decision_type=2 2 2 2 2 2 2 2 2 2 2 2 2 2 2 2 2 2 2 2 2 2 2 2 2 2 2 2 2 2
left_child=2 -2 3 4 5 7 -7 8 14 -10 12 -12 13 -11 18 -16 -17 -18 19 23 -21 -20 -23 24 26 -26 -1 28 -28 -30
right_child=1 -3 -4 -5 -6 6 -8 -9 9 10 11 -13 -14 -15 15 16 17 -19 21 20 -22 22 -24 -25 25 -27 27 -29 29 -31
leaf_value=0.0031877405303830058 0.052180923420721476 -0.0298548991843679 0.032631392051791649 -0.041921397932186188 0.062102703413768959 -0.046141524657194261 0.049258111797142304 0.044085693230522492 -0.02196633807672857 0.051644001779570403 -0.034304233462286809 0.031040548246618695 -0.028758028248813808 -0.026492886188963463 0.052824504324519753 0.042385184355461375 -0.045269082320099387 0.020350668977348482 -0.043418990781607048 0.044786797964358319 -0.013636027720840034 -0.0097094729123885035 0.0086853438353881023 0.037812885853728814 0.056321357168101896 -0.053522382678448083 -0.05378589534305217 -0.057212324217608329 0.060093443278798078 -0.01345607858151107
leaf_weight=22.574441925156862 1.5423118523322039 0.61586223309859622 1.9231554260477413 1.977955104317515 0.65235710144042869 3.0122150289826091 0.75388440862298001 1.2928372230380762 17.447290164418519 5.2143500614911344 5.4826871789991838 3.3073110412806273 1.3175648301839826 0.9330961750820278 5.8369754636660245 2.6542008612304917 4.8733318736776692 3.7932337028905749 5.4937677001580587 11.017239922657607 4.3842367848847053 50.711796198273078 35.24044475145638 3.9279303285293272 3.7313536806032053 1.1033263634890316 3.7326904162764567 6.7788569265976539 3.248981311917305 2.562765933573246
leaf_count=166 139 20 24 45 3 36 7 14 143 33 44 29 8 8 36 16 31 36 50 63 63 389 278 50 31 9 14 63 18 18
internal_value=2.55935e-05 0.028771 -0.00026298 -0.0005599 -0.000172315 -0.000365377 -0.0270448 0.000120817 -0.000155952 -0.00777374 0.00745987 -0.00971771 0.0276864 0.0397839 0.00133961 0.0161687 -0.00273105 -0.0165482 -0.00030712 0.00598446 0.028156 -0.00464584 -0.00216759 -0.00118028 -0.00468254 0.0312538 -0.00914915 -0.0262106 -0.0041918 0.0276608
internal_weight=217.138 2.15817 214.98 213.057 211.079 210.427 3.7661 206.661 205.368 33.7023 16.255 8.79 7.46501 6.14745 171.666 17.1577 11.3208 8.66657 154.508 63.0618 15.4015 91.446 85.9522 47.6603 43.7324 4.83468 38.8977 16.3233 9.54444 5.81175
internal_count=1884 159 1725 1701 1656 1653 43 1610 1596 265 122 73 49 41 1331 119 83 67 1212 495 126 717 667 369 319 40 279 113 50 36
is_linear=0
shrinkage=0.05


Tree=139
num_leaves=31
num_cat=0
split_feature=2 13 69 36 19 15 0 27 2 40 76 48 45 34 31 78 40 59 21 43 9 41 42 77 77 16 11 41 3 9
split_gain=0.714331 1.59845 2.14347 1.33164 1.32592 1.27586 1.25908 1.6125 1.38105 1.18698 2.96397 3.28657 2.31775 2.40748 2.08686 1.57341 1.47227 2.1211 1.37495 2.06054 2.58531 3.80286 1.94554 1.94428 3.26825 4.72446 2.96287 3.09399 2.81361 3.49886
threshold=0.11589999869465829 0.0592000000178814 0.002549999975599349 0.086449999362230315 0.050900001078844077 0.041650000959634788 0.0021499999566003685 0.0043500000610947618 0.10520000010728837 0.0011500000255182388 0.080461930483579649 1.0000000180025095e-35 0.0012500000302679839 0.0022500000195577745 0.0019500000635161998 0.0038981504039838914 0.0047500000800937423 0.010149999987334015 0.0077499998733401307 1.0000000180025095e-35 0.0010500000207684936 0.0012500000302679839 0.0019500000635161998 0.0084380931220948713 0.0047950597945600757 0.0012500000302679839 0.016449999995529655 0.0037500000325962905 0.0017499999958090486 1.0000000180025095e-35
decision_type=2 2 2 2 2 2 2 2 2 2 2 2 2 2 2 2 2 2 2 2 2 2 2 2 2 2 2 2 2 2
left_child=3 2 -2 6 -3 -5 8 -8 9 15 -11 14 13 -13 16 18 -12 -18 19 22 -21 -22 23 24 26 -26 -1 -28 29 -25
right_child=1 4 -4 5 -6 -7 7 -9 -10 10 11 12 -14 -15 -16 -17 17 -19 -20 20 21 -23 -24 28 25 -27 27 -29 -30 -31
leaf_value=-0.0036425171796612404 0.045950984853563297 -0.048150735493185264 -0.014859847751803401 -0.042333379192687648 0.023423936406379849 0.042938916628136051 0.053975180593370413 -0.021468199251301518 -0.04210912488993615 -0.049622782738396563 0.047696644022277523 -0.043784039948287209 0.0041117339711039735 0.049894032784200661 -0.055027092935881317 0.031371077372586383 -0.058511928773717164 0.054721090202073275 -0.0090960326710545717 0.055218203559936979 -0.029766134408100414 0.052084268796026595 0.039102950163592436 0.078892293786276407 0.037414626470264972 -0.057185875536908862 0.046093232348279639 -0.020918384936435445 -0.014661756400720755 -0.037763032307291611
leaf_weight=67.609300491400063 4.5574085675179941 1.5928781230468305 2.1246595224365592 3.1533816000446673 1.089706349885091 0.50954120606183995 2.2803657958284016 1.0273624246474353 1.9801630973815907 4.0031155361793962 4.8555409943219301 7.1766761480830592 7.3686937601305544 0.75831507658585895 0.73619860783219326 4.2666289433836928 0.90505209146067478 0.76159769296646118 29.861983024282381 4.0812234319746477 3.4986688559874892 2.3874534368515015 3.2672121850773683 1.8161146044731133 11.750333159230648 1.4867873275652517 6.2146746236830932 2.3829820821993053 30.652585616800934 0.9948943257331847
leaf_count=352 48 16 34 34 25 6 126 26 14 106 32 136 67 8 8 57 15 5 355 21 26 14 24 5 61 7 27 13 208 8
internal_value=2.11444e-05 0.0135266 0.0266153 -0.000593444 -0.019076 -0.0304713 -5.19922e-05 0.0305429 -0.000561003 -0.00014303 -0.00997301 -0.00293808 -0.0160805 -0.0348316 0.0247715 0.00139062 0.0337789 -0.0067686 0.00062006 0.00275123 0.0246369 0.00343298 0.00102234 1.0055e-05 0.00385659 0.0267891 -0.000126783 0.0275199 -0.0102713 0.0376047
internal_weight=215.151 9.36465 6.68207 205.787 2.68258 3.66292 202.124 3.30773 198.816 196.836 26.5652 22.5621 15.3037 7.93499 7.25839 170.271 6.52219 1.66665 166.004 136.142 9.96735 5.88612 126.175 122.908 89.4441 13.2371 76.207 8.59766 33.4636 2.81101
internal_count=1884 123 82 1761 41 40 1721 152 1569 1555 377 271 211 144 60 1178 52 20 1121 766 61 40 705 681 460 68 392 40 221 13
is_linear=0
shrinkage=0.05


Tree=140
num_leaves=31
num_cat=0
split_feature=4 4 5 3 27 76 4 4 7 13 36 59 40 52 8 13 36 29 11 52 13 77 11 6 35 21 47 71 59 33
split_gain=0.708493 1.21937 1.23116 1.37442 1.25862 1.18365 1.15005 1.60724 1.38247 1.37199 1.06497 2.37092 2.1876 2.00111 1.89326 2.96081 3.85856 2.33775 2.34051 2.16074 3.57549 3.16581 2.45423 3.15574 3.42885 2.90929 2.09324 2.0609 1.94453 2.10262
threshold=0.13990000635385516 0.049799999222159393 0.0012500000302679839 0.0039500000420957812 0.0082499999552965182 0.37321530282497412 0.045649999752640731 0.044250000268220908 0.0024500000290572648 0.064550001174211516 1.0000000180025095e-35 0.0059500001370906839 0.0031500000040978198 0.0019500000635161998 0.0068500000052154073 0.0074499999172985562 0.0013499999768100681 0.0045499999541789302 0.21414999663829806 0.0014499999815598132 0.02055000048130751 0.073779184371233 1.0000000180025095e-35 0.0022500000195577745 0.0010500000207684936 0.10155000165104867 0.0015499999863095584 0.003249999950639904 0.0011500000255182388 0.0023500000825151805
decision_type=2 2 2 2 2 2 2 2 2 2 2 2 2 2 2 2 2 2 2 2 2 2 2 2 2 2 2 2 2 2
left_child=1 6 3 -3 5 -4 7 8 10 -10 11 12 13 -1 17 16 -16 19 -19 20 22 -21 -12 27 25 -25 -20 -24 29 -17
right_child=-2 2 4 -5 -6 -7 -8 -9 9 -11 14 -13 -14 -15 15 28 -18 18 26 21 -22 -23 23 24 -26 -27 -28 -29 -30 -31
leaf_value=0.00084460224419554255 0.023566182299397095 0.063906677944158982 -0.025271461035257892 -0.045816417999873786 -0.054719137308277627 0.050640322107956916 0.049787112278612093 -0.054362210244993041 0.048884427642889396 -0.026044610097252438 -0.037975439807482136 0.039888931434204945 -0.044107701269224593 0.026638239186410825 0.053309222238457722 0.006842251437003186 -0.044882575656795931 -0.043956221513004545 -0.016437037066603915 -0.047776646446967455 -0.055211614580299467 0.00071253188616449917 0.04279267580108493 -0.054443132936097462 0.033298611428314383 0.059248692107754269 0.064592235484904267 -0.033255141946460724 0.024074436350544719 -0.034705003759603163
leaf_weight=87.910883124917746 3.1476331530138841 0.30777916312217612 0.81069972645491439 3.9260944833513349 0.68578340485692013 1.4007709480356423 1.1710960981436063 1.3458847934380163 2.6739549674093719 0.7918464618269353 2.1537461280822816 4.2725530106108627 2.5237184383440754 8.2227848051115853 1.2245547752827395 19.541557586286221 5.4680282508488744 8.6660678493790311 4.6045480989851049 5.7215832099318495 2.1622942737303665 8.1767716268077475 9.6954292156733572 3.5249492824077597 3.0619720697868615 0.6695735603570937 0.96387420594692219 0.98103248700499612 13.810538171092047 3.6073478595353654
leaf_count=541 77 1 12 48 12 31 15 9 58 19 21 36 75 73 9 171 73 93 51 42 19 96 60 48 35 3 4 11 112 29
internal_value=2.02239e-05 -0.00033257 -0.0206542 -0.0378402 0.00446024 0.0228119 0.000381492 9.47442e-05 0.000460423 0.0317651 -9.04182e-05 0.00342371 0.00184451 0.00305086 -0.003937 0.00368498 -0.0269162 -0.0105409 -0.0277041 -0.00378215 0.00587969 -0.0192492 0.0124561 0.0185129 -0.00692876 -0.0362945 -0.00241116 0.0358048 0.00922623 0.000367846
internal_weight=213.225 210.078 7.13113 4.23387 2.89725 2.21147 202.947 201.775 200.43 3.4658 196.964 102.93 98.6574 96.1337 94.0339 43.652 6.69258 50.3818 14.2345 36.1474 22.249 13.8984 20.0867 17.933 7.25649 4.19452 5.56842 10.6765 36.9594 23.1489
internal_count=1884 1807 104 49 55 43 1703 1688 1679 77 1602 725 689 614 877 394 82 483 148 335 197 138 178 157 86 51 55 71 312 200
is_linear=0
shrinkage=0.05


Tree=141
num_leaves=31
num_cat=0
split_feature=25 19 25 17 76 68 13 37 29 54 78 77 25 13 79 17 56 76 76 4 17 2 3 76 4 12 11 17 25 8
split_gain=0.724688 2.09433 1.80562 2.21586 1.80675 1.58734 1.54377 1.35328 1.53043 1.63921 1.35097 1.22698 1.95409 1.64839 1.59176 3.57946 3.26678 2.73111 2.7404 1.77905 3.4387 2.86672 3.3833 4.12451 3.54102 3.39501 3.33295 3.24598 2.85533 2.2963
threshold=0.0079499999992549437 0.0015499999863095584 0.016449999995529655 0.0017499999958090486 0.47577980160713201 1.0000000180025095e-35 0.0096500003710389155 0.0034500000765547161 0.0067999998573213824 0.0010500000207684936 0.00079990501399151992 0.10205004364252092 0.0014499999815598132 0.0043500000610947618 0.53719630837440502 0.0012500000302679839 0.0022500000195577745 0.0024492300581187014 0.0049499999731779107 0.0016499999910593035 0.00335000001359731 0.0056499999482184657 0.0081500001251697558 0.10603514686226846 0.0059500001370906839 0.0097500002011656779 0.0016499999910593035 0.0013499999768100681 0.0027499999850988392 0.0068500000052154073
decision_type=2 2 2 2 2 2 2 2 2 2 2 2 2 2 2 2 2 2 2 2 2 2 2 2 2 2 2 2 2 2
left_child=11 -2 5 -4 7 -3 -7 8 9 10 -5 14 -13 -14 15 16 -1 -16 -19 20 -20 22 24 -24 25 26 27 -21 -26 -23
right_child=1 2 3 4 -6 6 -8 -9 -10 -11 -12 12 13 -15 17 -17 -18 18 19 21 -22 29 23 -25 28 -27 -28 -29 -30 -31
leaf_value=0.015851747630169236 -0.042172537428380813 -0.031348296207054253 0.032473877913317899 -0.055266761575082105 0.016406168379325028 0.06129982927039114 -0.027706782500780958 -0.053497877218524059 -0.038117903063563566 0.050103837431780929 0.020754303135984434 0.036950834527002374 -0.045147314787027985 0.011032438818216276 0.048927191028866293 -0.05347764576912515 -0.053331608862087203 -0.049552051139765629 -0.0024684762618429092 0.036957866539913696 -0.050920067301964217 -0.0082515705948905012 0.054540837599785813 -0.0023994168260346727 -0.033738394632158754 -0.055146888632588043 0.045943054906247907 -0.032135480784112609 0.030343429911659059 0.011833084239868518
leaf_weight=7.8013880476355535 3.7071927776560178 7.3083036059979367 5.6910478945355889 1.1067674495279778 6.1830018446780732 1.0341980950906871 0.92102287849411357 2.1386218129191548 2.5221884024795145 1.6344492090865967 1.2382410224527118 6.0336156683042628 1.6606787927448747 6.1081575697753578 2.9882571827620259 4.3839776972308746 2.1839811019599438 2.6697163963690391 34.699614842422307 3.1223815884441199 4.0940647749230257 43.192855487577617 9.3046999638900143 4.8318634005263439 7.5748237390071136 1.4269864428788412 8.7174738552421314 3.7311440170742571 2.2560321763157845 21.224010124569759
leaf_count=26 77 106 60 25 95 9 11 50 48 13 14 149 16 65 12 15 11 24 297 18 42 309 42 46 35 10 41 21 10 187
internal_value=1.55173e-05 -0.00673274 -0.00232066 0.00595297 -0.00422912 -0.0206428 0.0193725 -0.0189958 -0.00764683 0.0116658 -0.0151252 0.00128495 0.015603 -0.000976634 8.14106e-05 -0.0158152 0.000720094 0.00160593 0.000642956 0.00157242 -0.00758178 0.0049423 0.0152835 0.0350787 0.00485304 0.0186674 0.025432 -0.000657405 -0.0190326 -0.0016341
internal_weight=211.491 33.485 29.7778 20.5143 14.8233 9.26352 1.95522 8.64027 6.50165 3.97946 2.34501 178.006 13.8025 7.76884 164.203 14.3693 9.98537 149.834 146.846 144.176 38.7937 105.382 40.9654 14.1366 26.8288 16.998 15.571 6.85353 9.83086 64.4169
internal_count=1884 508 431 305 245 126 20 150 100 52 39 1376 230 81 1146 52 37 1094 1082 1058 339 719 223 88 135 90 80 39 45 496
is_linear=0
shrinkage=0.05


Tree=142
num_leaves=31
num_cat=0
split_feature=20 46 20 0 28 67 73 48 28 20 77 74 74 11 76 5 44 58 76 52 10 46 42 39 78 9 17 4 31 11
split_gain=0.697302 1.43416 1.1451 1.0491 1.10237 1.72541 1.24061 1.07129 1.00136 1.00728 2.02951 1.41718 2.0105 1.84733 1.95148 1.52322 1.43673 1.40689 1.66235 1.48873 1.66989 1.40469 1.95757 1.625 1.66979 1.50894 1.27265 2.11096 1.2283 1.70095
threshold=0.05829999968409539 0.0014499999815598132 0.026500000618398193 0.0031500000040978198 0.021099999547004703 0.0024500000290572648 0.036050001159310348 1.0000000180025095e-35 0.020450000651180748 0.0012500000302679839 0.0065375482663512239 0.0014499999815598132 0.057699998840689666 0.013249999843537809 0.094471696764230742 0.020200000144541267 0.0037500000325962905 0.0022500000195577745 0.074946328997612013 0.0055499998852610597 0.0013499999768100681 1.0000000180025095e-35 1.0000000180025095e-35 0.0010500000207684936 0.0006998400203883649 0.0021499999566003685 0.0013499999768100681 0.0037500000325962905 1.0000000180025095e-35 0.22214999794960025
decision_type=2 2 2 2 2 2 2 2 2 2 2 2 2 2 2 2 2 2 2 2 2 2 2 2 2 2 2 2 2 2
left_child=2 -2 3 4 6 -6 8 -7 9 11 -11 15 13 16 -15 21 -13 18 26 -20 -21 22 28 25 -25 -23 27 -12 29 -1
right_child=1 -3 -4 -5 5 7 -8 -9 -10 10 17 12 -14 14 -16 -17 -18 -19 19 20 -22 23 -24 24 -26 -27 -28 -29 -30 -31
leaf_value=-0.0003076219815719201 -0.043816261879873683 0.058120180298473205 -0.046426133575663754 0.039189331139034132 -0.04350431041916894 0.049846610128591616 0.053920445676601904 -0.010418536611635124 0.056735536021488314 0.053457322198797987 -0.054077276815299814 -0.051705512265466325 0.035887682938840912 0.046172099308703952 -0.017915145249538477 0.056773149270156892 0.018059920876989041 -0.043336088235566395 0.033502338726214075 -0.027379239930845973 0.049148510672820028 0.045072451008371428 -0.033022251233050665 -0.058166235212832144 0.024139861835767353 -0.022808328993330011 -0.056752162698964596 0.068300697925203435 0.023942267627312382 -0.036248677646311733
leaf_weight=140.20881357416511 0.4688132586888959 1.3070007590577004 1.3343299734406162 1.6973672360181797 3.6970881368033579 0.95702961646020401 1.0788873359560955 3.2136002371553332 0.77891283109784026 2.4736556280404356 0.67476428765803509 5.3711370606906694 1.684783883858471 1.479487646371126 6.0259541589766741 1.1811601594090451 0.85550693934783328 1.3926634481176723 6.4567242776975018 2.626409741584212 0.97838204959407438 4.9579554921947402 4.7153460504487148 1.15776286367327 1.3174283988773821 0.98060967959463585 1.4589881133288143 0.73755468800663948 5.0480283983051768 3.3710771440528324
leaf_count=946 8 11 14 150 110 9 14 58 6 14 9 73 14 9 78 14 10 18 48 22 10 61 64 10 9 10 12 3 38 32
internal_value=1.0467e-05 0.0312091 -0.000256006 4.22172e-05 -0.000282105 -0.0186351 0.000450825 0.00341044 0.0001564 -6.94225e-05 0.0116351 -0.00117187 -0.0156613 -0.0219859 -0.00528214 0.000199098 -0.0421201 0.00441347 0.00955535 0.0191315 -0.00660873 -0.000214009 -0.00130543 0.0196774 -0.0143586 0.0338636 -0.0240011 0.00983212 -0.000299184 -0.00115147
internal_weight=209.687 1.77581 207.911 206.577 204.88 7.86772 197.012 4.17063 195.933 195.154 16.7991 178.355 15.4169 13.7321 7.50544 162.938 6.22664 14.3255 12.9328 10.0615 3.60479 161.757 153.343 8.41376 2.47519 5.93857 2.87131 1.41232 148.628 143.58
internal_count=1884 19 1865 1851 1701 177 1524 67 1510 1504 136 1368 184 170 87 1184 83 122 104 80 32 1170 1080 90 19 71 24 12 1016 978
is_linear=0
shrinkage=0.05


Tree=143
num_leaves=31
num_cat=0
split_feature=48 75 75 56 48 31 39 11 15 18 24 2 0 66 4 12 50 2 2 22 9 41 56 57 46 13 15 15 14 62
split_gain=0.699356 1.01677 1.31733 1.30565 1.44705 1.11789 1.00278 2.80038 2.52814 1.94188 1.7484 1.73457 1.5557 1.46827 1.49224 1.52696 1.51014 1.47285 1.44817 1.33281 2.60866 1.76562 1.76139 1.71515 1.30774 2.21138 1.96533 1.81569 2.64456 2.58306
threshold=0.018150000832974914 0.0024500000290572648 0.0015499999863095584 1.0000000180025095e-35 0.0020500000100582842 0.002650000038556755 0.0017499999958090486 0.013849999755620958 0.0015499999863095584 0.0013499999768100681 1.0000000180025095e-35 0.096650000661611571 1.0000000180025095e-35 0.0015499999863095584 0.0019500000635161998 0.048550000414252288 0.15725000202655795 0.12779999524354937 0.0070500001311302194 0.00335000001359731 0.0021499999566003685 0.016549999825656418 0.02400000020861626 0.0031500000040978198 0.0015499999863095584 0.01840000040829182 0.0073500000871717939 0.0010500000207684936 0.017250000499188903 0.0016499999910593035
decision_type=2 2 2 2 2 2 2 2 2 2 2 2 2 2 2 2 2 2 2 2 2 2 2 2 2 2 2 2 2 2
left_child=1 2 6 -4 -5 -3 9 12 10 19 11 -9 -8 14 -10 17 -17 18 -16 24 21 22 -21 -22 27 26 -26 29 -29 -1
right_child=-2 5 3 4 -6 -7 7 8 13 -11 -12 -13 -14 -15 15 16 -18 -19 -20 20 23 -23 -24 -25 25 -27 -28 28 -30 -31
leaf_value=0.0019418537208018606 0.034976757788684691 -0.042378817667346136 0.052642542831425714 -0.057051907819420739 0.0541429721166845 0.042238570743717112 -0.056140079014996735 0.061714718783582395 -0.054360014965491157 0.038760640369841268 -0.031821339237951551 -0.012780335229930771 0.055346605373761293 0.036805575990151711 0.018123826171552171 0.039919067982560681 -0.056258148827811549 0.046325290394031132 -0.047979722430176716 0.036927550710427817 -0.012922859472379167 -0.031512523711961948 -0.027815258714389158 0.046620687080666245 0.05207236902350193 -0.030170396225308212 0.0056115050088276289 -0.014382851983755685 0.051432425621512824 -0.053538929312451224
leaf_weight=94.994641155702993 1.4201602488756169 2.5143968262709673 2.3028375678695734 0.71434340626001336 0.49556193174794316 0.46204208210110653 3.869849894661459 3.0244172848761108 2.4553810991346827 3.3202055925503364 0.98290111077949394 1.053625840693712 0.34043815732002247 1.2655506767332543 1.0516130868345479 2.1270484379492705 0.50505516678094853 0.64570419955998648 3.9057482187636197 11.483616894111039 10.8346568926936 1.2401798828504969 1.156323059927671 1.361370161641388 3.9337529141921532 2.2359944293275467 5.401684645563364 39.394475501496345 1.5878204936161626 2.145303387194871
leaf_count=517 23 32 19 9 6 5 57 13 48 94 10 6 2 21 11 26 5 7 57 87 171 11 25 12 67 48 58 410 12 15
internal_value=9.27441e-06 -0.000230851 0.000192806 0.030547 -0.0115079 -0.0292434 -0.000339481 -0.010615 -0.0015817 0.00087846 0.0280399 0.0424678 -0.0471254 -0.0141203 -0.0201489 -0.00994864 0.0214643 -0.0247052 -0.0339571 0.000162884 0.0105948 0.0254189 0.0310048 -0.00627637 -0.00165431 0.0144918 0.0251891 -0.00300698 -0.0118329 0.000716579
internal_weight=208.227 206.807 203.83 3.51274 1.20991 2.97644 200.317 21.2273 17.017 179.09 5.06094 4.07804 4.21029 11.9561 10.6906 8.23517 2.6321 5.60307 4.95736 175.77 26.0761 13.8801 12.6399 12.196 149.694 11.5714 9.33544 138.122 40.9823 97.1399
internal_count=1884 1861 1824 34 15 37 1790 263 204 1527 29 19 59 175 154 106 31 75 68 1433 306 123 112 183 1127 173 125 954 422 532
is_linear=0
shrinkage=0.05


Tree=144
num_leaves=31
num_cat=0
split_feature=32 62 15 22 17 28 52 65 79 76 76 56 67 79 12 2 2 6 24 37 69 55 8 29 9 9 79 37 4 33
split_gain=0.691051 0.990699 0.709355 1.68281 2.64404 2.26731 2.22277 1.76327 1.62838 3.01708 2.2886 2.13692 2.5325 2.73881 2.58837 1.95151 2.83946 2.69215 2.28716 2.65881 2.19295 2.80721 2.77175 2.5481 3.99782 3.43171 3.62414 3.07355 2.31071 2.05661
threshold=0.0011500000255182388 0.0045499999541789302 0.0010500000207684936 0.0013499999768100681 0.025449999608099464 0.0013499999768100681 0.0015499999863095584 1.0000000180025095e-35 0.26008526980876928 0.0024492300581187014 0.0036469249753281478 0.0054500000551342973 0.0038499999791383748 0.938702553510666 0.0021499999566003685 1.0000000180025095e-35 0.0015499999863095584 1.0000000180025095e-35 0.0020500000100582842 0.0067499999422580012 0.0012500000302679839 0.0010500000207684936 0.003249999950639904 0.0013499999768100681 0.0014499999815598132 0.0023500000825151805 0.97196084260940563 1.0000000180025095e-35 0.040349999442696578 0.0030500000575557355
decision_type=2 2 2 2 2 2 2 2 2 2 2 2 2 2 2 2 2 2 2 2 2 2 2 2 2 2 2 2 2 2
left_child=2 -2 3 4 5 6 8 -5 -1 -10 -11 12 13 14 -12 17 -17 -15 19 20 21 23 -22 25 27 26 -18 28 -25 -26
right_child=1 -3 -4 7 -6 -7 -8 -9 9 10 11 -13 -14 15 -16 16 18 -19 -20 -21 22 -23 -24 24 29 -27 -28 -29 -30 -31
leaf_value=-0.019042318936587824 0.058723917655353911 -0.0081935550456542165 -0.0034531055726165307 -0.05028962487124853 0.055380150259114039 -0.054199089838735018 0.028623852186988864 -0.00037375588978904608 0.051409778036044129 -0.06411772456932037 0.032802909662381224 0.044996172014509783 -0.052197592895915058 0.035607183692702896 -0.0099316059425964224 -0.055983256716969167 0.028669507517798731 -0.05898633837426636 -0.043914209526800883 0.071147853209277037 0.062847624421811202 -0.051606881239758887 -0.026205541690231728 0.03498054421523019 -0.059615235024305574 0.040259263946552097 -0.04609539427118492 -0.023607953904461295 -0.050795080215494053 0.016563124015604329
leaf_weight=8.6656294204294664 1.1940226232400157 1.0304068736732004 95.046490940032527 2.9832009347155681 2.4546414972282937 1.7116087018512178 8.2867925562895817 4.3476068461313844 3.1914448533207169 1.2945574335753907 12.116315486840906 2.9033896680921307 2.1505361311137667 5.6540958583354941 5.0077882525511077 2.6956208162009707 2.0131508745253077 0.86758871562778939 3.1970225051045409 1.2718655541539181 2.6247150450944896 3.09944511251524 1.3097984660416839 12.901414578780535 2.816140115261077 1.9846280384808768 8.3183100856840593 3.3571091406047335 0.83604082604870278 1.2926805336028335
leaf_count=26 75 12 1091 21 39 15 102 36 11 10 86 17 6 25 43 16 10 5 12 5 11 28 10 65 19 9 52 16 5 6
internal_value=7.9796e-06 0.0277262 -0.000293671 0.00245242 0.00411506 0.00285123 0.0038491 -0.0206865 0.00155698 0.00376338 0.00180666 0.00292346 0.00126183 0.00287282 0.0203056 -0.00263091 -0.00613711 0.0230233 -0.00315267 -3.69609e-05 -0.00226951 -0.00608072 0.0332018 -0.00187106 0.00863557 -0.0199593 -0.031527 0.0192797 0.0297604 -0.0356487
internal_weight=206.624 2.22443 204.4 109.353 102.022 99.5677 97.8561 7.33081 89.5693 80.9037 77.7122 76.4177 73.5143 71.3637 17.1241 54.2396 47.7179 6.52168 45.0223 41.8253 40.5534 36.6189 3.93451 33.5195 21.2034 12.3161 10.3315 17.0946 13.7375 4.10882
internal_count=1884 87 1797 706 649 610 595 57 493 467 456 446 429 423 129 294 264 30 248 236 231 210 21 182 111 71 62 86 70 25
is_linear=0
shrinkage=0.05


Tree=145
num_leaves=31
num_cat=0
split_feature=5 19 14 77 16 27 28 2 2 6 28 6 4 50 76 48 74 44 60 46 45 76 19 44 55 12 61 36 77 77
split_gain=0.713274 2.74905 3.00015 2.82713 2.71987 2.69711 3.99901 2.4408 4.18523 2.21253 2.21215 2.19595 2.03949 2.025 1.91049 1.60138 1.5921 1.37555 1.90948 2.30336 1.90407 1.66979 2.64046 2.42247 1.97943 2.11679 2.05546 1.98279 1.67995 2.67372
threshold=0.0010500000207684936 0.0012500000302679839 0.0013499999768100681 0.014026742428541185 0.0014499999815598132 0.0013499999768100681 0.0015499999863095584 0.0031500000040978198 0.0018500000005587938 0.033099999651312835 0.0015499999863095584 0.0079499999992549437 0.0052499999292194852 0.02224999945610762 0.04097955301404 0.00025000000459840527 0.0012500000302679839 0.0046500000171363362 0.0018500000005587938 0.0021499999566003685 0.0077999997884035119 0.53759083151817333 0.0113500002771616 0.0023500000825151805 0.0031500000040978198 0.060300000011920936 0.0013499999768100681 0.016950000077486042 0.0021493949461728339 0.0013499999768100681
decision_type=2 2 2 2 2 2 2 2 2 2 2 2 2 2 2 2 2 2 2 2 2 2 2 2 2 2 2 2 2 2
left_child=17 4 3 -3 7 6 9 8 14 -4 13 -5 -10 -7 -2 -11 -12 18 21 -20 -19 22 24 -24 25 26 28 -27 29 -1
right_child=1 2 5 11 -6 10 -8 -9 12 15 16 -13 -14 -15 -16 -17 -18 20 19 -21 -22 -23 23 -25 -26 27 -28 -29 -30 -31
leaf_value=-0.0027528835829177698 0.062119850328529971 -0.041839203852232595 0.048201832116272221 0.024149071157531978 -0.051594156479227354 -0.04380631097689032 -0.034530179420346994 0.051472792433195115 -0.040126845690865311 0.060733137875916804 0.017257434515699832 -0.03242933353256066 0.022117617452976482 0.056410869161699267 -0.01986630409224354 -0.0403213507079698 -0.020176105102167167 0.014997528100794785 -0.039628149078275825 0.037637264825848317 -0.033090426081213278 0.038317977856519428 -0.050292807493445363 0.0353614061162143 0.052476735128701851 -0.043291834657333723 -0.056696971039267331 0.041245237519198535 0.0070898483141397309 -0.046435920139920081
leaf_weight=43.926781378220767 3.7848941106349283 7.6045565679669362 8.6352588629815745 4.3604442877694964 1.1969561576843251 4.6806582605931935 2.3636559955775729 6.1260700300335875 3.5810530576854944 0.5504776353482147 8.9675584048964065 2.8267807951197028 2.0806285552680492 0.56489229993894685 0.87479654559865583 1.3620375280734149 4.1572481133043757 18.89043009723537 6.5283700786530963 1.1317865895107386 2.3102424831595263 2.461407665628939 4.9032127055106676 0.99257358210161317 1.6727411570027459 5.0231843064539126 1.6048853360116471 0.80474270321428765 46.872963857953437 3.8064623186364761
leaf_count=305 16 51 139 36 2 53 16 31 10 4 102 31 7 9 11 18 83 217 62 16 31 22 61 12 10 68 14 6 392 49
internal_value=3.20051e-06 0.00439321 -0.00203379 -0.0205884 0.0211756 0.00673985 0.0242522 0.0264714 0.0116322 0.0374248 -0.00556855 0.00189643 -0.0172524 -0.0330139 0.046728 -0.0112349 0.00540046 -0.00198163 -0.00406028 -0.0282122 0.00975737 -0.00240945 -0.00332405 -0.0358727 -0.00147373 -0.00235815 -0.00058571 -0.0316186 0.000366153 -0.00623636
internal_weight=204.648 63.718 46.0736 14.7918 17.6444 31.2818 12.9114 16.4474 10.3214 10.5478 18.3704 7.18723 5.66168 5.24555 4.65969 1.91252 13.1248 140.93 119.729 7.66016 21.2007 112.069 109.608 5.89579 103.712 102.039 96.2111 5.82793 94.6062 47.7332
internal_count=1884 619 542 118 77 424 177 75 44 161 247 67 17 62 27 22 185 1265 1017 78 248 939 917 73 844 834 760 74 746 354
is_linear=0
shrinkage=0.05


Tree=146
num_leaves=31
num_cat=0
split_feature=2 29 11 46 36 2 25 24 33 25 36 72 49 24 5 11 2 27 37 24 2 6 5 5 11 21 17 76 4 22
split_gain=0.665803 1.61431 1.90091 1.15831 1.14514 1.02642 1.02843 2.3427 1.76302 1.48321 1.26338 1.2798 1.28241 1.26718 2.91172 3.51434 4.47201 2.65327 2.46909 2.21264 2.49358 3.12335 1.85108 2.42795 1.83968 2.53317 1.82301 3.45644 2.35722 2.37479
threshold=0.11589999869465829 0.018450000323355201 0.35454998910427099 0.00335000001359731 0.086449999362230315 0.10520000010728837 0.053500000387430198 0.0020500000100582842 0.0056499999482184657 0.051850000396370895 0.048899998888373382 1.0000000180025095e-35 0.0041499999351799497 0.0010500000207684936 0.0024500000290572648 0.0030500000575557355 0.0048500001430511483 1.0000000180025095e-35 0.00335000001359731 0.0017499999958090486 0.0067499999422580012 0.0054500000551342973 0.0019500000635161998 0.0018500000005587938 0.018649999983608726 0.012149999849498274 0.0031500000040978198 0.021205288358032707 0.021450000815093521 0.021500000730156902
decision_type=2 2 2 2 2 2 2 2 2 2 2 2 2 2 2 2 2 2 2 2 2 2 2 2 2 2 2 2 2 2
left_child=4 3 -3 -2 5 6 9 8 -8 10 11 12 13 14 22 -16 -17 -18 -19 -15 21 -21 23 26 -22 -26 28 -28 29 -1
right_child=1 2 -4 -5 -6 -7 7 -9 -10 -11 -12 -13 -14 19 15 16 17 18 -20 20 24 -23 -24 -25 25 -27 27 -29 -30 -31
leaf_value=-0.0079035984053928664 0.045425207143937378 -0.035106167270169401 0.033668261404260887 -0.028047223010506935 -0.029455256629012067 -0.036681682864697078 -0.053246795575983455 0.034379762591748159 0.00022015791327551707 0.058818097654016882 0.034241447188222883 -0.031759981088737219 0.032290830550414408 -0.026878663348074656 0.061530595568149965 -0.049382496814335909 0.055622416180222213 -0.052787052875167786 0.027007728732695243 0.041797123001904801 -0.043524483938413933 -0.053561493897233969 -0.033641846680826142 0.055342721831246527 0.048784797816701565 -0.036527863040738406 0.071339431783288484 0.0042150637041867495 0.061174494989642086 0.06424670717807264
leaf_weight=69.259585628053173 3.7478221722412837 2.5885033409576863 1.6421103280736131 0.62603961676359166 3.3794444329105309 1.897646797588094 3.7384995264001173 1.7329098191112278 2.6239329481031746 1.1046167816966761 2.7644822895526877 3.0821340440306804 3.1627865342888972 11.090547528350728 4.2123419421259305 2.6041050214553243 3.9035238584037852 1.5107650738209484 2.7057032904122025 5.255196421639992 3.3989406416658312 1.0264142118394373 4.0740160481072953 1.9935027379542578 1.8273756683338436 1.6610263576731084 1.9921343475580204 51.41135550965555 1.3022247720509756 1.1595779769122589
leaf_count=558 36 41 37 9 40 18 92 17 55 8 21 91 52 95 21 15 45 23 30 37 27 5 26 9 24 18 6 417 6 5
internal_value=-4.04104e-07 0.0136094 -0.00841141 0.034909 -0.000604428 -9.26055e-05 0.000275549 -0.0171591 -0.0311965 0.00105747 0.00070182 0.000176892 0.000744066 0.000158488 0.00191537 0.0228328 0.00763256 0.0259175 -0.00158283 -0.0104242 0.00343331 0.0262155 -0.000466106 0.000597143 -0.0173453 0.00816259 -0.00027507 0.00671903 -0.00548285 -0.00671551
internal_weight=202.479 8.60448 4.23061 4.37386 193.875 190.495 188.598 8.09534 6.36243 180.502 179.398 176.633 173.551 170.388 146.129 14.9364 10.7241 8.11999 4.21647 24.2595 13.169 6.28161 131.192 127.118 6.88734 3.4884 125.125 53.4035 71.7214 70.4192
internal_count=1884 123 78 45 1761 1721 1703 164 147 1539 1531 1510 1419 1367 1161 134 113 98 53 206 111 42 1027 1001 69 42 992 423 569 563
is_linear=0
shrinkage=0.05


Tree=147
num_leaves=31
num_cat=0
split_feature=15 51 45 13 47 37 3 45 60 58 0 14 47 48 30 31 44 11 43 25 58 5 37 17 3 11 2 2 21 64
split_gain=0.6753 0.847843 1.04365 1.36922 1.30707 1.23678 1.33831 1.23437 1.06544 1.41719 1.09603 1.27848 1.07325 0.966439 0.927244 1.06802 1.07862 1.95279 1.78148 2.3617 2.18555 1.64749 2.39092 2.75865 2.55499 4.26647 3.96652 3.58078 2.34498 1.97546
threshold=0.53134998679161083 0.0018500000005587938 0.0063000000081956395 0.019150000065565113 0.0056499999482184657 0.0021499999566003685 0.036350000649690635 0.0030500000575557355 0.016449999995529655 0.015350000001490118 0.0022500000195577745 0.003249999950639904 0.088500000536441817 0.00074999997741542767 0.010250000283122064 0.013449999969452621 0.0046500000171363362 0.083950001746416106 0.0023500000825151805 0.053500000387430198 0.0019500000635161998 0.0011500000255182388 0.0020500000100582842 0.0010500000207684936 0.0017499999958090486 0.0030500000575557355 0.0046500000171363362 0.016449999995529655 0.0069500000681728133 0.002650000038556755
decision_type=2 2 2 2 2 2 2 2 2 2 2 2 2 2 2 2 2 2 2 2 2 2 2 2 2 2 2 2 2 2
left_child=1 2 7 -4 5 -5 -7 8 9 10 12 -12 14 -3 15 16 17 18 19 20 21 29 23 -23 -25 -26 -27 28 -28 -1
right_child=-2 13 3 4 -6 6 -8 -9 -10 -11 11 -13 -14 -15 -16 -17 -18 -19 -20 -21 -22 22 -24 24 25 26 27 -29 -30 -31
leaf_value=-0.0025136377132610487 -0.051873620386366552 0.042207985448159062 -0.045443851104760125 -0.041563897069011382 0.054773115625259786 0.03850921037989069 -0.019657100979615899 0.024170204459796708 0.027415379399791703 -0.054330962152731227 -0.024239547609522485 0.053837551675471967 -0.047111368326652685 -0.038180673441004967 -0.031853180525710761 -0.043056680998839497 0.011597694688746359 -0.021431214447505342 0.0278235483462482 -0.046945066001536064 0.050604167320209031 0.044508236028952132 0.037192857299712494 -0.030222496755000147 0.05818932199950743 -0.047809915796144437 0.04801429810580974 -0.02252427221304577 -0.024373448152895799 -0.041099653921129513
leaf_weight=90.574677686905488 0.62545234989374776 2.1744053415022786 2.824006134644149 2.27671799948439 0.82718067243695248 1.6885866448283193 2.3865597206167877 5.4065306440461418 3.4580171408597371 1.2190923835150886 0.72813690220937077 1.8729628446744753 1.2376751629635681 0.45150712132453907 2.309766912367194 1.425604146439581 19.092073229141533 10.869716563494874 5.7496893167262888 2.6935184104368082 2.1285759960301212 3.4836668437346843 6.1103688450530163 6.4159826999530223 3.2752056531608131 3.9630191633477798 5.48944612033665 4.9359682388603687 1.4051734777167437 3.4431087505072346
leaf_count=664 21 33 40 17 6 10 39 53 81 21 19 92 25 10 57 13 173 127 46 70 15 23 56 23 17 23 22 40 16 32
internal_value=-4.24937e-07 0.000161864 -0.000213792 -0.0159494 -0.0043472 -0.0120462 0.00444482 0.000626646 -7.31998e-05 -0.000605955 -0.000236349 0.0319811 -0.000716299 0.0283857 -0.00038508 3.98343e-05 0.000402026 -0.00101787 0.000570801 -0.000599273 0.000352017 -0.000476552 0.00877057 0.0027754 -0.00292931 0.00625389 -0.00451624 0.00998631 0.0332612 -0.00392673
internal_weight=200.542 199.917 197.291 10.0031 7.17905 6.35186 4.07515 187.288 181.881 178.423 177.204 2.6011 174.603 2.62591 173.366 171.056 169.63 150.538 139.668 133.919 131.225 129.097 35.0788 28.9685 25.4848 19.0688 15.7936 11.8306 6.89462 94.0178
internal_count=1884 1863 1820 112 72 66 49 1708 1655 1574 1553 111 1442 43 1417 1360 1347 1174 1047 1001 931 916 220 164 141 118 101 78 38 696
is_linear=0
shrinkage=0.05


Tree=148
num_leaves=31
num_cat=0
split_feature=48 75 75 26 24 4 24 8 76 24 47 36 64 64 59 4 11 6 6 6 6 17 37 48 25 5 9 9 19 17
split_gain=0.672984 0.894274 1.00859 1.56337 0.972292 1.06981 2.1318 2.24578 1.89283 1.88033 1.9502 1.58018 2.94673 3.37286 2.41521 2.59829 3.17763 3.77121 2.97821 2.74603 2.47883 2.44483 2.42885 2.26564 3.88615 3.78018 2.94722 3.40646 2.67029 2.10717
threshold=0.018150000832974914 0.0027499999850988392 0.0015499999863095584 0.0028499999316409235 0.0055499998852610597 0.0093499999493360537 0.0017499999958090486 0.0049499999731779107 0.19332338124513629 0.0010500000207684936 0.0023500000825151805 1.0000000180025095e-35 0.0010500000207684936 0.0011500000255182388 0.0024500000290572648 0.002549999975599349 0.0010500000207684936 0.037000000476837165 0.067800000309944167 0.018849999643862251 0.0039500000420957812 0.0023500000825151805 0.0021499999566003685 1.0000000180025095e-35 0.0017499999958090486 0.0041499999351799497 0.0010500000207684936 0.002650000038556755 0.00335000001359731 0.0011500000255182388
decision_type=2 2 2 2 2 2 2 2 2 2 2 2 2 2 2 2 2 2 2 2 2 2 2 2 2 2 2 2 2 2
left_child=1 2 4 -4 5 11 7 9 -9 10 -7 12 14 -14 15 16 20 -18 -19 22 21 29 23 24 28 26 -25 -28 -17 -1
right_child=-2 -3 3 -5 -6 6 -8 8 -10 -11 -12 -13 13 -15 -16 19 17 18 -20 -21 -22 -23 -24 25 -26 -27 27 -29 -30 -31
leaf_value=0.0037708215249119127 0.035105447590302222 -0.030308684601417241 -0.054641040190401557 0.040088605358737449 -0.039291177135490053 -0.0016559890906874626 0.034661808210668582 0.052436040294287736 0.0070535295032612662 -0.033028835266738381 0.066245889880709327 -0.0077714450613483883 0.14586605745324366 0.02302656880850593 0.029527393261126206 -0.039657501005884874 -0.033563380035977794 0.060788748237233473 -0.018196531826568323 -0.033153191529181565 0.06959881443417959 0.077605289254335033 0.04777580253503011 0.075834612509890653 0.08142446509482025 -0.039246710637465522 -0.053945636557105159 0.052487591631928426 0.057538651537970248 -0.043529224399103908
leaf_weight=13.562047627056026 1.3557943478226651 2.4425392299890509 0.50827166624367182 3.0438308604061604 1.5900788095314045 26.309041975182485 5.8654352540615937 3.5579135490115714 6.4861810698639601 4.741356744663789 1.1017203629016865 67.254986787913367 0.69957274198532049 2.7771429261192679 6.5507733887061468 5.4469275893643561 17.415770900901411 2.1179398940876117 2.7340994873084128 3.0727371908724299 1.3852424407377828 0.96113921678624947 5.013568722177296 3.3577368422411364 0.95117948949336995 1.7615446997806428 1.2877208366990092 1.8063008934259412 0.81198266148567189 2.8492780553642651
leaf_count=80 23 35 6 30 23 251 72 23 122 51 6 655 2 19 55 34 157 18 66 45 14 7 34 13 3 6 9 7 3 15
internal_value=-1.21991e-06 -0.000242263 0.000134302 0.0265337 -0.000355454 -2.94004e-05 0.0064175 0.00249143 0.0231293 -0.00395571 0.00107319 -0.00221424 0.00279832 0.0477439 0.000600097 -0.00233622 -0.00993095 -0.0227026 0.0162809 0.0109169 0.00523059 9.80105e-05 0.017543 0.00771539 -0.012738 0.0256705 0.043395 0.00819046 -0.027048 -0.00444125
internal_weight=198.82 197.464 195.022 3.5521 191.469 189.879 48.0616 42.1962 10.0441 32.1521 27.4108 141.818 74.5627 3.47672 71.086 64.5352 41.0255 22.2678 4.85204 23.5097 18.7577 17.3725 20.437 15.4234 7.21009 8.2133 6.45176 3.09402 6.25891 16.4113
internal_count=1884 1861 1826 36 1790 1767 525 453 145 308 257 1242 587 21 566 511 357 241 84 154 116 102 109 75 40 35 29 16 37 95
is_linear=0
shrinkage=0.05


Tree=149
num_leaves=31
num_cat=0
split_feature=6 51 49 45 26 65 8 42 43 2 40 58 11 2 2 36 79 77 36 12 4 59 40 71 8 77 44 47 7 75
split_gain=0.656667 0.85263 1.23662 0.941832 1.34074 1.50858 1.26479 1.69342 1.52287 1.39968 1.31789 2.10027 1.25578 1.29489 1.24491 1.14862 2.08272 2.7909 2.6478 3.2415 3.31102 1.87276 2.00405 1.68787 1.68039 1.65192 2.17319 1.90167 1.77143 1.64655
threshold=0.8400000035762788 0.0018500000005587938 0.0011500000255182388 0.0063000000081956395 0.0061500000301748523 0.0010500000207684936 0.059500001370906837 1.0000000180025095e-35 0.0064499999862164268 0.0030500000575557355 0.0015499999863095584 0.0013499999768100681 0.02439999952912331 0.11740000173449518 0.14469999819993976 1.0000000180025095e-35 0.99385511875152599 0.0020494500640779738 0.0050500000361353168 0.0037500000325962905 0.013849999755620958 0.0059500001370906839 0.0031500000040978198 0.0024500000290572648 0.033250000327825553 0.0025491549167782073 0.0022500000195577745 0.0015499999863095584 0.0024500000290572648 0.0011500000255182388
decision_type=2 2 2 2 2 2 2 2 2 2 2 2 2 2 2 2 2 2 2 2 2 2 2 2 2 2 2 2 2 2
left_child=1 3 -3 6 -5 12 14 9 -9 -8 -11 -12 -6 -14 15 21 17 -17 19 20 -18 22 24 -21 -1 -19 28 -28 29 -27
right_child=-2 2 -4 4 5 -7 7 8 -10 10 11 -13 13 -15 -16 16 18 25 -20 23 -22 -23 -24 -25 -26 26 27 -29 -30 -31
leaf_value=0.0013979468946882555 -0.052951392178140003 0.045769635892605576 -0.044968568168039923 -0.044529655519166787 0.055221259152962665 -0.032355276898519345 -0.058047061994741002 -0.055175764006561129 0.054042708215911998 0.046004307530424747 -0.054390905511070231 0.045150618909919421 -0.040017668766678317 0.027665499844315045 0.037715286694203272 -0.047921392350782292 -0.051344458547221243 0.0421591963345712 0.065783572876219484 0.04690651559437431 0.0710939929976208 0.037228261901906465 -0.050267300561610939 -0.022173747352405845 0.057269573198276136 -0.024129467976782146 -0.0033091209169440875 0.035968567607528437 0.053391171769875012 0.033295623474475615
leaf_weight=95.473183690570295 0.58380671916529436 2.0472864654147993 0.45982372015714634 2.8064940208569151 1.3407558798789976 2.7476200582459569 0.44842229178175141 1.2551873116753993 0.42798938462510694 5.4099575449945405 0.97674784064292941 1.1583565101027486 1.3088193554431202 1.5359619953669605 2.117157927597872 4.3703884724527589 3.311202171258627 1.6968075111508358 2.0348555631935588 3.6369710229337215 0.66266357898712147 3.7435383847914627 1.8559072136413295 1.1682837195694444 1.3649978595785786 23.111269862158231 24.512903064955029 3.5247608805075279 0.82670060242526133 1.3195498185232271
leaf_count=715 21 27 16 35 10 37 6 19 6 43 20 7 17 13 49 46 37 15 10 15 3 32 70 10 8 237 297 29 19 15
internal_value=-1.58871e-06 0.000155603 0.0291275 -0.000218524 -0.0153719 -0.00356901 0.000581813 0.0181777 -0.0274043 0.0277759 0.0328766 -0.000386719 0.0153279 -0.00347399 -0.000392655 -0.000860059 -0.00578787 -0.0094643 0.0143936 0.00248224 -0.0309272 0.00251581 0.00119914 0.0301113 0.00218549 -0.006408 -0.00795427 0.00162868 -0.018592 -0.0210278
internal_weight=197.238 196.655 2.50711 194.147 9.73965 6.93316 184.408 9.67666 1.68318 7.99348 7.54506 2.1351 4.18554 2.84478 174.731 172.614 70.1764 59.3624 10.814 8.77912 3.97387 102.438 98.6941 4.80525 96.8382 54.992 53.2952 28.0377 25.2575 24.4308
internal_count=1884 1863 43 1820 112 77 1708 101 25 76 70 27 40 30 1607 1558 733 658 75 65 40 825 793 25 723 612 597 326 271 252
is_linear=0
shrinkage=0.05


Tree=150
num_leaves=31
num_cat=0
split_feature=19 2 1 49 27 27 21 25 19 21 22 3 12 12 27 36 8 12 57 36 13 40 12 26 60 53 44 36 12 29
split_gain=0.666245 1.63891 1.04296 1.02759 1.00268 1.12363 2.10465 1.34385 1.4096 1.54643 1.70043 1.21986 1.21579 1.47954 1.21218 1.04288 1.08421 1.71714 2.10242 1.43312 2.37375 1.42721 2.7748 2.82156 1.78447 2.04901 1.3563 1.27676 1.25256 2.60988
threshold=0.063299998641014113 0.027549999766051773 0.0014499999815598132 0.01124999998137355 0.0559499990195036 0.032300001010298736 0.10960000008344652 0.0087500000372529047 1.0000000180025095e-35 0.0011500000255182388 0.0011500000255182388 0.0044499998912215242 0.024050000123679641 0.0020500000100582842 0.0016499999910593035 0.086449999362230315 0.067000001668930068 0.0060499999672174462 0.0029499999945983295 0.0043500000610947618 0.016350000165402893 0.0010500000207684936 0.027050000615417961 1.0000000180025095e-35 0.0059500001370906839 0.0040500001050531873 0.049100000411272056 0.015050000045448543 0.0094499997794628161 0.023900000378489498
decision_type=2 2 2 2 2 2 2 2 2 2 2 2 2 2 2 2 2 2 2 2 2 2 2 2 2 2 2 2 2 2
left_child=2 -2 4 -3 5 7 -7 15 -9 12 -11 -12 13 14 -10 16 21 18 19 20 -18 26 24 -24 25 -23 28 -25 -1 -30
right_child=1 3 -4 -5 -6 6 -8 8 9 10 11 -13 -14 -15 -16 -17 17 -19 -20 -21 -22 22 23 27 -26 -27 -28 -29 29 -31
leaf_value=0.0033302684806407325 -0.043131484163168206 0.040100659962344326 0.051671678414612655 -0.033464607816132245 -0.045650844545084744 0.048695092842629371 -0.053113863580394487 -0.048866742354470367 0.056683455925845255 -0.042341625049887283 0.038551896892164039 -0.011418801420187009 0.054348415525966254 -0.051476982007721356 -0.034646570779711443 -0.032934980630788979 -0.057077847076239134 0.035606206424158141 0.059291790642618913 -0.057301390332078962 0.061505077122942002 -0.047840225599656387 0.050097599827643197 -0.03148700728036833 0.061047460153508565 0.031645641841101343 0.049616976715022215 0.030385393763213378 -0.014073296153199905 0.054618335194742323
leaf_weight=111.43939183128532 0.91216152894776215 3.7193865902954713 0.95374889904633064 0.54414224158972491 1.2350134546868492 2.5969934305176134 0.63096600817516435 2.3842344647273448 1.1111272117123037 4.2506287307478479 1.3947025032248337 9.8222065520239976 1.5322265764698384 0.95083283307030786 0.53981865942478169 2.2856137482449403 0.77331743389367902 5.5318889738991857 0.95205592224374402 1.6962804263457654 0.92899167537689209 7.189348465064537 2.6202701944857827 3.2373083112761378 0.47287340648472387 0.91384070832282294 1.4593765474855889 1.1230351589620111 21.127830079989511 1.4796157130040217
leaf_count=712 26 73 63 9 60 26 15 48 7 75 11 171 11 13 5 26 11 51 8 17 4 133 19 43 3 8 20 10 193 13
internal_value=-2.88791e-06 0.0176976 -0.000483456 0.0307117 -0.000745703 -0.000451407 0.0287946 -0.000961107 -0.0125658 -0.00815039 -0.0154109 -0.00520548 0.0190149 -0.00179352 0.0268208 0.000601949 0.00107821 0.0171229 -0.00637876 -0.0247752 0.00763575 2.85682e-05 -0.014315 0.00909089 -0.0333665 -0.0388762 0.00167527 -0.0155514 0.00115332 -0.00957756
internal_weight=195.809 5.17569 190.634 4.26353 189.68 188.445 3.22796 185.217 21.9858 19.6015 15.4675 11.2169 4.13401 2.60178 1.65095 163.231 160.945 9.88253 4.35065 3.39859 1.70231 151.063 15.5567 6.98061 8.57606 8.10319 135.506 4.36034 134.047 22.6074
internal_count=1884 108 1776 82 1713 1653 41 1612 341 293 257 182 36 25 12 1271 1245 91 40 32 15 1154 216 72 144 141 938 53 918 206
is_linear=0
shrinkage=0.05


Tree=151
num_leaves=31
num_cat=0
split_feature=31 15 30 48 36 44 69 77 78 48 4 12 44 76 12 22 24 9 14 43 15 22 8 9 12 11 5 54 22 66
split_gain=0.649434 1.36882 1.10396 1.21937 1.33158 1.37773 1.61259 1.5672 1.32035 1.44511 1.08503 1.21818 1.25041 1.24306 1.19417 1.04837 0.972182 1.02973 1.16421 1.29881 1.14975 2.24829 2.67325 2.72909 2.58913 2.45792 2.16591 2.03163 1.90876 1.83693
threshold=0.0010500000207684936 0.053449999541044242 0.010250000283122064 0.018150000832974914 0.018050000071525577 0.029200000688433651 0.0018500000005587938 0.0025491549167782073 0.0038964110426604752 0.007299999939277769 0.0023500000825151805 0.017450000159442428 0.002549999975599349 0.4011122882366181 0.0049499999731779107 0.002650000038556755 0.0055499998852610597 0.013199999928474428 0.016999999992549423 0.00335000001359731 0.0010500000207684936 0.0012500000302679839 0.023349999450147155 0.0074499999172985562 0.0060499999672174462 0.0062500000931322583 0.0060499999672174462 0.0010500000207684936 0.0043500000610947618 0.045100001618266113
decision_type=2 2 2 2 2 2 2 2 2 2 2 2 2 2 2 2 2 2 2 2 2 2 2 2 2 2 2 2 2 2
left_child=2 10 3 4 8 6 7 -6 16 -10 11 14 -13 -14 -2 -15 17 18 20 -20 -1 22 23 26 -24 28 29 -27 -23 -22
right_child=1 -3 -4 -5 5 -7 -8 -9 9 -11 -12 12 13 15 -16 -17 -18 -19 19 -21 21 25 24 -25 -26 27 -28 -29 -30 -31
leaf_value=0.0030590142394255893 0.03683139477544075 -0.02053194408349595 -0.033068076680800022 0.054908677059675684 0.02479143834822865 0.037877847611959982 0.024680083881375051 -0.039928660284711197 0.048415657480966184 -0.052414519676064357 0.026345437347196739 -0.061965675905555066 0.04553332999911238 -0.029648853804428651 -0.056026179639134456 0.051514018584780857 -0.041219658956673136 -0.048622951043585334 0.036068726886468276 -0.022878102360480594 -0.03269123430453149 0.053463431911771546 -0.037200758328283352 0.045719588595228206 0.026056968853044239 -0.016150691386986903 0.05598939214362763 0.017710002939392535 -0.0059128547556822862 0.072408058683863838
leaf_weight=93.07088737655431 0.45402665436268108 3.3006464056670657 2.6365467130672178 0.98839746275916596 1.0708494894206504 1.014055887935682 1.4892645296640683 7.3935748860239983 2.4677787140244614 0.41512896819040168 8.9410099391825479 0.49972650036215771 2.4288199441507459 1.4653665130026641 1.4583704378455875 0.5461571468040346 1.4347344720736135 1.0757590904831875 4.2623015886638305 1.196874606888741 20.903730673482656 3.9505682878661927 2.1922763814218325 1.3438995941542078 6.170581791549921 11.925535291782582 0.74748252518474956 7.0479228331241748 2.0589543953537941 0.42418626416474481
leaf_count=567 5 71 69 16 9 9 18 80 79 6 106 5 19 18 16 6 16 18 76 32 257 23 29 12 41 170 6 77 26 2
internal_value=-4.34809e-06 0.00875224 -0.00095824 -0.000467874 -0.000786732 -0.0176428 -0.0232991 -0.0317408 0.000363776 0.0338965 0.0148723 -9.77469e-05 0.013019 0.0214579 -0.0339806 -0.00761199 -0.000248823 0.000127093 0.000464793 0.0231452 -0.000361551 -0.00596984 -0.0147922 -0.0234576 0.00947431 0.00525357 -0.027669 -0.00357272 0.0331202 -0.0306009
internal_weight=194.375 19.0941 175.281 172.645 171.656 10.9677 9.95369 8.46442 160.689 2.88291 15.7935 6.85247 4.94007 4.44034 1.9124 2.01152 157.806 156.371 155.295 5.45918 149.836 56.7651 31.7822 23.4193 8.36286 24.983 22.0754 18.9735 6.00952 21.3279
internal_count=1884 246 1638 1569 1553 116 107 89 1437 85 175 69 48 43 21 24 1352 1336 1318 108 1210 643 347 277 70 296 265 247 49 259
is_linear=0
shrinkage=0.05


Tree=152
num_leaves=31
num_cat=0
split_feature=4 4 44 3 4 4 7 13 7 65 14 6 55 54 4 17 37 29 71 25 22 15 28 10 52 36 76 15 53 59
split_gain=0.633315 1.0909 1.10046 1.05512 0.945501 1.00962 1.16568 1.24767 1.08193 0.898788 0.897747 1.88579 1.92033 1.68417 1.56955 1.42154 2.16487 2.12362 1.7183 1.60536 1.29957 1.56255 1.97497 2.30311 2.07987 1.85018 3.6381 1.81034 3.03097 2.068
threshold=0.13990000635385516 0.049799999222159393 0.0011500000255182388 0.0039500000420957812 0.046900000423192985 0.044250000268220908 0.0024500000290572648 0.064550001174211516 0.0023500000825151805 0.038150001317262656 0.0043500000610947618 0.19025000184774402 1.0000000180025095e-35 0.0031500000040978198 0.012950000353157522 0.0052499999292194852 0.0037500000325962905 0.012149999849498274 0.0072500000242143878 0.021150000393390659 0.066150002181530013 0.0010500000207684936 0.0013499999768100681 0.0018500000005587938 0.0013499999768100681 1.0000000180025095e-35 0.084634527564048781 0.0021499999566003685 0.0037500000325962905 0.0011500000255182388
decision_type=2 2 2 2 2 2 2 2 2 2 2 2 2 2 2 2 2 2 2 2 2 2 2 2 2 2 2 2 2 2
left_child=1 4 3 -3 5 6 8 -8 9 10 13 12 15 20 -13 18 17 -17 -12 -18 21 22 23 24 -1 -26 -27 28 29 -23
right_child=-2 2 -4 -5 -6 -7 7 -9 -10 -11 11 14 -14 -15 -16 16 19 -19 -20 -21 -22 27 -24 -25 25 26 -28 -29 -30 -31
leaf_value=0.00016858324751654332 0.023633342979841321 0.061267228678926283 0.012674248684209317 -0.040500625280731589 0.053934069894662463 -0.041929714770069237 0.048189818911463789 -0.027664203349126018 -0.040884780371081307 0.062568600548298325 0.060011887481390948 -0.034634965104283343 -0.010540910410211945 -0.044158379310165891 0.013453942364383251 -0.045928931874182365 0.045897973769776793 0.029628554101841273 -0.011517289235206627 -0.050543789053136827 0.03987390134053316 -0.03816086427620597 -0.042228828935744742 0.052762801207253886 0.052711453627237129 -0.060716459099238333 0.035962067760708975 -0.0017523464813997249 0.060821042107742231 -0.0008890885109508784
leaf_weight=75.485612408723682 2.792339833569712 0.27131187915801902 1.7385554856155065 4.1582966984715313 0.81928977789357205 1.417736752424388 2.3803720758296545 0.70196995581500221 1.6112029831856478 0.57713299989700217 4.3825809550471666 3.8847988229244939 4.7444469543406731 2.2682792455889276 3.0125983762554824 2.2286148983985172 4.2678295366931707 1.5958860036917029 1.0385666643269358 0.48003541957586993 1.9432419752702106 11.394407457672065 2.359142232220619 2.3685929740313432 3.7255280846729857 1.431543882936239 3.0385432969778776 40.288940143072978 1.0690673664212216 5.5267212092876425
leaf_count=443 77 1 49 54 12 12 58 19 10 2 24 92 71 23 46 23 42 21 18 8 18 102 19 14 25 8 27 519 5 42
internal_value=-5.7753e-06 -0.000352803 -0.0210364 -0.0342674 0.000340406 0.00010076 0.000428517 0.0309149 -9.72641e-05 0.000273783 7.01272e-05 0.00872092 0.0169486 -0.0013995 -0.013631 0.0262688 0.0135958 -0.0144003 0.0463085 0.0361472 -0.000746952 -0.00128507 0.00290477 0.00414215 0.00276594 0.0266889 0.0050008 -0.00764103 -0.0208287 -0.0259873
internal_weight=193.003 190.211 6.16816 4.42961 184.043 183.223 181.806 3.08234 178.723 177.112 176.535 25.6354 18.738 150.9 6.8974 13.9935 8.57237 3.8245 5.42115 4.74786 148.631 146.688 88.409 86.0498 83.6812 8.19562 4.47009 58.2791 17.9902 16.9211
internal_count=1884 1807 104 55 1703 1691 1679 77 1602 1592 1590 345 207 1245 138 136 94 44 42 50 1222 1204 536 517 503 60 35 668 149 144
is_linear=0
shrinkage=0.05


Tree=153
num_leaves=31
num_cat=0
split_feature=20 46 20 0 28 67 73 48 34 26 20 77 33 59 0 12 58 4 11 40 2 67 69 25 77 25 37 21 74 27
split_gain=0.630854 1.21074 0.981685 0.84445 0.879845 1.46201 1.08627 0.877898 0.814393 0.845068 0.809831 1.75198 1.22443 1.30953 1.39568 1.20638 1.1955 1.36417 1.50724 1.43006 1.37337 1.16619 1.19083 1.63659 1.0815 1.49353 1.70963 1.39557 1.69189 2.08615
threshold=0.05829999968409539 0.0014499999815598132 0.026500000618398193 0.0031500000040978198 0.021099999547004703 0.0024500000290572648 0.036050001159310348 1.0000000180025095e-35 0.0010500000207684936 0.0039500000420957812 0.0012500000302679839 0.0065375482663512239 0.092549998313188567 0.018250000663101677 0.0017499999958090486 0.26369999349117285 0.0022500000195577745 0.0023500000825151805 0.36289998888969427 0.0080500002950429934 0.0034500000765547161 0.0013499999768100681 0.0024500000290572648 0.0067499999422580012 0.1105298548936844 0.002650000038556755 0.027999999932944778 0.38365000486373907 0.0014499999815598132 0.017350000329315666
decision_type=2 2 2 2 2 2 2 2 2 2 2 2 2 2 2 2 2 2 2 2 2 2 2 2 2 2 2 2 2 2
left_child=2 -2 3 4 6 -6 10 -7 -9 -10 12 -12 13 15 -15 24 17 18 19 -13 -19 22 23 -22 27 26 -26 28 -1 -30
right_child=1 -3 -4 -5 5 7 -8 8 9 -11 11 16 -14 14 -16 -17 -18 20 -20 -21 21 -23 -24 -25 25 -27 -28 -29 29 -31
leaf_value=-0.00014451294970862862 -0.043736061939765612 0.056850229211217441 -0.046019163049237873 0.038143983393255559 -0.04218042026591428 0.048928423838414517 0.053385463215777119 -0.045763268304802297 -0.021181770952961525 0.04562512080596693 0.051094573181455084 -0.044713543279211371 0.044543593586998942 -0.04399297584078174 0.05777054179769199 -0.051275845265524006 -0.042548631354183936 0.063059398533065913 0.060535572791086061 0.044805477201938539 -0.030329661660745938 0.052586409950225281 0.040945836244407757 0.052790194073896173 0.051303458876422986 -0.004641500630777934 -0.025108912444235194 0.070767381400196325 -0.029551690794841424 0.034221741912091284
leaf_weight=137.73644392204005 0.4003945617005219 1.1833348148502407 1.1652883884962637 1.4410023498348881 3.2548720000777385 0.83229322591796551 0.96200782991945644 1.0033748775022107 1.017175404820591 0.88538248557597388 2.3247941909357897 2.6159331724047652 1.468208607751875 2.9480257686227556 0.38040807843208302 1.1692145178094495 1.2489446802064765 1.535423041321337 0.54594217985868443 0.53786331973969925 3.0893400460481648 1.3071445897221563 1.3035476589575408 0.73264270462095726 3.7242165959905815 4.2946845055557787 0.91108481260016549 0.6685311496257772 9.2716058944351953 1.4881791882216919
leaf_count=1038 8 11 14 150 110 9 14 28 19 11 14 35 11 38 2 13 18 8 3 5 27 11 9 6 46 56 23 2 120 25
internal_value=-5.81394e-06 0.0314203 -0.000267952 1.45807e-05 -0.000278837 -0.0176798 0.00039621 0.00365285 -0.0093146 0.00990777 0.000111907 0.0111365 -0.000912298 -0.00132276 -0.0323624 -0.000674072 0.00394472 0.00892144 -0.0161686 -0.0294465 0.0205712 0.0104297 -0.000321418 -0.0143963 -0.000299839 0.0166019 0.0362843 -0.00131169 -0.00163619 -0.0207312
internal_weight=191.447 1.58373 189.864 188.698 187.257 6.9931 180.264 3.73823 2.90593 1.90256 179.302 15.2416 164.061 162.592 3.32843 159.264 12.9168 11.6678 3.69974 3.1538 7.9681 6.43267 5.12553 3.82198 158.095 8.92999 4.6353 149.165 148.496 10.7598
internal_count=1884 19 1865 1851 1701 177 1524 67 58 30 1510 136 1374 1363 40 1323 122 104 43 40 61 53 42 33 1310 125 69 1185 1183 145
is_linear=0
shrinkage=0.05


Tree=154
num_leaves=31
num_cat=0
split_feature=78 72 39 30 56 22 48 45 36 57 52 36 50 50 50 9 36 44 78 15 36 2 39 79 73 2 2 13 13 4
split_gain=0.624043 0.867368 0.926955 0.841405 1.45118 1.13379 0.954934 0.795287 0.785718 1.18829 1.04575 0.850805 0.968416 1.39284 1.08652 1.07159 1.03424 2.11707 1.43619 1.20645 1.05426 2.47622 1.67737 1.70173 1.40886 1.26695 2.73811 3.38774 2.45323 2.43134
threshold=0.016879879869520668 0.0029499999945983295 0.012200000230222942 0.0065500000491738328 0.0028499999316409235 0.0028499999316409235 1.0000000180025095e-35 0.0012500000302679839 0.086449999362230315 0.013749999925494196 0.035749999806284911 0.048899998888373382 0.094849999994039549 0.025499999523162845 0.035150000825524337 0.0018500000005587938 0.018450000323355201 0.0014499999815598132 0.0038964110426604752 0.0015499999863095584 0.010950000025331976 0.0069500000681728133 0.0010500000207684936 0.96362727880477916 0.0072500000242143878 0.0066499998793005952 0.0035500000230968003 0.0055499998852610597 0.027150000445544723 0.0011500000255182388
decision_type=2 2 2 2 2 2 2 2 2 2 2 2 2 2 2 2 2 2 2 2 2 2 2 2 2 2 2 2 2 2
left_child=1 2 3 8 6 -6 -5 -7 10 -10 11 12 13 16 -15 -16 18 -18 20 -19 25 -22 -23 24 -24 26 -1 29 -29 -28
right_child=-2 -3 -4 4 5 7 -8 -9 9 -11 -12 -13 -14 14 15 -17 17 19 -20 -21 21 22 23 -25 -26 -27 27 28 -30 -31
leaf_value=-0.002340242691874037 0.023229190466445573 -0.049576212454144473 0.053669183510346885 0.044880905925102493 0.042808960945760699 -0.042453444003100638 -0.054010704382118239 0.036128683797289292 -0.03519172981394731 0.053358281215157025 0.042666503578698396 0.027137027537063055 -0.045455102763801658 0.060411785459172522 0.047589375038377353 -0.030532811579753578 -0.054169266611059308 0.027010548847432765 0.046255652279428336 -0.031524304737578085 -0.052448516489224994 0.045056964814632242 -0.05463321585811818 0.051980722909240884 0.053279614996452784 -0.0067357597045619826 -0.0086562935040242657 -0.025115758489781398 0.043367812533015443 0.04191483482863817
leaf_weight=68.365651254775003 2.8468340291874474 0.89087547641247411 0.79745442699640889 0.26977698691189234 1.2030510175973179 1.1891944692470131 2.5663073868490756 0.44150745542719949 2.9230087688192721 0.43528524041175831 1.4720269936369721 2.9142499333247533 1.169278229586779 1.682068180991336 0.79288665624335386 0.98335713963024318 2.6671380363404742 2.2641681525856261 1.6849737690063182 1.4402088709175584 1.1214364622719566 4.779493685811758 1.4380587842315438 0.90402554720640171 0.38301127403974522 60.311075021047145 2.9762898134067681 5.7723500318825236 1.6907138423994181 11.798439921811221
leaf_count=516 71 57 7 3 20 35 45 7 37 5 41 24 15 17 10 19 36 18 46 17 12 31 17 4 4 602 37 52 12 67
internal_value=-4.65025e-06 -0.000357737 -0.00012255 -0.000353624 -0.0193186 0.00598748 -0.0446038 -0.0211776 0.000243857 -0.0237143 0.000699427 0.000346697 -0.000106628 0.000203359 0.0316123 0.00433968 -0.000444754 -0.0202027 0.000336068 0.00425303 -0.000148908 0.0168519 0.0272077 -0.0040979 -0.0319368 -0.00112064 0.00261711 0.0178575 -0.0096012 0.0317276
internal_weight=190.174 187.327 186.436 185.639 5.66984 2.83375 2.83608 1.6307 179.969 3.35829 176.611 175.139 172.225 171.055 3.45831 1.77624 167.597 6.37152 161.226 3.70438 159.541 8.62603 7.50459 2.7251 1.82107 150.915 90.6034 22.2378 7.46306 14.7747
internal_count=1884 1813 1756 1749 110 62 48 42 1639 42 1597 1556 1532 1517 46 29 1471 71 1400 35 1354 68 56 25 21 1286 684 168 64 104
is_linear=0
shrinkage=0.05


Tree=155
num_leaves=31
num_cat=0
split_feature=31 9 15 19 2 2 45 25 30 78 36 19 3 22 36 79 76 36 36 17 12 22 8 2 4 30 13 13 9 76
split_gain=0.598125 1.19533 1.42643 1.10286 1.02488 1.81548 1.07711 1.03944 0.981625 1.06396 1.21216 1.36974 1.29309 1.0381 1.01651 2.67174 2.47088 1.74438 1.94537 1.99806 1.19287 1.65328 1.47641 1.10804 3.63455 3.44016 3.31841 2.62068 2.44747 2.1835
threshold=0.0010500000207684936 0.0013499999768100681 0.051700001582503326 0.02615000028163195 0.11934999749064447 0.064800001680850997 0.0077999997884035119 0.0068500000052154073 0.010250000283122064 0.0094331176951527613 0.018050000071525577 0.057899998500943191 0.0035500000230968003 0.023850000463426117 0.0089499996975064295 0.99385511875152599 0.11732083186507226 0.0073500000871717939 0.0057500000111758718 0.0013499999768100681 0.002549999975599349 0.0068500000052154073 1.0000000180025095e-35 0.0066499998793005952 0.0062500000931322583 0.0024500000290572648 0.0064499999862164268 0.0036499999696388845 0.0020500000100582842 0.076822459697723403
decision_type=2 2 2 2 2 2 2 2 2 2 2 2 2 2 2 2 2 2 2 2 2 2 2 2 2 2 2 2 2 2
left_child=8 -2 4 -4 5 6 -3 -7 9 10 14 12 -12 -14 17 16 -16 18 23 -20 21 -18 -22 -1 25 -25 27 29 -27 -26
right_child=1 2 3 -5 -6 7 -8 -9 -10 -11 11 -13 13 -15 15 -17 20 -19 19 -21 22 -23 -24 24 26 28 -28 -29 -30 -31
leaf_value=0.0022824569296899565 0.039529232820279897 0.023214896908939051 -0.053197737965174033 0.0090807037034908115 0.0416311909278088 -0.047601225164614736 -0.032773429081077964 0.03988391646065273 -0.032145887134855326 0.027928856668232794 0.013445857474665354 0.038351865440962835 -0.041223656088165403 0.026151372445342921 -0.057420981180323287 0.075564026342918464 -0.052814564582253747 -0.038621111211505466 -0.056107831771346053 0.054496982106136328 -0.054541963920443685 0.029256124167592268 0.034697984619932891 -0.030918778574946237 0.034962640816473205 0.037592165509431015 0.024541615033327385 -0.04068655430884234 -0.05562823980368975 -0.011801950213494667
leaf_weight=86.361738615552895 2.6717361601768088 6.6927565967198444 1.7541184863075607 1.1952415651176123 2.2058149577351278 2.0667938982369383 0.98551507527008642 0.40626440942287434 2.4799234969541422 3.2375032855197778 1.7460235320031605 0.95336973806843239 6.0625832448713481 0.63124450109899033 1.3713673409074516 1.5450469739735133 1.307260825298725 3.0314987800084046 0.47952573746442739 2.7498069335706532 0.50667586177587498 1.1565048815682528 5.435892574954778 18.845341689186174 3.6730926129967028 3.441409822087734 12.314662717748432 4.8423720705322912 0.88521358184516419 7.7895611359272152
leaf_count=678 38 63 34 35 33 27 13 3 69 74 10 7 80 6 19 6 13 36 6 23 4 9 46 209 18 22 167 47 22 67
internal_value=-4.71169e-06 0.00867022 0.00328381 -0.0279591 0.0107408 0.00402848 0.0160287 -0.0332295 -0.000917572 -0.000457604 -0.00101414 -0.0184573 -0.0248745 -0.03487 3.79371e-05 0.0144644 0.00480958 -0.00109316 -0.000288497 0.0380732 0.0149616 -0.0142901 0.0270892 -0.0011852 -0.00696746 -0.0216877 0.00495083 -0.00984546 0.0185196 0.00318329
internal_weight=188.826 17.9782 15.3065 2.94936 12.3571 10.1513 7.67827 2.47306 170.848 168.368 165.13 9.39322 8.43985 6.69383 155.737 11.3227 9.7777 144.414 141.383 3.22933 8.40633 2.46377 5.94257 138.153 51.7917 23.172 28.6197 16.305 4.32662 11.4627
internal_count=1884 246 208 69 139 106 76 30 1638 1569 1495 103 96 86 1392 97 91 1295 1259 29 72 22 50 1230 552 253 299 132 44 85
is_linear=0
shrinkage=0.05


Tree=156
num_leaves=31
num_cat=0
split_feature=32 27 0 51 41 56 56 25 19 69 22 14 8 35 28 9 6 17 2 9 2 2 13 71 37 77 59 73 71 44
split_gain=0.579253 0.854645 0.770934 0.614121 1.02872 0.802807 1.2585 0.784183 1.66719 1.41164 1.22229 1.17614 1.39232 1.19589 2.58844 1.09795 1.12335 1.36705 1.71679 0.906946 1.524 1.85911 1.67606 1.33438 1.99309 1.65054 1.53361 2.05007 2.03699 2.0153
threshold=0.0011500000255182388 0.0019500000635161998 0.0016499999910593035 0.0018500000005587938 0.0057500000111758718 0.62514999508857738 0.53124998509883892 0.0079499999992549437 0.0015499999863095584 0.0017499999958090486 0.050850000232458122 0.0028499999316409235 0.025349999777972702 1.0000000180025095e-35 0.0027499999850988392 0.011049999855458738 0.02895000018179417 0.0015499999863095584 1.0000000180025095e-35 0.0030500000575557355 0.0014499999815598132 0.016449999995529655 0.0076500000432133683 0.0047500000800937423 0.011299999896436931 0.2203619256615639 0.0013499999768100681 0.0010500000207684936 0.0019500000635161998 0.0048500001430511483
decision_type=2 2 2 2 2 2 2 2 2 2 2 2 2 2 2 2 2 2 2 2 2 2 2 2 2 2 2 2 2 2
left_child=3 -2 -3 5 -5 6 7 19 -9 11 -11 12 15 -13 -15 16 17 18 -10 23 -21 -22 -23 25 -25 26 28 -28 -1 -29
right_child=1 2 -4 4 -6 -7 -8 8 9 10 -12 13 -14 14 -16 -17 -18 -19 -20 20 21 22 -24 24 -26 -27 27 29 -30 -31
leaf_value=-0.0014413858196671199 0.058292182153001575 -0.04056132408481615 0.05176137732367652 0.043463973230259578 -0.032598195954303737 -0.052510198316354964 0.069100040917441916 -0.042856871947649651 0.047484837022837602 -0.048913469733178339 0.024487998443539227 0.034851621730851316 -0.047612150454830804 0.042015601871905783 -0.031011460423924542 -0.044051760209807694 -0.016827147616347782 0.049000804135540393 -0.055471213141525783 -0.022742397445278884 0.029149868729856143 -0.028598710155150066 0.015300996726342607 -0.028453110803488571 0.058885428815290353 0.038231920914844585 0.035577383606844488 -0.044034780454259098 -0.056902973006809535 0.022378487207197002
leaf_weight=109.21118720935192 1.0364517627749585 0.62023528292775143 0.3558559101074934 1.8134042236488306 0.58888796670362342 0.74257269967347284 0.64874359965324302 3.144736482761803 0.71676706057042439 2.7107550837099548 0.71721724700182665 3.9898458831012231 2.0154442251659921 2.0239380402490497 3.0300184420775622 1.2618480338715015 2.918164701317437 2.2987849535420537 0.93061786843463778 3.1023994148708907 10.660398383624853 3.5263632335700077 5.670447920798324 7.3208523672074062 0.71720600873231877 2.811789126484654 6.4043225888162834 2.1159153496846557 1.6810412909835566 2.4823958008782938
leaf_count=754 62 6 19 24 10 14 2 75 5 60 15 38 34 21 88 24 69 19 15 40 106 41 71 93 5 66 35 19 29 25
internal_value=-7.7056e-06 0.0266723 -0.00690302 -0.000297545 0.0248184 -0.000627513 -0.000415957 -0.000664483 -0.00874573 -0.00400206 -0.0335561 0.00127852 -0.0104121 0.0143882 -0.0017666 -0.00118575 0.00669416 0.024088 -0.0106757 0.000672397 0.00984805 0.0149398 -0.00153161 -0.000914629 -0.0206602 0.000358087 -0.000515561 0.0172893 -0.00228214 -0.00818161
internal_weight=187.269 2.01254 0.976091 185.256 2.40229 182.854 182.111 181.462 25.7581 22.6134 3.42797 19.1854 10.1416 9.0438 5.05396 8.12618 6.86433 3.94617 1.64738 155.704 22.9596 19.8572 9.19681 132.745 8.03806 124.707 121.895 11.0026 110.892 4.59831
internal_count=1884 87 25 1797 34 1763 1749 1747 463 388 75 313 166 147 109 132 108 39 20 1284 258 218 112 1026 98 928 862 79 783 44
is_linear=0
shrinkage=0.05


Tree=157
num_leaves=31
num_cat=0
split_feature=15 51 36 73 56 56 45 60 26 65 8 42 2 40 58 43 27 21 13 27 5 76 41 77 74 40 21 4 55 12
split_gain=0.567194 0.733134 0.767125 0.843995 0.763499 1.16196 0.748567 1.22182 1.19974 1.18362 1.06506 1.62725 1.1893 1.12592 1.77792 1.10499 1.00718 1.71433 2.25892 2.42222 1.61954 1.60313 1.53401 1.46802 1.55413 1.81717 1.79443 1.73806 1.71097 1.63523
threshold=0.53134998679161083 0.0018500000005587938 0.0049499999731779107 0.050250001251697547 0.62514999508857738 0.53124998509883892 0.0063000000081956395 0.016449999995529655 0.0061500000301748523 0.0010500000207684936 0.059500001370906837 1.0000000180025095e-35 0.0030500000575557355 0.0015499999863095584 0.0013499999768100681 0.0064499999862164268 0.0027499999850988392 0.02055000048130751 0.0012500000302679839 0.0053499999921768912 0.0018500000005587938 0.54679495096206676 0.0021499999566003685 0.38958473503589636 0.0014499999815598132 0.0041499999351799497 0.0013499999768100681 0.002549999975599349 0.0018500000005587938 0.185249999165535
decision_type=2 2 2 2 2 2 2 2 2 2 2 2 2 2 2 2 2 2 2 2 2 2 2 2 2 2 2 2 2 2
left_child=1 4 -3 -4 5 6 7 10 -8 -10 16 12 -12 -14 -15 -13 21 18 19 20 -18 23 -19 24 25 29 27 -26 -28 -1
right_child=-2 2 3 -5 -6 -7 8 -9 9 -11 11 15 13 14 -16 -17 17 22 -20 -21 -22 -23 -24 -25 26 -27 28 -29 -30 -31
leaf_value=0.0024310303983439453 -0.051658269333688292 0.054202421015590523 -0.050766429928507079 0.041227939267489994 -0.051915291853606473 0.067900129923611593 -0.043955020679261943 0.032808634685857999 0.014977062636357015 -0.030477906218884417 -0.057171380335429137 -0.054621056966999232 0.044267515469553764 -0.053804191664946557 0.042731578849815183 0.049621369115644964 -0.056198253625157228 0.017393072490450287 -0.039462184180135335 0.019133108399043475 0.064663623926490416 0.03604211595303846 -0.018631965714011049 0.059023511397531869 -0.029297563213346763 -0.039123221260263824 -0.04863262905188126 0.059102184514090939 0.042421664555417425 -0.050525966726966014
leaf_weight=117.67687943554483 0.53002733283210446 1.2685043986421072 0.49471942894160736 0.50262441788800061 0.71121638570912082 0.62773066759109397 2.4847833977546525 2.8719786989968261 3.6890334840863943 2.3409725516103208 0.39961156249046137 1.1315413461998103 4.9150646307971328 0.86921663559041906 1.0568828191608188 0.32788557233288873 2.2072446998208783 7.961254245718008 7.9036409498658031 4.9653853657655418 0.3169783055782317 3.1532075284048906 4.699256879510358 1.0437048885505635 1.1095712683163577 2.7793329707346848 4.6729647694155574 1.1145830834284423 0.57995006628334511 1.4759984952397633
leaf_count=812 21 22 10 11 15 2 35 81 40 37 6 19 43 20 7 6 39 123 137 71 1 62 102 17 10 55 50 8 7 15
internal_value=-8.69144e-06 0.000139004 0.0284057 -0.00440467 -0.000210821 -9.18614e-06 -0.000243736 0.000467681 -0.0147174 -0.00266949 -7.75313e-05 0.016964 0.026672 0.0315696 -0.000833408 -0.0312012 -0.000994671 -0.0096074 -0.0208168 -0.00114066 -0.0410211 0.000813774 0.0040215 -3.77382e-05 -0.000514076 0.000842791 -0.0226412 0.0150019 -0.0385797 0.00177503
internal_weight=185.882 185.352 2.26585 0.997344 183.086 182.375 181.747 173.232 8.51479 6.03001 170.36 8.7002 7.24078 6.84116 1.9261 1.45943 161.66 28.0538 15.3932 7.48961 2.52422 133.606 12.6605 130.453 129.409 121.932 7.47707 2.22415 5.25291 119.153
internal_count=1884 1863 43 21 1820 1805 1803 1691 112 77 1610 101 76 70 27 25 1509 473 248 111 40 1036 225 974 957 882 75 18 57 827
is_linear=0
shrinkage=0.05


Tree=158
num_leaves=31
num_cat=0
split_feature=2 29 11 2 14 19 43 6 78 13 15 78 44 71 33 12 11 12 45 62 59 73 40 33 6 19 25 48 0 51
split_gain=0.571492 1.3439 1.57474 0.971096 2.18386 1.33586 1.21121 1.02221 1.02122 1.25476 1.25248 0.959021 1.039 1.41217 1.45576 1.40392 1.26677 1.86249 1.40305 1.19797 1.17041 2.06313 1.79124 2.04717 1.705 1.69634 2.26379 1.57321 1.54169 1.82161
threshold=0.11589999869465829 0.018450000323355201 0.35454998910427099 0.073150001466274275 0.0040500001050531873 0.017699999734759334 0.0035500000230968003 0.5247500240802766 0.0038964110426604752 0.018949999473989013 0.0020500000100582842 0.002548185759223998 0.0046500000171363362 0.014599999878555538 0.092549998313188567 0.003249999950639904 0.10469999909400941 0.05894999951124192 0.0077999997884035119 0.0024500000290572648 0.0011500000255182388 1.0000000180025095e-35 0.0010500000207684936 0.0043500000610947618 0.022800000384449962 0.002650000038556755 0.0010500000207684936 1.0000000180025095e-35 0.0011500000255182388 0.0020500000100582842
decision_type=2 2 2 2 2 2 2 2 2 2 2 2 2 2 2 2 2 2 2 2 2 2 2 2 2 2 2 2 2 2
left_child=3 -2 -3 7 6 -6 -5 8 11 -10 -11 12 13 20 -15 19 17 -17 -18 -14 22 24 -1 -24 25 26 27 -22 29 -23
right_child=1 2 -4 4 5 -7 -8 -9 9 10 -12 -13 15 14 -16 16 18 -19 -20 -21 21 28 23 -25 -26 -27 -28 -29 -30 -31
leaf_value=-0.00019510927600177862 0.035146255073988664 -0.034512197716209274 0.033564358762650598 -0.0461453018796752 -0.024713087714256073 0.033653780551310207 0.038651782415913279 -0.039127684240796407 0.038019365776537778 0.052565600425072634 -0.047973738349675693 -0.031786350612889556 0.043191964480676366 -0.047756134809142994 0.024434648594909819 -0.035395286379819056 0.026438297302489807 0.02346275320120882 -0.045695988262393836 -0.055565802997505367 0.042624628853271979 -0.052989917549805921 -0.038785343890726659 0.026297836693162491 -0.029549179145294951 0.054909981289788273 -0.057324066305322323 -0.024384758791226473 0.04679997037079079 0.054226110231559987
leaf_weight=115.71594695025124 3.6439585087355217 2.1819435501238336 1.3910535479662938 4.6015037496108544 1.6167245302349327 2.490412485669367 0.46353136748075474 1.6286658303579304 3.7043440560810259 0.44863597129005928 1.0007752056699244 2.3418219905579454 4.1980169980088275 2.960249020834453 0.91394619923084963 3.6456096719484758 5.9427297248039395 2.12898524699267 0.76035986747592677 0.3313084403052925 3.7441806122660619 2.455926526337862 5.9216057776939115 1.5179786300286648 1.3338773390278209 4.1872266978025436 0.95213608443737019 1.1433768048882482 0.70214732456952322 0.47236039489507664
leaf_count=815 45 41 37 42 24 34 4 53 82 20 18 55 59 93 11 55 72 24 12 5 15 32 147 22 22 17 11 7 6 4
internal_value=-1.11569e-05 0.0137811 -0.00800836 -0.000572491 -0.0164153 0.0106784 -0.038385 0.000291684 0.000677221 0.0225872 -0.0168538 -2.25284e-05 0.000445221 -0.000953333 -0.0307259 0.0121242 0.00346897 -0.0136954 0.0182558 0.0359681 -0.00011839 0.0130726 -0.00172407 -0.0255057 0.0235581 0.0306229 0.0132084 0.0269487 -0.01974 -0.035695
internal_weight=184.541 7.21696 3.573 177.324 9.17217 4.10714 5.06504 168.152 166.524 5.15376 1.44941 161.37 159.028 142.021 3.8742 17.007 12.4777 5.77459 6.70309 4.52933 138.147 14.9912 123.156 7.43958 11.3608 10.0269 5.83969 4.88756 3.63043 2.92829
internal_count=1884 123 78 1761 104 58 46 1657 1604 120 38 1484 1429 1202 104 227 163 79 84 64 1098 114 984 169 72 50 33 22 42 36
is_linear=0
shrinkage=0.05


Tree=159
num_leaves=31
num_cat=0
split_feature=25 19 69 71 36 77 77 21 19 72 57 41 6 8 8 79 30 6 25 16 65 44 36 8 42 79 13 33 12 8
split_gain=0.54262 1.71426 1.31607 1.5559 1.03681 1.52611 1.28118 1.14636 1.83829 1.12574 0.997714 1.31859 0.969222 0.944496 1.0073 0.937542 0.906848 1.07742 0.897036 0.870722 0.860228 0.8033 1.14623 0.950028 1.29558 1.77394 2.01281 1.19367 1.10673 2.3031
threshold=0.0079499999992549437 0.0015499999863095584 0.0017499999958090486 0.044700000435113914 0.0030500000575557355 0.0024492200464010243 0.0013499999768100681 0.0015499999863095584 0.0034500000765547161 0.0013499999768100681 0.0012500000302679839 0.0029499999945983295 0.40534999966621404 0.0014499999815598132 0.044400000944733627 0.46327556669712072 0.0013499999768100681 0.037650000303983695 0.0073500000871717939 0.0010500000207684936 0.032949998974800117 0.042700000107288368 0.086449999362230315 0.067000001668930068 1.0000000180025095e-35 0.97523674368858349 0.042050000280141837 0.0015499999863095584 0.0094499997794628161 0.0063499999232590207
decision_type=2 2 2 2 2 2 2 2 2 2 2 2 2 2 2 2 2 2 2 2 2 2 2 2 2 2 2 2 2 2
left_child=18 19 4 -4 5 -3 -6 -7 -9 16 11 15 -13 -12 -15 -8 -10 -18 20 -2 21 22 23 28 25 -25 27 -27 -1 -30
right_child=1 2 3 -5 6 7 10 8 9 -11 13 12 -14 14 -16 -17 17 -19 -20 -21 -22 -23 -24 24 -26 26 -28 -29 29 -31
leaf_value=0.0016057341044506978 -0.049248496995530695 -0.056143235228424487 -0.044559282069258577 0.037377299102562274 0.063051216254035605 0.049231398816514046 0.03637609370799344 -0.053060194314348268 0.035788775106740986 -0.052563866829008536 -0.051186255390471447 0.053778002619023761 -0.032086694269248532 0.043780477755111187 -0.017442371496250934 -0.047360720262784088 0.041027819285704051 -0.045138316256868302 0.041928787284177031 0.057494624820115109 0.062041571150113321 0.021486294392647896 -0.042109351163597125 0.040570925911717272 -0.050807935146204686 -0.054807966843683831 0.064960773575997305 0.021155863546535651 -0.021520728659116986 0.0076919801988447924
leaf_weight=111.42505801026709 2.820220132591206 0.73054570751265302 3.076925077475607 0.71379100810736407 0.57940545678138633 2.3537717461585981 0.36560402624308874 1.0228313535917548 4.6366585022769868 0.50812611472792912 0.56508269393816624 0.76075169816613175 0.57861668593250215 1.7046163948252799 1.1089175166562197 3.9002958784112707 0.62428392749279715 0.86610254691913724 1.3352567311376322 0.20492915809154499 0.57073314022272725 4.4464959257747969 1.6047510183416296 4.9339033442083711 0.66196085652336556 1.5944378096610314 0.72744039818644513 0.76539593935012806 16.440767686814073 11.442902986076659
leaf_count=855 76 17 76 11 2 17 6 30 49 35 11 13 13 15 18 81 9 28 15 1 3 91 22 50 13 20 3 3 182 119
internal_value=-1.25371e-05 -0.00653998 -0.00208599 -0.0291306 0.00296279 0.013623 -0.00901167 0.0187137 0.00933379 0.018952 -0.0136593 -0.0265957 0.0166838 0.00780269 0.0196503 -0.0401842 0.0248829 -0.00904557 0.00112267 -0.0420175 0.000770262 0.00054325 -7.92448e-05 0.000376509 0.0164226 0.0219709 -0.00775448 -0.0301696 -0.000623649 -0.00953241
internal_weight=183.071 27.1215 24.0963 3.79072 20.3056 10.7423 9.56329 10.0118 7.658 6.63517 8.98388 5.60527 1.33937 3.37862 2.81353 4.2659 6.12704 1.49039 155.949 3.02515 154.614 154.043 149.597 147.992 8.68314 8.02118 3.08727 2.35983 139.309 27.8837
internal_count=1884 508 431 87 344 185 159 168 151 121 157 113 26 44 33 87 86 37 1376 77 1361 1358 1267 1245 89 76 26 23 1156 301
is_linear=0
shrinkage=0.05


Tree=160
num_leaves=31
num_cat=0
split_feature=3 76 65 27 59 11 4 24 26 44 4 56 33 12 79 19 2 77 26 4 76 11 56 54 79 5 5 39 12 9
split_gain=0.575897 3.46573 1.95958 2.78405 2.20756 2.52709 2.24916 2.49751 2.63059 2.24096 2.27377 1.95801 2.0849 1.8333 1.90604 2.11102 1.74579 1.6886 2.08154 1.90398 2.93401 3.74359 2.90538 2.08021 2.53048 2.3267 2.05356 1.62903 1.93763 1.48673
threshold=0.0081500001251697558 0.052213238552212722 0.0014499999815598132 0.0022500000195577745 1.0000000180025095e-35 0.0011500000255182388 0.0017499999958090486 0.0018500000005587938 0.0017499999958090486 0.003249999950639904 0.020650000311434272 0.080800000578165068 0.0073500000871717939 0.0023500000825151805 0.20870623737573626 0.0012500000302679839 0.0034500000765547161 0.0084380931220948713 0.0062500000931322583 0.0014499999815598132 0.028661120682954792 0.0016499999910593035 0.0050500000361353168 0.0015499999863095584 0.9271349608898164 0.0012500000302679839 0.0083499997854232805 0.0010500000207684936 0.0060499999672174462 0.0010500000207684936
decision_type=2 2 2 2 2 2 2 2 2 2 2 2 2 2 2 2 2 2 2 2 2 2 2 2 2 2 2 2 2 2
left_child=2 -2 4 27 5 6 13 8 -8 10 11 12 17 14 -1 -16 -5 18 19 26 21 -21 23 24 25 -22 -7 29 -29 -4
right_child=1 -3 3 16 -6 9 7 -9 -10 -11 -12 -13 -14 -15 15 -17 -18 -19 -20 20 22 -23 -24 -25 -26 -27 -28 28 -30 -31
leaf_value=-0.0030301367053444245 0.039203946945772561 0.00017454255629264712 0.058317866197298965 0.057998586724918234 0.01366335737940795 -0.046470057481331511 -0.05150428079734768 0.029433432700588392 0.035856962722360879 0.02869927746349777 0.046075947957167608 0.034963699646245704 0.025886679847688415 -0.036471373317177896 0.038782355087467302 -0.026347309056756765 -0.0525713412984583 -0.051412850643119651 0.052930186323859089 -0.054300126347526526 -0.058432874946940952 0.039691537708094693 0.048853902083207223 0.034182477155414046 -0.053913758087736179 0.059293346966549788 0.071752179499925448 -0.029969869328491095 0.057371472063888387 0.017136598615479066
leaf_weight=7.4658535849303105 6.1298403926193705 78.890172433922999 3.8961078915745002 0.43068613018840496 12.53271417878568 9.6293111725244707 4.891195496544241 1.9242653772234914 1.0459734685719011 2.5329933781176797 1.2669171653687943 1.4504261997062702 1.9610244156792749 1.8087778887711454 9.1697956304997188 1.4394573664758343 2.0863475271034986 5.9242659390438339 0.89566284045576949 1.4267005994915987 0.69993298873305043 4.1146507486701012 1.1092442572116841 0.96514041349291879 8.4711843961849791 1.0482473801821468 0.38189226388931352 2.3482787720859046 0.87034809123724688 5.009800935164094
leaf_count=22 41 1056 20 5 109 122 33 12 10 18 7 18 18 29 56 20 39 71 5 9 8 20 7 5 57 6 1 24 5 31
internal_value=-1.40727e-05 0.00298852 -0.00265134 0.0142004 -0.00565462 -0.00913202 0.00257106 -0.0200694 -0.0361135 -0.0168857 -0.0198204 -0.0220129 -0.0242692 0.0115224 0.0163251 0.0299456 -0.0336519 -0.0271065 -0.0220964 -0.0245096 -0.0147142 0.015492 -0.0283296 -0.0359844 -0.0426111 0.0121584 -0.0419603 0.0241345 -0.00635192 0.0351524
internal_weight=181.817 85.02 96.7972 14.6416 82.1556 69.6229 27.7453 7.86143 5.93717 41.8776 39.3446 38.0777 36.6273 19.8839 18.0751 10.6093 2.51703 34.6662 28.742 27.8463 17.8351 5.54135 12.2937 11.1845 10.2194 1.74818 10.0112 12.1245 3.21863 8.90591
internal_count=1884 1097 787 124 663 554 182 55 43 372 354 347 329 127 98 76 44 311 240 235 112 29 83 76 71 14 123 80 29 51
is_linear=0
shrinkage=0.05


Tree=161
num_leaves=31
num_cat=0
split_feature=5 19 14 77 6 16 6 9 4 41 21 4 30 11 50 59 0 69 57 12 44 60 46 3 41 59 46 3 25 24
split_gain=0.584742 2.23674 2.26688 2.27147 2.23456 2.22079 1.73067 1.70627 2.95383 2.10591 2.07009 1.42333 1.36543 1.19275 1.21803 2.61319 1.48163 1.16941 1.13912 1.11788 1.04843 1.55465 1.95356 1.45564 3.60206 2.8264 2.901 2.28094 2.08443 2.00365
threshold=0.0010500000207684936 0.0012500000302679839 0.0013499999768100681 0.014802206307649614 0.0019500000635161998 0.0014499999815598132 0.0079499999992549437 0.0015499999863095584 0.0064499999862164268 1.0000000180025095e-35 0.0027499999850988392 0.002549999975599349 0.0012500000302679839 0.0057500000111758718 0.021500000730156902 0.0037500000325962905 0.0018500000005587938 0.0077999997884035119 0.0055499998852610597 0.10315000265836717 0.0046500000171363362 0.0018500000005587938 0.0021499999566003685 0.0081500001251697558 0.0035500000230968003 0.0038499999791383748 0.0010500000207684936 0.0057500000111758718 0.0044499998912215242 1.0000000180025095e-35
decision_type=2 2 2 2 2 2 2 2 2 2 2 2 2 2 2 2 2 2 2 2 2 2 2 2 2 2 2 2 2 2
left_child=20 5 3 -3 12 7 -5 8 9 -2 -9 -11 -4 -6 15 16 18 -18 -15 -16 21 23 -23 27 25 26 29 -1 -29 -25
right_child=1 2 4 6 13 -7 -8 10 -10 11 -12 -13 -14 14 19 -17 17 -19 -20 -21 -22 22 -24 24 -26 -27 -28 28 -30 -31
leaf_value=-0.0032461143291734607 -0.0294666370255601 -0.03944543668383662 0.057289214519031184 0.025829202553688271 0.055344506655768878 -0.051333001463465949 -0.031337413477561631 0.058225628864158024 0.055527395151657624 0.065690656569363168 -0.032158434482327587 -0.014348487061395436 -0.032060424976482468 -0.025006845980032708 0.035669594352986354 0.044991935593200139 0.053928272139824998 -0.035686345632459704 0.036565050292589156 -0.015475426384130478 0.0093124224285873122 -0.038428211248998922 0.037805484880804513 0.031186218972588955 -0.038458403678960723 -0.032933146464483774 -0.024863216606702196 -0.05069302378870616 0.0079737301850516685 -0.0076717315794124098
leaf_weight=61.074680531048216 3.9334278982132655 6.7137345522642118 2.8868716617580534 3.4230575785040855 0.95182104595005768 1.0110421180725087 2.1589747932739556 4.9599069505929938 2.6729187276214361 1.2841993719339373 0.72625759802758683 0.97878969460725773 0.50193084427155543 12.335155887063596 3.4541131615405893 2.0292623983696094 1.2410686672665168 0.515147897414863 0.79989587841555554 1.5468414677307007 17.924624250503257 5.6759279468096784 0.98642587044741947 18.652707514353107 3.9452490955591193 3.0714028431102625 3.4619364568497977 5.0249080797657362 2.1670001817401499 4.0350738905835888
leaf_count=511 16 54 89 34 7 2 30 26 14 5 9 5 8 157 51 22 37 16 10 27 248 62 16 146 54 42 43 55 41 47
internal_value=-2.01786e-05 0.00432657 -0.00213177 -0.0198498 0.00616369 0.0203237 0.00371875 0.0253011 0.011594 -0.00735734 0.0466814 0.0310721 0.0440552 0.00054986 -0.0018293 -0.00823672 -0.0154903 0.0276418 -0.0212573 0.01985 -0.00188707 -0.0037442 -0.0271411 -0.00220743 0.00638591 0.0124405 0.0177698 -0.00638239 -0.0330161 0.0242752
internal_weight=180.144 54.1244 38.5579 12.2958 26.2621 15.5665 5.58203 14.5555 8.86934 6.19642 5.68616 2.26299 3.3888 22.8733 21.9215 16.9205 14.8913 1.75622 13.1351 5.00095 126.02 108.095 6.66235 101.433 33.1664 29.2211 26.1497 68.2666 7.19191 22.6878
internal_count=1884 619 542 118 424 77 64 75 40 26 35 10 97 327 320 242 220 53 167 78 1265 1017 78 939 332 278 236 607 96 193
is_linear=0
shrinkage=0.05


Tree=162
num_leaves=31
num_cat=0
split_feature=32 62 15 46 6 73 37 5 59 76 9 30 56 41 76 9 77 6 28 45 3 53 59 29 2 12 33 21 3 78
split_gain=0.544963 0.757374 0.594322 1.37879 1.30665 1.80629 2.26557 1.65372 1.56871 1.42118 1.28381 3.1661 2.13099 1.82992 2.03522 1.62415 2.92734 2.37844 2.06536 1.84006 1.79368 1.69261 1.70912 2.71267 2.0533 2.02336 2.14647 1.98441 1.89892 1.94278
threshold=0.0011500000255182388 0.0045499999541789302 0.0010500000207684936 0.0015499999863095584 0.0012500000302679839 0.0014499999815598132 0.0020500000100582842 0.0014499999815598132 0.0013499999768100681 0.0015999999595806005 0.0022500000195577745 0.0012500000302679839 0.0024500000290572648 0.0017499999958090486 0.084634527564048781 0.0014499999815598132 0.0040959599427878865 0.0086500002071261423 1.0000000180025095e-35 0.0014499999815598132 0.0098500000312924402 0.002650000038556755 0.0012500000302679839 0.0020500000100582842 0.0019500000635161998 0.007849999703466894 0.0015499999863095584 0.0020500000100582842 0.014349999837577345 0.00024998500157380482
decision_type=2 2 2 2 2 2 2 2 2 2 2 2 2 2 2 2 2 2 2 2 2 2 2 2 2 2 2 2 2 2
left_child=2 -2 3 10 5 7 -7 8 -4 -6 15 12 13 -12 -15 17 -17 18 21 -18 -19 22 25 24 -24 26 27 28 -1 -30
right_child=1 -3 4 -5 9 6 -8 -9 -10 -11 11 -13 -14 14 -16 16 19 20 -20 -21 -22 -23 23 -25 -26 -27 -28 -29 29 -31
leaf_value=-0.00021898423684989381 0.057412085456305197 -0.0061056799786257587 -0.046923109602008871 0.044190423881840822 0.079157145748728522 0.053193125422544743 -0.035292332818327408 0.053957733398516221 0.033763928091220398 -0.001651186422990576 0.049365204006229353 -0.034775638991691518 -0.048664040329898385 -0.066078683211133013 0.026486660555319477 -0.036919594614291069 0.027953956628227219 0.061107415667163517 -0.058784204702609824 -0.036892947314838637 -0.0017257526105599324 -0.041075308169559663 0.05574657484616824 0.063029019662616939 -0.057193514537903757 -0.045195730063537977 0.06673442282851276 -0.044108914033536561 0.059363474360237062 -0.0091464163733709081
leaf_weight=44.650171759538352 0.97256516315974184 0.90696419589221478 6.3466236032545549 1.9286525936331589 0.54841981083154578 1.607629871927202 1.3152007781900463 0.51035521645098914 0.6655557770282029 69.012882494484074 6.6313922032713855 2.4855506871826938 0.83666582079604346 0.79547581635415587 2.3424660298041999 7.6699012601748091 4.0997214457020164 2.8837625160813323 1.4742844393476833 1.4920785790309308 1.8738658512011168 2.2911243136040857 0.62887254357337852 2.7722322940826416 1.1176625499501822 2.3406811375170937 1.2620463327039022 2.354354645125567 2.8015769310295573 1.6408857423812149
leaf_count=222 75 12 70 74 2 13 17 6 4 979 48 33 9 5 27 52 35 14 16 13 22 25 2 12 10 26 5 18 20 18
internal_value=-1.9338e-05 0.0267617 -0.00030472 0.00233976 -0.00349018 -0.0199797 0.0133769 -0.0329402 -0.0392648 -0.0010141 0.00148513 0.016017 0.0279205 0.0344793 0.00302112 -0.000853379 -0.0168616 0.00226443 -0.000296795 0.0106506 0.0363596 0.00109712 0.00271916 0.0322799 -0.0165273 0.000292654 0.00231268 0.000732354 0.00288282 0.0340584
internal_weight=178.26 1.87953 176.38 96.3734 80.0067 10.4454 2.92283 7.52253 7.01218 69.5613 94.4448 13.0916 10.606 9.76933 3.13794 81.3532 13.2617 68.0915 63.3339 5.5918 4.75763 61.8596 59.5685 4.51877 1.74654 55.0497 52.709 51.447 49.0926 4.44246
internal_count=1884 87 1797 706 1091 110 30 80 74 981 632 122 89 80 32 510 100 410 374 48 36 358 333 24 12 309 283 278 260 38
is_linear=0
shrinkage=0.05


Tree=163
num_leaves=31
num_cat=0
split_feature=5 5 6 37 37 6 5 74 77 78 64 22 3 64 4 4 3 9 60 28 35 76 5 5 13 6 73 26 4 77
split_gain=0.536765 2.19176 2.30853 1.83503 1.43866 2.65989 1.85687 1.30611 1.03914 1.00807 1.56575 1.41251 1.33758 1.2714 1.20396 1.28622 1.87988 2.21909 2.29322 1.86106 2.21298 1.79144 1.77569 1.76702 1.75683 2.58504 1.64173 1.60132 1.49108 1.33451
threshold=0.0024500000290572648 0.0035500000230968003 0.00335000001359731 0.0043500000610947618 0.0018500000005587938 0.0041499999351799497 0.020200000144541267 0.0010500000207684936 0.020643134601414207 0.016879879869520668 0.002650000038556755 0.010550000239163639 0.0010500000207684936 0.0018500000005587938 0.049799999222159393 0.010250000283122064 0.022099999710917476 0.0014499999815598132 0.0057500000111758718 0.0021499999566003685 1.0000000180025095e-35 0.074946328997612013 0.0019500000635161998 0.0018500000005587938 0.0019500000635161998 0.0010500000207684936 0.003249999950639904 0.0062500000931322583 0.0012500000302679839 0.56411194801330578
decision_type=2 2 2 2 2 2 2 2 2 2 2 2 2 2 2 2 2 2 2 2 2 2 2 2 2 2 2 2 2 2
left_child=9 2 -2 -4 6 -6 -3 8 -7 10 13 12 -12 14 15 22 17 18 24 27 -21 -19 23 29 25 -17 -23 -18 -24 -1
right_child=1 4 3 -5 5 7 -8 -9 -10 -11 11 -13 -14 -15 -16 16 19 21 -20 20 -22 26 28 -25 -26 -27 -28 -29 -30 -31
leaf_value=-0.0032159454333042306 0.056977901179460111 -0.020073776745011925 -0.051209317707998761 0.023461181214629551 0.055519890632724091 0.051996095267344583 0.055713324821160919 -0.032283257322210344 -0.010023658246519553 0.033980173690325681 0.054780106505691498 0.021864461107772567 -0.060864444628428396 0.035099961525201583 -0.026774828781336846 0.048220894915224057 -0.041257821457994941 -0.05553652245960853 -0.026828176766874837 0.03850719941529987 -0.027211427452006803 0.040837946697783442 0.024452664117553931 0.05072692879429206 0.055957242446730275 -0.055031366670419524 -0.053055475005883736 0.023923209716973523 -0.050107576633103737 0.038726853534354518
leaf_weight=104.04899957531597 3.7620348036289242 10.353779427241534 1.1383887582924215 2.9677978372201324 2.5650722117861724 1.212665490806103 0.87665381655097085 2.5492830802686512 1.5243879377376286 2.010378260863944 0.27600372582674015 0.89198808930814255 2.6580215087160468 2.4211609084159127 4.5394121985882512 1.5161608643829843 4.2302084553521109 1.4262176142074161 1.3760685473680485 3.5011414019390941 2.0200623720884323 1.7213982008397581 0.84094952745363016 1.5854730717837799 6.6127222683280706 1.0100117884576318 0.63814066629856814 1.2123080722521988 3.3090444933623075 1.9316786016570393
leaf_count=1038 32 74 20 30 74 10 12 48 42 51 2 11 28 23 73 7 48 14 6 42 44 14 11 9 32 7 5 20 21 36
internal_value=-1.8431e-05 0.00647768 0.0286831 0.00275972 -0.00267851 0.0137411 -0.0141578 -0.00653103 0.0174545 -0.0011873 -0.00166576 -0.0332348 -0.0499858 -0.00082664 -0.00144128 -0.000601751 0.00958653 0.0215286 0.0333468 -0.00599035 0.0144625 -0.0112965 -0.00290582 -0.00166764 0.0424075 0.00693868 0.0154443 -0.0267389 -0.0349988 -0.00245147
internal_weight=176.728 26.9501 7.86822 4.10619 19.0818 7.85141 11.2304 5.28634 2.73705 149.778 147.767 3.82601 2.93403 143.941 141.52 136.981 25.2644 14.3007 10.515 10.9637 5.5212 3.78576 111.716 107.566 9.13889 2.52617 2.35954 5.44252 4.14999 105.981
internal_count=1884 342 82 50 260 174 86 100 52 1542 1491 41 30 1450 1427 1354 239 85 52 154 86 33 1115 1083 46 14 19 68 32 1074
is_linear=0
shrinkage=0.05


Tree=164
num_leaves=31
num_cat=0
split_feature=20 46 20 33 25 19 35 78 14 69 71 36 12 76 79 6 15 40 35 21 21 6 22 20 15 74 8 13 56 13
split_gain=0.525983 0.950858 0.849551 0.722131 0.745496 1.52622 1.03668 1.22436 1.04183 0.974044 1.47842 1.05082 1.45949 1.33197 1.24282 1.35077 0.90295 0.877448 0.858258 0.869058 1.73892 1.62965 1.51159 1.42626 1.90333 1.70428 1.71718 2.97459 2.47776 2.40317
threshold=0.05829999968409539 0.0014499999815598132 0.028250000439584259 0.19695000350475314 0.0079499999992549437 0.0017499999958090486 0.0030500000575557355 0.0044977304060012111 0.016999999992549423 0.0017499999958090486 0.044700000435113914 1.0000000180025095e-35 0.0011500000255182388 0.47577980160713201 0.9849398434162141 0.18280000239610675 0.0048500001430511483 0.0028499999316409235 0.0027499999850988392 0.0055499998852610597 0.011149999685585501 0.0067499999422580012 0.011700000148266556 1.0000000180025095e-35 0.010800000280141832 0.0012500000302679839 0.0020500000100582842 0.00335000001359731 0.0017499999958090486 0.0015499999863095584
decision_type=2 2 2 2 2 2 2 2 2 2 2 2 2 2 2 2 2 2 2 2 2 2 2 2 2 2 2 2 2 2
left_child=2 -2 3 4 6 -6 7 8 18 11 -11 14 -13 -14 15 -7 -15 -9 19 22 21 -21 23 24 25 26 27 29 -28 -1
right_child=1 -3 -4 -5 5 9 -8 17 -10 10 -12 12 13 16 -16 -17 -18 -19 -20 20 -22 -23 -24 -25 -26 -27 28 -29 -30 -31
leaf_value=-0.0035594435899073736 -0.042688995569118787 0.055716309777471711 -0.051005769595635124 0.048387839023096471 -0.040486105765570497 0.036513298288822382 -0.036867910787751403 0.045915566012360999 0.028266616898415826 -0.043474705004375974 0.040008676867102064 0.03805916860425175 -0.029187966889133162 0.053793589598476133 -0.054562389844445336 -0.02737037944544396 -0.0044264472019481518 -0.049263476835190945 0.050067809656622754 0.01151572794297279 0.001939053325558225 -0.037523264925825112 0.039132956905823163 0.021025523638122819 -0.054449633989867477 -0.028471829189691253 0.0052978553899740433 -0.022822345345647161 0.044583901583343716 0.022914354601238782
leaf_weight=35.809065113542601 0.32594983116723486 0.99435958219692111 0.82072904333472152 0.76716114312875916 3.2057768569793579 4.5867865930777105 1.7757665601093311 2.2885819381335746 3.408837459224741 2.8087360053323205 0.65375402476638544 1.5195216462016095 6.0839480835711566 0.84946524351835284 0.53818393358960737 1.0095788348698986 3.0831411031540483 0.27079912787303317 0.8606262132525434 2.2338711852207798 14.871043434832243 7.0118620516732335 2.647790379356592 8.1728456700220686 1.6193555924110103 4.9390443940646938 31.018565779551864 14.950027591781689 4.6099811028689137 11.270092203514649
leaf_count=190 8 11 10 17 87 57 52 89 85 73 10 14 122 8 13 41 59 6 7 12 191 91 14 67 29 49 250 130 33 59
internal_value=-1.6739e-05 0.0314226 -0.000255733 -1.47808e-05 -0.000230546 -0.00833887 0.00110507 0.00156698 0.000955289 -0.00346232 -0.0277122 0.00128935 -0.00760206 -0.0145289 0.0180097 0.0249887 0.00814941 0.035845 0.000290357 -1.7503e-05 -0.00864741 -0.0256749 0.0017917 0.000911976 -0.00066537 0.000183544 0.00163279 -0.00339208 0.0103811 0.00277801
internal_weight=175.005 1.32031 173.685 172.864 172.097 24.3389 147.758 145.982 143.423 21.1331 3.46249 17.6706 11.5361 10.0166 6.13455 5.59637 3.93261 2.55938 140.014 139.154 24.1168 9.24573 115.037 112.389 104.216 102.597 97.6577 62.0292 35.6285 47.0792
internal_count=1884 19 1865 1855 1838 484 1354 1302 1207 397 83 314 203 189 111 98 67 95 1122 1115 294 103 821 807 740 711 662 379 283 249
is_linear=0
shrinkage=0.05


Tree=165
num_leaves=31
num_cat=0
split_feature=15 68 25 19 25 17 68 76 54 37 29 22 12 20 14 79 3 71 33 26 56 12 50 74 74 74 4 55 46 27
split_gain=0.515973 0.664773 0.730692 1.37978 1.1305 1.51636 1.51447 1.48143 1.06495 1.26962 0.955671 0.858729 0.799415 0.777938 1.50323 2.43101 1.43364 1.4201 1.18507 1.51563 1.17524 1.22171 1.47164 1.05699 1.3245 1.4157 2.6164 1.48503 1.12921 1.58017
threshold=0.53134998679161083 0.00045000000682193791 0.0090499999932944792 0.0016499999910593035 0.016449999995529655 0.0017499999958090486 1.0000000180025095e-35 0.47577980160713201 0.0010500000207684936 0.0028499999316409235 0.0070500001311302194 0.13255000114440921 0.21500000357627871 1.0000000180025095e-35 1.0000000180025095e-35 0.53719630837440502 0.0018500000005587938 0.027999999932944778 0.023000000044703487 0.0024500000290572648 0.01879999972879887 0.0014499999815598132 0.011450000107288362 0.084900002926588072 0.0012500000302679839 0.0075999998953193435 0.0011500000255182388 0.0018500000005587938 0.0014499999815598132 0.0060499999672174462
decision_type=2 2 2 2 2 2 2 2 2 2 2 2 2 2 2 2 2 2 2 2 2 2 2 2 2 2 2 2 2 2
left_child=1 2 11 -4 6 -6 12 8 -7 10 -10 13 -5 17 15 16 -15 23 19 20 21 -16 -23 24 28 27 -27 -26 29 -1
right_child=-2 -3 3 4 5 7 -8 -9 9 -11 -12 -13 -14 14 18 -17 -18 -19 -20 -21 -22 22 -24 -25 25 26 -28 -29 -30 -31
leaf_value=0.0010355054007710333 -0.051518279460668143 0.024839542324193761 -0.041692884482980391 -0.04502372101006237 0.028386854108122989 -0.046983032497688509 0.039424041148338584 0.016163010074921255 0.044542395619486197 -0.053397950221271334 -0.029100616041677227 0.045326977292923794 0.025062291394331682 0.047763951005248079 0.025767061386399826 0.052704452867886054 -0.038218429469030785 -0.051974023415210957 -0.037548624576371661 0.036545167674686477 0.050262559674963771 -0.054868203731292135 0.016276356270777365 0.058330101373897082 -0.045247253010070522 -0.049991265200909477 0.041196647426644181 0.016012814408177669 0.029187768924909291 -0.037295118683603141
leaf_weight=114.15263740881346 0.48498556111007829 2.6791095186490557 2.7948083127848831 3.5786918993108001 4.197148445993661 2.6794317250605655 0.77088883286342014 3.8075505243614316 1.28686796175316 0.86545062682125706 0.66985432663932432 1.0831326604820777 0.45905482862144698 0.7010917067527801 1.1829252021852861 4.1272162590175867 1.5714207673445342 1.3332276628352691 1.8312426130287338 2.8288654519128613 0.72923577204346646 2.3825690269004558 1.045983680989593 0.7692230527754863 4.8687586784362775 1.2469027470797303 2.1310090203769505 1.2415524804964659 3.4424931888934216 2.7536225887015453
leaf_count=846 21 89 78 72 52 72 5 74 13 28 21 13 8 4 10 27 16 36 26 50 7 32 10 5 69 13 19 19 106 43
internal_value=-1.77199e-05 0.000126479 -0.000261768 -0.00896941 -0.0039759 0.00343626 -0.0247949 -0.00781302 -0.0244064 -0.00297157 0.0193318 0.000968403 -0.0370556 0.00064451 0.0109145 0.0298376 -0.011692 -0.000632091 -0.0011947 0.00695417 -0.00871957 -0.0180467 -0.0331634 -0.000107992 -0.000454211 -0.0184398 0.00753607 -0.0327998 0.000963763 0.000132662
internal_weight=173.697 173.212 170.533 21.1097 18.3149 13.5063 4.80864 9.30916 5.5016 2.82217 1.95672 149.423 4.03775 148.34 16.4006 6.39973 2.27251 131.939 10.0008 8.16958 5.34071 4.61148 3.42855 130.606 129.837 9.48822 3.37791 6.11031 120.349 116.906
internal_count=1884 1863 1774 423 345 260 85 208 134 62 34 1351 80 1338 182 47 20 1156 135 109 59 52 42 1120 1115 120 32 88 995 889
is_linear=0
shrinkage=0.05


Tree=166
num_leaves=31
num_cat=0
split_feature=25 43 43 31 44 52 73 30 12 68 35 65 69 2 50 78 78 7 29 71 57 76 70 29 2 9 2 29 47 19
split_gain=0.50347 1.15219 0.747257 0.90714 0.672588 0.96954 0.653807 0.651702 1.01827 0.861941 0.980673 0.755094 0.93652 0.920634 0.94099 0.842498 1.13024 0.971093 0.93035 1.61298 1.27622 1.38359 1.11725 0.96705 1.53949 1.29877 1.18032 1.03773 0.990476 2.409
threshold=0.070150002837181105 0.0031500000040978198 0.0059500001370906839 0.0012500000302679839 0.0090499999932944792 1.0000000180025095e-35 0.041450001299381263 0.010250000283122064 0.025750000029802326 0.00045000000682193791 0.00335000001359731 0.032949998974800117 0.018050000071525577 0.15340000391006473 0.1058499999344349 0.0038964110426604752 0.002548185759223998 0.0028499999316409235 0.021049999631941322 0.0023500000825151805 0.0012500000302679839 0.4685861617326737 0.0049499999731779107 0.015950000844895843 0.11589999869465829 0.0010500000207684936 0.10520000010728837 0.014849999919533731 0.002650000038556755 0.0017499999958090486
decision_type=2 2 2 2 2 2 2 2 2 2 2 2 2 2 2 2 2 2 2 2 2 2 2 2 2 2 2 2 2 2
left_child=6 4 -3 -4 -2 -6 7 9 -9 10 11 12 13 14 15 16 18 -18 23 20 -20 -22 -21 24 26 -25 27 28 -1 -30
right_child=1 2 3 -5 5 -7 -8 8 -10 -11 -12 -13 -14 -15 -16 -17 17 -19 19 22 21 -23 -24 25 -26 -27 -28 -29 29 -31
leaf_value=0.0013686752131866983 -0.051581863473680614 0.046750540312308159 -0.043031080106359976 0.052335414789675655 0.051536118523069135 -0.035464825894923328 0.032563554024898536 -0.049970912445617528 0.016378485668457288 0.037135770488569642 -0.036862418720103339 0.060587070686055892 -0.040967358760023741 0.04544286139169889 -0.036708277108195395 0.025285374382465184 -0.047402920395361765 0.052644275637637121 0.044637704826435254 -0.052275260260705947 -0.050997356810955241 0.053891414187774878 0.02868347718280552 0.046851316412425514 0.053042736246398041 -0.046157021378848098 -0.053028035536990051 0.056269698622578981 -0.044784274468102958 0.0020280065292502996
leaf_weight=123.26510586391669 1.9881759406998747 0.96169146522879634 0.78985746367834486 0.36439764872193336 0.47761977708432801 0.971751619130373 1.5722509513143439 1.5547955064103001 0.92069289542268951 1.5945336076547381 1.7659423267468799 0.52293662587180634 1.3560995525913302 1.1445140914292995 1.686746725346892 3.4461881106253704 1.9580652290023857 0.27683575125411142 4.2821680170018217 1.1645828257314859 0.8312089310493318 0.50567627116106451 0.67208696156740177 0.45351879019290153 1.3789242580533017 2.1774595088791102 1.0434720618650306 0.82471189275383849 4.1052402732893816 8.3141707449685764
leaf_count=1003 82 13 18 7 7 34 45 39 22 60 63 3 22 31 21 73 37 10 54 24 8 9 7 5 9 33 9 6 43 87
internal_value=-2.00726e-05 -0.0148303 0.0141979 -0.0129239 -0.0326984 -0.0067949 0.000472972 0.000167642 -0.025294 0.000554875 0.000192975 0.000603475 0.000406053 0.000762216 0.00043522 0.000840209 0.000283245 -0.0350101 0.000812557 0.0180274 0.0313235 -0.0113232 -0.0226503 -9.41017e-05 0.000474592 -0.0301246 -5.23879e-05 0.000352556 1.2683e-05 -0.0134458
internal_weight=172.371 5.55349 2.11595 1.15426 3.43755 1.44937 166.818 165.246 2.47549 162.77 161.176 159.41 158.887 157.531 156.386 154.699 151.253 2.2349 149.018 7.45572 5.61905 1.33689 1.83667 141.563 138.932 2.63098 137.553 136.509 135.685 12.4194
internal_count=1884 161 38 25 123 41 1723 1678 61 1617 1557 1494 1491 1469 1438 1417 1344 47 1297 102 71 17 31 1195 1157 38 1148 1139 1133 130
is_linear=0
shrinkage=0.05


Tree=167
num_leaves=31
num_cat=0
split_feature=5 19 17 2 9 14 77 6 11 6 55 41 6 44 30 59 50 50 0 11 33 42 29 40 51 25 61 46 42 13
split_gain=0.512814 2.35558 2.46755 2.58933 2.28906 2.01828 2.34695 2.09756 1.8437 1.67179 1.30238 1.80946 1.38362 1.65235 1.28852 1.1839 1.95109 1.66441 1.51825 1.24682 1.14601 1.14731 2.3035 1.49986 1.32108 1.22774 1.13359 1.2294 1.5287 1.20101
threshold=1.0000000180025095e-35 0.0012500000302679839 0.0018500000005587938 0.0038499999791383748 0.0017499999958090486 0.0013499999768100681 0.014802206307649614 0.0019500000635161998 0.034799998626112945 0.0079499999992549437 0.0017499999958090486 0.0013499999768100681 0.0013499999768100681 0.0012500000302679839 0.0012500000302679839 0.0037500000325962905 0.021500000730156902 0.076249998062849059 0.0018500000005587938 0.0040500001050531873 0.050700001418590553 0.0018500000005587938 0.0010500000207684936 0.0010500000207684936 0.0023000000510364775 0.0082499999552965182 0.0017499999958090486 0.003249999950639904 0.0011500000255182388 0.028749999590218071
decision_type=2 2 2 2 2 2 2 2 2 2 2 2 2 2 2 2 2 2 2 2 2 2 2 2 2 2 2 2 2 2
left_child=10 2 -2 4 -4 6 -3 14 -5 -8 20 12 13 -12 -7 16 18 -17 19 -9 21 23 25 26 -25 -23 27 28 29 -1
right_child=1 5 3 8 -6 7 9 15 -10 -11 11 -13 -14 -15 -16 17 -18 -19 -20 -21 -22 22 -24 24 -26 -27 -28 -29 -30 -31
leaf_value=-0.0026167172594044399 0.053260503899509162 -0.039492663808240527 -0.030718828511124476 0.053126860406802118 0.042750716525156045 0.056496402170466323 0.0256045161964801 0.048944847698516793 -0.017551809321975968 -0.031242629736717105 -0.053287478562497971 -0.036316987682138258 0.048380950651041012 0.03570408880563572 -0.033353839846133361 0.040200604857891488 0.032706735505229505 -0.040377030199761889 0.031335160145096429 -0.020557588762103406 -0.033475401371330697 0.0534432392321956 -0.016215771642746186 -0.028952475600227956 0.053602302720202513 -0.010342964132723335 -0.048487671322207049 0.056568453801937861 -0.050370083151505332 0.019683505651953523
leaf_weight=80.971823703846894 4.2142655360512427 6.614046299364416 4.6135359785985184 3.6437615333124995 1.3765078531578181 2.7163097895681889 3.500021846499294 0.67696222011000884 1.2355575729161499 2.0513052735477686 0.90370076568797175 1.2331689882557837 3.7926357269752771 1.2336820550262926 0.46772571885958303 3.2841506137046954 2.8852106929989523 0.79625422356184561 1.8045954228145991 13.784520070301367 3.0416999410372219 3.4764843268785617 3.1666206747759134 7.9461334480438364 0.51607574149966229 0.963446654845029 1.2880617438349862 0.91018403158523042 1.5935325673781324 6.5241465340368441
leaf_count=644 25 59 17 19 10 90 37 4 8 32 13 24 33 18 8 46 44 15 57 186 57 24 75 185 5 22 19 31 25 52
internal_value=-2.12328e-05 0.00402875 0.0207824 0.00818996 -0.0138356 -0.00252123 -0.0193729 0.00523954 0.0352294 0.00459858 -0.00186998 0.0187902 0.03025 -0.00192218 0.0432977 2.34545e-05 -0.00518657 0.0244766 -0.0119079 -0.0173041 -0.00321051 -0.00235303 0.0163649 -0.00378039 -0.0239178 0.0396019 -0.00191369 -0.00124713 -0.0018378 -0.000953899
internal_weight=171.226 53.6647 15.0836 10.8694 5.99004 38.5811 12.1654 26.4157 4.87932 5.55133 117.561 7.16319 5.93002 2.13738 3.18404 23.2317 19.1513 4.0804 16.2661 14.4615 110.398 107.357 7.60655 99.75 8.46221 4.43993 91.2877 89.9997 89.0895 87.496
internal_count=1884 657 79 54 27 578 128 450 27 69 1227 88 64 31 98 352 291 61 247 190 1139 1082 121 961 190 46 771 752 721 696
is_linear=0
shrinkage=0.05


Tree=168
num_leaves=31
num_cat=0
split_feature=48 75 75 56 48 24 48 4 24 24 69 65 62 79 77 35 4 6 9 5 25 3 77 36 64 64 79 3 2 12
split_gain=0.50525 0.631188 0.885694 0.868978 0.933411 0.758456 0.830866 0.758712 1.7389 1.59823 1.8444 1.61257 1.62822 1.6784 2.27631 1.56496 1.91507 1.32877 1.3559 1.17252 1.13713 1.10695 1.08306 1.05944 2.57731 2.95908 1.95806 2.20459 2.21069 3.99357
threshold=0.018150000832974914 0.0024500000290572648 0.0015499999863095584 1.0000000180025095e-35 0.0020500000100582842 0.0055499998852610597 0.00074999997741542767 0.0093499999493360537 0.0017499999958090486 1.0000000180025095e-35 0.0010500000207684936 0.0040500001050531873 0.0020500000100582842 0.98639681935310375 0.006841538706794382 0.0016499999910593035 0.019849999807775024 0.0088499998673796671 0.0013499999768100681 0.0010500000207684936 0.0098500000312924402 0.071750000119209303 0.0025491549167782073 1.0000000180025095e-35 0.0010500000207684936 0.0011500000255182388 0.51554068922996532 0.0015499999863095584 1.0000000180025095e-35 0.0011500000255182388
decision_type=2 2 2 2 2 2 2 2 2 2 2 2 2 2 2 2 2 2 2 2 2 2 2 2 2 2 2 2 2 2
left_child=1 2 5 -4 -5 7 -7 23 9 11 21 12 13 14 17 16 -15 -9 -19 -18 -10 -11 -12 24 26 -26 -1 28 29 -28
right_child=-2 -3 3 4 -6 6 -8 8 20 10 22 -13 -14 15 -16 -17 19 18 -20 -21 -22 -23 -24 -25 25 -27 27 -29 -30 -31
leaf_value=-0.016730253805462478 0.034547281989989985 -0.027727201037883193 0.048664989431174421 -0.054539217679704599 0.052586950374941349 -0.064123900582786983 0.021540484700291157 0.060364359680678818 0.053149005773184377 -0.054348606337381068 0.059876429137671577 -0.028499864263656888 0.055383743580425797 -0.05536972570453616 0.0045707395791921221 0.051316263862816285 -0.020251619442823703 0.056832830924063729 -0.05201809694947486 0.054146795687543325 0.0031991301636717356 0.01519376342626326 -0.010143969282208547 -0.0070732020315497374 0.1383564975762385 0.020951596697842547 0.037887776615148749 0.01143926822756763 -0.027928928107021113 -0.052763213972277727
leaf_weight=13.628218748257494 1.0506470270920534 2.0620445590466252 1.7865415589185425 0.52006241492927063 0.33388543524779379 0.92524967878125497 0.40781399747356772 3.5019454285502567 2.9831451509380704 3.2125188154168423 0.82655224949121509 2.8662650660844511 1.9156014532782126 2.6518406542018047 13.703991554328239 0.7437649480998515 1.4378457609564068 0.53320879302918889 0.61730128480121493 0.83836383000016201 1.8435603044927118 0.69624422397464503 1.6641823842655865 55.935621213284321 0.68357813358306829 2.4976440519094467 4.217394574545323 35.127235788735561 8.591106500476597 1.7065723268315194
leaf_count=83 23 37 19 9 6 9 14 17 44 36 4 62 14 14 225 6 10 3 7 6 28 12 37 655 2 19 19 362 75 27
internal_value=-1.83721e-05 -0.000233951 0.000106753 0.0288341 -0.0126539 -0.00035646 -0.0379172 -4.81868e-05 0.00592664 0.00206852 -0.0205341 0.00708916 0.011021 0.00748429 0.0148298 -0.016289 -0.0264924 0.0450484 -0.00157067 0.00715049 0.0340706 -0.0419614 0.0130924 -0.00200272 0.00226535 0.0461795 5.73629e-05 0.00466604 -0.0117255 0.0117731
internal_weight=169.51 168.459 166.397 2.64049 0.853948 163.757 1.33306 162.424 40.0363 35.2096 6.3995 28.8101 25.9439 24.0283 18.3564 5.67182 4.92805 4.65246 1.15051 2.27621 4.82671 3.90876 2.49073 122.387 66.4518 3.18122 63.2705 49.6423 14.5151 5.92397
internal_count=1884 1861 1824 34 15 1790 23 1767 525 453 89 364 302 288 252 36 30 27 10 16 72 48 41 1242 587 21 566 483 121 46
is_linear=0
shrinkage=0.05


Tree=169
num_leaves=31
num_cat=0
split_feature=5 5 6 37 17 5 16 78 48 52 34 39 36 3 54 10 41 36 4 13 3 33 78 9 65 77 5 24 8 2
split_gain=0.489665 1.95328 2.04205 1.56541 2.33291 1.31866 1.2879 0.858125 0.877421 1.66718 2.0029 1.65004 1.63922 3.11982 2.00907 2.65017 2.14625 1.71945 1.597 2.8617 1.81057 2.21827 2.0232 1.85464 1.76799 2.0623 2.12511 1.49694 1.42237 2.77009
threshold=0.0024500000290572648 0.0035500000230968003 0.00335000001359731 0.0043500000610947618 0.036949999630451209 0.0042499999981373557 0.002549999975599349 0.016879879869520668 1.0000000180025095e-35 0.0016499999910593035 1.0000000180025095e-35 0.0013499999768100681 0.0035500000230968003 0.0016499999910593035 0.0010500000207684936 0.0023500000825151805 0.0015499999863095584 0.0067499999422580012 0.0015499999863095584 0.011649999767541887 0.0014499999815598132 0.0062500000931322583 0.00059988501016050588 0.0011500000255182388 0.0044499998912215242 0.1105298548936844 0.0018500000005587938 0.0018500000005587938 0.00335000001359731 0.0064499999862164268
decision_type=2 2 2 2 2 2 2 2 2 2 2 2 2 2 2 2 2 2 2 2 2 2 2 2 2 2 2 2 2 2
left_child=7 2 -2 -4 -5 6 -3 8 9 11 -11 12 14 -14 16 -16 27 -15 19 24 -21 22 -22 -24 25 26 -10 28 29 -1
right_child=1 5 3 4 -6 -7 -8 -9 18 10 -12 -13 13 17 15 -17 -18 -19 -20 20 21 -23 23 -25 -26 -27 -28 -29 -30 -31
leaf_value=-0.003479769162498546 0.055761948158337307 -0.042767248385176697 -0.0510414727223708 0.052846491280472446 -0.044998907452052345 0.004168534416218006 0.04390040426945252 0.032684401062065764 -0.055049835131326545 0.051280309285207805 -0.0146375597192136 0.04421328548160533 0.11352689179830494 0.033673405700208922 0.0379376225634762 -0.051515709905488039 -0.039001566047300186 -0.057513691744780875 -0.0011421536494897958 0.061243519074230861 -0.05232963505826034 0.055147973565988252 0.061214376980210809 -0.02078549431314913 0.055994456592634856 0.013492030551847965 0.058935973100245433 0.060500862900992818 0.018697451680611165 -0.04778645524258418
leaf_weight=32.592654263367876 3.4990638946183052 2.9597386859823049 0.9951829437632117 1.9265679088421168 0.89091053418815125 14.349938377737997 0.50124893803149451 1.8499437090940762 8.0816812741104478 3.5276003822218618 1.7114608106203375 2.0662329692859194 0.882136851549148 1.5388569110073151 5.1581399308051905 0.98630259465426195 4.6675258474424473 0.7784939371049403 58.352545167086646 1.2015326879918564 2.4900673412485048 1.2349839210510252 1.0758452117443087 1.9205247067147864 0.50772838992998082 1.5459673181176192 0.43069513142108995 0.89996589720249076 5.6421831101179114 3.9559119066689155
leaf_count=259 32 24 20 20 10 222 14 51 162 24 38 21 2 16 52 5 51 8 656 5 33 13 4 26 5 24 2 4 42 39
internal_value=-1.83026e-05 0.00641989 0.0281796 0.00286591 0.0219069 -0.00251288 -0.0302153 -0.0011486 -0.00159171 0.00271267 0.0297467 0.000318947 -0.00126936 0.0335025 -0.00333331 0.0235786 -0.00679572 0.00303989 -0.00519959 -0.0180051 0.00471122 -0.00539459 -0.0190226 0.00865652 -0.0350389 -0.0396341 -0.0492826 -0.00330723 -0.00466831 -0.0082754
internal_weight=168.222 25.1227 7.31173 3.81266 2.81748 17.8109 3.46099 143.099 141.249 64.4075 5.23906 59.1684 57.1022 3.19949 53.9027 6.14444 47.7582 2.31735 76.8416 18.489 7.92295 6.72142 5.48644 2.99637 10.5661 10.0583 8.51238 43.0907 42.1907 36.5486
internal_count=1884 342 82 50 30 260 38 1542 1491 561 62 499 478 26 452 57 395 24 930 274 81 76 63 30 193 188 164 344 340 298
is_linear=0
shrinkage=0.05


Tree=170
num_leaves=31
num_cat=0
split_feature=15 51 45 26 2 8 25 24 8 42 65 22 8 6 2 2 47 8 11 41 8 26 77 73 21 3 17 17 13 8
split_gain=0.484842 0.597664 0.674342 0.892118 0.864362 0.863611 0.817233 1.55311 1.02443 1.18167 1.10353 1.94005 1.4501 1.94888 1.3827 1.67806 1.62328 1.62306 1.54122 1.34827 1.34074 2.01845 1.71814 1.29784 1.23317 1.19437 1.15716 1.47344 1.37879 2.1036
threshold=0.53134998679161083 0.0018500000005587938 0.0072500000242143878 0.071899998933076872 0.14469999819993976 0.41320000588893896 0.053500000387430198 0.0020500000100582842 0.059500001370906837 1.0000000180025095e-35 0.0042499999981373557 0.018550000153481964 0.0022500000195577745 0.0023500000825151805 0.030799999833106998 0.023049999959766868 0.0015499999863095584 0.043749999254941947 0.012850000057369472 0.0037500000325962905 0.017350000329315666 0.0046500000171363362 0.016099208034574989 0.0031500000040978198 0.091449998319149031 0.040000000968575485 0.026899999938905243 0.076899997889995589 0.0098500000312924402 0.0043500000610947618
decision_type=2 2 2 2 2 2 2 2 2 2 2 2 2 2 2 2 2 2 2 2 2 2 2 2 2 2 2 2 2 2
left_child=1 2 4 5 6 -4 8 -8 10 -10 11 14 13 -12 15 17 23 20 -17 -20 26 -22 -23 -16 -13 -15 28 -28 -1 -30
right_child=-2 -3 3 -5 -6 -7 7 -9 9 -11 12 24 -14 25 16 18 -18 -19 19 -21 21 22 -24 -25 -26 -27 27 -29 29 -31
leaf_value=0.00065458728266043487 -0.051446938581662896 0.028436112205448963 -0.035611261477060625 0.015952503928884372 0.033721942384426329 0.016871860813220757 -0.032227654095868419 0.02911693056511255 0.026484657367008824 -0.03647837903360656 0.054089275014588468 0.04426173873212403 -0.051971272979994113 -0.054348044750611939 -0.032328539504863522 -0.057446325906151521 0.020862807896723776 -0.053352637077468436 0.052116146360794716 -0.017221762453082868 0.036648369007021279 -0.054444534244727519 0.051625427375578806 -0.0012332364371916643 -0.034459578235239111 0.010044386843258275 0.044244923175378578 -0.023172467333741301 -0.033157697037062055 0.012532280954855791
leaf_weight=85.491379148093984 0.45705044583883037 1.8430334615986783 4.2114362688735119 1.6949268152238799 1.9307370372116555 0.96306931681465346 4.5281218719901508 1.3362770751118658 6.3866417470853767 0.84362034825608123 1.1073236712254577 3.7398526368197045 2.3251515250885859 1.5242176018655302 8.7957910799887049 0.45728651853278179 2.8525212665554127 1.3865850069560099 3.6680883520748466 0.86675789579749096 5.5660672900266936 1.3135271337814627 0.53821607562713314 5.4254458663053802 0.57381124654784788 1.3650550785241646 2.9480648585595182 1.1177324263844637 7.5479212900390831 3.7812098138965666
leaf_count=729 21 43 65 27 55 10 140 17 73 19 11 39 43 26 92 6 32 23 33 13 47 13 13 79 14 20 40 23 77 41
internal_value=-1.99164e-05 0.000121568 -0.000196076 -0.0155308 0.000473104 -0.0258432 6.02405e-05 -0.0182495 0.000777886 0.0191382 -0.000154398 0.00079436 -0.0205756 -0.00231016 -0.000285908 0.00169044 -0.0135608 0.000400161 0.0300413 0.0388634 0.00108834 0.0216046 -0.0236149 -0.0204656 0.0337901 -0.0239254 -0.000420143 0.0257111 -0.00151748 -0.0179082
internal_weight=166.587 166.13 164.287 6.86943 157.417 5.17451 155.487 5.8644 149.622 7.23026 142.392 136.07 6.32175 3.9966 131.757 114.683 17.0738 109.691 4.99213 4.53485 108.304 7.41781 1.85174 14.2212 4.31366 2.88927 100.886 4.0658 96.8205 11.3291
internal_count=1884 1863 1820 102 1718 75 1663 157 1506 92 1414 1314 100 57 1261 1058 203 1006 52 46 983 73 26 171 53 46 910 63 847 118
is_linear=0
shrinkage=0.05


Tree=171
num_leaves=31
num_cat=0
split_feature=1 19 66 72 70 66 14 12 76 76 76 76 76 76 3 3 19 19 22 27 9 16 25 78 73 15 39 4 19 79
split_gain=0.480241 0.489143 0.477071 0.99751 0.972446 0.829034 1.54014 0.925532 0.795453 3.08852 2.61082 1.19485 3.24437 1.61122 2.352 2.0438 2.66269 1.83915 2.97763 2.42423 3.07835 2.49434 2.31587 2.26714 2.25117 2.0013 1.83033 1.75534 1.73841 4.37442
threshold=1.0000000180025095e-35 0.19060000032186511 0.0063000000081956395 0.0014499999815598132 0.0060499999672174462 0.0010500000207684936 0.0036499999696388845 0.1212499998509884 0.0024492300581187014 1.0000000180025095e-35 0.0049499999731779107 0.0076787946745753297 0.011601181235164406 0.020456618629395965 0.0018500000005587938 0.0011500000255182388 0.002650000038556755 0.0012500000302679839 0.0014499999815598132 0.0010500000207684936 0.0074499999172985562 0.0014499999815598132 0.0067499999422580012 0.00039996500709094113 0.0029499999945983295 0.0024500000290572648 0.0013499999768100681 0.0073500000871717939 0.0016499999910593035 0.91930931806564342
decision_type=2 2 2 2 2 2 2 2 2 2 2 2 2 2 2 2 2 2 2 2 2 2 2 2 2 2 2 2 2 2
left_child=2 -2 3 5 -4 8 -7 -8 9 -1 -10 -12 -13 -14 15 16 -15 18 19 21 24 22 23 25 -21 -16 -20 -25 29 -19
right_child=1 -3 4 -5 -6 6 7 -9 10 -11 11 12 13 14 17 -17 -18 28 26 20 -22 -23 -24 27 -26 -27 -28 -29 -30 -31
leaf_value=-0.0090069514411733314 0.043402343427250877 -0.04162458513545144 0.0016638923107080172 -0.051406356346054442 0.053878854769410373 -0.044123538412036228 0.030758878040639322 -0.03991961730120272 -0.040029045015458259 0.050555407624807383 0.028405585016976483 -0.04136859007840258 0.020419377329576743 -0.033719522722565967 0.04756247978640378 -0.042979007942638064 0.042889471820188908 0.034536807495127962 -0.048111701267188105 -0.05409145708154596 0.06058151101334195 -0.030962680430228581 -0.053320997920709545 -0.041420443171883418 0.042912274125213146 -0.022431374265753406 0.038290221386271465 0.045794747073725162 0.00025285677104590484 -0.048575339885395905
leaf_weight=5.4914635941386205 1.0966894206940185 0.19999182946048666 3.3067340241977936 0.96461071923840691 1.2209288757294414 2.9155503646470597 1.6344253409188243 0.6463636984117328 4.0887319073081008 3.6053460165858269 3.7348031825385979 4.636419146321713 10.058404969982801 2.446402268484233 14.205561952665464 5.7747114901430905 2.114647850394249 2.2227760335663325 2.8652357244864102 2.9907228648662563 1.0965212825685737 1.7379190733190615 0.76809987053275008 1.5553854559548193 0.74760639900341619 1.1003536861389864 0.77975556440651406 0.91708796564489592 74.848451828875113 5.5020663295872509
leaf_count=13 83 8 79 81 11 64 32 17 32 13 29 36 56 34 72 56 12 16 38 35 6 11 8 18 6 10 5 10 949 44
internal_value=-2.07361e-05 0.0302883 -0.000260411 -0.000714871 0.0157442 -0.000406339 -0.0200476 0.010729 0.00025948 0.0145994 -0.000645205 0.000504164 -0.00025999 0.00118687 -0.000403035 -0.0232191 0.00179884 0.00171504 0.0126031 0.0187312 -0.0130846 0.0263146 0.0316818 0.0353543 -0.0346923 0.0425306 -0.0296282 -0.00907065 -0.00207781 -0.0246603
internal_weight=165.274 1.29668 163.977 159.449 4.52766 158.485 5.19634 2.28079 153.288 9.09681 144.192 140.103 136.368 131.732 121.673 10.3358 4.56105 111.338 28.7642 25.1193 4.83485 20.2844 18.5465 17.7784 3.73833 15.3059 3.64499 2.47247 82.5733 7.72484
internal_count=1884 91 1793 1703 90 1622 113 49 1509 26 1483 1451 1422 1386 1330 102 46 1228 219 176 47 129 118 110 41 82 43 28 1009 60
is_linear=0
shrinkage=0.05


Tree=172
num_leaves=31
num_cat=0
split_feature=5 5 6 37 17 37 6 5 17 64 41 79 74 77 37 78 78 64 22 3 64 4 4 9 22 76 2 79 76 17
split_gain=0.466812 1.78024 1.85979 1.44263 2.16392 1.18206 2.29529 1.58913 1.17645 1.10171 1.31386 1.09559 1.0284 0.940552 0.863406 0.824699 0.78289 1.42226 1.22915 1.14189 1.00418 1.03197 1.0902 1.27223 1.6254 2.35259 1.55558 1.42723 2.12037 1.7451
threshold=0.0024500000290572648 0.0035500000230968003 0.00335000001359731 0.0043500000610947618 0.036949999630451209 0.0018500000005587938 0.0041499999351799497 0.020200000144541267 1.0000000180025095e-35 0.002650000038556755 0.0015499999863095584 0.85230326652526867 0.0010500000207684936 0.020643134601414207 0.054250000044703491 0.0020983256399631505 0.016879879869520668 0.002650000038556755 0.010550000239163639 0.0010500000207684936 0.0018500000005587938 0.049799999222159393 0.0093499999493360537 0.0014499999815598132 0.0038499999791383748 0.12041602656245233 0.0099499998614192026 0.91035273671150219 0.042230535298585899 0.0053499999921768912
decision_type=2 2 2 2 2 2 2 2 2 2 2 2 2 2 2 2 2 2 2 2 2 2 2 2 2 2 2 2 2 2
left_child=16 2 -2 -4 -5 7 -7 8 -3 11 -11 -10 13 -8 -14 -15 17 20 19 -19 21 22 -1 24 25 27 -25 -24 -29 -30
right_child=1 5 3 4 -6 6 12 -9 9 10 -12 -13 14 15 -16 -17 -18 18 -20 -21 -22 -23 23 26 -26 -27 -28 28 29 -31
leaf_value=-0.0028203842729197823 0.05467936825808839 0.053267754006750649 -0.05095991706960562 0.052280644790638375 -0.044435931037392261 0.054802195699239359 0.050912592635555878 0.055178380673732111 0.031395110428735384 0.055139155880471004 -0.045230339480070755 -0.03627603266727239 -0.045613247666612448 -0.033946773917056132 0.0312061328515938 0.052063801599508332 0.031603702923219061 0.054089463267503302 0.020793639086366084 -0.059889106594007993 0.032628390917937608 -0.025874901955727333 0.061542779641324277 -0.041319287660665491 0.050351658566638494 -0.018446627419913677 0.0061533432948245627 -0.05476219999361992 0.061017134629466431 0.0045291093994553498
leaf_weight=102.21262270578882 3.3364985037478645 0.53691406641155559 0.9252920362632725 1.8173265820369127 0.84828810114413489 2.284958556527271 1.0918858461081984 0.78982489951886314 0.65458579268306305 0.87835997948423006 0.51852966053411365 6.932295975391753 1.834548994433135 1.0368134151212869 0.45686486759223033 0.38115010468754906 1.801893944852053 0.24166515469551075 0.80972500704228867 2.4226076146587729 2.2160055804997674 4.141588022815994 2.0410698801279121 2.368451667018233 2.9717771448194972 4.8494896198390043 6.3579303584992886 0.96565216407179821 2.1542359739542007 3.7425989601761103
leaf_count=1087 32 4 20 20 10 74 10 12 8 9 7 46 35 20 13 22 51 2 11 28 23 73 9 34 24 66 100 6 9 19
internal_value=-2.40349e-05 0.00636703 0.0278028 0.00283041 0.0215022 -0.00216873 0.0135526 -0.0129737 -0.0186275 -0.0229243 0.0178817 -0.0304375 -0.00607848 0.0160322 -0.0302969 -0.010827 -0.00114004 -0.00156916 -0.0331546 -0.0495506 -0.000750422 -0.00131161 -0.000514743 0.00874476 0.0168196 0.00957396 -0.00673134 0.0248359 0.0139184 0.0251654
internal_weight=163.621 24.3241 6.92741 3.59091 2.66561 17.3967 7.08622 10.3105 9.52069 8.98377 1.39689 7.58688 4.80126 2.50985 2.29141 1.41796 139.297 137.495 3.474 2.66427 134.021 131.805 127.664 25.4512 16.7248 13.753 8.72638 8.90356 6.86249 5.89683
internal_count=1884 342 82 50 30 260 174 86 74 70 16 54 100 52 48 42 1542 1491 41 30 1450 1427 1354 267 133 109 134 43 34 28
is_linear=0
shrinkage=0.05


Tree=173
num_leaves=31
num_cat=0
split_feature=4 4 19 29 4 57 4 4 7 13 7 22 47 25 22 74 77 30 3 3 46 21 65 2 3 3 9 21 71 25
split_gain=0.468592 0.89413 0.875853 0.792876 0.742343 0.885861 0.723679 0.741924 1.00343 0.910779 0.862864 0.720326 0.703964 0.692381 0.902142 1.06324 0.907716 0.81219 1.36676 3.41621 2.16005 2.3478 2.57656 2.23041 2.11412 1.7352 1.62016 1.81173 2.15097 2.22057
threshold=0.13990000635385516 0.049799999222159393 0.010650000069290401 0.0013499999768100681 0.18369999527931216 0.0020500000100582842 0.046900000423192985 0.044250000268220908 0.0024500000290572648 0.064550001174211516 0.0023500000825151805 0.28775000572204595 0.088500000536441817 0.070150002837181105 0.018550000153481964 0.0015499999863095584 0.0018500000005587938 0.0010500000207684936 0.0081500001251697558 0.0098500000312924402 0.0011500000255182388 0.0016499999910593035 0.0010500000207684936 0.0068500000052154073 0.0043500000610947618 0.010750000365078451 0.0019500000635161998 0.0011500000255182388 0.0010500000207684936 1.0000000180025095e-35
decision_type=2 2 2 2 2 2 2 2 2 2 2 2 2 2 2 2 2 2 2 2 2 2 2 2 2 2 2 2 2 2
left_child=1 6 3 -3 -2 -6 7 8 10 -10 12 -4 13 14 17 16 -16 18 20 -20 21 22 26 -24 -25 -21 27 28 29 -1
right_child=4 2 11 -5 5 -7 -8 -9 9 -11 -12 -13 -14 -15 15 -17 -18 -19 19 25 -22 -23 23 24 -26 -27 -28 -29 -30 -31
leaf_value=-0.011052719285402527 0.049014911631670939 0.018490366046629528 0.042649126745509573 -0.042697464189039892 -0.045871817483317881 0.051806416986986875 0.052387892355221878 -0.040029336403486646 0.047546808813987575 -0.024436646563098414 -0.040381200340669318 -0.05213395444764618 -0.0400360851976354 -0.020026688070166748 -0.055383792868007646 -0.028489196318846749 0.029337549841001554 -0.0080627440665259741 0.04089142559731565 -0.036527713993065918 0.044491638817174578 -0.028291746379486751 0.052057526291163662 -0.039104172248717095 0.036864783734177363 0.0058771477987978665 0.016882728687509684 0.037054177530717831 -0.045848689546935856 0.027416364768399721
leaf_weight=33.68692272156477 1.2170883063226932 0.63474916189443265 0.79516625090036519 3.1911234659492038 0.61957626929506648 0.37117639865027741 0.6646626201691096 1.1430905140005041 1.9775708928355009 0.56496716709807504 1.3193384883925308 0.26801289618015289 1.0774904742138449 3.9879319379106155 0.3327417504042377 1.0738625999074427 6.3435126085532829 24.660136464633979 7.0389584712684146 2.609169819392263 2.3834346248768261 8.6357231456786376 4.0616235118359318 1.8622007807716729 1.8019579127430914 31.998091740300879 7.6047163601033381 2.1131506683304897 3.8815658492967477 4.2213684823364011
leaf_count=174 24 13 35 51 23 30 12 12 58 19 10 5 28 131 6 23 84 368 42 20 22 122 26 15 8 368 67 16 44 28
internal_value=-2.08073e-05 -0.000336624 -0.0213897 -0.0325458 0.0228566 -0.00927756 0.00032725 0.000103109 0.000402483 0.0315517 -0.000123072 0.0187556 0.000232504 0.000525086 0.00109303 0.0176876 0.0251151 0.000151236 0.00196142 0.00913849 -0.00229319 -0.00393618 -0.000385352 0.0265406 -0.0017442 0.00268009 -0.00442405 -0.00811473 -0.0103987 -0.0067689
internal_weight=162.141 159.933 4.88905 3.82587 2.20784 0.990753 155.044 154.38 153.236 2.54254 150.694 1.06318 149.375 148.297 144.309 7.75012 6.67625 136.559 111.899 41.6462 70.2527 67.8692 59.2335 7.72578 3.66416 34.6073 51.5077 43.903 41.7899 37.9083
internal_count=1884 1807 104 64 77 53 1703 1691 1679 77 1602 40 1592 1564 1433 113 90 1320 952 430 522 500 378 49 23 388 329 262 246 202
is_linear=0
shrinkage=0.05


Tree=174
num_leaves=31
num_cat=0
split_feature=15 22 46 22 79 29 31 17 16 16 2 11 14 77 17 2 4 25 25 13 47 8 65 64 78 13 6 4 50 2
split_gain=0.456546 1.35276 1.72476 1.33232 1.45384 1.61233 1.31179 1.24579 1.27379 1.57738 1.85379 1.39383 1.76399 1.75517 1.72072 1.49999 1.44777 1.77819 1.98655 3.12327 2.14494 1.72424 3.16196 2.67395 2.23569 1.84203 2.45577 1.79124 2.75219 1.8772
threshold=0.0010500000207684936 0.0013499999768100681 0.0015499999863095584 0.0061500000301748523 0.97666993737220775 0.0022500000195577745 1.0000000180025095e-35 0.025449999608099464 0.0014499999815598132 0.0021499999566003685 0.051750000566244132 0.02439999952912331 0.0031500000040978198 0.0042958101257681855 0.0058500000741332778 0.024750000797212127 0.010950000025331976 0.0022500000195577745 1.0000000180025095e-35 0.0048500001430511483 0.0044499998912215242 0.0010500000207684936 0.0014499999815598132 0.0010500000207684936 0.00029997499950695788 0.0028499999316409235 0.0023500000825151805 0.0011500000255182388 0.0040500001050531873 0.0068500000052154073
decision_type=2 2 2 2 2 2 2 2 2 2 2 2 2 2 2 2 2 2 2 2 2 2 2 2 2 2 2 2 2 2
left_child=1 2 6 4 -3 -6 7 8 11 -10 -11 12 16 -13 15 -15 17 18 20 -20 21 22 23 24 -1 26 -23 28 -27 -29
right_child=-2 3 -4 -5 5 -7 -8 -9 9 10 -12 13 -14 14 -16 -17 -18 -19 19 -21 -22 25 -24 -25 -26 27 -28 29 -30 -31
leaf_value=-0.017194793908378747 -0.0029443086527122871 -0.047119423611628408 0.055637037724969134 0.045710882711764655 -0.055307238651378203 0.054206100697441577 0.049173555100931125 0.043559452452230404 -0.041946350732465221 0.059578563290261934 -0.047219384037735922 0.046039798697743245 -0.047999367766009486 -0.056073891128609235 0.038781592399583682 0.013653656410966566 0.023867907538241168 -0.035819291917390292 0.062255463259612669 -0.023773484689324182 -0.043790738384173203 0.051575088963186293 0.073813786780308366 0.046064963473796364 0.060074681406325603 -0.060333818817980105 -0.055481751602584554 0.040612265900972527 0.057910319738470495 -0.0091219030409151573
leaf_weight=24.195046620676305 72.960166049655527 3.5675674504600456 1.5879311087774102 0.65640873042866577 0.54201305098831631 0.88464888744056225 1.510499708354472 1.7743312751408655 3.4931493245530865 1.0158218753058461 0.67720901733264316 3.9930846514180285 1.8367280489765097 1.5568210165947678 1.917768533574417 1.5286128362640736 6.5909580024890593 3.4248566855676463 3.0509163551032534 1.612698473036289 2.8447960144840172 4.5285738855600348 1.1798560395836819 1.9854740127921093 0.97380836214870115 2.0872909794561552 0.607536463998258 3.649066177662462 0.64391870424151409 3.9523186730220914
leaf_count=124 1126 35 106 11 9 7 17 27 27 19 8 25 19 16 21 15 40 38 13 16 27 34 4 9 11 21 6 23 3 27
internal_value=-2.07927e-05 0.00240667 0.00403305 -0.0212579 -0.0300598 0.0126001 0.00301677 0.00213559 0.00118532 -0.0227491 0.0168596 0.0029055 0.000282953 0.0213187 0.00158863 -0.0215289 0.00172899 -0.000936825 0.00139146 0.0325063 -0.00171925 0.0010131 -0.00631665 -0.00979832 -0.0142052 0.0144391 0.0389116 0.00227431 -0.0324562 0.0147531
internal_weight=160.83 87.8697 82.2191 5.65064 4.99423 1.42666 80.6311 79.1206 77.3463 5.18618 1.69303 72.1601 63.1638 8.99629 5.0032 3.08543 61.3271 54.7362 51.3113 4.66361 46.6477 43.8029 28.3342 27.1543 25.1689 15.4687 5.13611 10.3326 2.73121 7.60138
internal_count=1884 758 696 62 51 16 590 573 546 54 27 492 415 77 52 31 396 356 318 29 289 262 148 144 135 114 40 74 24 50
is_linear=0
shrinkage=0.05


Tree=175
num_leaves=31
num_cat=0
split_feature=20 46 20 28 67 73 1 27 25 25 43 19 21 13 19 25 20 29 20 4 71 13 55 15 58 74 74 78 78 79
split_gain=0.453596 0.838968 0.730786 0.563559 1.29327 0.856296 0.630991 0.564913 0.913546 0.779612 0.93095 0.778912 1.00751 1.05479 1.05112 0.997976 0.724036 1.29556 1.57125 1.91276 1.20459 1.20031 1.14082 1.1338 0.817599 1.56559 1.3425 1.71675 1.21349 1.10518
threshold=0.05829999968409539 0.0014499999815598132 0.028250000439584259 0.021099999547004703 0.0024500000290572648 0.033749999478459365 1.0000000180025095e-35 0.032300001010298736 0.057349998503923423 0.0087500000372529047 0.0091999997384846228 1.0000000180025095e-35 0.0011500000255182388 0.012850000057369472 0.0039500000420957812 0.052050000056624419 1.0000000180025095e-35 0.0014499999815598132 0.012149999849498274 0.0061500000301748523 0.027999999932944778 0.017749999649822715 0.0036499999696388845 0.0010500000207684936 0.0024500000290572648 0.0013499999768100681 0.0053999999072402724 1.0000000180025095e-35 0.00024998500157380482 0.88546022772789013
decision_type=2 2 2 2 2 2 2 2 2 2 2 2 2 2 2 2 2 2 2 2 2 2 2 2 2 2 2 2 2 2
left_child=2 -2 3 5 -5 6 7 9 -9 16 11 -11 13 -13 -14 -16 20 18 -18 -20 24 23 -23 -19 25 -1 -27 -28 -29 -30
right_child=1 -3 -4 4 -6 -7 -8 8 -10 10 -12 12 14 -15 15 -17 17 21 19 -21 -22 22 -24 -25 -26 26 27 28 29 -31
leaf_value=0.0008873605555543778 -0.042588826801733884 0.055096740971033537 -0.050818861973185872 -0.041343062378266821 0.0068579252255152297 0.052647363311260222 0.050697854336281913 0.049210322351148431 -0.031167690609174986 -0.04639282423145958 0.040032197303467937 0.025869881330748152 -0.052074647654424891 -0.055255106644714592 -0.022404224978544711 0.017619020680797955 0.035665523371960266 0.04620241706773652 -0.05395557471680125 0.043309459922042992 -0.0518412348981028 0.054514805165937721 -0.048147529762545084 -0.041370743197279715 0.02242082337321696 -0.049721345771520112 0.060372301122935783 -0.048812902535709031 -0.042615899765461013 0.055409487747616892
leaf_weight=109.09573869075393 0.29224957688711473 0.88661108212545514 0.71124726696871121 2.6066997629823154 2.9853969888063148 0.78472120739752327 0.61806667287601058 1.3291587345302094 0.48158932477235783 1.6584292314946623 0.83800799632445055 2.7604734459891911 1.8481715786037947 0.46871417388319958 4.9531985116191208 2.2719316872535273 6.4667112352326495 0.43410761095583383 1.2363707702606919 0.85501322895288456 1.121393984183668 1.0418348236125892 0.36555225844494987 2.4873708314262331 4.0090812158887266 2.8912509856745592 0.8041586205363277 1.7361164353787901 0.47641454730182864 0.72528398456051946
leaf_count=934 8 11 10 111 75 29 69 12 20 46 12 30 53 6 101 37 58 7 10 6 34 26 6 33 59 48 4 17 6 6
internal_value=-2.04468e-05 0.0308797 -0.000250906 -2.23322e-05 -0.0156105 0.000552069 0.000281292 7.40453e-05 0.0278329 -0.000264331 -0.0111538 -0.0142262 -0.00989003 0.0140946 -0.0184262 -0.00981897 0.000940577 0.0122067 0.0234818 -0.014191 -0.000260703 -0.0100841 0.0278495 -0.0283581 0.000222369 -0.000546629 -0.0241313 -0.00435898 -0.0220777 0.0165472
internal_weight=159.241 1.17886 158.062 157.351 5.5921 151.759 150.974 150.356 1.81075 148.545 14.7989 13.9609 12.3025 3.22919 9.0733 7.22513 133.746 12.887 8.5581 2.09138 120.859 4.32887 1.40739 2.92148 119.738 115.729 6.63322 3.74197 2.93781 1.2017
internal_count=1884 19 1865 1855 186 1669 1640 1571 32 1539 285 273 227 36 191 138 1254 146 74 16 1108 72 32 40 1074 1015 81 33 29 12
is_linear=0
shrinkage=0.05


Tree=176
num_leaves=31
num_cat=0
split_feature=5 11 2 76 24 64 33 79 0 55 41 37 3 53 53 26 14 12 77 77 36 59 48 77 3 33 6 78 64 21
split_gain=0.452404 1.95197 3.12802 1.50568 1.32631 2.36706 1.17663 1.23078 1.20669 1.11753 1.58854 1.24893 1.52055 1.19732 1.63942 1.12797 1.10614 1.03676 1.12206 2.55343 2.20197 2.27648 2.04651 2.75435 2.31479 1.95333 1.92898 2.03378 4.67608 2.02977
threshold=1.0000000180025095e-35 0.0040500001050531873 0.0031500000040978198 0.038920847699046142 0.0010500000207684936 0.0019500000635161998 0.030400000512599949 0.98877659440040599 0.0018500000005587938 0.0017499999958090486 0.0013499999768100681 0.0037500000325962905 0.026549999602139 0.0021499999566003685 0.0017499999958090486 0.0022500000195577745 0.0022500000195577745 0.25239999592304235 0.0021493949461728339 0.0010500000207684936 0.0092500001192092913 0.0022500000195577745 1.0000000180025095e-35 0.0078859943896532076 0.0016499999910593035 0.0042000000830739745 0.0067499999422580012 1.0000000180025095e-35 0.0010500000207684936 0.0049499999731779107
decision_type=2 2 2 2 2 2 2 2 2 2 2 2 2 2 2 2 2 2 2 2 2 2 2 2 2 2 2 2 2 2
left_child=9 4 -3 -4 16 -6 7 8 -5 13 11 -11 -13 14 17 -15 -2 18 19 20 21 26 23 25 -25 -20 27 28 -1 -28
right_child=1 2 3 6 5 -7 -8 -9 -10 10 -12 12 -14 15 -16 -17 -18 -19 22 -21 -22 -23 -24 24 -26 -27 29 -29 -30 -31
leaf_value=-0.032275430178155165 0.03844109449579633 -0.041086147558418024 0.056992077188509321 -0.0070010607681780706 -0.028560638564659731 0.055058437039724163 0.041633752612061516 0.034295146223694187 0.032485159632996356 0.04268609545921951 -0.035067386812930076 -0.060812601699738567 0.047712513290672685 -0.042839506094005678 0.05564249190341132 0.0048673024201075369 -0.033399328820170902 -0.038165225096819272 0.052685392336570616 -0.040488648279234804 0.063366438883780504 0.036006410833101098 -0.0047853310561601272 0.060195483162542723 -0.0055797681785958722 -0.01083238785964531 0.046428147214169296 0.0073306193823445224 0.057199460481584141 -0.014824285761934251
leaf_weight=16.508010234683763 7.4192875655135122 4.4360050463001235 1.2734491778537655 24.602206342155124 2.6886490890756254 1.2351182121783493 1.7244321789476078 2.2905770074576131 2.099996631150133 4.1750565299298605 1.1606968217529354 0.73652511835098244 0.57452892628498375 3.5009151678532353 1.2261414974927891 1.9177229458000509 0.5775182979996315 1.9998205550946284 5.8920118547976044 5.2930646259337655 1.1991184316575516 2.9956977497786275 33.451725269493181 1.5048031262122084 12.038323287153615 1.5233277464285491 2.851482657250016 7.0266485936008385 1.6019237227737892 2.572873147437349
leaf_count=115 49 64 6 333 18 11 38 20 111 47 24 4 13 49 9 31 7 38 41 84 7 15 456 8 134 24 29 57 8 34
internal_value=-2.18221e-05 0.00400802 -0.00173923 0.00371683 0.0215704 -0.00223914 0.00150819 -0.000878396 -0.00389566 -0.00179705 0.0180743 0.0293175 -0.0132548 -0.0030781 -0.00180908 -0.0259555 0.0332529 -0.00253938 -0.00178513 -0.008137 -0.00321006 -0.00558912 0.00289018 0.015141 0.00172865 0.039637 -0.00966646 -0.0155019 -0.0243609 0.017375
internal_weight=158.098 48.3472 36.4267 31.9907 11.9206 3.92377 30.7172 28.9928 26.7022 109.75 6.64681 5.48611 1.31105 103.104 97.685 5.41864 7.99681 96.4588 94.459 40.0488 34.7558 33.5566 54.4102 20.9585 13.5431 7.41534 30.5609 25.1366 18.1099 5.42436
internal_count=1884 657 572 508 85 29 502 464 444 1227 88 64 17 1139 1059 80 56 1050 1012 349 265 258 663 207 142 65 243 180 123 63
is_linear=0
shrinkage=0.05


Tree=177
num_leaves=31
num_cat=0
split_feature=76 76 76 76 17 13 76 3 3 19 11 13 4 13 11 17 79 28 5 13 48 17 8 13 79 48 8 8 69 2
split_gain=0.475284 2.53755 2.29195 0.672582 4.08584 3.06485 1.14959 2.07927 1.87836 2.48385 1.69686 1.95764 1.87008 1.51674 1.43988 1.56331 1.56991 1.25814 1.12822 1.01063 1.00226 1.42674 0.976189 1.51636 1.39962 1.18044 2.18627 1.44007 1.27766 1.30591
threshold=0.0024492300581187014 1.0000000180025095e-35 0.0036469249753281478 0.011601181235164406 0.0010500000207684936 1.0000000180025095e-35 0.020456618629395965 0.0018500000005587938 0.0011500000255182388 0.002650000038556755 0.0058500000741332778 0.0022500000195577745 0.0065500000491738328 0.0031500000040978198 0.0027499999850988392 0.0015499999863095584 0.78666618466377269 0.0010500000207684936 0.0024500000290572648 0.0017499999958090486 1.0000000180025095e-35 0.0017499999958090486 0.0068500000052154073 0.0041499999351799497 0.99385511875152599 1.0000000180025095e-35 0.0029499999945983295 0.0036499999696388845 0.0047500000800937423 0.12779999524354937
decision_type=2 2 2 2 2 2 2 2 2 2 2 2 2 2 2 2 2 2 2 2 2 2 2 2 2 2 2 2 2 2
left_child=1 -1 -2 4 5 -4 10 8 9 18 11 12 19 -13 15 16 -9 -17 -8 20 21 -5 25 -24 -25 27 28 -16 29 -27
right_child=2 -3 3 6 -6 -7 7 14 -10 -11 -12 13 -14 -15 22 17 -18 -19 -20 -21 -22 -23 23 24 -26 26 -28 -29 -30 -31
leaf_value=-0.010311679986461798 -0.059871820132409208 0.042659227687614459 0.027326885166523679 0.039550243530206031 -0.052801459892344332 -0.057152102218538392 -0.055701701333039838 0.03767676016714188 -0.042110704469925174 0.041217635464609964 -0.054540099344489557 -0.04814154796614184 -0.028096986765012127 0.023769760426997071 0.00065778712317313647 0.035267136338678055 -0.03396006872027317 -0.04409001480459894 0.022581883017920024 0.080615890130650639 0.060801553620600579 -0.05604911598011502 -0.030693658271168173 0.0061226663270318431 0.041401449812034877 -0.0078294592217016835 -0.032495333900016375 0.039812307859162954 0.034518752840434881 0.046514451696344328
leaf_weight=5.6552671361714584 1.6194965750910331 3.7668011602945626 5.5839376826770586 1.1758829569444027 3.9229530990123749 1.3291860381141303 1.6632670089602455 1.1469850558787578 5.4391038180328906 2.0954868104308844 0.76039089122787196 1.400364797562361 0.89150810427963723 1.5392160154879091 24.70200307935011 7.6400369919720088 2.2951735621318221 0.53439217549748708 0.63632780406624068 1.8026017174124715 1.8112768195569513 0.58416263200342644 2.5113595838192841 27.615738475811671 3.1300608632154754 31.483870580035727 7.9999827408464617 2.5950431205565101 2.0774924689903846 1.1457078214734782
leaf_count=15 17 18 56 10 21 20 34 25 63 12 6 10 6 8 264 78 25 11 7 7 10 7 47 433 20 438 136 22 39 19
internal_value=-2.13716e-05 0.0108653 -0.000718529 -6.0181e-05 -0.0120442 0.0110841 0.000904046 -0.000401785 -0.0224676 0.00184153 0.0172459 0.0231758 0.0389698 -0.0104875 0.00148717 0.0181767 -0.0100895 0.0300793 -0.0340396 0.0500959 0.0346911 0.00782063 -0.000390348 0.00666287 0.00971421 -0.00374115 -0.008932 0.00438008 -0.00350065 -0.00592131
internal_weight=156.555 9.42207 147.133 145.514 10.8361 6.91312 134.677 124.712 9.83419 4.39508 9.9654 9.20501 6.26543 2.93958 114.878 11.6166 3.44216 8.17443 2.29959 5.37392 3.57132 1.76005 103.261 33.2572 30.7458 70.0041 42.7071 27.297 34.7071 32.6296
internal_count=1884 33 1851 1834 97 76 1737 1673 116 53 64 58 40 18 1557 139 50 89 41 34 27 17 1418 500 453 918 632 286 496 457
is_linear=0
shrinkage=0.05


Tree=178
num_leaves=31
num_cat=0
split_feature=20 46 20 33 28 67 11 6 22 65 3 28 27 56 74 16 28 5 24 18 9 64 11 3 64 24 39 78 24 4
split_gain=0.434404 0.779385 0.689709 0.635253 0.632125 1.05619 0.733593 0.766106 0.791918 1.28446 1.22868 0.776627 1.04894 1.53419 1.03369 1.01997 0.963518 0.958362 2.12712 2.1366 1.71125 1.50613 1.38249 1.91227 1.11307 1.36081 1.3598 1.12974 1.42667 1.34062
threshold=0.05829999968409539 0.0014499999815598132 0.026500000618398193 0.19695000350475314 0.021099999547004703 0.0024500000290572648 0.61399999260902416 0.5247500240802766 0.018550000153481964 0.003249999950639904 0.0490499995648861 0.01264999993145466 0.0060499999672174462 0.41175000369548803 0.023300000466406349 0.0019500000635161998 0.0089499996975064295 0.0024500000290572648 0.0010500000207684936 0.0013499999768100681 0.0010500000207684936 0.0024500000290572648 0.0030500000575557355 0.0055499998852610597 0.0039500000420957812 0.0017499999958090486 0.0015499999863095584 0.0077331701759248981 1.0000000180025095e-35 0.0021499999566003685
decision_type=2 2 2 2 2 2 2 2 2 2 2 2 2 2 2 2 2 2 2 2 2 2 2 2 2 2 2 2 2 2
left_child=2 -2 3 4 6 -6 7 8 11 -10 -11 12 16 14 15 -14 17 24 20 21 -19 -20 -22 -24 25 27 -27 28 -1 -30
right_child=1 -3 -4 -5 5 -7 -8 -9 9 10 -12 -13 13 -15 -16 -17 -18 18 19 -21 22 -23 23 -25 -26 26 -28 -29 29 -31
leaf_value=-0.0010030142794132594 -0.041932503870371486 0.054856054453691877 -0.044318921760808955 0.048074838437290837 -0.040662174734194798 0.0040689313168907684 0.048582554647071195 -0.047893935667878335 0.035127958896098037 -0.04018583427072351 0.024926574556586846 0.026400821885521227 -0.042944702439472085 0.052664924169232512 0.030347307864058915 0.022890033027202619 -0.051567108261814321 0.049846574301328994 -0.037076356629725214 0.032432150065860803 0.050431873621222527 0.035950506056503288 -0.051162488873196778 0.017232161336899254 -0.042305830271160555 0.043547430942244843 -0.025805108321032728 0.043833376952696769 0.017612146890994249 -0.040891942009871632
leaf_weight=97.60109139920678 0.27601288491859921 0.84396079485304654 0.88275222177617152 0.68420242221327399 2.5149208922521202 2.7766950476216152 0.78572944074403395 0.8254097152966996 4.0383510170504442 1.4883211825508627 1.4117932982044292 2.6490121444221577 4.8316114140907294 0.65638037025928486 0.68164469767361868 0.66989519959315647 0.89690913632511993 4.3115480133565161 4.6006559216184533 2.210720841656439 1.5149319283664224 0.83405384235084046 1.4969243351370094 3.2211101891589351 1.631939484621397 3.114776191301643 0.91424809396266926 1.3387123358552333 1.2773232487961639 4.1955266091972589
leaf_count=914 8 11 14 17 111 68 16 22 46 28 22 41 109 4 10 12 20 56 32 58 9 13 10 65 26 25 10 36 12 59
internal_value=-2.40898e-05 0.0310029 -0.000249652 4.32177e-06 -0.000211364 -0.0171902 0.000399005 0.000140427 0.000412758 0.0168972 -0.00848872 -0.00041218 -0.000934445 -0.0200166 -0.0277322 -0.0349283 7.6025e-05 0.00043715 0.011069 -0.00901093 0.0256282 -0.0258691 0.00887558 -0.0044679 -0.00131979 -0.000702992 0.0278103 -0.00180325 -0.00239597 -0.0272375
internal_weight=155.177 1.11997 154.057 153.174 152.49 5.29162 147.199 146.413 145.587 6.93847 2.90011 138.649 136 6.83953 6.18315 5.50151 129.16 128.264 18.1899 7.64543 10.5445 5.43471 6.23297 4.71803 110.074 108.442 4.02902 104.413 103.074 5.47285
internal_count=1884 19 1865 1851 1834 179 1655 1639 1617 96 50 1521 1480 135 131 121 1345 1325 243 103 140 45 84 75 1082 1056 35 1021 985 71
is_linear=0
shrinkage=0.05


Tree=179
num_leaves=31
num_cat=0
split_feature=76 76 76 76 17 13 36 76 3 59 9 57 19 36 41 78 3 11 17 79 79 9 28 3 79 44 17 19 8 13
split_gain=0.436673 2.2996 2.15499 0.624483 3.83207 2.83639 1.16015 1.05266 1.91747 1.84996 2.27566 1.77843 1.55338 2.46715 2.76834 2.18832 1.28341 1.28182 1.41494 1.42414 1.24943 1.23817 1.14907 0.963982 1.16703 1.58279 0.91733 1.51483 0.884759 1.36992
threshold=0.0024492300581187014 1.0000000180025095e-35 0.0036469249753281478 0.011601181235164406 0.0010500000207684936 1.0000000180025095e-35 0.0011500000255182388 0.020456618629395965 0.0018500000005587938 0.0011500000255182388 0.0011500000255182388 1.0000000180025095e-35 0.0011500000255182388 0.0031500000040978198 1.0000000180025095e-35 0.00019999499636469412 0.0013499999768100681 0.0027499999850988392 0.0015499999863095584 0.78666618466377269 0.91035273671150219 0.0022500000195577745 0.0010500000207684936 0.0015499999863095584 0.2911424338817597 0.0011500000255182388 0.002650000038556755 0.0015499999863095584 0.0068500000052154073 0.0041499999351799497
decision_type=2 2 2 2 2 2 2 2 2 2 2 2 2 2 2 2 2 2 2 2 2 2 2 2 2 2 2 2 2 2
left_child=1 -1 -2 4 5 6 23 12 9 11 -11 -9 13 14 15 20 -13 18 19 -10 -5 -21 -20 -4 -25 -26 27 -14 -19 -30
right_child=2 -3 3 7 -6 -7 -8 8 17 10 -12 16 26 -15 -16 -17 -18 28 22 21 -22 -23 -24 24 25 -27 -28 -29 29 -31
leaf_value=-0.0098335835548203927 -0.059340068041986729 0.040739705215616151 0.050611593007556126 0.0079832656457776447 -0.052672233012892616 -0.05678461752988221 -0.056596212251769099 -0.054974584689210508 0.036280490372191339 0.049972431416759187 -0.054847338204827803 0.022813463512145492 0.06273722599824251 0.089458114190727148 0.063009988767112765 0.054216624383613424 -0.04585313295072635 -0.0035648208727053175 0.03382773003749464 -0.050067061579263772 -0.052037724768989081 0.04743469564446752 -0.043500356474105176 0.055631305285768817 -0.059405712937729116 0.056552126323948231 0.078010846664119865 -0.054085798724957515 -0.029506190362367742 0.0092872663102821374
leaf_weight=5.6062777172774059 1.5500282407738257 3.7521094642579556 3.007433782797305 1.1975850220769624 3.7089240271598101 1.2712165592238305 0.39406906813383091 4.29302956513129 1.1163074652431517 1.6119701415300371 0.76283864071592677 1.7385774822905662 0.72124917712062619 0.76702374219894398 1.1968705542385576 0.80651821196079243 1.118108556140214 69.030549288261682 7.4585662374156527 1.8440745682455602 3.1415087021887302 0.39542873576283444 0.51348405377939332 0.7687130440026525 0.90382122574374057 0.43636013357900083 1.3731960263103244 0.45100883115082979 2.4592108051292589 30.499851288157515
leaf_count=15 17 18 27 8 21 20 5 73 25 7 13 14 4 2 6 6 9 918 78 22 24 3 11 5 15 4 5 9 47 453
internal_value=-2.40085e-05 0.010443 -0.00070172 -6.60622e-05 -0.0118092 0.0105391 0.0260703 0.000863711 -0.000385721 -0.0219327 0.0163021 -0.0346326 0.0167605 0.00476006 -0.00548284 -0.0214143 -0.00406268 0.00142534 0.0173819 -0.0098546 -0.035472 -0.0328512 0.028847 0.0324374 0.00651975 -0.0216501 0.0502779 0.0177913 -0.00034693 0.00639273
internal_weight=153.896 9.35839 144.538 142.987 10.4905 6.78161 5.5104 132.497 122.842 9.52452 2.37481 7.14972 9.65496 7.10951 6.34248 5.14561 2.85669 113.317 11.3279 3.35581 4.33909 2.2395 7.97205 5.11633 2.10889 1.34018 2.54545 1.17226 101.99 32.9591
internal_count=1884 33 1851 1834 97 76 56 1737 1673 116 20 96 64 46 44 38 23 1557 139 50 32 25 89 51 24 19 18 13 1418 500
is_linear=0
shrinkage=0.05


Tree=180
num_leaves=31
num_cat=0
split_feature=15 51 56 67 66 66 5 19 76 76 76 15 19 15 2 29 76 39 67 21 23 44 71 76 29 29 3 29 11 77
split_gain=0.437335 0.51168 0.610287 0.815043 0.739872 1.05191 1.29749 0.851738 0.784758 2.12421 1.97576 0.725365 1.01892 0.750092 0.742044 1.89164 1.84832 1.5235 1.68567 1.41543 1.49286 1.52352 1.30578 1.23914 1.97446 2.1399 1.83029 2.1225 2.14929 1.30376
threshold=0.53134998679161083 0.0018500000005587938 0.62514999508857738 0.050450000911951072 0.0063000000081956395 0.0010500000207684936 0.0011500000255182388 0.0018500000005587938 0.0024492300581187014 1.0000000180025095e-35 0.0049499999731779107 0.083550002425909056 0.0019500000635161998 0.082049999386072173 1.0000000180025095e-35 0.0011500000255182388 0.012880790513008835 0.0010500000207684936 0.0030500000575557355 1.0000000180025095e-35 0.0014499999815598132 0.0027499999850988392 0.0031500000040978198 0.021205288358032707 0.0023500000825151805 0.0014499999815598132 0.0018500000005587938 0.007849999703466894 0.0027499999850988392 0.0011500000255182388
decision_type=2 2 2 2 2 2 2 2 2 2 2 2 2 2 2 2 2 2 2 2 2 2 2 2 2 2 2 2 2 2
left_child=1 2 3 4 5 8 -7 -6 9 -1 -10 13 -13 14 15 17 -16 18 19 22 21 -21 -12 24 25 29 27 -25 -29 -18
right_child=-2 -3 -4 -5 7 6 -8 -9 10 -11 11 12 -14 -15 16 -17 23 -19 -20 20 -22 -23 -24 26 -26 -27 -28 28 -30 -31
leaf_value=-0.0061267990482954532 -0.051315022831882433 0.027359806029745765 -0.051657860424732187 0.039178934057592027 -0.045411872193368438 -0.038558423790767675 0.034838361310646687 0.030829448975392488 -0.037375129521160365 0.044123518839549292 0.04066849443012905 0.038995806149289991 -0.042925847773876535 0.061631131378118646 -0.042787668002494554 -0.048969793835079545 -0.008365367617168027 -0.04690093584201966 -0.032424162300943492 -0.046746869650776721 0.066599309191078926 0.037585870258962553 -0.057459586458182513 -0.041882984177045363 -0.060774965032428768 0.071983987727246027 0.0001917064213689426 0.056398279128058559 -0.052397016525300072 0.04520817729937885
leaf_weight=5.1563822869211418 0.4145230510039245 1.7037049190257665 0.57391569088213046 1.3158405830617983 0.41396820102818255 3.4309903961839145 0.73029737756587554 3.1828805058030412 3.6554811606183639 3.551721247844398 8.2672115145251084 0.47033730708062593 1.966662462975364 0.49860415607690711 2.6141105452552429 1.2280378288123746 3.3051512092351905 0.90739486925304014 1.3681209068745381 1.69599696341902 0.62057314813137043 0.78269430343061674 0.35351528972387392 5.4142023632302871 0.70217064768075932 1.9283069539815185 92.594386852288153 1.3003473207354543 0.69743257574737061 1.7300787391141055
leaf_count=13 21 43 15 35 19 100 14 50 37 16 81 5 74 3 37 22 20 14 6 30 2 6 4 74 5 8 1105 5 9 11
internal_value=-2.74406e-05 0.00011228 -0.000196259 7.92147e-07 -0.000346204 -0.000901991 -0.0256774 0.0220547 -0.000169809 0.0143685 -0.00112818 -9.66085e-05 -0.0271151 0.000425929 0.000182783 0.0105306 -0.0012456 0.0157515 0.0200951 0.0262259 -0.00275374 -0.0201172 0.0366445 -0.000237019 0.0191369 0.0271948 -0.00172207 -0.02563 0.0184174 0.0100422
internal_weight=152.575 152.161 150.457 149.883 148.567 144.97 4.16129 3.59685 140.809 8.7081 132.101 128.445 2.437 126.008 125.51 15.2235 110.286 13.9955 13.0881 11.72 3.09926 2.47869 8.62073 107.672 7.66571 6.96354 100.006 7.41198 1.99778 5.03523
internal_count=1884 1863 1820 1805 1770 1701 114 69 1587 29 1558 1521 79 1442 1439 165 1274 143 129 123 38 36 85 1237 44 39 1193 88 14 31
is_linear=0
shrinkage=0.05


Tree=181
num_leaves=31
num_cat=0
split_feature=15 68 35 43 25 24 71 42 32 39 65 69 5 24 9 48 2 26 5 11 21 67 2 35 65 78 62 11 5 14
split_gain=0.415404 0.480375 0.594175 0.726116 0.607053 0.697797 0.940971 0.684722 0.597997 0.58703 0.586889 0.793556 0.806126 0.634812 1.65474 2.03122 1.1881 1.73346 1.44655 1.4149 1.2205 1.42863 1.3333 0.994951 0.855821 1.97431 1.2202 2.87851 1.51929 1.32607
threshold=0.53134998679161083 0.00045000000682193791 0.00335000001359731 0.0011500000255182388 0.070150002837181105 0.0034500000765547161 0.087050002068281188 0.076400000602006926 0.0013499999768100681 0.012200000230222942 0.032949998974800117 0.018050000071525577 0.020200000144541267 1.0000000180025095e-35 1.0000000180025095e-35 1.0000000180025095e-35 0.0071499999612569818 1.0000000180025095e-35 0.0081500001251697558 0.019049999304115776 0.002650000038556755 0.0013499999768100681 0.0085500003769993799 0.0014499999815598132 0.0039500000420957812 0.00029999000253155833 1.0000000180025095e-35 0.043800000101327903 0.0017499999958090486 0.012349999975413086
decision_type=2 2 2 2 2 2 2 2 2 2 2 2 2 2 2 2 2 2 2 2 2 2 2 2 2 2 2 2 2 2
left_child=1 2 4 -4 7 6 -6 8 9 10 11 12 13 24 15 -15 17 18 -16 -18 22 23 -21 -22 26 -26 -1 28 -28 -29
right_child=-2 -3 3 -5 5 -7 -8 -9 -10 -11 -12 -13 -14 14 16 -17 19 -19 -20 20 21 -23 -24 -25 25 -27 27 29 -30 -31
leaf_value=0.00044681559615580087 -0.051250929991181693 0.022911752388270718 -0.041379912287390234 0.0081512927811037209 -0.043549641725153437 0.046959983390852097 0.029892414768230527 0.055295422701869115 0.052026074859878174 0.054312325062893713 0.058197365229503854 -0.042670818803233472 0.04573436665303604 0.027158040301874062 -0.022065307922913117 -0.054525102399446281 -0.047855739296794597 0.038668367185557939 0.059453233643854901 -0.050997082808500974 -0.046040090768635189 0.04595502564734575 0.053606367198717947 0.024765912086010311 -0.058403952946538475 0.0113352346202183 0.03932154297218244 -0.047652241297611246 -0.037813425492243556 0.037941140376626131
leaf_weight=103.73708347976208 0.39478718931786616 2.2740865914965971 1.8814712518360459 1.2195315628778187 2.2859500610502437 0.33327919244766224 0.53897231398150314 0.57195349875837465 0.56039454234996711 0.5007818266749372 0.4330819530878206 1.0861128356773395 0.96670126460958172 0.98764111846685665 3.4111315608024579 3.3177845813333988 2.2517350167036057 3.5808079824782908 0.64750510454177845 0.38338983058929432 2.489641305990518 0.72632236243225623 1.4829261007253078 0.61961422348394979 1.9026231821626414 2.1749713621102273 7.4490523315034789 1.9755801311694079 0.69821319077163924 0.58695128001272667
leaf_count=1050 21 89 103 32 82 4 8 7 56 4 3 18 29 5 32 28 32 36 3 1 48 11 16 8 27 24 55 35 8 9
internal_value=-2.88357e-05 0.000105017 -0.000243532 -0.0219008 0.000217409 -0.0214649 -0.0295375 0.000697807 0.00047785 0.000273569 8.15186e-05 -9.76506e-05 0.000234076 -8.36833e-05 -0.00834753 -0.0357874 -0.000771058 0.0133115 -0.00906004 -0.0142973 -0.0010448 -0.0171812 0.0321181 -0.0319298 0.00130369 -0.0212054 0.00210566 0.0181736 0.0327111 -0.028047
internal_weight=151.47 151.075 148.801 3.101 145.7 3.1582 2.82492 142.542 141.97 141.41 140.909 140.476 139.39 138.423 19.8985 4.30543 15.5931 7.63944 4.05864 7.95363 5.70189 3.83558 1.86632 3.10926 118.524 4.07759 114.447 10.7098 8.14727 2.56253
internal_count=1884 1863 1774 135 1639 94 90 1545 1538 1482 1478 1475 1457 1428 220 33 187 71 35 116 84 67 17 56 1208 51 1157 107 63 44
is_linear=0
shrinkage=0.05


Tree=182
num_leaves=31
num_cat=0
split_feature=5 19 17 14 77 6 79 9 6 30 76 39 55 41 6 79 53 53 55 36 26 14 21 59 17 17 19 9 4 65
split_gain=0.419342 1.7042 1.67157 1.53154 1.94831 1.61737 1.45802 1.86098 1.3742 1.17087 1.08805 1.09096 1.03848 1.46505 1.0978 1.26271 1.0551 1.3592 1.03639 1.74672 0.996672 0.984121 0.971795 1.17917 1.37802 1.24776 1.02156 0.950114 1.69933 1.99485
threshold=1.0000000180025095e-35 0.0012500000302679839 0.0017499999958090486 0.0013499999768100681 0.014026742428541185 0.0019500000635161998 0.98240649700164806 0.0023500000825151805 0.0079499999992549437 0.0012500000302679839 0.031006209552288059 0.0023500000825151805 0.0017499999958090486 0.0013499999768100681 0.0019500000635161998 0.94383373856544506 0.0021499999566003685 0.0017499999958090486 1.0000000180025095e-35 0.0027499999850988392 0.0022500000195577745 0.0022500000195577745 0.13684999942779544 0.003249999950639904 0.0061500000301748523 0.032300001010298736 0.0017499999958090486 0.0010500000207684936 0.031549999490380294 0.002549999975599349
decision_type=2 2 2 2 2 2 2 2 2 2 2 2 2 2 2 2 2 2 2 2 2 2 2 2 2 2 2 2 2 2
left_child=12 2 -2 4 -3 9 10 -8 -6 -5 -4 -12 16 14 15 -14 17 27 22 -20 21 -18 23 24 26 -26 -7 28 29 -1
right_child=1 3 6 5 8 18 7 -9 -10 -11 11 -13 13 -15 -16 -17 20 -19 19 -21 -22 -23 -24 -25 25 -27 -28 -29 -30 -31
leaf_value=0.0027274578941414995 0.05154807881213274 -0.039909021705321214 -0.027849243211917923 0.055484107375634806 0.022603431574691142 0.059508984779280232 -0.02794686131736911 0.050008178844176125 -0.031190795282011408 -0.03546372883961281 0.050305908033604553 -0.027054584280670146 0.026358116605215955 -0.033840970428332416 0.046958346163111619 -0.059020239643550437 -0.057908970770751023 0.052141737223908316 -0.044727121828256999 0.0035207255861987698 0.0040605019897179857 0.0027647469897122377 -0.019554860302503269 0.051259440881301133 0.040253579272879862 -0.0044178598685666428 -0.052323134838438617 -0.0075317687479113053 -0.032028821749452478 0.050807160277167696
leaf_weight=40.144121847348288 3.1207623681984833 5.0872571803629381 0.70767256617545893 2.3017620331374959 3.3635097732767463 0.24270416796207595 3.52915383502841 0.97767390124499787 1.8348014666698871 0.41817905870266248 3.3028657817048956 0.52867802325636137 1.4054877071175718 1.1322889663279054 3.2317212843336165 0.6259168735705315 2.4318934227339919 1.1529800072312344 2.8663772670552117 5.4286522269248962 1.9040001350222153 0.92159340460784722 2.2819740877021095 1.9689029231667516 3.1883339937776327 3.0667817821376957 1.2874096743762491 46.317332545935642 3.2827368711587033 2.2799025177955619
leaf_count=305 23 56 3 90 39 1 17 5 33 8 25 6 25 24 31 8 30 9 46 86 31 19 67 20 40 62 30 706 27 12
internal_value=-3.02309e-05 0.00397795 0.0199949 -0.00186774 -0.0179115 0.00529108 0.00910954 -0.0110359 0.00361616 0.0415013 0.0291113 0.0396317 -0.00177006 0.0177538 0.0288537 5.13167e-05 -0.00303854 -0.00180891 0.000446811 -0.0131515 -0.0248311 -0.0412348 0.00981847 0.0166903 0.00794774 0.0183519 -0.0345845 -0.00248486 0.00262947 0.0053113
internal_weight=150.333 45.5035 12.1668 33.3366 10.2856 23.0511 9.04604 4.50683 5.19831 2.71994 4.53922 3.83154 104.83 6.39541 5.26313 2.0314 98.4346 93.1771 20.3311 8.29503 5.25749 3.35349 12.0361 9.75413 7.78523 6.25512 1.53011 92.0241 45.7068 42.424
internal_count=1884 657 79 578 128 450 56 22 72 98 34 31 1227 88 64 33 1139 1059 352 132 80 49 220 153 133 102 31 1050 344 317
is_linear=0
shrinkage=0.05


Tree=183
num_leaves=31
num_cat=0
split_feature=40 12 45 3 48 2 0 59 40 37 48 45 8 8 42 2 2 2 5 24 26 9 17 2 14 17 2 33 9 13
split_gain=0.410683 1.32002 2.04433 1.16092 1.14289 1.21138 1.40247 1.10511 0.985701 0.976592 1.05043 0.849491 1.21184 1.06916 1.52896 1.10411 1.04554 1.11486 0.943344 1.89043 1.69824 1.45375 1.42806 1.3883 1.21001 1.43704 0.874712 0.845515 0.845033 0.840273
threshold=0.0013499999768100681 0.027050000615417961 0.0012500000302679839 0.023850000463426117 1.0000000180025095e-35 0.098600000143051161 0.0015499999863095584 0.037350000813603408 0.0019500000635161998 1.0000000180025095e-35 0.00055000002612359833 0.0072500000242143878 0.41320000588893896 0.059500001370906837 1.0000000180025095e-35 0.0030500000575557355 0.11934999749064447 0.10290000215172769 0.0024500000290572648 0.0011500000255182388 0.0013499999768100681 1.0000000180025095e-35 0.0027499999850988392 0.0038499999791383748 0.0021499999566003685 0.023449999280273918 0.059050001204013831 0.050700001418590553 0.0020500000100582842 0.0027499999850988392
decision_type=2 2 2 2 2 2 2 2 2 2 2 2 2 2 2 2 2 2 2 2 2 2 2 2 2 2 2 2 2 2
left_child=11 2 3 -2 8 6 -6 -7 -3 -4 -11 13 -13 16 15 -15 17 18 27 21 28 -20 -23 -24 -25 -26 -22 29 -21 -1
right_child=1 4 9 -5 5 7 -8 -9 -10 10 -12 12 -14 14 -16 -17 -18 -19 19 20 26 22 23 24 25 -27 -28 -29 -30 -31
leaf_value=0.0038647169101637827 -0.053018933179782325 -0.054940992688952833 -0.035364260060598049 -0.00030419634235671282 -0.037304263554002799 0.049211525332788858 0.049881737264563519 -0.03510756193340811 0.038583553222914374 0.050079328532253248 -0.0070371200229933095 -0.036996985496695549 0.035088160590566429 -0.054569143645652345 -0.045503371799086985 0.041946902273419184 0.036796720252768166 -0.047692381927640165 0.051699275635998382 -0.040085704815439785 0.034902544982828743 0.053388804677307049 -0.05045676844215944 0.057718501370124888 -0.040915587416124617 0.037604091520609194 -0.050784311728264045 -0.034192797484834968 0.012996125386745562 -0.0053050395179105973
leaf_weight=51.812633849971462 4.1302240930963325 0.31033197510987376 1.0584440245293079 1.3979336768388746 3.0497177031356846 1.3637223369441924 0.54344833036884654 0.54344533244147886 3.0568492519669235 1.5273914852878081 1.701954784337431 2.9470520897302772 0.7268291552318259 0.31953352992422779 0.68246783223003138 4.0778526063659228 1.9750186192104582 1.2070043040439475 3.5050482820952329 3.2612203853204838 2.2442021081224088 1.5116574838757513 1.1406433263327924 1.0568473190069201 1.3341000773943963 1.0346066192141732 0.34341073513496656 1.9038706099381659 0.97358894860371936 48.246486610674765
leaf_count=482 151 6 24 36 85 18 11 8 35 14 26 61 8 6 16 44 57 18 44 17 50 10 8 8 21 29 7 41 16 527
internal_value=-2.83715e-05 -0.00696102 -0.0195929 -0.0396887 0.00702188 -0.00702276 -0.0241178 0.0251849 0.029964 0.00631626 0.0199774 0.000965656 -0.0227359 0.0016533 0.0241271 0.0349336 0.000714073 0.000118098 0.000605622 0.0117336 -0.00838221 0.0260548 0.0112658 -0.00267916 0.0132299 -0.00661967 0.0235308 -0.00118481 -0.0278821 -0.000556754
internal_weight=148.988 18.6835 9.81595 5.52816 8.86751 5.50033 3.59317 1.90717 3.36718 4.28779 3.22935 130.304 3.67388 126.63 5.07985 4.39739 121.55 119.575 118.368 16.4053 6.82242 9.5829 6.07785 4.5662 3.42555 2.36871 2.58761 101.963 4.23481 100.059
internal_count=1884 414 251 187 163 122 96 26 41 64 40 1470 69 1401 66 50 1335 1278 1260 210 90 120 76 66 58 50 57 1050 33 1009
is_linear=0
shrinkage=0.05


Tree=184
num_leaves=31
num_cat=0
split_feature=77 25 27 50 70 79 56 67 64 6 52 76 76 66 19 9 28 3 2 13 13 26 3 9 2 13 2 19 57 36
split_gain=0.416572 0.884786 0.81479 0.597871 0.524507 0.509117 1.69999 2.0135 1.71136 1.92708 1.66738 1.27487 1.82459 0.808821 1.08339 0.80442 0.770699 0.76842 1.73415 1.51127 4.26696 1.48563 1.87669 1.39637 1.84333 1.2664 1.90507 2.23749 1.95722 1.78891
threshold=0.56411194801330578 0.002650000038556755 0.0039500000420957812 0.16899999976158145 0.089850001037120833 0.51554068922996532 1.0000000180025095e-35 0.0047500000800937423 0.0010500000207684936 0.0067499999422580012 0.0027499999850988392 0.0024492300581187014 0.0045934028457850226 0.0063000000081956395 0.0018500000005587938 0.0016499999910593035 0.035400001332163818 0.0018500000005587938 0.0054500000551342973 0.0027499999850988392 0.0017499999958090486 0.0021499999566003685 0.0011500000255182388 0.0024500000290572648 0.0012500000302679839 0.0053499999921768912 0.0083499997854232805 0.0028499999316409235 0.0013499999768100681 0.0015499999863095584
decision_type=2 2 2 2 2 2 2 2 2 2 2 2 2 2 2 2 2 2 2 2 2 2 2 2 2 2 2 2 2 2
left_child=4 -2 -3 -4 5 6 8 -8 9 10 -1 -7 -13 16 -15 -16 17 19 -19 20 23 -21 -23 24 -14 29 28 -28 -27 -20
right_child=1 2 3 -5 -6 11 7 -9 -10 -11 -12 12 13 14 15 -17 -18 18 25 21 -22 22 -24 -25 -26 26 27 -29 -30 -31
leaf_value=-0.019619558847498428 0.057511271491174479 -0.044906856370181575 0.034651491779150653 -0.040498479124363447 -0.050374675546224046 0.033681674661383415 -0.046902071609677923 0.03310949465323261 0.077462026490118019 0.0580489337260921 0.05616418527632392 -0.048524106262535512 0.0016559861762680574 -0.049210248248224148 -0.053294377176568687 0.049337552548286513 -0.029261198111073167 0.011227321003696271 -0.004542846270733202 -0.045175057196653122 0.049784146667045837 0.046644350986812619 -0.043392457448042099 0.032338799391105941 -0.051879395420691525 -0.041408684561606401 0.032306865133226767 0.00068585240771238982 0.042371716167406745 -0.038488572179914027
leaf_weight=6.8567600394599104 0.97500981684424859 0.68799197697080705 1.3364850913640109 0.33001237432472397 0.523786157136782 2.8744147224351755 4.2354295215336597 0.96554596815258253 0.72262891102582294 1.1409897822886703 0.81173445773310948 1.9075379716232408 2.9832495148293692 0.39463335671462063 0.20943182334303889 2.1603168493602425 2.1884514798875889 35.705097090103664 17.389996383688416 4.3104082010686389 3.3172587361186743 1.2341403085738423 1.0898255272768436 1.1616197871044276 3.4877296392805874 4.0366991609917013 6.7779058290761887 32.037015405367129 0.84261098643764842 4.9961779525037846
leaf_count=41 59 11 30 8 8 14 47 15 6 8 10 25 29 15 4 41 93 382 194 54 27 9 17 20 37 47 58 485 12 78
internal_value=-2.78601e-05 0.0174575 0.000870951 0.0197697 -0.000431136 -0.000249266 -0.00905502 -0.0320482 0.00349066 -0.0025771 -0.0115976 0.000755624 5.8577e-06 0.000750475 0.0274937 0.0402672 0.000142301 0.000681366 0.00234877 -0.00897032 0.00243941 -0.0278018 0.00442152 -0.0181374 -0.0271985 -0.00244856 0.00250591 0.00620755 -0.0269406 -0.0121189
internal_weight=147.691 3.3295 2.35449 1.6665 144.361 143.838 14.7331 5.20098 9.53211 8.80948 7.66849 129.105 126.23 124.323 2.76438 2.36975 121.558 119.37 101.786 17.5842 10.9499 6.63437 2.32397 7.6326 6.47098 66.0804 43.6942 38.8149 4.87931 22.3862
internal_count=1884 108 49 38 1776 1768 127 62 65 59 51 1641 1627 1602 60 45 1542 1449 1256 193 113 80 26 86 66 874 602 543 59 272
is_linear=0
shrinkage=0.05


Tree=185
num_leaves=31
num_cat=0
split_feature=31 15 4 12 36 49 77 19 49 76 34 3 10 2 3 74 48 51 30 78 21 22 15 30 10 21 17 8 11 14
split_gain=0.415824 0.878224 0.796638 1.11028 0.762287 0.996641 0.964382 1.10453 1.10898 0.802816 0.733324 0.708764 0.863095 0.884577 0.826723 0.758895 0.714788 0.611642 0.693607 1.10721 0.688546 1.42174 1.45039 1.33638 1.17423 1.51258 1.58395 1.25472 1.1221 1.27389
threshold=0.0010500000207684936 0.12860000133514407 0.0023500000825151805 0.10315000265836717 0.018050000071525577 0.0044499998912215242 0.0025491549167782073 0.025349999777972702 0.0011500000255182388 0.77375391125679027 0.0014499999815598132 0.002650000038556755 0.0013499999768100681 0.12215000018477441 0.012550000101327898 0.0010500000207684936 0.00074999997741542767 0.0030500000575557355 0.010250000283122064 0.0038964110426604752 0.0055499998852610597 0.011700000148266556 0.023000000044703487 0.0040500001050531873 0.0011500000255182388 0.047500001266598708 0.0014499999815598132 0.068450000137090697 0.018350000493228439 0.0047500000800937423
decision_type=2 2 2 2 2 2 2 2 2 2 2 2 2 2 2 2 2 2 2 2 2 2 2 2 2 2 2 2 2 2
left_child=4 2 11 -4 17 6 -6 -8 -9 -7 -5 -2 13 14 15 16 -13 18 19 20 21 22 23 -1 25 26 -22 -28 -26 -30
right_child=1 -3 3 10 5 9 7 8 -10 -11 -12 12 -14 -15 -16 -17 -18 -19 -20 -21 24 -23 -24 -25 28 -27 27 -29 29 -31
leaf_value=0.0020293465900871788 0.058332593704096852 -0.037393469555246965 0.035041261444051022 -0.027066969331493412 0.027266183225499809 0.040231732001403842 -0.045351071301786498 0.043917583407092488 -0.030628982692614548 -0.038660128726429821 0.037688977803961035 -0.057143798224185242 0.050472945308793475 0.053488283335193655 -0.04366764496014764 0.046998743488927672 0.018881730386936711 0.052691820257256661 -0.033664106840474883 0.035153240761282727 0.01079536472723315 0.039366363395531762 -0.052329921278715823 -0.044669439311475309 0.040106419552699391 0.010705038603526708 -0.039723294572448567 0.027889003050436362 -0.03953669558316613 0.013626340294041882
leaf_weight=91.597077026206534 0.43735341727733246 0.97807991586159992 5.1756369359209202 1.4864874589256944 0.82485960982739737 1.228627582080662 4.0956224874826148 0.8361747078597549 1.2368501877062952 0.43722922424785782 0.61935810447903339 0.64639115240424849 0.55963963933754701 0.42156854271888722 2.1614703815430403 0.61944672279059876 0.5926243606954813 0.55067402706481416 1.5221426138305094 2.2366128977737381 2.4658062206581262 2.4158501732163122 1.2804910405538965 1.5580627745948721 2.031415779143571 4.0205375705263569 8.5359668312594259 0.74615834560245353 1.6774031389504669 3.4328947078902274
leaf_count=813 2 42 88 23 9 13 71 9 16 9 15 13 9 4 37 5 8 12 61 94 62 15 33 36 14 80 186 9 24 72
internal_value=-3.14138e-05 0.00826266 0.0117733 0.0225873 -0.000887379 -0.0152303 -0.0235091 -0.0302986 -0.000559902 0.0195254 -0.00802136 -0.00270534 -0.00804315 -0.0154163 -0.0226423 0.00181104 -0.0207806 0.000113661 -0.00012074 0.000297772 -0.000353173 0.00149073 0.000521799 0.00124829 -0.00814818 -0.0157661 -0.0248255 -0.0342882 0.00867182 -0.00382388
internal_weight=146.429 13.6981 12.72 7.28148 132.73 8.65936 6.99351 6.16865 2.07302 1.66586 2.10585 5.43849 5.00114 4.4415 4.01993 1.85846 1.23902 124.071 123.52 121.998 119.762 96.8515 94.4356 93.1551 22.9102 15.7685 11.7479 9.28213 7.14171 5.1103
internal_count=1884 246 204 126 1638 127 105 96 25 22 38 78 76 67 63 26 21 1511 1499 1438 1344 897 882 849 447 337 257 195 110 96
is_linear=0
shrinkage=0.05


Tree=186
num_leaves=31
num_cat=0
split_feature=3 76 46 74 65 47 41 28 59 71 30 62 76 11 4 43 56 3 76 26 4 77 12 19 2 76 11 2 71 19
split_gain=0.423756 2.3944 1.5531 1.63681 1.26361 1.74683 1.6023 1.57753 1.47573 1.49905 1.49139 1.85968 1.66925 2.81035 2.34192 1.87189 1.70249 1.66092 1.72446 1.65882 2.26662 1.58552 1.42505 1.91369 1.63751 1.19141 1.41821 1.23848 1.2613 1.17946
threshold=0.0081500001251697558 0.040163332596421249 0.0015499999863095584 0.0014499999815598132 0.0014499999815598132 0.0011500000255182388 0.0041499999351799497 0.00335000001359731 1.0000000180025095e-35 0.0012500000302679839 0.0012500000302679839 0.0010500000207684936 0.080461930483579649 0.0011500000255182388 0.0017499999958090486 0.0010500000207684936 0.080800000578165068 0.0023500000825151805 1.0000000180025095e-35 0.0010500000207684936 0.0024500000290572648 0.0012500000302679839 0.0012500000302679839 1.0000000180025095e-35 0.0054500000551342973 0.082014720886945738 0.093650002032518401 0.007849999703466894 0.003249999950639904 0.0086500002071261423
decision_type=2 2 2 2 2 2 2 2 2 2 2 2 2 2 2 2 2 2 2 2 2 2 2 2 2 2 2 2 2 2
left_child=2 -2 3 4 8 7 -7 -6 9 10 11 12 13 14 17 -14 19 18 -1 -15 -21 -16 23 -20 -25 27 29 28 -10 -27
right_child=1 -3 -4 -5 5 6 -8 -9 25 -11 -12 -13 15 16 21 -17 -18 -19 22 20 -22 -23 -24 24 -26 26 -28 -29 -30 -31
leaf_value=-0.0067774266093040937 0.045214877019657783 0.00077113860508856756 0.041375000744533652 -0.043444790111475701 0.027168467553690318 -0.05454955070867782 0.056102165513034277 -0.050990145210519672 0.027882908339916884 -0.039845063971971247 -0.041288193909579468 0.044272292621545632 0.027334974104157857 -0.035373657132856659 -0.054078367399401299 -0.047829253833545887 0.04733860665365322 -0.033968786367436409 0.055325844653228706 -0.049676990591130454 0.034693840092426591 0.00036408318263499493 -0.021932882525607614 -0.05910683721077567 0.05897658618167903 -0.02663745342060482 0.055124680902200553 0.061254879808060284 -0.055396047415878516 0.037592103673187376
leaf_weight=3.6867106538265961 3.1797438694629809 64.572130289132474 1.9611264382256184 2.5039327548583961 8.9409558014012838 1.5115514821372915 0.41753840539604414 0.69584741117432791 1.9411719068884834 3.5700993712525806 2.8583261657040557 1.9072935422882427 5.8085243930108836 13.874571321997797 2.4484345819801083 0.96608922351151694 0.79069505259394546 1.5366929378360499 5.5677185012027621 1.262560119852423 2.1543294228613377 2.9469317379407585 0.97072063386440266 0.75870168907567836 0.47892069816589355 3.7247083503752947 0.8749538231641053 1.9663430992513893 0.59372270596213628 0.88447228725999583
leaf_count=9 22 1075 25 79 77 25 3 14 12 88 51 11 52 108 25 9 4 11 28 17 15 21 7 9 2 46 7 9 16 7
internal_value=-3.23188e-05 0.00285698 -0.00255482 -0.00369376 -0.00233286 0.0128309 -0.0305997 0.0215248 -0.00518125 -0.00858682 -0.00626276 -0.00404583 -0.00617654 -0.0104097 0.0033503 0.0166162 -0.0244076 0.0148439 0.0213877 -0.0276884 0.00351834 -0.0243421 0.0347411 0.0428251 -0.0134123 0.0124129 -0.00323406 0.0314766 0.00837732 -0.0143122
internal_weight=145.356 67.7519 77.6036 75.6425 73.1386 11.5659 1.92909 9.6368 61.5727 51.5873 48.0172 45.1589 43.2516 36.477 18.3948 6.77461 18.0822 12.9995 11.4628 17.2915 3.41689 5.39537 7.77606 6.80534 1.23762 9.98537 5.48413 4.50124 2.53489 4.60918
internal_count=1884 1097 787 762 683 119 28 91 564 467 379 328 317 256 112 61 144 66 55 140 32 46 46 39 11 97 60 37 28 53
is_linear=0
shrinkage=0.05


Tree=187
num_leaves=31
num_cat=0
split_feature=5 6 5 37 11 26 39 9 65 78 64 22 3 9 24 24 24 64 57 33 17 76 4 17 76 47 65 13 3 65
split_gain=0.409768 1.22164 1.71512 1.90751 1.13105 1.05073 0.970932 0.862332 1.1146 0.64369 1.26103 1.09883 0.893499 0.713278 1.02719 0.940845 0.842819 1.41674 1.35902 0.864214 0.851577 2.0771 1.35043 1.5507 2.34224 2.29715 2.02414 1.66623 1.4898 1.3182
threshold=0.0024500000290572648 0.00335000001359731 0.0034500000765547161 0.0016499999910593035 0.01625000033527613 0.0013499999768100681 0.0035500000230968003 0.0015499999863095584 1.0000000180025095e-35 0.016879879869520668 0.002650000038556755 0.010550000239163639 0.0010500000207684936 0.011049999855458738 0.0017499999958090486 0.0028499999316409235 1.0000000180025095e-35 0.0018500000005587938 0.0085500003769993799 0.0028499999316409235 0.0031500000040978198 0.021205288358032707 0.021450000815093521 0.0013499999768100681 0.01722997892647982 0.0010500000207684936 1.0000000180025095e-35 0.014549999963492157 0.0014499999815598132 1.0000000180025095e-35
decision_type=2 2 2 2 2 2 2 2 2 2 2 2 2 2 2 2 2 2 2 2 2 2 2 2 2 2 2 2 2 2
left_child=9 2 -2 5 -3 7 -7 -4 -9 10 13 12 -12 14 16 -16 20 18 19 -18 22 -22 23 25 -25 29 -26 -27 -29 -1
right_child=1 4 3 -5 -6 6 -8 8 -10 -11 11 -13 -14 -15 15 -17 17 -19 -20 -21 21 -23 -24 24 26 27 -28 28 -30 -31
leaf_value=0.0019512955399873105 0.055802542865312658 -0.051737720320139152 -0.034807493873252396 0.054013943596226549 0.00040423079250402611 0.051823609704511442 -0.038529155982697731 0.057899460614432456 -0.029947795358749658 0.030967733844314178 0.053132879404908712 0.020947529721137892 -0.058632369885334316 -0.026907007429114116 0.038727622164795431 -0.016434924636954756 -0.046688948907328276 0.0418446811133718 0.055543706891556924 0.014262350515552181 0.058066997461790372 0.002927727107029085 0.056886630439081931 -0.053497577234082827 0.0012750949801580459 -0.053900264345632637 -0.040014678267001329 0.061017906208472562 -0.029236525801178442 0.032292678179790854
leaf_weight=29.614544069045223 2.3983397274860199 1.1854933301219706 2.8667045067995787 1.6953669488138983 8.4765157538349722 1.169900996610522 0.39865481154993165 0.69951137900352456 0.7463217806071043 1.5460174084873859 0.1948212757706641 0.72322278656065453 2.1774814901873469 2.5380314841167992 3.0186799266375592 1.0390471285209057 3.873129501589573 0.80795040377415706 0.42906475951895107 0.68431283207610238 1.7738295143935818 45.986905055877287 0.89742224477231403 3.4784855106845525 12.707335472572597 3.0360342171043149 3.8728417423553756 0.74337837100028981 1.1877908760216085 4.0719366656849152
leaf_count=298 29 21 13 70 175 18 6 4 6 51 2 11 28 62 30 9 68 10 4 13 7 583 5 25 151 63 64 3 19 36
internal_value=-3.43655e-05 0.00667803 0.0189521 0.00728704 -0.0059934 -0.00618312 0.0288601 -0.018929 0.0125538 -0.00109391 -0.00149737 -0.0330056 -0.0494538 -0.000682962 -0.000115176 0.0246024 -0.00100147 -0.019576 -0.0295278 -0.0375369 9.43652e-07 0.00497559 -0.00398486 -0.00491529 -0.0161954 0.000938331 -0.00836948 -0.0308042 0.00550574 0.00561889
internal_weight=144.039 19.6368 9.9748 7.57646 9.66201 5.88109 1.56856 4.31254 1.44583 124.402 122.856 3.09553 2.3723 119.761 117.223 4.05773 113.165 5.79446 4.98651 4.55744 107.371 47.7607 59.6098 58.7123 20.0587 38.6537 16.5802 4.9672 1.93117 33.6865
internal_count=1884 342 146 117 196 47 24 23 10 1542 1491 41 30 1450 1388 39 1349 95 85 81 1254 590 664 659 240 419 215 85 22 334
is_linear=0
shrinkage=0.05


Tree=188
num_leaves=31
num_cat=0
split_feature=1 19 37 70 27 27 6 25 15 36 12 22 15 27 56 50 77 8 17 49 36 6 4 27 42 3 35 21 25 39
split_gain=0.39402 0.412049 0.795266 0.839057 0.600086 0.555711 1.31334 0.76866 0.789843 0.730122 0.670958 0.645575 0.682435 1.13426 1.65569 1.1232 0.902566 0.90858 1.09292 1.23343 1.3772 0.984025 0.84961 0.838666 1.46577 1.12474 1.68895 1.16657 1.00502 0.884585
threshold=1.0000000180025095e-35 0.065949998795986189 0.0018500000005587938 0.054700000211596496 0.0559499990195036 0.032300001010298736 0.13430000096559527 0.0087500000372529047 0.0024500000290572648 0.086449999362230315 0.095300000160932555 0.13255000114440921 0.01415000017732382 0.0034500000765547161 0.0064499999862164268 0.0010500000207684936 0.25178439170122152 0.059500001370906837 0.0029499999945983295 0.0012500000302679839 0.0029499999945983295 0.0021499999566003685 0.013849999755620958 0.0027499999850988392 0.002549999975599349 0.0029499999945983295 1.0000000180025095e-35 0.0013499999768100681 0.0053499999921768912 0.0012500000302679839
decision_type=2 2 2 2 2 2 2 2 2 2 2 2 2 2 2 2 2 2 2 2 2 2 2 2 2 2 2 2 2 2
left_child=1 4 -3 -4 5 7 -7 9 10 11 -9 12 16 14 22 -15 17 23 19 20 21 -19 -14 28 25 27 -27 -25 -1 -28
right_child=-2 2 3 -5 -6 6 -8 8 -10 -11 -12 -13 13 15 -16 -17 -18 18 -20 -21 -22 -23 -24 24 -26 26 29 -29 -30 -31
leaf_value=0.00061905423174118935 0.03032147590449439 -0.051118810612079985 0.042042714215865945 -0.026835976740659108 -0.044894328018140611 0.053031726654822191 -0.026864269099057828 -0.037902763535039775 -0.0049517372776257031 -0.033001579337788932 0.04433359865302941 0.044939375350127306 -0.045557798925974155 0.032971318746623388 0.030157428887167194 -0.02509399290241339 0.035125411971349357 -0.023716051297402618 0.045344683873092297 0.047368982375832397 -0.039222536589865291 0.056638315964793753 0.0080059967127730277 0.031424187967164952 0.040624523333078894 -0.049671062334905043 0.040806979659270298 -0.053160091753855249 0.040721311507670888 -0.052593531014241718
leaf_weight=89.412022346630692 1.0609699147753406 0.36579392850398962 2.0965125798538797 0.5603074668906628 0.76252755330642585 1.4311969206901261 0.8029232951812445 3.37206456111744 10.896272972400764 1.6066654864698637 0.26772454008460034 0.82752171717584033 4.3408109983429295 2.1807851872872566 1.1365308375097809 1.3474282121751455 1.9905704937991675 0.64439107850193911 2.459593384352047 1.2282292847521601 1.9264818169176576 0.9321338003501296 0.8925358336418866 1.5207821605727061 1.0422483170405028 4.2318850085139275 0.94272890151478328 0.55691277654841531 1.5901242592371989 0.34674119902774692
leaf_count=787 91 7 70 10 59 15 26 66 271 26 4 8 77 33 16 31 37 9 34 10 27 6 15 10 13 74 13 14 15 10
internal_value=-3.54774e-05 -0.000262753 0.0180002 0.0275166 -0.000660778 -0.000416234 0.0243178 -0.000823467 -0.011688 0.000480021 -0.0318539 0.000929988 0.000623234 -0.0119464 -0.0245432 0.0107961 0.00176649 0.00114494 0.0183094 0.00425482 -0.0108619 0.0237942 -0.0364226 -9.37459e-05 -0.0149797 -0.0226061 -0.0344062 0.00875192 0.00131978 0.0156914
internal_weight=142.773 141.712 3.02261 2.65682 138.69 137.927 2.23412 135.693 14.5361 121.157 3.63979 119.55 118.723 9.89809 6.36988 3.52821 108.825 106.834 7.19083 4.73124 3.50301 1.57652 5.23335 99.6434 8.6413 7.59905 5.52136 2.07769 91.0021 1.28947
internal_count=1884 1793 87 80 1706 1647 41 1606 341 1265 70 1239 1231 172 108 64 1059 1022 86 52 42 15 92 936 134 121 97 24 802 23
is_linear=0
shrinkage=0.05


Tree=189
num_leaves=31
num_cat=0
split_feature=5 6 5 37 11 26 19 11 3 4 62 9 11 78 60 43 22 21 3 79 76 5 15 48 36 19 55 27 8 11
split_gain=0.384079 1.13852 1.6223 1.8025 1.0601 0.992426 1.02415 0.815247 1.47588 0.624348 0.917605 1.93853 1.62855 1.5576 1.17288 0.98592 1.48621 1.05142 1.70776 1.04363 1.47797 1.09143 1.18494 1.90447 1.00507 1.29158 1.08901 1.04929 1.94072 2.39514
threshold=0.0024500000290572648 0.00335000001359731 0.0034500000765547161 0.0016499999910593035 0.01625000033527613 0.0013499999768100681 0.0059500001370906839 0.0030500000575557355 0.0019500000635161998 0.049799999222159393 1.0000000180025095e-35 0.0022500000195577745 0.040950000286102302 0.00029999000253155833 0.0015499999863095584 1.0000000180025095e-35 0.02055000048130751 0.0018500000005587938 0.0054500000551342973 0.96922358870506298 0.33471797406673437 0.0010500000207684936 1.0000000180025095e-35 0.00035000000207219278 0.048899998888373382 0.015150000341236593 1.0000000180025095e-35 0.0023500000825151805 0.02055000048130751 0.0031500000040978198
decision_type=2 2 2 2 2 2 2 2 2 2 2 2 2 2 2 2 2 2 2 2 2 2 2 2 2 2 2 2 2 2
left_child=9 2 -2 5 -3 7 -7 8 -4 10 15 12 -12 -13 -14 16 17 -1 -19 20 -17 22 23 -21 25 26 27 28 29 -20
right_child=1 4 3 -5 -6 6 -8 -9 -10 -11 11 13 14 -15 -16 19 -18 18 24 21 -22 -23 -24 -25 -26 -27 -28 -29 -30 -31
leaf_value=-0.0016217826321600793 0.055338946020643279 -0.051610209037356206 -0.026187473647980065 0.053829330722096384 0.00035820597698255606 0.054173134793214485 -0.038411802690331211 -0.043720418847807155 0.058181995788636177 -0.019048829207856957 0.036160796532670972 -0.044074975157895636 -0.046855276145738659 0.012873533891777762 0.051420190864675031 0.038822359354808718 0.045678351989226068 -0.047418624600777129 0.05695427543746328 0.03366558791923651 0.00016417457234255833 0.041128645779562767 -0.052115340950820835 -0.051720762963813539 0.035665406923587765 -0.03739976522077413 0.026186351162501394 0.0084271671113746848 0.020710774396639726 -0.051186489125729852
leaf_weight=65.802448287780862 2.2971922912402096 1.1117491918848816 1.6247218744829299 1.6139723031956235 8.3641212658258137 1.092031027190387 0.41114822309464205 1.817188822198659 0.76119922101497639 4.6420079149538642 7.1202558791264874 2.2340707930270574 1.1304478142410515 2.5957926117698662 0.41507814731448878 4.9309118865057808 1.4837352969916526 3.2987821841379654 0.57766692340374515 1.7339185569435351 4.9588534031063318 0.93425055220723141 1.6363545991480348 1.0475772689096627 1.2104061301797617 3.7621202510781577 2.4100533602759233 4.3488992570200935 1.866905211471021 4.5059889801777899
leaf_count=612 29 21 9 70 175 17 7 10 4 99 54 61 23 59 6 60 21 101 3 14 100 8 32 10 14 73 29 85 19 59
internal_value=-3.51581e-05 0.00656146 0.0186808 0.00717697 -0.00573895 -0.00601822 0.0288494 -0.0184881 0.000729583 -0.0010621 -0.00035455 0.011915 0.0260623 -0.0134682 -0.0204617 -0.00193896 -0.00394569 -0.00478445 -0.0142523 0.00981382 0.0194387 -0.00797123 -0.0183545 0.00150706 -0.00839595 -0.0114484 -0.00432697 -0.0108351 -0.0228874 -0.0388982
internal_weight=141.74 19.0933 9.61745 7.32026 9.47587 5.70629 1.50318 4.20311 2.38592 122.647 118.005 13.4956 8.66578 4.82986 1.54553 104.509 89.267 87.7833 21.9808 15.2419 9.88977 5.3521 4.41785 2.7815 18.682 17.4716 13.7095 11.2995 6.95056 5.08366
internal_count=1884 342 146 117 196 47 24 23 13 1542 1443 203 83 120 29 1240 1016 995 383 224 160 64 56 24 282 268 195 166 81 62
is_linear=0
shrinkage=0.05


Tree=190
num_leaves=31
num_cat=0
split_feature=33 40 44 0 33 9 3 7 45 8 19 55 55 17 65 29 78 2 33 2 65 11 76 9 26 16 17 62 15 77
split_gain=0.387396 0.470977 1.30589 1.52757 0.95262 0.971037 0.804052 0.871497 0.729945 0.997402 0.863387 1.1418 1.76441 1.43399 1.12029 0.752733 1.78576 1.06982 1.23583 1.00629 0.829951 1.04612 1.41262 1.38754 1.39031 1.89506 1.48345 1.3902 1.27554 1.29137
threshold=0.19695000350475314 0.0013499999768100681 1.0000000180025095e-35 0.0011500000255182388 0.012349999975413086 0.0022500000195577745 0.0087500000372529047 0.0015499999863095584 0.0072500000242143878 0.41320000588893896 0.056399999186396606 0.0043500000610947618 0.0012500000302679839 0.0018500000005587938 0.0035500000230968003 0.021300000138580803 0.00039996500709094113 0.070100001990795149 0.050700001418590553 0.11934999749064447 0.0014499999815598132 0.0027499999850988392 0.17548104375600818 0.0073500000871717939 0.002549999975599349 0.0010500000207684936 0.010549999773502352 0.0014499999815598132 0.0010500000207684936 0.0062436042353510865
decision_type=2 2 2 2 2 2 2 2 2 2 2 2 2 2 2 2 2 2 2 2 2 2 2 2 2 2 2 2 2 2
left_child=1 8 3 4 -3 -6 -4 -8 10 -10 11 12 15 -14 -15 17 -17 18 20 -19 -1 28 23 24 25 -23 -26 -27 -22 -30
right_child=-2 2 6 -5 5 -7 7 -9 9 -11 -12 -13 13 14 -16 16 -18 19 -20 -21 21 22 -24 -25 26 27 -28 -29 29 -31
leaf_value=-0.0013873397808012783 0.03724760361552331 -0.048076421952793325 0.02227254392450265 0.052523621759086363 0.070361658489000639 -0.051379734180295136 -0.011203681649115097 0.05172160925986468 -0.035842923749676563 0.033474853267930899 0.040861464116035633 -0.038153555087222901 -0.05524578710822519 0.043114106260782672 -0.034976658507447141 0.039380524648048976 -0.02424454380142281 -0.043858962419648533 -0.052905257162909558 0.028399889765283307 0.057600155475133835 -0.039205821253955865 0.024962993198951795 0.060941492700741166 0.048540520164558447 -0.026417012693578795 -0.039167264355231379 0.058375427357073344 -0.054439177624433115 0.056971754435387337
leaf_weight=82.341434684465639 0.69329243930405837 3.8716601895284866 3.2357146369758985 0.51201589312404383 0.37174856662750233 0.29280688846483827 8.0965655527543241 0.5903653882560328 2.6602004230953749 0.64471325022168446 1.377140947501174 1.8293109884834837 0.4708742992952456 4.8699617012171075 0.50709505937993515 3.4518699424806973 1.6205755581613628 2.469235247932374 1.0836376418592397 0.59862478496506799 2.211626091040674 4.9766521644778514 5.5748631503665811 0.70830970443785268 1.5990048709791156 0.90220330096781243 0.69019225984811772 1.0413483958691356 0.63473419472575165 0.44067384302616119
leaf_count=840 20 159 52 8 1 16 155 19 60 7 62 34 7 58 8 49 49 33 21 8 13 59 95 4 13 6 6 6 10 6
internal_value=-3.57004e-05 -0.00022076 -0.00802783 -0.029343 -0.0385835 0.0167217 0.000997337 -0.00692727 0.000859013 -0.0223206 0.00150061 0.00104133 0.00165841 0.0284227 0.0357496 0.000239986 0.0190532 -0.000666509 0.000206763 -0.0297593 0.000775924 0.010261 0.00482529 -0.00649435 -0.0116809 -0.0228545 0.0220966 0.0190145 0.0358808 -0.00878592
internal_weight=140.368 139.675 16.9709 5.04823 4.53622 0.664555 11.9226 8.68693 122.704 3.30491 119.399 118.022 116.193 5.84793 5.37706 110.345 5.07245 105.273 102.205 3.06786 101.121 18.7796 15.4926 9.91771 9.2094 6.9202 2.2892 1.94355 3.28703 1.07541
internal_count=1884 1864 410 184 176 17 226 174 1454 67 1387 1325 1291 73 66 1218 98 1120 1079 41 1058 218 189 94 90 71 19 12 29 16
is_linear=0
shrinkage=0.05


Tree=191
num_leaves=31
num_cat=0
split_feature=15 60 78 74 47 61 53 76 35 26 7 61 46 55 2 11 41 55 34 9 36 22 15 24 79 57 29 41 3 27
split_gain=0.380694 0.45744 0.853897 0.567454 0.563605 0.461004 0.453375 1.39413 1.07702 0.75744 0.70748 0.557802 0.950004 0.620309 1.13927 1.12905 1.06336 0.919836 0.746431 0.866484 1.19778 1.24308 1.53547 1.29022 1.65369 1.36766 1.43671 1.23446 1.35859 1.26042
threshold=0.53134998679161083 0.015300000086426737 0.00039994499820750212 0.0017499999958090486 0.088500000536441817 0.018649999983608726 0.0040500001050531873 0.080461930483579649 0.0010500000207684936 0.011049999855458738 0.002549999975599349 0.0079999999143183249 0.011549999937415125 0.003249999950639904 0.0066499998793005952 0.070250000804662718 0.0010500000207684936 0.0028499999316409235 0.0012500000302679839 0.0012500000302679839 0.038399999961256988 0.0035500000230968003 0.012349999975413086 1.0000000180025095e-35 0.85230326652526867 1.0000000180025095e-35 0.0056499999482184657 0.0039500000420957812 0.019350000657141212 0.0027499999850988392
decision_type=2 2 2 2 2 2 2 2 2 2 2 2 2 2 2 2 2 2 2 2 2 2 2 2 2 2 2 2 2 2
left_child=1 4 -3 -4 6 -5 11 -8 10 -10 -9 12 13 17 -15 -16 -17 18 19 20 21 23 -23 25 -25 27 -27 29 -29 -1
right_child=-2 2 3 5 -6 -7 7 8 9 -11 -12 -13 -14 14 15 16 -18 -19 -20 -21 -22 22 -24 24 -26 26 -28 28 -30 -31
leaf_value=0.0026656521057782634 -0.051128125887701097 0.049575533776894623 0.026343821446832685 -0.033149436417541263 -0.039690855946429196 0.05194680332861188 -0.056082314003860739 0.05463918596356087 -0.054337095508094804 0.050582187259888056 -0.021253163192609916 0.041173981386330209 -0.036689129119732815 0.036010972954165159 -0.050235639282853108 0.03433122295889534 -0.027480461312346167 0.040080282512342968 0.026468451151422708 -0.0053219697598578938 -0.045763424958431748 0.04718141061946747 -0.021024294730864129 0.039524952280162555 -0.035442727673803222 0.053622405855379446 -0.014077016588719158 0.053457239898374198 -0.019271783679057724 -0.02889251874974107
leaf_weight=42.622573939850554 0.3636177254957137 1.3263831492513412 1.1158835662354252 1.1835189113626254 0.90579313226044078 0.18388481886358921 0.56684167310595457 2.244463518494741 0.55658833123743523 0.24896467267535627 0.35575919502298337 0.7932758181123053 1.8261871160357248 0.90813212422653933 2.3753031361848116 1.1243815259076657 1.8253535780822856 1.4446963686496008 2.5948767228401257 53.657804022834171 1.2197074554860581 3.2701457887887946 1.103648413904011 0.89670756203122337 4.0945212210062891 2.6563793779350813 1.1116298139095304 2.2486534425988789 0.89875815529376257 3.4176601032959288
leaf_count=315 21 24 66 34 29 11 8 25 9 8 24 9 57 12 39 12 30 16 82 846 16 23 17 10 34 20 11 15 13 48
internal_value=-3.44614e-05 9.94106e-05 0.0171857 -0.000114412 -0.000382873 -0.0217059 -0.00011729 0.0165218 0.0286057 -0.0219107 0.0442557 -0.000625403 -0.000881854 -0.000368869 -0.0157516 -0.0245792 -0.00391905 0.000422 -5.62766e-05 -0.000643559 0.00330721 0.00426759 0.0299709 0.00232752 -0.0219743 0.00461804 0.0336499 0.00239406 0.0326891 0.000323025
internal_weight=139.142 138.778 3.80967 2.48329 134.969 1.3674 134.063 3.97262 3.40578 0.805553 2.60022 130.09 129.297 127.471 6.23317 5.32504 2.94974 121.238 119.793 117.198 63.5404 62.3207 4.37379 57.9469 4.99123 52.9557 3.76801 49.1876 3.14741 46.0402
internal_count=1884 1863 135 111 1728 45 1699 74 66 17 49 1625 1616 1559 93 81 42 1466 1450 1368 522 506 40 466 44 422 31 391 28 363
is_linear=0
shrinkage=0.05


Tree=192
num_leaves=31
num_cat=0
split_feature=3 76 46 74 65 59 47 39 41 71 30 62 76 11 4 43 64 76 3 77 56 4 8 76 76 12 19 11 3 13
split_gain=0.391816 2.0704 1.45741 1.42207 1.07116 1.42021 1.39687 1.71633 1.42702 1.36905 1.32011 1.54968 1.38621 2.64022 2.1186 1.5784 1.48387 2.20396 2.13403 1.45719 1.44853 1.5899 1.64358 1.6357 1.67055 1.38047 1.80982 1.29022 1.29702 1.26697
threshold=0.0081500001251697558 0.040163332596421249 0.0015499999863095584 0.0014499999815598132 0.0014499999815598132 1.0000000180025095e-35 0.0011500000255182388 0.0010500000207684936 0.0041499999351799497 0.0012500000302679839 0.0012500000302679839 0.0010500000207684936 0.080461930483579649 0.0011500000255182388 0.0017499999958090486 0.0018500000005587938 0.0010500000207684936 1.0000000180025095e-35 0.0023500000825151805 0.0012500000302679839 0.080800000578165068 0.0010500000207684936 0.0023500000825151805 0.027811379171907905 0.018411995843052868 0.0012500000302679839 1.0000000180025095e-35 0.0113500002771616 0.0030500000575557355 0.0043500000610947618
decision_type=2 2 2 2 2 2 2 2 2 2 2 2 2 2 2 2 2 2 2 2 2 2 2 2 2 2 2 2 2 2
left_child=2 -2 3 4 5 9 7 -6 -8 10 11 12 13 14 16 -14 17 -1 25 -16 21 -15 23 24 -23 26 -19 28 29 -24
right_child=1 -3 -4 -5 6 -7 8 -9 -10 -11 -12 -13 15 20 19 -17 -18 18 -20 -21 -22 22 27 -25 -26 -27 -28 -29 -30 -31
leaf_value=-0.025929788692697211 0.042828427827116093 0.00080718489413802985 0.041020389739943125 -0.042222100500815984 0.031971684020654985 0.01257096637644255 -0.054066645245949785 -0.02010223748091787 0.055488845670724957 -0.039266404435329763 -0.040559276424296742 0.040179963586354485 0.023610806201341483 -0.056702869013928694 -0.05316585895587829 -0.060152270575592449 0.072404703619091279 0.056275344120438955 -0.032471094650903476 0.00051740094732876556 0.044256835956639345 -0.037068121792824621 0.055678317742298103 -0.053249989738758718 0.019705809886026254 -0.021528533832644237 -0.014080983544914404 0.056701203868178743 -0.059647330653958865 -0.035910456266988626
leaf_weight=3.2007869742810753 3.0779151464812449 61.526782203407492 1.8723382809548628 2.314229904790408 6.9213786956388486 9.5890094831120205 1.3174295187927771 2.0513071636087261 0.3838381441310047 3.36104750575032 2.6349310874938956 1.8890707055106748 5.7172850342467418 3.5610441421158674 2.3040776476263991 0.62376939225941885 1.0158068095333863 4.8950439635664207 1.4459546748548744 2.8005971894599497 0.74244672805070777 2.8422761932015401 0.90360491303727009 4.1454724464565516 2.3811919987201691 0.95643883943557728 1.1239152702037243 1.0531222876161335 0.84259880706667889 0.64864139817655087
leaf_count=7 22 1075 25 79 53 97 25 38 3 88 51 11 56 43 25 5 7 25 11 21 4 20 7 35 13 7 9 7 8 7
internal_value=-3.18331e-05 0.00280917 -0.00252769 -0.00366542 -0.00237881 -0.00502909 0.0121906 0.0200667 -0.0293489 -0.00846707 -0.00620329 -0.00410259 -0.0061328 -0.010044 0.00347222 0.015371 0.0144529 0.00938779 0.0228113 -0.0237134 -0.0240515 -0.0271481 -0.0189366 -0.0297986 -0.0111869 0.034271 0.0431378 0.010578 -0.00970442 0.0174059
internal_weight=138.143 64.6047 73.5387 71.6663 69.3521 58.6781 10.674 8.97269 1.70127 49.0891 45.7281 43.0931 41.2041 34.863 17.7426 6.34105 12.6379 11.6221 8.42135 5.10467 17.1204 16.378 12.8169 9.36894 5.22347 6.9754 6.01896 3.44797 2.39485 1.55225
internal_count=1884 1097 787 762 683 564 119 91 28 467 379 328 317 256 112 61 66 59 52 46 144 140 97 68 33 41 34 29 22 14
is_linear=0
shrinkage=0.05


Tree=193
num_leaves=31
num_cat=0
split_feature=15 28 69 3 29 16 16 54 22 44 13 70 10 17 64 76 76 6 3 5 9 2 2 5 2 33 12 79 27 76
split_gain=0.39077 1.27178 1.38867 1.25261 1.78966 1.1196 1.87649 1.48389 1.20563 1.36264 1.31807 1.57509 1.5939 1.32224 2.52284 2.76549 2.0112 1.78638 1.7963 1.53171 1.99981 1.51858 1.4971 1.38923 1.48125 1.36309 1.4763 1.99098 1.86023 1.71169
threshold=0.0010500000207684936 0.0013499999768100681 0.0016499999910593035 0.015050000045448543 0.0079499999992549437 0.0021499999566003685 0.0014499999815598132 0.0011500000255182388 0.0014499999815598132 0.0036499999696388845 0.019899999722838405 0.0018500000005587938 0.0016499999910593035 0.0010500000207684936 0.0010500000207684936 1.0000000180025095e-35 0.012880790513008835 0.0018500000005587938 0.0016499999910593035 0.0018500000005587938 0.0012500000302679839 0.015050000045448543 0.026399999856948856 0.0027499999850988392 0.013499999884516002 0.003249999950639904 1.0000000180025095e-35 0.96362727880477916 0.0016499999910593035 0.042230535298585899
decision_type=2 2 2 2 2 2 2 2 2 2 2 2 2 2 2 2 2 2 2 2 2 2 2 2 2 2 2 2 2 2
left_child=1 3 -3 5 -5 6 7 8 9 10 11 12 13 14 15 -1 -15 18 -18 20 -17 -22 -19 25 -25 26 27 -20 29 -29
right_child=-2 2 -4 4 -6 -7 -8 -9 -10 -11 -12 -13 -14 16 -16 19 17 22 23 -21 21 -23 -24 24 -26 -27 -28 28 -30 -31
leaf_value=-0.0324984613715723 -0.0029418144248336284 -0.051977134589852703 0.039765374884744742 0.037242822269312838 -0.0088124039184162561 0.058098737760048536 -0.049337789966879098 0.048459560010929242 -0.037421551903411045 0.041725443417308911 -0.029878104510802486 0.03580984709272491 0.054994054887695258 -0.051827079636407848 0.078369977677234748 0.016742535265450231 -0.030996275073592275 -0.050074283798768618 0.042836722574148417 0.057437356959766719 -0.047945400843338218 0.028844474662453781 0.041521193540244417 0.05652319980379579 -0.038667460047729071 0.056960642516231175 -0.039862685416088811 -0.058434214169080269 0.058285533133689962 0.0033497572286826948
leaf_weight=4.3159642145037713 62.695534090918954 1.9656146967317902 0.52201913576573122 5.9301254829333612 3.2739202416560147 0.84990605269558628 1.8456787029281247 1.6602182146161784 2.0210627997294059 2.0671918404404996 3.3782176012173286 3.2940305592492214 1.2842891514301289 2.5355455838143852 1.1794375502504397 12.054128515592312 3.345661558210856 3.072983536869287 2.5349063847679627 1.6934723034501065 2.395949923433363 0.88040608353912819 0.52187375538051117 2.4256037485320117 0.49148413725197304 1.0155224576592434 2.217291894601658 1.9748471733182666 0.82336243428289879 2.5928611354902387
leaf_count=11 1126 28 5 130 103 7 14 11 18 22 37 23 6 14 10 100 28 31 21 10 29 6 4 20 5 6 21 16 5 17
internal_value=-3.59795e-05 0.00242052 -0.0327254 0.00364032 0.0208608 0.00110321 0.000317115 0.00185028 0.000518781 0.00188574 0.000361412 0.00237832 5.28415e-05 -0.00147871 0.00718385 0.00324946 -0.00976147 -0.00468642 0.00193536 0.0123124 0.00732767 -0.0273108 -0.0367772 0.0097628 0.040485 0.00173152 -0.00379791 0.00629121 -0.0108927 -0.0233625
internal_weight=136.859 74.1636 2.48763 71.6759 9.20405 62.4719 61.622 59.7763 58.1161 56.095 54.0278 50.6496 47.3556 46.0713 22.5194 21.3399 23.5519 21.0164 17.4215 17.024 15.3305 3.27636 3.59486 14.0759 2.91709 11.1588 10.1433 7.92598 5.39107 4.56771
internal_count=1884 758 33 725 233 492 485 471 460 442 420 383 360 354 166 156 188 174 139 145 135 35 35 111 25 86 80 59 38 33
is_linear=0
shrinkage=0.05


Tree=194
num_leaves=31
num_cat=0
split_feature=15 60 78 74 47 32 28 61 58 58 28 54 6 22 41 76 2 25 15 33 26 5 70 21 64 59 60 9 15 22
split_gain=0.360815 0.425834 0.808821 0.521596 0.511617 0.447004 0.587694 0.429634 0.424421 0.851551 0.825984 0.707372 0.663959 0.657602 0.969472 0.663661 0.785681 1.18316 1.28515 1.51862 1.44919 1.09735 1.4356 1.2539 1.15789 1.07437 1.01306 1.36452 1.59193 1.64357
threshold=0.53134998679161083 0.015300000086426737 0.00039994499820750212 0.0017499999958090486 0.088500000536441817 0.0013499999768100681 0.067350000143051161 0.018649999983608726 0.016400000080466274 0.003249999950639904 0.020750000141561035 0.034600000828504569 0.5247500240802766 0.063499998301267638 0.0053499999921768912 0.87724488973617565 0.030799999833106998 0.0041499999351799497 0.0015499999863095584 0.0043500000610947618 0.0049499999731779107 0.0010500000207684936 0.002549999975599349 0.0034500000765547161 0.002650000038556755 0.0042499999981373557 0.0023500000825151805 0.0010500000207684936 0.0085500003769993799 0.0011500000255182388
decision_type=2 2 2 2 2 2 2 2 2 2 2 2 2 2 2 2 2 2 2 2 2 2 2 2 2 2 2 2 2 2
left_child=1 4 -3 -4 5 6 8 -5 9 10 11 12 13 15 -15 16 21 18 19 20 -18 22 24 25 26 -24 27 28 29 -1
right_child=-2 2 3 7 -6 -7 -8 -9 -10 -11 -12 -13 -14 14 -16 -17 17 -19 -20 -21 -22 -23 23 -25 -26 -27 -28 -29 -30 -31
leaf_value=0.0034376618745351889 -0.05107113085175994 0.049146530798944127 0.025418702400206158 -0.032103291821699985 -0.038514871290978685 0.04180940914690609 -0.041609807293239619 0.051855294428668097 -0.037613787159407941 0.021566451430717642 -0.038525921867275562 0.05481769779718481 -0.052759740624806734 0.047964139086099894 -0.01464260925956614 0.053597334812745201 -0.029134052749769896 0.0094912778013749415 -0.040749484161137883 0.05312548529948851 0.012195826426069797 0.010644539001146459 0.051724732300568732 -0.016417651181678997 -0.039921336911962368 -0.017649351625157385 -0.030796070683356148 -0.009802073346191615 -0.042587935436031989 0.038820978064501015
leaf_weight=32.321946385665797 0.34544679493410413 1.2706560742808499 1.1007908423489428 1.1596335128415374 0.87354228727053751 0.6324992838781317 0.85637767933076148 0.17542347661219526 0.74769403610844065 4.4861071398481718 1.4198279335396353 0.58210523426532645 0.60319532407447596 1.6507411664351814 0.9887046250514685 0.5596701834583645 5.8308220112230629 5.582981636049225 4.2377027550246558 0.92486019595526237 3.3335961457341909 22.174181839218363 3.0158711822004984 1.4174502012319861 2.1571113276295355 0.68480986077338446 3.0684214242501175 27.805995258502662 1.692560901865362 3.6528591252863398
leaf_count=247 21 24 66 34 29 51 55 11 20 84 57 5 13 16 17 10 57 85 66 13 42 267 27 23 38 7 36 413 28 22
internal_value=-3.62773e-05 9.43061e-05 0.0168076 -6.18849e-05 -0.000377493 -0.000122068 -0.000326402 -0.0210713 -5.22094e-05 0.000166873 -0.00060917 -0.000168928 -0.000431928 -0.000171285 0.0245124 -0.000721267 -0.000979114 -0.0100342 -0.0176429 -0.00793772 -0.0141001 0.000860707 -0.00200077 0.0235706 -0.00385197 0.0388871 -0.00271681 -0.00140087 0.00480089 0.00703046
internal_weight=135.354 135.008 3.7065 2.43585 131.302 130.428 129.796 1.33506 128.939 128.192 123.705 122.286 121.703 121.1 2.63945 118.461 117.901 19.91 14.327 10.0893 9.16442 97.9912 75.817 5.11813 70.6989 3.70068 68.5418 65.4734 37.6674 35.9748
internal_count=1884 1863 135 111 1728 1699 1648 45 1593 1573 1489 1432 1427 1414 33 1381 1371 263 178 112 99 1108 841 57 784 34 746 710 297 269
is_linear=0
shrinkage=0.05


Tree=195
num_leaves=31
num_cat=0
split_feature=31 15 4 12 36 49 27 77 19 49 12 12 44 76 79 69 13 30 61 3 13 37 39 33 78 12 33 3 2 12
split_gain=0.367719 0.752832 0.700562 0.914814 0.677825 0.882228 0.841581 0.792382 0.908012 0.910734 0.647245 0.837287 0.760328 0.746745 0.838855 0.626738 0.605644 1.21941 1.0494 0.876496 0.8721 0.786962 0.898445 1.21974 0.97503 1.05601 1.15843 1.25695 1.34955 1.13655
threshold=0.0010500000207684936 0.12860000133514407 0.0023500000825151805 0.10315000265836717 0.018050000071525577 0.0044499998912215242 0.0019500000635161998 0.0025491549167782073 0.025349999777972702 0.0011500000255182388 0.017450000159442428 0.003249999950639904 0.002549999975599349 0.4011122882366181 0.57482090592384349 0.0022500000195577745 0.027900000102818016 0.0012500000302679839 0.0011500000255182388 0.029450000263750557 0.025549999438226226 0.037399999797344215 0.0019500000635161998 0.0097500002011656779 0.0033956177067011599 0.0096500003710389155 0.0029499999945983295 1.0000000180025095e-35 0.083700001239776625 0.017849999479949478
decision_type=2 2 2 2 2 2 2 2 2 2 2 2 2 2 2 2 2 2 2 2 2 2 2 2 2 2 2 2 2 2
left_child=4 2 10 -4 16 7 -7 -6 -9 -10 11 -2 -12 -14 -15 -11 20 18 -18 -20 21 22 24 -24 25 -1 27 -27 -29 -28
right_child=1 -3 3 -5 5 6 -8 8 9 15 12 -13 13 14 -16 -17 17 -19 19 -21 -22 -23 23 -25 -26 26 29 28 -30 -31
leaf_value=0.0021918490852303038 0.045015422242951325 -0.036259028396605136 0.033899820082151734 -0.0070330737285425205 0.024819682777836225 -0.022013139842616755 0.053179254195241388 -0.04391225060679263 0.042165650388390576 -0.052345536297375594 -0.058550618587444585 -0.053816274252753885 0.038416374527672686 0.030603056602804071 -0.044611573423926021 0.034119384678006619 0.03407764821996679 -0.026328067379335237 -0.05303399911994993 0.025788107481021103 -0.044479852541176396 0.051787895514037466 -0.025030750203854313 0.054970759430248907 0.038562056531815755 0.035444085924210639 0.034305233143248119 -0.04499656591718048 0.054055058669822367 -0.0091247503533582082
leaf_weight=79.279105996072758 0.27105697803198925 0.88617462536785829 4.7418569410801865 1.9167334766243582 0.75355548784136672 0.67699634004384257 0.82633649371564388 3.7419729607645422 0.73403802514076222 0.80670990049838998 0.38240465521812472 1.0234382716007528 1.7260237485170367 0.68861520010977961 0.80294707347638905 0.2831350777996704 4.9270906973979427 1.5468176594004033 0.72736603487282969 0.68468655904871412 1.1350304323714215 0.71699098445242171 6.02861890324857 0.5173264315817504 1.6477495795697894 0.658546587452295 1.7979972222819913 4.800119339604862 0.37041653878986824 9.2896287537296285
leaf_count=799 4 42 88 38 9 13 9 71 9 11 5 18 23 14 14 5 66 30 10 38 18 27 141 7 71 9 20 98 4 173
internal_value=-3.51051e-05 0.00815406 0.0115607 0.0221169 -0.000870422 -0.0151086 0.0193178 -0.0232983 -0.0298129 -0.000886064 -0.00280016 -0.0331217 0.00810295 0.0160246 -0.00988695 -0.0298825 0.000105516 0.0134747 0.0231869 -0.0148142 -0.000886832 -0.000416077 -0.000774636 -0.0187082 0.00042516 -0.000228091 -0.011569 -0.0296143 -0.0379005 -0.00208204
internal_weight=134.389 12.4393 11.5531 6.65859 121.95 7.82274 1.50333 6.31941 5.56586 1.82388 4.89449 1.2945 3.59999 3.21759 1.49156 1.08984 114.127 7.88596 6.33914 1.41205 106.242 105.107 104.39 6.54595 97.8436 96.1958 16.9167 5.82908 5.17054 11.0876
internal_count=1884 246 204 126 1638 127 22 105 96 25 78 22 56 51 28 16 1511 144 114 48 1367 1349 1322 148 1174 1103 304 111 102 193
is_linear=0
shrinkage=0.05


Tree=196
num_leaves=31
num_cat=0
split_feature=26 72 1 19 37 28 56 62 2 77 4 3 37 3 76 46 65 59 73 62 2 2 4 47 41 29 13 41 19 15
split_gain=0.367797 0.522523 0.510624 0.442118 0.73545 0.863369 0.580577 0.53088 0.474721 0.913452 2.0487 1.30252 1.20314 0.825063 1.53242 1.4669 1.29263 1.53997 1.75734 1.69995 1.6804 1.45627 1.33201 1.30847 1.30418 1.2674 1.86876 1.25669 1.09403 1.06925
threshold=0.33859999477863317 0.0029499999945983295 1.0000000180025095e-35 0.063299998641014113 0.0018500000005587938 0.012550000101327898 0.0051500000990927228 0.014500000048428776 0.028500000014901165 0.0070842807181179532 0.010250000283122064 0.0045499999541789302 0.0053499999921768912 0.0081500001251697558 0.040163332596421249 0.0015499999863095584 0.0014499999815598132 1.0000000180025095e-35 1.0000000180025095e-35 0.0010500000207684936 0.0071499999612569818 0.0058500000741332778 0.014750000089406969 0.0011500000255182388 0.0041499999351799497 1.0000000180025095e-35 0.0029499999945983295 0.0020500000100582842 0.0027499999850988392 0.0010500000207684936
decision_type=2 2 2 2 2 2 2 2 2 2 2 2 2 2 2 2 2 2 2 2 2 2 2 2 2 2 2 2 2 2
left_child=1 2 3 7 -5 -6 -7 8 13 10 -10 -11 -12 15 -15 16 17 19 25 20 21 29 -22 27 -25 26 -19 -18 -29 -1
right_child=-2 -3 -4 4 5 6 -8 -9 9 11 12 -13 -14 14 -16 -17 23 18 -20 -21 22 -23 -24 24 -26 -27 -28 28 -30 -31
leaf_value=-0.0068294616738678636 0.05255675080886061 -0.047308055002189146 0.038498538009137835 -0.051051086435068366 0.050140160067031703 -0.052383227339630467 0.033479731269689054 -0.052226325171785638 -0.043139951926720016 0.042052751280150728 0.048378519638254819 -0.0052818123338171799 -0.050368804848041848 0.041503516213205097 0.0040056410122308516 0.043193050983412189 0.035205335209341326 0.032330040478946769 -0.033049527211030938 0.036866649702289991 -0.042211270633781633 0.030593965515819579 0.056474019909374555 -0.053889920416986585 0.056972872696072124 0.042394162232839774 -0.057368786936609753 -0.06188370773399432 0.015730119494313931 -0.030542939511150436
leaf_weight=30.483290729578584 0.33161013340577383 0.58522159897256543 0.85758597491076116 0.32400805782526676 1.6178953436319718 0.43478397419676174 0.35979013575706631 0.49663480732124199 4.0723641701042679 1.5819052876904631 1.2121947370469568 17.882760593143757 0.4137515341863035 2.9532861742191008 35.188253499334678 1.7211589955259103 5.4110273148398829 1.4614545470103606 1.6127605023793874 1.8579868082888413 5.7355219728779039 2.2894998923875383 0.36361172795295704 1.1582225901074705 0.344093658030033 4.0512578664347529 0.96345152426511038 0.69423827063292298 1.3122554603032766 5.6319451135350382
leaf_count=216 9 58 85 7 49 7 15 21 52 13 12 330 4 19 508 20 53 13 38 17 101 24 2 22 2 27 12 5 15 128
internal_value=-3.52861e-05 -0.000166343 4.18913e-05 -0.00020866 0.0196789 0.0291783 -0.0135037 -0.000630885 -0.000431315 -0.00658934 -0.0241962 -0.0014349 0.0232505 0.0010697 0.00690909 -0.00235199 -0.003589 -0.00647927 0.0136515 -0.00999156 -0.0119478 -0.00807598 -0.036328 0.0140546 -0.0284977 0.0252814 -0.00330865 0.0226729 -0.0111239 -0.0105274
internal_weight=133.404 133.072 132.487 131.629 2.73648 2.41247 0.794574 128.893 128.396 25.163 5.69831 19.4647 1.62595 103.233 38.1415 65.0918 63.3706 54.4508 8.08892 46.3619 44.5039 38.4047 6.09913 8.91984 1.50232 6.47616 2.42491 7.41752 2.00649 36.1152
internal_count=1884 1875 1817 1732 78 71 22 1654 1633 411 68 343 16 1222 527 695 675 578 90 488 471 368 103 97 24 52 25 73 20 344
is_linear=0
shrinkage=0.05


Tree=197
num_leaves=31
num_cat=0
split_feature=66 70 66 43 71 40 76 78 37 29 42 26 33 55 46 45 8 29 48 35 78 29 11 45 33 8 36 55 16 55
split_gain=0.366886 0.788702 0.721979 0.980933 0.629906 0.585796 0.998236 1.03095 1.12791 1.0684 0.872969 1.00951 0.857551 0.97946 0.65368 0.609905 0.894346 0.814894 1.33027 0.900248 0.829161 0.833135 1.8486 0.876766 0.752728 0.752543 1.10909 1.56328 0.76781 0.678707
threshold=0.0063000000081956395 0.0060499999672174462 0.0011500000255182388 1.0000000180025095e-35 0.065650001168251051 0.0013499999768100681 0.080461930483579649 1.0000000180025095e-35 1.0000000180025095e-35 0.012149999849498274 0.0023500000825151805 0.057099999859929092 0.0019500000635161998 0.0029499999945983295 0.0011500000255182388 0.0072500000242143878 0.41320000588893896 0.021300000138580803 0.00055000002612359833 0.0020500000100582842 0.0038981504039838914 0.010049999691545965 0.0042499999981373557 0.0039999999571591624 0.0015499999863095584 0.010950000025331976 0.0029499999945983295 0.0012500000302679839 0.0034500000765547161 0.0047000001650303611
decision_type=2 2 2 2 2 2 2 2 2 2 2 2 2 2 2 2 2 2 2 2 2 2 2 2 2 2 2 2 2 2
left_child=2 -2 5 -4 -5 15 -7 9 -9 -8 11 12 14 -14 -10 17 -17 20 19 -19 21 23 -23 29 -22 28 -27 -28 -24 -1
right_child=1 -3 3 4 -6 6 7 8 10 -11 -12 -13 13 -15 -16 16 -18 18 -20 -21 24 22 25 -25 -26 26 27 -29 -30 -31
leaf_value=0.0015586825026111459 0.0011223065631031446 0.052212287383728809 -0.045340003447389185 0.019681762111796758 -0.0509178335706914 -0.051961106259979295 0.035875794702571913 -0.051841711804392288 -0.042416916794966744 -0.039188946725647815 -0.039668611702870775 0.043247067268980664 -0.018047401187635228 0.043180908050593353 0.028766866318753054 -0.034876680085286167 0.032507662805319797 0.038678413908493053 -0.034971737958405816 -0.051235810506944326 0.044268592775869774 0.064857693100269967 -0.054216515406505419 0.052635010108698546 -0.023245794035936865 0.056253113344284636 -0.049118646237452962 0.053072385079236152 0.00049542123615411537 -0.035273846268282609
leaf_weight=91.817323055118322 2.7095511437510136 1.0474232868291435 2.0644752135849553 1.4776415411615742 0.40187185700051475 1.2654874074505631 2.3262794748879965 1.5880974077153931 1.8536813218379395 0.59533671336248506 1.5005803704261778 1.2361602993914855 1.326236841734499 1.2870067605981601 0.39044033363461483 2.3725452305807262 0.62137428682763118 4.063356068567372 0.87690571980783705 0.29885978606762353 1.9214951583417126 0.62620900373440136 2.5884261885075834 0.83129513775929709 0.52581806946545828 0.57572658360004458 1.4483730322681365 0.50463125482201565 0.85243344074115146 1.267990658758207
leaf_count=932 79 11 77 36 14 65 25 61 43 8 43 16 23 20 7 60 8 92 30 15 68 4 43 8 17 6 26 7 18 22
internal_value=-3.54509e-05 0.0153659 -0.000485721 -0.0215475 0.00458637 0.000181155 -0.00970743 -0.0052897 -0.0135209 0.0205799 -0.00550721 0.00290531 -0.00736134 0.0121072 -0.0300321 0.00137011 -0.0208914 0.0019861 0.0212221 0.0325183 0.00100728 0.000307126 -0.0168702 0.0015135 0.0297628 -0.0254434 -0.00473507 -0.0227138 -0.0406623 0.00105696
internal_weight=132.263 3.75697 128.506 3.94399 1.87951 124.562 13.3693 12.1038 9.1822 2.92162 7.59411 6.09353 4.85737 2.61324 2.24412 111.193 2.99392 108.199 5.23912 4.36222 102.96 100.512 6.5958 93.9166 2.44731 5.96959 2.52873 1.953 3.44086 93.0853
internal_count=1884 90 1794 127 50 1667 311 246 213 33 152 109 93 43 50 1356 68 1288 137 107 1151 1066 104 962 85 100 39 33 61 954
is_linear=0
shrinkage=0.05


Tree=198
num_leaves=31
num_cat=0
split_feature=18 26 2 19 38 24 65 4 4 22 62 33 55 12 56 11 4 11 5 8 56 22 3 3 3 2 9 40 70 11
split_gain=0.354334 0.899398 1.0669 0.881766 0.617113 0.638542 0.984232 1.23944 0.981402 0.898439 1.04063 0.950603 1.26489 1.20774 1.19301 1.00798 2.02797 2.01918 1.31786 1.78868 1.27791 1.46705 1.08019 2.51809 1.60009 1.04003 1.13982 0.935006 1.45213 1.19403
threshold=0.0014499999815598132 0.0010500000207684936 0.017749999649822715 0.0082499999552965182 0.0012500000302679839 1.0000000180025095e-35 0.0039500000420957812 0.0051500000990927228 0.0044499998912215242 0.021500000730156902 0.0017499999958090486 0.0029499999945983295 0.0012500000302679839 0.0052499999292194852 0.017649999819695953 0.0011500000255182388 0.0017499999958090486 0.0016499999910593035 1.0000000180025095e-35 0.0012500000302679839 0.0014499999815598132 0.0011500000255182388 0.0013499999768100681 0.002549999975599349 0.00335000001359731 0.11740000173449518 0.002650000038556755 0.0041499999351799497 0.0018500000005587938 0.0054500000551342973
decision_type=2 2 2 2 2 2 2 2 2 2 2 2 2 2 2 2 2 2 2 2 2 2 2 2 2 2 2 2 2 2
left_child=4 3 -3 -2 5 6 8 -8 9 10 11 15 13 -13 -15 16 18 -17 19 20 21 22 -1 -24 -25 26 27 28 29 -19
right_child=1 2 -4 -5 -6 -7 7 -9 -10 -11 -12 12 -14 14 -16 17 -18 25 -20 -21 -22 -23 23 24 -26 -27 -28 -29 -30 -31
leaf_value=-0.0029381424249179718 -0.04937234502016323 0.053038572889195036 -0.0069994788447311877 0.048648091100119507 0.052786478064803188 -0.0097658434618779523 0.02631204794668961 -0.036193832529817296 0.0081747656448068924 0.029691830835560231 -0.052956240470157623 0.047104666775106788 0.042441077864291674 -0.012278931516185299 0.033451923709074814 -0.054049256245998517 -0.042179537913987576 0.0020586073074107475 0.051885968405809092 -0.055946533889000907 -0.052313045281824559 0.079199171955198766 0.064842306642604042 -0.054918309122475466 0.036502354016371669 0.053551255800828451 -0.04151460408767646 -0.045472444883930346 0.021253731213877133 -0.02093148367016583
leaf_weight=6.2351446817629022 0.85592680517583974 1.8070714781060817 1.2530728980200363 0.31345966272056103 0.540821872651576 16.95981881627813 1.0236003925092507 3.5218886979855597 37.179393463360611 2.1736421484965822 1.0254196514142666 1.3276227582246054 2.4204284957959308 7.7108773475047183 1.7497841832228003 2.4365100995637468 2.0275771870510644 11.994696677429614 1.7496663336642075 1.0801737101282913 0.74283147510141212 0.8342606173828252 2.3197298552840948 1.0319927148520944 0.89260326494695608 0.69756333716213603 2.3699746687198049 1.38919160387013 4.8988725754898033 10.673303639981894
leaf_count=34 12 49 78 5 10 277 17 72 460 37 31 13 32 131 32 38 26 103 13 20 20 3 10 7 19 8 70 49 59 149
internal_value=-3.59138e-05 0.014201 0.0284541 -0.0230975 -0.000510025 -0.000737942 0.000660251 -0.0221181 0.0016467 -0.00193405 -0.00298183 -0.00218836 0.009775 0.00244613 -0.00382084 -0.00526424 0.00473251 -0.0101709 0.0111221 0.00569279 0.0112152 0.0153863 0.0103062 0.0297629 -0.0125186 -0.00683244 -0.00817706 -0.00544847 -0.00343152 -0.00876635
internal_weight=131.237 4.22953 3.06014 1.16939 127.007 126.467 109.507 4.54549 104.961 67.7819 65.6082 64.5828 13.2087 10.7883 9.46066 51.3741 16.914 34.4601 14.8864 13.1367 12.0566 11.3137 10.4795 4.24433 1.9246 32.0236 31.326 28.9561 27.5669 22.668
internal_count=1884 144 127 17 1740 1730 1453 89 1364 904 867 836 208 176 163 628 152 476 126 113 93 73 70 36 26 438 430 360 311 252
is_linear=0
shrinkage=0.05


Tree=199
num_leaves=31
num_cat=0
split_feature=15 22 77 22 41 9 41 59 11 12 65 9 9 19 11 30 3 17 27 14 7 19 17 77 33 3 57 29 29 78
split_gain=0.348139 1.08552 1.15962 1.11219 1.06923 2.46944 2.40225 2.22641 2.09692 2.56117 2.38122 1.82321 1.76388 1.4913 1.71345 1.26343 1.00409 1.41699 1.54789 1.85539 1.12384 1.09959 1.09289 1.69717 1.27093 1.12028 1.09819 0.949482 1.24287 0.937711
threshold=0.0010500000207684936 0.0013499999768100681 0.0022493499564006929 0.0061500000301748523 1.0000000180025095e-35 0.0022500000195577745 0.0014499999815598132 0.0023500000825151805 0.0011500000255182388 0.0012500000302679839 1.0000000180025095e-35 0.0010500000207684936 0.0015499999863095584 0.0012500000302679839 0.016449999995529655 0.0010500000207684936 0.0011500000255182388 0.0055499998852610597 0.003249999950639904 0.0020500000100582842 0.0020500000100582842 0.0077499998733401307 0.0020500000100582842 0.0042958101257681855 0.0058000001590698966 0.00335000001359731 0.0013499999768100681 0.0022500000195577745 0.0051500000990927228 0.00089995999587699782
decision_type=2 2 2 2 2 2 2 2 2 2 2 2 2 2 2 2 2 2 2 2 2 2 2 2 2 2 2 2 2 2
left_child=1 2 4 27 5 7 -6 8 9 -1 -10 -12 13 -8 -15 -7 -4 22 19 29 21 -21 25 -24 -25 26 -18 -3 -29 -19
right_child=-2 3 16 -5 6 15 12 -9 10 -11 11 -13 -14 14 -16 -17 17 18 -20 20 -22 -23 23 24 -26 -27 -28 28 -30 -31
leaf_value=0.0075526418256516075 -0.0028478231328847446 -0.051650930546323984 0.045161884302233612 0.045417214471110356 0.054720858683065365 0.055327508447757294 0.051637274750136387 0.05125820418358315 -0.044921321512177703 -0.060310775873437118 0.034922824084180598 -0.052807931075641447 -0.057360967608183315 -0.0342675306012711 0.031971541767685498 -0.02440340501689944 -0.018686352224612391 0.055892281498151501 -0.048177266758246219 0.053257374114762959 -0.031716880773709398 -0.012548573521194676 0.03775261102945697 -0.03313440536129008 0.054825274373284043 0.026348762713282649 0.047936226492724728 0.055606076962483278 -0.033714102898853814 -1.6547256405282043e-05
leaf_weight=10.634657910559335 59.622974840400275 2.2768038995563979 2.0470502763055292 0.54874301212839771 2.4910613372921926 2.1938794497400518 1.507969483733177 1.3164476174861182 8.2391685659531486 1.5993863968178619 1.9586862456053489 0.84885392617434252 1.2122936900705097 2.3438262287527323 1.673299742862582 0.64234276488423336 3.7361326431855613 4.7574549176497349 0.70491108065471131 1.3749908112222331 1.4941467442549763 1.1792389296460895 1.2516100304201234 5.3809426907682791 0.44460307748522598 5.2761187055148184 0.74127773148939002 0.60031232237815846 1.1088483061757868 0.890332125884015
leaf_count=61 1126 26 18 11 15 14 8 9 85 18 13 8 11 16 9 6 34 48 18 25 73 31 11 73 9 57 7 4 21 19
internal_value=-3.5778e-05 0.00234324 0.00397055 -0.0213199 -0.00195489 -0.00690737 0.0127674 -0.0120013 -0.0155785 -0.00131931 -0.0313702 0.00839761 -0.0027444 0.00923935 -0.00667621 0.0372702 0.0113902 0.0088515 0.0233601 0.0285609 0.00272726 0.022876 -0.000114596 -0.0150721 -0.0264214 0.0107385 -0.00765635 -0.0305075 -0.00234198 0.0470787
internal_weight=130.098 70.4754 65.9407 4.53471 36.6619 27.4334 9.22845 24.5972 23.2808 12.234 11.0467 2.80754 6.73739 5.5251 4.01713 2.83622 29.2788 27.2318 10.4011 9.69616 4.04838 2.55423 16.8307 7.07716 5.82555 9.75353 4.47741 3.98596 1.70916 5.64779
internal_count=1884 758 696 62 273 214 59 194 185 79 106 21 44 33 25 20 423 405 214 196 129 56 191 93 82 98 41 51 25 67
is_linear=0
shrinkage=0.05


end of trees

feature_importances:
Column_4=210
Column_2=207
Column_76=191
Column_3=171
Column_11=163
Column_5=150
Column_6=149
Column_77=147
Column_13=140
Column_15=138
Column_25=124
Column_9=121
Column_17=121
Column_12=117
Column_19=117
Column_8=115
Column_0=114
Column_79=108
Column_78=107
Column_22=101
Column_29=97
Column_14=96
Column_36=95
Column_27=92
Column_33=87
Column_7=81
Column_21=78
Column_26=75
Column_20=73
Column_28=72
Column_30=71
Column_48=71
Column_56=68
Column_24=67
Column_35=67
Column_40=65
Column_41=65
Column_44=64
Column_46=64
Column_37=63
Column_71=63
Column_1=62
Column_16=62
Column_54=62
Column_65=62
Column_43=61
Column_10=59
Column_47=57
Column_74=56
Column_64=55
Column_55=53
Column_59=51
Column_45=50
Column_66=50
Column_50=48
Column_73=47
Column_62=46
Column_32=45
Column_31=41
Column_52=40
Column_39=39
Column_60=39
Column_69=39
Column_51=38
Column_68=37
Column_42=36
Column_49=36
Column_58=35
Column_70=35
Column_63=32
Column_57=31
Column_72=30
Column_53=29
Column_18=28
Column_23=28
Column_38=23
Column_67=22
Column_75=21
Column_61=17
Column_34=13

parameters:
[boosting: gbdt]
[objective: binary]
[metric: auc]
[tree_learner: serial]
[device_type: cpu]
[data_sample_strategy: bagging]
[data: ]
[valid: ]
[num_iterations: 200]
[learning_rate: 0.05]
[num_leaves: 31]
[num_threads: 0]
[seed: 314]
[deterministic: 0]
[force_col_wise: 0]
[force_row_wise: 0]
[histogram_pool_size: -1]
[max_depth: -1]
[min_data_in_leaf: 5]
[min_sum_hessian_in_leaf: 0.001]
[bagging_fraction: 0.9]
[pos_bagging_fraction: 1]
[neg_bagging_fraction: 1]
[bagging_freq: 0]
[bagging_seed: 314]
[bagging_by_query: 0]
[feature_fraction: 0.9]
[feature_fraction_bynode: 1]
[feature_fraction_seed: 314]
[extra_trees: 0]
[extra_seed: 32374]
[early_stopping_round: 0]
[early_stopping_min_delta: 0]
[first_metric_only: 0]
[max_delta_step: 0]
[lambda_l1: 0]
[lambda_l2: 0]
[linear_lambda: 0]
[min_gain_to_split: 0]
[drop_rate: 0.1]
[max_drop: 50]
[skip_drop: 0.5]
[xgboost_dart_mode: 0]
[uniform_drop: 0]
[drop_seed: 27260]
[top_rate: 0.2]
[other_rate: 0.1]
[min_data_per_group: 100]
[max_cat_threshold: 32]
[cat_l2: 10]
[cat_smooth: 10]
[max_cat_to_onehot: 4]
[top_k: 20]
[monotone_constraints: ]
[monotone_constraints_method: basic]
[monotone_penalty: 0]
[feature_contri: ]
[forcedsplits_filename: ]
[refit_decay_rate: 0.9]
[cegb_tradeoff: 1]
[cegb_penalty_split: 0]
[cegb_penalty_feature_lazy: ]
[cegb_penalty_feature_coupled: ]
[path_smooth: 0]
[interaction_constraints: ]
[verbosity: -1]
[saved_feature_importance_type: 0]
[use_quantized_grad: 0]
[num_grad_quant_bins: 4]
[quant_train_renew_leaf: 0]
[stochastic_rounding: 1]
[linear_tree: 0]
[max_bin: 255]
[max_bin_by_feature: ]
[min_data_in_bin: 3]
[bin_construct_sample_cnt: 200000]
[data_random_seed: 314]
[is_enable_sparse: 1]
[enable_bundle: 1]
[use_missing: 1]
[zero_as_missing: 0]
[feature_pre_filter: 1]
[pre_partition: 0]
[two_round: 0]
[header: 0]
[label_column: ]
[weight_column: ]
[group_column: ]
[ignore_column: ]
[categorical_feature: ]
[forcedbins_filename: ]
[precise_float_parser: 0]
[parser_config_file: ]
[objective_seed: 3599]
[num_class: 1]
[is_unbalance: 1]
[scale_pos_weight: 1]
[sigmoid: 1]
[boost_from_average: 1]
[reg_sqrt: 0]
[alpha: 0.9]
[fair_c: 1]
[poisson_max_delta_step: 0.7]
[tweedie_variance_power: 1.5]
[lambdarank_truncation_level: 30]
[lambdarank_norm: 1]
[label_gain: ]
[lambdarank_position_bias_regularization: 0]
[eval_at: ]
[multi_error_top_k: 1]
[auc_mu_weights: ]
[num_machines: 1]
[local_listen_port: 12400]
[time_out: 120]
[machine_list_filename: ]
[machines: ]
[gpu_platform_id: -1]
[gpu_device_id: -1]
[gpu_use_dp: 0]
[num_gpu: 1]

end of parameters

pandas_categorical:null
