tree
version=v4
num_class=1
num_tree_per_iteration=1
label_index=0
max_feature_idx=317
objective=binary sigmoid:1
feature_names=Column_0 Column_1 Column_2 Column_3 Column_4 Column_5 Column_6 Column_7 Column_8 Column_9 Column_10 Column_11 Column_12 Column_13 Column_14 Column_15 Column_16 Column_17 Column_18 Column_19 Column_20 Column_21 Column_22 Column_23 Column_24 Column_25 Column_26 Column_27 Column_28 Column_29 Column_30 Column_31 Column_32 Column_33 Column_34 Column_35 Column_36 Column_37 Column_38 Column_39 Column_40 Column_41 Column_42 Column_43 Column_44 Column_45 Column_46 Column_47 Column_48 Column_49 Column_50 Column_51 Column_52 Column_53 Column_54 Column_55 Column_56 Column_57 Column_58 Column_59 Column_60 Column_61 Column_62 Column_63 Column_64 Column_65 Column_66 Column_67 Column_68 Column_69 Column_70 Column_71 Column_72 Column_73 Column_74 Column_75 Column_76 Column_77 Column_78 Column_79 Column_80 Column_81 Column_82 Column_83 Column_84 Column_85 Column_86 Column_87 Column_88 Column_89 Column_90 Column_91 Column_92 Column_93 Column_94 Column_95 Column_96 Column_97 Column_98 Column_99 Column_100 Column_101 Column_102 Column_103 Column_104 Column_105 Column_106 Column_107 Column_108 Column_109 Column_110 Column_111 Column_112 Column_113 Column_114 Column_115 Column_116 Column_117 Column_118 Column_119 Column_120 Column_121 Column_122 Column_123 Column_124 Column_125 Column_126 Column_127 Column_128 Column_129 Column_130 Column_131 Column_132 Column_133 Column_134 Column_135 Column_136 Column_137 Column_138 Column_139 Column_140 Column_141 Column_142 Column_143 Column_144 Column_145 Column_146 Column_147 Column_148 Column_149 Column_150 Column_151 Column_152 Column_153 Column_154 Column_155 Column_156 Column_157 Column_158 Column_159 Column_160 Column_161 Column_162 Column_163 Column_164 Column_165 Column_166 Column_167 Column_168 Column_169 Column_170 Column_171 Column_172 Column_173 Column_174 Column_175 Column_176 Column_177 Column_178 Column_179 Column_180 Column_181 Column_182 Column_183 Column_184 Column_185 Column_186 Column_187 Column_188 Column_189 Column_190 Column_191 Column_192 Column_193 Column_194 Column_195 Column_196 Column_197 Column_198 Column_199 Column_200 Column_201 Column_202 Column_203 Column_204 Column_205 Column_206 Column_207 Column_208 Column_209 Column_210 Column_211 Column_212 Column_213 Column_214 Column_215 Column_216 Column_217 Column_218 Column_219 Column_220 Column_221 Column_222 Column_223 Column_224 Column_225 Column_226 Column_227 Column_228 Column_229 Column_230 Column_231 Column_232 Column_233 Column_234 Column_235 Column_236 Column_237 Column_238 Column_239 Column_240 Column_241 Column_242 Column_243 Column_244 Column_245 Column_246 Column_247 Column_248 Column_249 Column_250 Column_251 Column_252 Column_253 Column_254 Column_255 Column_256 Column_257 Column_258 Column_259 Column_260 Column_261 Column_262 Column_263 Column_264 Column_265 Column_266 Column_267 Column_268 Column_269 Column_270 Column_271 Column_272 Column_273 Column_274 Column_275 Column_276 Column_277 Column_278 Column_279 Column_280 Column_281 Column_282 Column_283 Column_284 Column_285 Column_286 Column_287 Column_288 Column_289 Column_290 Column_291 Column_292 Column_293 Column_294 Column_295 Column_296 Column_297 Column_298 Column_299 Column_300 Column_301 Column_302 Column_303 Column_304 Column_305 Column_306 Column_307 Column_308 Column_309 Column_310 Column_311 Column_312 Column_313 Column_314 Column_315 Column_316 Column_317
feature_infos=[0:0.17520000040531158] [0:0.19419999420642853] [0:0.61659997701644897] [0:0.15569999814033508] [0:0.02370000071823597] [0:0.043600000441074371] [0:0.98930001258850098] [0:0.0043000001460313797] [0:0.0063000000081956387] [0:0.0017000000225380063] [0:0.0035000001080334187] [0:0.012600000016391277] [0:0.00559999980032444] [0:0.076700001955032349] [0:0.073499999940395355] [0:0.0348999984562397] [0:0.39590001106262207] [0:0.16570000350475311] [0:0.035100001841783524] [0:0.017899999395012856] [0:0.11599999666213989] [0:0.019300000742077827] [0:0.11640000343322754] [0:0.037000000476837158] [0:0.067000001668930054] [0:0.19169999659061432] [0:0.024599999189376831] [0:0.82639998197555542] [0:0.002199999988079071] [0:0.089299999177455902] [0:0.12259999662637711] none [0:0.93760001659393311] [0:0.25360000133514404] [0:0.010200000368058681] [0:0.055199999362230301] [0:0.59140002727508545] [0:0.026599999517202377] [0:0.0625] [0:0.59460002183914185] [0:0.0062000001780688763] none [0:0.089000001549720764] [0:0.17090000212192535] [0:0.3970000147819519] [0:0.021500000730156898] [0:0.19539999961853027] [0:0.16220000386238098] [0:0.30619999766349792] [0:0.63999998569488525] [0:0.85519999265670776] [0:0.2484000027179718] [0:0.023199999704957008] [0:0.5065000057220459] [0:0.68290001153945923] [0:0.12110000103712082] [0:0.0097000002861022949] [0:0.021299999207258224] [0:0.01119999960064888] [0:0.048500001430511475] [0:0.0012000000569969416] [0:0.80180001258850098] [0:0.90439999103546143] [0:0.05469999834895134] [0:0.72229999303817749] none [0:0.10339999943971634] [0:0.16990000009536743] [0:0.56319999694824219] [0:0.048799999058246613] [0:0.17299999296665192] [0:0.11550000309944153] [0:0.013799999840557575] [0:0.0098000001162290573] [0:0.0052000000141561031] [0:0.16869999468326569] none [0:0.042199999094009399] [0:0.0082999998703598976] [0:0.20749999582767487] none none [0:0.0030000000260770321] [0:0.0035000001080334187] [0:0.011500000022351742] [0:0.0086000002920627594] [0:0.11069999635219574] [0:0.0062000001780688763] [0:0.10119999945163727] [0:0.0044999998062849045] [0:0.63249999284744263] [0:0.10899999737739563] [0:0.87309998273849487] [0:0.073799997568130493] [0:0.035799998790025711] [0:0.10320000350475311] [0:0.34610000252723694] [0:0.01940000057220459] [0:0.12160000205039978] [0:0.70810002088546753] none [0:0.098700001835823059] [0:0.95279997587203979] [0:0.033799998462200165] [0:0.035500001162290573] [0:0.7150999903678894] [0:0.0068000000901520252] none [0:0.29359999299049377] [0:0.030300000682473183] [0:0.0024000001139938831] [0:0.61879998445510864] [0:0.14460000395774841] [0:0.27900001406669617] [0:0.13470000028610229] [0:0.013000000268220901] [0:0.71100002527236938] [0:0.0082000000402331352] [0:0.0082000000402331352] [0:0.55000001192092896] [0:0.95779997110366821] [0:0.093199998140335083] [0:0.009100000374019146] [0:0.9440000057220459] [0:0.93730002641677856] [0:0.75760000944137573] [0:0.0086000002920627594] [0:0.4828999936580658] [0:0.023299999535083771] [0:0.10040000081062317] [0:0.35649999976158142] [0:0.064699999988079071] none [0:0.14030000567436218] [0:0.93279999494552612] [0:0.3345000147819519] [0:0.12300000339746475] [0:0.070900000631809235] [0:0.037799999117851257] [0:0.01510000042617321] [0:0.0076999999582767487] [0:0.12839999794960022] [0:0.057599999010562897] none [0:0.42680001258850098] [0:0.011599999852478504] [0:0.0063000000081956387] [0:0.1867000013589859] [0:0.50169998407363892] [0:0.0024000001139938831] [0:0.88650000095367432] none [0:0.11620000004768372] [0:0.0060000000521540642] [0:0.02070000022649765] [0:0.84859997034072876] [0:0.0094999996945261955] [0:0.08190000057220459] [0:0.26519998908042908] [0:0.99260002374649048] [0:0.010900000110268593] [0:0.6841999888420105] [0:0.056699998676776886] [0:0.049949999898672104] [0:0.049949999898672104] [0:0.00079999997979030013] [0:0.049949999898672104] [0:0.049949999898672104] [0:0.34790000319480896] [0:0.74570000171661377] [0:0.19329999387264252] [0:0.125] [0:0.061900001019239426] [0:0.63599997758865356] [0:0.52939999103546143] [0:0.52630001306533813] [0:0.67640000581741333] [0:0.088899999856948853] [0:0.50770002603530884] [0:0.19979999959468842] [0:0.15199999511241913] [0:0.0057000000961124897] [0:0.78990000486373901] [0:0.17980000376701355] [0:0.28529998660087585] [0:0.80159997940063477] [0:0.37439998984336853] [0:0.2840999960899353] [0:0.98989999294281006] [0:0.029600000008940697] [0:0.95260000228881836] [0:0.081200003623962402] [0:0.11129999905824661] [0:0.61150002479553223] [0:0.52100002765655518] [0:0.059099998325109482] [0:0.12259999662637711] [0:0.047699999064207077] [0:0.070000000298023224] [0:0.29030001163482666] [0:0.027400000020861626] [0:0.85379999876022339] [0:0.87379997968673706] [0:0.0035000001080334187] [0:0.99390000104904175] [0:0.76660001277923584] [0:0.34920001029968262] [0:0.61580002307891846] [0:0.41969999670982361] [0:0.79640001058578491] [0:0.51639997959136963] [0:0.96410000324249268] [0:0.91100001335144043] [0:0.48769998550415039] [0:0.92059999704360962] [0:0.081799998879432678] [0:0.98720002174377441] [0:0.5964999794960022] [0:0.97509998083114624] [0:0.95630002021789551] [0:0.99390000104904175] [0:0.18250000476837158] [0:0.14329999685287476] [0:0.37349998950958252] [0:0.44980001449584961] [0:0.92360001802444458] [0:0.68620002269744873] [0:0.4984000027179718] [0:0.7304999828338623] [0:0.58550000190734863] [0:0.96429997682571411] [0:0.92820000648498535] [0:0.63569998741149902] [0:0.99519997835159302] [0:0.84229999780654907] [0:0.92140001058578491] [0:0.096799999475479126] [0:0.91530001163482666] [0:0.57910001277923584] [0:0.81690001487731934] [0:0.76359999179840088] [0:0.88730001449584961] [0:0.0074999998323619366] [0:0.43209999799728394] [0:0.64099997282028198] [0:0.92779999971389771] [0:0.63919997215270996] [0:0.22259999811649323] [0:0.2533000111579895] [0:0.94989997148513794] [0:0.40139999985694885] [0:0.68949997425079346] [0:0.59439998865127563] [0:0.48710000514984131] [0:0.91930001974105835] [0:0.0098999999463558197] [0:0.049949999898672104] [0:0.049949999898672104] [0:0.78810000419616699] [0:0.034200001507997513] [0:0.40610000491142273] [0:0.85909998416900635] [0:0.90920001268386841] [0:0.98430001735687256] [0:0.0076999999582767487] none [0:0.89899998903274536] [0:0.01360000018030405] [0:0.65880000591278076] [0:0.014899999834597111] [0:0.16079999506473541] [0:0.51429998874664307] [0:0.082000002264976501] [0:0.93349999189376831] [0:0.01080000028014183] [0:0.61299997568130493] [0:0.26050001382827759] [0:0.97990000247955322] [0:0.93229997158050537] [0:0.6370999813079834] [0:0.28009998798370361] [0:0.39660000801086426] [0:0.0060999998822808266] [0:0.0082000000402331352] [0:0.10899999737739563] [0:0.59350001811981201] [0:0.11800000071525574] [0:0.76770001649856567] [0:0.45519998669624329] [0:0.1031000018119812] [0:0.70459997653961182] [0:0.1988999992609024] [0:0.29030001163482666] [0:0.031599998474121094] [0:0.33559998869895935] [0:0.10209999978542328] [0:0.83009999990463257] [0:0.99229997396469116] [0:0.16809999942779541] [0:0.29809999465942383] [0:0.98680001497268677] [0:0.44279998540878296] [0:0.3986000120639801] [0:0.52249997854232788] [0:0.45910000801086426] none [0:0.038699999451637268] [0:0.17430000007152557] [0:0.1598999947309494] [0:0.049949999898672104] [0:0.0063000000081956387] [0:0.89319998025894165] [0:0.9968000054359436] [0:0.86339998245239258] [0:1] [0:0.99999898672103882] [0:0.40740373730659485] [0:1]
tree_sizes=1726 1744 1766 1750 1758 1761 1763 1766 1771 1769 1764 1765 1759 1767 1771 1760 1764 1769 1771 1762 1765 1768 1746 1780 1781 1767 1763 1749 1771 1766 1780 1770 1771 1771 1781 1779 1771 1768 1784 1770 1773 1763 1769 1782 1772 1777 1789 1779 1783 1772 1777 1756 1760 1774 1779 1771 1775 1775 1791 1773 1774 1783 1774 1780 1776 1782 1776 1773 1775 1760 1777 1779 1784 1775 1770 1773 1764 1778 1777 1774 1778 1779 1781 1783 1796 1765 1769 1776 1771 1767 1785 1767 1779 1783 1774 1774 1774 1783 1788 1767 1783 1763 1771 1779 1784 1783 1766 1795 1784 1755 1762 1764 1768 1781 1777 1784 1788 1786 1786 1773 1770 1769 1765 1761 1765 1781 1769 1778 1782 1784 1785 1789 1792 1793 1769 1786 1775 1772 1769 1774 1793 1777 1777 1783 1779 1773 1775 1794 1781 1777

Tree=0
num_leaves=15
num_cat=0
split_feature=301 167 222 296 188 233 220 253 150 99 74 245 253 120
split_gain=1097.6 228.295 126.984 113.073 115.106 123.863 87.9569 81.8284 122.832 66.1068 64.9719 69.3695 63.934 125.262
threshold=0.0022500000195577745 0.0001499999962106813 0.0010500000207684936 0.0010500000207684936 0.016849999316036705 0.0013499999768100681 0.82234999537467968 0.0022500000195577745 0.0048500001430511483 0.0023500000825151805 1.0000000180025095e-35 0.083299998193979277 0.018699999898672107 0.0011500000255182388
decision_type=2 2 2 2 2 2 2 2 2 2 2 2 2 2
left_child=1 2 3 4 12 -6 10 9 -9 -4 11 -2 -1 -14
right_child=6 -3 7 -5 5 -7 -8 8 -10 -11 -12 -13 13 -15
leaf_value=-1.0224392515766252 -0.8726766856349083 -0.91945109389835067 -0.96070050322213152 -0.87864708223587173 -0.90082100800591636 -1.0210672124035127 -1.0559563705871124 -0.87776703813614643 -1.0535416402361784 -1.0466745918197928 -1.0185127496835436 -0.99971869904061939 -0.87284710255247433 -1.0482694564511492
leaf_weight=731.51271241903305 135.56475874781609 47.29316058754921 36.079441875219345 9.5772703886032087 27.638546019792557 26.96086049079895 4.8645083606243125 27.583365261554718 8.1701666712760908 23.522424042224884 5.6232405602931967 7.3562540709972373 13.210562497377397 12.63806504011154
leaf_count=2124 277 147 97 26 67 64 5 47 19 31 4 12 17 21
internal_value=-0.989245 -1.00507 -1.0095 -1.01458 -1.0162 -0.960166 -0.889899 -0.965826 -0.918029 -0.994687 -0.884413 -0.879169 -1.02025 -0.958551
internal_weight=1117.6 964.187 916.893 821.538 811.961 54.5994 153.409 95.3554 35.7535 59.6019 148.544 142.921 757.361 25.8486
internal_count=2958 2660 2513 2319 2293 131 298 194 66 128 293 289 2162 38
is_linear=0
shrinkage=1


Tree=1
num_leaves=15
num_cat=0
split_feature=301 167 222 296 188 92 130 220 300 182 109 250 245 277
split_gain=933.856 198.653 113.228 97.4818 102.993 108.77 76.6658 73.3003 66.3572 56.1801 52.1311 97.184 51.6602 47.6216
threshold=0.0022500000195577745 0.0001499999962106813 0.0010500000207684936 0.0010500000207684936 0.016849999316036705 0.0045499999541789302 0.0015499999863095584 0.82234999537467968 0.015250000171363355 0.0010500000207684936 0.0021499999566003685 0.0019500000635161998 0.096350003033876433 0.32709999382495886
decision_type=2 2 2 2 2 2 2 2 2 2 2 2 2 2
left_child=1 2 3 4 13 6 -6 12 9 10 11 -4 -2 -1
right_child=7 -3 8 -5 5 -7 -8 -9 -10 -11 -12 -13 -14 -15
leaf_value=-0.002033335369197455 0.12668435019879051 0.09153156226336602 -0.018319932277952408 0.12681850058107055 0.11252468749805768 -0.030670439823263475 -0.052656392877014666 -0.035887081154774514 0.091528905355149098 0.11835261374446564 -0.045443317982064267 0.12147416406909572 0.013427507740383766 0.092923147368145595
leaf_weight=748.52706678211689 150.81354507803917 49.465092882514 19.581604987382889 10.190877228975294 34.470255464315414 16.533154010772705 5.0726833045482627 4.7801256179809561 37.740851879119873 8.5005406439304334 18.621077537536621 13.233443468809126 6.840548411011695 8.4459719955921155
leaf_count=2134 283 147 33 26 83 41 7 5 81 18 31 31 10 28
internal_value=0.0283829 0.0135139 0.00930954 0.00447017 0.00291631 0.0551745 0.0911545 0.117123 0.0500093 0.0236897 0.00776844 0.0381316 0.121807 -0.000956435
internal_weight=1132.82 970.383 920.918 823.24 813.049 56.0761 39.5429 162.434 97.6775 59.9367 51.4361 32.815 157.654 756.973
internal_count=2958 2660 2513 2319 2293 131 90 298 194 113 95 64 293 2162
is_linear=0
shrinkage=0.04


Tree=2
num_leaves=15
num_cat=0
split_feature=301 296 239 244 301 316 113 185 257 250 301 176 239 212
split_gain=807.468 145.791 109.038 89.3826 73.3698 72.3172 68.7476 78.9313 69.0013 70.9855 65.1525 113.971 54.8605 52.2917
threshold=0.0022500000195577745 1.0000000180025095e-35 0.070799998939037337 0.0038499999791383748 0.0011500000255182388 0.00049994999426417064 0.0015499999863095584 1.0000000180025095e-35 0.00045000000682193791 0.0013499999768100681 0.0038499999791383748 0.011149999685585501 0.0023500000825151805 0.0011500000255182388
decision_type=2 2 2 2 2 2 2 2 2 2 2 2 2 2
left_child=1 2 4 -4 6 -6 7 8 9 13 11 -2 -9 -1
right_child=10 -3 3 -5 5 -7 -8 12 -10 -11 -12 -13 -14 -15
leaf_value=-0.0081859209579457064 0.11237595238941971 0.11225485675460084 0.010755708446626329 0.11733516782104804 0.01672317513634743 0.092517738700957114 -0.024729201935889473 0.0034145993562179665 0.12149566244273274 0.02156415111883796 0.12391846561056084 -0.011776236745515081 0.090583407199756577 0.12498161069864215
leaf_weight=412.08817242085934 34.313464105129242 22.976034641265869 23.797254145145416 26.901987075805664 63.660367608070374 29.525158703327179 118.61443611979485 18.885799825191498 7.8633145093917838 216.65027260780334 117.72596567869186 17.917597189545631 30.083779960870743 4.6697892844676963
leaf_count=1259 65 59 55 56 96 79 416 71 21 457 211 22 85 6
internal_value=0.0269142 0.0128894 0.0104774 0.0675072 0.00726043 0.0408544 0.00338066 0.00821988 0.00447095 0.00299291 0.107352 0.0697686 0.0571225 -0.00665455
internal_weight=1145.67 975.716 952.74 50.6992 902.041 93.1855 808.856 690.241 641.272 633.408 169.957 52.2311 48.9696 416.758
internal_count=2958 2660 2601 111 2490 175 2315 1899 1743 1722 298 87 156 1265
is_linear=0
shrinkage=0.04


Tree=3
num_leaves=15
num_cat=0
split_feature=301 167 222 253 120 296 253 150 188 92 55 252 176 99
split_gain=707.559 157.368 97.0209 85.7726 109.504 80.1086 59.4908 92.3819 56.7891 78.9114 59.6449 55.5528 83.3957 53.271
threshold=0.0022500000195577745 0.0001499999962106813 0.0010500000207684936 0.018350000493228439 0.0011500000255182388 0.0010500000207684936 0.0022500000195577745 0.0048500001430511483 0.016849999316036705 0.0045499999541789302 0.0010500000207684936 1.0000000180025095e-35 0.011149999685585501 0.0023500000825151805
decision_type=2 2 2 2 2 2 2 2 2 2 2 2 2 2
left_child=1 2 3 5 -5 8 13 -8 -1 10 -10 12 -2 -4
right_child=11 -3 6 4 -6 -7 7 -9 9 -11 -12 -13 -14 -15
leaf_value=-0.0031470029550005247 0.10287466304521303 0.079440171875882731 0.049837925918704888 0.12707401034407043 -0.0097620374270261569 0.10730186260840366 0.11565723462646674 -0.034597651795361631 0.097267080507187506 -0.037299677748967253 -0.051858530436704922 0.11387273348801158 -0.0023407905049776983 -0.026749431074647955
leaf_weight=731.03366556763649 32.483600467443466 52.76568141579628 38.294877886772156 19.881705120205879 17.478263810276985 11.111989825963972 30.936085775494576 8.1998684555292112 28.666380867362022 14.067942589521406 4.9414120614528647 124.63312304019928 19.006378620862961 23.2247574031353
leaf_count=2124 64 147 97 24 39 26 47 19 68 31 7 214 20 31
internal_value=0.0255704 0.0123029 0.0084724 0.00395254 0.0630955 0.00114228 0.0455358 0.0840655 -0.00038104 0.0418648 0.0751334 0.0993684 0.0640299 0.0208634
internal_weight=1156.73 980.603 927.837 827.181 37.36 789.821 100.656 39.136 778.709 47.6757 33.6078 176.123 51.49 61.5196
internal_count=2958 2660 2513 2319 63 2256 194 66 2230 106 75 298 84 128
is_linear=0
shrinkage=0.04


Tree=4
num_leaves=15
num_cat=0
split_feature=301 167 222 253 120 296 253 150 188 92 288 220 99 250
split_gain=626.748 139.988 87.5551 77.0322 94.5175 71.5737 52.2035 80.5368 51.6058 70.7757 53.3645 51.3188 48.2487 52.6692
threshold=0.0022500000195577745 0.0001499999962106813 0.0010500000207684936 0.018350000493228439 0.0011500000255182388 0.0010500000207684936 0.0022500000195577745 0.0048500001430511483 0.016849999316036705 0.0045499999541789302 0.0048500001430511483 0.82234999537467968 0.0023500000825151805 0.0051500000990927228
decision_type=2 2 2 2 2 2 2 2 2 2 2 2 2 2
left_child=1 2 3 5 -5 8 12 -8 -1 10 -10 -2 13 -4
right_child=11 -3 6 4 -6 -7 7 -9 9 -11 -12 -13 -14 -15
leaf_value=-0.0030257102565046496 0.096218794644846478 0.074181596523786808 0.015493747076498053 0.11653562365576998 -0.0094163800324061023 0.099907926083889737 0.10683641313565892 -0.033780592033407802 0.096484818594557251 -0.03646369538133324 -0.023407616403107324 -0.035747402559205839 -0.026024250588744774 0.11599634633183094
leaf_weight=729.95201882719994 176.34583173692226 54.221404001116753 26.993444249033928 20.801058799028397 17.400347799062729 11.456804394721983 32.132513999938965 8.0673998743295652 26.963170975446701 13.82216142117977 7.5026036947965613 4.7514700144529334 22.925973460078239 12.078161954879759
leaf_count=2124 293 147 73 24 39 26 47 19 59 31 16 5 31 24
internal_value=0.0243469 0.0117559 0.00810482 0.00378526 0.0591865 0.00109302 0.0430204 0.0785041 -0.000369187 0.0396292 0.0702784 0.0927165 0.0198585 0.0468809
internal_weight=1165.41 984.317 930.096 827.898 38.2014 789.697 102.197 40.1999 778.24 48.2879 34.4658 181.097 61.9976 39.0716
internal_count=2958 2660 2513 2319 63 2256 194 66 2230 106 75 298 128 97
is_linear=0
shrinkage=0.04


Tree=5
num_leaves=15
num_cat=0
split_feature=301 314 313 166 159 159 253 312 120 278 159 209 185 204
split_gain=517.274 105.479 101.273 98.13 76.6284 74.0186 81.3197 61.3276 60.9587 55.5026 46.5615 46.2045 42.516 39.6158
threshold=0.0038499999791383748 0.36472983658313757 0.0098500000312924402 1.0000000180025095e-35 0.10630000010132791 0.0072500000242143878 0.014650000259280207 0.0018500000005587938 0.0011500000255182388 0.018150000832974914 0.0022500000195577745 0.0019500000635161998 0.0014499999815598132 0.0032000000355765228
decision_type=2 2 2 2 2 2 2 2 2 2 2 2 2 2
left_child=1 3 9 5 -4 6 7 12 -8 -3 -5 -7 13 -1
right_child=-2 2 4 10 -6 11 8 -9 -10 -11 -12 -13 -14 -15
leaf_value=0.0020096423814826257 0.099914857212735561 0.0073880566207613699 0.097801420218926516 0.08232732941471918 0.023283068904259682 -0.025148178286470362 0.10816243009474887 0.086464010112812947 -0.051591301307825424 0.088921503690455886 0.012332000399445309 0.037724677765635893 0.074107884372065988 0.092147937573107297
leaf_weight=500.48090814054012 127.64827460050583 122.06795765459538 59.654533371329308 39.325417160987854 35.397427335381508 165.58389213681221 21.450238555669788 15.253620043396948 4.5454530268907538 14.928532257676123 25.057917192578316 20.945123717188835 13.899530008435248 7.828485280275344
leaf_count=1299 216 277 132 93 113 497 21 44 5 27 100 79 32 18
internal_value=0.023923 0.0146406 0.0384302 0.00785315 0.0701464 0.00377573 0.0110101 0.00765231 0.0799849 0.0163603 0.0552086 -0.0180504 0.00532646 0.00342358
internal_weight=1174.07 1046.42 232.048 814.371 95.052 749.987 563.458 537.463 25.9957 136.996 64.3833 186.529 522.209 508.309
internal_count=2953 2737 549 2188 245 1995 1419 1393 26 304 193 576 1349 1317
is_linear=0
shrinkage=0.04


Tree=6
num_leaves=15
num_cat=0
split_feature=252 180 250 239 105 127 247 159 244 111 227 185 253 201
split_gain=424.209 120.431 87.3687 117.466 83.7744 74.5966 65.8628 65.8247 70.5064 63.6131 58.1403 51.1343 51.1136 48.5984
threshold=0.0012500000302679839 0.0010500000207684936 0.0018500000005587938 0.015850000083446506 0.010449999943375589 0.0024500000290572648 1.0000000180025095e-35 0.0021499999566003685 0.0018500000005587938 0.0041499999351799497 0.0014499999815598132 0.0010500000207684936 0.013549999799579384 0.13080000132322314
decision_type=2 2 2 2 2 2 2 2 2 2 2 2 2 2
left_child=1 2 6 7 9 -2 11 8 10 -3 -4 12 -1 -9
right_child=5 4 3 -5 -6 -7 -8 13 -10 -11 -12 -13 -14 -15
leaf_value=-0.0066499331023858249 0.096448360260693242 0.095396231059411446 -0.019229162422356755 0.074118387498491423 -0.039468150751540927 0.03998557997783922 0.091849296167509031 -0.024042140293292009 0.061095354258140722 -0.053249628555797408 0.10638320704525905 0.036053810003916602 0.045197826177168776 0.084937735077270191
leaf_weight=570.78924831748009 125.21819776296616 53.1437808573246 44.01626168191433 67.075085297226906 10.52943544089794 54.098800480365753 12.497451245784758 74.89273177087307 62.095282793045044 4.9438098818063727 6.7035026848316184 55.966635257005692 32.02284038066864 7.0637532025575629
leaf_count=1723 208 95 50 134 14 148 30 166 147 4 18 148 49 19
internal_value=0.0228206 0.0126695 0.00890001 0.0284932 0.0637855 0.079468 0.00124817 0.0127304 0.0325493 0.0826065 -0.00237192 -0.000478202 -0.00388198 -0.0145085
internal_weight=1181.06 1001.74 933.123 261.847 68.617 179.317 671.276 194.772 112.815 58.0876 50.7198 658.779 602.812 81.9565
internal_count=2953 2597 2484 534 113 356 1950 400 215 99 68 1920 1772 185
is_linear=0
shrinkage=0.04


Tree=7
num_leaves=15
num_cat=0
split_feature=301 250 244 127 184 245 218 227 194 220 185 169 102 90
split_gain=426.179 103.908 108.319 108.509 85.2203 71.1122 66.2572 71.3177 60.063 49.6332 47.7717 51.6859 46.5272 84.2358
threshold=0.0038499999791383748 0.0018500000005587938 0.0018500000005587938 1.0000000180025095e-35 0.0010500000207684936 0.016749999485909942 0.0011500000255182388 0.0021499999566003685 0.0012500000302679839 0.083050001412630095 0.0010500000207684936 0.014899999834597112 0.0012500000302679839 0.0010500000207684936
decision_type=2 2 2 2 2 2 2 2 2 2 2 2 2 2
left_child=1 4 12 5 6 -4 10 9 -5 -8 -1 -12 13 -3
right_child=-2 2 3 8 -6 -7 7 -9 -10 -11 11 -13 -14 -15
leaf_value=-0.0082928792315192304 0.089660880963836051 -0.0096353096109246372 0.078241249101981727 -0.015592741441220038 0.099182558169890828 0.008154417146111731 0.007767399526482842 0.086224748819119332 0.068793611568636268 0.090077292673188036 0.057287827092894192 -0.035777431055311081 -0.046846192241865821 0.10598662455889811
leaf_weight=473.04889236390591 131.54398459196091 47.058875694870949 128.69025085866451 52.780756443738937 14.992424160242079 28.431510329246521 164.32468184828758 24.663070172071457 18.008341088891029 12.54330652952194 36.500694215297699 12.785285010933874 28.683421969413757 12.711287721991537
leaf_count=1485 216 60 264 125 32 53 399 59 48 17 103 24 43 25
internal_value=0.0217927 0.0133208 0.0325016 0.0470791 0.00509924 0.0655976 0.00313167 0.0226117 0.005885 0.0136749 -0.00437948 0.0330412 -0.00502474 0.0150231
internal_weight=1186.77 1055.22 316.364 227.911 738.858 157.122 723.866 201.531 70.7891 176.868 522.335 49.286 88.4536 59.7702
internal_count=2953 2737 618 490 2119 317 2087 475 173 416 1612 127 128 85
is_linear=0
shrinkage=0.04


Tree=8
num_leaves=15
num_cat=0
split_feature=301 167 263 250 244 127 316 127 220 312 150 250 226 315
split_gain=388.245 96.6577 85.3146 62.3024 71.0871 87.4778 90.716 58.372 51.6076 49.7133 80.6113 47.4416 45.9611 43.0902
threshold=0.0038499999791383748 0.0001499999962106813 0.095000002533197417 0.0018500000005587938 0.0018500000005587938 1.0000000180025095e-35 0.00049994999426417064 0.0066499998793005952 0.048650000244379051 0.0018500000005587938 0.047300001606345184 0.011750000063329937 0.0018500000005587938 0.15469202399253848
decision_type=2 2 2 2 2 2 2 2 2 2 2 2 2 2
left_child=1 2 3 8 -5 6 -6 -3 9 13 -11 -8 -4 -1
right_child=-2 7 12 4 5 -7 11 -9 -10 10 -12 -13 -14 -15
leaf_value=-0.007081113875398351 0.085315346464972477 0.073016105088947084 0.079574148375546952 -0.0066938106551057567 0.084038074992144274 -0.010215137734862217 -0.0047580838678355167 -0.016497656445826039 0.078723266509214809 0.082204879578009329 -0.023634415243019586 0.091712124011318188 0.013110060976151193 0.051167495932503457
leaf_weight=579.46169482171535 132.69353884458542 61.743943393230438 40.516499400138855 85.267130225896835 72.648511052131653 44.020887717604637 40.961889818310738 14.237523898482321 12.848620802164076 27.218416556715965 19.759457558393478 10.062216579914091 28.559375077486038 20.946546196937561
leaf_count=1666 216 141 88 119 151 103 81 39 17 78 72 21 87 74
internal_value=0.0208396 0.012744 0.00937379 0.00612375 0.022999 0.0381157 0.0553456 0.0561907 -0.00033823 -0.00192545 0.037647 0.0143303 0.0522111 -0.00503414
internal_weight=1190.95 1058.25 982.271 913.195 252.961 167.694 123.673 75.9815 660.235 647.386 46.9779 51.0241 69.0759 600.408
internal_count=2953 2737 2557 2382 475 356 253 180 1907 1890 150 102 175 1740
is_linear=0
shrinkage=0.04


Tree=9
num_leaves=15
num_cat=0
split_feature=301 218 133 227 188 250 244 155 296 312 47 222 185 202
split_gain=355.783 89.234 102.231 66.4341 72.3982 65.3253 63.7818 72.9344 49.3599 49.3286 46.2442 45.9084 44.7269 56.4523
threshold=0.0038499999791383748 0.0011500000255182388 0.0012500000302679839 0.0022500000195577745 0.017150000669062141 0.0018500000005587938 0.0018500000005587938 0.0014499999815598132 1.0000000180025095e-35 0.0030500000575557355 0.003249999950639904 0.0011500000255182388 0.0010500000207684936 0.0071499999612569818
decision_type=2 2 2 2 2 2 2 2 2 2 2 2 2 2
left_child=1 5 3 4 9 8 -7 -8 12 -3 -6 -9 13 -1
right_child=-2 2 -4 -5 10 6 7 11 -10 -11 -12 -13 -14 -15
leaf_value=-0.01149764650995776 0.081522313350466474 0.0036976924216857178 -0.027125157946687968 0.080532354179756765 0.079688041724701744 -0.006675719197647657 0.054295863251575191 -0.033010576662650282 0.078596600997434013 0.055668831820329771 -0.051856774929464645 0.087361666927849357 0.031154674970480453 0.059482706971350038
leaf_weight=447.34143525362015 133.3029737174511 123.41938674449921 42.783143907785416 50.846948400139809 51.479222983121872 76.261559635400772 110.8209430873394 28.864789694547653 11.511450558900831 38.273761793971062 4.5571532845497122 6.0366958677768698 49.889768913388252 18.562718123197556
leaf_count=1408 216 253 122 97 98 103 254 58 26 113 3 10 126 66
internal_value=0.0199498 0.0122006 0.0301977 0.0393506 0.0296824 0.00471366 0.0229136 0.0384201 -0.00294343 0.0160511 0.0688456 -0.0118861 -0.00478587 -0.00864888
internal_weight=1193.95 1060.65 311.36 268.576 217.73 749.289 221.984 145.722 527.305 161.693 56.0364 34.9015 515.794 465.904
internal_count=2953 2737 686 564 467 2051 425 322 1626 366 101 68 1600 1474
is_linear=0
shrinkage=0.04


Tree=10
num_leaves=15
num_cat=0
split_feature=252 239 127 185 250 224 239 218 313 225 253 263 155 177
split_gain=274.856 84.5123 78.0081 70.0971 66.5073 70.3887 61.9519 57.4822 42.9077 52.4812 47.5202 45.5299 78.6094 40.3648
threshold=0.0010500000207684936 0.0016499999910593035 0.0024500000290572648 1.0000000180025095e-35 0.01124999998137355 0.01060000015422702 0.067949999123811736 0.0028499999316409235 0.0020500000100582842 0.0027499999850988392 0.015649999491870407 0.010449999943375589 0.0010500000207684936 0.0056000000331550845
decision_type=2 2 2 2 2 2 2 2 2 2 2 2 2 2
left_child=1 -1 -2 4 6 -6 8 -4 10 -10 11 -3 -13 -7
right_child=2 3 7 -5 5 13 -8 -9 9 -11 -12 12 -14 -15
leaf_value=-0.0094113511728984942 0.080260419859055382 0.0035815571455218263 -0.021577840229384963 0.06350847848985694 0.083393742489805106 -0.037781271825375801 0.05028449294586123 0.055967348491949259 0.07385612070434816 -0.0095012149962933282 0.080603789310773402 0.075160545509684915 -0.008196486904308152 0.084232831195487301
leaf_weight=247.02163922786713 131.97139610350132 223.11388158798218 24.541857123374939 49.56081423163414 42.03194235265255 16.046410292387012 56.546897858381271 40.058684274554253 12.590177834033964 250.62400177121162 17.352275311946869 42.551233246922493 31.278474047780037 5.8272147774696341
leaf_count=872 225 593 52 116 79 17 119 113 37 466 22 111 101 8
internal_value=0.0194096 0.0108593 0.0626219 0.0175635 0.0142866 0.0531637 0.0103542 0.0264582 0.00642948 -0.0054723 0.0164082 0.0126175 0.0398283 -0.00485882
internal_weight=1191.12 994.545 196.572 747.523 697.963 63.9056 634.057 64.6005 577.51 263.214 314.296 296.944 73.8297 21.8736
internal_count=2931 2541 390 1669 1553 104 1449 165 1330 503 827 805 212 25
is_linear=0
shrinkage=0.04


Tree=11
num_leaves=15
num_cat=0
split_feature=301 167 239 185 150 250 75 268 123 220 113 244 245 202
split_gain=284.96 112.976 80.3155 59.6756 69.4498 63.4078 83.2078 41.8493 41.2917 40.3591 33.82 35.7739 60.2907 56.988
threshold=0.003249999950639904 1.0000000180025095e-35 0.067949999123811736 1.0000000180025095e-35 0.036049999296665199 0.01124999998137355 0.0021499999566003685 1.0000000180025095e-35 0.0071000000461936006 0.82234999537467968 0.0010500000207684936 0.0052499999292194852 0.016549999825656418 0.003249999950639904
decision_type=2 2 2 2 2 2 2 2 2 2 2 2 2 2
left_child=1 2 3 5 -5 7 -7 10 -3 -2 11 -1 13 -13
right_child=9 8 -4 4 -6 6 -8 -9 -10 -11 -12 12 -14 -15
leaf_value=-0.0079227926412931381 0.075810729419845332 0.051216785873423716 0.060737368404134441 0.057707173523815734 -0.020794677941098964 0.085921913812243761 -0.027934730185118439 0.075943246474038328 -0.024832655925833717 -0.050313770935857045 -0.025410540462252294 0.01282062340998077 -0.03077987138925713 0.076914255592046787
leaf_weight=385.55530858039856 136.43530029058456 130.07652758061886 41.237853869795799 62.139614701271057 25.235471054911613 29.30394883453846 15.65374571084976 10.574431613087652 12.389327690005301 4.0799859315156928 100.03243845701218 171.40479807555676 43.532094240188599 25.464274436235428
leaf_count=1018 238 281 89 153 89 57 11 25 19 4 389 411 82 65
internal_value=0.0185988 0.0114485 0.00625639 0.00365942 0.0349909 0.000147382 0.0462156 -0.00266495 0.0445624 0.072087 -0.00382573 -0.000366423 0.0117341 0.021166
internal_weight=1193.12 1052.6 910.134 868.896 87.3751 781.521 44.9577 736.563 142.466 140.515 725.989 625.956 240.401 196.869
internal_count=2931 2689 2389 2300 242 2058 68 1990 300 242 1965 1576 558 476
is_linear=0
shrinkage=0.04


Tree=12
num_leaves=15
num_cat=0
split_feature=301 167 239 239 239 179 303 278 47 211 313 121 253 214
split_gain=264.745 102.715 73.0756 43.9305 45.0929 54.703 48.5986 45.7502 44.1725 43.045 39.8687 37.2681 37.0412 34.4099
threshold=0.003249999950639904 1.0000000180025095e-35 0.067949999123811736 0.0016499999910593035 0.04150000028312207 0.000650000001769513 0.002549999975599349 0.0099999997764825838 0.0046500000171363362 0.0091500002890825289 0.0098500000312924402 0.0080499998293817061 0.029749999754130844 0.0085500003769993799
decision_type=2 2 2 2 2 2 2 2 2 2 2 2 2 2
left_child=1 2 3 -1 5 6 12 -6 -7 -3 -11 -2 13 -5
right_child=11 9 -4 4 7 8 -8 -9 -10 10 -12 -13 -14 -15
leaf_value=-0.01091924500092002 0.07307756188968173 0.05827290843958742 0.057673327298598712 0.010622454187037819 -0.027058078917658147 -0.021496400711110503 0.087275106304762248 0.074349674753147993 0.090976502193827899 -0.0094548512666440421 0.071286983563332781 -0.049666887230134876 0.076079885476581288 0.050453943526496979
leaf_weight=242.91479533910751 135.89030086994171 94.130682349205017 41.687202110886574 375.93633487820625 77.995905861258507 87.921002388000488 16.119333118200302 7.7190386354923239 5.8571345061063758 36.399421185255051 13.24526387453079 3.971303090453147 16.089104235172272 38.232942461967468
leaf_count=875 238 214 89 958 88 183 37 9 11 56 30 4 23 116
internal_value=0.0178354 0.0109675 0.00599864 0.00350816 0.00911501 0.0133965 0.0192343 -0.0178032 -0.0143396 0.0423793 0.0121068 0.0695307 0.0166562 0.0143203
internal_weight=1194.11 1054.25 910.473 868.786 625.871 540.156 446.378 85.7149 93.7781 143.775 49.6447 139.862 430.258 414.169
internal_count=2931 2689 2389 2300 1425 1328 1134 97 194 300 86 242 1097 1074
is_linear=0
shrinkage=0.04


Tree=13
num_leaves=15
num_cat=0
split_feature=301 252 167 25 179 250 102 253 250 105 113 120 227 155
split_gain=247.411 79.5177 52.6896 51.7318 52.4233 43.9263 75.4981 47.034 43.8549 51.5978 38.3149 39.3191 41.5968 38.1527
threshold=0.0010500000207684936 0.0010500000207684936 1.0000000180025095e-35 0.0021499999566003685 1.0000000180025095e-35 0.0010500000207684936 0.0011500000255182388 0.0049499999731779107 0.0027499999850988392 0.0038499999791383748 0.0016499999910593035 0.0014499999815598132 0.0036499999696388845 0.0062500000931322583
decision_type=2 2 2 2 2 2 2 2 2 2 2 2 2 2
left_child=2 3 5 4 -2 -1 -7 -8 13 -10 11 -4 -13 -6
right_child=1 -3 10 -5 8 6 7 -9 9 -11 -12 12 -14 -15
leaf_value=-0.0056642902086780312 0.079490881896757778 0.067006707490229994 0.069807036708983361 0.060522290900619835 -0.018053257474128535 0.035550228165699534 -0.021069719366964973 0.025015273798078143 0.08020149715752195 -0.031029664342995335 -0.02515305697067869 -0.022404145874063516 0.068408824803196988 0.075876808909450602
leaf_weight=462.45495709776878 17.304720863699913 154.67870384454727 44.377475753426552 56.131552472710609 78.097702100872993 138.71594724059105 101.56039342284203 54.249615237116814 21.396272599697117 9.5496348738670331 14.638182073831556 20.882084161043167 12.987349450588225 7.481152892112731
leaf_count=1497 38 276 101 113 84 293 257 98 42 10 27 50 30 15
internal_value=0.0171152 0.0456986 0.00551533 0.0283009 0.0147214 0.00201895 0.0140943 -0.00499253 0.00500853 0.0457583 0.0339338 0.0450566 0.0123995 -0.00971639
internal_weight=1194.51 344.64 849.866 189.961 133.829 756.981 294.526 155.81 116.525 30.9459 92.8851 78.2469 33.8694 85.5789
internal_count=2931 578 2353 302 189 2145 648 355 151 52 208 181 80 99
is_linear=0
shrinkage=0.04


Tree=14
num_leaves=15
num_cat=0
split_feature=301 167 239 185 150 250 109 50 188 101 287 278 312 239
split_gain=233.025 87.0109 64.6765 53.1777 61.764 55.5657 71.569 40.913 44.3588 45.4538 38.2469 74.8039 60.4922 42.6048
threshold=0.003249999950639904 1.0000000180025095e-35 0.067949999123811736 1.0000000180025095e-35 0.064950000494718566 0.01124999998137355 0.0038499999791383748 0.0012500000302679839 0.017549999989569191 1.0000000180025095e-35 0.013050000183284284 0.0020500000100582842 0.0031500000040978198 0.034700000658631332
decision_type=2 2 2 2 2 2 2 2 2 2 2 2 2 2
left_child=1 2 3 5 -5 7 -7 8 10 -10 11 13 -12 -1
right_child=-2 -3 -4 4 -6 6 -8 -9 9 -11 12 -13 -14 -15
leaf_value=0.0051239029232915704 0.06535922219253984 0.0388164134196297 0.053850109075588029 0.050385315116521431 -0.029756379077941209 0.080189071297021464 -0.024331906059427633 -0.024423899147675329 0.086301105070557507 -0.027490820057244628 -0.024565894408027127 0.099516122749627733 0.084586466958204931 -0.050193000496270596
leaf_weight=403.58444534242153 137.70847891271114 145.03414165973663 42.059882521629333 68.741049602627754 19.675444930791855 29.094161674380302 16.217872679233551 118.18323205411434 18.427219912409786 7.9366976022720328 142.83078473806381 12.890211775898932 8.5025482773780805 23.472577631473541
leaf_count=1211 242 300 89 173 69 54 14 459 23 17 198 27 19 36
internal_value=0.0164314 0.0100454 0.00545996 0.00310884 0.0324926 -0.000215698 0.0427201 -0.00287055 0.00125038 0.0519192 -0.00101046 0.00494946 -0.018355 0.00206309
internal_weight=1194.36 1056.65 911.616 869.556 88.4165 781.14 45.312 735.828 617.644 26.3639 591.281 439.947 151.333 427.057
internal_count=2931 2689 2389 2300 242 2058 68 1990 1531 40 1491 1274 217 1247
is_linear=0
shrinkage=0.04


Tree=15
num_leaves=15
num_cat=0
split_feature=301 239 315 133 249 180 202 201 244 315 315 224 303 211
split_gain=252.159 76.1788 74.2963 56.5832 54.8226 49.9008 43.3189 41.5733 43.8055 44.9285 45.311 52.1992 38.3347 41.2218
threshold=0.0038499999791383748 0.014750000089406969 0.28975409269332891 0.0012500000302679839 0.0013499999768100681 0.0010500000207684936 0.0055499998852610597 0.045649999752640731 0.0024500000290572648 0.0053446246311068544 0.021771729923784736 0.016200000420212749 0.0010500000207684936 0.0040500001050531873
decision_type=2 2 2 2 2 2 2 2 2 2 2 2 2 2
left_child=1 2 5 4 6 -1 7 8 -3 -10 12 -12 13 -11
right_child=-2 3 -4 -5 -6 -7 -8 -9 9 10 11 -13 -14 -15
leaf_value=-0.0043140763950663052 0.066349581361029641 -0.007893781062187518 0.045420316887972545 -0.023139612310393666 0.070247717046386798 0.081453952334070726 0.074981233936338404 -0.050031390555200721 0.070216045132406493 -0.035460827463099205 0.065041967487407315 -0.034414798806125593 -0.033146723910935573 0.07914516013848355
leaf_weight=683.90641762316227 131.05265006422997 58.563564881682396 54.717407062649727 36.227402687072754 45.184172421693802 10.925483748316763 22.487586453557014 13.857376977801321 38.257837772369385 7.9581610113382366 43.217729598283768 10.363117486238478 32.893165707588196 13.14060892164707
leaf_count=1984 217 106 142 89 73 25 46 12 64 15 85 10 40 23
internal_value=0.0139926 0.00758079 0.000582989 0.023845 0.029818 -0.00294818 0.0221872 0.0166974 0.0212632 0.0329971 0.0196702 0.0457032 -0.00612724 0.0357653
internal_weight=1202.75 1071.7 749.549 322.151 285.923 694.832 240.739 218.252 204.394 145.831 107.573 53.5808 53.9919 21.0988
internal_count=2931 2714 2151 563 474 2009 401 355 343 237 173 95 78 38
is_linear=0
shrinkage=0.04


Tree=16
num_leaves=15
num_cat=0
split_feature=301 239 296 133 249 313 202 229 214 227 124 291 239 281
split_gain=236.67 70.1641 71.2321 52.0999 50.684 39.3265 38.9776 50.093 45.4297 44.6034 35.7785 30.2912 37.2351 85.4881
threshold=0.0038499999791383748 0.014750000089406969 1.0000000180025095e-35 0.0012500000302679839 0.0013499999768100681 0.0092500001192092913 0.0055499998852610597 0.0013499999768100681 0.0053499999921768912 0.0021499999566003685 0.014050000347197058 1.0000000180025095e-35 0.031099999323487285 0.0014499999815598132
decision_type=2 2 2 2 2 2 2 2 2 2 2 2 2 2
left_child=1 2 5 4 6 -1 7 8 11 -9 -10 12 13 -3
right_child=-2 3 -4 -5 -6 -7 -8 9 10 -11 -12 -13 -14 -15
leaf_value=-0.0048234240594456313 0.064547438597236093 0.059865051931898672 0.064509164708250785 -0.022427843099785457 0.067485742304948498 0.027168857929139766 0.070958681775981941 0.084154719888031929 0.076807224795412604 0.0032471034520242361 -0.039917221444048294 0.079762949642541506 -0.024141786857573223 -0.038741833497587343
leaf_weight=654.47003337740898 129.35986784100533 32.946628645062447 26.772708311676979 35.892107948660851 45.156387060880661 67.732862681150436 22.810546144843102 28.288605511188507 21.406940951943401 17.883679240942001 5.105883300304412 6.6868258118629447 81.514308452606201 24.359225690364838
leaf_count=1892 217 70 60 89 73 199 46 47 46 23 7 15 124 23
internal_value=0.0134591 0.00727937 0.000559634 0.0228896 0.0285935 -0.0018141 0.0212647 0.0160211 0.00605304 0.0529784 0.0541124 -0.00270753 -0.0067634 0.0178857
internal_weight=1200.39 1071.03 748.976 322.051 286.159 722.203 241.003 218.192 172.02 46.1723 26.5128 145.507 138.82 57.3059
internal_count=2931 2714 2151 563 474 2091 401 355 285 70 53 232 217 93
is_linear=0
shrinkage=0.04


Tree=17
num_leaves=15
num_cat=0
split_feature=303 167 188 113 244 202 253 102 317 102 253 176 250 225
split_gain=163.838 74.242 52.9229 45.7359 54.5123 56.1679 53.6445 62.4843 44.0352 40.7156 40.5324 40.0187 50.3287 56.5277
threshold=0.0024500000290572648 1.0000000180025095e-35 0.017150000669062141 0.0010500000207684936 0.0052499999292194852 0.003249999950639904 0.0019500000635161998 0.0058500000741332778 0.94156813621521007 0.0013499999768100681 0.00335000001359731 1.0000000180025095e-35 0.0010500000207684936 0.0012500000302679839
decision_type=2 2 2 2 2 2 2 2 2 2 2 2 2 2
left_child=1 2 3 4 9 6 -6 -8 -2 11 -10 12 -1 -14
right_child=8 -3 -4 -5 5 -7 7 -9 10 -11 -12 -13 13 -15
leaf_value=-0.0037020929060584675 0.059696554339033057 0.03391961183833539 0.036095707877300154 -0.020846654127484474 -0.0048949499273509634 0.06007392602854697 0.063446728487760909 -0.011071332015612889 -0.021862242649946975 -0.024142484904680208 0.064212743934571784 -0.027504579550670458 0.12820280661332686 0.023348511335235949
leaf_weight=149.16092699766159 134.86230705678463 140.25287520885468 69.434596583247185 142.38025109469891 137.30149781703949 43.258560746908188 49.86209399998188 27.976816967129707 23.221999302506447 123.28555984795094 13.887405872344969 54.753100574016571 9.1343708634376508 78.381979912519455
leaf_count=477 225 305 153 490 390 117 85 40 26 342 21 103 20 137
internal_value=0.012957 0.00688961 0.00259774 -0.000253583 0.00409886 0.0185193 0.0101213 0.0366323 0.0490789 -0.00487882 0.010328 0.00326217 0.0104053 0.034472
internal_weight=1197.15 1025.18 884.93 815.495 673.115 258.399 215.14 77.8389 171.972 414.716 37.1094 291.43 236.677 87.5164
internal_count=2931 2659 2354 2201 1711 632 515 125 272 1079 47 737 634 157
is_linear=0
shrinkage=0.04


Tree=18
num_leaves=15
num_cat=0
split_feature=301 239 296 180 133 250 202 201 253 301 223 313 287 250
split_gain=212.717 60.7094 63.3868 49.1068 48.9425 42.8583 42.3461 37.4454 51.6657 38.2753 39.8439 34.1462 28.6598 37.883
threshold=0.0038499999791383748 0.014750000089406969 1.0000000180025095e-35 0.0010500000207684936 0.0012500000302679839 0.0036499999696388845 0.0055499998852610597 0.045649999752640731 0.018350000493228439 0.0019500000635161998 0.0021499999566003685 0.0092500001192092913 0.012749999761581423 0.0014499999815598132
decision_type=2 2 2 2 2 2 2 2 2 2 2 2 2 2
left_child=1 2 3 11 5 6 7 8 9 10 -3 12 13 -1
right_child=-2 4 -4 -5 -6 -7 -8 -9 -10 -11 -12 -13 -14 -15
leaf_value=-0.0091100680152702285 0.061653134391519558 0.015778464195930701 0.060850312355854877 0.077943690654605408 -0.022664956956707703 0.057486125871993615 0.066832308880888036 -0.053161975415636373 0.078110733951050046 0.074731249894207943 -0.031403237384714233 0.023947699236684793 -0.027241635630357166 0.014317579177363829
leaf_weight=401.67791149020195 125.75220103561878 118.13898898661137 26.669159278273582 12.033892571926115 35.98193933069706 57.86679895222187 26.038105502724648 12.824217289686201 19.829473257064819 13.342510536313055 37.66451433300972 66.943958401679993 88.001311138272285 152.12460812926292
leaf_count=1368 217 218 60 27 89 99 55 11 19 30 42 198 183 315
internal_value=0.0124603 0.00666524 0.00040594 -0.0018331 0.0211919 0.0267353 0.0188857 0.0126494 0.0171624 0.00995165 0.0043341 -0.00320409 -0.0060457 -0.00266606
internal_weight=1194.89 1069.14 747.451 720.782 321.687 285.705 227.838 201.8 188.975 169.146 155.804 708.748 641.804 553.803
internal_count=2931 2714 2151 2091 563 474 375 320 309 290 260 2064 1866 1683
is_linear=0
shrinkage=0.04


Tree=19
num_leaves=15
num_cat=0
split_feature=252 239 127 281 180 296 250 127 278 239 287 256 254 314
split_gain=163.515 70.4557 56.2427 45.2593 45.1559 42.5712 41.075 46.7265 34.6048 61.7433 54.9499 47.5709 34.335 30.1189
threshold=0.0012500000302679839 0.016749999485909942 0.0024500000290572648 0.010549999773502352 0.0010500000207684936 1.0000000180025095e-35 0.0018500000005587938 0.0095500000752508658 0.0010500000207684936 0.031099999323487285 0.017150000669062141 0.0001499999962106813 0.0010500000207684936 0.073421470820903792
decision_type=2 2 2 2 2 2 2 2 2 2 2 2 2 2
left_child=1 4 -2 -4 5 -1 8 -8 9 11 -10 13 -12 -3
right_child=2 6 3 -5 -6 -7 7 -9 10 -11 12 -13 -14 -15
leaf_value=-0.0037791787544749862 0.062789204793465253 -0.026144909294071653 -0.031847383412602168 0.041426373540345875 0.069941736726076009 0.064075705634601091 0.053193082485650967 -0.054774623020681514 0.073489266510108453 -0.033182968102846613 -0.011132173771675248 -0.051674067151034897 0.043153433281798527 0.07702422081614127
leaf_weight=693.3196897059679 120.88158255815506 5.4734180122613934 21.059102386236191 36.963712781667709 14.0077688395977 15.011997088789938 83.072233408689499 6.8335165530443183 30.031411051750183 53.962619826197624 48.035564064979553 8.0478512048721296 30.26217657327652 23.684540435671806
leaf_count=2006 209 19 42 103 32 33 144 17 52 98 65 6 53 52
internal_value=0.0120066 0.00576658 0.0472496 0.0147542 -0.000910143 -0.00232661 0.0224398 0.0448905 0.0122847 -0.00583687 0.0275637 0.0337008 0.00982654 0.0574978
internal_weight=1190.65 1011.74 178.904 58.0228 722.339 708.332 289.403 89.9057 199.498 91.1684 108.329 37.2058 78.2977 29.158
internal_count=2931 2577 354 145 2071 2039 506 161 345 175 170 77 118 71
is_linear=0
shrinkage=0.04


Tree=20
num_leaves=15
num_cat=0
split_feature=301 167 253 43 312 105 287 159 287 317 239 134 25 150
split_gain=181.107 49.6212 42.8247 58.1794 45.7063 51.1332 43.3059 42.5456 41.1428 58.7365 42.6817 39.9786 36.3054 39.8642
threshold=0.0031500000040978198 0.0001499999962106813 0.0046500000171363362 0.0040500001050531873 0.0024500000290572648 0.017749999649822715 0.003249999950639904 0.07089999690651895 0.013050000183284284 0.76364094018936168 0.0016499999910593035 0.0011500000255182388 0.0023500000825151805 0.0012500000302679839
decision_type=2 2 2 2 2 2 2 2 2 2 2 2 2 2
left_child=1 2 4 6 8 -6 -4 -8 10 -10 -1 12 -12 -14
right_child=-2 -3 3 -5 5 -7 7 -9 9 -11 11 -13 13 -15
leaf_value=-0.01215959404284068 0.05626318356574056 0.039459646828278294 -0.040654391945178885 -0.026773567411006255 0.056294479264495385 -0.021278036243870764 0.050090719216918947 -0.011117177478389457 0.035253320924967413 -0.028618538422949241 0.0094062018581566893 -0.024774940673736926 0.076542121434785171 0.0038387648860108404
leaf_weight=218.5776602178812 123.02789260447025 62.809029921889305 11.699683651328085 32.636092662811279 43.00055143237114 19.70658965408802 103.71720634400845 21.862370446324348 26.639727890491486 164.7124470025301 258.52471579611301 45.130318090319633 29.351411581039429 20.664707705378532
leaf_count=795 221 149 35 78 116 66 168 67 79 256 594 163 68 85
internal_value=0.0103436 0.00500052 0.00282022 0.0211037 -0.000936703 0.0318575 0.0325261 0.0394027 -0.00363883 -0.0196917 0.00172456 0.0103176 0.01547 0.0466513
internal_weight=1182.06 1059.03 996.223 169.915 826.308 62.7071 137.279 125.58 763.601 191.352 572.249 353.671 308.541 50.0161
internal_count=2940 2719 2570 348 2222 182 270 235 2040 335 1705 910 747 153
is_linear=0
shrinkage=0.04


Tree=21
num_leaves=15
num_cat=0
split_feature=301 239 184 125 278 239 185 159 225 250 254 32 150 216
split_gain=170.462 42.6141 43.0947 33.9221 37.7278 33.0974 46.2663 45.1816 42.2708 50.6254 39.1283 42.3673 39.7235 37.6356
threshold=0.0031500000040978198 0.075649999082088484 0.0010500000207684936 0.0030500000575557355 0.0014499999815598132 0.0016499999910593035 0.0010500000207684936 0.18894999474287036 0.0052499999292194852 0.0050500000361353168 0.059149999171495445 0.0012500000302679839 0.0042499999981373557 0.0035500000230968003
decision_type=2 2 2 2 2 2 2 2 2 2 2 2 2 2
left_child=1 2 5 4 -3 -1 8 -8 9 -7 11 13 -12 -10
right_child=-2 3 -4 -5 -6 6 7 -9 10 -11 12 -13 -14 -15
leaf_value=-0.010639857849062292 0.054896395417609087 -0.0043005156317198201 0.071011470939138593 -0.033434433776893202 0.069011622035343861 0.01246621280122126 0.058676382415490426 -0.0087914654524471371 -0.010695272823636999 0.082059427040288457 0.076707537837646944 0.0346549169270279 -0.041705179414780393 0.059303128936795839
leaf_weight=255.3985508531332 121.08914470672607 15.515620410442351 14.484111309051512 9.3925724625587446 39.543441027402878 124.90772464871407 48.280751600861549 23.464780852198601 431.55237326025963 19.268872901797295 17.985342383384708 39.131656304001808 5.9292546510696402 12.536495566368101
leaf_count=920 221 34 31 24 68 377 110 69 851 35 48 97 29 26
internal_value=0.0099585 0.00480387 0.00275188 0.0363015 0.0483094 0.00173019 0.00610594 0.0365734 0.00273854 0.0218453 -0.0026888 -0.0051719 0.047131 -0.00869733
internal_weight=1178.48 1057.39 992.94 64.4516 55.0591 978.456 723.057 71.7455 651.312 144.177 507.135 483.221 23.9146 444.089
internal_count=2940 2719 2593 126 102 2562 1642 179 1463 412 1051 974 77 877
is_linear=0
shrinkage=0.04


Tree=22
num_leaves=15
num_cat=0
split_feature=301 239 184 244 59 291 53 176 239 239 124 317 211 278
split_gain=160.588 39.623 40.243 31.926 31.5379 35.3921 33.3873 35.6873 31.6911 51.4516 49.5346 39.8596 32.3012 31.5661
threshold=0.0031500000040978198 0.075649999082088484 0.0010500000207684936 0.0038499999791383748 1.0000000180025095e-35 1.0000000180025095e-35 1.0000000180025095e-35 0.10439999774098398 0.04150000028312207 0.016749999485909942 0.013849999755620958 0.94735795259475719 0.0017499999958090486 0.0014499999815598132
decision_type=2 2 2 2 2 2 2 2 2 2 2 2 2 2
left_child=1 2 4 -3 5 8 7 -7 9 13 11 -11 -13 -1
right_child=-2 3 -4 -5 -6 6 -8 -9 -10 10 -12 12 -14 -15
leaf_value=0.002692108480181016 0.053609521562442634 0 0.068989964482596783 0.057755988832532239 -0.031717709085207504 0.073745004498845176 -0.0068228849966436769 -0.032730391681938836 -0.022904380175609487 0.013972895812553319 -0.043106932782080984 -0.014624352216781059 0.076016057714581017 -0.022701898876168455
leaf_weight=585.34909731149673 119.07919010519981 25.089549615979195 14.318412512540815 38.891603663563728 43.164518460631371 30.809403955936432 20.70387464761734 5.9003008604049674 79.157837271690369 57.948660612106323 13.93649350106716 7.2523245960474005 42.840915158390999 90.305360704660416
leaf_count=1777 221 56 31 70 202 74 79 7 98 91 32 22 72 108
internal_value=0.00959234 0.00461882 0.00264435 0.035108 0.00166134 0.00321112 0.0336108 0.0564803 0.00121233 0.00361328 0.0275128 0.0366905 0.0628108 -0.000698894
internal_weight=1174.75 1055.67 991.687 63.9812 977.369 934.204 57.4136 36.7097 876.791 797.633 121.978 108.042 50.0932 675.654
internal_count=2940 2719 2593 126 2562 2360 160 81 2200 2102 217 185 94 1885
is_linear=0
shrinkage=0.04


Tree=23
num_leaves=15
num_cat=0
split_feature=301 167 253 133 279 287 287 220 317 105 182 281 277 53
split_gain=151.441 42.2795 36.3141 62.0736 41.3215 38.6726 33.5521 54.0444 50.1712 43.2643 45.2279 57.3645 37.593 37.5732
threshold=0.0031500000040978198 0.0001499999962106813 0.0046500000171363362 0.0012500000302679839 0.015300000086426737 0.003249999950639904 0.013050000183284284 0.0015499999863095584 0.78860706090927135 0.0017499999958090486 0.0013499999768100681 1.0000000180025095e-35 0.0048500001430511483 1.0000000180025095e-35
decision_type=2 2 2 2 2 2 2 2 2 2 2 2 2 2
left_child=1 2 4 5 6 -4 7 9 -8 10 -1 -12 -13 -9
right_child=-2 -3 3 -5 -6 -7 8 13 -10 -11 11 12 -14 -15
leaf_value=-0.0018075761735694385 0.052393669143410135 0.036380866974681347 -0.039993533248121362 -0.036736246619919831 0.044862951910935416 0.036044074994042559 0.023506252840549319 0.070419282079770343 -0.026776501450003827 -0.026356655710695766 0.061586585007722336 -0.035444879328947222 0.054283259356530278 -0.026040886257835755
leaf_weight=385.80397275090218 117.01311740279198 62.297147259116173 11.525867953896521 26.474491879343987 30.122381255030632 130.59058500826359 39.338624551892281 28.664082750678062 161.64189887046814 90.78123839199543 44.167326405644417 23.643333971500397 10.786931589245794 8.2055586427450162
leaf_count=1124 221 149 35 78 71 235 111 62 251 395 100 37 32 39
internal_value=0.00923835 0.00443922 0.00242528 0.0193337 -0.0010348 0.0298254 -0.00278865 0.00199958 -0.0169078 -0.00111151 0.00381941 0.031458 -0.0071416 0.0488309
internal_weight=1171.06 1054.04 991.746 168.591 823.155 142.116 793.033 592.052 200.981 555.183 464.402 78.5976 34.4303 36.8696
internal_count=2940 2719 2570 348 2222 270 2151 1789 362 1688 1293 169 69 101
is_linear=0
shrinkage=0.04


Tree=24
num_leaves=15
num_cat=0
split_feature=303 167 134 59 175 113 229 133 223 279 213 250 109 315
split_gain=93.2192 41.5152 38.4216 34.0301 30.0985 39.9615 38.0844 35.879 29.4696 26.5892 31.0609 36.8492 45.783 38.625
threshold=0.0027499999850988392 0.00025000000459840527 0.0011500000255182388 1.0000000180025095e-35 0.0053499999921768912 0.0010500000207684936 0.0013499999768100681 0.0010500000207684936 1.0000000180025095e-35 0.015549999661743643 0.0012500000302679839 0.0013499999768100681 0.0034500000765547161 0.0016499999910593035
decision_type=2 2 2 2 2 2 2 2 2 2 2 2 2 2
left_child=1 2 3 4 5 6 9 -8 -7 10 11 -1 13 -13
right_child=-2 -3 -4 -5 -6 8 7 -9 -10 -11 -12 12 -14 -15
leaf_value=0.00014324019129171415 0.038695767900307793 0.039433703360541646 -0.019844920364055631 -0.035309120334472317 0.029024452921894119 -0.027057452184781856 0.048549774090266798 -0.030539385712253311 0.049819520590774567 0.072930200674904216 -0.015884553248024142 0.0087454161879589824 -0.031468565938050586 0.052517144897732751
leaf_weight=310.63171675801277 146.78678829967976 51.883587196469307 107.1020652204752 31.303752288222313 89.315039053559303 85.449505791068077 58.074527189135551 10.760871723294256 8.6740976274013502 8.8835958540439588 106.7330509275198 58.825405925512314 20.28970642387867 72.117663905024529
leaf_count=906 246 122 357 157 221 277 119 20 23 17 186 84 30 175
internal_value=0.00889929 0.00460422 0.0027297 0.00554425 0.00709439 0.00444013 0.00799132 0.0361016 -0.0198849 0.004628 0.0035412 0.00804146 0.0242271 0.0329052
internal_weight=1166.83 1020.04 968.161 861.059 829.755 740.44 646.317 68.8354 94.1236 577.481 568.598 461.864 151.233 130.943
internal_count=2940 2694 2572 2215 2058 1837 1537 139 300 1398 1381 1195 289 259
is_linear=0
shrinkage=0.04


Tree=25
num_leaves=15
num_cat=0
split_feature=301 253 2 167 50 24 317 300 201 211 244 315 315 127
split_gain=138.894 61.3221 52.7551 45.7554 37.4148 38.0376 40.412 39.5408 37.646 35.0067 30.3204 29.6779 35.1652 29.3075
threshold=0.0038499999791383748 0.014449999667704107 0.0021499999566003685 0.0001499999962106813 0.0012500000302679839 0.0012500000302679839 0.84446167945861828 0.40649999678134924 0.0030500000575557355 0.021650000475347046 0.030350000597536567 0.058316918089985854 0.010274684987962248 0.0054500000551342973
decision_type=2 2 2 2 2 2 2 2 2 2 2 2 2 2
left_child=1 3 -3 4 5 6 8 9 11 -8 -11 12 -1 -5
right_child=-2 2 -4 13 -6 -7 7 -9 -10 10 -12 -13 -14 -15
leaf_value=0.058820143734790692 0.054710540774005792 0.057539491600747887 -0.042058150764008484 0.047519753637285479 -0.014306327811431525 0.051356105573291393 -0.0048764657105413046 0.095147567047968742 -0.00034128573262832875 0.067417190148865103 -0.020076437736388529 0.066470111858380143 0.0020691591626163944 -0.033940693995691364
leaf_weight=26.455716148018837 106.83394154906273 59.40263520181179 9.8072593808174116 55.707185924053192 177.83211323618889 28.450401738286018 514.56341169774532 6.6230266690254203 83.571289584040642 20.107118099927906 9.0885253697633726 33.714409798383713 51.538404941558838 7.9595827758312216
leaf_count=79 216 102 27 129 631 82 1203 11 246 42 8 82 125 29
internal_value=0.0112106 0.00691836 0.0433282 0.00442922 0.00222722 0.00603189 0.00429055 -0.00125022 0.0199199 -0.00244899 0.0400686 0.0351002 0.0214211 0.0372356
internal_weight=1191.66 1084.82 69.2099 1015.61 951.944 774.112 745.662 550.382 195.28 543.759 29.1956 111.709 77.9941 63.6668
internal_count=3012 2796 129 2667 2509 1878 1796 1264 532 1253 50 286 204 158
is_linear=0
shrinkage=0.04


Tree=26
num_leaves=15
num_cat=0
split_feature=301 253 159 257 50 225 105 314 176 166 213 213 159 253
split_gain=132.427 56.9538 48.9618 36.8839 42.6372 40.6725 36.218 30.6312 56.6172 32.717 31.1431 34.5523 30.3908 29.3561
threshold=0.0038499999791383748 0.014449999667704107 0.18599999696016314 0.00045000000682193791 0.0012500000302679839 0.15395000576972964 0.016200000420212749 0.36472983658313757 0.089800000190734877 1.0000000180025095e-35 0.0012500000302679839 0.0035500000230968003 0.015549999661743643 0.0083499997854232805
decision_type=2 2 2 2 2 2 2 2 2 2 2 2 2 2
left_child=1 3 -3 4 7 -6 -5 9 12 10 -1 13 -9 -12
right_child=-2 2 -4 6 5 -7 -8 8 -10 -11 11 -13 -14 -15
leaf_value=0.0053593962200301831 0.053838810200956003 0.060691353631412197 -0.018309446505515442 0.064987173965157852 -0.021650174431768962 0.040904477583271578 -0.051516585643427176 0.05317348716794424 -0.032120119147948462 0.034837487807372981 -0.027817012114660731 0.047599719698699437 0.0096717968812171339 0.069811877863504609
leaf_weight=498.64960657060146 104.27461414039135 52.43108905851841 16.34880904853344 26.842026725411419 156.57830680906773 18.473968267440796 4.9571419209241858 67.001936972141266 23.257693082094193 48.739120975136757 110.8049164712429 11.958021104335783 42.131509929895401 5.0417978167533866
leaf_count=1350 216 79 50 63 591 44 9 131 33 135 159 32 112 8
internal_value=0.0108025 0.0066514 0.0418557 0.00425668 0.00287788 -0.0150061 0.0465956 0.00676074 0.0243507 0.00330272 0.000837709 -0.0167635 0.0364403 -0.023477
internal_weight=1187.49 1083.22 68.7799 1014.44 982.637 175.052 31.7992 807.585 132.391 675.193 626.454 127.805 109.133 115.847
internal_count=3012 2796 129 2667 2595 635 72 1960 276 1684 1549 199 243 167
is_linear=0
shrinkage=0.04


Tree=27
num_leaves=15
num_cat=0
split_feature=301 253 2 167 50 314 239 225 109 155 47 250 214 229
split_gain=126.341 53.0317 46.4931 39.7456 32.1009 30.4 29.494 30.9328 36.4439 28.174 27.4142 25.6097 23.8985 49.919
threshold=0.0038499999791383748 0.014449999667704107 0.0021499999566003685 0.0001499999962106813 0.0012500000302679839 0.76696589589118969 0.067949999123811736 1.0000000180025095e-35 0.0012500000302679839 0.0024500000290572648 0.0049499999731779107 0.0010500000207684936 0.014549999963492157 0.003249999950639904
decision_type=2 2 2 2 2 2 2 2 2 2 2 2 2 2
left_child=1 3 -3 4 6 -6 7 8 11 -5 -8 -1 -9 -14
right_child=-2 2 -4 9 5 -7 10 12 -10 -11 -12 -13 13 -15
leaf_value=0.027357148954375 0.053022327381202813 0.053880524146602389 -0.040633840423899885 0.04628684481126049 -0.018000951250164095 0.046875613897955741 0.055252579652007049 -0.0013172779066377871 -0.053492515009741004 -0.027677534569871414 -0.039249911893773665 0.096937034543742084 0.043439418581059368 -0.046367211654565595
leaf_weight=55.235775977373123 101.69878374040127 58.649935990571976 9.5784831643104535 53.20919868350029 162.9845584332943 12.313049644231794 31.129563212394714 604.32936738431454 7.6301459968090048 9.6061723232269269 5.7027887701988211 10.022059515118597 48.180783540010452 12.331471413373945
leaf_count=208 216 102 27 124 599 32 66 1422 18 34 6 22 128 8
internal_value=0.0104158 0.00639889 0.0405132 0.00409274 0.00204866 -0.013397 0.00555075 0.0037979 0.0285188 0.0348861 0.0404457 0.0382361 0.0010778 0.0250259
internal_weight=1182.6 1080.9 68.2284 1012.67 949.86 175.298 774.562 737.73 72.888 62.8154 36.8324 65.2578 664.842 60.5123
internal_count=3012 2796 129 2667 2509 631 1878 1806 248 158 72 230 1558 136
is_linear=0
shrinkage=0.04


Tree=28
num_leaves=15
num_cat=0
split_feature=301 257 53 232 155 250 314 78 213 211 254 300 315 301
split_gain=120.648 36.3943 46.6345 36.8244 34.1268 40.0972 28.5646 28.122 26.2915 48.1462 35.9107 34.4966 32.862 39.5887
threshold=0.0038499999791383748 0.00045000000682193791 0.0016499999910593035 0.0035500000230968003 0.0094499997794628161 0.0018500000005587938 0.79809802770614635 1.0000000180025095e-35 0.0012500000302679839 0.021249999292194847 0.059149999171495445 0.030049999244511131 0.13732849061489108 1.0000000180025095e-35
decision_type=2 2 2 2 2 2 2 2 2 2 2 2 2 2
left_child=1 2 3 4 5 6 8 -3 9 11 -10 -1 13 -13
right_child=-2 7 -4 -5 -6 -7 -8 -9 10 -11 -12 12 -14 -15
leaf_value=-0.007209988097932901 0.052256039746085482 0.059346872939720942 -0.023967079747357237 0.041016715325137051 0.044469614120844679 0.016407943765202118 0.067829783065049221 -0.049796348054581448 -0.024086524256465 0.063670369649263134 0.054332417845667155 0.014928066910060978 -0.046198381484957682 0.084294299518730104
leaf_weight=334.72526885569096 99.116236865520477 30.968134865164757 82.851959392428398 49.070414632558823 34.44462451338768 280.03490570187569 9.1419698148965818 4.1830230057239524 127.50322680175304 19.066455617547035 9.960115894675253 70.254485636949539 10.592219680547712 16.189635723829269
leaf_count=1079 216 75 358 140 112 500 18 6 192 47 33 192 17 27
internal_value=0.0100391 0.00615285 0.00479813 0.00728454 0.00546072 0.00391999 -0.00192856 0.0461408 -0.00303074 0.00163145 -0.0183401 -0.00111302 0.019863 0.0280479
internal_weight=1178.1 1078.99 1043.84 960.983 911.913 877.468 597.433 35.1512 588.291 450.828 137.463 431.762 97.0363 86.4441
internal_count=3012 2796 2715 2357 2217 2105 1605 81 1587 1362 225 1315 236 219
is_linear=0
shrinkage=0.04


Tree=29
num_leaves=15
num_cat=0
split_feature=301 253 159 167 50 24 317 225 179 175 121 300 211 225
split_gain=115.315 48.741 42.8558 35.4553 29.4262 32.0428 34.9972 41.0654 37.9943 40.8809 40.985 34.0597 33.7854 31.8144
threshold=0.0038499999791383748 0.014449999667704107 0.18599999696016314 0.0001499999962106813 0.0012500000302679839 0.0012500000302679839 0.84446167945861828 0.14469999819993976 0.000650000001769513 0.0052499999292194852 0.0010500000207684936 0.0017499999958090486 0.02224999945610762 0.0014499999815598132
decision_type=2 2 2 2 2 2 2 2 2 2 2 2 2 2
left_child=1 3 -3 4 5 6 11 8 9 10 12 -1 -8 -7
right_child=-2 2 -4 -5 -6 13 7 -9 -10 -11 -12 -13 -14 -15
leaf_value=0.054079168429684535 0.051535457440439546 0.056710020148234154 -0.017777068885422579 0.033005274060381402 -0.013074776703770408 -0.05453515958274819 -0.0057204906279094137 0.066772957905372007 -0.033484236406273064 0.063923755387290712 0.060901896727421967 0.010268003505981156 0.070650643107618552 0.063308145778878194
leaf_weight=34.460377112030983 96.535649016499519 51.269215568900108 16.123800486326218 61.954098299145699 173.81290602684021 4.1765620410442379 434.85377669334412 13.572650820016859 59.660352870821953 15.553259402513502 15.985348537564276 161.89268100261688 9.3643343448638898 25.012395977973938
leaf_count=95 216 79 50 158 631 20 1042 23 99 37 39 437 24 62
internal_value=0.00967087 0.00591265 0.0388298 0.00370929 0.00178793 0.00512969 0.0035107 -0.00166696 -0.0034215 0.00034623 -0.0018072 0.0180009 -0.00408601 0.0461811
internal_weight=1174.23 1077.69 67.393 1010.3 948.345 774.532 745.343 548.99 535.417 475.757 460.203 196.353 444.218 29.189
internal_count=3012 2796 129 2667 2509 1878 1796 1264 1241 1142 1105 532 1066 82
is_linear=0
shrinkage=0.04


Tree=30
num_leaves=15
num_cat=0
split_feature=301 256 313 102 250 257 124 231 109 222 279 182 249 121
split_gain=113.665 36.4793 41.4792 38.0132 37.0803 33.8176 39.1508 36.0762 38.7917 38.4857 27.496 30.6153 26.1912 34.7527
threshold=0.0010500000207684936 1.0000000180025095e-35 0.0028499999316409235 0.17040000110864642 0.0030500000575557355 0.00045000000682193791 0.0079499999992549437 0.0035500000230968003 0.0017499999958090486 1.0000000180025095e-35 0.0069500000681728133 0.0086500002071261423 0.0014499999815598132 0.0010500000207684936
decision_type=2 2 2 2 2 2 2 2 2 2 2 2 2 2
left_child=5 2 -2 -3 10 6 7 8 9 12 11 -4 13 -1
right_child=1 3 4 -5 -6 -7 -8 -9 -10 -11 -12 -13 -14 -15
leaf_value=0.0019369269303511339 0.063765518718657196 0.048995137866361491 -0.027431187814248442 -0.011561625000171835 0.048530189504349515 0.048914165016675747 -0.022727962228719898 0.033756844172926473 -0.022303832719299459 0.035857328431631356 0.054042296905007399 0.067162189031091016 -0.03014479933379673 0.069377957743155333
leaf_weight=436.76841820776463 21.434052765369415 149.48510152101517 62.687780454754829 18.498786881566048 21.776727557182312 22.927943304181099 107.37592756748199 56.704466506838799 100.59405407309532 56.785874918103218 9.2035673856735212 5.8816564977169028 39.37399585545063 12.484749957919119
leaf_count=1270 45 325 76 52 37 61 458 124 284 96 21 11 54 35
internal_value=0.00861914 0.0302314 0.0134204 0.0422998 0.00248737 0.00111447 -0.000239335 0.00319403 0.000500324 0.00471689 -0.0103992 -0.019173 0.00108312 0.00383504
internal_weight=1121.98 288.968 120.984 167.984 99.5497 833.015 810.087 702.712 646.007 545.413 77.773 68.5694 488.627 449.253
internal_count=2949 567 190 377 145 2382 2321 1863 1739 1455 108 87 1359 1305
is_linear=0
shrinkage=0.04


Tree=31
num_leaves=15
num_cat=0
split_feature=301 125 312 150 263 150 263 225 202 229 127 229 25 194
split_gain=106.47 33.5088 31.5817 39.2595 31.4225 41.7386 31.6435 44.6709 38.8053 31.968 29.372 26.4619 26.4247 25.2977
threshold=0.0010500000207684936 0.003249999950639904 0.0018500000005587938 0.0010500000207684936 0.051199998706579215 0.0014499999815598132 0.0029499999945983295 0.0015499999863095584 0.0084500000812113302 0.0011500000255182388 0.036050001159310348 0.0046500000171363362 0.010049999691545965 0.012450000271201135
decision_type=2 2 2 2 2 2 2 2 2 2 2 2 2 2
left_child=4 2 3 -2 5 6 -1 -8 9 12 11 -6 -9 -7
right_child=1 -3 -4 -5 10 13 7 8 -10 -11 -12 -13 -14 -15
leaf_value=-0.0078729306136472166 0.037841218034758761 -0.025145668643775716 0.050697754470543456 -0.0014851791287189258 0.040716721470012082 -0.019210697071712395 0.062128373759270134 -0.0025402545344537625 0.077077054848720294 0.039486555838402868 -0.032415372458858588 -0.025570223668783698 0.088351736268033734 0.055531448692716256
leaf_weight=205.03402583301067 102.01286523044109 16.819422453641891 99.671445459127426 67.112387523055077 70.60321544110775 206.75748006999493 26.289210513234138 238.09235469996929 12.276484236121176 36.551904067397118 13.146376907825468 11.009455487132071 5.1295453011989585 7.3882865756750098
leaf_count=602 182 39 231 115 178 771 73 533 24 81 57 29 9 25
internal_value=0.00830682 0.0293753 0.0328098 0.0222204 0.00106921 -0.00171275 0.00436829 0.0122651 0.00774317 0.00466006 0.0227426 0.0317054 -0.000571382 -0.0165886
internal_weight=1117.89 285.616 268.797 169.125 832.278 737.519 523.374 318.339 292.05 279.774 94.759 81.6127 243.222 214.146
internal_count=2949 567 528 297 2382 2118 1322 720 647 623 264 207 542 796
is_linear=0
shrinkage=0.04


Tree=32
num_leaves=15
num_cat=0
split_feature=252 257 124 127 279 275 133 281 212 105 275 263 202 6
split_gain=84.7844 43.0648 56.6382 38.8457 37.9136 32.8832 40.69 28.9466 24.866 25.4481 31.3002 26.0754 32.8087 40.543
threshold=0.0012500000302679839 0.00045000000682193791 0.0079499999992549437 0.0023500000825151805 0.0030500000575557355 1.0000000180025095e-35 0.0021499999566003685 0.010549999773502352 0.0013499999768100681 0.0017499999958090486 0.024549999274313453 0.0020500000100582842 0.0085500003769993799 0.0067499999422580012
decision_type=2 2 2 2 2 2 2 2 2 2 2 2 2 2
left_child=1 2 4 -2 8 -6 -7 -5 9 11 -11 -1 -13 -14
right_child=3 -3 -4 7 5 6 -8 -9 -10 10 -12 12 13 -15
leaf_value=-0.0093084122002841177 0.051983301227394592 0.049311436719681467 -0.026890619585583288 -0.027196230790941602 -0.041037233566685927 0.04812225932334295 -0.043681418854816745 0.031830519237268297 0.064149794099857396 -0.022823726237023806 0.044334567611741288 0.007125604020190762 0.085189538181106264 -0.037739373715567397
leaf_weight=155.8701146543026 92.726620227098465 31.87009958922863 96.585240840911865 21.031119704246521 9.2056631892919523 71.754092007875443 8.5315362215042096 35.592706903815269 10.221754372119902 103.25559788942337 12.312196671962736 441.15967066586018 17.760448560118679 5.5353170782327643
leaf_count=475 208 83 425 41 6 171 11 106 14 304 33 1034 30 8
internal_value=0.00800801 0.00365722 0.00208697 0.0360445 0.00544401 0.0300349 0.0382748 0.0098271 0.00248551 0.00161494 -0.0156022 0.00483097 0.00958571 0.0557729
internal_weight=1113.41 964.062 932.192 149.35 835.606 89.4913 80.2856 56.6238 746.115 735.893 115.568 620.326 464.455 23.2958
internal_count=2949 2594 2511 355 2086 188 182 147 1898 1884 337 1547 1072 38
is_linear=0
shrinkage=0.04


Tree=33
num_leaves=15
num_cat=0
split_feature=301 256 313 102 250 239 219 25 185 287 109 105 223 188
split_gain=94.703 33.0331 37.3102 34.3532 33.0203 28.7616 27.1497 26.3983 24.8807 36.754 35.5409 32.3884 39.6495 33.1624
threshold=0.0010500000207684936 1.0000000180025095e-35 0.0028499999316409235 0.17040000110864642 0.0030500000575557355 0.0016499999910593035 0.0022500000195577745 0.0021499999566003685 1.0000000180025095e-35 0.0017499999958090486 0.0017499999958090486 0.0017499999958090486 0.0020500000100582842 0.011149999685585501
decision_type=2 2 2 2 2 2 2 2 2 2 2 2 2 2
left_child=5 2 -2 -3 -4 6 7 -1 10 -10 11 12 -7 -14
right_child=1 3 4 -5 -6 8 -8 -9 9 -11 -12 -13 13 -15
leaf_value=-0.0034184333136737396 0.059750255948790819 0.046333123103908892 -0.010803718627078372 -0.011762978040654046 0.045662525918587563 0.019078541268004613 0.090951659386434527 -0.032104121275319683 -0.056436412287556637 0.04285770699342497 -0.019120334779446368 -0.012631918687568534 -0.035998727533255399 0.058384986435015669
leaf_weight=165.49243712425232 21.240030765533447 142.23147854208946 76.771835908293724 18.228825017809868 21.017789214849472 293.28401999175549 4.0332770049571982 74.578619912266731 6.6556942015886298 49.729656264185905 94.811526715755463 95.582284331321716 37.952627792954445 6.9418684989213935
leaf_count=572 45 325 108 52 37 721 12 307 9 131 272 292 51 15
internal_value=0.00772276 0.0278548 0.0118263 0.0397051 0.00132588 0.000928563 -0.0105962 -0.012356 0.00574569 0.0309871 0.00304015 0.0078965 0.0137125 -0.0212183
internal_weight=1108.55 279.49 119.03 160.46 97.7896 829.062 244.104 240.071 584.958 56.3854 528.572 433.761 338.179 44.8945
internal_count=2949 567 190 377 145 2382 891 879 1491 140 1351 1079 787 66
is_linear=0
shrinkage=0.04


Tree=34
num_leaves=15
num_cat=0
split_feature=301 257 113 219 124 256 99 245 317 250 223 229 213 121
split_gain=90.6671 42.8839 44.6723 33.1045 28.6137 32.2752 34.7198 50.6545 31.2152 25.8564 29.1152 31.9228 29.7199 37.051
threshold=0.0038499999791383748 0.00045000000682193791 0.0010500000207684936 0.0022500000195577745 0.0084500000812113302 1.0000000180025095e-35 0.0022500000195577745 0.096350003033876433 0.9990898370742799 0.018000000156462196 0.002650000038556755 0.0013499999768100681 0.0012500000302679839 1.0000000180025095e-35
decision_type=2 2 2 2 2 2 2 2 2 2 2 2 2 2
left_child=1 2 4 -4 5 9 7 8 -7 10 11 12 13 -1
right_child=-2 -3 3 -5 -6 6 -8 -9 -10 -11 -12 -13 -14 -15
leaf_value=0.0049847275844079955 0.047988471237751427 0.048675666485717806 -0.023305249381155923 0.037428342067672267 -0.016937182064305761 0.052569631180767393 -0.005897030116818856 -0.043945579230151431 -0.050549977514748941 0.061118620333839843 -0.023268117632303235 0.038244123083980237 -0.018411386117968023 0.058876854603976722
leaf_weight=391.47440284490585 81.627562403678894 33.455940365791321 138.98420499265194 15.876946210861204 76.47721640765667 89.352848157286644 40.088237166404724 10.763279572129248 4.8408676832914344 12.627690717577932 58.597395002841949 45.959727928042412 82.924407154321671 21.459977567195892
leaf_count=1040 205 87 515 42 313 225 75 14 27 26 89 106 133 52
internal_value=0.00744118 0.00419716 0.00268438 -0.0170327 0.00634945 0.00870584 0.0256733 0.0377638 0.0471796 0.00468131 0.0034777 0.00638139 0.00341295 0.00780873
internal_weight=1104.51 1022.88 989.427 154.861 834.566 758.089 145.045 104.957 94.1937 613.044 600.416 541.819 495.859 412.934
internal_count=2949 2744 2657 557 2100 1787 341 266 252 1446 1420 1331 1225 1092
is_linear=0
shrinkage=0.04


Tree=35
num_leaves=15
num_cat=0
split_feature=301 218 133 182 301 105 179 253 279 253 120 182 317 316
split_gain=99.7181 32.2643 37.1326 45.8795 51.6129 36.2542 42.3849 36.7399 35.3537 42.0066 30.0923 29.7003 29.346 28.8572
threshold=0.0038499999791383748 0.0011500000255182388 0.0012500000302679839 0.0013499999768100681 0.0017499999958090486 0.0018500000005587938 0.000650000001769513 0.015050000045448543 0.0015499999863095584 1.0000000180025095e-35 0.0016499999910593035 0.0022500000195577745 0.96883246302604686 0.00059991498710587632
decision_type=2 2 2 2 2 2 2 2 2 2 2 2 2 2
left_child=1 5 3 10 12 6 7 8 13 -10 -3 -8 -5 -1
right_child=-2 2 -4 4 -6 -7 11 -9 9 -11 -12 -13 -14 -15
leaf_value=-0.00047099490974011215 0.048555451818805148 0.056575911318288492 -0.020018161952079758 0.0038307664096181582 0.052324273356157455 -0.020826657614635695 -0.030318623488464869 0.063570602400278411 0.082733682197116354 0.0006205625828885835 0.012354306063249269 0.018546963629448587 -0.046108319910713819 0.036511665972870401
leaf_weight=414.02386701107025 84.575434178113937 67.326931357383728 42.357834234833717 93.654712304472923 30.289528161287308 123.38239450752735 87.523277252912521 18.155693605542183 19.925898417830467 20.047466143965721 39.30122172832489 25.567283749580383 23.429435446858406 36.637094020843506
leaf_count=1155 212 140 129 211 69 460 193 22 40 37 117 53 27 96
internal_value=0.00680747 0.00340953 0.0145718 0.0203614 0.00586111 -0.00102523 0.0028997 0.00782905 0.00574568 0.0417564 0.0403409 -0.0192292 -0.00615911 0.00253412
internal_weight=1126.2 1041.62 296.36 254.002 147.374 745.263 621.881 508.79 490.634 39.9734 106.628 113.091 117.084 450.661
internal_count=2961 2749 693 564 307 2056 1596 1350 1328 77 257 246 238 1251
is_linear=0
shrinkage=0.04


Tree=36
num_leaves=15
num_cat=0
split_feature=301 218 133 182 301 105 179 253 263 315 47 260 120 182
split_gain=95.3318 29.9188 34.4239 42.4194 48.2062 33.7132 39.2829 34.4272 32.7336 30.9899 29.8782 29.5783 28.3714 27.7258
threshold=0.0038499999791383748 0.0011500000255182388 0.0012500000302679839 0.0013499999768100681 0.0017499999958090486 0.0018500000005587938 0.000650000001769513 0.015050000045448543 0.064449999481439604 0.26552107930183416 0.0014499999815598132 0.0030500000575557355 0.0016499999910593035 0.0022500000195577745
decision_type=2 2 2 2 2 2 2 2 2 2 2 2 2 2
left_child=1 5 3 12 9 6 7 8 -1 10 -5 -7 -3 -8
right_child=-2 2 -4 4 -6 11 13 -9 -10 -11 -12 -13 -14 -15
leaf_value=0.0038759236588897894 0.04803849120034185 0.054779358931132553 -0.019378823459149187 -0.028771661770995195 0.050884899681941723 -0.026687399816039237 -0.029467121683416454 0.061826974400581824 0.071090115621739836 0.032152628689269734 0.028073465216183778 0.039206824669838235 0.011819413332614959 0.01775285823048954
leaf_weight=479.17995113134384 82.116970643401146 66.768185645341873 42.015438944101334 71.885931387543678 29.910994291305542 110.29684072732925 86.474723592400551 17.928408369421959 11.791195660829542 26.290579989552498 18.468241006135941 11.959027260541914 39.438276514410973 25.645332261919975
leaf_count=1302 212 140 129 121 69 417 193 22 26 74 43 43 117 53
internal_value=0.00657313 0.00328477 0.0140666 0.0196473 0.00565783 -0.000987149 0.00278785 0.007516 0.00551244 -0.00593905 -0.0170902 -0.0201822 0.0388905 -0.0186246
internal_weight=1120.17 1038.05 294.778 252.762 146.556 743.275 621.02 508.9 490.971 116.645 90.3542 122.256 106.206 112.12
internal_count=2961 2749 693 564 307 2056 1596 1350 1328 238 164 460 257 246
is_linear=0
shrinkage=0.04


Tree=37
num_leaves=15
num_cat=0
split_feature=301 218 43 105 179 244 102 239 314 214 182 239 301 182
split_gain=91.1578 27.8124 32.2633 31.3786 36.4044 33.381 43.4313 39.9895 45.9658 32.444 32.3249 34.5259 30.8817 41.4578
threshold=0.0038499999791383748 0.0011500000255182388 0.0042499999981373557 0.0018500000005587938 0.000650000001769513 0.0052499999292194852 0.0011500000255182388 0.044649999588727958 0.070394806563854231 0.075150001794099822 0.02680000010877848 0.0080500002950429934 0.0017499999958090486 0.0013499999768100681
decision_type=2 2 2 2 2 2 2 2 2 2 2 2 2 2
left_child=1 3 12 4 5 6 -1 8 -7 -5 11 -10 13 -3
right_child=-2 2 -4 9 -6 7 -8 -9 10 -11 -12 -13 -14 -15
leaf_value=0.0062598712120416813 0.047546233054922206 0.031537198516731112 -0.02003207939071899 -0.025486907539040433 -0.018038927857082714 -0.012783944886331777 -0.03178959892403016 -0.041022876704314565 0.023502794308776651 0.052879451777297942 -0.04211942487087468 0.063913168082184862 0.048909255467621982 -0.0042055245706779836
leaf_weight=239.77088288962841 79.69842503964901 96.422189623117447 39.290906831622124 112.01574036478996 111.1578900963068 41.387001484632492 59.893876194953918 16.014104351401329 88.728752091526985 9.0193948149681074 8.1699181050062162 55.280804485082626 44.955182924866676 111.96241372823715
leaf_count=673 212 253 96 433 246 146 138 10 278 27 7 98 102 242
internal_value=0.00635004 0.00316679 0.0136074 -0.000949783 0.00268001 0.00721304 -0.00133979 0.019456 0.0244988 -0.0195753 0.0346663 0.0390764 0.0188462 0.0123211
internal_weight=1113.77 1034.07 292.631 741.438 620.403 509.245 299.665 209.581 193.566 121.035 152.179 144.01 253.34 208.385
internal_count=2961 2749 693 2056 1596 1350 811 539 529 460 383 376 597 495
is_linear=0
shrinkage=0.04


Tree=38
num_leaves=15
num_cat=0
split_feature=301 257 50 59 185 312 53 179 250 102 188 90 312 229
split_gain=87.2207 26.2254 27.4518 26.4786 32.2721 32.9643 30.4811 26.6981 36.3125 29.8956 45.8658 29.1344 28.8038 28.2587
threshold=0.0038499999791383748 0.00045000000682193791 0.010250000283122064 1.0000000180025095e-35 1.0000000180025095e-35 0.002650000038556755 1.0000000180025095e-35 1.0000000180025095e-35 0.0018500000005587938 0.0028499999316409235 0.0012500000302679839 0.0011500000255182388 0.0011500000255182388 0.0013499999768100681
decision_type=2 2 2 2 2 2 2 2 2 2 2 2 2 2
left_child=1 3 -3 4 5 7 -7 12 11 10 -10 -9 -1 -11
right_child=-2 2 -4 -5 -6 6 -8 8 9 13 -12 -13 -14 -15
leaf_value=0.0072491419972499421 0.04707673224414044 0.058843932205110278 -0.022322633714867323 -0.030879453116974601 0.024513338961626503 0.049750333119156873 -0.032595803678870647 -0.022277321106988365 0.0036246223078923072 -0.023026559367658378 0.056315148779248557 0.00096590595436711071 0.084834991699870327 0.044835322193963599
leaf_weight=238.53713135421276 77.322589367628098 25.17363204061985 8.9114786237478238 37.893444433808327 101.21444955468178 36.745312243700027 8.8011831194162351 227.92485386133194 87.471162706613541 62.622311875224113 37.905276969075203 138.28110484778881 7.8253352493047705 11.514356568455694
leaf_count=687 212 62 21 197 242 88 25 639 172 114 78 381 20 23
internal_value=0.00612716 0.00304736 0.0375029 0.00186143 0.00316261 0.000635639 0.033714 -0.00121859 -0.00600895 0.0077056 0.0196187 -0.0134918 0.00976319 -0.0123867
internal_weight=1108.14 1030.82 34.0851 996.736 958.842 857.628 45.5465 812.082 565.719 199.513 125.376 366.206 246.362 74.1367
internal_count=2961 2749 83 2666 2469 2227 113 2114 1407 387 250 1020 707 137
is_linear=0
shrinkage=0.04


Tree=39
num_leaves=15
num_cat=0
split_feature=301 184 278 102 150 316 155 263 159 179 194 254 301 314
split_gain=83.4657 25.2888 23.1159 48.199 32.4925 23.6778 33.203 24.5684 36.7647 30.5334 30.7251 30.0733 35.6015 27.2474
threshold=0.0038499999791383748 0.0010500000207684936 0.002650000038556755 0.0020500000100582842 0.0022500000195577745 0.0064397563692182311 0.0016499999910593035 0.069150000810623183 0.13979999721050265 0.000650000001769513 0.0022500000195577745 0.010149999987334015 1.0000000180025095e-35 0.11931737884879114
decision_type=2 2 2 2 2 2 2 2 2 2 2 2 2 2
left_child=1 2 5 -4 -5 7 -7 9 -9 11 -11 13 -13 -1
right_child=-2 -3 3 4 -6 6 -8 8 -10 10 -12 12 -14 -15
leaf_value=0.0029352077995201619 0.046628214368312673 0.057190684881406523 0.045854236771631501 -0.026452888767484688 0.023634085287868582 0.061847922562222601 -0.010793042018362713 0.052312352659356007 -0.020080186425194681 -0.026430712251896842 0.06429647508774225 0.0069909636545392104 0.062799551056914191 -0.015448763080265167
leaf_weight=359.09846593439579 74.991806894540787 13.47001203894615 56.331332951784134 42.493514448404312 40.234528064727783 22.555323392152786 17.928811997175217 30.761178508400917 17.474155619740486 115.74724052846432 6.1797576695680609 80.705948710441589 23.644492954015732 200.97119951248169
leaf_count=1107 212 36 102 45 116 55 40 70 72 290 14 297 50 455
internal_value=0.00591435 0.002935 0.00220484 0.0173482 -0.00204583 -0.000198768 0.0296322 -0.00165399 0.0260168 -0.00335952 -0.0217506 1.21528e-05 0.0197228 -0.003656
internal_weight=1102.59 1027.6 1014.13 139.059 82.728 875.067 40.4841 834.582 48.2353 786.347 121.927 664.42 104.35 560.07
internal_count=2961 2749 2713 263 161 2450 95 2355 142 2213 304 1909 347 1562
is_linear=0
shrinkage=0.04


Tree=40
num_leaves=15
num_cat=0
split_feature=301 263 105 113 216 185 176 1 211 263 250 263 287 244
split_gain=82.0946 32.7823 40.5114 31.3276 30.7232 28.008 33.2783 25.6663 24.2724 27.9484 25.8663 46.7367 51.0723 53.1158
threshold=0.0038499999791383748 0.024149999953806404 0.01710000075399876 0.0010500000207684936 0.0024500000290572648 0.0010500000207684936 0.0048500001430511483 0.0024500000290572648 0.0055499998852610597 0.014549999963492157 0.0014499999815598132 0.0058500000741332778 0.0093499999493360537 0.0010500000207684936
decision_type=2 2 2 2 2 2 2 2 2 2 2 2 2 2
left_child=1 3 4 5 -3 6 8 -5 10 -10 -1 12 13 -12
right_child=-2 2 -4 7 -6 -7 -8 -9 9 -11 11 -13 -14 -15
leaf_value=-0.0097441396551034721 0.045057963944923243 0.013079831162968188 -0.026623607052885925 -0.025885453886346659 0.056811902481173626 0.036620357222655546 -0.033351193820251 0.10832425902121746 0.032185759264018718 -0.017611222125938863 -0.02303977883527962 0.052174617057332284 -0.050886193099679337 0.039280575550422997
leaf_weight=297.61577512323856 72.713346540927887 226.93272706866264 37.001160398125648 108.15781764686108 29.002354845404625 31.715867221355438 49.257049351930618 2.2213351726531974 70.08840611577034 24.082355126738548 37.787603378295898 33.515327423810959 25.808322787284851 51.572224527597427
leaf_count=923 222 522 135 419 67 72 110 6 171 44 42 77 27 119
internal_value=0.00401668 0.00109652 0.0124051 -0.00342573 0.0180714 5.70802e-05 -0.00190841 -0.0230527 0.000955447 0.0194035 -0.00293168 0.0106751 -0.0014018 0.0128861
internal_weight=1097.47 1024.76 292.936 731.822 255.935 621.443 589.727 110.379 540.47 94.1708 446.299 148.683 115.168 89.3598
internal_count=2956 2734 724 2010 589 1585 1513 425 1403 215 1188 265 188 161
is_linear=0
shrinkage=0.04


Tree=41
num_leaves=15
num_cat=0
split_feature=301 263 105 216 309 105 120 120 279 314 275 50 300 250
split_gain=78.3599 30.2803 37.4656 28.9891 24.1297 24.4903 25.4951 27.9632 27.9473 30.9917 26.2557 26.113 23.8381 22.6069
threshold=0.0038499999791383748 0.024149999953806404 0.01710000075399876 0.0024500000290572648 0.0001499999962106813 0.0013499999768100681 0.0037500000325962905 0.12450000271201135 0.0014499999815598132 0.0086254593916237372 1.0000000180025095e-35 0.0014499999815598132 0.14979999512434009 1.0000000180025095e-35
decision_type=2 2 2 2 2 2 2 2 2 2 2 2 2 2
left_child=1 4 3 -3 5 6 8 -8 9 13 -10 -12 -7 -1
right_child=-2 2 -4 -5 -6 12 7 -9 10 -11 11 -13 -14 -15
leaf_value=0.018115169969568416 0.044624729758738532 0.012535699415840394 -0.025804212328089774 0.055249280732290032 0.071272531529284908 -0.022719237251551956 0.062936480458719093 -0.049384478827552036 -0.038387245400086138 -0.0071097688990055287 0.063272170384237617 -0.038997307345561491 0.047327039936586809 0.10863965073978772
leaf_weight=30.383943066000938 70.527707412838936 227.30824317038059 36.6592738032341 28.6399155408144 6.7702284306287757 136.5614725202322 18.237683013081554 4.2772120237350455 6.8788972645997992 481.93234805762768 25.659885346889499 4.6072052270174018 8.1161197870969755 5.1198769211769095
leaf_count=101 222 522 135 67 17 549 54 6 10 1186 49 6 24 8
internal_value=0.00387621 0.00105383 0.0119233 0.0173506 -0.00330726 -0.00402213 -0.0003248 0.0412977 -0.00202894 -0.00444381 0.0314239 0.047496 -0.0187322 0.0315502
internal_weight=1091.68 1021.15 292.607 255.948 728.545 721.775 577.097 22.5149 554.582 517.436 37.146 30.2671 144.678 35.5038
internal_count=2956 2734 724 589 2010 1993 1420 60 1360 1295 65 55 573 109
is_linear=0
shrinkage=0.04


Tree=42
num_leaves=15
num_cat=0
split_feature=252 127 309 185 239 237 275 176 223 244 109 317 239 244
split_gain=61.0667 36.3235 28.3972 24.1239 23.0453 24.3754 31.4795 27.5182 35.4353 27.6617 28.0245 26.8185 24.9272 23.1809
threshold=0.0012500000302679839 0.0019500000635161998 0.00045000000682193791 1.0000000180025095e-35 0.015150000341236593 0.0014499999815598132 0.0017499999958090486 0.0063499999232590207 0.0015499999863095584 0.002549999975599349 1.0000000180025095e-35 0.94330751895904552 0.020750000141561035 0.060949999839067466
decision_type=2 2 2 2 2 2 2 2 2 2 2 2 2 2
left_child=2 -2 3 4 -1 6 12 8 13 -10 -11 -12 -6 -8
right_child=1 -3 -4 -5 5 -7 7 -9 9 10 11 -13 -14 -15
leaf_value=-0.0067725338721491418 0.048938579081436534 0.0055912392712605154 0.053483571670725712 0.02022247369415171 0.04915748358623926 -0.038457347072847967 0.055384803760593446 -0.013542367200628173 -0.03358965145100247 0.049925572905228581 0.045496934491231898 -0.05811182248721071 -0.018792143903880197 -0.030972691459476783
leaf_weight=609.68579298257828 70.545406088232994 55.473958924412727 15.701043516397474 81.332978367805481 9.7874994277954084 17.046412155032158 63.479239538311958 29.804433509707451 18.695866450667381 26.522146001458168 6.5665538609027889 9.822726756334303 67.316023632884026 5.2713630795478812
leaf_count=1859 208 158 42 201 25 23 133 61 23 69 12 14 120 8
internal_value=0.00373847 0.0299083 0.000299923 -0.000584739 -0.00255018 0.00755541 0.0108929 0.0210058 0.0289397 0.00681377 0.0245471 -0.016333 -0.0100623 0.04867
internal_weight=1087.05 126.019 961.032 945.331 863.998 254.312 237.266 160.162 130.358 61.6073 42.9114 16.3893 77.1035 68.7506
internal_count=2956 366 2590 2548 2347 488 465 320 259 118 95 26 145 141
is_linear=0
shrinkage=0.04


Tree=43
num_leaves=15
num_cat=0
split_feature=301 257 185 124 50 254 245 316 263 123 271 250 297 70
split_gain=71.7858 35.0339 28.6759 26.6798 25.3461 24.0076 25.803 38.2239 27.2316 34.5234 24.2819 26.7802 32.3561 26.5187
threshold=0.0038499999791383748 0.00045000000682193791 1.0000000180025095e-35 0.0052499999292194852 0.0059500001370906839 0.059800000861287124 0.018450000323355201 0.0061902550514787444 0.056300001218914993 0.0013499999768100681 0.0044499998912215242 0.011400000192224981 0.0013499999768100681 0.0016499999910593035
decision_type=2 2 2 2 2 2 2 2 2 2 2 2 2 2
left_child=1 2 4 -4 5 6 7 8 10 -10 11 -1 13 -13
right_child=-2 -3 3 -5 -6 -7 -8 -9 9 -11 -12 12 -14 -15
leaf_value=-0.004579614058499968 0.043863638449369566 0.043393845560304414 0.036604471883950662 -0.0021642027772187256 -0.042610812167119282 0.027970440273495153 -0.028903160779456667 0.07121856417302895 0.037455875878209616 -0.028574489565574526 -0.031807713653594291 0.066360178410593967 -0.057395056150981956 -0.047639653201568384
leaf_weight=585.28212538361549 66.42732897400856 30.115371197462082 60.797680467367172 52.858390837907791 24.76589360833168 41.567411288619041 57.745419040322304 11.390197500586508 52.550384789705276 16.533508107066154 49.190889582037926 23.284171000123028 5.1979301571845999 3.6791911572217932
leaf_count=1611 222 84 140 156 121 140 141 27 128 42 91 44 4 5
internal_value=0.00360974 0.000967192 -0.000330379 0.018553 -0.00280036 -0.00162591 -0.00316269 -0.0011642 -0.00229978 0.0215769 -0.004783 -0.0026187 0.0328463 0.0505384
internal_weight=1081.39 1014.96 984.843 113.656 871.187 846.421 804.854 747.108 735.718 69.0839 666.634 617.443 32.1613 26.9634
internal_count=2956 2734 2650 296 2354 2233 2093 1952 1925 170 1755 1664 53 49
is_linear=0
shrinkage=0.04


Tree=44
num_leaves=15
num_cat=0
split_feature=301 257 185 150 113 287 113 176 244 202 1 313 67 250
split_gain=68.5467 32.5856 26.4335 29.417 24.5196 29.6853 24.2641 29.6505 30.3471 30.6787 27.52 23.3171 22.7297 32.8215
threshold=0.0038499999791383748 0.00045000000682193791 1.0000000180025095e-35 0.064950000494718566 0.0042499999981373557 0.010650000069290401 0.0010500000207684936 0.0048500001430511483 0.0063499999232590207 0.0061500000301748523 0.0024500000290572648 0.0085500003769993799 1.0000000180025095e-35 0.0022500000195577745
decision_type=2 2 2 2 2 2 2 2 2 2 2 2 2 2
left_child=1 2 6 4 -4 -6 7 8 -1 12 -8 -9 13 -10
right_child=-2 -3 3 -5 5 -7 10 11 9 -11 -12 -13 -14 -15
leaf_value=-0.0029284414630110782 0.043468914398382776 0.042023629668713494 0.03791924156815149 -0.021219558948889588 -0.043507377507158537 0.099224475902124229 -0.023980800131739227 -0.034045267230309047 0.0058643667151627131 0.066904088141377993 0.092335115602326032 0.0061276598540400389 -0.033873689594310058 0.047435523573362177
leaf_weight=447.74433931708336 64.391416057944298 29.861859604716301 74.179445251822472 24.150971084833145 12.642021775245665 2.7455260157585135 105.3018995448947 66.98244346678257 137.0087166428566 17.000762104988098 3.2486690282821646 34.997199803590775 16.42795929312706 39.077354535460472
leaf_count=1188 222 84 178 87 25 6 436 133 350 32 8 87 42 78
internal_value=0.00348418 0.000930452 -0.000319866 0.0178003 0.0283783 -0.0173059 -0.00270078 -0.000165354 0.00294393 0.015508 -0.0203811 -0.0202271 0.0109161 0.0151343
internal_weight=1075.76 1011.37 981.507 113.718 89.567 15.3875 867.789 759.239 657.259 209.515 108.551 101.98 192.514 176.086
internal_count=2956 2734 2650 296 209 31 2354 1910 1690 502 444 220 470 428
is_linear=0
shrinkage=0.04


Tree=45
num_leaves=15
num_cat=0
split_feature=252 127 219 124 202 244 268 314 127 155 47 316 254 296
split_gain=62.0904 26.6057 38.3454 39.2359 32.3259 42.282 27.3462 26.2609 25.4165 22.3913 21.5504 30.8987 21.0331 20.4029
threshold=0.0010500000207684936 0.023000000044703487 0.0012500000302679839 0.0010500000207684936 0.0077499998733401307 0.0030500000575557355 0.0019500000635161998 0.78181141614913952 0.0019500000635161998 0.066150002181530013 0.0016499999910593035 0.0004999249940738083 0.017450000159442428 1.0000000180025095e-35
decision_type=2 2 2 2 2 2 2 2 2 2 2 2 2 2
left_child=1 2 4 6 7 -6 -4 9 -2 10 13 -12 -13 -1
right_child=8 -3 3 -5 5 -7 -8 -9 -10 -11 11 12 -14 -15
leaf_value=-0.0087613274104102554 0.047503608082859847 -0.038287247489933611 0.059965874670197573 -0.0013303152973503829 -0.025801125602039069 0.056417848053789924 -0.050167260279315826 0.050807817588791285 0.010541666531456113 0.056732613243945351 0.042328878390774892 -0.012196913370639099 0.034309289833504723 0.04450447615868644
leaf_weight=640.22831457108259 65.558943182229996 27.731490448117256 43.963668003678322 43.685800492763519 14.330724880099295 32.3126011043787 3.8144779056310645 14.067134782671927 55.18813981115818 9.4463701546192151 34.713761180639267 70.866666488349438 19.817546844482422 11.59570252895355
leaf_count=1751 202 146 108 97 54 73 2 34 169 30 79 144 48 31
internal_value=0.0036338 0.000249934 0.00139646 0.0259894 -0.00125607 0.0310701 0.0510032 -0.00314773 0.0306657 -0.00412398 -0.00487598 0.0102903 -0.00196309 -0.00780093
internal_weight=1087.32 966.574 938.843 91.4639 847.379 46.6433 47.7781 800.735 120.747 786.668 777.222 125.398 90.6842 651.824
internal_count=2968 2597 2451 207 2244 127 110 2117 371 2083 2053 271 192 1782
is_linear=0
shrinkage=0.04


Tree=46
num_leaves=15
num_cat=0
split_feature=301 219 120 315 268 105 185 167 204 179 250 105 211 281
split_gain=63.5134 24.8614 37.4129 28.4796 23.8643 23.6324 25.5176 29.0623 29.1518 24.9318 29.0603 36.9837 31.1468 41.7193
threshold=0.0038499999791383748 0.0012500000302679839 0.0015499999863095584 0.27646930515766149 0.0019500000635161998 0.0049499999731779107 1.0000000180025095e-35 1.0000000180025095e-35 0.0016499999910593035 0.000650000001769513 0.011400000192224981 0.0015499999863095584 0.014849999919533731 0.0019500000635161998
decision_type=2 2 2 2 2 2 2 2 2 2 2 2 2 2
left_child=1 3 4 5 -3 6 7 8 9 10 12 -12 -1 -14
right_child=-2 2 -4 -5 -6 -7 -8 -9 -10 -11 11 -13 13 -15
leaf_value=-0.0053689600074118184 0.043907118926526469 0.058972017825727738 0.0027808761428478276 0.032539309175708638 -0.042349264858169373 -0.025776109427399795 0.023882380200756101 0.023978435518583863 -0.041685514360233204 -0.022869518066938137 0.068622638844190953 -0.047380022170821906 0.054535015673399273 -0.020601823147555268
leaf_weight=470.60284022986889 58.781011119484901 37.258170560002327 88.159443736076355 38.21911147236824 4.0123281627893439 65.502135835587978 61.720405444502831 59.063780874013901 33.322256207466125 89.734051302075386 19.12504413723946 5.5815933942794791 32.713978692889214 18.321362689137459
leaf_count=1331 212 87 247 112 3 301 141 137 32 219 35 7 70 34
internal_value=0.00350748 0.00117893 0.0175587 -0.00118994 0.0489463 -0.00270475 -0.000784173 -0.00288257 -0.00526182 -0.00334115 -0.000122809 0.0421693 -0.00214128 0.0274956
internal_weight=1082.12 1023.34 129.43 893.907 41.2705 855.687 790.185 728.465 669.401 636.079 546.345 24.7066 521.638 51.0353
internal_count=2968 2756 337 2419 90 2307 2006 1865 1728 1696 1477 42 1435 104
is_linear=0
shrinkage=0.04


Tree=47
num_leaves=15
num_cat=0
split_feature=301 244 316 202 161 109 222 127 244 312 161 0 225 314
split_gain=60.7497 23.5457 33.7764 32.3247 30.7481 23.9222 40.0375 23.398 21.8007 20.1055 22.6388 20.0324 19.7249 25.1421
threshold=0.0038499999791383748 0.0053499999921768912 0.0020989500917494301 0.0077499998733401307 0.0035500000230968003 0.0017499999958090486 0.0011500000255182388 0.0018500000005587938 0.0049499999731779107 0.0016499999910593035 0.0016499999910593035 0.0014499999815598132 0.002650000038556755 0.072432950139045729
decision_type=2 2 2 2 2 2 2 2 2 2 2 2 2 2
left_child=1 2 5 12 -5 6 8 -4 9 -1 -11 -6 -3 -14
right_child=-2 3 7 4 11 -7 -8 -9 -10 10 -12 -13 13 -15
leaf_value=-0.0073312132995673011 0.043575943086073508 0.036855620839934621 0.052346358658791586 0.050555041321089282 -0.030432361524754637 -0.037235278577311862 0.049669367601442728 -0.032190377929572772 -0.040996326915633978 0.062009144258183761 -0.0075852616646925946 0.069451204249666179 -0.029089505575559321 0.0045112110636398219
leaf_weight=383.12154235690832 56.897475048899651 26.294468268752098 25.512702360749248 47.575097858905792 15.157086879014971 39.102113887667656 20.610709547996521 6.450586885213851 28.526600584387779 14.647592663764955 14.952472716569899 3.9589446634054175 39.508910089731216 353.883789293468
leaf_count=1094 212 79 59 109 50 130 45 27 42 37 68 9 137 870
internal_value=0.00338669 0.00113535 -0.00466752 0.00750143 0.0333548 -0.00722022 -0.0046629 0.0351139 -0.0072205 -0.00486692 0.0268117 -0.00928447 0.00337666 0.00111995
internal_weight=1076.2 1019.3 532.924 486.378 66.6911 500.961 461.859 31.9633 441.248 412.722 29.6001 19.116 419.687 393.393
internal_count=2968 2756 1502 1254 168 1416 1286 86 1241 1199 105 59 1086 1007
is_linear=0
shrinkage=0.04


Tree=48
num_leaves=15
num_cat=0
split_feature=301 219 124 277 315 102 180 222 291 113 281 254 316 239
split_gain=58.1185 22.6037 48.5464 30.1779 25.545 22.9857 29.0917 22.9004 22.891 22.2592 26.692 21.709 39.1523 34.8696
threshold=0.0038499999791383748 0.0012500000302679839 0.0010500000207684936 0.00335000001359731 0.27646930515766149 0.0012500000302679839 0.0013499999768100681 0.0011500000255182388 1.0000000180025095e-35 0.0010500000207684936 0.0023500000825151805 0.0038499999791383748 0.0032986253499984746 0.0023500000825151805
decision_type=2 2 2 2 2 2 2 2 2 2 2 2 2 2
left_child=1 4 -3 -4 5 6 7 8 9 10 11 -1 13 -13
right_child=-2 2 3 -5 -6 -7 -8 -9 -10 -11 -12 12 -14 -15
leaf_value=-0.0010966033407098833 0.043254826099192838 0.048293992711621617 -0.026985252556091563 0.022085672334360644 0.030876051592956519 -0.01044850182398782 0.068364867466578869 0.03060844845067949 0.08518786578082492 -0.026628150788845707 -0.037386500066438913 -0.0034176415370884526 -0.045515511355648249 0.05585081339302489
leaf_weight=285.58270584046841 55.064869835972786 48.517281487584114 39.891971677541733 40.086373329162598 37.966016218066216 351.43835014104843 10.533487930893896 39.554654121398926 4.7637008726596823 51.968805722892284 26.604530170559883 24.924598634243011 11.438785791397093 43.043132960796356
leaf_count=731 212 111 111 115 112 1001 25 86 12 179 55 109 13 96
internal_value=0.00326693 0.00109237 0.0167679 -0.00234333 -0.0011735 -0.00261344 0.00290412 0.00146889 -0.00109935 -0.00205405 0.00120296 0.00403622 0.0225247 0.0340845
internal_weight=1071.38 1016.31 128.496 79.9783 887.819 849.853 498.414 487.881 448.326 443.563 391.594 364.989 79.4065 67.9677
internal_count=2968 2756 337 226 2419 2307 1306 1281 1195 1183 1004 949 218 205
is_linear=0
shrinkage=0.04


Tree=49
num_leaves=15
num_cat=0
split_feature=301 277 102 113 250 300 99 211 300 105 211 317 254 121
split_gain=55.6045 21.7344 30.5953 29.1846 37.9219 31.5409 37.8842 37.0876 27.0895 29.4067 26.1407 23.858 29.872 40.7646
threshold=0.0038499999791383748 0.0047500000800937423 0.0011500000255182388 0.0010500000207684936 0.011400000192224981 0.039450000971555717 1.0000000180025095e-35 0.015399999916553499 0.10844999924302103 0.0080500002950429934 0.014349999837577345 0.85007354617118847 0.0038499999791383748 1.0000000180025095e-35
decision_type=2 2 2 2 2 2 2 2 2 2 2 2 2 2
left_child=1 2 3 4 5 7 -7 11 10 -10 -3 -1 13 -13
right_child=-2 8 -4 -5 -6 6 -8 -9 9 -11 -12 12 -14 -15
leaf_value=0.018248686494595923 0.042942937156248993 0.0081181044449086595 -0.011585912359532513 -0.025605429964714682 0.060996166086480834 0.056653534622225513 -0.030799941345386581 0.057855705418543651 0.044714912997381451 -0.0018135412171998452 -0.042828468352893244 -0.016430163384391211 0.018364861619254571 0.090591942738632081
leaf_weight=76.200467094779015 53.282955721020699 93.377146445214748 317.47240076214075 46.840772226452827 20.18482218682766 34.56192022562027 10.139892429113386 17.515841200947762 61.501958876848221 33.319885082542896 19.367683619260788 218.074113458395 58.816400080919266 5.7387873083353034
leaf_count=211 212 274 935 154 40 60 19 32 162 113 23 535 183 15
internal_value=0.00315202 0.0010513 -0.00191873 0.00436229 0.00755778 0.00497259 0.0367024 0.0011844 0.0125923 0.0283382 -0.000628419 -0.00158614 -0.00695258 -0.0136289
internal_weight=1066.4 1013.11 805.545 488.073 441.232 421.047 44.7018 376.346 207.567 94.8218 112.745 358.83 282.629 223.813
internal_count=2968 2756 2184 1249 1095 1055 79 976 572 275 297 944 733 550
is_linear=0
shrinkage=0.04


Tree=50
num_leaves=15
num_cat=0
split_feature=301 36 263 209 314 253 201 244 312 317 200 313 313 303
split_gain=49.0797 27.7536 24.7891 35.0504 27.3857 20.7047 20.5934 28.4366 23.2489 23.4895 22.153 18.7611 31.0401 20.7486
threshold=0.0038499999791383748 0.0011500000255182388 0.072350002825260176 0.0080500002950429934 0.0086254593916237372 0.010850000195205213 0.057150000706315048 0.0064499999862164268 0.0024500000290572648 0.58737701177597057 0.0023500000825151805 0.0070500001311302194 0.0060499999672174462 0.0021499999566003685
decision_type=2 2 2 2 2 2 2 2 2 2 2 2 2 2
left_child=1 2 4 -4 -1 6 8 -8 11 -10 -9 12 13 -6
right_child=-2 -3 3 -5 5 -7 7 10 9 -11 -12 -13 -14 -15
leaf_value=0.037524306595729584 0.04285625886729795 -0.019074813620119799 0.040669007846960641 -0.026169472689942363 -0.0037206648980926144 0.024132717158367761 -0.017492253080401147 0.054188755504582117 -0.01817094718654241 0.059573139648119236 -0.048820585429760754 -0.019560801650414041 0.062072253458025313 0.049914294413759858
leaf_weight=34.753452241420746 51.419483184814453 84.668829753994942 60.076067984104156 15.711517184972761 511.90649226307869 58.548759832978249 18.156074836850166 32.428816631436348 9.2315191477537173 18.307675570249557 3.6041271388530722 104.49785514175892 12.084180951118467 11.699212834239004
leaf_count=133 211 390 164 21 1459 101 66 81 18 45 2 188 33 24
internal_value=0.00480094 0.00278708 0.00487093 0.0267438 0.00282956 0.0012749 -0.000576462 0.0231081 -0.00250774 0.0333961 0.0436681 -0.00406344 -0.0010298 -0.00250533
internal_weight=1027.09 975.675 891.006 75.7876 815.218 780.465 721.916 54.189 667.727 27.5392 36.0329 640.188 535.69 523.606
internal_count=2936 2725 2335 185 2150 2017 1916 149 1767 63 83 1704 1516 1483
is_linear=0
shrinkage=0.04


Tree=51
num_leaves=15
num_cat=0
split_feature=278 161 315 226 124 244 287 120 275 239 224 105 120 6
split_gain=38.5522 25.3475 31.8037 21.5583 21.1839 23.2294 45.7083 21.707 20.976 18.774 18.6784 18.5713 29.2788 21.4176
threshold=0.002650000038556755 0.0034500000765547161 0.27646930515766149 0.0010500000207684936 0.0054500000551342973 0.002650000038556755 0.020250000059604648 0.0053499999921768912 0.03354999981820584 0.090100001543760314 0.0087999999523162859 0.0017499999958090486 0.0034500000765547161 0.02439999952912331
decision_type=2 2 2 2 2 2 2 2 2 2 2 2 2 2
left_child=1 2 3 11 5 6 -2 -7 -6 -8 -9 12 -1 -14
right_child=4 -3 -4 -5 8 7 9 10 -10 -11 -12 -13 13 -15
leaf_value=0.00095063549580240729 0.064082827000068121 -0.028329062376986812 0.040899483664237714 0.052271131631765472 -0.032133549688795407 0.047114847079960782 -0.04136191558490996 0.048218927038059543 0.028111575466526588 0.068955810311555565 -0.051755562000730733 -0.013432352995031706 0.051262584486536734 -0.031512590815071441
leaf_weight=594.82274326682091 12.681331962347029 44.115050531923771 33.45501746237278 12.861116945743559 20.211025521159172 83.696865648031235 21.989211156964306 5.0091809630393964 16.842444971203804 2.663324534893035 7.0683619230985641 131.35112413764 30.61618410050869 5.8409372568130484
leaf_count=1560 24 217 100 37 55 242 24 13 53 6 6 495 91 13
internal_value=0.00462761 0.00115399 0.00277006 0.00111492 0.0220073 0.0294531 0.00256343 0.0398796 -0.00463985 -0.0290518 -0.00990704 0.000240233 0.00309312 0.0378415
internal_weight=1023.22 853.062 808.947 775.492 170.162 133.108 37.3339 95.7744 37.0535 24.6525 12.0775 762.631 631.28 36.4571
internal_count=2936 2513 2296 2196 423 315 54 261 108 30 19 2159 1664 104
is_linear=0
shrinkage=0.04


Tree=52
num_leaves=15
num_cat=0
split_feature=301 113 250 109 179 249 179 277 300 225 254 313 245 245
split_gain=45.6236 25.9609 24.3921 25.0297 35.7902 32.4145 26.2311 23.8498 22.4286 47.0627 29.7777 28.6015 24.2605 26.9912
threshold=0.0038499999791383748 0.0013499999768100681 0.0018500000005587938 0.0021499999566003685 0.0023500000825151805 0.003249999950639904 1.0000000180025095e-35 0.0015499999863095584 0.025249999947845939 0.0027499999850988392 0.059149999171495445 0.0011500000255182388 0.0038499999791383748 0.0015499999863095584
decision_type=2 2 2 2 2 2 2 2 2 2 2 2 2 2
left_child=1 2 8 5 -5 -4 -7 -3 9 -1 -11 -10 13 -13
right_child=-2 7 3 4 -6 6 -8 -9 11 10 -12 12 -14 -15
leaf_value=0.014480551342923744 0.042332267238783555 -0.034014845772158547 0.031681949275346219 -0.021487781696055027 0.049713762136717285 -0.054895449383905399 0.022125732371889081 0 0.038146167616236716 -0.01848489842498667 0.036648174784574383 0.0092125579309492965 0.022227161528968115 -0.033534460604640624
leaf_weight=133.09324133396149 48.39210257679224 54.625752232968807 144.35006201267242 49.445531636476517 14.518169388175009 13.615646034479143 14.441370218992232 82.920275546610355 49.121648781001568 238.03642907738686 16.642170011997223 53.698051951825619 64.366233661770821 41.933868989348412
leaf_count=491 211 251 322 105 35 11 35 259 133 638 52 134 182 77
internal_value=0.00446203 0.00256602 0.00522735 0.0161008 -0.00521199 0.0240296 -0.0151716 -0.0135195 0.000912755 -0.00477386 -0.0148535 0.0114738 0.00324136 -0.00950535
internal_weight=1019.2 970.808 833.262 236.371 63.9637 172.407 28.057 137.546 596.892 387.772 254.679 209.12 159.998 95.6319
internal_count=2936 2725 2215 508 140 368 46 510 1707 1181 690 526 393 211
is_linear=0
shrinkage=0.04


Tree=53
num_leaves=15
num_cat=0
split_feature=301 59 314 263 278 315 287 109 300 25 278 254 155 90
split_gain=43.772 25.2113 20.9548 24.5609 20.3211 20.0893 24.641 22.4193 17.3787 17.6932 21.0827 21.7772 27.6939 20.6992
threshold=0.0038499999791383748 1.0000000180025095e-35 0.0086254593916237372 0.0020500000100582842 0.0020500000100582842 0.0016499999910593035 0.0013499999768100681 0.0013499999768100681 1.0000000180025095e-35 0.0046500000171363362 0.002650000038556755 0.059149999171495445 1.0000000180025095e-35 0.0043500000610947618
decision_type=2 2 2 2 2 2 2 2 2 2 2 2 2 2
left_child=1 2 -1 4 5 -4 -7 -8 -5 10 11 13 -13 -10
right_child=-2 -3 3 8 -6 6 7 -9 9 -11 -12 12 -14 -15
leaf_value=0.03419225772065513 0.042040788476088262 -0.029343406542913231 -0.030189267951381642 0.04469426004145962 0.10505543502412687 -0.021745230589669217 0.049618290755549709 -0.033782189793113447 -0.0019647652867888924 0.01902485715647205 0.018130244101119776 0.054662107837674355 -0.019688063831891388 -0.044322632515209341
leaf_weight=34.810971707105637 46.811165578663349 38.160613022744656 68.935951858758926 17.473219439387321 2.1736745536327353 33.459912933409214 20.926386430859569 6.6955867707729331 473.3644792959094 112.58256155997515 105.47543300688267 23.008692011237144 12.110129371285437 19.126030340790749
leaf_count=129 211 209 234 52 3 129 42 29 1189 329 206 69 40 65
internal_value=0.0043001 0.0024673 0.0037797 0.00258909 -0.013314 -0.0154029 0.00124147 0.0292087 0.00535045 0.00441727 0.00181067 -0.00144704 0.028927 -0.00362653
internal_weight=1015.11 968.304 930.143 895.332 132.192 130.018 61.0819 27.622 763.141 745.667 633.085 527.609 35.1188 492.491
internal_count=2936 2725 2516 2387 437 434 200 71 1950 1898 1569 1363 109 1254
is_linear=0
shrinkage=0.04


Tree=54
num_leaves=15
num_cat=0
split_feature=301 105 180 75 250 279 239 300 253 254 239 254 244 225
split_gain=41.9998 24.6197 29.3719 26.316 31.3441 29.5884 27.1428 34.7414 29.5189 32.1663 26.6464 23.6879 28.1077 25.9086
threshold=0.0038499999791383748 0.017749999649822715 0.0017499999958090486 0.0021499999566003685 0.0018500000005587938 0.0027499999850988392 0.015850000083446506 0.0014499999815598132 0.0039500000420957812 0.0039500000420957812 0.0019500000635161998 0.059149999171495445 0.0035500000230968003 0.0029499999945983295
decision_type=2 2 2 2 2 2 2 2 2 2 2 2 2 2
left_child=1 2 3 4 5 11 7 -6 9 -9 -11 13 -13 -1
right_child=-2 -3 -4 -5 6 -7 -8 8 -10 10 -12 12 -14 -15
leaf_value=0.0095443437864595783 0.041755519059686046 -0.023855739979441837 0.048805109316790204 -0.032224836917953477 0.051048485309189734 0.023005947375049716 0.041266536402513244 -0.024584300631429606 0.035260964657021068 -0.04201121166390407 0.037808358341713623 -0.053532297896079328 0.044959850993693852 -0.01089035495107374
leaf_weight=132.73320475965738 45.277425430715084 53.930740244686604 22.662353992462158 32.972630456089973 26.353649511933327 75.833758190274239 55.430863201618195 71.461916089057922 31.423380985856056 8.4184541776776296 30.6939946860075 5.4215956181287757 28.222550868988037 391.22915893048048
leaf_count=512 211 232 56 83 48 194 129 137 62 29 78 26 91 1048
internal_value=0.00414005 0.00237014 0.00392636 0.00277401 0.00412849 -0.000412264 0.0169939 0.00895845 0.0010883 -0.00860994 0.0204629 -0.00360784 0.0288582 -0.00570525
internal_weight=1012.07 966.788 912.858 890.195 857.223 633.44 223.782 168.351 141.998 110.574 39.1124 557.607 33.6441 523.962
internal_count=2936 2725 2493 2437 2354 1871 483 354 306 244 107 1677 117 1560
is_linear=0
shrinkage=0.04


Tree=55
num_leaves=15
num_cat=0
split_feature=218 159 102 150 209 188 222 182 155 271 275 239 250 43
split_gain=44.6986 30.5571 21.8301 22.4939 20.4459 21.5132 27.5255 18.9868 23.8266 18.8289 18.884 19.4137 18.268 17.5167
threshold=0.0011500000255182388 0.014650000259280207 0.0045499999541789302 0.35489998757839208 0.0045499999541789302 0.0018500000005587938 0.0011500000255182388 0.0010500000207684936 1.0000000180025095e-35 0.0011500000255182388 0.0022500000195577745 0.010250000283122064 0.0069500000681728133 0.0010500000207684936
decision_type=2 2 2 2 2 2 2 2 2 2 2 2 2 2
left_child=4 -2 -3 -4 5 7 -7 13 9 10 -9 12 -12 -1
right_child=1 2 3 -5 -6 6 -8 8 -10 -11 11 -13 -14 -15
leaf_value=-0.0053940415360503261 0.029067057367775054 -0.031825310236741185 0.015028530554566447 -0.053421767716297745 0.044298167344064769 -0.019646036523777825 0.041262232962848533 0.041486824212829843 -0.012452208315533843 0.063253564646103363 -0.018858785901929853 0.046290242933714268 0.07182540614402548 0.037993228064205437
leaf_weight=368.90918626636267 150.09487683326006 23.66293765604496 109.15768083930016 8.1445617452263814 14.786293700337408 162.59450300037861 12.674914345145224 30.33011831343174 40.317999981343746 16.237727031111717 38.932024665176868 12.286518722772596 3.7995028495788565 15.398296795785425
leaf_count=1244 397 37 386 44 43 328 28 80 118 38 104 20 8 57
internal_value=0.00329312 0.0165098 0.00309985 0.0102003 -0.00207356 -0.00306289 -0.0151975 0.000973409 0.0134781 0.0238109 0.0161947 0.00212928 -0.0105533 -0.00363578
internal_weight=1007.33 291.06 140.965 117.302 716.267 701.481 175.269 526.211 141.904 101.586 85.3482 55.018 42.7315 384.307
internal_count=2932 864 467 430 2068 2025 356 1669 368 250 212 132 112 1301
is_linear=0
shrinkage=0.04


Tree=56
num_leaves=15
num_cat=0
split_feature=218 43 301 227 224 150 188 220 113 250 287 303 279 239
split_gain=41.3927 28.2536 24.2461 26.1496 27.632 27.4269 25.6708 23.6811 23.0721 23.4024 44.5336 26.47 25.8868 23.8806
threshold=0.0011500000255182388 0.0045499999541789302 0.0017499999958090486 0.0046500000171363362 0.0015499999863095584 0.0012500000302679839 0.02485000062733889 0.0024500000290572648 0.0010500000207684936 0.0011500000255182388 0.0019500000635161998 0.0010500000207684936 0.0015499999863095584 1.0000000180025095e-35
decision_type=2 2 2 2 2 2 2 2 2 2 2 2 2 2
left_child=7 2 3 4 -2 6 -6 8 9 11 13 12 -1 -11
right_child=1 -3 -4 -5 5 -7 -8 -9 -10 10 -12 -13 -14 -15
leaf_value=-0.0014027259484454993 0.018748976956036466 -0.01871391972505251 0.040039561545382477 0.053539271372903027 0.055687862060021222 -0.039704550251835342 -0.031552020109752096 -0.039607479421716996 -0.016879100520961299 -0.012234235448528506 0.0066898348094457686 -0.02603607999248575 0.044537578136695503 0.084723795141096792
leaf_weight=284.51173017919064 108.11472856253386 33.159741468727589 72.446681551635265 21.973832800984383 12.469869136810305 32.176076412200928 9.3114635795354825 25.718533843755722 115.56801924854517 5.0313267260789898 176.45437058061361 66.700705975294113 20.970978066325188 19.203210532665253
leaf_count=973 309 91 282 51 31 90 10 49 443 18 378 109 55 43
internal_value=0.00317296 0.0159259 0.0204254 0.0126653 0.00706932 -0.0162507 0.0182365 -0.00199536 -0.000578905 0.00270479 0.0137148 -0.00322338 0.00175147 0.0644624
internal_weight=1003.81 289.652 256.493 184.046 162.072 53.9574 21.7813 714.159 688.44 572.872 200.689 372.183 305.483 24.2345
internal_count=2932 864 773 491 440 131 41 2068 2019 1576 439 1137 1028 61
is_linear=0
shrinkage=0.04


Tree=57
num_leaves=15
num_cat=0
split_feature=218 123 301 125 220 111 297 250 225 316 276 227 219 275
split_gain=38.5696 28.9621 28.1225 23.3145 22.234 22.1944 21.0073 23.2058 28.6806 34.4611 21.308 19.8078 19.661 18.5753
threshold=0.0011500000255182388 0.0013499999768100681 0.0017499999958090486 0.0030500000575557355 0.0024500000290572648 0.0017499999958090486 1.0000000180025095e-35 0.0055499998852610597 0.0024500000290572648 0.00059997502830810856 0.0011500000255182388 0.0021499999566003685 0.0011500000255182388 0.0031500000040978198
decision_type=2 2 2 2 2 2 2 2 2 2 2 2 2 2
left_child=4 2 3 5 6 11 7 12 -9 -10 -8 -2 13 -1
right_child=1 -3 -4 -5 -6 -7 10 8 9 -11 -12 -13 -14 -15
leaf_value=0.0040547864401295052 0.011260357798789145 -0.008288743457282137 0.045098436619340071 0.13649205080377441 -0.038681840859440049 -0.020630440794656892 -0.040787383895554703 -0.025857458262722274 0.072303265457765012 0.0081149813592483154 0.06008901101894934 0.052676408017495562 0.051232900091473368 -0.010420063606155777
leaf_weight=309.90687877684832 108.2063354998827 63.716960094869137 62.149146556854248 2.3302232325077048 25.291725367307663 28.178524263203144 32.198220983147621 14.973364114761351 23.89679254591465 30.684138715267181 3.6196160465478888 22.330328688025475 10.97884953022003 261.08630087971687
leaf_count=1037 246 215 245 6 49 99 62 19 45 70 11 53 32 743
internal_value=0.00305897 0.0154412 0.0222341 0.0133632 -0.00192205 0.0114455 -0.000558178 0.00107751 0.0229002 0.0363721 -0.0303429 0.0184107 -0.00152724 -0.00255749
internal_weight=999.547 286.912 223.195 161.045 712.636 158.715 687.344 651.526 69.5543 54.5809 35.8178 130.537 581.972 570.993
internal_count=2932 864 649 404 2068 398 2019 1946 134 115 73 299 1812 1780
is_linear=0
shrinkage=0.04


Tree=58
num_leaves=15
num_cat=0
split_feature=218 123 301 182 209 124 111 297 314 263 314 250 102 253
split_gain=35.8729 27.0228 27.5768 22.2745 18.9891 19.8239 20.5357 19.1034 22.7639 21.1991 22.71 26.9017 29.5074 29.8539
threshold=0.0011500000255182388 0.0013499999768100681 0.0017499999958090486 0.0013499999768100681 0.0055499998852610597 0.0079499999992549437 0.0073500000871717939 1.0000000180025095e-35 0.0086254593916237372 0.0015499999863095584 0.034183282405138023 0.0057500000111758718 0.0018500000005587938 0.0031500000040978198
decision_type=2 2 2 2 2 2 2 2 2 2 2 2 2 2
left_child=4 2 3 -2 5 6 7 8 -1 -10 -11 -12 -13 -14
right_child=1 -3 -4 -5 -6 -7 -8 -9 9 10 11 12 13 -15
leaf_value=0.030896857234822366 0.02890760625581423 -0.0079691387810830201 0.044627098570721675 -0.00090138962792664118 0.046042890118018022 -0.025505803113816575 0.055368144636958362 -0.031241277703448436 -0.018202056663274999 0.028716916410543854 -0.0051910974255203433 0.054390406246973264 -0.034734668555378767 0.053397157843586555
leaf_weight=35.711605131626129 74.282269425690174 63.627324946224689 60.331223160028458 86.487093068659306 12.894890516996382 56.206930167973042 10.164690442383288 33.003731191158295 104.95486827939749 44.86024022102356 358.96856324374676 27.1641586124897 17.840204566717151 9.2472448796033841
leaf_count=123 188 215 245 216 37 250 30 61 328 153 979 59 30 18
internal_value=0.00295003 0.0149465 0.0215598 0.0128562 -0.00184978 -0.00274659 -0.000743872 -0.00166165 -1.95561e-05 -0.00199273 0.00171556 -0.00121233 0.0250016 -0.00441493
internal_weight=995.745 284.728 221.101 160.769 711.017 698.122 641.915 631.751 598.747 563.035 458.08 413.22 54.2516 27.0874
internal_count=2932 864 649 404 2068 2031 1781 1751 1690 1567 1239 1086 107 48
is_linear=0
shrinkage=0.04


Tree=59
num_leaves=15
num_cat=0
split_feature=301 123 309 239 303 317 113 309 279 161 313 169 245 233
split_gain=34.2648 15.7451 26.6655 17.8415 18.7147 20.9197 17.3212 18.4256 20.8946 29.6678 18.0528 17.2568 15.8322 15.67
threshold=0.0038499999791383748 0.012200000230222942 0.00045000000682193791 0.075649999082088484 0.0010500000207684936 0.76959428191185009 0.0013499999768100681 0.0001499999962106813 1.0000000180025095e-35 0.003249999950639904 1.0000000180025095e-35 0.023000000044703487 0.0769999995827675 0.0042499999981373557
decision_type=2 2 2 2 2 2 2 2 2 2 2 2 2 2
left_child=1 2 3 4 6 -6 7 8 -1 -10 11 -8 -12 -7
right_child=-2 -3 -4 -5 5 13 10 -9 9 -11 12 -13 -14 -15
leaf_value=0.0023605717255329047 0.039501745689732519 -0.049151596087518339 0.060973863627395389 0.02374445973053993 0.024103913644207522 -0.0224214989815491 -0.03884531932877059 -0.038241088217300427 0.031892646944989785 -0.016837561639860048 0.0090453621499319813 0.06703234532917049 -0.048825962255694959 0.05283504097501035
leaf_weight=496.78236955404282 39.092682622373104 9.6778988689184171 11.955279409885405 52.387128308415413 20.218848437070847 119.27739997208118 40.720103681087494 15.361519798636435 90.904193311929703 25.43059891462326 54.578109972178936 2.505604811012744 8.6747842133045179 4.4748284369707099
leaf_count=1460 210 27 32 128 64 182 212 22 230 114 203 10 25 13
internal_value=0.0028434 0.00133139 0.00185874 0.00108912 -0.000259214 -0.0134458 0.00231994 0.00485246 0.00594474 0.0212006 -0.012581 -0.0324752 0.00098095 -0.0196275
internal_weight=992.041 952.949 943.271 931.315 878.928 143.971 734.957 628.479 613.117 116.335 106.479 43.2257 63.2529 123.752
internal_count=2932 2722 2695 2663 2535 259 2276 1826 1804 344 450 222 228 195
is_linear=0
shrinkage=0.04


Tree=60
num_leaves=15
num_cat=0
split_feature=244 316 278 239 2 275 263 250 214 101 204 67 24 205
split_gain=31.0181 31.6324 25.7268 35.5488 32.2242 28.7759 39.7309 30.3386 25.139 22.4201 20.2313 19.5526 19.7982 18.3963
threshold=0.0052499999292194852 0.0020989500917494301 0.0010500000207684936 0.030100000090897087 1.0000000180025095e-35 0.003249999950639904 0.0047500000800937423 0.0024500000290572648 0.057600000873208053 0.0010500000207684936 0.0040500001050531873 1.0000000180025095e-35 0.002650000038556755 0.0010500000207684936
decision_type=2 2 2 2 2 2 2 2 2 2 2 2 2 2
left_child=1 13 3 5 9 6 7 -2 11 -4 -6 -7 -13 -1
right_child=2 -3 4 -5 10 8 -8 -9 -10 -11 -12 12 -14 -15
leaf_value=-0.0080856119955356152 -0.02074292309885176 0.034618365059181387 0.047491795524314144 -0.036625865106787864 -0.012036845260312241 9.4165701852819234e-05 0.051993852306697896 0.068341656832107453 0.038585703637078153 -0.0023038648515247276 0.038529606673050658 -0.051811304740750803 0.06012960585672586 0.046954446631901077
leaf_weight=469.44850502163172 30.520005822181702 31.088075280189514 75.539690747857094 31.976749494671822 47.853330984711647 181.97357828915119 46.997670143842697 7.5390295982360831 24.313355222344398 17.68983182311058 17.093136437237263 20.952908940613273 2.7564534097909918 9.8039255142211896
leaf_count=1348 132 93 215 46 127 530 118 12 77 59 75 49 7 32
internal_value=0.00255368 -0.00439596 0.00958136 0.00347131 0.0229505 0.00756406 0.0274283 -0.00285868 0.000191791 0.0380081 0.00124892 -0.00434378 -0.0384312 -0.00694177
internal_weight=1015.55 510.341 505.206 347.03 158.176 315.053 85.0567 38.059 229.996 93.2295 64.9465 205.683 23.7094 479.252
internal_count=2920 1473 1447 971 476 925 262 144 663 274 202 586 56 1380
is_linear=0
shrinkage=0.04


Tree=61
num_leaves=15
num_cat=0
split_feature=301 133 90 253 315 201 43 300 102 188 188 150 275 271
split_gain=34.7065 20.4943 24.7937 29.8547 29.6173 25.2464 21.4701 20.7493 42.6953 21.5325 30.0474 28.0165 20.6741 22.6429
threshold=0.0038499999791383748 0.0012500000302679839 0.0014499999815598132 0.0042499999981373557 0.099411752074956908 0.0030500000575557355 0.0012500000302679839 0.048899998888373382 0.0028499999316409235 0.0020500000100582842 0.0013499999768100681 0.0010500000207684936 0.0050500000361353168 0.0010500000207684936
decision_type=2 2 2 2 2 2 2 2 2 2 2 2 2 2
left_child=1 2 4 6 7 -6 12 9 -9 10 -1 -12 -4 -14
right_child=-2 -3 3 -5 5 -7 -8 8 -10 -11 11 -13 13 -15
leaf_value=-0.0069208638983577842 0.040236898848186702 -0.026501309615708374 0.024118304023784773 0.037877357851499371 0.049679838263878978 0.0051275079069801541 -0.027093666777640857 0.040542039266173592 -0.010623546651702443 -0.023323065768656483 0.063755720352555681 -0.014927828675766376 0.012059375598918344 -0.038479926723570111
leaf_weight=353.69820921868086 37.380934476852417 41.372513145208359 84.018471211194992 59.864901155233383 29.851203978061676 64.338202714920044 27.693552322685719 45.487990081310272 60.761999301612377 115.55999040603638 19.192069187760357 11.425653353333471 38.454073034226894 22.292418405413628
leaf_count=1118 210 149 215 131 94 203 74 102 167 187 47 56 117 50
internal_value=0.00246292 0.00100513 0.00223234 0.0135544 -0.00151934 0.0193275 0.005071 -0.0047681 0.0112615 -0.00818481 -0.0036176 0.0343101 0.0112662 -0.00645428
internal_weight=1011.39 974.011 932.639 232.323 700.315 94.1894 172.459 606.126 106.25 499.876 384.316 30.6177 144.765 60.7465
internal_count=2920 2710 2561 587 1974 297 456 1677 269 1408 1221 103 382 167
is_linear=0
shrinkage=0.04


Tree=62
num_leaves=15
num_cat=0
split_feature=244 316 67 150 253 202 227 179 254 263 179 231 300 188
split_gain=27.7678 28.465 21.1014 22.288 24.889 21.8286 25.4478 20.0503 33.5129 20.0957 18.918 17.1767 17.1622 27.8519
threshold=0.0052499999292194852 0.0020989500917494301 1.0000000180025095e-35 1.0000000180025095e-35 0.0013499999768100681 0.0071499999612569818 0.011649999767541887 0.0010500000207684936 0.0065500000491738328 0.029350000433623794 0.0001499999962106813 0.11605000123381616 0.0083499997854232805 1.0000000180025095e-35
decision_type=2 2 2 2 2 2 2 2 2 2 2 2 2 2
left_child=1 12 3 4 5 6 7 8 9 -2 -6 -10 13 -1
right_child=2 -3 -4 -5 10 -7 -8 -9 11 -11 -12 -13 -14 -15
leaf_value=-0.0057597850301583002 -0.016067269156030052 0.033043683862665291 -0.01816122599201199 0.0019877678114310115 0.054648857277930167 0.054191050065098958 0.061834765130077192 -0.037217790459790671 0.051692035466381889 0.052923237943479799 0.019149479281702214 -0.045258916044974867 -0.014451597589873105 0.028646249698597224
leaf_weight=199.20515147596598 64.195640005171299 30.688956044614315 41.533570349216461 211.10044495016336 44.55939743667841 15.478583529591559 11.092406824231146 20.45643450319767 27.09406636655331 7.4319334849715224 53.407694034278393 3.1547590196132651 230.95278938114643 46.303526923060417
leaf_count=631 189 93 119 648 119 34 25 41 87 25 156 4 607 142
internal_value=0.00237572 -0.00421167 0.00907143 0.0115533 0.0197126 0.00936354 0.00409648 -0.00115244 0.00607953 -0.00878938 0.0353761 0.0413331 -0.00662611 0.000722011
internal_weight=1006.66 507.15 499.505 457.971 246.871 148.904 133.425 122.333 101.876 71.6276 97.9671 30.2488 476.461 245.509
internal_count=2920 1473 1447 1328 680 405 371 346 305 214 275 91 1380 773
is_linear=0
shrinkage=0.04


Tree=63
num_leaves=15
num_cat=0
split_feature=301 53 275 316 176 244 109 124 275 155 275 314 260 134
split_gain=32.4786 19.4718 22.0095 23.1877 21.5492 17.8531 20.082 18.1894 17.1021 16.9973 23.4157 22.9462 17.5777 16.8581
threshold=0.0038499999791383748 0.0031500000040978198 0.049450000748038299 0.0077331701759248981 0.089800000190734877 0.0052499999292194852 0.0017499999958090486 0.025399999693036083 0.0010500000207684936 0.011649999767541887 0.0057500000111758718 0.081684663891792311 0.0021499999566003685 0.0018500000005587938
decision_type=2 2 2 2 2 2 2 2 2 2 2 2 2 2
left_child=1 2 3 4 5 -1 7 8 -7 10 11 -8 -12 -10
right_child=-2 -3 -4 -5 -6 6 9 -9 13 -11 12 -13 -14 -15
leaf_value=-0.0043225262278709341 0.039846046622470079 -0.024106547569533846 0.031823209593300879 0.044474096367810682 -0.043032144048814162 -0.011215082892536293 -0.044034872281640533 -0.024779965358853788 0.021632094509534273 0.055682804154151284 -0.038241223775084598 0.036435213672253365 0.026179367696813751 -0.028244476007229635
leaf_weight=470.09781246632338 35.441641442477703 47.237275414168835 38.351366937160492 19.017000302672386 18.179830715060234 33.693146407604218 7.5673676580190685 19.266167819499969 220.83488827943802 5.933245673775672 47.319358058273792 21.438370861113071 7.7584121972322455 11.250348702073095
leaf_count=1298 210 225 106 56 22 93 23 54 546 21 137 55 26 48
internal_value=0.00228911 0.000905842 0.00219594 0.000900201 -6.00196e-05 0.000864583 0.00737613 0.0125824 0.0153142 -0.00906129 -0.0137381 0.0152246 -0.0290633 0.019186
internal_weight=1003.39 967.945 920.707 882.356 863.339 845.159 375.061 285.045 265.778 90.0168 84.0835 29.0057 55.0778 232.085
internal_count=2920 2710 2485 2379 2323 2301 1003 741 687 262 241 78 163 594
is_linear=0
shrinkage=0.04


Tree=64
num_leaves=15
num_cat=0
split_feature=301 133 90 253 113 315 201 180 224 179 250 188 211 300
split_gain=31.0876 18.6096 21.9053 26.9891 27.4936 26.4367 23.3938 19.553 20.5534 22.1137 22.4644 20.4894 19.663 18.1449
threshold=0.0038499999791383748 0.0012500000302679839 0.0014499999815598132 0.0042499999981373557 0.0011500000255182388 0.099411752074956908 0.0030500000575557355 0.0013499999768100681 0.0022500000195577745 1.0000000180025095e-35 0.0035500000230968003 1.0000000180025095e-35 0.002549999975599349 0.048899998888373382
decision_type=2 2 2 2 2 2 2 2 2 2 2 2 2 2
left_child=1 2 5 4 7 13 -7 8 9 10 -4 12 -11 -1
right_child=-2 -3 3 -5 -6 6 -8 -9 -10 11 -12 -13 -14 -15
leaf_value=-0.0077900395711127139 0.039590537341259696 -0.025511830777343484 -0.032080900379406578 0.036097515796499044 -0.032417354376752062 0.048047864870344896 0.0047241466292561544 0.065163463550758527 -0.024080790837341194 0.021614019990209191 0.077144394243464545 0.040016122637280598 -0.047483386222572088 0.010428118001329399
leaf_weight=495.62068093568087 34.267937585711479 40.846859894692898 22.090968057513241 58.82274417579174 26.807366564869881 29.039385974407196 64.052051819860935 10.059102952480314 26.299189873039722 19.532618135213855 3.3739383816719046 53.431842617690563 9.8127459585666639 105.95984076708555
leaf_count=1408 210 149 45 131 106 94 203 24 63 57 3 138 20 269
internal_value=0.00220409 0.000869393 0.00204143 0.0127333 0.00467558 -0.00149766 0.0183187 0.0115975 0.00751746 0.0152468 -0.0172076 0.0252878 -0.00143829 -0.00457332
internal_weight=1000.02 965.749 924.902 230.231 171.408 694.672 93.0914 144.6 134.541 108.242 25.4649 82.7772 29.3454 601.581
internal_count=2920 2710 2561 587 456 1974 297 350 326 263 48 215 77 1677
is_linear=0
shrinkage=0.04


Tree=65
num_leaves=15
num_cat=0
split_feature=301 317 113 111 211 250 279 231 300 245 263 263 127 182
split_gain=31.7595 22.7446 22.8223 23.5359 22.6981 20.4188 19.4748 19.0349 27.4718 23.4531 24.9724 22.3161 24.8218 21.6288
threshold=0.0031500000040978198 0.93795743584632885 0.0010500000207684936 0.0012500000302679839 0.021650000475347046 0.01124999998137355 0.0036499999696388845 1.0000000180025095e-35 0.0031500000040978198 0.016549999825656418 0.0019500000635161998 0.053449999541044242 0.049249999225139625 0.0014499999815598132
decision_type=2 2 2 2 2 2 2 2 2 2 2 2 2 2
left_child=1 5 3 4 6 7 -3 8 -1 10 -9 -10 -13 -11
right_child=-2 2 -4 -5 -6 -7 -8 9 11 13 -12 12 -14 -15
leaf_value=0.020395723254318727 0.034229264383053473 -0.0038411460088702827 -0.029316053960315194 -0.039296728325886335 0.032450582137912243 0.03587036671411261 0.062642024309920316 -0.020504563099521735 -0.013266711699999165 -0.020574228095660372 0.048270997242001991 0.028321338834322286 -0.027384312430480687 0.028971488850039251
leaf_weight=80.340272806584835 48.636161908507347 341.19280409812927 55.414379127323627 25.225372716784477 32.485838398337364 36.497045934200287 7.0938721895217887 10.059837177395819 192.25988535583019 32.982791990041733 48.852826565504074 48.623124644160271 17.204090893268585 24.460462465882301
leaf_count=242 257 890 218 69 82 77 18 24 577 95 146 131 76 74
internal_value=0.00273177 0.00111616 -0.00525567 -0.00195542 0.000517529 0.0071086 -0.00245795 0.00478425 -3.84639e-06 0.0187331 0.0364444 -0.00637499 0.0136824 0.000467479
internal_weight=1001.33 952.693 461.412 405.998 380.773 491.28 348.287 454.783 338.427 116.356 58.9127 258.087 65.8272 57.4433
internal_count=2976 2719 1277 1059 990 1442 908 1365 1026 339 170 784 207 169
is_linear=0
shrinkage=0.04


Tree=66
num_leaves=15
num_cat=0
split_feature=301 314 263 300 250 287 214 214 176 108 275 188 239 314
split_gain=30.0548 17.9762 18.7257 24.5277 19.4263 29.1465 38.1871 18.5658 18.4703 18.0536 17.8892 32.4996 26.4387 22.1508
threshold=0.0031500000040978198 0.0071828453801572332 0.0015499999863095584 1.0000000180025095e-35 0.0018500000005587938 0.0019500000635161998 0.0011500000255182388 0.0087500000372529047 0.089800000190734877 0.002549999975599349 0.0064499999862164268 0.013449999969452621 0.0013499999768100681 0.028130195103585724
decision_type=2 2 2 2 2 2 2 2 2 2 2 2 2 2
left_child=1 -1 4 -4 9 -6 -7 10 -9 -3 12 -12 -5 -14
right_child=-2 2 3 7 5 6 -8 8 -10 -11 11 -13 13 -15
leaf_value=0.031311897356037711 0.033644056338134477 -0.031067112681731485 0.042918962611228545 -0.023146840370064651 0.061166426320873928 -0.038317211931968104 0.058216370789021046 0.018677944367423777 -0.019704968090054096 0.11347041753318075 -0.020444586982570852 0.020672952501711545 0.04748592287445854 0.0039793274014920518
leaf_weight=30.349216900765896 47.527240842580795 68.818352684378624 22.93315152823925 55.981405712664127 11.183642789721487 24.979827702045441 8.7602298706769925 138.15341871231794 23.282411769032478 1.3037137016654003 154.13579898327589 38.241645857691765 19.709084272384644 351.57169938832521
leaf_count=112 257 297 69 263 27 22 17 434 44 4 423 120 59 828
internal_value=0.00263421 0.00107427 6.81018e-05 0.00223279 -0.0150141 0.00544161 -0.0130372 0.00102775 0.0131088 -0.0281651 -0.0021149 -0.0122438 0.00243812 0.00631177
internal_weight=996.931 949.404 919.054 804.009 115.046 44.9237 33.7401 781.075 161.436 70.1221 619.64 192.377 427.262 371.281
internal_count=2976 2719 2607 2240 367 66 39 2171 478 301 1693 543 1150 887
is_linear=0
shrinkage=0.04


Tree=67
num_leaves=15
num_cat=0
split_feature=301 317 213 220 222 211 102 202 253 150 223 313 50 225
split_gain=28.4344 20.3867 26.8762 27.3183 24.2222 20.937 20.3115 26.8812 27.3962 22.125 18.9919 21.2591 20.882 17.9301
threshold=0.0031500000040978198 0.93795743584632885 0.0019500000635161998 0.0013499999768100681 0.0011500000255182388 0.043549999594688422 0.0056499999482184657 0.002650000038556755 0.014650000259280207 0.0019500000635161998 0.0023500000825151805 0.0020500000100582842 0.0010500000207684936 0.0019500000635161998
decision_type=2 2 2 2 2 2 2 2 2 2 2 2 2 2
left_child=1 4 3 6 13 -4 7 8 -3 -9 12 -12 -5 -1
right_child=-2 2 5 10 -6 -7 -8 9 -10 -11 11 -13 -14 -15
leaf_value=0.020732528800464028 0.033056998492371571 -0.009850300003021813 -0.033912874871745373 0.045286224309844282 0.032764511677159353 0.035860145907726376 -0.035661088589332729 0.050269550826071006 0.05256687702676182 -0.017418226669622033 -0.042725955828932738 0.050257716775489077 -0.0374510398283881 -0.00016197413083753249
leaf_weight=80.284217067062855 46.460000306367874 237.00247640162706 67.792112939059734 42.498668804764748 51.071192383766174 7.5209292098879805 32.191050544381142 25.477750927209854 11.697536394000052 10.903724841773508 12.002744570374491 5.7075449079275122 5.3828939348459235 357.97525123506784
leaf_count=269 257 719 124 84 119 23 142 59 18 44 20 19 25 1054
internal_value=0.00253599 0.00103188 -0.00502611 -0.000716053 0.00671222 -0.0268538 -0.00558583 -0.00216443 -0.0068785 0.0298814 0.0227512 -0.0124213 0.0358428 0.0036604
internal_weight=993.968 947.508 458.177 382.864 489.331 75.313 317.273 285.081 248.7 36.3815 65.5919 17.7103 47.8816 438.259
internal_count=2976 2719 1277 1130 1442 147 982 840 737 103 148 39 109 1323
is_linear=0
shrinkage=0.04


Tree=68
num_leaves=15
num_cat=0
split_feature=301 317 213 220 303 211 102 202 253 150 223 313 50 315
split_gain=26.8846 18.8377 25.1085 25.3194 20.6741 19.5521 19.1599 24.7615 25.7193 20.2151 17.4806 19.9471 19.2872 17.2551
threshold=0.0031500000040978198 0.93795743584632885 0.0019500000635161998 0.0013499999768100681 0.0037500000325962905 0.043549999594688422 0.0056499999482184657 0.002650000038556755 0.014650000259280207 0.0019500000635161998 0.0023500000825151805 0.0020500000100582842 0.0010500000207684936 0.0084784273058176058
decision_type=2 2 2 2 2 2 2 2 2 2 2 2 2 2
left_child=1 4 3 6 13 -4 7 8 -3 -9 12 -12 -5 -1
right_child=-2 2 5 10 -6 -7 -8 9 -10 -11 11 -13 -14 -15
leaf_value=0.020886858664491293 0.032468226598219962 -0.0094995974615173107 -0.032970851697531639 0.043502484083971574 0.04764111503752895 0.034763399439891617 -0.034903112530757306 0.047950030744206902 0.051609409044988903 -0.016883248391059508 -0.041721041391744457 0.049061586532834774 -0.036452883374256249 0.0011364463332270514
leaf_weight=86.821328371763229 45.433191679418087 235.94751559942961 66.959812074899673 42.476088911294937 18.664669647812843 7.4524440541863433 31.588991709053516 25.643090084195137 11.444955512881277 10.804477788507937 11.80658967792988 5.617114081978797 5.3132442012429228 383.97046051174402
leaf_count=258 257 719 124 84 52 23 142 59 18 44 20 19 25 1132
internal_value=0.00244449 0.000992755 -0.00486031 -0.00069265 0.00644248 -0.026096 -0.00539505 -0.00208582 -0.00663668 0.0286279 0.0219646 -0.012113 0.0344719 0.00479089
internal_weight=989.944 944.511 455.054 380.642 489.456 74.4123 315.429 283.84 247.392 36.4476 65.213 17.4237 47.7893 470.792
internal_count=2976 2719 1277 1130 1442 147 982 840 737 103 148 39 109 1390
is_linear=0
shrinkage=0.04


Tree=69
num_leaves=15
num_cat=0
split_feature=301 260 317 50 314 225 229 245 188 220 239 111 277 275
split_gain=25.505 20.1604 26.5485 21.2945 22.1757 28.8491 21.7022 18.371 19.9008 18.7545 18.0507 17.8938 16.8604 16.4955
threshold=0.0022500000195577745 0.0016499999910593035 0.98629143834114086 0.0012500000302679839 0.0071828453801572332 0.0017499999958090486 0.0013499999768100681 0.083299998193979277 1.0000000180025095e-35 0.82234999537467968 0.010250000283122064 0.0017499999958090486 0.10319999977946283 0.0070500001311302194
decision_type=2 2 2 2 2 2 2 2 2 2 2 2 2 2
left_child=1 3 11 4 5 -1 13 8 -2 -10 -8 -3 -5 -6
right_child=7 2 -4 12 6 -7 10 -9 9 -11 -12 -13 -14 -15
leaf_value=0.053856955437169257 -0.04388352143983814 0.03225872739745126 -0.039454721499829253 -0.01836782507461817 0.0015378356263096849 -0.052983536244999269 -0.018674764172984647 -0.032273031761383394 0.043473477399466283 -0.05135549918493372 0.048698746528291599 -0.027977243460041372 0.069607035167529183 -0.014425123337889713
leaf_weight=23.787512935698036 5.0119563788175574 74.224897034466267 11.173540800809858 131.32018174231052 490.34189914166927 4.7476506680250159 8.409336715936659 7.893181435763835 58.013420768082142 3.4202126860618582 24.60032856464386 8.6795244216918928 3.4665353447198859 131.11631490290165
leaf_count=79 8 228 40 536 1294 19 25 14 293 5 50 39 9 337
internal_value=0.00235617 0.000513827 0.0180425 -0.00149973 0.00136295 0.0358183 -0.000138454 0.0248703 0.0317569 0.0380542 0.0314097 0.0258781 -0.0160256 -0.0018254
internal_weight=986.206 911.868 94.078 817.79 683.003 28.5352 654.468 74.3388 66.4456 61.4336 33.0097 82.9044 134.787 621.458
internal_count=2976 2656 307 2349 1804 98 1706 320 306 298 75 267 545 1631
is_linear=0
shrinkage=0.04


Tree=70
num_leaves=15
num_cat=0
split_feature=182 317 127 159 263 253 279 36 249 250 314 244 99 220
split_gain=21.6077 25.0209 24.1478 22.2869 29.3463 23.8969 19.1778 19.6619 18.7001 19.5436 54.0933 34.5011 31.8103 26.1636
threshold=0.0015499999863095584 0.93795743584632885 0.0014499999815598132 0.015150000341236593 0.042750000953674323 0.015050000045448543 1.0000000180025095e-35 0.0010500000207684936 0.0014499999815598132 0.0017499999958090486 0.025550331920385364 0.0014499999815598132 0.0029499999945983295 0.0012500000302679839
decision_type=2 2 2 2 2 2 2 2 2 2 2 2 2 2
left_child=3 2 -2 4 5 8 -4 -8 9 -1 -11 13 -13 -12
right_child=1 -3 6 -5 -6 -7 7 -9 -10 10 11 12 -14 -15
leaf_value=-0.0063237443192665369 0.027298914810295449 -0.011863100592701521 -0.031973738167836739 -0.018779520789870063 0.037200299408725608 0.043564744907901423 0.030085417810882475 -0.010065308556628391 -0.035569679481138559 0.088937187128911965 -0.042070451515451641 0.031016169054436098 -0.035853199096870764 0.074500822022971591
leaf_weight=365.4608570933342 132.08206852525473 65.504099816083908 21.681381791830063 118.38322537392378 32.404384016990662 17.724070973694324 39.852703362703323 37.874574214220047 27.506968200206757 13.016895368695257 30.649720437824726 59.620777279138565 13.92412883043289 3.3098813593387595
leaf_count=1135 416 146 67 499 86 30 121 149 35 27 33 157 27 3
internal_value=0.000907868 0.00991433 0.0160963 -0.00300924 0.000298826 -0.00195124 0.00115905 0.0104818 -0.00353828 -0.0017101 0.0122405 0.00284267 0.0182701 -0.030406
internal_weight=978.996 296.995 231.491 682.001 563.618 531.213 99.4087 77.7273 513.489 485.982 120.521 107.505 73.5449 33.9596
internal_count=2931 899 753 2032 1533 1447 337 270 1417 1382 247 220 184 36
is_linear=0
shrinkage=0.04


Tree=71
num_leaves=15
num_cat=0
split_feature=301 150 277 202 244 124 164 225 263 32 205 250 244 287
split_gain=20.4064 16.753 33.5926 20.1473 27.4943 19.8615 20.7412 18.2545 22.0151 27.3707 25.6417 24.6534 36.4754 28.6503
threshold=0.0038499999791383748 0.0012500000302679839 0.0031500000040978198 0.0084500000812113302 0.0015499999863095584 0.012050000019371511 0.0012500000302679839 0.0016499999910593035 0.002549999975599349 0.0019500000635161998 1.0000000180025095e-35 0.0017499999958090486 0.0015499999863095584 0.0029499999945983295
decision_type=2 2 2 2 2 2 2 2 2 2 2 2 2 2
left_child=1 3 -3 5 -5 6 7 -1 11 10 -10 -9 13 -13
right_child=-2 2 -4 4 -6 -7 -8 8 9 -11 -12 12 -14 -15
leaf_value=0.019284339776247647 0.035049045284445406 -0.018195778762837005 0.008041733618421084 -0.049485866706076902 0.061794278754141563 -0.039084404252966998 0.05517907341550763 -0.029754205300174207 0.0040966126454815297 0.044352370052203896 -0.039882185061390588 0.06690313055347355 0.047884857943320133 -0.052231749335895777
leaf_weight=87.521118156611919 27.077456399798393 191.4393427297473 131.47656713426113 4.2726110070943859 18.478055134415627 17.875370062887669 12.116788342595099 73.313793070614338 323.47238759696484 25.157348290085793 22.594362318515778 3.916632995009425 19.699667826294899 16.120475098490715
leaf_count=246 202 776 412 6 40 44 33 301 703 66 28 11 49 14
internal_value=0.000874438 -0.000101618 -0.0075015 0.00371865 0.0405955 0.00231136 0.00359194 0.00248231 -0.000549348 0.00414913 0.00120303 -0.0160031 0.00927801 -0.0285293
internal_weight=974.532 947.455 322.916 624.539 22.7507 601.788 583.913 571.796 484.275 371.224 346.067 113.051 39.7368 20.0371
internal_count=2931 2729 1188 1541 46 1495 1451 1418 1172 797 731 375 74 25
is_linear=0
shrinkage=0.04


Tree=72
num_leaves=15
num_cat=0
split_feature=184 182 281 315 253 43 229 263 249 150 155 109 250 314
split_gain=19.7456 16.2514 24.2072 19.9882 18.9273 19.8483 18.7196 16.57 15.4427 17.4318 27.9283 22.5661 29.9806 38.6146
threshold=0.0010500000207684936 0.0015499999863095584 0.0010500000207684936 0.020438154228031639 0.022349999286234382 0.0016499999910593035 0.0014499999815598132 0.06024999916553498 0.003249999950639904 0.0014499999815598132 0.0039500000420957812 0.0020500000100582842 0.0013499999768100681 0.022163946181535724
decision_type=2 2 2 2 2 2 2 2 2 2 2 2 2 2
left_child=1 4 -3 6 5 7 -4 8 9 10 11 12 -1 -14
right_child=-2 2 3 -5 -6 -7 -8 -9 -10 -11 -12 -13 13 -15
leaf_value=-0.003859778916682276 0.045509044464529878 0.027453819091654421 -0.031489874408338843 0.0074893680203228109 0.035746504476458912 -0.026707098144597766 0.05573103423813229 0.033593569525286193 -0.036398733461103297 -0.015372729589836258 0.073163301903859598 -0.028306032344995284 0.085361940898189825 0.012075734910444428
leaf_weight=271.71742994338274 15.481061808764933 75.909039624035358 39.681322529911995 164.10202509909868 19.189534306526184 58.257227033376694 4.2483751848340026 19.828269250690937 21.866111993789673 124.13010174781084 8.4611940681934339 40.121758528053761 13.048265129327772 94.446817979216576
leaf_count=803 99 195 86 524 42 181 15 61 30 533 15 110 26 211
internal_value=0.000841903 0.000108954 0.00813312 0.00105414 -0.00328097 -0.00444127 -0.0228566 -0.00224526 -0.00349634 -0.00217921 0.0016424 0.000172638 0.00320298 0.0210798
internal_weight=970.489 955.007 283.941 208.032 671.067 651.877 43.9297 593.62 573.792 551.926 427.795 419.334 379.213 107.495
internal_count=2931 2832 820 625 2012 1970 101 1789 1728 1698 1165 1150 1040 237
is_linear=0
shrinkage=0.04


Tree=73
num_leaves=15
num_cat=0
split_feature=184 150 277 313 111 226 205 263 279 124 164 166 229 50
split_gain=18.8858 15.3704 29.8496 17.7459 18.4437 15.617 16.8072 18.4133 16.6354 14.9887 21.832 16.0054 19.8998 25.4623
threshold=0.0010500000207684936 0.0012500000302679839 0.0014499999815598132 0.0051500000990927228 0.0015499999863095584 0.0011500000255182388 0.0011500000255182388 0.00335000001359731 0.0019500000635161998 0.013249999843537809 0.0011500000255182388 0.00055000002612359833 0.0013499999768100681 1.0000000180025095e-35
decision_type=2 2 2 2 2 2 2 2 2 2 2 2 2 2
left_child=1 9 -3 5 -5 6 7 -4 -7 10 11 12 13 -1
right_child=-2 2 3 4 -6 8 -8 -9 -10 -11 -12 -13 -14 -15
leaf_value=0.0050348818090946634 0.045266351067936368 -0.019651306344805001 0.090332265342736542 0.029413530951430733 -0.0080100403208546306 0.13643702210922812 0.036769296949132398 -0.028587540858260825 0.0099995548029571096 -0.032185820876581096 0.05181786096116732 -0.0464915813513802 0.024596796468103053 -0.022404043982041894
leaf_weight=453.16581112891436 14.952704615890978 154.8979537114501 2.0524247139692298 60.543675735592842 32.014788620173931 1.9991024732589711 8.1097113043069822 56.597056552767754 8.574494816362856 17.892940014600754 15.337233416736124 9.9180274531245214 69.214341267943382 61.322717115283012
leaf_count=1081 99 661 7 184 128 6 29 174 34 44 51 8 198 227
internal_value=0.000811596 0.000104213 -0.00695253 0.00460676 0.0164314 -0.0094972 -0.0166997 -0.0242112 0.0353336 0.00376742 0.00483551 0.00360637 0.00447229 0.0017529
internal_weight=966.593 951.64 324.789 169.891 92.5585 77.3328 66.7592 58.6495 10.5736 626.851 608.958 593.621 583.703 514.489
internal_count=2931 2832 1223 562 312 250 210 181 40 1609 1565 1514 1506 1308
is_linear=0
shrinkage=0.04


Tree=74
num_leaves=15
num_cat=0
split_feature=301 277 105 253 201 202 260 250 314 317 263 213 202 6
split_gain=18.2717 14.2442 26.2132 19.5279 24.6985 18.6142 18.439 16.3181 27.5615 28.9234 25.8946 35.1573 24.6419 33.8189
threshold=0.0038499999791383748 0.0047500000800937423 0.0017499999958090486 0.014650000259280207 0.020250000059604648 0.10635000094771387 0.039750000461936004 0.0013499999768100681 0.01942316256463528 0.93873611092567455 0.0054500000551342973 0.0013499999768100681 0.0030500000575557355 0.0019500000635161998
decision_type=2 2 2 2 2 2 2 2 2 2 2 2 2 2
left_child=1 2 3 7 -5 6 -3 12 -9 -10 -11 -12 -1 -14
right_child=-2 5 -4 4 -6 -7 -8 8 9 10 11 -13 13 -15
leaf_value=-0.0085678373846704674 0.034312251903186264 0.016470081252834584 -0.017135355707229061 0.050424960602449789 -0.049281677550756318 -0.039642613876918642 -0.034825674968181772 0.074676984555334447 0.025699801472749834 -0.025617124115586254 0.052177533398931865 -0.018628551125818505 0.054701774251213052 -0.018029936536503231
leaf_weight=343.08828211575747 25.220891736447811 164.13107679784298 156.6870441660285 23.520648777484897 4.6566823720931998 11.334490701556204 11.895784318447111 9.7374905645847303 69.252417907118797 57.137629061937332 21.238406419754028 23.475427225232124 24.077752396464348 17.553959175944328
leaf_count=1019 202 508 629 46 6 22 26 20 159 86 48 46 61 53
internal_value=0.000782385 -0.000118666 -0.00258637 0.00124859 0.0336896 0.00973985 0.012963 -0.000366282 0.00953305 0.0057609 -0.00776893 0.0149554 -0.00503122 0.023969
internal_weight=963.008 937.787 750.426 593.739 28.1773 187.361 176.027 565.561 180.841 171.104 101.851 44.7138 384.72 41.6317
internal_count=2931 2729 2173 1544 52 556 534 1492 359 339 180 94 1133 114
is_linear=0
shrinkage=0.04


Tree=75
num_leaves=15
num_cat=0
split_feature=301 125 245 32 314 182 54 296 101 277 36 155 205 308
split_gain=27.8837 19.7552 19.9721 16.5034 20.8045 17.5204 15.8009 13.9232 13.5723 17.322 12.5095 18.4424 18.0336 17.8194
threshold=0.0021499999566003685 0.003249999950639904 0.096350003033876433 0.0053499999921768912 0.065940275788307204 0.032549999654293067 0.0013499999768100681 1.0000000180025095e-35 0.007849999703466894 0.32709999382495886 1.0000000180025095e-35 0.0061500000301748523 0.0018500000005587938 1.0000000180025095e-35
decision_type=2 2 2 2 2 2 2 2 2 2 2 2 2 2
left_child=3 2 -2 7 -5 6 -6 8 9 10 11 12 -1 -13
right_child=1 -3 -4 4 5 -7 -8 -9 -10 -11 -12 13 -14 -15
leaf_value=-0.0036423968128881977 0.041442495199687623 -0.046820824722972727 -0.032042373418637873 -0.039225801304273035 0.067288922683764504 -0.046848534733674639 0.0068215339304788991 0.036698865063325439 -0.04239138751262108 0.055628257238619715 -0.020023906454711193 0.026700292852983171 0.049388631132569367 -0.059991691213082107
leaf_weight=673.9333171993494 52.865542374551296 5.247581683099269 6.5254758968949309 6.7789386808872214 20.151238344609741 3.4712902158498755 10.772559680044649 14.666423618793486 13.317458368837832 8.208812549710272 59.634067341685295 54.111491292715073 10.310456842184065 3.9602356553077689
leaf_count=1793 302 14 11 39 53 4 48 53 59 21 315 191 25 13
internal_value=0.00129889 0.0266356 0.033261 -0.000561878 0.0241244 0.0368036 0.0464434 -0.0017821 -0.00247669 -0.00181049 -0.00241028 -0.000987394 -0.00283036 0.0206266
internal_weight=943.955 64.6386 59.391 879.316 41.174 34.3951 30.9238 838.142 823.476 810.158 801.95 742.316 684.244 58.0717
internal_count=2941 327 313 2614 144 105 101 2470 2417 2358 2337 2022 1818 204
is_linear=0
shrinkage=0.04


Tree=76
num_leaves=15
num_cat=0
split_feature=184 239 275 188 317 314 213 123 250 2 155 287 223 227
split_gain=17.5763 14.8373 25.1631 30.8205 18.2923 18.3574 16.0984 15.3033 16.5043 17.5149 16.028 20.6313 17.7847 15.849
threshold=0.0010500000207684936 0.0093499999493360537 0.0017499999958090486 0.0035500000230968003 0.83312895894050609 0.18390580266714099 0.0016499999910593035 0.012200000230222942 0.0029499999945983295 0.010800000280141832 0.0012500000302679839 0.021450000815093521 0.0044499998912215242 1.0000000180025095e-35
decision_type=2 2 2 2 2 2 2 2 2 2 2 2 2 2
left_child=1 -1 4 -4 -3 -6 -7 8 10 -10 12 -12 13 -5
right_child=-2 2 3 7 5 6 -8 -9 9 -11 11 -13 -14 -15
leaf_value=-0.0032250980152686869 0.045564843340703966 0.043547984380435764 0.03844404978130387 -0.026772422968843652 -0.027695391191213749 0.034942595640505808 -0.034434351267227367 -0.04755357363138641 0.037102755848609649 -0.051186804437253673 0.044846424062893839 -0.0036070704881793077 0.063467586976266019 0.027239824191155306
leaf_weight=592.27824124693871 14.008723750710486 9.0433129966258985 62.142909452319145 52.818205945193768 60.871841765940189 16.932909071445469 7.6642078980803481 8.1175147145986539 40.37571557611227 3.8225985467433921 23.761797606945038 33.868406139314175 4.4966957643628112 10.246238566935061
leaf_count=1947 102 30 145 84 127 38 15 22 170 25 68 112 18 38
internal_value=0.00125163 0.000572408 0.00731413 0.0142127 -0.0101324 -0.0159032 0.0131116 0.00569017 0.00829188 0.0292782 0.000833355 0.0163448 -0.0123435 -0.0179044
internal_weight=940.449 926.441 334.162 239.65 94.5123 85.469 24.5971 177.507 169.39 44.1983 125.191 57.6302 67.5611 63.0644
internal_count=2941 2839 892 682 210 180 53 537 515 195 320 180 140 122
is_linear=0
shrinkage=0.04


Tree=77
num_leaves=15
num_cat=0
split_feature=219 124 32 314 300 194 314 263 263 300 254 213 188 300
split_gain=16.8929 33.046 19.1042 25.6423 16.3148 15.8598 17.2341 23.0682 22.2858 28.2322 18.8751 18.7135 25.6374 19.1572
threshold=0.0012500000302679839 0.0015499999863095584 0.0012500000302679839 0.059731507673859603 0.49950000643730169 0.010149999987334015 0.0095197907648980635 0.0018500000005587938 0.0015499999863095584 0.0085500003769993799 0.064150001853704466 0.0013499999768100681 1.0000000180025095e-35 0.0021499999566003685
decision_type=2 2 2 2 2 2 2 2 2 2 2 2 2 2
left_child=2 -2 4 -4 5 6 7 -1 -8 11 -11 12 -10 -13
right_child=1 -3 3 -5 -6 -7 8 -9 9 10 -12 13 -14 -15
leaf_value=0.035618971952208429 0.037318290423761183 -0.0037429484512429578 -0.028849986675945762 0.02838401877819479 0.043909199145576644 0.038555434087070878 -0.023798067015169538 -0.032526132077564635 0.0028390772754681858 -0.011335168918563765 0.025220947177626424 0.061603995270122544 0.037457618954166445 -0.034661602481021556
leaf_weight=33.748751655220985 57.080060124397278 69.067859463393688 15.316627837717531 65.73082085698843 11.579548507928846 13.798884153366087 97.904049031436443 10.243578664958475 90.664805635809898 365.8793613165617 23.931533150374889 3.7555173784494427 55.179147183895111 22.534647695720196
leaf_count=118 224 245 79 211 29 42 287 28 327 1035 81 18 173 44
internal_value=0.001208 0.0148198 -0.00090781 0.0174962 -0.00296089 -0.00372875 -0.00456878 0.0196229 -0.00619043 -0.00311196 -0.00907474 0.0103654 0.0159809 -0.0205773
internal_weight=936.415 126.148 810.267 81.0474 729.22 717.64 703.841 43.9923 659.849 561.945 389.811 172.134 145.844 26.2902
internal_count=2941 469 2472 290 2182 2153 2111 146 1965 1678 1116 562 500 62
is_linear=0
shrinkage=0.04


Tree=78
num_leaves=15
num_cat=0
split_feature=301 125 176 53 257 277 253 97 281 275 317 250 317 219
split_gain=24.9052 17.8215 17.8161 16.4133 21.2762 17.3303 15.1428 24.8584 13.6759 13.3259 13.1397 23.0509 23.0041 15.5735
threshold=0.0021499999566003685 0.003249999950639904 0.054800000041723258 0.0031500000040978198 0.0001499999962106813 0.32709999382495886 0.014050000347197058 0.0014499999815598132 1.0000000180025095e-35 0.14410000294446948 0.93873611092567455 0.011400000192224981 0.93080109357833873 0.002650000038556755
decision_type=2 2 2 2 2 2 2 2 2 2 2 2 2 2
left_child=3 2 -2 4 5 6 9 -8 -5 10 11 12 -1 -12
right_child=1 -3 -4 8 -6 -7 7 -9 -10 -11 13 -13 -14 -15
leaf_value=-0.0012543322160785395 0.040848470270917141 -0.044864703256201753 -0.026229243683112663 0.017157135500986739 0.040955668994808347 0.051997858743953622 0.038530887484503326 -0.050541013172960343 -0.036809987091742914 -0.062118935823331958 -0.0078725252646324028 0.042895848153526581 0.046019362916756297 0.056073140125499694
leaf_weight=327.29776039719582 49.280690029263496 5.1078899800777426 7.122871257364749 9.5180046185851079 20.363757766783237 9.8949908018112165 30.778527408838272 5.8606137558817855 33.271066524088383 5.7988676577806464 384.10534086823463 22.424042299389839 17.237764976918697 6.079279199242591
leaf_count=984 294 14 19 48 65 26 71 15 167 13 1098 50 58 19
internal_value=0.00116222 0.0257424 0.0322754 -0.000568601 0.000673706 -0.000339648 -0.000998758 0.0240757 -0.0247003 -0.00221116 -0.00173891 0.00368713 0.00111192 -0.00685186
internal_weight=934.141 61.5115 56.4036 872.63 829.841 809.477 799.582 36.6391 42.7891 762.943 757.144 366.96 344.536 390.185
internal_count=2941 327 313 2614 2399 2334 2308 86 215 2222 2209 1092 1042 1117
is_linear=0
shrinkage=0.04


Tree=79
num_leaves=15
num_cat=0
split_feature=184 32 314 219 124 233 275 116 228 233 180 93 202 194
split_gain=16.2701 13.6293 18.1504 16.3963 28.341 15.6411 20.0666 15.3235 15.15 14.8211 18.1347 16.8496 15.5652 17.4405
threshold=0.0010500000207684936 0.0053499999921768912 0.065940275788307204 0.0012500000302679839 0.0015499999863095584 0.0018500000005587938 0.0037500000325962905 1.0000000180025095e-35 0.0019500000635161998 0.019650000147521499 0.0012500000302679839 0.0016499999910593035 0.007849999703466894 0.012450000271201135
decision_type=2 2 2 2 2 2 2 2 2 2 2 2 2 2
left_child=1 3 -3 9 5 -5 -7 -4 -6 10 12 -11 13 -1
right_child=-2 2 7 4 8 6 -8 -9 -10 11 -12 -13 -14 -15
leaf_value=-0.0052699568977762753 0.045348340821533953 -0.037900709827203193 0.049783829913261385 0.051133621492192541 0.013855058827352482 -0.041925249620804045 0.046912075958083131 -0.0096218823434972983 -0.023897345434898222 -0.043667821496180308 0.033606752033323924 0.082955428345893339 0.018866642935967161 0.049382741439892811
leaf_weight=652.00085765868425 13.023566856980322 6.514753393828868 26.093143790960312 34.383985303342342 36.659752354025841 7.8884105533361462 8.1771728768944723 9.273333013057707 31.485757380723953 21.781065642833713 22.391529031097889 1.7099766433238972 48.922190546989441 9.3664622604846937
leaf_count=1973 102 39 82 111 135 13 47 27 107 60 64 4 150 27
internal_value=0.00112257 0.000484981 0.0227507 -0.000578941 0.013237 0.0359385 0.00305484 0.0341113 -0.0035388 -0.00275253 -0.00174174 -0.0339684 -0.00286629 -0.00448255
internal_weight=929.672 916.648 41.8812 874.767 118.595 50.4496 16.0656 35.3665 68.1455 756.172 732.681 23.491 710.29 661.367
internal_count=2941 2839 148 2691 413 171 60 109 242 2278 2214 64 2150 2000
is_linear=0
shrinkage=0.04


Tree=80
num_leaves=15
num_cat=0
split_feature=317 303 263 275 213 312 109 222 159 253 202 219 239 239
split_gain=25.1577 21.5237 19.0933 29.72 23.8185 18.4619 17.8739 21.0097 17.6459 22.8953 22.6168 22.8742 19.05 25.8486
threshold=0.93795743584632885 0.0038499999791383748 0.0010500000207684936 0.002549999975599349 0.0019500000635161998 0.0011500000255182388 0.0015499999863095584 0.0027499999850988392 0.018949999473989013 0.014650000259280207 0.0030500000575557355 0.0012500000302679839 0.038300000131130225 0.015649999491870407
decision_type=2 2 2 2 2 2 2 2 2 2 2 2 2 2
left_child=1 6 3 -2 5 8 -1 -8 9 10 11 12 13 -4
right_child=2 -3 4 -5 -6 -7 7 -9 -10 -11 -12 -13 -14 -15
leaf_value=0.008894642037928403 -0.03450709334530095 0.041072928004466908 -0.0086028766477247252 0.08663219655364611 -0.024661881188434091 0.059620902043429229 -0.013497151177242282 0.049151351872206012 -0.027032147863166305 0.049373539176984144 0.033316445421399596 0.063685127507335931 -0.034523188180774191 0.029320391493092433
leaf_weight=333.65894652158022 57.971541069447994 26.540361002087593 158.34270380437374 3.3208164125680915 71.23237106949091 8.2380881533026677 115.54077535495162 9.1311843022704107 35.919284924864769 15.770031727850435 28.749370276927948 7.5674890577793112 33.114488288760185 35.019940957427025
leaf_count=1040 204 168 457 10 161 32 416 20 178 30 80 17 51 75
internal_value=-0.000232375 0.00610298 -0.00698864 -0.0277482 -0.00374244 0.000868797 0.00406074 -0.0088409 -0.000676 0.00271661 -8.57348e-05 -0.00421832 -0.006532 -0.00170231
internal_weight=940.117 484.871 455.246 61.2924 393.954 322.721 458.331 124.672 314.483 278.564 262.794 234.045 226.477 193.363
internal_count=2939 1644 1295 214 1081 920 1476 436 888 710 680 600 583 532
is_linear=0
shrinkage=0.04


Tree=81
num_leaves=15
num_cat=0
split_feature=317 303 263 275 213 279 109 222 201 275 275 175 223 121
split_gain=23.2989 20.5668 17.9353 27.0814 22.1214 17.1165 16.4661 19.5539 16.0972 16.8941 17.6163 24.083 19.256 16.5225
threshold=0.93795743584632885 0.0038499999791383748 0.0010500000207684936 0.002549999975599349 0.0019500000635161998 0.0027499999850988392 0.0015499999863095584 0.0027499999850988392 0.021399999968707565 0.012950000353157522 0.0023500000825151805 0.0011500000255182388 1.0000000180025095e-35 0.0010500000207684936
decision_type=2 2 2 2 2 2 2 2 2 2 2 2 2 2
left_child=1 6 3 -2 5 8 -1 -8 9 10 13 -12 -13 -4
right_child=2 -3 4 -5 -6 -7 7 -9 -10 -11 11 12 -14 -15
leaf_value=0.0085235033275835211 -0.033741742094636228 0.040546405087405209 -0.01315448919120836 0.07948176534587939 -0.023847234508091383 0.063436716064022264 -0.013006688190301317 0.047757170810627213 0.024617783812063445 -0.050107203105516966 0.02277435880657944 -0.034025780240854293 0.073260847111075528 0.037977052772040228
leaf_weight=334.25191490352154 56.93841552734375 25.825440503656864 153.66601654142141 3.4802999198436728 70.73285348713398 6.7412797808647147 115.11435164138675 9.0268900915980321 35.969522774219513 11.955248132348059 75.931973360478878 23.166744373738769 2.9106132686138144 10.693159103393553
leaf_count=1040 204 168 419 10 161 19 416 20 130 35 230 51 7 29
internal_value=-0.00022348 0.00586876 -0.00675599 -0.0270331 -0.00361253 0.00083932 0.00389791 -0.00852119 -0.00051036 -0.00377987 -0.00166755 0.011365 -0.0216641 -0.00978249
internal_weight=936.405 484.219 452.186 60.4187 391.767 321.035 458.393 124.141 314.293 278.324 266.369 102.009 26.0774 164.359
internal_count=2939 1644 1295 214 1081 920 1476 436 901 771 736 288 58 448
is_linear=0
shrinkage=0.04


Tree=82
num_leaves=15
num_cat=0
split_feature=317 303 263 213 53 312 244 225 124 231 227 263 250 253
split_gain=21.5688 19.6429 16.8563 20.542 16.5864 16.4822 16.0991 21.5829 20.1406 20.8529 20.7685 22.0987 24.1274 18.5289
threshold=0.93795743584632885 0.0038499999791383748 0.0010500000207684936 0.0019500000635161998 0.0031500000040978198 0.0011500000255182388 0.0030500000575557355 0.041549999266862876 0.0037500000325962905 0.0020500000100582842 0.0019500000635161998 0.0067499999422580012 1.0000000180025095e-35 0.014650000259280207
decision_type=2 2 2 2 2 2 2 2 2 2 2 2 2 2
left_child=1 4 -2 5 -1 6 13 8 9 10 11 12 -8 -4
right_child=2 -3 3 -5 -6 -7 7 -9 -10 -11 -12 -13 -14 -15
leaf_value=0.0059784030680728895 -0.026339061145394003 0.040018690402938713 -0.013964301404027903 -0.023055766272046904 -0.022185122197324283 0.056260753806496061 -0.014773235802492252 -0.023510646011696116 -0.020817644813360955 0.068439532240032949 -0.030076558555291972 0.048543785788414569 0.038642218433191461 0.045906379629644598
leaf_weight=422.24318586289883 59.550475910305977 25.134718347340822 137.40437955409288 70.248018585145473 36.194028578698635 8.253824904561041 33.185247749090195 28.787889137864113 21.55214411765337 13.167790725827215 13.968911297619341 32.190414510667324 22.646261170506477 8.6772091165184957
leaf_count=1299 214 168 384 161 177 32 146 63 67 31 38 82 54 23
internal_value=-0.000215335 0.00564352 -0.00652518 -0.00348413 0.00374179 0.000807921 -0.000665782 0.00786064 0.0145082 0.0211666 0.014963 0.0221822 0.00685187 -0.0103517
internal_weight=933.204 483.572 449.633 390.082 458.437 319.834 311.58 165.499 136.711 115.159 101.991 88.0219 55.8315 146.082
internal_count=2939 1644 1295 1081 1476 920 888 481 418 351 320 282 200 407
is_linear=0
shrinkage=0.04


Tree=83
num_leaves=15
num_cat=0
split_feature=194 184 127 244 314 314 263 315 263 225 263 275 182 278
split_gain=17.9162 16.1591 14.4902 15.2136 18.1896 27.1952 25.3851 28.3632 20.2513 18.0448 30.9134 18.3165 41.9087 19.405
threshold=0.012450000271201135 0.0010500000207684936 0.054250000044703491 0.0053499999921768912 0.068710576742887511 0.038818242028355605 0.0056499999482184657 0.0010500000207684936 0.002549999975599349 0.0055499998852610597 0.0076500000432133683 0.0012500000302679839 0.0018500000005587938 0.002650000038556755
decision_type=2 2 2 2 2 2 2 2 2 2 2 2 2 2
left_child=1 2 3 9 5 8 -6 -8 -5 10 -1 12 13 -11
right_child=-2 -3 -4 4 6 -7 7 -9 -10 11 -12 -13 -14 -15
leaf_value=-0.0054851347428835255 0.032250288584784396 0.045524272064410551 -0.035200708944881968 -0.0081919513315474903 0.031962452221096727 -0.04406842404830752 0.067836275869419413 0.00074531777285718939 0.084281476506852609 -0.019294988827901732 0.031380171098049851 -0.020895435181014325 0.094225515863913881 0.048209391616628128
leaf_weight=185.17299286276102 26.327321548014879 11.602174568921326 20.190248563885689 12.785774394869806 57.015990629792213 27.77508420497179 10.330880895256994 306.29351428896189 5.240459829568862 40.444490566849709 45.175277389585972 166.03996163606644 7.3027089089155188 8.071671709418295
leaf_count=610 95 92 115 46 185 109 18 904 13 126 173 423 14 16
internal_value=-0.000208047 -0.00116181 -0.00177868 -0.000995983 0.00448502 -0.0192558 0.00741028 0.00296773 0.0187873 -0.00608856 0.00173791 -0.0142297 0.0055289 -0.00790589
internal_weight=929.769 903.441 891.839 871.649 419.442 45.8013 373.64 316.624 18.0262 452.207 230.348 221.859 55.8189 48.5162
internal_count=2939 2844 2752 2637 1275 168 1107 922 59 1362 783 579 156 142
is_linear=0
shrinkage=0.04


Tree=84
num_leaves=15
num_cat=0
split_feature=301 194 127 312 155 222 182 313 159 219 253 314 253 182
split_gain=16.6286 15.8683 14.3014 14.8428 16.8741 19.0496 15.2207 15.0919 20.6557 20.1116 18.6166 18.041 17.9398 25.6548
threshold=0.0038499999791383748 0.012450000271201135 0.054250000044703491 0.0024500000290572648 0.0061500000301748523 0.0012500000302679839 0.0018500000005587938 0.0070500001311302194 0.057150000706315048 0.0018500000005587938 0.015649999491870407 0.35938769578933721 0.0015499999863095584 0.0017499999958090486
decision_type=2 2 2 2 2 2 2 2 2 2 2 2 2 2
left_child=1 2 3 4 5 7 -5 8 9 10 12 -9 13 -1
right_child=-2 -3 -4 6 -6 -7 -8 11 -10 -11 -12 -13 -14 -15
leaf_value=-0.0036308763288062504 0.034500729240323082 0.030340467324758948 -0.035663801631434559 0.048772959361492438 0.015406454337359359 0.017648700391630683 0.0045691263809995468 -0.032200992160116446 -0.035945663134924026 0.044435772407784561 0.038522497809190759 0.0060562042936389724 -0.016902482457948783 0.03129232161877258
leaf_weight=335.46253334730864 21.474311083555222 24.96846491843462 19.565381966531277 17.99492297321558 75.392462335526943 57.270653739571571 40.903454035520554 67.706480085849762 30.386293403804302 14.356506004929541 16.325719892978668 27.542692482471466 140.35598708689213 37.30668269097805
leaf_count=1132 207 81 113 58 276 148 133 131 148 37 32 70 277 96
internal_value=-0.000200161 -0.00103121 -0.00192863 -0.00115334 -0.00258168 -0.00445522 0.0182021 -0.00635453 -0.00389801 -0.00209365 -0.00337104 -0.0211017 -0.00471898 -0.000117586
internal_weight=927.013 905.538 880.57 861.004 802.106 726.714 58.8984 669.443 574.194 543.807 529.451 95.2492 513.125 372.769
internal_count=2939 2732 2651 2538 2347 2071 191 1923 1722 1574 1537 201 1505 1228
is_linear=0
shrinkage=0.04


Tree=85
num_leaves=15
num_cat=0
split_feature=109 250 43 113 316 25 214 108 244 250 314 317 201 239
split_gain=15.6863 25.7044 26.3314 26.9717 22.636 19.6699 16.5269 15.7663 15.0967 18.0069 23.4753 14.0259 29.8293 18.2932
threshold=0.0017499999958090486 0.0017499999958090486 1.0000000180025095e-35 0.0010500000207684936 0.0077331701759248981 0.0028499999316409235 0.060600001364946372 0.0035500000230968003 1.0000000180025095e-35 0.0035500000230968003 0.031150847673416141 0.87487962841987621 0.10495000332593919 0.0062500000931322583
decision_type=2 2 2 2 2 2 2 2 2 2 2 2 2 2
left_child=1 4 3 7 -1 -4 11 8 9 -3 -11 -2 13 -13
right_child=6 2 5 -5 -6 -7 -8 -9 -10 10 -12 12 -14 -15
leaf_value=-0.0014297136342053918 -0.029169868652088819 0.078681054816809412 -0.03406138141868037 -0.028474972392520451 0.050793526610540062 0.032646833043022988 0.019944375575738083 -0.049300416998713556 0.037113207860884963 -0.032975650759456 0.058221429649447133 -0.031058016950142844 0.083439540726212194 0.0086964792578221109
leaf_weight=565.78618702664971 61.698905523866415 4.2785390764474895 24.740477614104748 14.461228359490631 13.498302720487116 9.7444495931267721 25.629058323800564 3.9275061339139929 114.94078282639384 17.573609411716465 5.9515524208545676 35.873680010437965 5.7181767374277106 37.873036175966263
leaf_count=1807 235 9 67 40 61 38 88 5 368 15 8 155 16 87
internal_value=0.00163118 0.00403008 0.016563 0.0233598 -0.000197364 -0.015056 -0.00948566 0.0285137 0.0307157 0.00408689 -0.00958591 -0.0148675 -0.00368974 -0.0106036
internal_weight=941.695 774.903 195.618 161.133 579.284 34.4849 166.793 146.672 142.744 27.8037 23.5252 141.164 79.4649 73.7467
internal_count=2999 2418 550 445 1868 105 581 405 400 32 23 493 258 242
is_linear=0
shrinkage=0.04


Tree=86
num_leaves=15
num_cat=0
split_feature=109 316 201 252 253 124 113 277 316 6 109 227 169 317
split_gain=14.5358 24.0751 15.4247 25.1582 18.9101 15.6312 14.2132 28.4661 22.4545 17.8244 13.9221 13.2702 20.3428 21.5041
threshold=0.0017499999958090486 0.0077331701759248981 0.10495000332593919 0.0020500000100582842 0.0024500000290572648 0.0014499999815598132 0.0010500000207684936 0.0015499999863095584 1.0000000180025095e-35 0.0027499999850988392 0.0024500000290572648 0.0024500000290572648 0.0061500000301748523 0.62533980607986461
decision_type=2 2 2 2 2 2 2 2 2 2 2 2 2 2
left_child=1 6 4 -4 -2 10 11 -8 -9 -10 -6 -1 13 -13
right_child=2 -3 3 -5 5 -7 7 8 9 -11 -12 12 -14 -15
leaf_value=0.0025903915252581118 -0.024026375960647467 0.046021781178627423 0.063009330374924094 -0.044071871155835593 -0.029393371614341104 -0.018673335982010004 -0.034433112847881121 0.072641514309673832 0.038120533035039886 -0.021146779045579722 0.037290872134069251 -0.023348977692002469 -0.051657406398317542 0.034582888524227806
leaf_weight=579.32745460420847 94.506933595985174 21.010274160653353 10.700637213885782 5.073070313781499 6.1046908125281361 24.159362606704235 45.536226034164429 7.583581067621707 11.75363604724407 25.616529162973166 25.105465896427631 12.042438849806784 5.7916775941848746 64.080719266086817
leaf_count=1714 362 111 31 15 19 106 205 27 36 84 48 36 14 191
internal_value=0.00157168 0.00388043 -0.00917015 0.0282577 -0.0131521 0.00534625 0.00269133 -0.0121559 0.0103475 -0.00234733 0.0240675 0.00473074 0.0197975 0.0253472
internal_weight=938.393 772.743 165.65 15.7737 149.876 55.3695 751.732 90.49 44.9537 37.3702 31.2102 661.242 81.9148 76.1232
internal_count=2999 2418 581 46 535 173 2307 352 147 120 67 1955 241 227
is_linear=0
shrinkage=0.04


Tree=87
num_leaves=15
num_cat=0
split_feature=184 138 180 224 250 300 169 50 244 127 155 42 223 105
split_gain=15.0485 14.2448 18.0807 19.158 16.765 16.7085 19.1898 17.5633 20.0423 20.3978 17.1184 16.5261 16.2697 19.3073
threshold=0.0010500000207684936 0.0010500000207684936 0.0030500000575557355 0.0075499999802559623 0.0017499999958090486 0.05334999971091748 0.059000000357627876 0.0014499999815598132 0.0043500000610947618 0.053650001063942916 0.0044499998912215242 0.0016499999910593035 0.0011500000255182388 0.0016499999910593035
decision_type=2 2 2 2 2 2 2 2 2 2 2 2 2 2
left_child=1 2 3 4 5 -1 7 8 10 11 -7 -10 13 -6
right_child=-2 -3 -4 -5 12 6 -8 -9 9 -11 -12 -13 -14 -15
leaf_value=-0.0052752539789650641 0.045828418515799808 -0.036851487636430688 0.044180934028277219 -0.025768178309963693 0.013047207541701527 -0.021744668067294377 -0.035844073382369362 -0.0067661433938879904 0.047013663922903438 -0.050027446688348534 0.043945732760711793 -0.033446557137732175 0.033942947842305726 -0.016560395859016443
leaf_weight=454.53241287916899 12.005137737840412 15.589492842555044 15.571842841804026 41.196121387183666 154.8483178652823 22.145645879209045 13.257712088525293 43.701281510293484 58.981266710907221 4.0309341400861731 8.7708144932985288 4.2592452168464652 41.161041870713234 45.424893468618393
leaf_count=1570 103 79 56 98 335 53 31 160 150 18 26 4 175 141
internal_value=0.00151235 0.000927007 0.0015841 0.000831391 0.00212645 -0.00140081 0.00992042 0.0142469 0.0236374 0.0358782 -0.00289813 0.0414873 0.0110471 0.00630689
internal_weight=935.476 923.471 907.882 892.31 851.114 609.679 155.147 141.889 98.1879 67.2714 30.9165 63.2405 241.434 200.273
internal_count=2999 2896 2817 2761 2663 2012 442 411 251 172 79 154 651 476
is_linear=0
shrinkage=0.04


Tree=88
num_leaves=15
num_cat=0
split_feature=109 316 214 227 159 218 113 277 316 213 205 101 178 254
split_gain=13.3747 22.5222 15.5597 13.3401 23.0788 13.7926 13.036 26.781 19.6867 16.9256 13.6825 14.5652 12.5017 15.9059
threshold=0.0017499999958090486 0.0077331701759248981 0.060600001364946372 0.0023500000825151805 0.039850000292062766 0.0015499999863095584 0.0010500000207684936 0.0015499999863095584 1.0000000180025095e-35 0.0024500000290572648 0.0015499999863095584 0.0040500001050531873 0.0094499997794628161 0.0043500000610947618
decision_type=2 2 2 2 2 2 2 2 2 2 2 2 2 2
left_child=1 6 3 4 5 -2 12 -8 -9 10 11 -10 13 -1
right_child=2 -3 -4 -5 -6 -7 7 8 9 -11 -12 -13 -14 -15
leaf_value=0.0020171242966869909 0.024815935811696069 0.045199988233061844 0.019691025383242702 -0.026360313010855563 -0.02807879527197055 -0.081009129931421897 -0.033746415796102332 0.067331703129245787 -0.040895213519855027 0.042548813823862518 0.054743126521970935 0.05610863295949671 -0.037188652967199323 0.017536194402146214
leaf_weight=514.78249702230096 36.10640724003315 20.253140453249216 25.47234109044075 70.709003612399101 29.372057072818279 1.9723841138184059 44.49924710392952 7.7988869026303282 20.966196618974216 9.7829097993671876 3.421949863433837 2.6862277388572684 11.1995328143239 133.14659195765853
leaf_count=1463 119 111 88 219 145 10 205 27 67 32 9 12 15 477
internal_value=0.00145661 0.00367128 -0.00891656 -0.0142303 -0.00143486 0.0190319 0.00253602 -0.0117986 0.0100093 -0.00216105 -0.0185606 -0.0295202 0.00448252 0.00521461
internal_weight=932.169 768.537 163.632 138.16 67.4508 38.0788 748.284 89.1554 44.6562 36.8573 27.0744 23.6524 659.129 647.929
internal_count=2999 2418 581 493 274 129 2307 352 147 120 88 79 1955 1940
is_linear=0
shrinkage=0.04


Tree=89
num_leaves=15
num_cat=0
split_feature=184 75 250 105 317 25 179 317 263 202 225 275 314 254
split_gain=14.2956 11.8426 15.3081 25.3633 16.1895 34.8137 23.6504 28.1531 15.0611 21.7402 21.573 21.9043 19.7604 16.32
threshold=0.0010500000207684936 0.002650000038556755 0.0017499999958090486 0.0018500000005587938 0.95498985052108776 0.0010500000207684936 1.0000000180025095e-35 0.9857638180255891 0.0021499999566003685 0.0010500000207684936 0.002549999975599349 0.0010500000207684936 0.041921805590391166 0.047000000253319747
decision_type=2 2 2 2 2 2 2 2 2 2 2 2 2 2
left_child=1 2 8 4 -4 -6 -7 -8 9 10 11 -1 -13 -10
right_child=-2 -3 3 -5 5 6 7 -9 13 -11 -12 12 -14 -15
leaf_value=-0.017107078034406149 0.045559263186283443 -0.021400142398990855 0.027961515960069707 -0.011083809105926221 0.03969553714712197 -0.047190373772607493 -0.016024958982193534 0.068537057784474303 -0.00046450424466939268 0.032658270018749984 -0.039970697997531737 0.068691298207373019 -0.058436676816379943 0.028971379734881297
leaf_weight=41.594894900918007 11.487129151821135 36.651990503072739 105.51335267350078 66.608524348586798 28.593305133283138 21.535590559244156 22.857465445995334 8.5677228346467 479.61905444413424 13.625265553593634 49.211037263274193 9.8085210099816305 2.3223297446966162 32.041843608021736
leaf_count=200 103 94 307 257 78 16 50 19 1437 67 216 26 11 118
internal_value=0.00140055 0.000839064 0.00177019 0.0100636 0.0176167 0.00416602 -0.0149795 0.00704731 -0.00157338 -0.0145459 -0.0208586 -0.0032364 0.0437481 0.00137635
internal_weight=930.038 918.551 881.899 253.676 187.067 81.5541 52.9608 31.4252 628.223 116.562 102.937 53.7257 12.1309 511.661
internal_count=2999 2896 2802 727 470 163 85 69 2075 520 453 237 37 1555
is_linear=0
shrinkage=0.04


Tree=90
num_leaves=15
num_cat=0
split_feature=252 2 231 164 180 50 291 225 250 113 287 263 287 244
split_gain=24.0002 19.6375 18.5514 21.5787 20.3544 21.4165 19.688 21.2519 18.0759 21.0231 22.4827 28.1433 18.9606 30.5968
threshold=0.0012500000302679839 0.01200000010430813 0.0022500000195577745 0.00035000000207219278 0.0030500000575557355 1.0000000180025095e-35 1.0000000180025095e-35 0.028150000609457496 0.0013499999768100681 1.0000000180025095e-35 0.0015499999863095584 0.0055499998852610597 0.0088499998673796671 0.0010500000207684936
decision_type=2 2 2 2 2 2 2 2 2 2 2 2 2 2
left_child=1 2 4 -4 5 6 7 8 -1 10 -10 12 13 -12
right_child=-2 -3 3 -5 -6 -7 -8 -9 9 -11 11 -13 -14 -15
leaf_value=-0.0046326521241492162 0.023573534903642113 -0.048418485709638963 0.022652097330026311 -0.012165407843117638 0.050426918392559139 -0.018703056594070993 0.035602089320402867 -0.019473886043078061 0.057953455531162906 -0.04272920535091327 -0.033917676289518556 0.034043125818450121 -0.042648805539797337 0.025187556401506619
leaf_weight=305.81108314171433 63.618126966059208 14.156494479626415 96.797535799443722 40.097790226340294 10.871579840779303 136.4902078807354 22.374645434319973 98.108829818665981 17.885001815855503 10.313891448080538 20.909932591021061 48.561746716499329 16.472245901823044 41.876523092389107
leaf_count=970 340 55 296 86 35 581 78 203 35 24 25 140 22 91
internal_value=-0.000128579 -0.00184769 -0.00107679 0.0124231 -0.00361636 -0.0044462 -0.00109499 -0.00257461 0.00101016 0.0120921 0.0160267 0.0100882 -0.00456293 0.00541735
internal_weight=944.346 880.728 866.571 136.895 729.676 718.804 582.314 559.939 461.83 156.019 145.705 127.82 79.2587 62.7865
internal_count=2981 2641 2586 382 2204 2169 1588 1510 1307 337 313 278 138 116
is_linear=0
shrinkage=0.04


Tree=91
num_leaves=15
num_cat=0
split_feature=252 2 231 164 180 50 291 204 124 245 62 297 166 150
split_gain=22.2609 18.511 17.0909 19.8044 19.2288 19.9082 18.2031 23.8163 15.7319 24.7375 16.6659 15.6759 14.4135 12.7649
threshold=0.0012500000302679839 0.01200000010430813 0.0022500000195577745 0.00035000000207219278 0.0030500000575557355 1.0000000180025095e-35 1.0000000180025095e-35 0.0016499999910593035 0.0069500000681728133 0.016549999825656418 0.0014499999815598132 0.0050500000361353168 0.0001499999962106813 0.32684999704360967
decision_type=2 2 2 2 2 2 2 2 2 2 2 2 2 2
left_child=1 2 4 8 5 6 7 -1 9 -4 -10 -9 -7 -2
right_child=13 -3 3 -5 -6 12 -8 11 10 -11 -12 -13 -14 -15
leaf_value=4.2486914674050869e-05 0.028754334429179722 -0.047463099222690285 0.057482852567427571 -0.011705055969797712 0.049733996835492914 -0.020106472705162602 0.03427124677553034 -0.034611638842967009 -0.024929050406280885 0.0082717213386629389 0.034544054644606172 0.071402132660349352 0.066534461644986637 -0.030923043950084043
leaf_weight=509.7539969086647 57.004163954406977 13.87162299454212 32.591712228953838 40.013502635061741 10.58925588428974 132.4510537609458 22.318800620734692 45.595180708914995 19.136241972446445 33.19720633327961 12.288230083882807 2.2316079251468173 3.0294085741043082 6.229830563068389
leaf_count=1446 308 55 84 86 35 573 78 57 61 107 44 7 8 32
internal_value=-0.000125264 -0.00178307 -0.00103894 0.011895 -0.00349061 -0.00429088 -0.00105711 -0.00248429 0.0216521 0.0327618 -0.00150999 -0.0294429 -0.018092 0.0227722
internal_weight=940.302 877.068 863.196 137.227 725.969 715.38 579.9 557.581 97.2134 65.7889 31.4245 47.8268 135.48 63.234
internal_count=2981 2641 2586 382 2204 2169 1588 1510 296 191 105 64 581 340
is_linear=0
shrinkage=0.04


Tree=92
num_leaves=15
num_cat=0
split_feature=252 2 314 208 231 314 245 271 166 50 291 225 314 53
split_gain=20.7024 17.4503 17.5849 14.5519 13.0384 17.8262 21.12 27.4984 16.9946 20.9495 16.1597 18.9245 17.8886 16.1767
threshold=0.0012500000302679839 0.01200000010430813 0.75309213995933544 0.0010500000207684936 0.002650000038556755 0.070394806563854231 0.017350000329315666 0.00335000001359731 0.0001499999962106813 1.0000000180025095e-35 1.0000000180025095e-35 0.028150000609457496 0.39196085929870611 1.0000000180025095e-35
decision_type=2 2 2 2 2 2 2 2 2 2 2 2 2 2
left_child=1 2 3 4 8 -6 7 -7 9 10 11 -1 -13 -12
right_child=-2 -3 -4 -5 5 6 -8 -9 -10 -11 13 12 -14 -15
leaf_value=0.0012027360085843273 0.022071505684567942 -0.046521645254132132 0.035786269774580569 -0.04260138949892335 -0.039545661227198596 0.049506103953878784 -0.0016614493500701662 -0.026972190353049121 0.033385976724864021 -0.018903029673846956 0.048115479371263127 -0.024187136681692228 0.029640924270561825 -0.050946820518739971
leaf_weight=453.34441670402884 62.635092433542013 13.593943469226359 20.192586727440357 13.723262548446653 9.7259216308593732 40.297304898500443 48.994068957865238 9.1028201654553396 19.678572729229927 126.78679274022579 17.819021686911586 87.565770737826824 10.983490146696566 2.970906786620616
leaf_count=1283 340 55 63 26 24 120 148 15 70 566 55 161 38 17
internal_value=-0.000120021 -0.00171587 -0.000998641 -0.00189077 -0.00120553 0.0117312 0.0168754 0.0353068 -0.00315742 -0.00419586 -0.000930117 -0.00224366 -0.0181234 0.0335918
internal_weight=937.414 874.779 861.185 840.992 827.269 108.12 98.3942 49.4001 719.149 699.47 572.684 551.894 98.5493 20.7899
internal_count=2981 2641 2586 2523 2497 307 283 135 2190 2120 1554 1482 199 72
is_linear=0
shrinkage=0.04


Tree=93
num_leaves=15
num_cat=0
split_feature=252 2 314 50 25 155 150 105 188 250 250 127 313 263
split_gain=19.1943 16.4451 16.3893 13.8596 20.6719 13.5907 22.7739 22.089 24.2728 18.8415 18.6663 22.6629 19.9753 27.1048
threshold=0.0012500000302679839 0.01200000010430813 0.75309213995933544 0.0012500000302679839 0.0054500000551342973 0.0035500000230968003 0.0012500000302679839 0.0012500000302679839 0.011149999685585501 0.0018500000005587938 0.0013499999768100681 0.0011500000255182388 0.0028499999316409235 0.0038499999791383748
decision_type=2 2 2 2 2 2 2 2 2 2 2 2 2 2
left_child=1 2 3 4 5 7 -7 10 -9 -8 12 -12 13 -1
right_child=-2 -3 -4 -5 -6 6 9 8 -10 -11 11 -13 -14 -15
leaf_value=-0.011377451604619481 0.021313084042386111 -0.045592596940488568 0.034746657888620566 -0.013085635011898616 0.027575782860762288 0.066663033821645706 0.019515266239446202 -0.0244815185473343 0.043955043288431049 -0.041823142851550074 0.015377922044554647 -0.046005503722245766 -0.021551330630096482 0.015927809611863117
leaf_weight=127.32216472923756 62.280302703380585 13.323672171682118 19.972391344606876 144.57144559174776 42.333812408149242 11.864325806498526 31.793187282979488 103.16456881165504 8.8868422061204893 10.586251460015772 155.97011264041066 10.132003411650656 84.941547971218824 106.88090619444847
leaf_count=491 340 55 63 622 131 24 126 323 36 27 329 13 122 279
internal_value=-0.00011696 -0.00165485 -0.000962997 -0.00182244 0.000520073 -0.00123569 0.0179055 -0.0029834 -0.0189838 0.00403657 0.000706256 0.0115841 -0.00494457 0.00106798
internal_weight=934.024 871.743 858.42 838.447 693.876 651.542 54.2438 597.298 112.051 42.3794 485.247 166.102 319.145 234.203
internal_count=2981 2641 2586 2523 1901 1770 177 1593 359 153 1234 342 892 770
is_linear=0
shrinkage=0.04


Tree=94
num_leaves=15
num_cat=0
split_feature=231 245 271 314 113 231 159 194 275 180 1 93 105 253
split_gain=14.2651 18.4823 19.6212 25.6701 20.3083 19.8031 17.7987 16.9474 14.2266 13.6144 12.8429 12.6429 15.9455 20.791
threshold=1.0000000180025095e-35 0.016549999825656418 0.0041499999351799497 0.076376106590032591 0.018000000156462196 0.0014499999815598132 0.0034500000765547161 0.0022500000195577745 0.002549999975599349 0.0030500000575557355 0.0015499999863095584 0.0015499999863095584 0.0013499999768100681 0.0051500000990927228
decision_type=2 2 2 2 2 2 2 2 2 2 2 2 2 2
left_child=9 2 3 5 -4 8 -5 -3 -2 10 11 12 13 -1
right_child=1 7 4 6 -6 -7 -8 -9 -10 -11 -12 -13 -14 -15
leaf_value=-0.0038986710427374419 0.079974573114625594 -0.0091566867299675107 -0.038066380747999465 0.053547519542192799 0.088643679632176356 -0.034162113050893443 0.013621508732066757 0.061788074338641731 -0.021562239472969816 0.042894791080488298 0.03530696790244113 0.066935244829420523 -0.014023089949632868 0.020430616565364445
leaf_weight=427.66903091594577 5.3684572055935877 83.666786652058363 14.46816671267152 45.791661206632853 2.2400996834039679 16.653121493756771 29.908661685883999 5.6499265283346167 3.5594731047749519 10.184437207877634 13.311662435531614 3.8698710054159156 203.10176022350788 64.588050935417414
leaf_count=1237 14 261 30 139 7 53 133 17 12 44 54 15 786 179
internal_value=-0.000113798 0.00912887 0.0195202 0.0261612 -0.0204139 -0.00832875 0.0378646 -0.0045601 0.0392594 -0.00277139 -0.00343565 -0.00418388 -0.004595 -0.000694849
internal_weight=930.031 207.306 117.99 101.281 16.7083 25.5811 75.7003 89.3167 8.92793 722.725 712.54 699.229 695.359 492.257
internal_count=2981 666 388 351 37 79 272 278 26 2315 2271 2217 2202 1416
is_linear=0
shrinkage=0.04


Tree=95
num_leaves=15
num_cat=0
split_feature=303 239 239 239 275 179 225 281 211 123 278 263 275 150
split_gain=19.5969 14.086 28.4095 21.3691 23.1051 35.5899 18.9285 18.2783 19.0991 15.1371 12.3328 11.9818 17.4458 29.4037
threshold=0.0045499999541789302 0.041149999946355827 0.075649999082088484 0.015250000171363355 1.0000000180025095e-35 0.0001499999962106813 0.015150000341236593 0.0011500000255182388 0.007849999703466894 0.0071000000461936006 0.0012500000302679839 0.0015499999863095584 0.0012500000302679839 0.0057500000111758718
decision_type=2 2 2 2 2 2 2 2 2 2 2 2 2 2
left_child=1 3 7 11 6 -6 -5 -3 -9 10 -4 -1 13 -13
right_child=-2 2 9 4 5 -7 -8 8 -10 -11 -12 12 -14 -15
leaf_value=-0.011895288446309263 0.035475257377845029 -0.044051473875188395 -0.009565813481420998 -0.035206105561735153 0.05445859419347282 0.0019944793951229335 0.038057089463124895 0.051510099797559578 -0.024379363306007807 -0.032257446504673958 0.045123612292364938 0.023187388876609406 -0.0023093332695490873 -0.036482967210552213
leaf_weight=133.14646995812654 25.015808533877134 45.355790197849274 9.5838600844144839 19.422100827097896 41.542375214397907 41.45571706071496 7.8020947873592368 7.5058403387665775 17.428105879575014 8.6826055720448476 20.132862418889999 99.916893444955349 412.19433392211795 15.087440729141234
leaf_count=458 173 60 35 48 93 149 18 18 46 21 83 303 1380 67
internal_value=0.000634814 -0.000355807 -0.0138332 0.00154154 0.0178396 0.028336 -0.014001 -0.0289522 -0.00126015 0.0137416 0.0273788 -0.00117509 0.0015265 0.0152996
internal_weight=904.272 879.256 108.689 770.567 110.222 82.9981 27.2242 70.2897 24.9339 38.3993 29.7167 660.345 527.199 115.004
internal_count=2952 2779 263 2516 308 242 66 124 64 139 118 2208 1750 370
is_linear=0
shrinkage=0.04


Tree=96
num_leaves=15
num_cat=0
split_feature=303 39 239 239 263 50 239 275 278 179 99 314 124 62
split_gain=18.4113 13.4119 14.1287 26.3706 19.3013 18.6969 19.0084 30.1837 19.1309 15.7472 14.8903 14.9813 14.2994 13.7423
threshold=0.0045499999541789302 0.0011500000255182388 0.041149999946355827 0.075649999082088484 0.0015499999863095584 0.0014499999815598132 0.015250000171363355 1.0000000180025095e-35 0.0011500000255182388 0.0001499999962106813 0.0035500000230968003 0.0056896661408245572 1.0000000180025095e-35 0.0015499999863095584
decision_type=2 2 2 2 2 2 2 2 2 2 2 2 2 2
left_child=1 2 4 -4 10 6 13 8 -8 -9 11 -1 -5 -6
right_child=-2 -3 3 12 5 -7 7 9 -10 -11 -12 -13 -14 -15
leaf_value=0.021401383983105801 0.034693075205449973 -0.040053943260012458 -0.028088428167915753 0.043106377941535351 0.0039991402164317865 -0.0095288649425238157 -0.033731486148030794 0.055813352855708924 0.044589457384000442 0.014042087359639775 0.076866816681228689 -0.018917750873578856 -0.0067482168462139423 0.06337534473733715
leaf_weight=16.777451112866402 24.568060304969549 13.30178392678499 68.870836406946182 15.317218858748673 416.751548897475 113.25757428631186 17.850579380989078 38.982532486319542 6.7857816219329825 23.504886604845524 2.8627705276012412 113.20080346614122 22.524923421442509 6.243593029677867
leaf_count=64 173 86 123 67 1237 496 42 83 14 84 7 385 72 19
internal_value=0.000610954 -0.000343936 0.000268116 -0.0133446 0.00219587 0.00515052 0.00841873 0.0254325 -0.0119042 0.0402124 -0.0116327 -0.0136702 0.0133862 0.00489978
internal_weight=900.8 876.232 862.931 106.713 756.218 623.376 510.119 87.1238 24.6364 62.4874 132.841 129.978 37.8421 422.995
internal_count=2952 2779 2693 262 2431 1975 1479 223 56 167 456 449 139 1256
is_linear=0
shrinkage=0.04


Tree=97
num_leaves=15
num_cat=0
split_feature=303 39 230 263 225 201 271 300 250 225 30 50 250 254
split_gain=17.2874 12.6201 13.2067 13.3073 19.0754 19.9946 26.5159 19.5212 20.0899 18.4386 14.9195 14.6873 14.5192 14.1294
threshold=0.0045499999541789302 0.0011500000255182388 1.0000000180025095e-35 0.0015499999863095584 0.0052499999292194852 0.0048500001430511483 0.0010500000207684936 0.0068500000052154073 0.0011500000255182388 0.0062500000931322583 0.0011500000255182388 0.0016499999910593035 0.0099999997764825838 0.014750000089406969
decision_type=2 2 2 2 2 2 2 2 2 2 2 2 2 2
left_child=1 2 3 12 5 7 10 8 -5 -6 13 -9 -1 -7
right_child=-2 -3 -4 4 9 6 -8 11 -10 -11 -12 -13 -14 -15
leaf_value=-0.01563374598308219 0.033912637944540691 -0.039228664986284134 0.037449892533295441 -2.3146875012474178e-05 -0.032257742630421901 -0.03883946655630946 0.082026337918656544 0.050077881510758038 0.047683502915906666 -9.1477098293115528e-05 0.097672191241737302 -0.028875653508532162 0.039370639031791006 0.042087801161600824
leaf_weight=121.98551594465971 24.139217015355825 13.045692026615141 14.912958055734633 67.861908949911594 30.092608246952295 28.959574446082115 4.1754873245954505 39.95881050825119 17.680026009678841 517.36905437707901 1.4426201432943333 4.0302942842245093 8.0625760927796346 3.7880031913518897
leaf_count=439 173 86 62 222 75 152 13 119 50 1503 5 26 13 14
internal_value=0.00058977 -0.000330449 0.000259237 -0.000396426 0.0017389 0.0135323 -0.0117416 0.0210523 0.00983444 -0.00187245 -0.0235155 0.0427043 -0.0121653 -0.029257
internal_weight=897.504 873.365 860.319 845.406 715.358 167.897 38.3657 129.531 85.5419 547.462 34.1902 43.9891 130.048 32.7476
internal_count=2952 2779 2693 2631 2179 601 184 417 272 1578 171 145 452 166
is_linear=0
shrinkage=0.04


Tree=98
num_leaves=15
num_cat=0
split_feature=303 39 230 93 233 271 0 273 113 179 277 109 201 253
split_gain=16.226 11.8735 12.2393 11.3218 13.7472 21.6183 16.4147 13.9177 12.5076 19.8508 19.5531 17.9515 20.3996 21.601
threshold=0.0045499999541789302 0.0011500000255182388 1.0000000180025095e-35 0.0015499999863095584 0.02055000048130751 0.0015499999863095584 1.0000000180025095e-35 0.0014499999815598132 0.0010500000207684936 0.0020500000100582842 0.0015499999863095584 1.0000000180025095e-35 0.075850002467632308 0.0022500000195577745
decision_type=2 2 2 2 2 2 2 2 2 2 2 2 2 2
left_child=1 2 3 4 6 -6 7 8 9 11 -10 -1 13 -13
right_child=-2 -3 -4 -5 5 -7 -8 -9 10 -11 -12 12 -14 -15
leaf_value=0.003235480386931785 0.033134594064781732 -0.038417797142569307 0.03613906216190859 0.068787174914428734 -0.045084284625462372 0.064039117879261739 0.051639144969892248 0.045986855951072769 -0.032229889638532225 0.031818460697716822 0.0004069094583160076 -0.029088279860123772 0.037045509588729583 0.0036659080068907352
leaf_weight=493.24494187161326 23.728578701615334 12.795423921197651 14.840834751725195 3.668230600655078 21.172177664935592 3.2471568658947936 9.7023440822958928 10.098861265927551 49.327765136957169 31.932726509869099 71.791183993220329 86.808235228061676 12.042213924229143 50.83908312022686
leaf_count=1435 173 86 62 13 66 12 29 36 272 101 238 259 33 137
internal_value=0.00056736 -0.000318457 0.000248998 -0.000381652 -0.000696544 -0.0302085 0.000185542 -0.00043514 -0.00103483 0.00108447 -0.0128676 -0.000440491 -0.012574 -0.0169678
internal_weight=895.24 871.511 858.716 843.875 840.207 24.4193 815.787 806.085 795.986 674.867 121.119 642.934 149.69 137.647
internal_count=2952 2779 2693 2631 2618 78 2540 2511 2475 1965 510 1864 429 396
is_linear=0
shrinkage=0.04


Tree=99
num_leaves=15
num_cat=0
split_feature=263 159 202 6 179 214 254 254 201 218 178 124 182 99
split_gain=12.7053 15.9337 16.6591 24.7231 19.9934 21.3244 20.8721 26.1291 17.8189 14.9041 14.8069 14.6382 13.657 13.5378
threshold=0.0015499999863095584 0.0072500000242143878 0.0016499999910593035 0.002650000038556755 0.0001499999962106813 0.0085500003769993799 0.0020500000100582842 0.0013499999768100681 0.27214999496936804 0.0010500000207684936 0.015099999960511925 1.0000000180025095e-35 0.0022500000195577745 0.0035500000230968003
decision_type=2 2 2 2 2 2 2 2 2 2 2 2 2 2
left_child=13 2 4 10 6 9 7 11 -5 -6 -4 -2 -11 -1
right_child=1 -3 3 8 5 -7 -8 -9 -10 12 -12 -13 -14 -15
leaf_value=-0.012883028978598507 0.0067355588244197642 -0.0049342099737106548 0.048260731437821919 -0.026867877350477753 -0.023010229893250769 0.012561071838406329 0.037214830186388118 -0.040696491037549722 0.065970694224907658 0.049697826585264407 -0.037293863777703475 0.045119060993238751 -0.018150119573047425 0.073506939603180041
leaf_weight=128.67509867995977 155.29561909288168 284.91821452975273 42.892951231449842 17.823443241417412 94.702000953257084 62.148506954312325 41.849427461624146 17.292811401188374 3.9445722848176947 9.4178910963237303 3.37467087060213 17.690489299595356 9.2814843803644163 2.8586349785327902
leaf_count=456 393 1089 150 49 263 224 140 33 9 35 8 59 37 7
internal_value=0.000547583 0.00253719 0.00702052 0.0253398 0.00394802 -0.00622126 0.0116553 0.00599615 -0.00963698 -0.016552 0.0418673 0.0107078 0.0158911 -0.0109207
internal_weight=892.166 760.632 475.714 68.0356 407.678 175.55 232.128 190.279 21.768 113.401 46.2676 172.986 18.6994 131.534
internal_count=2952 2489 1400 216 1184 559 625 485 58 335 158 452 72 463
is_linear=0
shrinkage=0.04


Tree=100
num_leaves=15
num_cat=0
split_feature=184 97 172 194 194 313 253 150 263 109 222 316 134 253
split_gain=11.9508 10.7477 10.4733 9.50636 13.8594 9.7041 11.1195 15.8923 22.5701 9.67991 22.5388 15.9899 13.6857 14.9992
threshold=0.0010500000207684936 0.0014499999815598132 0.007299999939277769 0.056149998679757125 0.027700000442564491 0.12770000100135806 0.015399999916553499 0.0017499999958090486 0.051199998706579215 0.0016499999910593035 0.0011500000255182388 0.0085259536281228083 0.0014499999815598132 0.002549999975599349
decision_type=2 2 2 2 2 2 2 2 2 2 2 2 2 2
left_child=1 2 3 4 5 6 9 -8 -9 10 11 12 13 -1
right_child=-2 -3 -4 -5 -6 -7 7 8 -10 -11 -12 -13 -14 -15
leaf_value=0.0052864707953474014 0.044765165384950213 -0.036128012233365439 0.045563671008974724 0.050423417736712155 -0.044181148050777976 -0.034214736128227854 0.046730281633435247 -0.04549593096676597 0.038161660504158243 -0.0086387001004856329 0.032075549739760366 0.042969128458347189 -0.018400944484228843 -0.010853673699194525
leaf_weight=431.61359885334969 9.9335253871977311 12.291662044823168 8.4039393961429578 6.0709437765181056 10.82041612267494 12.12042637914419 20.555950231850147 10.055932551622393 10.375767163932322 146.94009268656373 39.229553673416376 13.989888895303009 59.129399418830872 116.925925668329
leaf_count=1329 103 67 27 22 16 34 71 18 35 509 133 56 222 271
internal_value=0.00134432 0.00085491 0.00137638 0.000943651 0.000588741 0.00116113 0.00167495 0.0219769 -0.00283858 0.000637328 0.00270678 0.000842181 -0.000128004 0.00183742
internal_weight=908.457 898.523 886.232 877.828 871.757 860.937 848.816 40.9876 20.4317 807.828 660.888 621.659 607.669 548.54
internal_count=2913 2810 2743 2716 2694 2678 2644 124 53 2520 2011 1878 1822 1600
is_linear=0
shrinkage=0.04


Tree=101
num_leaves=15
num_cat=0
split_feature=301 287 287 239 105 278 239 314 101 253 231 174 188 94
split_gain=12.4627 14.1056 18.9761 19.2714 18.7181 17.9082 15.4184 20.3559 16.5079 15.4951 14.908 14.3809 12.9709 12.9336
threshold=0.0038499999791383748 0.013050000183284284 0.011450000107288362 0.031099999323487285 0.0014499999815598132 0.0012500000302679839 0.010250000283122064 0.073421470820903792 0.0011500000255182388 0.0089499996975064295 0.0014499999815598132 0.0019500000635161998 0.0027499999850988392 0.0015499999863095584
decision_type=2 2 2 2 2 2 2 2 2 2 2 2 2 2
left_child=1 2 3 6 -4 -5 9 12 -9 13 11 -3 -8 -1
right_child=-2 10 4 5 -6 -7 7 8 -10 -11 -12 -13 -14 -15
leaf_value=0.0042802635189561119 0.036246661300611292 -0.012838273018228753 0.069682448922842102 -0.040217784232076614 -0.018466657786971829 0.03246362598683171 -0.02881896881892167 0.046106630473112552 -0.0060246472843218648 -0.036181292657566561 0.01384819916238474 0.038530061893567287 0.062181203799704481 -0.046860560277456116
leaf_weight=458.26256364583969 15.938684262335299 225.86423586308956 13.062579885125162 27.84847167134285 5.3096094653010359 6.5892508774995795 15.635165959596636 41.943416230380535 12.443707808852194 16.277594178915024 46.695363283157349 8.9392225593328458 2.864861771464347 7.9410134106874457
leaf_count=1634 205 554 29 53 22 10 44 101 41 44 136 28 6 6
internal_value=0.0012956 0.00066095 0.00409151 0.00283345 0.0440285 -0.0261415 0.00464174 0.0217819 0.0341165 0.00204016 -0.00673539 -0.01085 -0.0142533 0.00339072
internal_weight=905.616 889.677 608.178 589.806 18.3722 34.4377 555.368 72.8872 54.3871 482.481 281.499 234.803 18.5 466.204
internal_count=2913 2708 1990 1939 51 63 1876 192 142 1684 718 582 50 1640
is_linear=0
shrinkage=0.04


Tree=102
num_leaves=15
num_cat=0
split_feature=301 287 275 225 287 239 105 278 287 220 102 176 182 260
split_gain=11.9154 13.0234 18.0831 20.4429 17.5222 18.035 17.306 16.8756 14.9306 23.4327 22.3482 17.7689 16.9804 16.7707
threshold=0.0038499999791383748 0.013050000183284284 0.022349999286234382 0.0055499998852610597 0.011450000107288362 0.031099999323487285 0.0014499999815598132 0.0012500000302679839 0.0034500000765547161 0.0012500000302679839 0.0028499999316409235 0.0097000002861022967 0.0098999999463558214 0.02094999980181456
decision_type=2 2 2 2 2 2 2 2 2 2 2 2 2 2
left_child=1 4 3 -3 5 8 -6 -7 9 13 11 12 -10 -1
right_child=-2 2 -4 -5 6 7 -8 -9 10 -11 -12 -13 -14 -15
leaf_value=-0.0040185753551066541 0.036001889550269908 0.027387495870294831 0.011050741283146499 -0.016263361559792973 0.067037051296078995 -0.039481660291715279 -0.01776912361900173 0.031454851386585631 0.028034934734783523 0.060337297237003817 -0.0048737044126534517 -0.031569692992521367 -0.05321696577712505 0.061014011655251783
leaf_weight=318.03453456610441 15.416416728869079 18.700049921870232 70.238267909735441 191.78038418292999 13.039308771491052 27.247114092111588 5.3014136105775824 6.5329130589961997 130.91276170313358 9.6122972592711431 76.71177339181304 9.1925706118345243 4.1263174116611472 6.3686127439141265
leaf_count=1170 205 76 226 416 29 53 22 10 346 36 271 28 8 17
internal_value=0.00124706 0.000635061 -0.00648263 -0.0123551 0.00393345 0.00272311 0.0423434 -0.0255924 0.00445816 -0.000867239 0.0125238 0.0218016 0.025485 -0.00271113
internal_weight=903.215 887.798 280.719 210.48 607.08 588.739 18.3407 33.78 554.959 334.015 220.943 144.232 135.039 324.403
internal_count=2913 2708 718 492 1990 1939 51 63 1876 1223 653 382 354 1187
is_linear=0
shrinkage=0.04


Tree=103
num_leaves=15
num_cat=0
split_feature=301 287 275 225 287 239 278 178 239 102 287 169 281 227
split_gain=11.3904 12.0253 16.7214 18.9019 16.1947 16.8767 15.9032 14.5042 14.92 16.0601 22.3087 22.0313 19.603 18.1078
threshold=0.0038499999791383748 0.013050000183284284 0.022349999286234382 0.0055499998852610597 0.011450000107288362 0.031099999323487285 0.0012500000302679839 0.016599999740719799 0.010250000283122064 0.0012500000302679839 0.0034500000765547161 0.0015499999863095584 0.0015499999863095584 0.0039500000420957812
decision_type=2 2 2 2 2 2 2 2 2 2 2 2 2 2
left_child=1 4 3 -3 5 7 -7 8 9 10 13 -11 -12 -1
right_child=-2 2 -4 -5 -6 6 -8 -9 -10 11 12 -13 -14 -15
leaf_value=0.0026965567680090571 0.035754103072008665 0.026290464722986375 0.010608801192901427 -0.015683353853227215 0.040751801743054504 -0.038757976853368958 0.030478915153670117 0.06221213747488049 0.020529326362299802 -0.01789669490293104 0.030919748473340128 0.01540832332783044 -0.024112136382343014 -0.042328608962091216
leaf_weight=209.49223283678293 14.913205200806258 18.705198898911476 70.241761989891529 190.93911023437977 18.296439960598946 26.659483499825001 6.4767690300941458 6.7382664978504172 71.850834645330906 120.98714301735163 75.736829072237015 42.879666969180107 11.835888072848318 15.235565587878225
leaf_count=715 205 76 226 416 51 53 10 19 191 485 198 185 33 50
internal_value=0.00119977 0.000609714 -0.00624136 -0.0119085 0.00378006 0.00261588 -0.0250537 0.00428004 0.00354921 0.000974841 0.00630313 -0.00915316 0.0234173 -0.000355631
internal_weight=900.988 886.075 279.886 209.644 606.189 587.893 33.1363 554.756 548.018 476.167 312.301 163.867 87.5727 224.728
internal_count=2913 2708 718 492 1990 1939 63 1876 1857 1666 996 670 231 765
is_linear=0
shrinkage=0.04


Tree=104
num_leaves=15
num_cat=0
split_feature=184 97 172 287 220 239 287 275 155 316 260 314 250 307
split_gain=10.9877 9.85996 9.62294 9.23762 17.3179 18.7592 18.0558 27.2813 16.5622 15.6139 16.1296 16.3737 17.7903 15.2511
threshold=0.0010500000207684936 0.0014499999815598132 0.007299999939277769 0.013050000183284284 0.0013499999768100681 0.035200001671910293 0.0034500000765547161 0.0034500000765547161 0.0010500000207684936 0.0077331701759248981 0.02094999980181456 0.0095197907648980635 1.0000000180025095e-35 1.0000000180025095e-35
decision_type=2 2 2 2 2 2 2 2 2 2 2 2 2 2
left_child=1 2 3 4 5 6 9 8 -8 10 11 12 13 -1
right_child=-2 -3 -4 -5 -6 -7 7 -9 -10 -11 -12 -13 -14 -15
leaf_value=0.0018162831609594443 0.044481091749027632 -0.035310301424233081 0.043791647047751299 -0.0053437991550966471 0.025905063327872291 -0.033242937179141591 0.035276332230550732 -0.00067968728573121224 -0.017617305256944316 0.052897450754771633 0.057976250307871603 -0.009333537070155825 0.078307572005529749 0.14794353884205355
leaf_weight=37.849943168461323 9.171812638640402 11.895462241023777 8.3077918440103513 270.81537440419197 50.692463647574186 23.698825288563967 78.708708744496107 111.55507918447256 10.597499705851076 7.7519341707229605 6.4308766201138488 263.64527554064989 6.3394097611308089 1.0809530317783345
leaf_count=138 103 67 27 753 149 53 204 338 34 22 17 995 10 3
internal_value=0.00115497 0.000698712 0.00119539 0.000778652 0.0035568 0.00147655 0.00306059 0.0124787 0.0289423 -0.00278404 -0.00418183 -0.0055071 0.0166606 0.00634477
internal_weight=898.541 889.37 877.474 869.166 598.351 547.659 523.96 200.861 89.3062 323.098 315.346 308.916 45.2703 38.9309
internal_count=2913 2810 2743 2716 1963 1814 1761 576 238 1185 1163 1146 151 141
is_linear=0
shrinkage=0.04


Tree=105
num_leaves=15
num_cat=0
split_feature=184 314 216 263 250 223 213 204 214 316 263 223 159 202
split_gain=11.4517 9.80567 15.5971 13.6233 21.5663 12.8515 12.5665 22.8036 21.3225 23.1427 16.3447 18.2583 17.8107 23.5847
threshold=0.0010500000207684936 0.0095197907648980635 0.0066499998793005952 0.0015499999863095584 0.0099999997764825838 0.0022500000195577745 0.0012500000302679839 0.0040500001050531873 0.0068500000052154073 0.00079990501399151992 0.063700001686811461 0.002650000038556755 0.015150000341236593 0.0071499999612569818
decision_type=2 2 2 2 2 2 2 2 2 2 2 2 2 2
left_child=1 2 -1 4 5 -3 10 8 -8 -10 11 12 13 -5
right_child=-2 3 -4 6 -6 -7 7 -9 9 -11 -12 -13 -14 -15
leaf_value=0.023356459776472223 0.043760715269408772 -0.024297695675307703 -0.053529742084109259 0.0041547734067207747 0.057625228421452776 0.12847983120291764 -0.019658336386546554 0.027907006062809329 0.039138005767245555 -0.0089129707308907343 0.042885937793661552 -0.03313910473153274 -0.015269197607279185 0.050773373843850833
leaf_weight=41.433015204966068 8.5678067393600923 86.781816571950912 4.5781261399388304 338.37378069758415 5.570125848054885 0.78428550064563651 175.54893440753222 25.036719392985106 22.986301224678755 52.225004725158215 15.324230872094629 23.634966373443604 71.658714588731527 18.231182418763638
leaf_count=158 101 312 4 989 12 3 477 111 70 190 49 38 373 47
internal_value=-0.00196868 -0.00242225 0.01552 -0.00341608 -0.0178329 -0.0227387 -0.00160142 -0.00837376 -0.0120218 0.00575187 0.0023886 0.000997269 0.00289782 0.0065629
internal_weight=890.735 882.167 46.0111 836.156 93.1362 87.5661 743.02 275.797 250.76 75.2113 467.223 451.899 428.264 356.605
internal_count=2934 2833 162 2671 327 315 2344 848 737 260 1496 1447 1409 1036
is_linear=0
shrinkage=0.04


Tree=106
num_leaves=15
num_cat=0
split_feature=184 314 225 30 150 211 263 250 300 223 244 108 250 250
split_gain=10.9228 8.99517 14.392 17.7171 14.1071 15.7806 12.7388 20.2091 14.806 11.447 11.1558 10.5472 9.94496 19.3571
threshold=0.0010500000207684936 0.0095197907648980635 0.0022500000195577745 0.0014499999815598132 1.0000000180025095e-35 1.0000000180025095e-35 0.0015499999863095584 0.0099999997764825838 0.0010500000207684936 0.0022500000195577745 0.017749999649822715 0.002549999975599349 0.0018500000005587938 0.0035500000230968003
decision_type=2 2 2 2 2 2 2 2 2 2 2 2 2 2
left_child=1 2 3 4 5 -1 7 9 -8 10 11 12 -3 -14
right_child=-2 6 -4 -5 -6 -7 8 -9 -10 -11 -12 -13 13 -15
leaf_value=0.052674666871464472 0.043561423972111206 -0.037678598929003104 -0.050095374117739823 -0.052569648185850783 -0.018225559105474132 -0.04771212183013477 0.031987952734766519 0.05639053634644059 -0.0024989026568390709 0.11595886897322003 0.11053051244222976 0.10401564685240455 0.025218838878574783 -0.036685426222889748
leaf_weight=27.332650773227218 8.2692091893404704 51.442452631890774 4.7679569944739333 4.372884936630725 7.1932983398437491 2.6382493227720252 20.373567596077919 5.4686483740806571 720.65899340808392 0.84369288384914298 0.8728867769241323 0.89073933660983939 14.366827666759489 18.124841973185539
leaf_count=80 101 264 21 4 43 14 69 12 2275 3 3 3 25 17
internal_value=-0.00189582 -0.00233275 0.0147922 0.022439 0.0314896 0.0435756 -0.00329111 -0.0173245 -0.00154115 -0.0220885 -0.0236278 -0.025184 -0.0267248 -0.00919712
internal_weight=887.617 879.348 46.305 41.5371 37.1642 29.9709 833.043 92.0101 741.033 86.5414 85.6977 84.8249 83.9341 32.4917
internal_count=2934 2833 162 141 137 94 2671 327 2344 315 312 309 306 42
is_linear=0
shrinkage=0.04


Tree=107
num_leaves=15
num_cat=0
split_feature=184 90 212 213 204 214 179 167 204 211 202 254 201 194
split_gain=10.4197 9.00982 12.7593 10.42 19.4915 20.0135 19.7432 15.8949 13.4816 13.1887 12.488 20.4087 14.4026 19.0243
threshold=0.0010500000207684936 0.0040500001050531873 1.0000000180025095e-35 0.0012500000302679839 0.0040500001050531873 0.0068500000052154073 0.00074999997741542767 1.0000000180025095e-35 0.0017499999958090486 0.021249999292194847 0.0028499999316409235 0.0013499999768100681 0.0050500000361353168 0.0010500000207684936
decision_type=2 2 2 2 2 2 2 2 2 2 2 2 2 2
left_child=1 2 3 7 5 8 -7 9 -5 10 12 -12 13 -1
right_child=-2 -3 -4 4 -6 6 -8 -9 -10 -11 11 -13 -14 -15
leaf_value=-0.0017963207216147568 0.043366547431691806 -0.014926195765982968 0.045295307787816742 -0.015064654094845711 0.027322092536193918 0.032365799805588159 -0.013492092848169868 0.032933796166558664 -0.047706301087705731 0.041715526868095695 -0.0059718127078733129 0.039674868311382075 -0.01879291923413617 0.045062845695336418
leaf_weight=368.89119863882661 7.9803934451192609 81.276160441339016 9.329701002687214 119.66540369018912 21.52463510632515 26.706014204770327 33.947954479604959 24.383472960442305 24.546455178409815 11.745250426232813 32.592732656747103 29.821754474192858 78.903967328369617 14.303440332412718
leaf_count=1128 101 307 55 330 83 92 100 68 35 40 141 97 304 53
internal_value=-0.0018247 -0.00224508 -0.000944119 -0.00150302 -0.00874635 -0.012567 0.00665339 0.00141578 -0.0206775 -1.57433e-05 -0.000965616 0.0158028 -0.00324207 -2.54805e-05
internal_weight=885.619 877.638 796.362 787.032 226.39 204.866 60.654 560.642 144.212 536.258 524.513 62.4145 462.099 383.195
internal_count=2934 2833 2526 2471 640 557 192 1831 365 1763 1723 238 1485 1181
is_linear=0
shrinkage=0.04


Tree=108
num_leaves=15
num_cat=0
split_feature=301 112 219 213 214 205 263 316 223 225 225 123 120 159
split_gain=9.5335 10.1762 11.9125 14.6464 19.7749 19.1847 17.8171 17.7407 15.4185 13.193 25.7843 19.4649 13.3829 12.6757
threshold=0.0038499999791383748 0.003249999950639904 0.0013499999768100681 0.0012500000302679839 0.0068500000052154073 0.0013499999768100681 0.064449999481439604 0.0011995750246569516 0.002650000038556755 0.0062500000931322583 0.0049499999731779107 0.0037500000325962905 0.083450000733137145 0.018949999473989013
decision_type=2 2 2 2 2 2 2 2 2 2 2 2 2 2
left_child=1 2 3 5 -5 6 8 -6 13 10 -4 12 -11 -1
right_child=-2 -3 9 4 7 -7 -8 -9 -10 11 -12 -13 -14 -15
leaf_value=0.00045209295599138471 0.030275632720761812 -0.036371587134747474 0.030734333510557797 -0.021685524192910352 0.032889406089111742 0.035474963452824117 0.046971823297686142 -0.010497632985220171 -0.039720860544783736 0.0438713612865618 -0.04096670647506772 -0.023328030634181155 -0.0049509940784897349 -0.021925674933020473
leaf_weight=465.49162977933884 14.50260475464165 13.714710667729376 14.270245186984537 132.14710094034672 23.562992803752422 23.108729731291533 11.678051687777041 41.308794841170311 17.369144201278687 39.82845825701952 18.007620707154274 12.000802174210547 11.382982254028319 44.230773519724607
leaf_count=1449 212 89 57 304 67 76 36 121 24 126 19 33 46 275
internal_value=-0.00175713 -0.00230031 -0.00174452 -0.00342438 -0.0128059 -0.000126011 -0.00166672 0.00522638 -0.00276063 0.0115538 -0.00914667 0.0221849 0.032953 -0.00148579
internal_weight=882.605 868.102 854.387 758.897 197.019 561.878 538.77 64.8718 527.092 95.4901 32.2779 63.2122 51.2114 509.722
internal_count=2934 2722 2633 2352 492 1860 1784 188 1748 281 76 205 172 1724
is_linear=0
shrinkage=0.04


Tree=109
num_leaves=15
num_cat=0
split_feature=39 225 25 201 313 313 216 225 211 201 201 314 179 315
split_gain=9.04997 10.3947 16.7951 15.3209 13.9576 16.7 16.4942 13.7997 13.1938 12.2702 12.1728 12.0507 23.1007 15.7028
threshold=0.003249999950639904 0.0016499999910593035 0.0016499999910593035 0.023049999959766868 0.003249999950639904 0.0021499999566003685 0.011549999937415125 0.0014499999815598132 1.0000000180025095e-35 0.002549999975599349 0.0018500000005587938 0.026864267885684971 0.00025000000459840527 0.006690799957141281
decision_type=2 2 2 2 2 2 2 2 2 2 2 2 2 2
left_child=1 2 3 4 5 6 8 -4 9 10 -1 12 -3 -14
right_child=-2 11 7 -5 -6 -7 -8 -9 -10 -11 -12 -13 13 -15
leaf_value=0.027488768240597945 -0.047653068337347317 -0.02968041859102015 -0.018625299773213609 0.12332371224977859 0.056973207659691542 -0.052592788500517379 -0.05237204519843694 0.055475391628170535 -0.033082878994255153 -0.033926408351583739 0.096245334298076413 -0.001580521376986332 0.065672083062616224 -0.058536129669903084
leaf_weight=44.59401598572731 6.7074270844459525 54.646367847919464 39.072595428675413 2.1307089291512957 11.731992840766905 6.1225248053669921 5.0827072188258162 4.3639236018061629 6.1210776939988127 4.5042326822876921 4.5379697382450095 680.16453602164984 7.2515175640583021 1.9749020710587499
leaf_count=156 54 193 168 7 49 10 5 16 33 23 10 2188 15 7
internal_value=-0.00169448 -0.00133108 0.00917332 0.0195403 0.0166722 0.0098823 0.015915 -0.0109784 0.0218678 0.0282633 0.0341032 -0.00314826 -0.0197516 0.038314
internal_weight=879.006 872.299 128.262 84.8252 82.6945 70.9625 64.84 43.4365 59.7573 53.6362 49.132 744.037 63.8728 9.22642
internal_count=2934 2880 477 293 286 237 227 184 222 189 166 2403 215 22
is_linear=0
shrinkage=0.04


Tree=110
num_leaves=15
num_cat=0
split_feature=250 300 109 316 169 74 239 253 123 214 253 244 150 250
split_gain=21.5024 29.2789 14.0582 21.9976 17.4368 13.5733 13.1338 12.4124 12.1126 14.9366 17.5024 13.5696 11.855 11.6263
threshold=0.0049499999731779107 0.0058500000741332778 0.0016499999910593035 0.0077331701759248981 0.00335000001359731 1.0000000180025095e-35 0.0019500000635161998 0.018699999898672107 0.0015499999863095584 0.0056499999482184657 0.0040500001050531873 0.0012500000302679839 0.011450000107288362 0.0013499999768100681
decision_type=2 2 2 2 2 2 2 2 2 2 2 2 2 2
left_child=2 -2 3 5 7 13 -3 -4 9 10 11 -8 -12 -1
right_child=1 6 4 -5 -6 -7 8 -9 -10 -11 12 -13 -14 -15
leaf_value=-0.0021862851271713286 0.057018702135514791 -0.047242251683599953 -0.024719453772991798 0.050814424322318676 0.030717713609942954 -0.051327129500074842 0.064680192008248205 0.015895307830697883 -0.034063957385534235 0.038284825443845219 0.050708613166762832 -0.02698949745296159 -0.054560332809381905 0.011255094318074697
leaf_weight=477.8500253893435 23.696371633559465 6.5124931633472434 90.43754106014967 13.848101587966083 12.32439488917589 8.0295750051736814 2.7670316100120571 13.691498612985013 8.2743357438594085 29.792283007875085 12.658246688544748 24.768639497458935 1.8577969148755062 131.0812560711056
leaf_count=1634 57 23 385 83 48 7 5 33 42 130 60 51 8 387
internal_value=0.00121704 0.0176948 -0.00121246 0.00113966 -0.0139779 1.01362e-05 0.006839 -0.0193307 0.0113383 0.016663 0.00119528 -0.0174322 0.0366813 0.000701971
internal_weight=857.59 110.327 747.262 630.809 116.453 616.961 86.6308 104.129 80.1183 71.844 42.0517 27.5357 14.516 608.931
internal_count=2953 376 2577 2111 466 2028 319 418 296 254 124 56 68 2021
is_linear=0
shrinkage=0.04


Tree=111
num_leaves=15
num_cat=0
split_feature=250 300 109 316 169 74 239 105 214 253 253 169 211 250
split_gain=20.1191 27.2831 13.0553 20.8865 16.1484 12.876 12.387 15.0647 13.5485 13.3057 11.5714 11.2169 10.8421 10.7022
threshold=0.0049499999731779107 0.0058500000741332778 0.0016499999910593035 0.0077331701759248981 0.00335000001359731 1.0000000180025095e-35 0.0019500000635161998 0.0038499999791383748 0.0056499999482184657 0.0040500001050531873 0.018699999898672107 0.0049499999731779107 0.011649999767541887 0.0013499999768100681
decision_type=2 2 2 2 2 2 2 2 2 2 2 2 2 2
left_child=2 -2 3 5 10 13 -3 8 9 -8 -4 -6 -9 -1
right_child=1 6 4 -5 11 -7 7 12 -10 -11 -12 -13 -14 -15
leaf_value=-0.0021004886125087245 0.055413263914200338 -0.046503163229266196 -0.02397481184684562 0.050182662723352991 0.098910128779204756 -0.050685574177499255 -0.015201736173973157 0.014965278663131921 0.04371854172457991 0.034435933313575133 0.01530809032062222 0.0081014987248124379 -0.04572292259935333 0.010789349566763702
leaf_weight=477.48522341996431 23.416174652054906 6.3561286255717269 89.538253616541624 13.470457771793006 2.7683519273996344 7.81163665652275 21.05230100825429 8.0256802365183848 24.515916295349598 14.463960502296684 13.652678865939377 9.6212281584739667 10.922978691756724 131.27042411454022
leaf_count=1634 57 23 385 83 7 7 45 28 115 71 33 41 37 387
internal_value=0.00117358 0.0172399 -0.00116644 0.00109537 -0.0135206 8.48636e-06 0.00666589 0.0110487 0.0208897 0.00494077 -0.018729 0.0293417 -0.0198649 0.000673787
internal_weight=854.371 108.753 745.618 630.038 115.581 616.567 85.337 78.9808 60.0322 35.5163 103.191 12.3896 18.9487 608.756
internal_count=2953 376 2577 2111 466 2028 319 296 231 116 418 48 65 2021
is_linear=0
shrinkage=0.04


Tree=112
num_leaves=15
num_cat=0
split_feature=250 300 109 316 169 74 105 182 213 135 214 250 90 155
split_gain=18.8071 25.4682 12.1151 19.8357 14.9712 12.2218 11.5319 16.7825 11.9473 10.2568 13.3194 12.681 26.9929 14.2397
threshold=0.0049499999731779107 0.0058500000741332778 0.0016499999910593035 0.0077331701759248981 0.00335000001359731 1.0000000180025095e-35 0.0038499999791383748 0.0015499999863095584 0.0021499999566003685 0.0010500000207684936 0.017400000244379047 0.0013499999768100681 0.0027499999850988392 0.0095500000752508658
decision_type=2 2 2 2 2 2 2 2 2 2 2 2 2 2
left_child=2 -2 3 5 -4 9 7 -3 -8 11 -11 -1 -13 -14
right_child=1 6 4 -5 -6 -7 8 -9 -10 10 -12 12 13 -15
leaf_value=-0.0015527176271421584 0.053892325111246392 -0.0011381795381097781 -0.018142760367065941 0.049568831551929947 0.02804012198778686 -0.0500801592375354 0.039155326850629953 0.04074823481733713 -0.03659372528844921 -0.04721175598508362 0.055374395987123216 0.021792564696241985 -0.040047794601967786 0.034600750764762052
leaf_weight=466.33143434487283 23.122727805748582 40.249208755791187 102.27881096117198 13.100516693666576 12.46296878159046 7.5954111292958251 4.1094541475176838 24.416364373639226 15.397711519151924 13.082544609904287 2.2722907662391654 102.18181167915463 19.701964937150482 5.0136496797204009
leaf_count=1577 57 106 418 83 48 7 15 141 57 57 8 314 46 19
internal_value=0.00113192 0.0167819 -0.00112155 0.00105278 -0.0130716 6.91806e-06 0.00648819 0.014654 -0.0203138 0.000646725 -0.0315116 0.00149101 0.0127002 -0.0246655
internal_weight=851.317 107.295 744.021 629.28 114.742 616.179 84.1727 64.6656 19.5072 608.584 15.3548 593.229 126.897 24.7156
internal_count=2953 376 2577 2111 466 2028 319 247 72 2021 65 1956 379 65
is_linear=0
shrinkage=0.04


Tree=113
num_leaves=15
num_cat=0
split_feature=250 102 249 144 33 4 155 222 109 316 317 314 275 271
split_gain=17.5117 20.5723 21.1845 13.5662 11.2946 13.4173 11.6239 15.5681 14.2551 16.7081 14.8601 14.6252 21.4557 15.2876
threshold=0.0049499999731779107 0.0028499999316409235 0.003249999950639904 0.0010500000207684936 0.002549999975599349 0.0011500000255182388 0.0064499999862164268 0.0012500000302679839 0.0016499999910593035 0.0077331701759248981 0.97112515568733226 0.32262948155403143 0.0074499999172985562 0.0036499999696388845
decision_type=2 2 2 2 2 2 2 2 2 2 2 2 2 2
left_child=4 2 3 -2 5 6 8 -8 9 11 -10 12 -1 -14
right_child=1 -3 -4 -5 -6 -7 7 -9 10 -11 -12 -13 13 -15
leaf_value=-0.0012131921947462518 0.049718147313421945 -0.0027154164549445838 -0.019522777125738428 -0.032472646233065408 -0.033047577322855043 0.04556905109296653 0.021064878420135932 -0.038093492252108063 -0.02494133650830424 0.048171701524893404 0.020863406630386865 -0.014919105926864764 0.036066631115191497 -0.030190575290739714
leaf_weight=396.90995262935758 43.909448657184839 48.930857183411717 10.145441206172107 3.3389286808669558 17.174443449825048 9.9528442770242673 63.038972668349743 7.8874210063368073 72.691286649554968 11.038499178364871 13.247937202453612 102.62852858193219 41.300565324723721 6.2946039140224448
leaf_count=1258 146 181 34 15 126 37 256 19 284 73 53 305 149 17
internal_value=0.00109074 0.0162673 0.032497 0.0437691 -0.00108 -0.000312745 -0.000963265 0.0143854 -0.00266157 -0.000318097 -0.0178178 -0.00131232 0.0018229 0.0271751
internal_weight=848.49 106.325 57.3938 47.2484 742.165 724.991 715.038 70.9264 644.111 558.172 85.9392 547.134 444.505 47.5952
internal_count=2953 376 195 161 2577 2451 2414 275 2139 1802 337 1729 1424 166
is_linear=0
shrinkage=0.04


Tree=114
num_leaves=15
num_cat=0
split_feature=250 300 263 127 33 300 109 316 245 231 314 239 232 314
split_gain=16.256 22.8398 11.46 18.0269 10.5852 13.153 12.4902 17.4845 15.4501 17.5773 21.1542 16.9938 15.0939 14.0221
threshold=0.0049499999731779107 0.010049999691545965 0.0066499998793005952 1.0000000180025095e-35 0.002549999975599349 0.47034999728202825 0.0015499999863095584 0.0077331701759248981 0.016549999825656418 1.0000000180025095e-35 0.059731507673859603 0.053249999880790717 0.0014499999815598132 0.034183282405138023
decision_type=2 2 2 2 2 2 2 2 2 2 2 2 2 2
left_child=4 -2 -3 -4 5 6 7 8 9 -1 13 -12 -10 -11
right_child=1 2 3 -5 -6 -7 -8 -9 12 10 11 -13 -14 -15
leaf_value=-0.00080382815029421168 0.045297221673353177 -0.024640881231433945 0.035219438400867234 -0.0090336921827242917 -0.03222664263594132 0.029281384785475057 -0.013713169133514684 0.048612300187782599 -0.028828808853319524 0.032590694158011559 0.041443388502333617 -0.027108161007877753 0.049723482935601339 -0.048540525775155795
leaf_weight=464.20781396888196 29.869332410395145 17.134744375944138 28.471953550353646 30.115389827638865 16.915329270064831 23.164333805441856 109.20871225558221 11.988743614405392 43.514172956347466 5.0378614887595168 46.240206664428115 6.4684534911066285 4.1748758703470221 9.8624624833464605
leaf_count=1503 84 32 152 108 126 78 441 77 132 19 142 15 12 32
internal_value=0.00104909 0.0157267 0.00396523 0.0124274 -0.0010395 -0.000300845 -0.00128854 0.00100061 5.05808e-07 0.00196474 0.0210061 0.0329195 -0.0217787 -0.0208087
internal_weight=846.374 105.591 75.7221 58.5873 740.783 723.868 700.703 591.495 579.506 531.817 67.609 52.7087 47.689 14.9003
internal_count=2953 376 292 260 2577 2451 2373 1932 1855 1711 208 157 144 51
is_linear=0
shrinkage=0.04


Tree=115
num_leaves=15
num_cat=0
split_feature=75 227 257 90 219 213 253 214 316 239 239 2 121 300
split_gain=12.104 13.6524 11.1366 12.7588 14.5051 16.428 19.9751 18.1034 25.8463 14.1813 16.9937 13.9283 16.9019 13.1573
threshold=0.002650000038556755 0.016350000165402893 0.00045000000682193791 0.0045499999541789302 0.0013499999768100681 0.0012500000302679839 0.0091500002890825289 0.0068500000052154073 0.0025980904465541248 0.044849999248981483 0.035200001671910293 0.0030500000575557355 1.0000000180025095e-35 0.039750000461936004
decision_type=2 2 2 2 2 2 2 2 2 2 2 2 2 2
left_child=1 2 3 4 5 13 7 11 -9 10 -6 12 -7 -1
right_child=-2 -3 -4 -5 9 6 -8 8 -10 -11 -12 -13 -14 -15
leaf_value=-0.00098646371651265534 -0.024582695472372143 0.030852282705010583 0.037294675179156363 -0.020867236022964235 0.016769717773862731 -0.033362453702366325 0.030450498950257941 0.032345803341432285 -0.027976842493696651 0.04465146703572824 -0.035452024376764632 0.018579477961845864 0.035209103347747961 0.016501575139360462
leaf_weight=424.43665075674653 32.54764524102211 22.582105791196227 12.117620483040808 49.349886095151305 49.665296824648976 98.891643555834889 15.752588594332336 24.763310914859176 20.799452941864729 20.566886754706502 12.341562896966932 10.496572829782961 5.9704398177564135 81.987355403602123
leaf_count=1439 88 93 79 192 185 201 66 85 48 114 21 47 18 262
internal_value=-0.000680772 0.000232843 -0.000601905 -0.00117476 9.18166e-05 -0.00181787 -0.0123194 -0.0165473 0.00471989 0.0159214 0.00627099 -0.0249786 -0.0293903 0.00183956
internal_weight=882.269 849.721 827.139 815.022 765.672 683.098 176.674 160.921 45.5628 82.5737 62.0069 115.359 104.862 506.424
internal_count=2938 2850 2757 2678 2486 2166 465 399 133 320 206 266 219 1701
is_linear=0
shrinkage=0.04


Tree=116
num_leaves=15
num_cat=0
split_feature=75 227 254 250 90 219 225 213 275 211 225 124 116 253
split_gain=11.2422 12.663 10.8909 12.826 10.7564 15.6299 19.5372 19.4615 19.5064 19.2277 17.0244 15.8789 18.0702 16.9432
threshold=0.002650000038556755 0.016350000165402893 0.059149999171495445 0.0012500000302679839 0.0045499999541789302 0.0013499999768100681 0.0076500000432133683 0.0012500000302679839 0.039349999278783805 0.016549999825656418 0.0043500000610947618 0.0045499999541789302 0.0010500000207684936 0.0027499999850988392
decision_type=2 2 2 2 2 2 2 2 2 2 2 2 2 2
left_child=1 2 4 -4 5 7 10 9 -9 11 -7 12 13 -1
right_child=-2 -3 3 -5 -6 6 -8 8 -10 -11 -12 -13 -14 -15
leaf_value=0.0039309881217865278 -0.023774861126679165 0.02980130908919422 0.034888279855758805 -0.011952327601391532 -0.019887137945477303 0.023087070691831503 0.030838952255058359 -0.019266987579724563 0.02738102559937217 0.039295382855222612 -0.035909535632416563 -0.022989941206644545 0.034458406915148843 -0.017364472449522456
leaf_weight=326.49761947244406 32.31562127918005 22.449605980888009 27.924918008968234 13.818809665739535 48.432750932872295 14.201393007300796 52.136009231209755 144.40163742564619 15.768976308405398 20.443310465663671 17.094131359830499 44.346284586936235 25.883403852581978 73.070009969174862
leaf_count=1093 88 93 110 66 190 62 245 357 63 60 31 240 79 161
internal_value=-0.000655767 0.00022483 -0.000579617 0.0192951 -0.00164761 -0.000435832 0.0158461 -0.00253266 -0.0146353 0.0014155 -0.00902218 -0.000232344 0.00213521 2.32512e-05
internal_weight=878.784 846.469 824.019 41.7437 782.276 733.843 83.4315 650.411 160.171 490.241 31.2955 469.797 425.451 399.568
internal_count=2938 2850 2757 176 2581 2391 338 2053 420 1633 93 1573 1333 1254
is_linear=0
shrinkage=0.04


Tree=117
num_leaves=15
num_cat=0
split_feature=75 227 257 90 212 121 239 254 316 254 102 224 205 113
split_gain=10.4391 11.7454 10.5526 11.0655 14.3582 12.6273 17.0018 12.6047 15.9948 13.1093 12.1688 11.8308 11.5573 13.668
threshold=0.002650000038556755 0.016350000165402893 0.00045000000682193791 0.0045499999541789302 1.0000000180025095e-35 1.0000000180025095e-35 0.0016499999910593035 0.0068500000052154073 0.002597815822809935 0.0074499999172985562 0.0074499999172985562 0.048049999400973327 0.0031500000040978198 0.0013499999768100681
decision_type=2 2 2 2 2 2 2 2 2 2 2 2 2 2
left_child=1 2 3 4 5 7 -7 12 9 -9 -8 -5 13 -1
right_child=-2 -3 -4 11 -6 6 10 8 -10 -11 -12 -13 -14 -15
leaf_value=-0.0033729381482890692 -0.022988715441877205 0.028785363119100366 0.036640327435370143 -0.025306580369412544 0.046412716608959993 -0.046829628939930812 0.048290617781108811 0.071019594651428625 -0.02059530679296747 0.011062366422978791 -0.01520840033159079 0.047656102255429843 0.033380382509276489 -0.02521542982713566
leaf_weight=496.61156064458191 32.091940224170685 22.318494863808155 11.917180689983068 45.076526809483767 10.448492821305988 4.6060059554874888 22.764786049723629 6.0575315840542308 25.525616619735956 126.02783671021461 5.9588626883923999 3.7333668917417517 12.453783037140964 50.514565519988537
leaf_count=1449 88 93 79 182 76 18 59 19 76 472 32 10 57 228
internal_value=-0.000631775 0.000216186 -0.000558337 -0.00111517 6.49451e-05 -0.000581061 0.0234411 -0.00170612 0.00827343 0.013894 0.0349716 -0.019558 -0.00452508 -0.00540114
internal_weight=876.107 844.015 821.696 809.779 760.969 750.521 33.3297 717.191 157.611 132.085 28.7236 48.8099 559.58 547.126
internal_count=2938 2850 2757 2678 2486 2410 109 2301 567 491 91 192 1734 1677
is_linear=0
shrinkage=0.04


Tree=118
num_leaves=15
num_cat=0
split_feature=75 309 180 254 254 176 201 121 90 219 213 176 182 308
split_gain=9.69229 10.5084 9.53812 8.81698 15.021 12.6947 12.5423 11.1573 17.6941 13.8494 15.8937 14.9826 17.265 14.7523
threshold=0.002650000038556755 0.00045000000682193791 0.0018500000005587938 0.0068500000052154073 0.0074499999172985562 0.077449999749660506 0.057150000706315048 1.0000000180025095e-35 0.0028499999316409235 0.0021499999566003685 0.0013499999768100681 1.0000000180025095e-35 0.0017499999958090486 1.0000000180025095e-35
decision_type=2 2 2 2 2 2 2 2 2 2 2 2 2 2
left_child=1 3 -2 7 -5 6 -6 9 -9 10 11 12 -1 -12
right_child=2 -3 -4 4 5 -7 -8 8 -10 -11 13 -13 -14 -15
leaf_value=-0.00087281645192377249 -0.035177894082034242 0.04814705409418913 0.014295584796001461 0.057763051710110938 0.0032250088664382511 -0.034154068439808428 0.034661214077261568 0.040383936611936129 -0.0063434776707796993 0.014367097354055903 -0.025949644594290666 -0.014540430223014112 0.032635871972063739 0.019391075885197569
leaf_weight=290.48599716089666 23.613538749516014 7.1540514267981044 8.2628584802150709 8.9816627353429777 136.90863165259361 12.224616598337887 23.8371098684147 24.12663871049881 27.585064290091395 59.477843312546611 89.287775475531816 121.80599779635668 26.761381771415472 12.996546288020907
leaf_count=919 64 61 24 28 575 25 94 73 99 229 206 397 87 57
internal_value=-0.000607426 0.000209077 -0.0222239 -0.000202825 0.00757581 0.00491481 0.00793023 -0.00237879 0.0154164 -0.00391938 -0.00593822 -0.00261765 0.0019506 -0.0201361
internal_weight=873.51 841.633 31.8764 834.479 181.952 172.97 160.746 652.527 51.7117 600.816 541.338 439.053 317.247 102.284
internal_count=2938 2850 88 2789 722 694 669 2067 172 1895 1666 1403 1006 263
is_linear=0
shrinkage=0.04


Tree=119
num_leaves=15
num_cat=0
split_feature=75 227 254 250 317 254 155 90 212 273 121 219 225 30
split_gain=9.04187 10.6168 9.52795 11.4293 9.80399 9.70579 9.35511 9.14476 14.1714 12.0697 12.0144 11.9928 16.3342 18.0363
threshold=0.002650000038556755 0.016350000165402893 0.059149999171495445 0.0012500000302679839 0.99186411499977123 0.052550001069903381 0.0012500000302679839 0.0045499999541789302 1.0000000180025095e-35 0.0010500000207684936 1.0000000180025095e-35 0.0013499999768100681 0.0076500000432133683 0.0011500000255182388
decision_type=2 2 2 2 2 2 2 2 2 2 2 2 2 2
left_child=1 2 5 4 6 7 -4 8 10 -9 11 -1 13 -13
right_child=-2 -3 3 -5 -6 -7 -8 9 -10 -11 -12 12 -14 -15
leaf_value=-0.0036869714112382568 -0.021586112846686874 0.027516364221922541 0.048373197386401799 -0.011675659522297273 -0.045666767631139631 -0.04858418835916474 -0.025357679182224886 -0.025863772739317649 0.045645849788643195 0.035455984972825767 0.023234283635829911 -0.018490352349334889 0.028779851402869733 0.096218209013475636
leaf_weight=605.32841136772186 31.512204520404339 22.072545832023025 22.917315568774946 13.686626367270945 2.2247448042035094 6.8585613146424285 2.9896149579435578 41.108839442953467 10.621448327787219 5.7280489671975365 31.956645086407661 27.679814239963893 44.229388643056154 2.2752257585525504
leaf_count=1922 88 93 78 66 14 26 18 159 88 26 103 79 173 5
internal_value=-0.000584083 0.000201815 -0.000533969 0.0180337 0.0326198 -0.0015422 0.0396462 -0.00111114 0 -0.0182197 -0.000686805 -0.00182092 0.0133362 -0.00935346
internal_weight=871.189 839.677 817.605 41.8183 28.1317 775.786 25.9069 768.928 722.091 46.8369 711.469 679.513 74.1844 29.955
internal_count=2938 2850 2757 176 110 2581 96 2555 2370 185 2282 2179 257 84
is_linear=0
shrinkage=0.04


Tree=120
num_leaves=15
num_cat=0
split_feature=278 159 24 159 220 140 218 159 105 125 123 303 315 205
split_gain=10.4206 15.3502 10.6464 15.2777 11.4137 10.5196 11.5264 14.8379 9.87242 10.8066 14.8807 10.3658 16.7338 15.3777
threshold=0.0027499999850988392 0.014349999837577345 0.0012500000302679839 0.028150000609457496 0.34510000050067907 0.0019000000320374968 0.0011500000255182388 0.0020500000100582842 0.0559499990195036 0.0050000001210719356 0.0046500000171363362 0.0010500000207684936 0.021771729923784736 0.0031500000040978198
decision_type=2 2 2 2 2 2 2 2 2 2 2 2 2 2
left_child=8 5 3 -3 -5 6 7 -2 9 11 -11 -1 13 -13
right_child=1 2 -4 4 -6 -7 -8 -9 -10 10 -12 12 -14 -15
leaf_value=0.00053218545751428992 0.050398364982907909 -0.026722502647206624 -0.048818716268289604 0.028394079973812273 -0.047920658674600873 -0.044650654685230044 0.047792440460708331 -0.027973131516050721 -0.042938763105357172 0.093626602528693509 -0.023063273322623229 -0.028887677518279316 0.0067486874916214022 0.061093583214773678
leaf_weight=614.61582837812603 6.5992948152124873 16.671682294458151 6.7954652328044167 29.174965413287282 3.3857906907796851 2.8285275250673285 29.773434282280505 9.00182957947254 9.0096323341131193 4.3131066486239424 2.7650761269032955 66.586573503911495 43.512406256049871 3.0653714761137953
leaf_count=2114 22 33 23 120 16 2 196 15 72 12 23 116 175 9
internal_value=0.000112896 0.0119559 -0.00222019 0.00421656 0.0202137 0.0284866 0.0332219 0.0050332 -0.00154256 -0.00102381 0.0477985 -0.00151064 -0.0126316 -0.0247884
internal_weight=848.099 104.231 56.0279 49.2324 32.5608 48.2031 45.3746 15.6011 743.868 734.858 7.07818 727.78 113.164 69.6519
internal_count=2948 427 192 169 136 235 233 37 2521 2449 35 2414 300 125
is_linear=0
shrinkage=0.04


Tree=121
num_leaves=15
num_cat=0
split_feature=134 227 263 159 179 201 244 6 125 208 313 263 111 314
split_gain=11.3965 14.2705 12.2306 13.1334 11.9936 16.4436 15.2107 18.4527 17.1994 18.3513 17.0912 15.87 22.187 14.4949
threshold=0.0011500000255182388 0.018450000323355201 0.072350002825260176 0.47249999642372137 0.000650000001769513 0.020750000141561035 0.0065500000491738328 0.0023500000825151805 0.0030500000575557355 0.0042000000830739745 0.0070500001311302194 0.014849999919533731 0.0010500000207684936 0.076376106590032591
decision_type=2 2 2 2 2 2 2 2 2 2 2 2 2 2
left_child=1 4 -2 -4 6 -6 7 -1 9 -9 13 -12 -13 -8
right_child=2 -3 3 -5 5 -7 10 8 -10 -11 11 12 -14 -15
leaf_value=0.001411396860921472 -0.019199634345813767 0.050333215412866908 0.028291897475187212 -0.042843561179224283 -0.023997422158915843 0.014726879235091542 -0.0056280614649567131 -0.041578193710476379 0.04925072174677686 0.059944933430337966 -0.041423751133003388 0.022016658739966805 -0.02277180376235222 0.025435550283260607
leaf_weight=357.84688828792423 84.296239096671343 9.5096450652927142 19.133782556280497 5.168234445154666 60.735518782399595 24.441983390599489 29.685250800102949 37.551252510398626 4.2850937619805327 2.9642127156257621 14.199797328561543 45.412530064582825 28.808745462447405 121.18856525793672
leaf_count=1100 351 36 75 29 206 82 109 192 21 11 32 215 95 394
internal_value=0.000108198 0.00189675 -0.0119774 0.0128862 0.00125094 -0.0128342 0.00312779 -0.00161047 -0.0257863 -0.0339227 0.0111146 -0.00280862 0.00457109 0.0192974
internal_weight=845.228 736.629 108.598 24.302 727.12 85.1775 641.942 402.647 44.8006 40.5155 239.295 88.4211 74.2213 150.874
internal_count=2948 2493 455 104 2457 288 2169 1324 224 203 845 342 310 503
is_linear=0
shrinkage=0.04


Tree=122
num_leaves=15
num_cat=0
split_feature=134 180 263 209 159 68 37 38 53 111 312 111 314 6
split_gain=10.5712 15.5389 11.3723 13.0575 10.6616 10.6023 9.95232 11.6655 11.3152 10.1822 16.8789 13.6948 13.2719 18.2846
threshold=0.0011500000255182388 0.0010500000207684936 0.06024999916553498 0.0055499998852610597 0.47249999642372137 0.042399998754262931 0.0016499999910593035 0.0011500000255182388 0.0012500000302679839 0.0016499999910593035 0.0020500000100582842 0.05334999971091748 0.47806255519390112 0.0061500000301748523
decision_type=2 2 2 2 2 2 2 2 2 2 2 2 2 2
left_child=6 2 3 -2 -4 -3 7 9 -9 10 12 -11 13 -1
right_child=1 5 4 -5 -6 -7 -8 8 -10 11 -12 -13 -14 -15
leaf_value=0.0018621809835737049 -0.027817251255874208 0.051547914680888728 0.02220695644762654 0.066425991149317826 -0.040765850469925528 -0.041741129723490408 -0.051428471345717902 0.092170309629349231 -0.017877085713777552 -0.018423463844124906 0.029788187899419529 0.051553510678788862 0.023946085651500006 -0.029410755122745335
leaf_weight=549.84971947409213 70.50179497897625 9.1703370697796327 18.012934390455488 2.3168416544795027 5.5186950713396064 2.3399377614259711 5.4666339941322795 4.3130797222256652 2.1350746192038059 60.822445499710739 36.15613607224077 4.708370726555585 40.029900878667831 31.532848808914423
leaf_count=1644 302 43 64 10 29 7 47 14 18 234 236 16 136 148
internal_value=0.000102631 -0.0115802 -0.0168608 -0.0246769 0.00715915 0.0320424 0.00182382 0.00223533 0.0554047 0.00174807 0.00325197 -0.0132638 0.00169701 0.000154364
internal_weight=842.875 107.861 96.3503 72.8186 23.5316 11.5103 735.014 729.548 6.44815 723.099 657.569 65.5308 621.412 581.383
internal_count=2948 455 405 312 93 50 2493 2446 32 2414 2164 250 1928 1792
is_linear=0
shrinkage=0.04


Tree=123
num_leaves=15
num_cat=0
split_feature=134 263 209 176 317 120 111 312 220 125 194 150 111 47
split_gain=9.83382 10.5979 10.6978 10.0315 9.50598 9.41531 8.8291 16.2759 17.9087 15.1813 13.8601 13.3407 12.7108 11.9697
threshold=0.0011500000255182388 0.072350002825260176 0.0055499998852610597 0.027350000105798248 0.78581997752189647 0.0023500000825151805 0.0016499999910593035 1.0000000180025095e-35 0.014650000259280207 0.00335000001359731 0.002549999975599349 0.021450000815093521 0.05334999971091748 0.0018500000005587938
decision_type=2 2 2 2 2 2 2 2 2 2 2 2 2 2
left_child=6 2 3 -2 -3 -5 7 8 11 -9 12 -1 13 -8
right_child=1 4 -4 5 -6 -7 10 9 -10 -11 -12 -13 -14 -15
leaf_value=0.00077291930278811625 -0.026666248261378707 -0.0139977810993845 0.039552383760990149 -0.024621916115506352 0.036144602910589033 0.05800331543716844 -0.030999991664637953 0.027419586781330007 0.03956740092201539 -0.032295049617412135 0.027639578682955381 -0.037085247504882013 0.039599551529894216 0.026941114010693358
leaf_weight=553.6771839056164 69.511238591745496 11.415795026347043 4.7270624339580527 4.048991993069647 12.499092720448969 4.5370649695396423 50.672406353056431 64.692184441722929 18.572308123111725 7.4686071127653113 12.070692811161278 15.203069958835838 5.2845966406166545 6.2753394097089759
leaf_count=1661 302 56 19 17 48 13 223 346 54 29 48 90 22 20
internal_value=9.81937e-05 -0.0112351 -0.0180229 -0.0216051 0.0120839 0.0187437 0.00175323 0.0032309 0.00102003 0.0211477 -0.0112975 -0.000238133 -0.0189461 -0.024509
internal_weight=840.656 106.739 82.8244 78.0973 23.9149 8.58606 733.916 659.613 587.453 72.1608 74.303 568.88 62.2323 56.9477
internal_count=2948 455 351 332 104 30 2493 2180 1805 375 313 1751 265 243
is_linear=0
shrinkage=0.04


Tree=124
num_leaves=15
num_cat=0
split_feature=134 227 179 201 316 244 6 125 168 59 224 275 225 6
split_gain=9.12044 13.3563 11.1962 15.3272 13.8983 13.7635 16.7937 15.7209 15.2607 12.8473 12.528 12.0441 20.5933 24.7532
threshold=0.0011500000255182388 0.018450000323355201 0.000650000001769513 0.020750000141561035 0.0020989500917494301 0.0065500000491738328 0.0023500000825151805 0.0030500000575557355 0.002650000038556755 1.0000000180025095e-35 0.063050001859664931 0.0015499999863095584 0.0027499999850988392 0.0020500000100582842
decision_type=2 2 2 2 2 2 2 2 2 2 2 2 2 2
left_child=1 2 5 10 -5 6 -1 8 -8 11 -4 12 -7 -14
right_child=-2 -3 3 4 -6 9 7 -9 -10 -11 -12 -13 13 -15
leaf_value=0.0012168330912803507 -0.010861285501324366 0.049004405953112208 -0.027544325175636823 0.047591949355549834 -0.012875458625963895 0.048285590045100454 -0.038071151061018327 0.046091721778999915 0.091028274045224761 -0.050493372953040593 0.058619443236946102 0.016194306525378212 -0.038646371074076702 0.047277675892243985
leaf_weight=357.35138091444969 105.99413600191474 9.3257654774934036 57.27977301646024 10.848102116957309 13.455395901575683 8.3394182547926885 37.853557649999857 4.3383876606822005 1.413776472210883 5.2784886322915545 2.7135432660579673 190.69005395285785 26.876965291798115 6.5693253055214873
leaf_count=1100 455 36 198 35 47 26 198 21 5 39 8 692 73 15
internal_value=9.45982e-05 0.00168702 0.00106447 -0.0126195 0.0140353 0.00287844 -0.0016347 -0.025044 -0.033102 0.0105038 -0.0234894 0.0119271 -0.00744286 -0.0215598
internal_weight=838.328 732.334 723.008 84.2968 24.3035 638.711 400.957 43.6057 39.2673 237.754 59.9933 232.476 41.7857 33.4463
internal_count=2948 2493 2457 288 82 2169 1324 224 203 845 206 806 114 88
is_linear=0
shrinkage=0.04


Tree=125
num_leaves=15
num_cat=0
split_feature=39 93 22 279 256 150 174 194 194 315 0 297 150 314
split_gain=8.91424 8.47356 11.4069 9.87074 13.5427 10.5924 8.60051 11.3301 12.4241 9.59219 9.03782 11.6803 11.313 19.8181
threshold=0.003249999950639904 0.0016499999910593035 0.0011500000255182388 0.015300000086426737 0.00025000000459840527 0.49485000967979437 0.0028499999316409235 0.027700000442564491 0.012450000271201135 0.18901748955249789 1.0000000180025095e-35 1.0000000180025095e-35 0.0010500000207684936 0.0086254593916237372
decision_type=2 2 2 2 2 2 2 2 2 2 2 2 2 2
left_child=1 2 3 6 5 -5 7 8 10 -9 11 12 13 -1
right_child=-2 -3 -4 4 -6 -7 -8 9 -10 -11 -12 -13 -14 -15
leaf_value=0.034983307164028629 -0.047432419138690965 0.069424084741750852 -0.050772713177569991 0.04739820615826594 -0.013806791395779233 -0.05053815797588803 0.033110979063607021 -0.050256944300660432 0.043226026297250732 0.025857032583576443 0.038864330977963185 -0.026185641944030277 -0.0074657796047167269 0.0011518982533980913
leaf_weight=29.447296552360058 6.1963339745998374 2.731370046734809 6.890841480344533 21.034704050049189 11.360336997546254 1.8083178400993336 11.982455862686036 12.512467980384825 10.297125376760958 3.2102782987058154 8.9747887002304179 28.876816418021917 235.01529328338802 450.121212573722
leaf_count=94 55 10 34 86 76 10 51 18 35 13 40 83 987 1370
internal_value=-1.17491e-05 0.000341308 0.000101258 0.000537324 0.0215452 0.0392845 -0.000369268 -0.000893941 -0.000193637 -0.034398 -0.000798818 -0.00128816 -0.000272915 0.00324447
internal_weight=840.46 834.263 831.532 824.641 34.2034 22.843 790.438 778.455 762.733 15.7227 752.435 743.461 714.584 479.569
internal_count=2962 2907 2897 2863 172 96 2691 2640 2609 31 2574 2534 2451 1464
is_linear=0
shrinkage=0.04


Tree=126
num_leaves=15
num_cat=0
split_feature=39 258 32 314 120 127 314 93 109 201 253 150 315 127
split_gain=8.49393 8.43787 8.52058 14.1494 11.1763 10.0813 9.41183 9.24423 8.62243 19.4625 15.0808 18.5657 15.9961 14.283
threshold=0.003249999950639904 0.0043500000610947618 0.0055499998852610597 0.065940275788307204 0.0011500000255182388 0.0021499999566003685 0.24284910410642627 0.0016499999910593035 1.0000000180025095e-35 0.067850001156330123 0.0022500000195577745 0.0013499999768100681 0.39348632097244268 0.016999999992549423
decision_type=2 2 2 2 2 2 2 2 2 2 2 2 2 2
left_child=1 2 7 -4 5 -5 -6 8 -1 10 12 -12 -10 -11
right_child=-2 -3 3 4 6 -7 -8 -9 9 13 11 -13 -14 -15
leaf_value=0.0012954840832410566 -0.047028317164659911 0.035566938956188288 -0.03621874259095538 0.051495061930331633 -0.046312323951961248 -0.046343035474654008 0.029257649294484427 0.072804011532244306 -0.024295641898655601 0.034732227551030594 0.021851022116099392 -0.018668839908631475 0.055006730672359623 -0.049873636867847716
leaf_weight=563.01415762212127 6.0043360367417327 10.632760503329335 6.3339999243617049 21.306293267756704 4.836437061429022 1.7095748856663693 5.5255507007241249 2.6004932075738898 113.64457968249917 23.723375920206312 36.384468708187342 35.757219981402159 4.0992325246334067 3.5619245469570151
leaf_count=1919 55 38 43 62 18 11 21 9 427 81 98 146 13 21
internal_value=-1.15946e-05 0.000328056 -0.000126897 0.0179192 0.0283898 0.0438857 -0.00573767 -0.00104969 -0.00131028 -0.0080816 -0.0126362 0.00171383 -0.0214565 0.0233996
internal_weight=839.134 833.13 822.497 39.7119 33.3779 23.0159 10.362 782.785 780.185 217.171 189.886 72.1417 117.744 27.2853
internal_count=2962 2907 2869 155 112 73 39 2714 2705 786 684 244 440 102
is_linear=0
shrinkage=0.04


Tree=127
num_leaves=15
num_cat=0
split_feature=39 224 180 230 180 47 67 120 231 244 271 150 15 250
split_gain=8.09566 7.83074 13.1884 12.8788 10.3843 10.3272 9.78807 13.8601 9.78881 15.1613 12.4451 10.0649 9.86942 13.4149
threshold=0.003249999950639904 0.0075499999802559623 1.0000000180025095e-35 0.0040499998722225436 0.0030500000575557355 0.017850000411272052 1.0000000180025095e-35 0.0023500000825151805 0.0043500000610947618 0.09704999998211862 0.0048500001430511483 0.0092500001192092913 0.003249999950639904 0.017400000244379047
decision_type=2 2 2 2 2 2 2 2 2 2 2 2 2 2
left_child=1 2 3 6 -3 -6 8 -8 12 10 11 -10 13 -1
right_child=-2 4 -4 -5 5 -7 7 -9 9 -11 -12 -13 -14 -15
leaf_value=-0.00068541111904981875 -0.04663952782851593 -0.025288614364330039 0.046233561915818573 0.047078921508153154 0.047471147685212912 -0.043532972521730981 -0.040318191666045076 0.025438247405754462 0.037810378334953633 -0.018812949602209729 -0.030312514135095659 -0.01686511701143319 -0.045148541055417449 0.049669233903492808
leaf_weight=650.14163087587804 5.8168376795947543 36.852205188944936 10.200309600681065 9.3473868155851942 6.8269398212432844 2.6725805327296257 20.052317934110764 6.724246270954608 44.32602383941412 16.297590190544724 5.7255858853459349 5.9644072055816642 7.7496649250388137 8.4765786845236999
leaf_count=2242 55 114 73 49 36 8 79 25 143 40 17 30 16 35
internal_value=-1.18144e-05 0.000315189 0.00126404 0.000660965 -0.0156364 0.0212647 8.28321e-05 -0.0236231 0.000950648 0.01492 0.0248218 0.0312259 -0.000561305 -2.38201e-05
internal_weight=837.174 831.357 785.006 774.805 46.3517 9.49952 765.458 26.7766 738.681 72.3136 56.016 50.2904 666.368 658.618
internal_count=2962 2907 2749 2676 158 44 2627 104 2523 230 190 173 2293 2277
is_linear=0
shrinkage=0.04


Tree=128
num_leaves=15
num_cat=0
split_feature=39 174 224 180 2 109 180 67 120 258 239 253 253 179
split_gain=7.7182 7.66189 8.17807 12.6366 10.7932 16.8188 9.4271 9.27952 12.9195 9.70026 10.2541 21.4346 12.5291 18.5988
threshold=0.003249999950639904 0.0062499998603016147 0.0075499999802559623 1.0000000180025095e-35 0.0015499999863095584 0.0030500000575557355 0.0013499999768100681 1.0000000180025095e-35 0.0023500000825151805 0.0010500000207684936 0.0016499999910593035 0.0015499999863095584 1.0000000180025095e-35 1.0000000180025095e-35
decision_type=2 2 2 2 2 2 2 2 2 2 2 2 2 2
left_child=1 2 3 7 5 6 -4 9 -9 10 11 12 -1 -14
right_child=-2 -3 4 -5 -6 -7 -8 8 -10 -11 -12 -13 13 -15
leaf_value=-0.0059475141196051549 -0.046265075591901253 0.041312833068240309 -0.004795164749501867 0.045462480435600694 -0.043249612117954646 -0.037850425851263532 0.054423128900881031 -0.039119553566784877 0.024498416765258067 0.030111780012380886 0.0033736243236991079 -0.046780505038631688 0.070760850144886839 -0.024145904934312803
leaf_weight=166.8168079983443 5.6338688358664504 7.125948002561926 8.7553291078656965 9.9513657931238395 15.727719563059507 12.157085843384264 8.1208381205797178 19.847343456000093 6.7071085050702086 17.957548473030329 523.03700850903988 19.708937572315335 8.3460716605186445 5.2797186300158492
leaf_count=726 55 42 33 72 61 20 35 79 25 62 1629 75 24 24
internal_value=-1.19068e-05 0.000302942 -5.25122e-05 0.000900474 -0.0166634 -0.002025 0.0236179 0.000311781 -0.0228693 0.0011507 0.000421973 -0.00726915 -0.00290783 0.033787
internal_weight=835.173 829.539 822.413 777.652 44.761 29.0333 16.8762 767.701 26.5545 741.146 723.189 200.152 180.443 13.6258
internal_count=2962 2907 2865 2716 149 88 68 2644 104 2540 2478 849 774 48
is_linear=0
shrinkage=0.04


Tree=129
num_leaves=15
num_cat=0
split_feature=184 313 303 174 176 194 194 239 281 216 314 314 303 178
split_gain=7.66248 8.97627 8.50243 7.47639 9.21446 9.01978 10.686 9.99004 8.59458 8.26876 7.78661 11.9268 10.8643 12.6602
threshold=0.0010500000207684936 0.1176000013947487 0.0069500000681728133 0.0028499999316409235 0.18185000121593478 0.027700000442564491 0.012450000271201135 0.0061500000301748523 0.021750000305473808 0.026500000618398193 0.47806255519390112 0.62106588482856762 0.0010500000207684936 0.0034500000765547161
decision_type=2 2 2 2 2 2 2 2 2 2 2 2 2 2
left_child=1 2 3 5 -5 6 9 -8 -7 10 12 -12 13 -1
right_child=-2 -3 -4 4 -6 8 7 -9 -10 -11 11 -13 -14 -15
leaf_value=-0.00062531240338982897 0.043289224951757362 -0.035028116720884565 0.047868196680758465 0.043512630274127259 -0.06275383965951771 -0.044606305061912786 -0.01138444519317279 0.065776758745826391 0.029408063685972107 -0.048805844644190757 0.028726945702929756 -0.00080330090687885007 -0.014220411468964078 0.038441378071780247
leaf_weight=563.19342095404863 6.3861510939896098 11.678274990990756 5.8289931248873463 10.774339603260158 1.366375759243964 12.917743690311907 4.0324561521410924 7.3483140841126442 2.9677445739507666 5.5639406070113173 35.565009657293558 55.965948751196265 96.18708404712379 13.491005629301069
leaf_count=1999 102 48 57 45 4 21 17 21 10 17 129 202 234 56
internal_value=-1.24198e-05 -0.000356877 0.000139139 -0.000205529 0.0308111 -0.00068669 -7.30229e-05 0.0382274 -0.0304312 -0.000649222 -0.000287128 0.0106461 -0.00178168 0.000288188
internal_weight=833.267 826.881 815.202 809.373 12.1407 797.233 781.347 11.3808 15.8855 769.966 764.402 91.531 672.872 576.684
internal_count=2962 2860 2812 2755 49 2706 2675 38 31 2637 2620 331 2289 2055
is_linear=0
shrinkage=0.04


Tree=130
num_leaves=15
num_cat=0
split_feature=278 159 182 297 315 216 217 124 225 155 278 250 102 313
split_gain=12.252 17.1387 11.6848 10.7772 13.009 11.0192 12.6832 11.4345 10.0446 10.6591 9.60445 11.7441 24.8018 15.9173
threshold=0.002650000038556755 0.0020500000100582842 0.026449999772012237 1.0000000180025095e-35 0.54851427674293529 0.0019500000635161998 0.0015499999863095584 0.012050000019371511 0.039349999278783805 0.0065500000491738328 0.0023500000825151805 0.0081500001251697558 1.0000000180025095e-35 1.0000000180025095e-35
decision_type=2 2 2 2 2 2 2 2 2 2 2 2 2 2
left_child=2 -2 3 5 -5 6 10 -7 -3 -10 11 -1 -13 -14
right_child=1 8 -4 4 -6 7 -8 -9 9 -11 -12 12 13 -15
leaf_value=-0.00086764577376859456 0.044815619062701532 0.026238265093582545 -0.041934111406534122 -0.033044120746180045 0.036094683229063278 0.060682925056697402 -0.040614830466100295 -0.017263525992135823 -0.01770219846163807 0.020293477080667203 -0.031912150298797543 0.054875646872777163 -0.036708178992723391 0.025453364320026605
leaf_weight=612.17541766725481 21.304610583931208 23.115079442970455 11.388488326221703 29.76700939424336 4.9599545728415242 9.1593154706060869 12.520517017692326 4.3056324422359458 36.011014226824045 17.396734238602221 14.784627480432389 19.026497676968575 12.826982215046884 13.306642401963471
leaf_count=2163 151 86 44 90 19 29 22 24 124 77 24 52 21 46
internal_value=-0.000140756 0.0131547 -0.00189535 -0.00126204 -0.0229791 -0.000172866 -0.000885768 0.0355199 0.00424089 -0.00523615 -0.000133798 0.000579614 0.0202451 -0.0049281
internal_weight=842.049 97.8274 744.221 732.833 34.727 698.106 684.641 13.4649 76.5228 53.4077 672.12 657.336 45.1601 26.1336
internal_count=2972 438 2534 2490 109 2381 2328 53 287 201 2306 2282 119 67
is_linear=0
shrinkage=0.04


Tree=131
num_leaves=15
num_cat=0
split_feature=36 155 96 6 123 278 315 297 314 239 225 263 254 185
split_gain=11.938 21.5662 22.386 12.9812 13.2717 19.5743 13.7342 14.8431 15.3664 15.7793 21.6534 24.9177 23.7576 22.1434
threshold=1.0000000180025095e-35 0.0094499997794628161 0.0082499999552965182 0.013650000095367433 0.0015499999863095584 0.002650000038556755 0.32856853306293493 1.0000000180025095e-35 0.0076384320855140695 0.0016499999910593035 0.0053499999921768912 0.0079499999992549437 0.059149999171495445 1.0000000180025095e-35
decision_type=2 2 2 2 2 2 2 2 2 2 2 2 2 2
left_child=1 3 -3 4 5 6 7 8 -1 -10 11 -11 13 -12
right_child=-2 2 -4 -5 -6 -7 -8 -9 9 10 12 -13 -14 -15
leaf_value=0.027053216194195543 -0.015426350019969146 0.041364736920581707 -0.028038980604179833 -0.033732132931820029 -0.032452784257135589 0.023634311377354358 0.038952663594447295 -0.03384425743901736 -0.013507750285818704 0.0057055465801900363 -0.0092389323397435493 0.050516751489607138 0.039501214493491803 0.028709655559537698
leaf_weight=30.959266647696495 74.381728514097631 37.5221659950912 9.1208996847271901 18.080181911587715 18.912336492910981 58.000177571550012 13.604711484163998 21.832065593451262 139.35043746605515 70.206833047792315 272.96421888843179 27.743432335555553 19.617101915180683 26.902000289410353
leaf_count=112 445 142 35 73 71 281 66 58 547 238 682 97 61 64
internal_value=-0.000134994 0.00134875 0.0276765 -0.000359203 0.000501649 0.0014271 -0.000636798 -0.00153317 -0.000320603 -0.00185446 0.00202845 0.0184772 -0.00300627 -0.00581267
internal_weight=839.198 764.816 46.6431 718.173 700.093 681.18 623.18 609.575 587.743 556.784 417.434 97.9503 319.483 299.866
internal_count=2972 2527 177 2350 2277 2206 1925 1859 1801 1689 1142 335 807 746
is_linear=0
shrinkage=0.04


Tree=132
num_leaves=15
num_cat=0
split_feature=36 155 96 6 123 278 315 297 314 216 225 239 225 188
split_gain=11.0615 19.8679 20.771 12.1603 12.396 18.1637 12.8749 13.8473 14.0401 15.8241 14.7869 13.9288 18.9891 23.3393
threshold=1.0000000180025095e-35 0.0094499997794628161 0.0036499999696388845 0.013650000095367433 0.0015499999863095584 0.002650000038556755 0.32856853306293493 1.0000000180025095e-35 0.0076384320855140695 0.0019500000635161998 0.0017499999958090486 0.0016499999910593035 0.0053499999921768912 1.0000000180025095e-35
decision_type=2 2 2 2 2 2 2 2 2 2 2 2 2 2
left_child=1 3 -3 4 5 6 7 8 10 11 -1 -10 13 -13
right_child=-2 2 -4 -5 -6 -7 -8 -9 9 -11 -12 12 -14 -15
leaf_value=0.037706333656170397 -0.014888979969253488 0.045423823759926707 -0.010928970621829575 -0.032898163273451859 -0.031574625588910013 0.022840123437758604 0.038042986222569526 -0.032858115583098084 -0.013525975019625151 0.058921860975036988 -0.036888489056114894 0.0013098382707120704 -0.0035942276908978226 0.04208531383256766
leaf_weight=26.320143297314647 73.995262971147895 31.089678343385458 15.548627668991683 17.805151239037514 18.668601285666227 57.627465708181262 13.379820890724657 21.595665190368891 138.12889899499714 6.6809596996754399 4.9317703619599333 59.775557912886143 314.34982884675264 36.091903481632471
leaf_count=87 445 113 64 73 71 281 66 58 545 22 25 204 796 122
internal_value=-0.000130207 0.0012995 0.0265677 -0.000345783 0.000483987 0.00137598 -0.000611948 -0.00147547 -0.00030726 -0.00178475 0.0257271 -0.00254229 0.0011488 0.0167304
internal_weight=835.989 761.994 46.6383 715.356 697.551 678.882 621.255 607.875 586.279 555.027 31.2519 548.346 410.217 95.8675
internal_count=2972 2527 177 2350 2277 2206 1925 1859 1801 1689 112 1667 1122 326
is_linear=0
shrinkage=0.04


Tree=133
num_leaves=15
num_cat=0
split_feature=36 155 96 6 123 278 185 316 275 254 194 220 239 188
split_gain=10.2465 18.3169 19.4833 11.3885 11.5725 16.8522 12.9849 13.8402 14.7262 26.3103 18.1857 12.9281 14.2022 20.4208
threshold=1.0000000180025095e-35 0.0094499997794628161 0.0082499999552965182 0.013650000095367433 0.0015499999863095584 0.002650000038556755 1.0000000180025095e-35 0.0064397563692182311 0.0034500000765547161 0.059149999171495445 1.0000000180025095e-35 0.0031500000040978198 0.030650000087916855 1.0000000180025095e-35
decision_type=2 2 2 2 2 2 2 2 2 2 2 2 2 2
left_child=1 3 -3 4 5 6 7 8 10 -10 11 12 13 -1
right_child=-2 2 -4 -5 -6 -7 -8 -9 9 -11 -12 -13 -14 -15
leaf_value=-0.0027489404842045108 -0.01436813742311791 0.038209139971722206 -0.026807630020836241 -0.032079046670185227 -0.030707915636148383 0.022067068654801823 0.019038707294914962 0.035422351890970323 -0.017232262762731276 0.037956601826029786 0.034627135376611252 -0.047949800384128299 -0.021671032853401041 0.021543293503448496
leaf_weight=225.0344613455236 73.621838256716728 37.598351612687111 9.0171237923204881 17.537448033690453 18.435322701931 57.271312247030437 49.476021947339177 15.031004047952591 167.06062706746161 14.933562716469167 24.254326954483986 9.0834657028317434 41.75833347812295 73.252145100384951
leaf_count=787 445 142 35 73 71 281 130 71 497 56 77 14 78 215
internal_value=-0.000126047 0.00125051 0.0255165 -0.000333446 0.00046568 0.00132469 -0.000588509 -0.00230098 -0.00333534 -0.0126634 0.00120281 -0.00111701 0.000135978 0.00320847
internal_weight=833.365 759.744 46.6155 713.128 695.591 677.155 619.884 570.408 555.377 181.994 373.383 349.128 340.045 298.287
internal_count=2972 2527 177 2350 2277 2206 1925 1795 1724 553 1171 1094 1080 1002
is_linear=0
shrinkage=0.04


Tree=134
num_leaves=15
num_cat=0
split_feature=250 102 253 227 120 75 297 260 202 155 112 239 239 239
split_gain=9.67283 20.7705 13.8891 14.4176 14.1869 13.4643 10.2219 9.83307 9.14649 10.4053 14.3999 15.813 11.6344 15.3217
threshold=0.0049499999731779107 1.0000000180025095e-35 0.0041499999351799497 0.0063499999232590207 0.0061500000301748523 0.0047999999951571235 0.0013499999768100681 0.08819999918341638 0.059499999508261688 0.0061500000301748523 0.00335000001359731 0.049949999898672111 0.067949999123811736 0.04150000028312207
decision_type=2 2 2 2 2 2 2 2 2 2 2 2 2 2
left_child=7 6 3 -3 -4 -5 -2 8 9 12 11 -11 13 -1
right_child=1 2 4 5 -6 -7 -8 -9 -10 10 -12 -13 -14 -15
leaf_value=-0.0023836102614981898 0.040929805042062936 -0.031398408642092285 0.041726420107242701 0.03994252547133112 -0.03635267590193899 -0.034914441925386473 -0.029156001755950695 0.062936263369756218 -0.027590873382596044 0.028809087638414499 -0.048310886290304035 -0.016712779465239153 0.023294387257686188 -0.02763494007072493
leaf_weight=558.5065406607464 35.327056566253304 29.525866511277854 16.65115839056671 11.300906978547575 4.6507953330874434 5.6614670008420935 3.5361114321276537 3.632632737979292 21.797249214723706 51.708386164158583 5.5390864033251992 15.781402029097078 25.679936409927905 41.251125290989876
leaf_count=2018 132 75 95 28 28 6 10 12 77 213 47 56 102 73
internal_value=-0.000122755 0.0111124 -0.00220534 -0.0145097 0.0244025 0.0146652 0.0343917 -0.00178489 -0.00212555 -0.00132129 0.0129456 0.0180964 -0.00299536 -0.00413137
internal_weight=830.55 106.653 67.7902 46.4882 21.302 16.9624 38.8632 723.896 720.264 698.466 73.0289 67.4898 625.438 599.758
internal_count=2972 374 232 109 123 34 142 2598 2586 2509 316 269 2193 2091
is_linear=0
shrinkage=0.04


Tree=135
num_leaves=15
num_cat=0
split_feature=212 39 111 112 108 312 102 225 168 223 275 250 75 180
split_gain=8.44618 7.44335 9.14158 7.77638 10.4338 7.88769 12.5679 18.8394 8.02426 8.33766 12.4964 13.3236 11.0023 11.262
threshold=0.0017499999958090486 0.0011500000255182388 0.024149999953806404 0.00335000001359731 0.037649998441338546 0.0024500000290572648 0.0050500000361353168 0.0069500000681728133 0.0069499998353421697 0.002650000038556755 0.0014499999815598132 0.0014499999815598132 0.0046500000171363362 0.0013499999768100681
decision_type=2 2 2 2 2 2 2 2 2 2 2 2 2 2
left_child=1 2 3 4 5 8 -7 -8 9 12 -11 -12 13 -1
right_child=-2 -3 -4 -5 -6 6 7 -9 -10 10 11 -13 -14 -15
leaf_value=-0.00022471891887147871 0.039809822394233051 -0.032466820447184887 0.034789739253820347 -0.037787491709104455 0.067332513535572819 0.044742063161637945 -0.050049833112667724 0.022127031003448105 0.093503802385753967 -0.051311843763268777 -0.02195157151983488 0.018176481150455476 -0.041285257296699344 0.040953668028129157
leaf_weight=623.06037516519427 8.32750231400132 11.347887843847273 11.815880974754689 8.7539091594517213 3.555522207170724 15.60323240701109 8.2979211807250994 18.501249853521585 1.3209496289491642 12.277031131088732 34.904828315600753 21.111093632876873 10.158669434487818 10.708748426288365
leaf_count=2131 96 90 51 65 17 111 32 77 7 16 75 91 21 48
internal_value=-1.77425e-05 -0.000446849 1.79293e-05 -0.00051612 -7.63501e-05 -0.000407557 0.0163255 -0.000175623 -0.00140967 -0.00160443 -0.0148839 -0.00675152 -0.00018774 0.00047111
internal_weight=799.745 791.417 780.069 768.254 759.5 755.944 42.4024 26.7992 713.542 712.221 68.293 56.0159 643.928 633.769
internal_count=2928 2832 2742 2691 2626 2609 220 109 2389 2382 182 166 2200 2179
is_linear=0
shrinkage=0.04


Tree=136
num_leaves=15
num_cat=0
split_feature=239 239 303 225 315 279 124 263 124 124 134 179 227 307
split_gain=9.46101 17.3637 14.4765 14.2928 12.7081 14.5045 12.112 11.268 10.5756 11.1092 11.3176 13.6923 14.4744 12.1458
threshold=0.075649999082088484 0.04150000028312207 0.0024500000290572648 0.050750000402331359 0.021771729923784736 0.0027499999850988392 0.0046500000171363362 0.0053499999921768912 0.070250000804662718 0.049450000748038299 0.0011500000255182388 0.0020500000100582842 0.010049999691545965 1.0000000180025095e-35
decision_type=2 2 2 2 2 2 2 2 2 2 2 2 2 2
left_child=1 2 8 7 -3 -6 -2 -4 9 10 13 -12 -13 -1
right_child=6 4 3 -5 5 -7 -8 -9 -10 -11 11 12 -14 -15
leaf_value=0.0012791833903117614 0.035696033683447197 -0.034241594335607341 -0.048737351096229842 -0.037645639120797977 0.049758861199954207 -0.020152831765061871 -0.010793820315952541 0.058173490152826988 -0.025614012934042644 0.045789574828999896 -0.02834947004550557 0.050810137005514185 -0.013961017562466515 0.051571401969311641
leaf_weight=566.11025416478515 25.123727537691593 40.938907161355019 1.6302962731570065 3.6514940448105326 7.1761093232780722 13.513373551890252 13.681882871314881 16.160126666538417 25.199313065037131 8.5441461317241174 44.465034823864698 8.479539733380081 15.259749036282299 7.6955118849873534
leaf_count=1920 163 75 9 15 36 49 63 84 154 39 204 30 53 34
internal_value=-1.67402e-05 -0.00100798 0.000786686 0.0330681 -0.0213441 0.00402621 0.0192165 0.047935 -0.000236439 0.000744203 0.000131452 -0.0152539 0.00912317 0.00196951
internal_weight=797.629 758.824 697.195 21.4419 61.6284 20.6895 38.8056 17.7904 675.754 650.554 642.01 68.2043 23.7393 573.806
internal_count=2928 2702 2542 108 160 85 226 93 2434 2280 2241 287 83 1954
is_linear=0
shrinkage=0.04


Tree=137
num_leaves=15
num_cat=0
split_feature=239 239 303 225 278 124 75 43 124 229 180 244 249 134
split_gain=8.78667 16.2571 13.651 13.5131 12.6085 11.3339 10.2805 10.5845 12.7152 10.2348 12.5067 10.6251 12.5694 13.2447
threshold=0.075649999082088484 0.04150000028312207 0.0024500000290572648 0.050750000402331359 0.0099999997764825838 0.0046500000171363362 0.004399999976158143 1.0000000180025095e-35 0.0029499999945983295 0.0049499999731779107 0.0012500000302679839 0.027250000275671486 0.0019500000635161998 0.0018500000005587938
decision_type=2 2 2 2 2 2 2 2 2 2 2 2 2 2
left_child=1 2 6 -4 -3 -2 7 9 -9 10 11 12 13 -1
right_child=5 4 3 -5 -6 -7 -8 8 -10 -11 -12 -13 -14 -15
leaf_value=0 0.034693404589602898 -0.026239042752830576 0.047148009313161786 -0.036785044802037169 0.040125545344548014 -0.010358869943661394 -0.040232110289471955 0.028141011917360199 -0.010074605407873877 -0.031410575835243662 0.054089876064136927 0.014239658396856014 -0.039761876855502823 -0.024916059674264419
leaf_weight=461.55105965584517 24.824859460815787 55.849587771110237 17.36866561789066 3.5910257827490559 4.8557326206937423 13.69013214483857 10.025646947324274 43.279200881719589 20.268734380602837 17.392011011019349 6.5724532585591069 64.904734889045358 14.313070286065338 36.779265413060784
leaf_count=1629 163 124 93 15 36 63 26 163 125 43 28 212 29 179
internal_value=-1.6029e-05 -0.000970636 0.000756429 0.0324714 -0.0208076 0.0185907 -0.000226979 0.000376034 0.0158925 -0.00125896 -0.000349133 -0.000984825 -0.00292257 -0.00184868
internal_weight=795.266 756.751 696.046 20.9597 60.7053 38.515 675.086 665.061 63.5479 601.513 584.121 577.548 512.643 498.33
internal_count=2928 2702 2542 108 160 226 2434 2408 288 2120 2077 2049 1837 1808
is_linear=0
shrinkage=0.04


Tree=138
num_leaves=15
num_cat=0
split_feature=185 300 150 315 239 287 176 214 278 239 288 287 219 314
split_gain=9.33613 14.8677 11.6153 10.9869 12.5563 12.3897 10.9772 14.6693 12.122 13.9033 13.8294 13.781 18.476 17.1598
threshold=0.0010500000207684936 0.0036499999696388845 0.32684999704360967 0.012056448031216862 0.0023500000825151805 0.0074499999172985562 0.0057500000111758718 0.071699999272823348 1.0000000180025095e-35 0.038300000131130225 0.0017499999958090486 0.027599999681115154 0.0012500000302679839 0.036136774346232421
decision_type=2 2 2 2 2 2 2 2 2 2 2 2 2 2
left_child=6 -2 3 5 -5 -3 8 -8 9 -1 -11 13 -13 -10
right_child=1 2 -4 4 -6 -7 7 -9 11 10 -12 12 -14 -15
leaf_value=-0.00087698882395420661 0.07767595540841897 -0.041012189529132687 -0.05346460710183798 -0.0041338379646936405 0.030199720908292437 0.059688622493986314 -0.020859719802866793 0.028484034599248864 -0.049687202154998292 -0.03579590607825188 0.044693281940267941 -0.023714507842940748 0.026341563277852201 0.023676039819262473
leaf_weight=428.52418860048056 5.0892933132126918 10.572087060660122 4.5620754547417155 26.928501363843679 45.361085841432214 2.2740862965583792 77.89318709820509 10.847711831331251 5.2869996279478064 31.322341604158282 3.7041353210806838 33.663710884749889 17.992021133191884 88.833710975944996
leaf_count=1650 11 22 26 104 173 4 293 42 8 81 11 79 131 293
internal_value=-1.62782e-05 0.0117511 0.00788376 0.011277 0.0173669 -0.0225534 -0.00162129 -0.0147576 0.000287393 -0.00286999 -0.0270671 0.01035 -0.00618516 0.0194642
internal_weight=792.855 94.7871 89.6978 85.1358 72.2896 12.8462 698.068 88.7409 609.327 463.551 35.0265 145.776 51.6557 94.1207
internal_count=2928 340 329 303 277 26 2588 335 2253 1742 92 511 210 301
is_linear=0
shrinkage=0.04


Tree=139
num_leaves=15
num_cat=0
split_feature=185 300 150 315 287 176 214 278 182 201 225 301 223 314
split_gain=8.65799 13.6583 10.9665 11.1016 11.5717 10.1863 13.6157 11.2166 13.5011 15.7754 21.1065 14.1837 13.3517 15.3099
threshold=0.0010500000207684936 0.0036499999696388845 0.1276500001549721 0.012056448031216862 0.0074499999172985562 0.0057500000111758718 0.071699999272823348 1.0000000180025095e-35 0.0089499996975064295 1.0000000180025095e-35 1.0000000180025095e-35 1.0000000180025095e-35 0.002650000038556755 0.036136774346232421
decision_type=2 2 2 2 2 2 2 2 2 2 2 2 2 2
left_child=5 -2 3 4 -3 7 -7 8 9 10 -1 -11 13 -9
right_child=1 2 -4 -5 -6 6 -8 12 -10 11 -12 -13 -14 -15
leaf_value=0.016620748831883636 0.074458652354648075 -0.039712915400522908 -0.030926987120165263 0.019280110112573908 0.058756584038428365 -0.020170121925588758 0.027469957985803206 -0.049102273035182373 -0.043585719727632491 0.0033334892505362218 -0.012750804859426626 0.037421345181710114 -0.0098473722757117244 0.02086897171432869
leaf_weight=47.165355710312724 5.1008647801354519 10.278987251222132 10.28504755720496 66.304839657619596 2.2204292714595786 77.348715801723301 10.802855638787149 5.1401443630456916 12.515365357510744 155.15365307405591 225.60464245080948 22.31627993658185 39.285209914669394 100.63218951690942
leaf_count=177 11 21 60 244 4 293 42 8 40 719 745 61 164 339
internal_value=-1.63081e-05 0.0113535 0.0076161 0.01273 -0.0215756 -0.00156223 -0.0142621 0.0002751 -0.00276068 -0.00160756 -0.00765321 0.00766112 0.00998249 0.0173877
internal_weight=790.155 94.1902 89.0893 78.8043 12.4994 695.964 88.1516 607.813 462.755 450.24 272.77 177.47 145.058 105.772
internal_count=2928 340 329 269 25 2588 335 2253 1742 1702 922 780 511 347
is_linear=0
shrinkage=0.04


Tree=140
num_leaves=15
num_cat=0
split_feature=22 178 136 136 15 254 239 144 224 47 278 124 253 300
split_gain=8.48661 9.10742 9.49263 9.38884 8.39424 7.9283 7.83535 11.6996 9.34411 14.0421 11.5734 11.3507 12.2031 18.5373
threshold=0.0011500000255182388 0.015399999916553499 0.01210000040009618 0.0063500001560896644 0.0039999999571591624 0.70265001058578502 0.11775000020861627 0.0011500000255182388 0.0075499999802559623 0.0016499999910593035 0.0040500001050531873 0.058150000870227821 0.0036499999696388845 0.0097500002011656779
decision_type=2 2 2 2 2 2 2 2 2 2 2 2 2 2
left_child=1 2 3 5 -3 6 7 8 9 10 11 12 -1 -14
right_child=-2 4 -4 -5 -6 -7 -8 -9 -10 -11 -12 -13 13 -15
leaf_value=0.00064375757080119018 -0.040728195388523909 0.058633903875937525 0.052932664992538597 -0.045533009084623918 -0.018618090299526619 0.07794118184326547 0.024593688266510979 -0.038616913981285333 -0.021095255880568483 0.017259374187173909 0.021577314406354318 -0.033723042396010851 0.033911001060899622 -0.021758165978899277
leaf_weight=495.1570331864059 8.1925614671781641 7.6615604748949391 5.1715165451169005 7.3763377778232089 3.0170326661318541 1.9562499951571215 19.004086964763701 13.138657066971062 34.089668978005648 70.375496368855238 32.690907150506973 18.344927195459604 10.705050203949211 81.290352158248425
leaf_count=1744 42 43 14 21 13 6 134 43 103 227 147 119 43 248
internal_value=-0.000470416 -4.80982e-05 -0.000551735 -0.000916283 0.0364665 -0.000481629 -0.000694831 -0.00133916 -0.000669166 0.000310746 -0.00155439 -0.00281324 -0.0018351 -0.015207
internal_weight=808.171 799.979 789.3 784.129 10.6786 776.752 774.796 755.792 742.653 708.564 638.188 605.497 587.152 91.9954
internal_count=2947 2905 2849 2835 56 2814 2808 2674 2631 2528 2301 2154 2035 291
is_linear=0
shrinkage=0.04


Tree=141
num_leaves=15
num_cat=0
split_feature=184 90 314 201 179 278 90 25 253 271 271 201 241 300
split_gain=7.67504 7.95018 13.3497 17.9128 13.8251 12.0941 10.6042 14.0417 9.92283 18.2526 22.0805 14.2685 14.0333 12.309
threshold=0.0010500000207684936 0.0012500000302679839 0.036595489829778678 0.023049999959766868 0.00025000000459840527 0.0055499998852610597 0.003249999950639904 0.0049499999731779107 0.0027499999850988392 1.0000000180025095e-35 0.0041499999351799497 0.0050500000361353168 0.0078000000212341556 0.012950000353157522
decision_type=2 2 2 2 2 2 2 2 2 2 2 2 2 2
left_child=1 2 3 4 -1 8 7 -3 9 -4 12 -10 13 -11
right_child=-2 6 5 -5 -6 -7 -8 -9 11 10 -12 -13 -14 -15
leaf_value=0.0013224293829695677 0.043381917365651217 0.0069498453789402035 -0.010170132646922571 0.13608784389831527 0.043077763999359135 0.037917617625414228 -0.0047989431922634143 0.042223401247042956 -0.0019400595573763246 -0.0019692037705243285 -0.01363382796668375 -0.035816650471266379 -0.049719584960695853 0.049383130970812185
leaf_weight=133.28571575880051 6.2375416234135619 119.14547804556787 249.5684058368206 1.5992095842957486 13.952599026262758 9.2044700440019351 97.27033306658268 21.306225961074233 36.335321037098765 9.6453440450131875 30.35161279886961 44.603148879483342 3.0949655398726454 30.786698509007692
leaf_count=491 107 445 882 5 34 54 386 74 114 38 92 120 7 98
internal_value=-0.000452411 -0.000804497 -0.00340091 0.00685515 0.00533295 -0.00710216 0.00532039 0.0123555 -0.0081459 -0.00499184 0.0124369 -0.0206791 0.0306975 0.0370594
internal_weight=806.387 800.15 562.427 148.838 147.238 413.59 237.722 140.452 404.385 323.447 73.8786 80.9385 43.527 40.432
internal_count=2947 2840 1935 530 525 1405 905 519 1351 1117 235 234 143 136
is_linear=0
shrinkage=0.04


Tree=142
num_leaves=15
num_cat=0
split_feature=301 213 167 1 253 176 253 214 213 176 253 313 159 287
split_gain=7.9327 8.41426 13.5601 12.6289 14.9643 10.4171 11.0176 11.5048 14.5431 14.3529 13.2395 12.0898 10.9022 10.3376
threshold=0.0038499999791383748 0.0011500000255182388 1.0000000180025095e-35 0.0015499999863095584 0.0038499999791383748 0.10439999774098398 0.011049999855458738 0.0085500003769993799 0.0013499999768100681 0.0092500001192092913 0.0022500000195577745 0.0029499999945983295 0.076850000768899931 0.0037500000325962905
decision_type=2 2 2 2 2 2 2 2 2 2 2 2 2 2
left_child=1 2 -1 5 -5 6 7 11 -9 -10 -11 13 -8 -3
right_child=-2 3 -4 4 -6 -7 12 8 9 10 -12 -13 -14 -15
leaf_value=0.00040053264098622796 0.036229848570546092 -0.022486928434067445 0.028198684859794296 0.057855735795304453 -0.044515133765837378 -0.045987804606925406 0.039751975489254805 -0.051946057150261557 0.039813196767866404 -0.021763948550194211 0.043375239110558649 -0.023926758356344981 -0.0098255455444711589 0.015138490276977057
leaf_weight=513.36465126462281 9.2271370412781817 19.143383510410786 29.62398087233305 9.1803065910935384 2.9048618078231803 11.494821462780235 14.882000491023065 6.0180962644517413 19.289856107905507 19.870563425123695 6.5394014678895465 100.16202491149306 13.232005596160887 29.629120033234358
leaf_count=1834 212 54 100 26 15 31 54 23 77 63 26 271 49 112
internal_value=-0.000434771 -0.000869668 0.0019294 -0.00690681 0.0327576 -0.00893138 -0.00703265 -0.0103317 0.00585721 0.0136533 -0.0053811 -0.0159803 0.0163242 0.000272738
internal_weight=804.562 795.335 542.989 252.346 12.0852 240.261 228.766 200.652 51.7179 45.6998 26.41 148.935 28.114 48.7725
internal_count=2947 2735 1934 801 41 760 729 626 189 166 89 437 103 166
is_linear=0
shrinkage=0.04


Tree=143
num_leaves=15
num_cat=0
split_feature=22 257 301 213 167 1 253 182 279 315 216 51 315 155
split_gain=7.6991 7.5649 7.62373 8.23029 12.7846 12.1207 13.9657 11.2507 11.3973 11.7244 12.2322 11.7857 10.7048 12.1848
threshold=0.0011500000255182388 0.00045000000682193791 0.0038499999791383748 0.0011500000255182388 1.0000000180025095e-35 0.0015499999863095584 0.0038499999791383748 0.0051500000990927228 0.010449999943375589 0.037451824173331268 0.0022500000195577745 0.0010500000207684936 0.17494624853134158 0.011649999767541887
decision_type=2 2 2 2 2 2 2 2 2 2 2 2 2 2
left_child=1 2 3 4 7 -5 -7 8 9 10 -1 12 13 -11
right_child=-2 -3 -4 5 -6 6 -8 -9 -10 11 -12 -13 -14 -15
leaf_value=-3.0076562448145348e-05 -0.038932308792216916 0.025253642145816931 0.040165763212851459 -0.0093334742777685959 0.029693661539152937 0.056108743272713014 -0.043397853114540398 0.028788409480347901 0.054487052984430656 -0.039240937444980244 0.066916627662536504 0.06738412635095338 0.015122217687714233 0.028267727795016219
leaf_weight=421.5803497992456 8.1196399219334108 18.407968244981021 7.1585151366889468 224.4467685688287 24.854958605021238 9.0923937857151014 2.8638745695352545 21.241044096648693 5.7721456214785567 37.810384511947632 4.3113415949046603 2.2943427823483935 9.395948648452757 4.6792615689337245
leaf_count=1523 42 125 159 696 78 26 15 71 15 122 18 9 29 19
internal_value=-0.000418239 -1.44479e-05 -0.000622569 -0.00101297 0.00174093 -0.00722466 0.03178 0.000357346 -0.000883095 -0.00156838 0.000653791 -0.0190789 -0.0231014 -0.0316636
internal_weight=802.029 793.909 775.501 768.343 531.94 236.403 11.9563 507.085 485.844 480.072 425.892 54.1799 51.8856 42.4896
internal_count=2947 2905 2780 2621 1884 737 41 1806 1735 1720 1541 179 170 141
is_linear=0
shrinkage=0.04


Tree=144
num_leaves=15
num_cat=0
split_feature=254 301 176 185 150 245 225 230 50 178 239 279 204 204
split_gain=7.33525 7.24376 7.51567 6.65047 12.6112 9.94531 11.6977 8.36724 8.11863 12.2333 7.08951 9.80755 6.9744 11.9707
threshold=0.70265001058578502 0.0038499999791383748 0.10439999774098398 1.0000000180025095e-35 0.1200000010430813 0.003249999950639904 0.019049999304115776 0.0034500000765547161 0.010250000283122064 0.015399999916553499 0.0019500000635161998 0.0064499999862164268 0.041550001129508025 0.0017499999958090486
decision_type=2 2 2 2 2 2 2 2 2 2 2 2 2 2
left_child=1 2 3 7 5 -5 -7 8 9 12 11 -8 13 -1
right_child=-2 -3 -4 4 -6 6 10 -9 -10 -11 -12 -13 -14 -15
leaf_value=-0.0010054512219437462 0.075052037571479394 0.035751160447335006 -0.028319025038929278 0.037011926352483904 -0.037211864570034843 -0.029190354903521686 -0.048927930090944996 0.040494948275127104 -0.035919774537857226 0.051391246364278109 0.023895921817387637 0.045616650055322804 0.050352779708706857 -0.021848599625904276
leaf_weight=613.70772140286863 1.9554029488936056 8.5700469762086851 15.698750324547289 23.26342710852623 7.9785193242132655 11.849991563707588 5.3012179359793654 7.3156471326947203 11.149366173893211 6.7847623936831942 32.978390771895647 2.4732594266533852 3.9112586490809909 47.454183731228113
leaf_count=2166 6 210 50 60 47 34 21 33 71 26 98 8 16 101
internal_value=-0.000400345 -0.000599515 -0.00100346 -0.000440796 0.0101833 0.0152627 0.00551635 -0.00173825 -0.00220233 -0.00163158 0.0157529 -0.0181456 -0.00218615 -0.00251057
internal_weight=800.392 798.437 789.866 774.168 83.8448 75.8663 52.6029 690.323 683.007 671.858 40.7529 7.77448 665.073 661.162
internal_count=2947 2941 2731 2681 268 221 161 2413 2380 2309 127 29 2283 2267
is_linear=0
shrinkage=0.04


Tree=145
num_leaves=15
num_cat=0
split_feature=155 112 252 150 281 277 113 214 245 202 239 287 317 315
split_gain=10.0154 13.7776 8.72328 13.1777 12.878 15.9425 23.374 18.2511 19.5452 15.3361 14.5147 15.0991 12.7963 12.7375
threshold=0.0061500000301748523 0.00335000001359731 0.0012500000302679839 0.073199998587369933 0.0010500000207684936 0.0012500000302679839 0.0010500000207684936 1.0000000180025095e-35 0.0048500001430511483 0.0030500000575557355 0.026449999772012237 0.018450000323355201 0.93507540225982677 0.012056448031216862
decision_type=2 2 2 2 2 2 2 2 2 2 2 2 2 2
left_child=2 -2 4 -4 5 6 9 -7 -9 13 11 -6 -12 -1
right_child=1 -3 3 -5 10 7 -8 8 -10 -11 12 -13 -14 -15
leaf_value=0.0016007888847052599 0.016665706623464522 -0.044140934230207839 0.02812448896916615 -0.034654212732478221 -0.0079401194655173805 0.053414920719458144 -0.035009948600584366 -0.029753386697444078 0.027128889016991946 0.033740962940725629 0.036504609068128219 -0.034338140836016044 -0.011741470642629197 -0.01825317636039353
leaf_weight=318.99910001456738 81.097293433733284 6.3084024079143992 29.892296181526035 6.3710517324507228 96.427893633022904 17.861386803910136 32.481136864051223 15.754403579980133 24.584181115031242 20.608829200267792 16.525207849219441 54.595658313483 18.430983221158385 61.553631449118257
leaf_count=964 350 57 245 29 389 57 193 51 72 67 69 153 54 211
internal_value=-0.000579875 0.0121859 -0.00214952 0.01692 -0.00317799 0.000204995 -0.00242654 0.0198514 0.00479572 0.000209767 -0.0121414 -0.017526 0.0109914 -0.00160399
internal_weight=801.491 87.4057 714.086 36.2633 677.822 491.843 433.643 58.2 40.3386 401.162 185.98 151.024 34.9562 380.553
internal_count=2961 407 2554 274 2280 1615 1435 180 123 1242 665 542 123 1175
is_linear=0
shrinkage=0.04


Tree=146
num_leaves=15
num_cat=0
split_feature=155 112 252 287 239 250 134 287 239 239 278 300 176 101
split_gain=9.23811 12.8915 8.10605 11.6367 17.3449 15.2974 14.782 16.957 15.7908 19.966 17.6193 14.683 14.4465 14.3095
threshold=0.0061500000301748523 0.00335000001359731 0.0012500000302679839 0.018450000323355201 0.026749999262392524 0.011400000192224981 0.0011500000255182388 0.016050000675022606 0.031099999323487285 0.013650000095367433 0.0013499999768100681 0.013249999843537809 0.0012500000302679839 0.0011500000255182388
decision_type=2 2 2 2 2 2 2 2 2 2 2 2 2 2
left_child=2 -2 3 6 5 -5 7 8 9 -1 -10 -6 -13 -11
right_child=1 -3 -4 4 11 -7 -8 -9 10 13 -12 12 -14 -15
leaf_value=-0.00028143413141891953 0.015980758618860367 -0.043549366572046763 0.016405341020681578 -0.030201749983821146 0.075490711311559877 0.041608370372576052 -0.020263310275803154 0.055139539314333658 -0.041775596666122974 0.036305584159097952 0.041581009676821233 -0.01663160517605081 0.032792124320399289 -0.033544088049087213
leaf_weight=410.41715823858976 81.192546930164099 6.1430496219545594 35.897930530831218 73.662075873464346 4.1701425500214091 4.9419955238699904 54.522120712324977 9.2108603771775943 24.264927685260776 39.057672329246998 4.7376971505582324 32.089108837768435 13.289352141320704 5.1930689066648474
leaf_count=1458 350 57 274 208 15 15 251 29 41 93 13 85 57 15
internal_value=-0.000560365 0.0117027 -0.00207279 -0.00306289 -0.0139092 -0.025589 -0.000514287 0.00166589 0.000628096 0.00246402 -0.0279254 0.0045533 -0.00202934 0.027961
internal_weight=798.79 87.3356 711.454 675.556 128.153 78.6041 547.404 492.881 483.671 454.668 29.0026 49.5486 45.3785 44.2507
internal_count=2961 407 2554 2280 380 223 1900 1649 1620 1566 54 157 142 108
is_linear=0
shrinkage=0.04


Tree=147
num_leaves=15
num_cat=0
split_feature=257 67 244 116 124 108 155 113 244 277 214 124 239 202
split_gain=8.72699 8.54357 10.4091 9.29181 8.14801 14.6687 12.3476 12.8364 12.0643 10.6496 16.1376 9.47029 12.4443 11.6991
threshold=0.00045000000682193791 1.0000000180025095e-35 0.0021499999566003685 0.0015499999863095584 0.0089499996975064295 0.002549999975599349 0.0091500002890825289 0.0010500000207684936 0.0089499996975064295 0.0015499999863095584 0.0011500000255182388 0.002549999975599349 0.0023500000825151805 0.0041499999351799497
decision_type=2 2 2 2 2 2 2 2 2 2 2 2 2 2
left_child=1 4 -3 -4 5 6 7 11 -7 -9 -11 13 -13 -1
right_child=-2 2 3 -5 -6 8 -8 9 -10 10 -12 12 -14 -15
leaf_value=-0.0022546356835213073 0.025467968348631582 0.026409972464230907 -0.044543937324019373 0.013266804866632363 -0.012316059376038597 -0.043291917638640889 0.0245961264939666 -0.035277036197388117 0.049601468688107934 0.050207282879891312 -0.015593624644651709 -0.019135830426502812 0.030286913085251152 0.022689238546847363
leaf_weight=466.74833877710626 20.00730355642736 5.7800547704100635 20.650538980960849 5.4877815693616858 80.985760718584061 2.4822531417012241 31.259290393441916 29.923849981278181 15.650225337594746 7.1676826030015937 32.928917683660984 10.514046885073183 34.182607088238001 32.047614893876016
leaf_count=1454 133 19 85 22 460 24 130 165 62 25 111 54 107 110
internal_value=-0.000540202 -0.00121928 -0.0214529 -0.0322497 -0.000342963 0.00111537 0.00010863 -0.00113633 0.0364977 -0.0172461 -0.00363588 0.000934593 0.0185551 -0.000639749
internal_weight=795.816 775.809 31.9184 26.1383 743.891 662.905 644.772 613.513 18.1325 70.0205 40.0966 543.493 44.6967 498.796
internal_count=2961 2828 126 107 2702 2242 2156 2026 86 301 136 1725 161 1564
is_linear=0
shrinkage=0.04


Tree=148
num_leaves=15
num_cat=0
split_feature=257 134 227 59 277 11 144 109 316 287 113 93 121 233
split_gain=8.10364 9.05962 10.9411 8.85609 8.73827 8.73037 8.18954 8.84256 11.0547 14.5058 8.17964 8.13823 7.8742 14.4876
threshold=0.00045000000682193791 0.0011500000255182388 0.018450000323355201 1.0000000180025095e-35 0.056450000032782562 0.0014999999548308553 0.0014499999815598132 1.0000000180025095e-35 0.0041977304499596366 0.02485000062733889 0.02809999976307154 0.0016499999910593035 0.0011500000255182388 0.0011500000255182388
decision_type=2 2 2 2 2 2 2 2 2 2 2 2 2 2
left_child=1 2 3 10 6 -5 7 8 9 -3 11 12 -1 -14
right_child=-2 4 -4 5 -6 -7 -8 -9 -10 -11 -12 -13 13 -15
leaf_value=-0.0010005126264611105 0.024631411625675476 -0.029171097162270843 0.050639538130665962 -0.033985487713449891 0.025494228190933433 0.1577432267369468 0.021293674733835331 -0.043022570534184269 0.036629176678794673 0.028547977172827161 0.067095513022743955 0.078470796036611334 0.032346724092833103 -0.02771370420911708
leaf_weight=619.12208664696664 19.865665989462286 39.416486762464046 6.7676772503182283 15.758513197302818 8.400563530623911 0.28507676720619279 7.9193469136953345 21.121309000998735 6.3559499830007544 8.3064180463552457 2.8481627441942683 2.0244160555303088 27.387171857059002 8.2333183260634524
leaf_count=2110 133 175 26 150 34 1 32 113 22 21 14 6 84 40
internal_value=-0.000520595 -0.00117446 0.000405415 -9.92508e-05 -0.0129862 -0.0293749 -0.0169493 -0.0210527 -0.0123346 -0.0190025 0.000611092 0.000306513 4.67797e-05 0.0183137
internal_weight=793.812 773.946 682.426 675.659 91.5201 16.0436 83.1195 75.2002 54.0789 47.7229 659.615 656.767 654.743 35.6205
internal_count=2961 2828 2431 2405 397 151 363 331 218 196 2254 2240 2234 124
is_linear=0
shrinkage=0.04


Tree=149
num_leaves=15
num_cat=0
split_feature=172 180 179 254 239 159 201 312 213 300 174 239 24 155
split_gain=7.96315 7.54821 7.8851 13.6064 13.4492 12.7245 12.693 16.5887 19.3903 15.1494 14.7172 12.6225 10.9216 12.4554
threshold=0.0068500000052154073 0.0030500000575557355 0.0001499999962106813 0.0036499999696388845 0.0079499999992549437 0.041449999436736114 0.0048500001430511483 0.002650000038556755 0.0013499999768100681 0.1433999985456467 1.0000000180025095e-35 0.0074499999172985562 0.0030500000575557355 0.0098500000312924402
decision_type=2 2 2 2 2 2 2 2 2 2 2 2 2 2
left_child=1 2 3 6 11 -6 7 8 9 -1 -8 -5 13 -4
right_child=-2 -3 12 4 5 -7 10 -9 -10 -11 -12 -13 -14 -15
leaf_value=0.0034750241404040995 0.041189636479058114 0.033067672276276404 -0.010374965919458093 0.01481893771470999 0.068435216174358729 -0.014305014789862047 -0.020062893934002499 0.045297102592310429 -0.023692545688875005 0.061030288297665596 0.035450382229872998 -0.04802522329225796 0.037992438323001969 0.013770704437178947
leaf_weight=229.4345049969852 7.1599468532949677 10.226815843489019 274.65662169922143 50.561122273094952 12.797633839771153 3.7279756972566238 77.009422078263015 13.997670669108627 43.490906937047839 7.4727986417710772 8.3434047959744913 5.568855680525302 8.6056928858160955 38.819122825749218
leaf_count=717 28 71 1070 230 48 21 337 87 92 15 31 7 28 179
internal_value=-0.000498872 -0.000889547 -0.00134732 0.00205144 0.0179009 0.0495557 -0.000974346 0.00295288 0.000809376 0.00533236 -0.0145544 0.00843849 -0.00613287 -0.0073687
internal_weight=791.872 784.713 774.486 452.404 72.6556 16.5256 379.749 294.396 280.398 236.907 85.3528 56.13 322.081 313.476
internal_count=2961 2933 2862 1585 306 69 1279 911 824 732 368 237 1277 1249
is_linear=0
shrinkage=0.04


end of trees

feature_importances:
Column_239=84
Column_301=79
Column_250=77
Column_253=62
Column_314=57
Column_263=53
Column_225=43
Column_244=40
Column_150=36
Column_287=36
Column_275=35
Column_300=33
Column_254=32
Column_317=32
Column_315=31
Column_316=31
Column_124=30
Column_155=30
Column_278=29
Column_105=28
Column_109=28
Column_159=27
Column_179=27
Column_113=26
Column_201=26
Column_202=26
Column_182=25
Column_213=25
Column_313=24
Column_102=23
Column_127=23
Column_188=23
Column_176=22
Column_214=22
Column_227=22
Column_180=21
Column_185=21
Column_50=20
Column_167=20
Column_211=20
Column_303=20
Column_120=18
Column_184=18
Column_220=18
Column_245=18
Column_194=17
Column_219=17
Column_277=17
Column_279=17
Column_312=17
Column_223=16
Column_222=15
Column_252=15
Column_257=15
Column_90=14
Column_123=13
Column_218=13
Column_6=12
Column_111=12
Column_134=12
Column_231=12
Column_281=12
Column_75=11
Column_121=11
Column_133=11
Column_224=11
Column_229=11
Column_271=11
Column_296=11
Column_2=10
Column_25=10
Column_39=9
Column_53=9
Column_125=9
Column_169=9
Column_204=9
Column_216=9
Column_297=9
Column_43=8
Column_47=8
Column_99=8
Column_205=8
Column_249=8
Column_260=7
Column_32=6
Column_36=6
Column_59=6
Column_67=6
Column_93=6
Column_101=6
Column_178=6
Column_209=6
Column_212=6
Column_233=6
Column_291=6
Column_1=5
Column_24=5
Column_108=5
Column_112=5
Column_166=5
Column_174=5
Column_256=5
Column_309=5
Column_74=4
Column_161=4
Column_164=4
Column_230=4
Column_0=3
Column_22=3
Column_30=3
Column_92=3
Column_96=3
Column_97=3
Column_116=3
Column_144=3
Column_172=3
Column_175=3
Column_226=3
Column_268=3
Column_15=2
Column_33=2
Column_62=2
Column_136=2
Column_168=2
Column_208=2
Column_232=2
Column_258=2
Column_273=2
Column_288=2
Column_307=2
Column_308=2
Column_4=1
Column_11=1
Column_37=1
Column_38=1
Column_42=1
Column_51=1
Column_54=1
Column_55=1
Column_68=1
Column_70=1
Column_78=1
Column_94=1
Column_130=1
Column_135=1
Column_138=1
Column_140=1
Column_177=1
Column_200=1
Column_217=1
Column_228=1
Column_237=1
Column_241=1
Column_247=1
Column_276=1

parameters:
[boosting: gbdt]
[objective: binary]
[metric: auc]
[tree_learner: serial]
[device_type: cpu]
[data_sample_strategy: bagging]
[data: ]
[valid: ]
[num_iterations: 150]
[learning_rate: 0.04]
[num_leaves: 15]
[num_threads: 0]
[seed: 0]
[deterministic: 0]
[force_col_wise: 0]
[force_row_wise: 0]
[histogram_pool_size: -1]
[max_depth: -1]
[min_data_in_leaf: 3]
[min_sum_hessian_in_leaf: 0.001]
[bagging_fraction: 0.8]
[pos_bagging_fraction: 1]
[neg_bagging_fraction: 1]
[bagging_freq: 5]
[bagging_seed: 3]
[bagging_by_query: 0]
[feature_fraction: 0.8]
[feature_fraction_bynode: 1]
[feature_fraction_seed: 2]
[extra_trees: 0]
[extra_seed: 6]
[early_stopping_round: 0]
[early_stopping_min_delta: 0]
[first_metric_only: 0]
[max_delta_step: 0]
[lambda_l1: 0.1]
[lambda_l2: 0.1]
[linear_lambda: 0]
[min_gain_to_split: 0]
[drop_rate: 0.1]
[max_drop: 50]
[skip_drop: 0.5]
[xgboost_dart_mode: 0]
[uniform_drop: 0]
[drop_seed: 4]
[top_rate: 0.2]
[other_rate: 0.1]
[min_data_per_group: 100]
[max_cat_threshold: 32]
[cat_l2: 10]
[cat_smooth: 10]
[max_cat_to_onehot: 4]
[top_k: 20]
[monotone_constraints: ]
[monotone_constraints_method: basic]
[monotone_penalty: 0]
[feature_contri: ]
[forcedsplits_filename: ]
[refit_decay_rate: 0.9]
[cegb_tradeoff: 1]
[cegb_penalty_split: 0]
[cegb_penalty_feature_lazy: ]
[cegb_penalty_feature_coupled: ]
[path_smooth: 0]
[interaction_constraints: ]
[verbosity: -1]
[saved_feature_importance_type: 0]
[use_quantized_grad: 0]
[num_grad_quant_bins: 4]
[quant_train_renew_leaf: 0]
[stochastic_rounding: 1]
[linear_tree: 0]
[max_bin: 255]
[max_bin_by_feature: ]
[min_data_in_bin: 3]
[bin_construct_sample_cnt: 200000]
[data_random_seed: 1]
[is_enable_sparse: 1]
[enable_bundle: 1]
[use_missing: 1]
[zero_as_missing: 0]
[feature_pre_filter: 1]
[pre_partition: 0]
[two_round: 0]
[header: 0]
[label_column: ]
[weight_column: ]
[group_column: ]
[ignore_column: ]
[categorical_feature: ]
[forcedbins_filename: ]
[precise_float_parser: 0]
[parser_config_file: ]
[objective_seed: 5]
[num_class: 1]
[is_unbalance: 1]
[scale_pos_weight: 1]
[sigmoid: 1]
[boost_from_average: 1]
[reg_sqrt: 0]
[alpha: 0.9]
[fair_c: 1]
[poisson_max_delta_step: 0.7]
[tweedie_variance_power: 1.5]
[lambdarank_truncation_level: 30]
[lambdarank_norm: 1]
[label_gain: ]
[lambdarank_position_bias_regularization: 0]
[eval_at: ]
[multi_error_top_k: 1]
[auc_mu_weights: ]
[num_machines: 1]
[local_listen_port: 12400]
[time_out: 120]
[machine_list_filename: ]
[machines: ]
[gpu_platform_id: -1]
[gpu_device_id: -1]
[gpu_use_dp: 0]
[num_gpu: 1]

end of parameters

pandas_categorical:null
