tree
version=v4
num_class=1
num_tree_per_iteration=1
label_index=0
max_feature_idx=309
objective=binary sigmoid:1
feature_names=Column_0 Column_1 Column_2 Column_3 Column_4 Column_5 Column_6 Column_7 Column_8 Column_9 Column_10 Column_11 Column_12 Column_13 Column_14 Column_15 Column_16 Column_17 Column_18 Column_19 Column_20 Column_21 Column_22 Column_23 Column_24 Column_25 Column_26 Column_27 Column_28 Column_29 Column_30 Column_31 Column_32 Column_33 Column_34 Column_35 Column_36 Column_37 Column_38 Column_39 Column_40 Column_41 Column_42 Column_43 Column_44 Column_45 Column_46 Column_47 Column_48 Column_49 Column_50 Column_51 Column_52 Column_53 Column_54 Column_55 Column_56 Column_57 Column_58 Column_59 Column_60 Column_61 Column_62 Column_63 Column_64 Column_65 Column_66 Column_67 Column_68 Column_69 Column_70 Column_71 Column_72 Column_73 Column_74 Column_75 Column_76 Column_77 Column_78 Column_79 Column_80 Column_81 Column_82 Column_83 Column_84 Column_85 Column_86 Column_87 Column_88 Column_89 Column_90 Column_91 Column_92 Column_93 Column_94 Column_95 Column_96 Column_97 Column_98 Column_99 Column_100 Column_101 Column_102 Column_103 Column_104 Column_105 Column_106 Column_107 Column_108 Column_109 Column_110 Column_111 Column_112 Column_113 Column_114 Column_115 Column_116 Column_117 Column_118 Column_119 Column_120 Column_121 Column_122 Column_123 Column_124 Column_125 Column_126 Column_127 Column_128 Column_129 Column_130 Column_131 Column_132 Column_133 Column_134 Column_135 Column_136 Column_137 Column_138 Column_139 Column_140 Column_141 Column_142 Column_143 Column_144 Column_145 Column_146 Column_147 Column_148 Column_149 Column_150 Column_151 Column_152 Column_153 Column_154 Column_155 Column_156 Column_157 Column_158 Column_159 Column_160 Column_161 Column_162 Column_163 Column_164 Column_165 Column_166 Column_167 Column_168 Column_169 Column_170 Column_171 Column_172 Column_173 Column_174 Column_175 Column_176 Column_177 Column_178 Column_179 Column_180 Column_181 Column_182 Column_183 Column_184 Column_185 Column_186 Column_187 Column_188 Column_189 Column_190 Column_191 Column_192 Column_193 Column_194 Column_195 Column_196 Column_197 Column_198 Column_199 Column_200 Column_201 Column_202 Column_203 Column_204 Column_205 Column_206 Column_207 Column_208 Column_209 Column_210 Column_211 Column_212 Column_213 Column_214 Column_215 Column_216 Column_217 Column_218 Column_219 Column_220 Column_221 Column_222 Column_223 Column_224 Column_225 Column_226 Column_227 Column_228 Column_229 Column_230 Column_231 Column_232 Column_233 Column_234 Column_235 Column_236 Column_237 Column_238 Column_239 Column_240 Column_241 Column_242 Column_243 Column_244 Column_245 Column_246 Column_247 Column_248 Column_249 Column_250 Column_251 Column_252 Column_253 Column_254 Column_255 Column_256 Column_257 Column_258 Column_259 Column_260 Column_261 Column_262 Column_263 Column_264 Column_265 Column_266 Column_267 Column_268 Column_269 Column_270 Column_271 Column_272 Column_273 Column_274 Column_275 Column_276 Column_277 Column_278 Column_279 Column_280 Column_281 Column_282 Column_283 Column_284 Column_285 Column_286 Column_287 Column_288 Column_289 Column_290 Column_291 Column_292 Column_293 Column_294 Column_295 Column_296 Column_297 Column_298 Column_299 Column_300 Column_301 Column_302 Column_303 Column_304 Column_305 Column_306 Column_307 Column_308 Column_309
feature_infos=[0:0.17520000040531158] [0:0.19419999420642853] [0:0.4650999903678894] [0:0.058899998664855957] [0:0.02370000071823597] [0:0.043600000441074371] [0:0.98930001258850098] [0:0.0043000001460313797] none [0:0.0017000000225380063] none [0:0.0080000003799796104] none [0:0.076700001955032349] none [0:0.0348999984562397] [0:0.03229999914765358] none [0:0.031099999323487282] [0:0.017899999395012856] [0:0.11599999666213989] [0:0.019300000742077827] [0:0.11640000343322754] none [0:0.024800000712275505] [0:0.11699999868869781] [0:0.013700000010430813] none none [0:0.089299999177455902] [0:0.12259999662637711] none [0:0.88559997081756592] [0:0.25360000133514404] [0:0.00279999990016222] none [0:0.59140002727508545] [0:0.026599999517202377] [0:0.0625] [0:0.21070000529289246] none none [0:0.07980000227689743] [0:0.17090000212192535] [0:0.086099997162818909] [0:0.021500000730156898] [0:0.028999999165534973] [0:0.043999999761581421] [0:0.053700000047683716] [0:0.56679999828338623] [0:0.32620000839233398] [0:0.2484000027179718] [0:0.019099999219179153] [0:0.12219999730587006] [0:0.68290001153945923] [0:0.011300000362098217] none none [0:0.048500001430511475] none [0:0.80180001258850098] [0:0.90439999103546143] [0:0.05469999834895134] [0:0.72229999303817749] none [0:0.012900000438094139] [0:0.16990000009536743] [0:0.31069999933242798] [0:0.0098999999463558197] [0:0.036499999463558197] [0:0.11550000309944153] [0:0.013799999840557575] [0:0.0098000001162290573] [0:0.0024000001139938831] [0:0.052000001072883606] none [0:0.042199999094009399] none [0:0.20749999582767487] none none none none [0:0.11069999635219574] [0:0.0062000001780688763] [0:0.025100000202655792] [0:0.0038999998942017555] [0:0.099799998104572296] [0:0.093999996781349182] [0:0.1421000063419342] [0:0.020199999213218689] [0:0.00419999985024333] [0:0.0073000001721084118] [0:0.34610000252723694] [0:0.01940000057220459] [0:0.12160000205039978] [0:0.15379999577999115] none [0:0.098700001835823059] [0:0.95279997587203979] [0:0.013799999840557575] [0:0.006399999838322401] [0:0.55180001258850098] none none [0:0.29359999299049377] [0:0.030300000682473183] [0:0.5023999810218811] [0:0.14460000395774841] [0:0.27900001406669617] [0:0.13470000028610229] [0:0.013000000268220901] [0:0.71100002527236938] none [0:0.0082000000402331352] none [0:0.95779997110366821] [0:0.03359999880194664] none [0:0.15099999308586121] [0:0.91960000991821289] [0:0.072499997913837433] [0:0.0046999999321997166] [0:0.4828999936580658] none [0:0.028100000694394112] [0:0.016300000250339508] none [0:0.14030000567436218] [0:0.92000001668930054] [0:0.11450000107288361] [0:0.12300000339746475] [0:0.043699998408555984] [0:0.037799999117851257] [0:0.01510000042617321] [0:0.0076999999582767487] [0:0.12839999794960022] [0:0.023399999365210533] [0:0.16889999806880951] [0:0.011599999852478504] [0:0.0063000000081956387] [0:0.1867000013589859] [0:0.50169998407363892] none [0:0.88650000095367432] none [0:0.11620000004768372] [0:0.0060000000521540642] [0:0.02070000022649765] [0:0.84859997034072876] [0:0.0094999996945261955] [0:0.08190000057220459] [0:0.0060999998822808266] [0:0.99260002374649048] none [0:0.30739998817443848] [0:0.031399998813867569] [0:0.049949999898672104] [0:0.049949999898672104] none [0:0.049949999898672104] [0:0.049949999898672104] [0:0.34790000319480896] [0:0.74570000171661377] [0:0.19329999387264252] [0:0.085799999535083771] [0:0.025200000032782555] [0:0.63599997758865356] [0:0.52939999103546143] [0:0.32080000638961792] [0:0.67640000581741333] [0:0.088899999856948853] [0:0.50770002603530884] [0:0.19979999959468842] [0:0.059799998998641968] none [0:0.78990000486373901] [0:0.17980000376701355] [0:0.28529998660087585] [0:0.80159997940063477] [0:0.37439998984336853] [0:0.2840999960899353] [0:0.8628000020980835] [0:0.029600000008940697] [0:0.95260000228881836] [0:0.081200003623962402] [0:0.11129999905824661] [0:0.61150002479553223] [0:0.52100002765655518] [0:0.059099998325109482] [0:0.12259999662637711] [0:0.022500000894069672] none none [0:0.027400000020861626] [0:0.85379999876022339] [0:0.87379997968673706] [0:0.99390000104904175] [0:0.76660001277923584] [0:0.34920001029968262] [0:0.61580002307891846] [0:0.41969999670982361] [0:0.55849999189376831] [0:0.29469999670982361] [0:0.7961999773979187] [0:0.65149998664855957] [0:0.30160000920295715] [0:0.80650001764297485] [0:0.047699999064207077] [0:0.98720002174377441] [0:0.24850000441074371] [0:0.83869999647140503] [0:0.9309999942779541] [0:0.84880000352859497] [0:0.18250000476837158] [0:0.074500001966953278] [0:0.12099999934434891] [0:0.44980001449584961] [0:0.74220001697540283] [0:0.68620002269744873] [0:0.4984000027179718] [0:0.7304999828338623] [0:0.27270001173019409] [0:0.96429997682571411] [0:0.92820000648498535] [0:0.63569998741149902] [0:0.99519997835159302] [0:0.84229999780654907] [0:0.92140001058578491] none [0:0.52710002660751343] [0:0.17309999465942383] [0:0.74229997396469116] [0:0.58069998025894165] [0:0.88730001449584961] [0:0.0071999998763203621] [0:0.34380000829696655] [0:0.64099997282028198] [0:0.85930001735687256] [0:0.23749999701976776] [0:0.22259999811649323] [0:0.2533000111579895] [0:0.73909997940063477] [0:0.24310000240802765] [0:0.68949997425079346] [0:0.59439998865127563] [0:0.28949999809265137] [0:0.86049997806549072] none [0:0.049949999898672104] [0:0.049949999898672104] [0:0.33360001444816589] [0:0.034200001507997513] [0:0.17000000178813934] [0:0.46219998598098755] [0:0.4918999969959259] [0:0.92790001630783081] [0:0.0054000001400709152] [0:0.13629999756813049] none [0:0.65880000591278076] [0:0.014899999834597111] [0:0.0210999995470047] [0:0.51429998874664307] [0:0.082000002264976501] [0:0.90149998664855957] [0:0.01080000028014183] [0:0.61299997568130493] [0:0.26050001382827759] [0:0.97990000247955322] [0:0.62430000305175781] [0:0.6370999813079834] [0:0.28009998798370361] [0:0.34349998831748962] none [0:0.0082000000402331352] [0:0.01810000091791153] [0:0.59350001811981201] [0:0.11800000071525574] [0:0.73650002479553223] [0:0.45519998669624329] [0:0.051100000739097595] [0:0.633899986743927] [0:0.1988999992609024] [0:0.17700000107288361] none [0:0.079300001263618469] [0:0.10209999978542328] [0:0.83009999990463257] [0:0.99229997396469116] [0:0.16809999942779541] [0:0.080300003290176392] [0:0.96530002355575562] [0:0.30309998989105225] [0:0.33629998564720154] [0:0.52249997854232788] [0:0.23649999499320984] none [0:0.038699999451637268] [0:0.17430000007152557] [0:0.13169999420642853] [0:0.032000001519918442] [0:0.0063000000081956387] [0:0.89319998025894165] [0:0.9968000054359436] [0:0.86339998245239258] [0:0.99999827146530151] [0:0.99999868869781494] [0:0.34387916326522827] [0:1]
tree_sizes=3377 3459 3447 3464 3452 3463 3468 3476 3473 3463 3482 3467 3469 3483 3477 3470 3480 3467 3487 3494 3491 3479 3483 3492 3489 3476 3490 3486 3482 3498 3480 3486 3480 3485 3486 3500 3495 3487 3471 3489 3500 3485 3507 3500 3500 3476 3485 3497 3490 3482 3498 3501 3516 3506 3498 3500 3515 3512 3511 3485 3474 3487 3511 3521 3493 3505 3497 3514 3495 3503 3488 3501 3511 3506 3507 3506 3499 3520 3514 3506 3499 3505 3484 3505 3508 3502 3520 3497 3517 3503 3505 3506 3508 3519 3508 3530 3495 3511 3513 3514 3525 3496 3515 3508 3489 3521 3545 3512 3515 3522 3510 3509 3510 3533 3497 3488 3505 3509 3511 3499 3530 3497 3501 3513 3510 3498 3504 3513 3500 3493 3553 3526 3528 3502 3518 3517 3511 3497 3508 3528 3502 3524 3497 3526 3517 3493 3514 3510 3519 3528 3517 3556 3540 3509 3494 3514 3561 3509 3504 3504 3527 3529 3541 3506 3522 3520 3545 3522 3531 3548 3532 3504 3533 3514 3562 3526 3526 3512 3537 3565 3532 3529 3542 3538 3540 3532 3554 3525 3511 3522 3538 3540 3516 3522 3544 3536 3551 3536 3508 3510

Tree=0
num_leaves=31
num_cat=0
split_feature=293 288 101 295 205 243 1 239 172 188 153 179 211 295 186 176 305 224 247 270 270 102 243 247 308 279 198 243 247 112
split_gain=1100.71 392.885 140.297 100.27 80.4138 72.8449 72.6834 73.1197 61.5254 50.0268 41.9437 128.768 69.8125 62.5343 51.5135 48.0914 41.575 39.0788 36.6454 31.0696 61.3144 35.1631 64.4285 51.2275 63.0584 78.4399 32.8718 31.0914 30.4833 27.2207
threshold=0.003249999950639904 1.0000000180025095e-35 0.0012500000302679839 0.014050000347197058 0.0013499999768100681 0.020200000144541267 0.0018500000005587938 0.0079999999143183249 0.071550000458955779 0.083350002765655531 0.0072500000242143878 1.0000000180025095e-35 0.0098500000312924402 0.0030000000260770325 0.0047000001650303611 0.012149999849498274 0.060850000008940704 0.24719999730587008 0.41320000588893896 0.0012500000302679839 0.0010500000207684936 0.0012500000302679839 0.011399999726563694 0.0010500000207684936 0.00039996500709094113 0.0017499999958090486 0.0017499999958090486 0.0018500000005587938 0.0023500000825151805 0.024900000542402271
decision_type=2 2 2 2 2 2 2 2 2 2 2 2 2 2 2 2 2 2 2 2 2 2 2 2 2 2 2 2 2 2
left_child=1 2 3 4 5 6 7 8 9 10 11 12 14 16 15 18 17 -12 19 20 21 22 23 26 25 27 -1 -25 -26 -8
right_child=-2 -3 -4 -5 -6 -7 29 -9 -10 -11 13 -13 -14 -15 -16 -17 -18 -19 -20 -21 -22 -23 -24 24 28 -27 -28 -29 -30 -31
leaf_value=-1.6041732671289115 -1.2989925638746216 -1.3183225686058682 -1.3331828613587278 -1.2976921209326 -1.3302512802837114 -1.3331828613587278 -1.3256350380707127 -1.3985977544584447 -1.2976921209326 -1.3463172866801363 -1.6141551973411037 -1.3597045400585581 -1.3183225686058682 -1.3237852913747508 -1.2976921209326 -1.3748847677368563 -1.4122877717268953 -1.3622433906129532 -1.3748847677368563 -1.6294567472699659 -1.3207345910643733 -1.625817949097262 -1.2976921209326 -1.5697810020794638 -1.4457713114972284 -1.3904559451640166 -1.4101089491328807 -1.353159783888304 -1.6124219888025546 -1.5593664046133791
leaf_weight=116.157222032547 38.448437720537186 14.54161351919174 5.6352726221084586 3.0443522930145255 3.071332335472106 2.8176363110542288 3.5787243843078604 4.9551246762275687 1.7758721709251393 2.0565482378005973 247.42222130298615 6.4503207802772513 2.4236022531986228 1.9162102043628682 1.5221761465072621 2.5909203290939322 2.6179003715515128 1.5491561889648426 1.9431902468204487 47.925541162490845 2.1699062287807456 48.1522576212883 2.0295681953430167 20.397746056318287 3.038914471864703 11.319067507982252 2.2238663136959067 1.8028522133827198 28.278217434883118 1.910772383213043
leaf_count=244 152 60 24 12 13 12 15 24 7 9 763 29 10 8 6 12 13 7 9 46 9 122 8 111 16 54 11 8 58 12
internal_value=-1.55828 -1.57502 -1.58145 -1.58388 -1.58541 -1.58678 -1.58804 -1.58982 -1.59152 -1.59246 -1.59338 -1.58068 -1.58556 -1.60834 -1.5878 -1.58933 -1.6105 -1.61259 -1.59128 -1.59276 -1.58529 -1.58775 -1.57786 -1.58096 -1.54524 -1.49757 -1.60053 -1.55219 -1.59625 -1.40699
internal_weight=633.767 595.318 580.776 575.141 572.097 569.026 566.208 560.718 555.763 553.987 551.931 298.425 291.975 253.505 289.551 288.029 251.589 248.971 285.438 283.495 235.57 233.4 185.247 183.218 64.8368 33.5197 118.381 22.2006 31.3171 5.4895
internal_count=1884 1732 1672 1648 1636 1623 1611 1584 1560 1553 1544 753 724 791 714 708 783 770 696 687 641 632 510 502 247 173 255 119 74 27
is_linear=0
shrinkage=1


Tree=1
num_leaves=31
num_cat=0
split_feature=293 288 101 295 205 1 239 243 172 188 218 232 207 207 179 112 292 123 116 99 309 216 209 218 249 195 232 307 216 256
split_gain=790.359 289.934 105.116 73.6944 60.4165 56.4927 56.8479 56.6959 45.6719 38.3162 38.6378 72.2333 45.6509 38.6131 40.5144 123.884 42.0896 36.5981 35.1061 48.1452 64.8781 33.7637 31.2541 30.0806 30.4719 28.5291 27.9261 26.0521 75.8401 74.6053
threshold=0.003249999950639904 1.0000000180025095e-35 0.0012500000302679839 0.014050000347197058 0.0013499999768100681 0.0018500000005587938 0.0079999999143183249 0.020200000144541267 0.071550000458955779 0.083350002765655531 0.0012500000302679839 0.002549999975599349 0.0024500000290572648 0.0027499999850988392 1.0000000180025095e-35 0.0022500000195577745 0.55884999036788952 0.0010500000207684936 0.0010500000207684936 0.0011500000255182388 0.20870623737573626 0.0052499999292194852 0.0012500000302679839 0.0021499999566003685 0.0029499999945983295 0.0022500000195577745 0.0019500000635161998 0.14225390553474429 0.0010500000207684936 0.017150000669062141
decision_type=2 2 2 2 2 2 2 2 2 2 2 2 2 2 2 2 2 2 2 2 2 2 2 2 2 2 2 2 2 2
left_child=1 2 3 4 5 6 7 8 9 10 11 18 21 -14 22 26 -17 -13 19 20 -1 -12 23 -15 27 -22 -16 28 -25 -30
right_child=-2 -3 -4 -5 -6 -7 -8 -9 -10 -11 12 17 13 14 15 16 -18 -19 -20 -21 25 -23 -24 24 -26 -27 -28 -29 29 -31
leaf_value=-0.011637394491781212 0.23219633608898202 0.2194722526972801 0.20948807473741382 0.23304189652374219 0.21147190512124767 0.15686063406194836 0.16331233828422068 0.20948807473741382 0.23304189652374219 0.20051263695648741 -0.019000310004726805 0.1951940281679054 0.14905915598482786 0.17565716739878945 0.079590908167865709 -0.035964288905444099 0.20223529609680535 -0.023383743149561334 -0.041537072242034845 -0.051021192302495799 0.1885016503658723 0.13216548815793386 0.12470173081075848 -0.010091417277859671 0.20257407355176046 0.021166162576353755 0.24350708357892251 -0.047033772771825209 -0.06004847609407702 0.23553659812360023
leaf_weight=11.179422661662104 46.135287910699844 17.256139397621155 6.629809856414794 3.6557124853134146 3.6195471882820121 6.1833758354187003 5.6076734364032736 3.3149049282073966 2.1324989497661582 2.4009807109832755 287.9232489168644 9.1650786399841291 5.169230416417121 2.2934000939130774 3.8487597554922086 18.713580682873729 2.0585280507802954 2.4209464788436881 19.596807092428207 10.00493712723255 10.888794556260107 3.7418875545263282 4.8652471005916587 102.89444576203823 1.717560127377509 3.3249008804559699 7.9982487857341766 34.838896989822388 3.2045272886753065 6.394563689827919
leaf_count=18 152 60 24 12 13 27 24 12 7 9 739 41 26 11 21 35 9 16 81 33 52 19 25 290 8 21 31 38 4 26
internal_value=0.0327354 0.0174759 0.0115254 0.0092593 0.00783778 0.00654895 0.00490596 0.00331999 0.00209251 0.00120456 0.00033803 0.0360574 -0.00455884 0.0142375 0.0105467 0.0612292 -0.0123586 0.149521 0.0121534 0.0418771 0.0784792 -0.0170609 -3.67374e-05 -0.00404671 -0.00681178 0.149358 0.190255 -0.00925274 0.00244793 0.13686
internal_weight=649.179 603.044 585.788 579.158 575.502 571.882 565.699 560.091 556.776 554.644 552.243 66.5809 485.662 193.997 188.828 32.6191 20.7721 11.586 54.9949 35.3981 25.3931 291.665 156.209 151.343 149.05 14.2137 11.847 147.332 112.494 9.59909
internal_count=1884 1732 1672 1648 1636 1623 1596 1572 1560 1553 1544 262 1282 524 498 96 44 57 205 124 91 758 402 377 366 73 52 358 320 30
is_linear=0
shrinkage=0.05


Tree=2
num_leaves=31
num_cat=0
split_feature=293 288 215 106 47 211 216 123 253 216 263 306 218 243 256 198 232 220 207 32 251 232 106 237 246 238 218 207 219 195
split_gain=609.276 227.258 90.8132 103.582 61.9369 56.3097 57.3817 49.095 40.5138 69.2696 52.7503 50.5189 39.3692 55.8196 43.7138 39.688 38.693 38.6217 53.4053 35.8306 28.95 31.596 27.6276 27.2549 22.186 42.413 39.2049 21.5731 20.8281 20.3699
threshold=0.003249999950639904 1.0000000180025095e-35 0.0013499999768100681 0.0017499999958090486 0.0038499999791383748 0.012950000353157522 0.0052499999292194852 0.051300000399351127 1.0000000180025095e-35 0.0013499999768100681 0.0028499999316409235 0.18789320439100268 1.0000000180025095e-35 1.0000000180025095e-35 0.019999999552965168 0.0017499999958090486 0.0063499999232590207 0.0034500000765547161 0.064750000834465041 0.0056499999482184657 0.0010500000207684936 0.0038499999791383748 0.0013499999768100681 0.065850000828504576 0.0024500000290572648 0.24965000152587893 0.01625000033527613 0.0014499999815598132 0.027900000102818016 0.044299999251961715
decision_type=2 2 2 2 2 2 2 2 2 2 2 2 2 2 2 2 2 2 2 2 2 2 2 2 2 2 2 2 2 2
left_child=1 2 5 -4 -5 6 8 -7 12 10 11 -10 13 14 20 17 29 23 -19 24 21 -1 -12 -14 25 -13 -26 -6 -9 -17
right_child=-2 -3 3 4 27 7 -8 28 9 -11 22 19 15 -15 -16 16 -18 18 -20 -21 -22 -23 -24 -25 26 -27 -28 -29 -30 -31
leaf_value=-0.020425137240342395 0.19434456058417318 0.18459260384052226 0.21914512341680578 -0.033340098817995219 -0.065673501533098713 0.15571191297427159 0.16252680981673875 -0.046467098942859025 0.10597306648697782 0.20480786316674093 0.2159620833698308 -0.033877421391890199 -0.017702355264375892 0.2054101293248779 0.17502242406808027 -0.029911917876329283 0.20537396296339214 0.18199407083638999 -0.021830911054852936 0.13676916479471646 0.16018159449883024 0.10252582503525172 0.042405815854901149 0.17156909312579183 -0.059590873659021826 0.19608898199888597 0.17798993837894195 0.19914824791740771 0.15120178161326592 0.17626597655944265
leaf_weight=38.746296480298042 52.183172658085823 19.426153242588043 10.817438781261446 13.480748742818834 0.90474744141101737 11.522952243685724 5.5918434709310523 6.376186788082121 11.33113658428192 5.3933805376291266 4.8581859171390516 58.583560049533844 354.02273069322109 4.3828386366367331 4.1596899777650824 5.8026882857084257 4.0452745854854584 5.9126899838447553 7.0404136776924133 4.0527009069919577 2.8619769662618628 6.0397713780403128 4.342657208442688 1.9122895598411549 3.2309363037347785 2.0760304331779471 3.7539544701576233 5.1268187910318375 1.684762120246887 1.5096259266138075
leaf_count=132 152 60 35 18 5 47 22 25 59 20 18 104 914 17 16 38 16 25 10 17 14 30 25 7 5 7 16 17 7 6
internal_value=0.0303765 0.0163264 0.010782 0.0950459 0.0262465 0.006212 0.00318956 0.0894979 0.00152122 0.0306393 0.0204542 0.00786645 -0.00499194 0.0340731 0.0195783 -0.0107648 0.0812954 -0.0135992 0.0712089 -0.00763847 0.00600801 -0.00384418 0.134046 -0.0166855 -0.0162902 -0.026007 0.0680944 0.159424 -0.00515372 0.0126535
internal_weight=661.174 608.99 589.564 30.3298 19.5123 559.235 539.651 19.5839 534.059 97.6225 92.2292 83.0283 436.436 56.1906 51.8077 380.246 11.3576 368.888 12.9531 71.6972 47.648 44.7861 9.20084 355.935 67.6445 60.6596 6.98489 6.03157 8.06095 7.31231
internal_count=1884 1732 1672 75 40 1597 1518 79 1496 271 251 208 1225 209 192 1016 60 956 35 149 176 162 43 921 132 111 21 22 32 44
is_linear=0
shrinkage=0.05


Tree=3
num_leaves=31
num_cat=0
split_feature=293 288 215 99 211 216 155 270 2 153 153 149 247 188 102 295 188 256 218 309 153 195 292 173 243 204 196 144 237 67
split_gain=490.858 185.032 77.0206 80.2933 47.9586 47.1065 43.7757 38.3163 54.882 49.3336 35.4197 55.1759 46.0041 50.1015 49.3405 43.58 38.7239 36.6654 34.7024 58.9696 41.8954 32.2983 30.9579 28.545 36.0387 29.8203 40.4513 28.6464 28.4975 27.5584
threshold=0.003249999950639904 1.0000000180025095e-35 0.0013499999768100681 0.0018500000005587938 0.012950000353157522 0.0052499999292194852 0.0070500001311302194 0.0014499999815598132 0.0019500000635161998 0.18280000239610675 0.0072500000242143878 0.084199998527765288 0.0010500000207684936 1.0000000180025095e-35 0.0011500000255182388 0.0012500000302679839 0.0046500000171363362 0.011549999937415125 0.0010500000207684936 0.57482090592384349 1.0000000180025095e-35 0.0029499999945983295 0.50740000605583202 0.00035000000207219278 0.0018500000005587938 0.0029499999945983295 0.0082999998703598993 0.0019500000635161998 0.002549999975599349 0.0020500000100582842
decision_type=2 2 2 2 2 2 2 2 2 2 2 2 2 2 2 2 2 2 2 2 2 2 2 2 2 2 2 2 2 2
left_child=1 2 4 -4 5 7 -6 8 10 -10 12 22 13 18 15 17 -15 23 19 -1 -21 -5 29 24 25 26 -14 -27 -25 -12
right_child=-2 -3 3 21 6 -7 -8 -9 9 -11 11 -13 14 16 -16 -17 -18 -19 -20 20 -22 -23 -24 28 -26 27 -28 -29 -30 -31
leaf_value=-0.019190296800926661 0.16876052847424181 0.16057181411257773 0.17466286223345104 -0.017267312204826298 0.1453450487956679 0.1410621481605655 -0.0016987934348056321 -0.025107306809292226 0.13765734042479152 -0.016370316432141051 -0.025556122709222053 0.13482071616648394 -0.0079990684207354289 0.20537674192150823 -0.029333412080992327 -0.011691144147345992 0.010034589795976344 0.18147905099508857 -0.022289447296539117 0.14311027916476274 -0.039296093249414923 0.15748189175645858 0.1843741078280639 0.22545883419883828 0.20091007589805054 0.16089145410944683 0.24778106541489403 -0.060525866470116152 -0.026296445694974094 0.16255427494625843
leaf_weight=24.359750837087631 56.950225070118904 21.165043205022812 14.129687443375589 14.428055718541147 11.528963282704355 6.1057419776916495 9.0226849019527418 108.66506457328796 14.81015418469906 8.0103302896022779 147.08987425267696 5.9380086213350287 13.61071263253689 5.0624848902225477 17.533369392156601 14.610352262854574 5.0857200622558594 8.4277008026838285 108.15324725210667 13.569150418043138 4.0988437831401816 3.2374945878982535 1.8205308914184559 1.2593920230865467 6.1373255401849738 9.73262871801853 1.7437874376773823 1.7187603265047062 10.460310250520704 1.9731257259845723
leaf_count=35 152 60 43 20 42 22 37 131 65 51 531 27 86 21 46 19 13 30 221 58 27 12 7 5 22 44 6 12 32 7
internal_value=0.0283422 0.0153072 0.0101165 0.0858193 0.00582238 0.00296912 0.0807891 0.00138979 0.00816135 0.0835913 0.00388349 -0.0146796 0.0157382 -4.10457e-05 0.0454197 0.0647795 0.107482 0.0858239 -0.00730672 0.0312495 0.100793 0.0147583 -0.0205632 0.0677742 0.0916159 0.0665925 0.0210495 0.127659 0.000757022 -0.0230661
internal_weight=670.439 613.488 592.323 31.7952 560.528 539.976 20.5516 533.871 425.206 22.8205 402.385 156.822 245.564 160.329 85.2343 67.701 10.1482 53.0906 150.181 42.0277 17.668 17.6656 150.884 44.6629 32.9432 26.8059 15.3545 11.4514 11.7197 149.063
internal_count=1884 1732 1672 75 1597 1518 79 1496 1365 116 1249 572 677 375 302 256 34 237 341 120 85 32 545 207 170 148 92 56 37 538
is_linear=0
shrinkage=0.05


Tree=4
num_leaves=31
num_cat=0
split_feature=293 288 215 106 47 211 216 155 253 253 170 32 198 218 243 256 54 269 220 308 267 267 106 237 253 94 204 218 209 238
split_gain=407.758 154.704 66.2664 65.4437 45.9395 41.3149 39.4986 36.74 33.4179 76.8245 53.6772 38.5441 37.54 38.9694 36.7677 35.1286 35.0625 32.4869 26.6384 43.5904 28.8686 31.366 39.4396 22.7236 20.0051 19.1515 18.2136 40.3442 18.2101 17.9509
threshold=0.003249999950639904 1.0000000180025095e-35 0.0013499999768100681 0.0017499999958090486 0.0038499999791383748 0.012950000353157522 0.0052499999292194852 0.012099999934434892 0.0016499999910593035 0.0063000000081956395 0.17230000346899035 0.0056499999482184657 0.0017499999958090486 1.0000000180025095e-35 1.0000000180025095e-35 0.019999999552965168 1.0000000180025095e-35 0.36954998970031744 0.0012500000302679839 0.00019999499636469412 0.0011500000255182388 0.0053499999921768912 0.0010500000207684936 0.065850000828504576 0.0010500000207684936 0.0014499999815598132 0.0077499998733401307 0.071899998933076872 0.0035500000230968003 0.00335000001359731
decision_type=2 2 2 2 2 2 2 2 2 2 2 2 2 2 2 2 2 2 2 2 2 2 2 2 2 2 2 2 2 2
left_child=1 2 5 -4 -5 6 8 25 12 10 -10 26 13 14 15 -1 -14 18 23 -20 -21 -22 -23 -15 29 -7 27 -11 -9 -24
right_child=-2 -3 3 4 -6 7 -8 28 9 11 -12 -13 16 17 -16 -17 -18 -19 19 20 21 22 24 -25 -26 -27 -28 -29 -30 -31
leaf_value=0.0060074048036736624 0.15023580486535268 0.14293597230623756 0.16617758333943017 -0.032634091727348401 0.1267164295160868 0.1369046789415026 0.12490182363185109 -0.060016666807744458 0.13055002227610787 -0.024356340033005651 -0.032858780920324904 0.14331958750047136 0.11663811237120102 -0.01963131378081296 0.15839160494058613 0.14386021933391011 -0.061920551287773642 0.21003707532133586 0.20296858373626159 0.18643285712046404 -0.040599798520932519 0.1623296338818484 -0.061322070909876882 0.1463372700839945 -0.036563063772586384 -0.063581111976798096 -0.044132903152409295 0.17608938761973544 0.15001654948047671 0.10828511198683109
leaf_weight=48.668708175420761 60.667164027690887 22.548079133033752 12.913938537240027 13.213500037789347 6.8768444657325736 13.186910361051561 6.5386347919702521 5.6227029263973227 23.109397649765018 9.873390316963194 6.4220799803733817 3.8454518765211096 11.45265945792198 326.20111784338951 5.1950650215148917 5.106216847896575 3.6177567392587653 1.6360951364040364 3.0504805743694297 2.1778732091188422 23.799870878458023 5.1905297935009029 2.0800102800130862 2.0754830688238135 11.150363117456434 1.3094582855701435 29.097224146127701 3.366157427430152 1.2639822810888288 6.2406861633062363
leaf_count=178 152 60 35 18 22 44 22 22 95 29 7 13 49 859 17 17 24 5 11 9 40 21 14 6 21 8 42 12 5 27
internal_value=0.0265489 0.014384 0.00950649 0.0783597 0.021911 0.00545778 0.00275809 0.0736216 0.00126068 0.0320307 0.0950142 -0.00824455 -0.00382999 -0.00647254 0.0313686 0.0190973 0.0737739 -0.0122897 -0.0132421 0.0194081 0.00835053 0.000347457 0.0398639 -0.018582 0.00721745 0.118795 -0.0220111 0.026607 -0.0214672 0.0658867
internal_weight=677.498 616.831 594.283 33.0043 20.0903 561.278 539.895 21.3831 533.357 75.7137 29.5315 46.1822 457.643 442.573 58.97 53.7749 15.0704 383.603 381.966 53.6898 50.6393 48.4615 24.6616 328.277 19.4711 14.4964 42.3368 13.2395 6.88669 8.3207
internal_count=1884 1732 1672 75 40 1597 1518 79 1496 198 102 96 1298 1225 212 195 73 1013 1008 143 132 123 83 865 62 52 83 41 27 41
is_linear=0
shrinkage=0.05


Tree=5
num_leaves=31
num_cat=0
split_feature=293 288 215 99 205 1 220 89 308 50 212 157 239 218 243 179 269 232 198 232 176 247 237 269 267 99 182 106 109 306
split_gain=346.342 131.867 57.7949 53.9553 40.2223 34.897 36.1713 46.2764 33.9411 82.3549 39.8538 33.5151 30.4414 30.026 30.8269 29.2593 25.8647 25.4528 24.225 42.6468 23.2914 23.2097 54.8318 44.4606 38.4755 25.2099 25.8455 21.6388 21.0795 20.9393
threshold=0.003249999950639904 1.0000000180025095e-35 0.0013499999768100681 0.0018500000005587938 0.0013499999768100681 0.0018500000005587938 0.0014499999815598132 0.0010500000207684936 0.00089995999587699782 0.0012500000302679839 0.0011500000255182388 0.001300000003539026 0.0084500000812113302 1.0000000180025095e-35 1.0000000180025095e-35 0.013900000136345627 0.0010500000207684936 0.15569999814033511 0.0017499999958090486 0.002549999975599349 0.031150001101195816 0.0049499999731779107 0.018050000071525577 0.0022500000195577745 0.013050000183284284 0.0016499999910593035 0.0014499999815598132 0.0017499999958090486 0.0011500000255182388 0.12041602656245233
decision_type=2 2 2 2 2 2 2 2 2 2 2 2 2 2 2 2 2 2 2 2 2 2 2 2 2 2 2 2 2 2
left_child=1 2 4 -4 5 6 12 8 9 -8 -10 -9 13 14 16 18 -1 27 20 -20 21 29 25 24 28 26 -23 -5 -24 -15
right_child=-2 -3 3 17 -6 -7 7 11 10 -11 -12 -13 -14 15 -16 -17 -18 -19 19 -21 -22 22 23 -25 -26 -27 -28 -29 -30 -31
leaf_value=0.00505222067631644 0.13617526485489889 0.12939569806431006 0.13901582668915197 0.1713307147607529 0.15662563172727945 0.11079551992540347 0.15394309592270916 0.12610456910515447 -0.017403310796451323 -0.041616508632172804 0.16946518565493007 -0.059252164208833516 0.1071999612219578 -0.0071631211003020823 0.13987201684904679 0.11701009001723295 0.12117832104738471 0.17011725885261786 -0.022459334744759859 0.12168702707438711 0.15436926537905526 0.010039675330738265 0.15685096044646402 0.17311050334598024 -0.059385149746097848 -0.034625042249616975 0.18738276774554632 -0.029101607821745003 -0.022376069322944645 -0.034940689277309388
leaf_weight=48.931052923202515 63.504108607769012 23.631529122591019 16.016985908150673 1.4884700775146509 4.3476158380508414 7.5388522148132315 11.969830110669138 16.646622776985172 53.700974158942699 9.7840978503227216 3.0133377015590659 2.8573248982429496 6.1267691850662223 121.94178585708141 5.5778104513883582 4.4725914001464835 5.3159219324588767 2.2432172894477835 11.693630255758764 9.1433101743459684 2.0266317874193183 11.367232114076613 5.3303842842578906 7.5573070347309104 7.1497266292572021 46.924887388944626 2.5076746493577948 14.127657502889631 2.3699922114610672 152.9289862960577
leaf_count=174 152 60 43 4 12 27 47 59 99 14 9 3 21 389 17 20 22 6 41 36 7 69 23 28 16 149 9 22 16 290
internal_value=0.024975 0.0135619 0.00896212 0.0723841 0.00513388 0.00395116 0.00248488 0.0300237 0.0128915 0.0659877 -0.00747464 0.0989498 -0.00349261 -0.00501581 0.027941 -0.0101314 0.016432 0.0126261 -0.0116242 0.0407925 -0.0146572 -0.0156139 0.00752277 0.0743819 0.0241384 -0.0171178 0.0420917 -0.00999716 0.101689 -0.0226176
internal_weight=682.236 618.732 595.101 33.8763 561.224 556.877 549.338 97.9722 78.4682 21.7539 56.7143 19.5039 451.366 445.239 59.8248 385.414 54.247 17.8593 380.942 20.8369 360.105 358.078 83.2072 22.4074 14.8501 60.7998 13.8749 15.6161 7.70038 274.871
internal_count=1884 1732 1672 75 1597 1585 1558 231 169 61 108 62 1327 1306 213 1093 196 32 1073 77 996 989 310 83 55 227 78 26 39 679
is_linear=0
shrinkage=0.05


Tree=6
num_leaves=31
num_cat=0
split_feature=245 288 123 182 47 205 157 218 307 74 132 184 195 153 176 247 308 198 144 25 256 220 218 123 309 309 153 271 161 25
split_gain=234.272 80.5805 68.2759 68.6125 61.7592 40.1136 39.596 38.1157 50.8905 44.726 29.0151 28.9317 27.1563 25.2971 48.5112 44.1011 43.4855 34.6609 33.9622 31.3214 29.9199 29.6612 27.5235 47.7021 34.8939 25.4197 23.4736 23.1436 21.5638 21.0174
threshold=0.0012500000302679839 1.0000000180025095e-35 0.0019500000635161998 0.013849999755620958 0.0017499999958090486 0.0013499999768100681 1.0000000180025095e-35 0.0030500000575557355 0.0084380931220948713 0.0034499999601393942 0.0010500000207684936 0.0016999999643303456 0.0019500000635161998 0.0072500000242143878 0.0042499999981373557 0.0020500000100582842 0.00039994499820750212 0.0012500000302679839 0.002650000038556755 0.0024500000290572648 0.0017499999958090486 0.013749999925494196 0.0012500000302679839 0.0018500000005587938 0.65081253647804271 0.94604119658470165 0.0037500000325962905 0.0034500000765547161 0.00025000000459840527 0.002650000038556755
decision_type=2 2 2 2 2 2 2 2 2 2 2 2 2 2 2 2 2 2 2 2 2 2 2 2 2 2 2 2 2 2
left_child=1 4 -2 11 5 6 13 -6 -9 10 -10 -4 -11 14 15 17 18 22 20 26 -17 28 24 -24 -1 -16 -18 -25 -15 -26
right_child=2 -3 3 -5 7 -7 -8 8 9 12 -12 -13 -14 21 25 16 19 -19 -20 -21 -22 -23 23 27 29 -27 -28 -29 -30 -31
leaf_value=-0.017687540307288797 0.12964720740998434 0.12414626306865964 -0.028385541172435375 0.11925728078159058 0.13485172966436029 0.13666475453100649 0.14846454254772171 -0.037853534853166816 0.12751329752697324 -0.037744783427661875 -0.03764570389569518 0.1250130964082892 0.11651624215352539 -0.017386839398461414 0.13595597880266252 0.012510520058349784 -0.028586125480383952 0.1152943182719065 -0.025150020745080465 0.10941496519117103 0.12250234481272052 0.16590852391140798 -0.030724642853604284 0.053878775849461706 0.092548968923762978 -0.030241479825845349 0.11965377365570057 0.28968377529187983 0.12058447582919785 -0.06084693778663567
leaf_weight=25.368659764528275 57.346053928136826 15.420099020004271 21.780874118208889 18.827305741608143 11.715592131018637 5.4845682680606833 4.4921637028455725 16.612333804368973 21.953895926475528 11.806024298071859 3.0257599353790274 3.5788239687681189 3.7621067166328421 208.47307720780373 10.865705668926237 8.3101133704185468 34.107226669788361 5.4095324873924246 7.2797403037548056 5.6497977375984183 24.1510079652071 2.2772326171398154 125.18357215076685 3.1758191883563986 16.508780241012577 2.9187254011631003 2.8973262459039679 1.5476318597793577 2.8709685355424872 2.5823017656803122
leaf_count=40 136 37 54 53 36 14 14 28 67 12 16 10 11 682 35 47 54 20 29 23 90 6 231 20 71 2 12 6 10 18
internal_value=0.0235574 0.011367 0.0936561 0.0469466 0.00830759 0.00218797 0.00069517 0.052693 0.0358537 0.0660514 0.107508 -0.00673754 -0.000466934 -0.000660702 0.00933923 0.00453224 0.0348235 -0.00935086 0.0724552 -0.000237843 0.0943442 -0.0135786 -0.0132178 -0.0248392 0.0207387 0.100765 -0.0169795 0.13114 -0.0155126 0.0718003
internal_weight=685.383 583.85 101.533 44.187 568.43 499.554 494.069 68.8757 57.1601 40.5478 24.9797 25.3597 15.5681 489.577 275.956 262.172 82.3952 179.776 39.7409 42.6544 32.4611 213.621 174.367 129.907 44.4597 13.7844 37.0046 4.72345 211.344 19.0911
internal_count=1884 1631 253 117 1594 1424 1410 170 134 106 83 64 23 1396 698 661 255 406 166 89 137 698 386 257 129 37 66 26 692 89
is_linear=0
shrinkage=0.05


Tree=7
num_leaves=31
num_cat=0
split_feature=293 288 215 99 101 1 301 15 218 239 153 179 295 237 216 196 223 212 25 246 246 120 211 211 50 279 32 267 173 218
split_gain=263.111 99.6796 45.715 40.325 29.6696 27.0936 24.2416 28.9563 26.2453 22.6325 24.8997 39.3932 36.7342 29.5437 53.3136 53.9085 23.3057 22.5317 23.6259 44.6993 44.0994 36.9331 27.7919 31.5375 25.1721 22.804 22.7587 26.9535 21.888 52.7852
threshold=0.003249999950639904 1.0000000180025095e-35 0.0013499999768100681 0.0018500000005587938 0.0012500000302679839 0.0018500000005587938 0.00045000000682193791 0.009800000116229059 0.22770000249147418 0.0084500000812113302 0.0027499999850988392 1.0000000180025095e-35 0.0030000000260770325 0.013900000136345627 0.0013499999768100681 0.0089499996975064295 0.002650000038556755 0.013950000051409008 0.0022500000195577745 0.0057500000111758718 0.0062500000931322583 0.0010500000207684936 0.0020500000100582842 1.0000000180025095e-35 0.0012500000302679839 0.0021499999566003685 0.0075499999802559623 0.0017499999958090486 0.00035000000207219278 0.038999998942017562
decision_type=2 2 2 2 2 2 2 2 2 2 2 2 2 2 2 2 2 2 2 2 2 2 2 2 2 2 2 2 2 2
left_child=1 2 4 -4 5 6 8 -8 9 10 11 16 13 -12 15 -15 17 18 19 22 21 24 23 26 -20 -23 28 -28 29 -1
right_child=-2 -3 3 -5 -6 -7 7 -9 -10 -11 12 -13 -14 14 -16 -17 -18 -19 20 -21 -22 25 -24 -25 -26 -27 27 -29 -30 -31
leaf_value=-0.0014692224173517314 0.1163903385585745 0.10975143656065185 0.11824390992744115 0.010847846780726372 0.13763430718605371 0.094228361084068971 0.14410898409009243 -0.05799921270909375 0.15254355439043318 0.092612157814286777 -0.021802418776655442 0.1447010804571619 0.17991831551247342 -0.013077237234329074 0.11514032024961161 0.16028107318775917 0.19213005996000868 0.14568300575239013 0.15385531067178007 0.18171575631856135 -0.058559977336551328 -0.059852082977983181 -0.055382793985572866 0.22657699055444969 -0.02492605659876862 0.086990916278226929 -0.06327256533473366 0.16234010797162157 -0.050651413821335693 0.19823031166059518
leaf_weight=118.96329798549414 67.017224729061127 25.077359482645988 17.129305258393288 17.847563847899437 4.155143439769744 8.1133293658494932 6.1063908338546735 2.4968487098813057 2.8365931659936896 6.5240623652935019 216.74330651015043 5.4261892288923255 2.5165525674819937 71.703910827636719 11.07519295811653 4.7836102768778792 1.7107629030942906 2.8835469782352439 12.653735339641573 3.2416756451129904 8.083590053021906 6.0287612825632078 24.226385071873665 1.5512900948524464 2.3316554278135291 4.7090276330709457 1.9057701528072346 4.3352274149656296 21.467627875506878 3.4036848396062842
leaf_count=303 152 60 43 32 10 27 15 2 9 21 729 16 7 171 36 18 5 9 46 10 8 26 19 5 14 20 12 15 33 11
internal_value=0.0222752 0.0121026 0.00798666 0.0634432 0.00452278 0.00352768 0.00218411 0.0854528 0.000855281 5.29264e-05 -0.00108699 0.0116305 -0.0103269 -0.0119002 0.0126108 -0.00223523 0.00831059 0.00685325 0.00497294 -0.00226367 0.0433096 0.0753225 -0.00565514 0.00229016 0.126038 0.00454551 -2.82352e-05 0.0934463 -0.00408411 0.0040855
internal_weight=687.049 620.031 594.954 34.9769 559.977 555.822 547.709 8.60324 539.105 536.269 529.745 222.922 306.823 304.306 87.5627 76.4875 217.496 215.785 212.902 179.095 33.8068 25.7232 175.853 151.627 14.9854 10.7378 150.076 6.241 143.835 122.367
internal_count=1884 1732 1672 75 1597 1587 1560 17 1543 1534 1513 552 961 954 225 189 536 531 522 408 114 106 398 379 60 46 374 27 347 314
is_linear=0
shrinkage=0.05


Tree=8
num_leaves=31
num_cat=0
split_feature=293 288 96 205 204 256 158 293 32 306 54 188 218 270 232 270 182 295 232 202 153 247 2 172 50 295 153 47 307 98
split_gain=233.115 88.1488 42.0902 30.5743 29.9986 38.3869 27.3042 26.8011 25.0163 28.5941 28.5695 23.0613 22.5742 23.8398 31.5077 31.8 35.7872 35.4029 28.97 27.4618 29.0903 30.5674 28.5779 28.2005 31.2161 26.3131 25.077 23.3697 21.9248 21.3456
threshold=0.003249999950639904 1.0000000180025095e-35 0.0018500000005587938 0.0013499999768100681 1.0000000180025095e-35 0.058650000020861633 0.0023000000510364775 1.0000000180025095e-35 0.0075499999802559623 0.080461930483579649 0.0013499999768100681 0.083350002765655531 0.24810000509023669 0.0014499999815598132 0.031199999153614048 1.0000000180025095e-35 0.0058500000741332778 0.0028499999316409235 0.021450000815093521 0.0057500000111758718 0.018849999643862251 0.0020500000100582842 0.0019500000635161998 1.0000000180025095e-35 0.0039500000420957812 0.0016499999910593035 0.0030500000575557355 1.0000000180025095e-35 0.0025992000009864573 0.0010500000207684936
decision_type=2 2 2 2 2 2 2 2 2 2 2 2 2 2 2 2 2 2 2 2 2 2 2 2 2 2 2 2 2 2
left_child=1 2 3 6 -4 7 8 -6 11 -10 -11 12 13 14 15 17 -17 18 19 20 21 -1 -22 24 28 -15 -25 -27 29 -23
right_child=-2 -3 4 -5 5 -7 -8 -9 9 10 -12 -13 -14 25 -16 16 -18 -19 -20 -21 22 23 -24 26 -26 27 -28 -29 -30 -31
leaf_value=-0.0037564634246610752 0.10902684911107362 0.10249686086470683 0.11458043992530176 0.12305759415697359 -0.021053427302077807 0.11326915376405339 0.12752224884810764 0.12878797754555824 -0.045848193253699883 0.13519116158666511 0.012568031242097422 0.1255135986660979 0.12265911847096636 -0.02884108294855274 -0.039284596870695708 0.13312707115080361 -0.017816641281114081 0.14233898385288574 0.12651492884049176 0.098934086815030894 -0.035221378125376838 0.064816193973516498 0.046883442409314774 -0.043148331054524244 -0.046060814862615401 0.18163027153351041 0.08945282256395326 -0.011425245110779872 0.1104662476483359 -0.059362849955892229
leaf_weight=154.01743139326572 67.939711645245552 25.49779511988163 13.61832047998905 5.29429668188095 24.010659992694858 9.7071709781885129 4.3190757036209098 3.4077397286891928 5.9391352161765125 10.498277083039286 8.6752380207180959 3.5707500725984564 3.6056282222270957 107.53956483304501 39.53884956240654 10.252399981021883 6.3644554838538161 4.5893562883138648 4.6419212594628325 6.9620232582092276 82.406579405069351 15.265720054507257 12.162425756454466 15.503148704767229 6.2202406972646704 2.8675592243671408 4.6304314509034148 3.4578436985611916 20.529724955558777 4.4750500470399848
leaf_count=410 152 60 41 13 53 26 11 8 41 34 42 10 10 155 69 38 26 13 17 28 314 73 65 22 26 8 21 5 78 15
internal_value=0.0211046 0.0114634 0.00755616 0.00348889 0.0511054 0.0278216 0.00231232 -0.00243015 0.00129906 0.0500149 0.0797092 -0.00110633 -0.00200158 -0.00289798 0.00301143 0.0078167 0.0753138 0.00443234 0.00249576 0.000708875 -0.00146061 0.00848369 -0.024662 0.0367796 0.0581868 -0.0230117 -0.012652 0.0760946 0.074289 0.036666
internal_weight=687.509 619.569 594.071 543.327 50.7439 37.1256 538.033 27.4184 533.714 25.1127 19.1735 508.601 505.03 501.425 387.56 348.021 16.6169 331.404 326.815 322.173 315.211 220.642 94.569 66.6243 46.4907 113.865 20.1336 6.3254 40.2705 19.7408
internal_count=1884 1732 1672 1544 128 87 1531 61 1520 117 76 1403 1393 1383 1215 1146 64 1082 1069 1052 1024 645 379 235 192 168 43 13 166 88
is_linear=0
shrinkage=0.05


Tree=9
num_leaves=31
num_cat=0
split_feature=293 288 215 74 101 263 179 112 25 232 308 280 267 153 117 307 293 247 295 308 247 270 256 87 218 218 309 120 232 47
split_gain=208.455 78.566 38.1061 33.8847 23.8032 23.128 22.341 56.2755 30.8669 23.8026 23.0246 35.4638 22.0468 21.6083 33.5619 33.7519 27.998 32.6845 26.3123 24.4843 30.9464 31.7438 26.0469 25.5223 23.7911 22.5707 39.2552 22.0765 20.0231 18.1746
threshold=0.003249999950639904 1.0000000180025095e-35 0.0013499999768100681 0.0024500000290572648 0.0012500000302679839 0.061950000002980239 0.0010500000207684936 0.0014499999815598132 0.0020500000100582842 0.026250000111758712 0.0098701622337102907 0.002549999975599349 0.084399998188018813 0.0027499999850988392 1.0000000180025095e-35 0.2203619256615639 0.0020500000100582842 0.013000000268220903 0.0030000000260770325 0.0011997500550933184 0.0010500000207684936 0.002549999975599349 0.0113500002771616 0.0027499999850988392 0.059050001204013831 1.0000000180025095e-35 0.65081253647804271 0.002549999975599349 0.0016499999910593035 0.0051500000990927228
decision_type=2 2 2 2 2 2 2 2 2 2 2 2 2 2 2 2 2 2 2 2 2 2 2 2 2 2 2 2 2 2
left_child=1 2 4 5 6 -4 10 28 -9 -10 12 -12 13 14 15 19 18 -18 -15 20 21 24 23 27 25 26 -1 -22 -8 -5
right_child=-2 -3 3 29 -6 -7 7 8 9 -11 11 -13 -14 16 -16 -17 17 -19 -20 -21 22 -23 -24 -25 -26 -27 -28 -29 -30 -31
leaf_value=-0.020908766431920935 0.10286107556757951 0.096357694505187358 0.10352222589545074 -0.058375137393588628 0.12066705622764073 -0.058300201150903799 0.030245940204681784 0.093607696920761596 -0.021065727354873855 0.13529379243574766 0.12262555972176881 -0.011776223239839101 0.1318689962399906 -0.018576717938581989 0.1489774531833909 0.14016921943203772 0.15395855822956861 -0.059331451508003334 0.14801198481198161 -0.047210688273095561 0.070060531897333925 0.18809486823227628 0.14471437908336632 -0.048517180461546766 0.16438986482066911 -0.026418506903036182 0.078157561610105217 -0.013951273819015245 0.14620399612058912 0.099051191513575526
leaf_weight=24.931987456977367 68.397690504789352 25.758684903383255 23.041837096214298 7.615178130567072 4.3348260521888724 2.44201636314392 5.5084277093410519 8.1553243398666364 42.469359442591667 2.5819533467292777 9.3641416877508181 10.314229696989058 3.0085884481668463 238.84004257619381 4.130438268184661 4.5196618735790244 5.1028414219617835 2.7717755809426308 2.3940803706645957 22.456194974482059 27.449956312775612 2.0900050997734061 5.3775484561920157 8.7459855526685697 1.9612386375665654 81.608912646770477 16.696076229214668 10.934631839394568 11.484263636171816 2.4147172272205353
leaf_count=38 152 60 62 6 10 1 26 29 93 8 25 15 8 800 14 13 15 3 6 29 119 6 15 13 7 170 69 32 34 6
internal_value=0.0200327 0.010873 0.00715817 0.0573754 0.0039577 0.0880154 0.00304268 0.0293981 0.00409865 -0.0121045 -0.000790221 0.0521802 -0.00304146 -0.00392381 0.00785358 0.00503452 -0.0138949 0.0788829 -0.0169234 0.00201471 0.00816287 -0.00516019 0.0404601 0.0285648 -0.0083863 -0.0111359 0.0188245 0.0461281 0.108615 -0.0204744
internal_weight=686.903 618.505 592.746 35.5137 557.232 25.4839 552.898 70.1993 53.2066 45.0513 482.698 19.6784 463.02 460.011 210.903 206.772 249.109 7.87462 241.234 202.253 179.796 127.288 52.5081 47.1306 125.198 123.237 41.6281 38.3846 16.9927 10.0299
internal_count=1884 1732 1672 75 1597 63 1587 190 130 101 1397 40 1357 1349 525 511 824 18 806 498 469 290 179 164 284 277 107 151 60 12
is_linear=0
shrinkage=0.05


Tree=10
num_leaves=31
num_cat=0
split_feature=245 288 123 182 47 157 47 215 25 53 218 182 184 129 267 112 308 207 256 182 188 247 121 251 39 116 234 232 217 212
split_gain=148.414 50.8024 42.0275 45.7107 41.4184 24.7749 25.1077 28.4545 24.4853 32.2856 26.1569 21.1454 21.0605 20.1742 19.3909 31.2473 23.0064 33.5174 35.0933 26.5911 24.3641 25.6723 23.5211 21.0877 25.8875 19.4095 36.9915 27.3664 29.767 30.7936
threshold=0.0012500000302679839 1.0000000180025095e-35 0.0019500000635161998 0.013849999755620958 0.0017499999958090486 1.0000000180025095e-35 0.0011500000255182388 0.0014499999815598132 0.0019500000635161998 0.0034500000765547161 0.002650000038556755 0.0018500000005587938 0.0016999999643303456 0.036599999293684966 0.063299998641014113 0.0028499999316409235 0.0011998950503766539 0.0099499998614192026 0.091949999332427992 0.01480000000447035 0.0028499999316409235 0.059500001370906837 0.0010500000207684936 0.0015499999863095584 0.0023000000510364775 0.0017499999958090486 0.0020500000100582842 0.044250000268220908 0.0012500000302679839 0.0019500000635161998
decision_type=2 2 2 2 2 2 2 2 2 2 2 2 2 2 2 2 2 2 2 2 2 2 2 2 2 2 2 2 2 2
left_child=1 4 -2 12 5 6 7 14 10 -10 -6 -12 -4 -13 16 -16 17 19 -19 23 21 -18 -21 25 -25 26 27 28 29 -1
right_child=2 -3 3 -5 8 -7 -8 -9 9 -11 11 13 -14 -15 15 -17 20 18 -20 22 -22 -23 -24 24 -26 -27 -28 -29 -30 -31
leaf_value=0.00082590939636963297 0.10083674119921451 0.096124685923244815 -0.027944771529299108 0.093008728419030184 0.11812814879985729 0.11202773982801897 -0.033647327967367704 0.099958639372461522 0.092485805130588156 0.0040359170590481518 -0.058257235913202768 0.1236148397109834 0.099732241641041205 -0.057660634619159025 0.15886176486095649 -0.022219986771746442 -0.044660390158005249 0.083166866817838359 -0.058171786568284381 0.13213993946969527 0.11902891220933776 0.061545625132991159 0.0026126547299232337 0.18167657078305008 -0.060301258374631496 -0.022934789260395369 0.20112344261358547 -0.057944844116824337 0.089848357703777859 0.17922644750430772
leaf_weight=187.08104912936687 60.474091097712517 16.308430939912796 21.039274938404564 20.13798326253891 3.9763642549514797 5.0162980556488028 48.891563579440117 7.6115640997886649 31.414695009589195 15.362161278724669 13.359378173947336 3.8916481882333747 3.8156105130910865 2.5343376845121384 5.0170584917068464 4.536476269364357 54.259482741355896 23.809177689254287 5.3851342946290961 7.1404045373201352 2.7354194223880759 6.3564893379807463 6.8838586062192917 3.294707976281642 1.6632963120937345 90.43543379753828 2.3683810234069815 17.268413484096527 10.441617354750631 2.4505270123481742
leaf_count=556 136 37 54 53 10 14 95 19 97 33 16 11 10 3 13 13 93 95 7 20 9 31 26 12 12 344 9 13 36 7
internal_value=0.0190561 0.00912708 0.0736119 0.0370194 0.00660785 0.00147703 0.00033978 0.00412719 0.0424418 0.0634376 0.00110994 -0.0224078 -0.00834437 0.0521218 0.00243528 0.0728755 0.000838994 0.00575101 0.0570958 0.00119524 -0.0269361 -0.0335231 0.068561 -0.00180395 0.100499 -0.00343989 0.00458811 0.00244547 0.00766039 0.00313252
internal_weight=684.96 579.493 105.467 44.9929 563.185 492.646 487.63 438.738 70.5386 46.7769 23.7617 19.7854 24.8549 6.42599 431.127 9.55353 421.573 358.222 29.1943 329.028 63.3514 60.616 14.0243 315.003 4.958 310.045 219.61 217.242 199.973 189.532
internal_count=1884 1631 253 117 1594 1424 1410 1315 170 130 40 30 64 14 1296 26 1270 1137 102 1035 133 124 46 989 24 965 621 612 599 563
is_linear=0
shrinkage=0.05


Tree=11
num_leaves=31
num_cat=0
split_feature=293 288 96 25 280 237 232 32 218 295 153 223 307 309 270 256 295 109 43 153 201 308 273 102 202 243 206 74 308 149
split_gain=170.801 63.4103 31.5907 21.4013 31.0858 20.4097 26.8513 26.4658 24.8785 24.8779 22.7756 23.2059 21.9872 26.0317 24.4804 44.1663 41.8885 30.4971 26.8071 19.4999 19.1674 17.6278 33.1602 26.488 36.7155 26.4079 26.2893 24.949 23.9745 22.9494
threshold=0.003249999950639904 1.0000000180025095e-35 0.0018500000005587938 0.0020500000100582842 0.019550000317394737 0.0065500000491738328 0.062500000000000014 0.0053499999921768912 0.0016499999910593035 0.0024500000290572648 0.0017499999958090486 0.0010500000207684936 0.17408025264739993 0.52229326963424694 0.0012500000302679839 0.0017499999958090486 1.0000000180025095e-35 0.0053499999921768912 0.0012500000302679839 0.0013499999768100681 0.0038499999791383748 0.0012994350981898608 0.04240000061690808 0.0010500000207684936 0.0022500000195577745 0.0035500000230968003 0.0043500000610947618 0.0010500000207684936 0.01309769554063678 0.018550000153481964
decision_type=2 2 2 2 2 2 2 2 2 2 2 2 2 2 2 2 2 2 2 2 2 2 2 2 2 2 2 2 2 2
left_child=1 2 5 19 -5 9 7 8 -7 10 11 12 13 -1 15 -15 17 18 -17 -4 -12 22 23 24 25 27 -25 29 -23 -10
right_child=-2 -3 3 4 -6 6 -8 -9 21 -11 20 -13 -14 14 -16 16 -18 -19 -20 -21 -22 28 -24 26 -26 -27 -28 -29 -30 -31
leaf_value=-0.042340986258477112 0.093220723909375192 0.08640639796117526 0.077213778100328381 0.087558863670529369 -0.044098824684480731 0.10089091942174255 0.12055983726793887 0.062341586133545762 0.0013768490141000996 0.12513258594418616 -0.023375030631875082 0.14916585316730302 0.14053827589932505 -0.012765913908223989 -0.050975215688369394 0.11296794002293729 -0.059427646087728186 -0.059846458139489689 -0.057579446120954503 -0.037341391100580219 0.12066256757460408 -0.026687889671074161 0.13943451712045976 -0.025369133892268886 0.15121257092323143 0.15082863283362125 0.066948150263838976 0.17764249010650926 0.1146974934848239 0.18164579298613603
leaf_weight=26.826126024127007 68.173509210348129 25.878977134823799 5.4131408184766796 28.673564359545708 5.3143770471215239 6.6398245543241492 5.6815952956676474 22.523475252091885 66.936940647661686 3.5478610247373572 149.52823135256767 2.829955890774726 2.8940984010696402 40.951162308454514 12.706027738749979 27.828081361949447 6.0948628708720198 3.3630486503243437 2.5120875388383856 11.840939454734324 2.3459198698401442 60.115160129964352 4.9148410856723777 64.250574871897697 5.5670855343341819 3.567907139658927 8.7636285796761495 2.1878396049141875 3.1557359099388114 1.8133390694856633
leaf_count=33 152 60 16 86 6 24 15 90 148 10 561 9 9 133 11 110 10 7 3 20 9 118 12 153 17 10 31 7 8 6
internal_value=0.0181332 0.00980516 0.00643831 0.0439498 0.0669728 0.00286248 0.0130753 0.0106368 0.00552706 -0.00643183 -0.0081116 0.00760376 0.00435137 0.00107457 0.0135369 0.023688 0.0611981 0.083012 0.0988471 -0.00140188 -0.0211502 0.00266544 0.0115959 0.0074917 0.027352 0.0180971 -0.0142886 0.0114212 -0.0196361 0.00613157
internal_weight=682.84 614.666 588.787 51.242 33.9879 537.545 256.118 250.436 227.913 281.427 277.88 126.005 123.175 120.281 93.4553 80.7492 39.7981 33.7032 30.3402 17.2541 151.874 221.273 158.002 153.087 80.0731 74.506 73.0142 70.9381 63.2709 68.7503
internal_count=1884 1732 1672 128 92 1544 639 624 534 905 895 325 316 307 274 263 130 120 113 36 570 510 384 372 188 171 184 161 126 154
is_linear=0
shrinkage=0.05


Tree=12
num_leaves=31
num_cat=0
split_feature=293 288 101 295 292 307 169 207 53 211 102 292 25 267 144 198 153 292 188 304 273 305 232 267 243 247 130 263 2 213
split_gain=155.82 57.4924 28.7676 24.466 23.5283 29.1747 22.5863 18.6078 25.048 36.2981 24.441 24.6563 29.733 29.58 24.8372 23.1281 21.3843 23.197 22.3605 29.3514 21.149 20.2332 19.9241 19.2218 21.3893 20.6573 16.8624 18.8566 31.9877 21.0278
threshold=0.003249999950639904 1.0000000180025095e-35 0.0012500000302679839 0.0024500000290572648 0.012950000353157522 0.03209981136023999 0.02615000028163195 0.0023500000825151805 0.0010500000207684936 0.0093999998643994349 0.032600000500679023 0.0061500000301748523 0.0022500000195577745 0.0019500000635161998 0.0010500000207684936 0.0040500001050531873 0.0072500000242143878 0.06894999742507936 0.0021499999566003685 0.0017499999958090486 0.0013499999768100681 0.014650000259280207 0.0054500000551342973 0.018899999558925632 0.0046500000171363362 0.014050000347197058 0.0028000000165775423 0.0012500000302679839 1.0000000180025095e-35 0.0010500000207684936
decision_type=2 2 2 2 2 2 2 2 2 2 2 2 2 2 2 2 2 2 2 2 2 2 2 2 2 2 2 2 2 2
left_child=1 2 3 7 -5 -6 -7 8 9 10 11 12 13 20 -14 -13 17 23 26 -20 -1 -21 -15 24 25 -9 27 -18 29 -29
right_child=-2 -3 -4 4 5 6 -8 16 -10 -11 -12 15 14 22 -16 -17 18 -19 19 21 -22 -23 -24 -25 -26 -27 -28 28 -30 -31
leaf_value=-0.0062591129670569847 0.089306201512415417 0.082395173865649374 0.091621421003539261 0.11491726105934635 -0.038660350511970622 0.11095328822183546 -0.058306221124357918 0.0039892789101932001 -0.036492572372267669 0.093018726039023558 0.15268150583247525 -0.018997842351475183 0.14427988895056518 0.055677213967180887 -0.013803404370422627 0.13057444134197146 -0.024617334204712432 0.10352378636659065 0.14207332158391883 -0.057873625507909809 0.16157350796953551 0.093276503547642983 0.24552504998994629 -0.02710799889061706 0.11896482089369323 0.06789395050662772 0.12810206842538405 -0.046845317561447102 0.087022403670689669 0.11639211909826563
leaf_weight=89.520872682332993 67.61691652238369 25.783967465162277 9.6730979382991773 9.1578110009431857 10.965688459575178 9.2231965065002424 2.5066211447119704 37.847532980144024 53.336945131421089 10.294655755162237 2.5103913322091094 158.20204830169678 7.4364136978983861 6.4605496451258642 3.7314439937472343 2.6274328604340544 73.209983609616756 10.176390290260313 6.0458397492766371 5.7183386087417585 1.9172550365328778 3.6128997504711151 1.7580721229314802 15.249008834362028 6.8340367376804343 18.991438426077366 2.213656172156333 13.287797257304193 11.599135197699068 2.3168272450566283
leaf_count=249 152 60 24 22 12 21 3 100 250 32 12 362 22 30 24 8 213 29 24 11 8 11 7 23 16 59 7 46 40 7
internal_value=0.0172776 0.00932218 0.0061093 0.00467512 0.0472681 0.0199711 0.0747831 0.00218525 -0.00504952 0.000846149 -0.00261486 -0.00404997 0.0140964 0.00542675 0.0914605 -0.0165543 0.0139856 0.0324756 2.47743e-05 0.0562532 -0.00274003 0.000649182 0.0962882 0.0233145 0.0353902 0.0253416 -0.00840016 -0.0114094 0.0241354 -0.0226094
internal_weight=679.826 612.209 586.425 576.752 31.8533 22.6955 11.7298 544.899 337.796 284.459 274.164 271.654 110.825 99.6567 11.1679 160.829 207.103 89.0984 118.004 15.3771 91.4381 9.33124 8.21862 78.922 63.673 56.839 102.627 100.414 27.2038 15.6046
internal_count=1884 1732 1672 1648 58 36 24 1590 1004 754 722 710 340 294 46 370 586 227 359 46 257 22 37 198 175 159 313 306 93 53
is_linear=0
shrinkage=0.05


Tree=13
num_leaves=31
num_cat=0
split_feature=293 288 47 47 267 250 308 188 249 207 50 305 247 25 53 218 53 232 218 153 160 195 273 182 163 215 202 90 251 131
split_gain=142.836 52.3322 26.5877 20.5981 31.0935 22.1873 23.2051 28.6838 28.2703 22.2365 26.7283 22.5373 21.4217 19.813 30.1759 23.9176 19.5103 18.6271 18.2346 18.3914 26.2395 18.1802 17.5193 30.0968 21.0307 20.6108 16.6803 16.5067 15.9563 15.1303
threshold=0.003249999950639904 1.0000000180025095e-35 0.0017499999958090486 1.0000000180025095e-35 0.063299998641014113 0.0011500000255182388 0.0012995550641790035 0.0028499999316409235 0.0001499999962106813 0.0080500002950429934 0.0045499999541789302 0.0067499999422580012 0.059500001370906837 0.0019500000635161998 0.0034500000765547161 0.002650000038556755 0.0021499999566003685 0.093100000172853484 0.14469999819993976 0.0021499999566003685 1.0000000180025095e-35 0.0031500000040978198 0.0012500000302679839 0.002549999975599349 1.0000000180025095e-35 1.0000000180025095e-35 0.0061999999452382335 0.0016499999910593035 0.0055499998852610597 0.0012500000302679839
decision_type=2 2 2 2 2 2 2 2 2 2 2 2 2 2 2 2 2 2 2 2 2 2 2 2 2 2 2 2 2 2
left_child=1 2 3 4 5 6 8 12 9 18 11 21 -8 15 -15 -4 -10 -16 19 20 22 -11 24 -24 25 28 29 -21 -1 -5
right_child=-2 -3 13 26 -6 -7 7 -9 16 10 -12 -13 -14 14 17 -17 -18 -19 -20 27 -22 -23 23 -25 -26 -27 -28 -29 -30 -31
leaf_value=-0.0075417122356987434 0.085879405387245977 0.078835651576865048 0.10488463783792278 -0.035342361369119994 0.090767640138264813 0.12295880251861113 -0.046497328985022811 0.11877340808482202 0.10230965032722686 0.097675321182136579 -0.032120373395503853 0.12377592778086211 0.063200672785023823 0.080987958967808915 -0.039222187623677691 -0.029814716584033969 -0.064472349935099649 0.097266067356255578 0.15097877393076173 -0.011957753051902959 0.13105781892853993 -0.016300521561299807 0.12469768078809798 -0.029254674496911964 0.093091481055436423 0.11712243088856665 0.11276319353268145 0.1486900917852351 0.14913796037849916 0.040602001896337198
leaf_weight=109.28408409655094 66.81889408826828 25.605040058493614 4.0676959902048138 61.825015485286713 10.550614900887011 3.8780215829610816 47.408503755927086 3.1665290445089331 11.765682369470595 5.7693248987197903 8.8116160556673986 10.786806583404539 4.911432832479476 31.711945600807667 10.678538046777247 17.360643789172173 2.0606025084853163 3.2637410163879386 2.0033445805311194 185.20574278384447 4.5871824920177451 8.8899878710508329 8.0432193204760534 5.244582623243331 6.2057380229234687 3.5532921105623236 2.1935124695301047 1.6129367798566807 1.6495043337345112 7.3366368710994712
leaf_count=286 152 60 10 137 34 10 84 10 38 21 27 28 24 95 23 27 13 8 6 641 12 36 27 4 26 9 5 5 5 21
internal_value=0.0164812 0.00887223 0.00580383 0.00195937 0.00595503 0.00389719 0.00282581 -0.0273556 0.00728593 0.00460334 0.0429311 0.0689204 -0.0361996 0.0354181 0.0540345 -0.00424503 0.0774533 -0.00727172 0.00059275 -0.00033315 0.0134693 0.0285559 0.00944338 0.063934 0.00344417 -0.00141514 -0.022981 -0.0105708 -0.005212 -0.0272862
internal_weight=676.25 609.432 583.826 516.744 445.389 434.838 430.96 55.4865 375.474 361.647 34.2577 25.4461 52.3199 67.0826 45.6542 21.4283 13.8263 13.9423 327.39 325.386 138.568 14.6593 133.98 13.2878 120.693 114.487 71.3552 186.819 110.934 69.1617
internal_count=1884 1732 1672 1509 1346 1312 1302 118 1184 1133 112 85 108 163 126 37 51 31 1021 1015 369 57 357 31 326 300 163 646 291 158
is_linear=0
shrinkage=0.05


Tree=14
num_leaves=31
num_cat=0
split_feature=293 288 215 106 205 269 279 232 123 32 232 102 270 256 246 246 149 271 120 271 218 232 47 53 238 295 173 107 256 234
split_gain=131.475 47.7953 24.3645 25.1164 19.5618 18.9151 36.6245 30.1527 27.2159 24.4257 21.1151 25.465 22.1889 26.7356 24.7169 34.4647 19.2408 22.1879 19.1602 20.4015 20.1396 25.1395 18.8172 17.4443 17.2224 17.0972 17.0722 16.9795 21.8934 19.235
threshold=0.003249999950639904 1.0000000180025095e-35 0.0013499999768100681 0.0017499999958090486 0.0013499999768100681 0.0047500000800937423 0.0064499999862164268 0.022149999625980858 0.053200000897049911 0.0014499999815598132 0.03980000130832196 0.0010500000207684936 0.0014499999815598132 0.0020500000100582842 0.0081500001251697558 0.0018500000005587938 0.066150002181530013 0.031250000931322582 0.012800000142306091 0.0057500000111758718 0.10009999945759775 0.0093499999493360537 0.0038499999791383748 0.0017499999958090486 0.0013499999768100681 0.0024500000290572648 1.0000000180025095e-35 0.0014499999815598132 0.010449999943375589 0.0036500000860542063
decision_type=2 2 2 2 2 2 2 2 2 2 2 2 2 2 2 2 2 2 2 2 2 2 2 2 2 2 2 2 2 2
left_child=1 2 4 -4 5 10 26 9 -9 16 11 12 13 -1 15 18 17 24 19 20 21 27 -5 -18 -8 -13 -7 28 29 -15
right_child=-2 -3 3 22 -6 6 7 8 -10 -11 -12 25 -14 14 -16 -17 23 -19 -20 -21 -22 -23 -24 -25 -26 -27 -28 -29 -30 -31
leaf_value=-0.0074347958087269059 0.082856676599948595 0.075649855890137493 0.094266081089028564 -0.03127593504478135 0.10099701163083252 0.14835460635469103 0.084760983843012769 0.11290827970510904 -0.039960626669130271 0.091894657228538457 -0.031436334012359131 -0.017718189685058835 -0.029987861243044329 0.045898973433308621 -0.036337629491931638 0.12576100349050404 0.12635855878676613 0.090211616806502706 -0.030735054748987502 -0.058274273456074721 -0.057414461547871644 0.11768841908693778 0.067413738962890532 -0.067166264506899206 -0.029126307312787227 0.098668693819374709 0.050105729279750488 -0.023994711475745507 0.11771651501765848 -0.058005473568289334
leaf_weight=64.791774049401283 65.818674668669701 25.35534106194973 15.206910341978071 11.833823487162592 5.0370672941207877 6.120909251272681 3.4799560382962218 11.003439545631407 3.9591651037335387 6.1868881881237021 57.155870236456394 138.81448411941528 27.088334485888481 41.365930691361427 11.796558178961275 10.544564746320246 4.4207509607076636 4.5164261907339087 11.259644016623495 5.115404210984706 4.5625066459178916 11.852086707949637 8.1610269695520383 1.5808532088994978 72.030358694493771 3.2288219630718222 15.925821408629416 9.3090171515941602 9.5868031159043294 4.9916293472051612
leaf_count=194 152 60 35 18 12 23 14 26 11 18 97 573 30 171 18 40 13 13 25 4 6 37 22 9 126 8 70 24 31 4
internal_value=0.015739 0.00845262 0.00551971 0.0458371 0.00291905 0.00200535 0.018693 0.00662031 0.0724586 -0.00406243 -0.00323557 0.00131369 0.0122791 0.0184621 0.0324 0.0398674 -0.0109634 -0.0174389 0.0306295 0.0385912 0.0446585 0.0506984 0.00900489 0.0753831 -0.0238777 -0.0150726 0.0773829 0.0385309 0.048935 0.0347109
internal_weight=672.101 606.282 580.927 35.2018 545.725 540.688 129.225 107.178 14.9626 92.2152 411.463 354.308 212.264 185.176 120.384 108.588 86.0283 80.0267 98.043 86.7834 81.668 77.1055 19.9949 6.0016 75.5103 142.043 22.0467 65.2534 55.9444 46.3576
internal_count=1884 1732 1672 75 1597 1585 323 230 37 193 1262 1165 584 554 360 342 175 153 302 277 273 267 40 22 140 581 93 230 206 175
is_linear=0
shrinkage=0.05


Tree=15
num_leaves=31
num_cat=0
split_feature=293 178 220 169 112 153 211 173 295 307 117 91 247 243 196 304 144 243 216 25 176 120 25 170 112 232 273 182 256 47
split_gain=121.467 37.2342 23.1424 24.1247 28.6444 22.7694 21.407 25.7637 20.8652 20.5459 20.2524 19.9988 19.2012 22.3161 18.8474 18.681 30.1767 20.5757 22.5778 17.5214 31.5792 26.5422 16.9987 16.4514 16.435 14.9403 14.9069 17.0954 14.8073 14.6227
threshold=0.003249999950639904 0.0012500000302679839 0.0013499999768100681 0.008400000166147949 0.0027499999850988392 0.0027499999850988392 1.0000000180025095e-35 0.0001499999962106813 0.0028499999316409235 0.13092235475778582 1.0000000180025095e-35 0.0011500000255182388 0.0010500000207684936 0.0015499999863095584 0.0073500000871717939 1.0000000180025095e-35 0.01415000017732382 0.0011500000255182388 0.0017499999958090486 0.0030500000575557355 0.00335000001359731 0.0051500000990927228 0.0014499999815598132 0.0027499999850988392 0.0010500000207684936 0.0010500000207684936 0.045549999922513969 0.0010500000207684936 0.015549999661743643 0.002650000038556755
decision_type=2 2 2 2 2 2 2 2 2 2 2 2 2 2 2 2 2 2 2 2 2 2 2 2 2 2 2 2 2 2
left_child=1 2 3 5 -5 9 7 -4 15 10 12 -8 24 14 23 29 17 25 -19 20 -9 -21 -18 28 -1 -17 27 -6 -14 -7
right_child=-2 -3 6 4 26 8 11 19 -10 -11 -12 -13 13 -15 -16 16 22 18 -20 21 -22 -23 -24 -25 -26 -27 -28 -29 -30 -31
leaf_value=-0.0079683234918068845 0.080172467326670813 0.087673321422800765 0.097310462946665177 0.088170863075503203 0.10284457832392369 -0.023986385229179903 0.072841986599294403 -0.025888510419169876 0.10833546887858077 0.097204430041468962 0.11681846165598016 -0.020675945493245997 -0.017604914753613938 0.1108519414625953 0.11770109355891051 -0.007242761100855151 0.057218781097089215 -0.045465831024508643 0.10885686969764637 0.07845097896431065 0.09402848733994984 -0.014588755724033549 -0.030341272429635042 0.1177489696988249 0.11554692632480937 0.16300007668466177 0.088919525837225122 -0.042278485881427297 0.11866098100850692 0.093422258365736824
leaf_weight=121.12186517566442 64.650549173355103 14.335402071475981 8.0418298244476301 16.616623096168041 2.3739106804132524 178.90869281440973 31.504830323159695 50.218846492469311 3.5066353976726523 6.6332702040672293 4.1363556385040274 6.9841677993535987 26.822042532265193 7.6580396294593802 4.1039416193962088 1.6389727666974092 6.7784093245863906 5.8247321993112546 3.9960734248161316 16.098621815443042 6.163956254720687 14.633251853287218 30.412789091467857 2.8837684094905844 2.7544432431459418 6.0306393355131149 3.7835026085376731 13.979205913841723 2.1536958217620841 2.6918611824512473
leaf_count=279 152 33 21 56 7 598 80 97 8 17 12 12 110 19 11 10 26 11 9 49 16 34 127 10 8 18 10 30 5 9
internal_value=0.0150411 0.00805562 0.00611604 0.000741021 0.0395789 -0.0026734 0.0244078 0.011681 -0.0127346 0.01086 0.00752298 0.0558723 0.00482393 0.0333521 0.0168493 -0.0145314 0.0110894 0.0652527 0.0173279 0.00377626 -0.0127788 0.0341493 -0.0143827 0.00385821 -0.00522191 0.12662 -0.000518883 -0.0212116 -0.0074766 -0.022246
internal_weight=667.441 602.79 588.455 454.809 36.7532 418.056 133.646 95.1565 239.789 178.267 171.634 38.489 167.498 43.6215 35.9634 236.282 54.6816 17.4904 9.82081 87.1147 56.3828 30.7319 37.1912 31.8595 123.876 7.66961 20.1366 16.3531 28.9757 181.601
internal_count=1884 1732 1699 1390 103 1287 309 217 816 471 454 92 442 155 136 808 201 48 20 196 113 83 153 125 287 28 47 37 115 607
is_linear=0
shrinkage=0.05


Tree=16
num_leaves=31
num_cat=0
split_feature=293 288 47 120 283 218 232 295 251 218 307 53 205 102 172 237 173 149 144 247 218 256 263 43 256 216 182 53 63 53
split_gain=112.545 40.5065 21.0532 18.7077 23.6198 20.8847 19.2411 28.1193 19.3317 16.7248 22.7138 19.3993 16.2903 16.0771 29.5393 23.2126 28.9703 19.7028 25.5224 38.9961 32.1797 27.922 26.401 26.1133 21.5104 16.7636 16.7534 21.8896 17.4476 21.3623
threshold=0.003249999950639904 0.0021499999566003685 0.0017499999958090486 0.058150000870227821 0.0026999999536201362 0.092050001025199904 0.042050000280141837 0.0024500000290572648 0.0029499999945983295 0.0030500000575557355 0.0084380931220948713 0.0034500000765547161 0.0011500000255182388 0.0010500000207684936 0.0041499999351799497 0.0013499999768100681 0.0010500000207684936 0.011700000148266556 0.0010500000207684936 0.0020500000100582842 0.0068500000052154073 0.0018500000005587938 0.0014499999815598132 1.0000000180025095e-35 0.0018500000005587938 0.0014499999815598132 0.015149999875575306 0.0015499999863095584 0.0031500000040978198 0.0031500000040978198
decision_type=2 2 2 2 2 2 2 2 2 2 2 2 2 2 2 2 2 2 2 2 2 2 2 2 2 2 2 2 2 2
left_child=1 2 3 4 6 -5 7 8 12 -4 -11 -12 13 15 26 -1 17 18 19 20 21 -17 -22 25 -21 -20 28 -28 -15 -30
right_child=-2 -3 9 5 -6 -7 -8 -9 -10 10 11 -13 -14 14 -16 16 -18 -19 23 24 22 -23 -24 -25 -26 -27 27 -29 29 -31
leaf_value=-0.013609262609366525 0.077774655821439151 0.07925637714944421 0.08191623235844514 -0.051902045778198916 0.078930161928587483 0.048919935904112005 -0.028041573954987044 0.074543254351066832 0.094666414665622048 -0.034169396761068463 0.062048134694713875 -0.014103369187531226 0.13325575508754287 -0.023803597299714638 0.077667916720275551 -0.0041686293285343378 -0.037462321775898186 0.15925411336659526 -0.015602127682779417 -0.0066166373863625243 -0.034836309199304458 0.1206439800746501 0.10236465422408099 0.18579664066458967 0.097217851923473236 0.10027462090128958 0.094055788182436539 -0.058608386334645907 0.12710287028598422 -0.058687128018729606
leaf_weight=72.109463654458523 63.344503417611122 19.140091255307198 13.266259878873823 28.335169889032841 10.410949088633059 6.273605339229106 45.674023576080799 14.500593483448027 5.7561606764793387 14.539773762226103 27.531438373029232 12.011965714395044 2.3637128472328177 137.78737259656191 9.0004835873842222 7.9557254984974888 19.048429168760777 2.8102233707904807 48.408885195851326 5.9257624745368949 27.506694406270984 10.259430475533007 4.01850701868534 1.7961456477642048 31.509520530700684 3.336254969239234 7.2702612653374654 3.4681090041995049 4.2227209508419028 2.4418855011463165
leaf_count=154 152 45 36 131 33 14 69 32 20 28 75 26 6 491 31 35 34 11 147 31 47 33 13 8 97 10 24 11 20 20
internal_value=0.0143966 0.00769074 0.00532719 0.00187147 0.00444384 -0.0336258 0.0027839 0.0061242 0.00368654 0.0316079 0.0192675 0.0389159 0.00238135 0.0016058 -0.0103954 0.0100021 0.0204747 0.028164 0.025546 0.042234 0.0132226 0.0661303 -0.0173473 -0.00162533 0.0807815 -0.008131 -0.0155027 0.0447507 -0.0199819 0.0590301
internal_weight=662.024 598.68 579.54 512.19 477.581 34.6088 467.17 421.496 406.996 67.3494 54.0832 39.5434 401.24 398.876 164.191 234.685 162.576 143.527 140.717 87.1756 49.7404 18.2152 31.5252 53.5413 37.4353 51.7451 155.19 10.7384 144.452 6.66461
internal_count=1884 1732 1687 1522 1377 145 1344 1275 1243 165 129 101 1223 1217 597 620 466 432 421 256 128 68 60 165 128 157 566 35 531 40
is_linear=0
shrinkage=0.05


Tree=17
num_leaves=31
num_cat=0
split_feature=293 288 58 309 195 304 307 212 202 295 295 306 109 251 87 267 305 32 119 144 270 218 209 163 153 305 279 173 99 32
split_gain=104.61 37.4057 20.0888 22.6192 27.5718 22.9515 21.1812 19.5732 20.5441 18.5998 18.8388 22.7418 20.6039 18.3263 17.1511 16.3881 27.0687 19.1049 16.0954 15.3674 43.1423 27.5289 20.6902 17.5954 17.7029 15.5375 19.8442 19.5751 15.1636 14.8579
threshold=0.003249999950639904 0.0021499999566003685 0.0014499999815598132 0.94126680493354808 0.33520001173019415 0.0015499999863095584 0.56411194801330578 0.0039500000420957812 0.0044499998912215242 0.0048500001430511483 1.0000000180025095e-35 0.011601181235164406 0.0042499999981373557 0.0043500000610947618 1.0000000180025095e-35 0.0012500000302679839 1.0000000180025095e-35 0.0075499999802559623 0.0019500000635161998 0.0010500000207684936 0.0020500000100582842 0.11589999869465829 0.0010500000207684936 0.0079499999992549437 0.026549999602139 0.0018500000005587938 0.027350000105798248 0.018150000832974914 0.44640000164508825 0.03160000033676625
decision_type=2 2 2 2 2 2 2 2 2 2 2 2 2 2 2 2 2 2 2 2 2 2 2 2 2 2 2 2 2 2
left_child=1 2 3 4 6 7 9 8 15 10 11 13 19 -1 -12 16 -5 -17 -10 20 -13 22 25 24 -24 27 -27 -21 -16 -19
right_child=-2 -3 -4 5 -6 -7 -8 -9 18 -11 14 12 -14 -15 28 17 -18 29 -20 21 -22 -23 23 -25 -26 26 -28 -29 -30 -31
leaf_value=-0.035419473354509477 0.07562125966036494 0.076779053465992536 -0.047813021773476266 0.00025736907817480579 -0.039803813640379965 0.085450404771590271 0.087671972334300838 0.13510608406342106 0.093155569810599442 0.086502907235324875 -0.017779093501136531 0.081210541077275128 -0.023229154837885749 0.10710775028189837 0.087690505829650323 -0.025136269763141574 0.12369772475015284 0.078584057295150361 -0.034189829895581919 -0.031123293502396149 -0.021944799395758365 0.10116294807056661 0.10836212879017167 0.21358644514340996 -0.025995133478314527 0.047709972613191383 -0.03114529736553738 0.11135213848274049 -0.057789943611960583 -0.040913344938104661
leaf_weight=22.852287985384468 61.926739871501923 18.778885141015053 17.414859309792519 66.906491033732891 20.677100203931332 6.9336485043168059 11.110929876565931 2.4069176688790312 8.4453707337379438 9.3593193590641004 59.330114677548409 41.9187131524086 16.715210132300854 2.502341926097869 7.5690068006515485 149.6865414083004 4.7568864971399298 8.1594378128647786 3.5135762691497794 31.896069824695587 13.368256583809851 10.122146427631376 5.500161446630953 1.9268145114183415 4.4233547002077103 28.414923429489136 11.093068763613699 2.6079305112361899 2.3464225456118584 3.8186074793338767
leaf_count=44 152 45 112 246 31 24 30 8 32 22 95 125 62 8 20 368 21 32 10 143 15 26 18 6 28 101 28 6 3 23
internal_value=0.0137766 0.00733506 0.00507015 0.00671954 0.0159337 -0.00427165 0.0200053 -0.00678322 -0.00817553 0.0172406 0.0147719 0.0227867 0.0294489 -0.0213529 -0.00760634 -0.0114515 0.00845112 -0.020274 0.0557411 0.0352697 0.0562678 0.0231748 0.0139809 0.0753198 0.0484731 0.00415968 0.025569 -0.0203545 0.0532635 0.0404882
internal_weight=656.482 594.555 575.777 558.362 303.734 254.627 283.057 247.694 245.287 271.946 262.587 193.341 167.987 25.3546 69.2455 233.328 71.6634 161.665 11.9589 151.271 55.287 95.9845 85.8623 11.8503 9.92352 74.012 39.508 34.504 9.91543 11.978
internal_count=1884 1732 1687 1575 811 764 780 740 732 750 728 610 558 52 118 690 267 423 42 496 140 356 330 52 46 278 129 149 23 55
is_linear=0
shrinkage=0.05


Tree=18
num_leaves=31
num_cat=0
split_feature=293 288 101 58 309 304 24 174 176 300 271 212 202 25 149 211 256 2 120 163 93 153 109 218 153 2 309 144 295 295
split_gain=97.4864 34.6989 18.7902 16.0907 16.4751 22.346 18.8327 19.3428 20.227 21.5278 21.6147 17.3406 18.6438 16.9125 16.4234 16.3636 15.2965 14.9211 13.7435 16.7907 14.705 17.9599 20.3336 15.9369 18.5083 15.4234 13.239 33.5313 17.8143 17.8537
threshold=0.003249999950639904 0.0014499999815598132 0.0012500000302679839 0.0014499999815598132 0.94126680493354808 0.0015499999863095584 1.0000000180025095e-35 0.0014499999815598132 0.0094499997794628161 0.0018500000005587938 0.015300000086426737 0.0039500000420957812 0.0044499998912215242 0.0069500000681728133 0.0062500000931322583 0.0015499999863095584 0.002650000038556755 0.0042999999132007369 0.0058500000741332778 0.0054500000551342973 1.0000000180025095e-35 0.0086500002071261423 0.0010500000207684936 0.0010500000207684936 1.0000000180025095e-35 0.0014499999815598132 0.91202118992805492 0.0010500000207684936 1.0000000180025095e-35 0.0030000000260770325
decision_type=2 2 2 2 2 2 2 2 2 2 2 2 2 2 2 2 2 2 2 2 2 2 2 2 2 2 2 2 2 2
left_child=1 2 3 4 6 11 7 8 9 10 26 12 15 -10 -8 18 -17 -14 19 20 23 -22 -23 24 -6 -25 28 -28 -1 -30
right_child=-2 -3 -4 -5 5 -7 14 -9 13 -11 -12 -13 17 -15 -16 16 -18 -19 -20 -21 21 22 -24 25 -26 -27 27 -29 29 -31
leaf_value=0.014763633470614096 0.073678068448427267 0.070797187447516549 0.074284890035468579 -0.045285169156141697 0.075813535692542344 0.084608009312774124 -0.041123679296239252 0.087563466414792651 0.079608636641267438 -0.053543133298800172 0.10511332604276147 0.12476896628285644 0.080273643164754119 -0.043428401646615794 0.082098013504810621 0.39805757770297095 -0.041855318508469852 -0.056986710749105933 -0.037899373293842631 0.082041257631093031 -0.058495634413660638 0.19152720460578701 -0.057300627799945936 -0.014341311027768614 -0.04079768523310718 0.098769487451368404 0.096166345951956167 -0.0010026589155350376 -0.035692726692174902 0.046414711824180284
leaf_weight=134.12140569090843 60.420149311423302 20.569283977150917 9.537876680493353 16.400207258760929 11.348606526851656 6.8547580093145362 23.628733046352867 9.3797742724418622 18.275750882923607 12.532514542341231 6.2982615083456031 2.4741492420434943 9.6488302797079069 3.2968969121575347 3.0535936281085005 0.19854894280433555 41.595947086811066 2.4911055266857138 27.389128014445305 6.0635378062725058 1.8290433883666981 3.2332977131009102 1.1004620045423505 128.65411892533302 4.8599015697836867 3.0860692486166945 14.953708082437513 21.853255480527878 37.851858496665955 8.0242113694548589
leaf_count=408 152 51 24 110 41 23 53 22 50 20 16 8 37 8 9 1 85 5 108 29 15 17 10 346 20 12 45 85 58 16
internal_value=0.0131857 0.00699715 0.00469498 0.00351078 0.00498159 -0.00442629 0.0130279 0.0170365 0.0144645 0.010222 0.0138039 -0.00692783 -0.00827706 0.0608052 -0.0270219 -0.0114732 -0.0397655 0.0521079 -0.00516894 0.000427798 -0.00278329 0.0728915 0.128343 -0.00593553 0.0408492 -0.0116916 0.0111513 0.0384746 0.0055641 -0.0213313
internal_weight=651.025 590.605 570.036 560.498 544.097 250.828 293.27 266.588 257.208 235.635 223.103 243.973 241.499 21.5726 26.6823 229.359 41.7945 12.1399 187.564 160.175 154.111 6.1628 4.33376 147.949 16.2085 131.74 216.804 36.807 179.997 45.8761
internal_count=1884 1732 1681 1657 1547 757 790 728 706 648 628 734 726 58 62 684 86 42 598 490 461 42 27 419 61 358 612 130 482 74
is_linear=0
shrinkage=0.05


Tree=19
num_leaves=31
num_cat=0
split_feature=293 178 220 169 218 279 153 304 53 213 218 307 117 197 211 172 222 247 243 91 202 196 237 267 112 129 170 87 182 218
split_gain=91.0712 27.8363 17.1341 18.1604 21.7784 20.5694 17.9769 16.625 26.3089 22.8385 21.1544 16.2433 17.0154 16.1647 15.9917 18.7817 16.4643 15.5144 18.819 15.5121 15.3459 15.3181 13.6162 23.4639 13.1284 12.5022 12.3802 12.2881 19.3387 15.4106
threshold=0.003249999950639904 0.0012500000302679839 0.0013499999768100681 0.008400000166147949 0.0077499998733401307 0.046600000932812698 0.0027499999850988392 1.0000000180025095e-35 0.0013499999768100681 0.0016499999910593035 0.0023500000825151805 0.13092235475778582 1.0000000180025095e-35 0.018500000238418583 1.0000000180025095e-35 1.0000000180025095e-35 0.0060499999672174462 0.0010500000207684936 0.0015499999863095584 0.0011500000255182388 0.0015499999863095584 0.0073500000871717939 0.0042499999981373557 0.0015499999863095584 0.0010500000207684936 0.021900000050663952 0.0027499999850988392 0.0010500000207684936 0.0089499996975064295 1.0000000180025095e-35
decision_type=2 2 2 2 2 2 2 2 2 2 2 2 2 2 2 2 2 2 2 2 2 2 2 2 2 2 2 2 2 2
left_child=1 2 3 6 -5 -6 11 13 9 10 -9 12 17 -8 15 16 22 24 21 -16 -12 26 23 -4 27 -17 -19 29 -29 -1
right_child=-2 -3 14 4 5 -7 7 8 -10 -11 20 -13 -14 -15 19 25 -18 18 -20 -21 -22 -23 -24 -25 -26 -27 -28 28 -30 -31
leaf_value=0.011674917864750639 0.071916911022637364 0.078002134851529265 0.097462826430116292 -0.053480146774115271 0.073721360587883755 -0.023567312585650521 -0.020897264786044721 0.083052698997798657 -0.038971597328047787 0.089698209684107522 -0.038754942501915933 0.087301879254280568 0.10461082295069556 0.13860808221651377 0.063441560354315071 -0.015188885931022673 -0.056425585265692607 -0.0082370181086444828 0.099856054244000458 -0.020746596600071027 0.093098905443820601 0.10317347894698209 0.075599481268477986 -0.030395796532649635 0.10046178574988457 0.095385687401925837 0.095951666588653339 0.098139406817012054 -0.038557057137283225 -0.02739785341862095
leaf_weight=40.025148540735245 58.844702124595642 13.365547120571135 5.4399598389863959 5.937651313841342 23.447998575866226 7.0714301615953437 173.6287829130888 6.7863104194402721 17.356497026979923 12.803966492414473 15.756453096866609 6.4324532747268668 4.2951898574829093 1.6030559465289105 30.847753010690212 50.478049486875534 4.2997684925794593 28.573705412447456 7.7808300852775565 6.6513037979602805 2.5661021545529357 4.2562759965658179 19.200940012931824 10.541422441601751 2.8623777776956549 2.6926870197057715 3.1672286838293067 6.4229137450456601 4.3326642438769341 68.294403068721294
leaf_count=98 152 33 14 14 75 14 606 27 91 39 39 17 12 5 80 104 5 115 19 12 9 11 62 25 8 7 10 28 5 148
internal_value=0.0126163 0.00667079 0.00500855 0.00032646 0.0341338 0.0511793 -0.00270225 -0.0118967 0.0120133 0.0353541 0.00764201 0.00930918 0.00635828 -0.0194381 0.0209595 0.00980954 0.0359338 0.00381167 0.0293443 0.0485089 -0.0202886 0.0141031 0.0472214 0.0131265 -0.00535507 -0.00958914 0.00215932 -0.00789874 0.043074 -0.0129601
internal_weight=645.764 586.919 573.553 443.401 36.4571 30.5194 406.944 230.501 55.2693 37.9128 25.1089 176.443 170.011 175.232 130.152 92.6528 39.4821 165.716 43.778 37.4991 18.3226 35.9972 35.1823 15.9814 121.938 53.1707 31.7409 119.075 10.7556 108.32
internal_count=1884 1732 1699 1390 103 89 1287 816 205 114 75 471 454 611 309 217 106 442 155 92 48 136 101 39 287 111 125 279 33 246
is_linear=0
shrinkage=0.05


Tree=20
num_leaves=31
num_cat=0
split_feature=293 288 58 101 304 226 293 207 188 202 102 292 179 109 109 250 170 99 279 234 25 99 6 246 251 53 292 202 204 292
split_gain=85.2011 30.3794 16.8396 15.8065 14.2537 30.0604 19.5317 17.5414 22.2097 18.7805 18.7456 22.891 17.601 20.5894 17.1376 16.6915 16.6825 15.948 21.9841 14.4601 14.6652 18.4472 18.1048 13.4696 12.9816 12.8998 12.382 14.5854 20.7444 17.7034
threshold=0.003249999950639904 0.0021499999566003685 0.0014499999815598132 0.0012500000302679839 0.0015499999863095584 0.0020500000100582842 0.0017499999958090486 0.0017499999958090486 0.0020500000100582842 0.0036499999696388845 0.0027499999850988392 0.0027499999850988392 1.0000000180025095e-35 0.0042499999981373557 0.012600000016391279 0.00055000002612359833 0.026250000111758712 0.0016499999910593035 0.028649999760091308 0.006499999901279808 0.0022500000195577745 0.0011500000255182388 0.0038499999791383748 0.0057500000111758718 0.0010500000207684936 1.0000000180025095e-35 0.22214999794960025 1.0000000180025095e-35 0.057499999180436141 0.085049998015165343
decision_type=2 2 2 2 2 2 2 2 2 2 2 2 2 2 2 2 2 2 2 2 2 2 2 2 2 2 2 2 2 2
left_child=1 2 3 4 7 25 24 16 10 -10 11 -9 15 -14 -12 26 17 18 19 20 23 22 -22 -1 -7 -6 27 29 -29 -13
right_child=-2 -3 -4 -5 5 6 -8 8 9 -11 14 12 13 -15 -16 -17 -18 -19 -20 -21 21 -23 -24 -25 -26 -27 -28 28 -30 -31
leaf_value=-0.011291351406202223 0.070314376251940147 0.071070608667072072 -0.045778746504584876 0.070147265055201524 0.10867398419329838 -0.012556031787634959 0.078742351215198042 0.07396586105035434 0.10146423764956009 -0.02582234684171282 -0.028767942152002776 -0.013291700989095007 0.09123880153731416 -0.041358967378418432 0.088137674561687834 0.091971108816547464 0.13198944804519619 -0.023907954241430392 0.15772727858112073 0.12461381010428037 0.088548412161682383 -0.058302812590288147 -0.024415852967311864 0.10226383540055016 0.083276934653845502 -0.0099710990504006062 -0.047724508202514115 0.069346477125823924 -0.030953182127689688 0.069828411297823217
leaf_weight=125.82123844325542 57.217793852090836 17.596786752343178 16.265280947089195 9.3934217691421491 12.691756606101988 42.048723720014095 8.3241053372621518 15.413291692733763 11.659243635833262 3.8564003556966773 42.747476905584335 70.252444818615913 12.052833780646322 3.8668394908308974 3.382963463664054 5.0544566363096228 2.1353136301040641 100.09560472518206 2.2250269502401343 2.2722463458776465 12.921281300485139 4.2583433687686911 4.8889662995934478 2.66678662598133 3.8579851090908042 2.7956289425492278 12.555008307099341 16.872260689735416 7.4232879355549803 7.0487024635076514
leaf_count=332 152 45 112 24 37 104 21 50 35 8 126 183 32 11 14 13 7 330 6 7 44 18 20 7 11 15 21 65 11 23
internal_value=0.0120935 0.00637401 0.0043585 0.00584506 0.00472482 0.0258206 0.00827529 0.00159202 0.0122346 0.0698273 0.00769102 0.0162362 0.00965117 0.0590312 -0.0201947 0.0030566 -0.00718503 -0.00834977 0.00169388 -0.000577806 -0.00246724 0.0351865 0.0575394 -0.0089345 -0.00450226 0.0872574 -0.000880398 0.00490845 0.0387008 -0.0057124
internal_weight=639.662 582.444 564.847 548.582 539.188 69.7182 54.2308 469.47 212.185 15.5156 196.67 150.539 135.126 15.9197 46.1304 119.206 257.285 255.149 155.054 152.829 150.557 22.0686 17.8102 128.488 45.9067 15.4874 114.152 101.597 24.2955 77.3011
internal_count=1884 1732 1687 1575 1551 188 136 1363 592 43 549 409 359 43 140 316 771 764 434 428 421 82 64 339 115 52 303 282 76 206
is_linear=0
shrinkage=0.05


Tree=21
num_leaves=31
num_cat=0
split_feature=293 288 58 309 195 196 215 307 242 205 210 202 212 182 267 305 195 306 197 247 247 273 292 238 305 251 195 153 123 216
split_gain=79.8519 28.2833 15.5988 15.8076 21.9955 17.9966 17.9547 15.6748 14.9466 13.9267 13.3454 12.8715 20.3675 15.5644 15.1857 17.3739 12.8199 22.9575 15.8563 15.4284 19.1403 19.0529 15.3773 15.3335 18.8463 14.946 14.7004 22.5758 19.9195 21.0779
threshold=0.003249999950639904 0.0021499999566003685 0.0014499999815598132 0.94126680493354808 0.33520001173019415 0.092549998313188567 0.0011500000255182388 0.56411194801330578 0.0010500000207684936 0.0013499999768100681 0.002549999975599349 0.0044499998912215242 0.002650000038556755 0.042500000447034843 0.0012500000302679839 1.0000000180025095e-35 0.0047500000800937423 0.011601181235164406 0.014199999626725914 0.0068500000052154073 0.010950000025331976 0.0064499999862164268 0.0048500001430511483 1.0000000180025095e-35 0.0021499999566003685 0.0043500000610947618 0.0013499999768100681 0.0072500000242143878 0.0027499999850988392 0.0012500000302679839
decision_type=2 2 2 2 2 2 2 2 2 2 2 2 2 2 2 2 2 2 2 2 2 2 2 2 2 2 2 2 2 2
left_child=1 2 3 4 6 9 7 8 10 11 16 12 14 -13 15 -5 17 25 19 23 -21 -22 -19 24 -18 -1 28 -28 -24 -30
right_child=-2 -3 -4 5 -6 -7 -8 -9 -10 -11 -12 13 -14 -15 -16 -17 18 22 -20 20 21 -23 26 -25 -26 -27 27 -29 29 -31
leaf_value=-0.03475589982081944 0.068850841201729643 0.069357422776673436 -0.04483592775764883 0.00092846447724993265 -0.038573088943796803 0.1227370796135977 0.059894319968400216 0.075181710554359293 0.065336567623154651 0.095631373327130287 -0.056160642364568462 0.071383196199856072 0.12530915154278183 -0.06001982145478079 -0.019896840406019786 0.094038716458449786 -0.022727226033258732 0.065215810538233318 0.093910495276534806 0.11223836173645599 -0.012868269456521461 0.089204816749648447 -0.0079103234475883088 -0.033526720191961276 0.085952590107654964 0.090669709119344702 0.10955133695222363 -0.0078308542311525155 -0.040259994603083576 0.12332017586363093
leaf_weight=22.175075635313991 55.554534167051315 17.141425117850304 15.789128221571444 66.467423930764198 19.095799185335636 2.7799192145466796 22.333574675023556 9.7946236729621869 11.905972965061663 3.377086102962493 7.8551711961626998 10.03940413892269 2.7733512148261061 2.905765011906623 153.6087791249156 5.4184689149260512 9.7231154441833514 26.254748627543449 4.112899847328662 4.9049085304141036 24.952153287827972 5.5972270593047133 41.794451862573624 51.618099212646484 6.7641131952404967 2.6600802689790717 9.8317373692989367 7.021527647972106 2.8406796455383283 6.4195886701345444
leaf_count=41 152 45 112 247 31 12 56 27 37 8 9 38 8 8 421 22 56 82 15 14 76 15 77 138 26 8 27 41 18 17
internal_value=0.0115945 0.00609093 0.00415718 0.00557648 0.0133392 -0.00376419 0.0168978 0.0131501 0.0106846 -0.00520196 0.00791016 -0.00661367 -0.00936419 0.0418875 -0.0110205 0.00794674 0.0101305 0.0214414 -0.00237015 -0.00619396 0.020554 0.00583346 0.0327201 -0.0201184 0.0218602 -0.0213216 0.0201565 0.0606467 0.00679059 0.0731403
internal_weight=633.511 577.956 560.815 545.026 297.656 247.37 278.56 256.226 246.432 244.59 234.526 241.213 228.268 12.9452 225.495 71.8859 226.67 118.998 107.673 103.56 35.4543 30.5494 94.1627 68.1053 16.4872 24.8352 67.908 16.8533 51.0547 9.26027
internal_count=1884 1732 1687 1575 811 764 780 724 697 752 660 744 698 46 690 269 651 311 340 325 105 91 262 220 82 49 180 68 112 35
is_linear=0
shrinkage=0.05


Tree=22
num_leaves=31
num_cat=0
split_feature=293 288 101 58 304 226 293 207 188 102 250 202 109 109 179 238 247 207 292 295 50 305 153 106 170 99 238 211 232 1
split_gain=74.9608 26.3766 14.488 13.8314 11.9378 24.791 16.8882 15.1196 18.851 16.6748 20.2312 15.6452 14.8312 14.2288 19.2495 17.4843 24.9653 15.9145 15.2447 16.3028 16.4592 17.1366 14.6812 14.2197 14.1322 14.4262 16.7147 13.3844 12.0677 11.8593
threshold=0.003249999950639904 0.0021499999566003685 0.0012500000302679839 0.0014499999815598132 0.0015499999863095584 0.0020500000100582842 0.0017499999958090486 0.0017499999958090486 0.0020500000100582842 0.0027499999850988392 0.00045000000682193791 0.0036499999696388845 0.012600000016391279 0.0024500000290572648 0.0011500000255182388 0.01340000005438924 0.03914999961853028 0.0023500000825151805 0.0096500003710389155 0.0010500000207684936 1.0000000180025095e-35 0.0075499999802559623 0.0019500000635161998 0.0010500000207684936 0.026250000111758712 0.0016499999910593035 0.0095500000752508658 0.0041499999351799497 1.0000000180025095e-35 0.0014499999815598132
decision_type=2 2 2 2 2 2 2 2 2 2 2 2 2 2 2 2 2 2 2 2 2 2 2 2 2 2 2 2 2 2
left_child=1 2 3 4 7 -6 -7 24 9 10 13 -10 -11 14 15 16 18 -17 22 20 23 -22 -9 28 25 27 -27 -1 -20 -15
right_child=-2 -3 -4 -5 5 6 -8 8 11 12 -12 -13 -14 29 -16 17 -18 -19 19 -21 21 -23 -24 -25 -26 26 -28 -29 -30 -31
leaf_value=0.00010520485928647885 0.06750970894194637 0.067785542960315873 0.06627901593216802 -0.043904618323146669 0.078803870620700489 -0.0045663496716239777 0.073872849625552156 0.070237061987073121 0.092096141872172924 -0.027955979735086213 0.090677337220164675 -0.024821376664987876 0.078902722391681446 -0.038770120739838904 0.086127279119449493 0.16189518816514648 0.089984918890330168 -0.024893180368154105 -0.066768637989148213 -0.038335334521344827 -0.052479152202759477 0.097540605326694466 -0.060617931095938049 -0.020943014367751322 0.11855870552660541 -0.026462323560006881 0.099633482516041261 0.14704815013203959 0.10388229225645484 0.096224152961412554
leaf_weight=152.22533831000328 53.8680389970541 16.673842161893845 9.1737163513898832 15.329607531428335 15.740239605307577 45.093734264373779 8.0937527567148191 15.154117248952391 11.921907611191271 41.532209329307079 8.3607563376426679 3.7648650854825965 3.5225105658173552 19.21927405893803 9.3595489561557752 1.1814250126481045 12.29420844465494 32.788397505879402 1.1568221375346208 19.07170058041811 9.4739156365394575 2.3822087943553916 2.4966213107109061 4.3151758238673201 2.2273753508925429 94.947501443326473 2.7028898596763602 1.5656144469976414 9.9165552482008916 1.7773803770542134
leaf_count=429 152 45 24 112 52 115 21 45 35 126 21 8 14 69 25 4 42 79 7 23 24 6 18 14 7 317 13 5 28 4
internal_value=0.0111166 0.00581938 0.00396372 0.0029198 0.00426833 0.0236826 0.00737006 0.00138032 0.0113144 0.00705141 0.0151135 0.0640356 -0.0196015 0.0106197 0.0172849 0.0114396 0.0247299 -0.0183969 0.0121882 -0.00288016 0.021939 -0.0223362 0.0517282 0.0560509 -0.00683144 -0.0079422 -0.0229721 0.00160111 0.0860546 -0.0273428
internal_weight=627.331 573.463 556.789 547.616 532.286 68.9277 53.1875 463.358 209.69 194.003 148.948 15.6868 45.0547 140.587 119.591 110.231 76.2613 33.9698 63.9671 46.3164 27.2447 11.8561 17.6507 15.3886 253.669 251.441 97.6504 153.791 11.0734 20.9967
internal_count=1884 1732 1687 1663 1551 188 136 1363 592 549 409 43 140 388 315 290 207 83 165 102 79 30 63 49 771 764 330 434 35 73
is_linear=0
shrinkage=0.05


Tree=23
num_leaves=31
num_cat=0
split_feature=293 288 96 132 179 25 197 246 24 204 256 63 205 232 149 153 293 196 270 270 295 256 292 204 279 188 246 224 198 2
split_gain=70.4563 24.6408 13.9705 12.9959 14.9203 21.0788 14.8412 13.4309 16.933 12.6015 16.8463 12.5036 11.1231 14.0025 12.8761 12.0078 21.5263 15.7009 14.9551 28.0351 17.9168 16.2395 17.3698 20.466 19.9996 18.9014 16.8285 16.1075 14.689 13.8405
threshold=0.003249999950639904 1.0000000180025095e-35 0.0018500000005587938 0.0017499999958090486 0.0010500000207684936 0.0020500000100582842 0.048100000247359283 0.0042499999981373557 0.0016499999910593035 1.0000000180025095e-35 0.058650000020861633 0.0031500000040978198 0.0013499999768100681 0.049799999222159393 0.076500002294778838 0.018849999643862251 0.002549999975599349 0.092549998313188567 0.0014499999815598132 0.0010500000207684936 0.002549999975599349 0.0019500000635161998 0.0029499999945983295 0.0036499999696388845 0.0028499999316409235 0.0021499999566003685 1.0000000180025095e-35 0.0039500000420957812 0.0040500001050531873 0.0019500000635161998
decision_type=2 2 2 2 2 2 2 2 2 2 2 2 2 2 2 2 2 2 2 2 2 2 2 2 2 2 2 2 2 2
left_child=1 2 3 4 6 -6 12 11 -9 -4 -11 -7 13 14 15 17 29 18 19 21 -20 -1 24 25 -23 28 27 -25 -24 -17
right_child=-2 -3 9 -5 5 7 -8 8 -10 10 -12 -13 -14 -15 -16 16 -18 -19 20 -21 -22 22 23 26 -26 -27 -28 -29 -30 -31
leaf_value=-0.014465820167337752 0.066276872967839767 0.05828811022824773 0.069231603428181451 -0.043613114855031845 0.074753305056827188 -0.016285103253332513 0.091539273440120528 0.10126371930421858 -0.056384381848078841 -0.0089481991964271371 0.070369006144542279 0.095051363355519253 0.078805576708214628 -0.0354381263422993 0.069460048536296906 -0.030181012352004401 0.17698827133628789 0.12418543800266271 -0.031184189625110211 0.11880363795083096 0.095075811316405426 0.019286594315598045 -0.014178164971275796 0.053218211446612741 0.10508151907974772 0.096537080023885502 0.098291273107233498 -0.029152140813371159 0.084310864833895729 0.020761744291933459
leaf_weight=73.758400604128838 52.169635370373726 21.329702496528625 14.005178302526472 15.777420476078985 16.163296803832054 30.492897838354111 4.3116669654846183 6.7745843976736051 2.2754275426268578 24.426561281085014 9.2216721400618535 2.7490897104144087 4.2474320381879798 29.98028015345335 6.564741685986518 70.170466549694538 1.4021443128585804 2.679481513798236 44.198193445801735 5.5386570692062369 3.0004965066909781 20.493595547974113 91.003470323979855 13.980633698403837 10.160289213061331 4.347254551947116 8.9995337873697263 10.313303805887697 3.9501283615827552 16.460650712251663
leaf_count=239 152 60 41 60 48 87 12 18 4 61 26 8 11 56 26 328 4 9 52 17 7 72 244 58 32 14 33 20 11 74
internal_value=0.0106653 0.00556449 0.00351026 0.0010439 0.00249958 0.0261859 -0.000753988 0.00762427 0.0616266 0.0293777 0.0127896 -0.00707765 -0.00169865 -0.00251864 3.14423e-05 -0.00116654 -0.0173559 0.00370723 0.00259308 0.00760411 -0.0231576 0.00500546 0.0138029 0.00596099 0.0477235 -0.00541337 0.0398861 0.0182502 -0.010081 -0.0205015
internal_weight=620.946 568.777 547.447 499.794 484.016 58.4553 425.561 42.292 9.05001 47.6534 33.6482 33.242 421.249 417.002 387.021 380.457 88.0333 292.423 289.744 242.545 47.1987 237.007 163.248 132.594 30.6539 99.3009 33.2935 24.2939 94.9536 86.6311
internal_count=1884 1732 1672 1544 1484 165 1319 117 22 128 87 95 1307 1296 1240 1214 406 808 799 740 59 723 484 380 104 269 111 78 255 402
is_linear=0
shrinkage=0.05


Tree=24
num_leaves=31
num_cat=0
split_feature=293 288 133 250 95 269 256 216 108 120 25 50 218 232 243 93 216 216 305 279 263 188 256 243 256 163 292 270 306 270
split_gain=66.3064 23.2445 13.6058 17.1982 20.58 12.5184 18.7846 23.4326 18.7518 17.2457 21.2419 17.1419 17.3252 14.9446 16.4417 16.2482 15.5827 25.8708 14.8905 16.2606 13.7731 14.3114 13.5981 14.7938 13.3193 13.0859 12.146 25.4417 12.1267 14.7423
threshold=0.003249999950639904 0.0021499999566003685 0.0010500000207684936 0.00045000000682193791 0.0013499999768100681 0.0047500000800937423 0.012550000101327898 0.0013499999768100681 0.0011500000255182388 0.0023500000825151805 0.0030500000575557355 0.0012500000302679839 0.0015499999863095584 0.042050000280141837 0.0031500000040978198 1.0000000180025095e-35 0.002650000038556755 0.0012500000302679839 0.013449999969452621 1.0000000180025095e-35 0.0014499999815598132 0.0045499999541789302 0.00335000001359731 0.0018500000005587938 0.017849999479949478 0.0023500000825151805 0.087700001895427718 0.0021499999566003685 0.011601181235164406 0.0014499999815598132
decision_type=2 2 2 2 2 2 2 2 2 2 2 2 2 2 2 2 2 2 2 2 2 2 2 2 2 2 2 2 2 2
left_child=1 2 3 5 -5 9 -7 -8 24 10 13 12 -12 15 -15 18 17 -17 19 22 21 -11 23 25 -9 -1 27 28 -21 -30
right_child=-2 -3 -4 4 -6 6 7 8 -10 20 11 -13 -14 14 -16 16 -18 -19 -20 26 -22 -23 -24 -25 -26 -27 -28 -29 29 -31
leaf_value=-0.0075039162751084354 0.065140233841339476 0.06515685819525284 -0.045649455485995645 0.076701865701632566 -0.05532485396602968 0.074147654722918677 -0.0068252581706129967 -0.056018058189389569 -0.014809882194934572 -0.025675832516755939 -0.016824030553819952 -0.023004198086227508 0.088241113412260735 -0.045066138035755023 0.06957986491945177 0.049135933666043984 -0.038962443288536 0.25067840373480793 0.087599249057148429 -0.051546435242237336 0.040445399155184955 0.076566537813629459 0.084925946214339409 0.11162902145420722 0.079930368187600409 0.089489844904202712 -0.047333859458952229 0.12450857852553963 0.0058677260714339423 -0.040916329541820645
leaf_weight=30.147842697799206 50.469087421894073 15.776374593377112 13.674691587686537 15.439771108329298 3.649257965385913 13.120123803615568 65.613997511565685 1.9652591943740869 9.4255057349801046 103.6085617095232 4.9902553483843866 7.0852022096514693 18.359348028898239 27.098453760147098 3.5352828353643408 7.4225578382611257 2.9679651632904998 2.0271217003464699 4.9790929630398741 13.285479895770548 9.5238754376769048 3.5395581722259513 8.165812782943247 3.5000332295894614 21.64283400028944 3.9308133050799361 16.966491505503654 3.8311564326286307 108.81103574484587 19.921646095812321
leaf_count=138 152 45 59 43 4 46 156 2 27 447 15 45 55 31 9 42 6 8 14 17 48 16 29 9 56 16 32 10 285 22
internal_value=0.0102336 0.00532037 0.00359846 0.0048583 0.0514623 0.00313243 0.0179411 0.0104656 0.0448101 -0.000967493 0.00562129 0.0451162 0.0657867 0.000936701 -0.0318354 0.00537973 0.0609802 0.0923703 0.00214647 0.000106404 -0.0171766 -0.0222983 0.0264455 0.0137377 0.0686133 0.00368386 -0.00729379 -0.00263597 -0.00606589 -0.0013722
internal_weight=614.474 564.005 548.229 534.554 19.089 515.465 111.768 98.6476 33.0336 403.698 287.026 30.4348 23.3496 256.591 30.6337 225.957 12.4176 9.44968 213.539 208.56 116.672 107.148 45.7445 37.5787 23.6081 34.0787 162.816 145.849 142.018 128.733
internal_count=1884 1732 1687 1628 47 1581 287 241 85 1294 783 115 70 668 40 628 56 50 572 558 511 463 192 163 58 154 366 334 324 307
is_linear=0
shrinkage=0.05


Tree=25
num_leaves=31
num_cat=0
split_feature=293 288 58 96 25 280 176 256 184 205 232 295 197 170 102 270 256 270 43 243 188 172 220 149 182 153 217 121 119 38
split_gain=62.4796 21.76 12.8436 11.8784 11.3453 16.5175 11.9756 15.2718 10.9535 10.462 11.8826 14.6861 13.614 13.313 11.5754 18.4567 24.6453 16.2967 20.7602 20.3286 15.1724 14.5891 13.5354 13.4624 12.6666 14.5673 14.5215 12.2243 21.4675 12.6675
threshold=0.003249999950639904 0.0021499999566003685 0.0014499999815598132 0.0018500000005587938 0.0028499999316409235 0.019550000317394737 1.0000000180025095e-35 0.0014499999815598132 0.0014000000082887711 0.0013499999768100681 0.0388999991118908 0.0024500000290572648 0.0021499999566003685 0.052799999713897712 0.0010500000207684936 0.0014499999815598132 0.0019500000635161998 1.0000000180025095e-35 0.0012500000302679839 0.0048500001430511483 0.05829999968409539 0.0027499999850988392 0.013350000139325859 0.018550000153481964 0.0045499999541789302 0.020600000396370891 0.0010500000207684936 0.0018500000005587938 0.0013499999768100681 1.0000000180025095e-35
decision_type=2 2 2 2 2 2 2 2 2 2 2 2 2 2 2 2 2 2 2 2 2 2 2 2 2 2 2 2 2 2
left_child=1 2 3 8 6 -6 7 -5 9 10 11 14 -12 -13 15 16 -1 18 19 21 22 23 27 24 25 26 -18 29 -29 -16
right_child=-2 -3 -4 4 5 -7 -8 -9 -10 -11 12 13 -14 -15 20 -17 17 -19 -20 -21 -22 -23 -24 -25 -26 -27 -28 28 -30 -31
leaf_value=-0.011436930678776127 0.064089370733620643 0.063902659671412565 -0.042825466158434355 0.10034642131562786 0.064245385526531612 -0.043136013143660355 0.074284904086384482 -0.047355648982172871 0.085133253798633998 0.074306406609996253 -0.029481996988490952 0.080233988752960381 0.078751062225322327 -0.057454480031892186 -0.018045018167868968 -0.024571689382082488 0.021223460359998475 0.098122821283732842 -0.048962153833092131 0.10630555897339547 0.088387019384008586 -0.047602519166384728 0.10087170129326162 0.14331455262612855 0.091034117437640769 -0.03900118182163384 0.10695593112641805 0.15784116318929395 -0.00037962446987551188 0.062415203809732395
leaf_weight=61.751032091677189 48.774765387177467 15.293965041637419 14.604404516518114 2.0635031759738949 24.315512426197532 4.1997055932879439 3.9197490438818923 11.521740086376665 3.9673878848552695 4.9120080322027198 45.244232803583145 10.400324672460554 3.1047671139240256 2.1121097281575194 151.91724886000156 34.600509606301785 86.307785727083683 7.5026157200336447 9.4722028598189336 7.7381931543350211 4.0116623342037192 6.955048903822898 2.7101722359657279 2.435377985239028 6.6958614140748969 9.4734749644994718 5.2390761822462073 2.8132011517882338 9.0104204341769201 5.054541051387786
leaf_count=186 152 45 112 5 73 6 12 28 10 13 91 27 8 3 546 43 260 22 26 19 11 13 7 6 21 32 16 11 57 23
internal_value=0.009816 0.0050834 0.00342992 0.00470584 0.0289791 0.0484303 -0.00270644 -0.0249207 0.00239514 0.00171051 0.000959075 0.00362391 -0.0225317 0.0569921 0.00200974 0.0091896 0.0149279 0.0264077 0.0224019 0.0278164 -0.0077331 0.02263 -0.00998143 0.0270645 0.0244362 0.0200219 0.0261298 -0.0117613 0.0372659 -0.0154542
internal_weight=608.123 559.348 544.054 529.449 46.0202 28.5152 17.505 13.5852 483.429 479.462 474.55 426.201 48.349 12.5124 413.688 238.171 203.571 141.82 134.317 124.845 175.517 117.107 171.506 110.152 107.716 101.02 91.5469 168.795 11.8236 156.972
internal_count=1884 1732 1687 1575 124 79 45 33 1451 1441 1428 1329 99 30 1299 644 601 415 393 367 655 348 644 335 329 308 276 637 68 569
is_linear=0
shrinkage=0.05


Tree=26
num_leaves=31
num_cat=0
split_feature=293 288 133 172 179 112 218 304 195 309 36 247 222 269 25 305 149 99 279 247 218 309 172 232 170 204 204 182 243 116
split_gain=58.9098 20.3858 12.0462 15.5159 10.8994 20.1707 12.189 12.0294 14.7698 14.1334 12.5004 12.1038 13.5881 14.6131 13.0413 15.5189 13.0263 12.7922 17.8067 14.0217 22.8263 20.5219 13.2186 16.0903 12.9828 12.7206 16.2314 12.4659 11.4824 11.474
threshold=0.003249999950639904 0.0021499999566003685 0.0010500000207684936 0.018000000156462196 0.0010500000207684936 0.0014499999815598132 0.14914999902248385 0.0024500000290572648 0.0045499999541789302 0.45070396363735205 0.0012500000302679839 0.059500001370906837 0.0049499999731779107 0.055250000208616264 0.0046500000171363362 0.0012500000302679839 0.13255000114440921 0.0016499999910593035 0.028649999760091308 0.0036499999696388845 0.0012500000302679839 0.20870623737573626 0.0017499999958090486 0.0011500000255182388 0.02224999945610762 0.02185000013560057 0.032749999314546592 0.0014499999815598132 1.0000000180025095e-35 0.051300000399351127
decision_type=2 2 2 2 2 2 2 2 2 2 2 2 2 2 2 2 2 2 2 2 2 2 2 2 2 2 2 2 2 2
left_child=1 2 3 4 7 -6 -7 10 9 -9 11 12 13 14 16 -16 17 18 19 20 21 -1 23 -21 25 -19 -27 -13 -23 -10
right_child=-2 -3 -4 -5 5 6 -8 8 29 -11 -12 27 -14 -15 15 -17 -18 24 -20 22 -22 28 -24 -25 -26 26 -28 -29 -30 -31
leaf_value=-0.022228011969501166 0.06311523665880725 0.062734857865763563 -0.044187038025580001 0.076905791664645062 0.065022518878125532 -0.0049584194938628815 0.075828769353176312 -0.025441706564358096 -0.049543535273941258 0.087680010622344262 -0.031281949273862665 -0.0012624891869828375 -0.042723156707510992 0.11664745332825109 0.0025040792966688368 0.07168278761398271 0.11994862952609849 -0.025462441052629251 0.10709674059082715 -0.01265566831330271 -0.016243382590587108 0.034151907934141884 -0.046547021074097278 0.071017858603285605 0.061269215503327749 0.098349340874236732 -0.027194063626344845 0.072469069718167411 0.1121206364601558 0.060997008392886388
leaf_weight=15.163122370839117 47.093819081783295 14.811969563364981 13.044558122754095 7.2871162444353095 19.564935490489006 40.469352640211582 5.2778916433453551 3.5271514505147996 7.0633150935173017 12.714534699916838 32.252843327820301 11.240596897900106 18.610436104238033 2.7158160507678977 20.667885079979897 13.33916714042425 2.1416646465659133 103.6651549488306 4.1077869832515708 8.2649303749203735 113.20477898418903 25.251393951475624 4.554419480264186 18.848100982606411 5.1103353053331366 4.9271037951111776 5.392209567129612 11.699317529797552 5.80819147825241 3.5161197632551193
leaf_count=23 152 45 59 20 62 101 14 5 30 35 169 47 30 7 81 46 6 341 11 45 272 100 8 59 16 18 16 39 14 13
internal_value=0.00942775 0.00486594 0.00327694 0.00445316 0.00343607 0.0225335 0.00436206 0.000687428 0.0331681 0.0631138 -0.00135294 0.00109262 -0.00108232 0.00111201 0.000216662 0.0296392 -0.00294532 -0.00378273 0.00409634 0.00188224 -0.00415407 0.0254541 0.0322716 0.0455115 -0.016697 -0.0201925 0.0327484 0.0363405 0.0487322 -0.0128049
internal_weight=601.336 554.242 539.43 526.386 519.099 65.3122 45.7472 453.786 26.8211 16.2417 426.965 394.712 371.772 353.162 350.446 34.0071 316.439 314.298 195.203 191.095 159.427 46.2227 31.6675 27.113 119.095 113.984 10.3193 22.9399 31.0596 10.5794
internal_count=1884 1732 1687 1628 1608 177 115 1431 83 40 1348 1179 1093 1063 1056 127 929 923 532 521 409 137 112 104 391 375 34 86 114 43
is_linear=0
shrinkage=0.05


Tree=27
num_leaves=31
num_cat=0
split_feature=293 288 58 250 213 223 218 243 210 216 232 269 149 213 270 218 153 53 47 2 144 256 144 304 213 279 237 243 237 237
split_gain=55.5902 19.1154 11.4172 10.3407 18.7629 10.0511 10.2657 9.35224 9.83123 11.5895 10.9627 16.5745 14.1263 13.0607 13.2923 16.2886 27.7019 14.8548 15.7171 15.6927 15.7705 13.396 22.1006 17.4921 16.411 15.3074 13.3452 12.952 12.5219 15.7698
threshold=0.003249999950639904 0.0021499999566003685 0.0014499999815598132 0.00045000000682193791 0.0019500000635161998 0.002650000038556755 0.22770000249147418 0.020200000144541267 0.0028499999316409235 0.0052499999292194852 0.037900000810623176 0.0041499999351799497 0.063499998301267638 0.023450000211596492 0.0014499999815598132 0.013499999884516002 0.0044499998912215242 0.0010500000207684936 0.0014499999815598132 0.0019500000635161998 0.01415000017732382 0.015050000045448543 0.0010500000207684936 0.0015499999863095584 0.0015499999863095584 0.025649999268352989 0.21980000287294391 0.0039500000420957812 0.0036499999696388845 0.028749999590218071
decision_type=2 2 2 2 2 2 2 2 2 2 2 2 2 2 2 2 2 2 2 2 2 2 2 2 2 2 2 2 2 2
left_child=1 2 3 5 -5 6 7 8 9 10 12 27 13 14 17 16 -16 19 -19 20 21 23 26 24 25 -1 -23 -12 -24 -30
right_child=-2 -3 -4 4 -6 -7 -8 -9 -10 -11 11 -13 -14 -15 15 -17 -18 18 -20 -21 -22 22 28 -25 -26 -27 -28 -29 29 -31
leaf_value=-0.0014226073323151598 0.062209952525048323 0.061643743030435599 -0.041444014438154458 0.078478391057068844 -0.023371059484081774 0.069007826380875908 0.074703958857510466 0.058691466715016127 -0.040156451286496191 0.053763693948907301 -0.04019397757382337 0.074523239633228711 0.062151315275402345 0.10942622137838601 -0.022658629335564728 -0.033272888008833205 0.13907631369150369 -0.02961060654152774 0.050451583093254572 0.055438126988213245 -0.033921591824195872 0.090457412475774462 0.075250687208979775 0.10017690268792723 0.1198336068288612 0.13700827853749209 -0.055018819476878381 0.058200397406131303 -0.028142577489594808 0.063612922125965241
leaf_weight=186.20901394635439 45.432307243347168 14.332613959908484 13.988907314836977 12.049247369170191 7.2383979409933081 5.6926938742399207 4.8330560028553 7.0395487844943991 14.328090153634546 10.525159567594526 38.517446137964725 4.0266820639371863 9.9453467801213247 2.8008122667670241 7.8107407167553884 48.736145801842213 4.0051228776574135 46.878675974905491 7.0521255359053603 17.433205410838127 22.156180888414383 16.690757453441623 5.6729949340224293 4.6358290612697592 2.9041258022189131 2.0186396539211264 1.7408773377537716 3.6625656709074965 20.035698391497139 6.1110270246863356
leaf_count=612 152 45 112 32 13 19 12 21 23 33 80 12 36 10 12 75 13 224 26 63 84 48 23 12 13 5 2 11 42 19
internal_value=0.00905742 0.00465938 0.00313203 0.00432947 0.0402556 0.00294765 0.00218911 0.00147524 0.000642876 0.0018878 0.000698364 -0.0223977 0.00328339 0.00183024 0.00107702 -0.0205039 0.0321633 0.00492568 -0.0191415 0.00947023 0.006482 0.0101207 0.0331494 0.0042095 0.00188184 6.1989e-05 0.0767171 -0.0316502 0.00791273 -0.00669743
internal_weight=594.504 549.072 534.739 520.75 19.2876 501.463 495.77 490.937 483.897 469.569 459.044 46.2067 412.837 402.892 400.091 60.552 11.8159 339.539 53.9308 285.608 268.175 246.019 50.2514 195.768 191.132 188.228 18.4316 42.18 31.8197 26.1467
internal_count=1884 1732 1687 1575 45 1530 1511 1499 1478 1455 1422 103 1319 1283 1273 100 25 1173 250 923 860 776 134 642 630 617 50 91 84 61
is_linear=0
shrinkage=0.05


Tree=28
num_leaves=31
num_cat=0
split_feature=293 288 58 179 112 50 308 219 218 149 93 4 63 218 215 232 263 116 107 309 283 306 144 105 125 232 306 308 202 249
split_gain=52.5007 17.9401 10.6084 9.7917 17.0196 11.9239 14.5325 19.803 10.8441 10.716 18.3231 12.9778 13.0132 12.9607 14.0874 12.8912 12.4187 12.2133 13.5185 11.7741 10.7019 14.084 12.2047 9.48881 12.2441 8.77218 8.6641 9.63817 13.3275 11.2952
threshold=0.003249999950639904 0.0021499999566003685 0.0011500000255182388 0.0010500000207684936 0.0014499999815598132 0.010250000283122064 0.0040960873011499652 1.0000000180025095e-35 0.14914999902248385 0.011700000148266556 0.0031500000040978198 0.0011500000255182388 0.0010500000207684936 1.0000000180025095e-35 0.0014499999815598132 0.002549999975599349 0.0039500000420957812 0.0010500000207684936 0.0016499999910593035 0.20870623737573626 1.0000000180025095e-35 0.10418883338570596 0.01415000017732382 0.0021499999566003685 0.0010500000207684936 0.0016499999910593035 0.012880790513008835 0.0011997050605714323 0.0047500000800937423 0.0001499999962106813
decision_type=2 2 2 2 2 2 2 2 2 2 2 2 2 2 2 2 2 2 2 2 2 2 2 2 2 2 2 2 2 2
left_child=1 2 3 5 25 6 9 -8 23 11 -11 12 13 15 20 17 -16 18 19 -1 26 -22 -23 24 -6 -5 -15 28 29 -28
right_child=-2 -3 -4 4 8 -7 7 -9 -10 10 -12 -13 -14 14 16 -17 -18 -19 -20 -21 21 22 -24 -25 -26 -27 27 -29 -30 -31
leaf_value=-0.0054689218254019047 0.06136660340199232 0.060620847076220119 -0.033003878706242627 0.011809520108085258 -0.021740106192157153 -0.042892781965823752 0.069273741492228577 -0.021909939058837116 0.074058715174038614 0.063142965768079179 -0.032762403439886845 0.074748735163345972 -0.042746705020041326 -0.050803132007228191 0.060027384501753968 0.070595732763735861 -0.03682063137876683 -0.04702549539497336 -0.036207941657696939 0.06277723434267829 0.22816575592014723 0.066865179049996837 -0.0473636040855753 0.069780909401845767 0.086475289460999388 0.083508112082988598 -0.0074682988630016883 -0.035076956895981018 0.082869422347371532 0.050354207863951811
leaf_weight=9.7492564916610736 43.795342326164246 13.857793793082235 19.707238987088203 6.2012281417846706 30.943035192787647 14.447445638477801 17.893990807235244 8.9239026084542257 5.0332031995058051 16.251526415348057 7.1808406785130492 5.5607123374938956 18.79940178245306 11.734843842685221 14.476416364312174 11.069658428430555 4.2912369370460501 7.68646066635847 7.676540218293666 17.967039033770561 0.926523357629775 6.290666997432707 3.7219048142433167 3.8987476974725714 2.8550713658332816 13.670472353696821 222.62861433625221 27.195427551865578 4.3694545924663535 8.77880612015724
leaf_count=16 152 45 139 26 77 49 52 14 13 71 36 20 77 47 41 36 6 27 19 63 3 20 15 13 7 36 642 79 17 26
internal_value=0.008702 0.00446052 0.00299191 0.00438224 0.022904 0.0017919 0.00328225 0.0389315 0.00512517 0.000929535 0.0337528 -0.00107903 -0.00219641 -7.0365e-05 -0.00407962 0.0224688 0.037883 0.0101021 0.0225088 0.0387715 -0.00683667 0.041662 0.0244037 -0.00407868 -0.0125987 0.0611336 -0.00876793 -0.00689215 -0.00364121 -0.00527471
internal_weight=587.583 543.787 529.93 510.222 62.6018 447.621 433.173 26.8179 42.7301 406.355 23.4324 382.923 377.362 358.563 304.414 54.149 18.7677 43.0793 35.3928 27.7163 285.646 10.9391 10.0126 37.6969 33.7981 19.8717 274.707 262.972 235.777 231.407
internal_count=1884 1732 1687 1548 172 1376 1327 66 110 1261 107 1154 1134 1057 896 161 47 125 98 79 849 38 35 97 84 62 811 764 685 668
is_linear=0
shrinkage=0.05


Tree=29
num_leaves=31
num_cat=0
split_feature=293 178 101 243 133 301 74 269 195 292 306 109 247 253 196 218 243 217 63 54 169 222 280 256 273 153 182 144 218 238
split_gain=49.633 16.1328 9.67981 9.72052 10.4738 13.3395 10.4593 11.2337 14.5084 14.4663 15.1317 16.9608 17.3398 17.9741 16.3537 15.0016 18.2747 15.5385 13.7637 12.995 12.5783 12.6642 12.2656 11.5741 11.338 11.2308 10.9435 13.7819 15.7008 13.6812
threshold=0.0031500000040978198 0.0012500000302679839 0.0012500000302679839 0.020200000144541267 0.0010500000207684936 0.00045000000682193791 0.0034499999601393942 0.0047500000800937423 0.0030500000575557355 0.17164999991655353 0.53759083151817333 0.0011500000255182388 0.0020500000100582842 0.006499999901279808 0.0082999998703598993 0.0012500000302679839 1.0000000180025095e-35 0.0043500000610947618 0.0031500000040978198 0.0014499999815598132 0.0017499999958090486 0.003249999950639904 1.0000000180025095e-35 0.071750000119209303 0.0056499999482184657 0.013650000095367433 0.010149999987334015 0.013950000051409008 0.11589999869465829 0.0013499999768100681
decision_type=2 2 2 2 2 2 2 2 2 2 2 2 2 2 2 2 2 2 2 2 2 2 2 2 2 2 2 2 2 2
left_child=1 2 3 4 5 6 7 9 -9 10 11 12 15 19 -13 16 -1 23 26 20 21 22 -14 -17 -12 -16 27 28 29 -10
right_child=-2 -3 -4 -5 -6 -7 -8 8 18 -11 24 14 13 -15 25 17 -18 -19 -20 -21 -22 -23 -24 -25 -26 -27 -28 -29 -30 -31
leaf_value=0.0068329458936196991 0.058271108729022386 0.066190951528378769 0.056517244261519155 0.071140441237313709 -0.044911565532610734 0.074094861505137499 -0.053274961965547096 0.054220171728734695 0.096805913086482204 -0.037265701020343371 0.089904015642566559 -0.04409570247059328 0.025329660073962729 -0.057177243388364898 0.096864657516962271 -0.018010369848620606 0.096727473666294486 0.093032657746516922 0.067249489571491947 -0.059018957128644162 0.08588653139356496 0.11783896595930521 -0.057053716191389485 0.083745193065325865 -0.031135422658821299 -0.025581822988621883 0.041865102310422224 -0.038675059267261856 0.079314726860644044 -0.013951655282228859
leaf_weight=49.82083635777235 45.869901388883591 10.253876805305479 8.2743962556123716 5.0349055379629126 11.961395129561422 6.410505384206771 8.5634769275784475 20.828951984643936 3.0623376294970504 26.415171109139919 7.9110202118754369 35.696166470646858 68.709411293268204 6.8622253984212866 3.8396261781454077 138.00988924503326 6.377245880663394 3.3484028726816168 8.7260598763823491 4.2102789208292952 9.2938788160681707 3.456714302301406 4.8360197320580474 2.8522901907563201 2.5610839352011681 3.6555370986461639 13.527518630027769 22.932405352592468 6.7681000232696524 31.140726163983345
leaf_count=170 159 33 24 15 59 17 17 55 10 66 24 220 236 16 12 382 17 9 31 19 29 10 14 10 6 27 40 64 18 75
internal_value=0.00835512 0.00407814 0.0028652 0.00200621 0.00132606 0.0024326 0.00150154 0.00246902 0.0167722 -0.00158077 0.0011014 -0.000716826 0.00353024 0.0208402 -0.0299977 -0.0048798 0.017034 -0.0134195 0.00771891 0.0267555 0.0309403 0.0243085 0.0199125 -0.0159499 0.0603023 0.0371451 0.00101014 -0.0076383 0.00973362 -0.00403509
internal_weight=581.21 535.34 525.087 516.812 511.777 499.816 493.405 484.842 106.986 377.856 351.441 340.969 297.777 97.3685 43.1913 200.409 56.1981 144.211 86.1571 90.5063 86.296 77.0021 73.5454 140.862 10.4721 7.49516 77.4311 63.9036 40.9712 34.2031
internal_count=1884 1725 1692 1668 1653 1594 1577 1560 293 1267 1201 1171 912 324 259 588 187 401 238 308 289 260 250 392 30 39 207 167 103 85
is_linear=0
shrinkage=0.05


Tree=30
num_leaves=31
num_cat=0
split_feature=293 288 133 250 95 205 90 237 153 256 270 309 120 102 307 96 188 226 300 32 156 238 279 63 188 306 43 299 228 263
split_gain=47.0626 15.9704 9.66723 12.5674 14.8915 9.2144 8.7132 8.53819 21.2877 12.0173 17.1727 21.1671 20.5449 17.9788 16.6076 12.5382 11.1094 16.0844 12.9567 12.7813 10.8161 11.431 14.0377 12.6778 10.4013 12.8455 10.3329 9.79091 9.15003 9.39948
threshold=0.003249999950639904 0.0021499999566003685 0.0010500000207684936 0.00045000000682193791 0.0013499999768100681 0.0013499999768100681 0.0016499999910593035 0.0076500000432133683 0.0017499999958090486 0.0015499999863095584 0.0014499999815598132 0.52229326963424694 0.013950000051409008 0.0020500000100582842 0.16403473913669589 0.0010500000207684936 0.0018500000005587938 0.0010500000207684936 1.0000000180025095e-35 0.0053499999921768912 0.0023499999660998587 0.0014499999815598132 0.0013499999768100681 0.0075499999802559623 0.0030999999726191167 0.074946328997612013 0.0012500000302679839 0.0018500000005587938 0.0011500000255182388 0.0031500000040978198
decision_type=2 2 2 2 2 2 2 2 2 2 2 2 2 2 2 2 2 2 2 2 2 2 2 2 2 2 2 2 2 2
left_child=1 2 3 5 -5 6 7 8 9 15 11 14 13 26 -11 -1 19 -18 -19 -9 21 22 28 27 -24 -26 -13 -23 29 -10
right_child=-2 -3 -4 4 -6 -7 -8 16 20 10 -12 12 -14 -15 -16 -17 17 18 -20 -21 -22 23 24 -25 25 -27 -28 -29 -30 -31
leaf_value=-0.017509315233348994 0.059869476145572469 0.058867086240195869 -0.042022366602577625 0.067660414641784281 -0.054275275842266005 0.070061623436028134 0.10655700965033051 0.00018303512771919865 0.011559085622227525 -0.042583826145940168 -0.031811327806278315 0.073464613339780244 -0.047514245383721676 -0.019839505704181665 0.076026799974539386 0.062897408283903763 0.090808626717836821 -0.037302377973056473 0.071564657664389839 0.041649435066459878 0.1052295129229627 -0.049613552965711877 -0.024050426004738903 0.06762174089560101 -0.056381188030842189 0.085366801702260131 -0.054757123266465341 0.054956413066841174 0.14322464071953364 0.20060165731313387
leaf_weight=46.691015064716339 40.671132519841194 12.975217461585997 11.804911382496355 14.034995600581171 3.0475991144776335 4.9638218581676474 1.9691171497106541 160.63691101968288 14.759659096598625 13.673611216247084 12.865748025476931 40.600571483373642 5.2627794295549384 6.6685934439301482 3.7634764313697806 5.4101001247763625 9.6682638749480265 7.2782645225524885 4.3763225600123405 21.014238603413105 1.7662199139595021 45.239018425345421 69.321158707141876 2.6652563810348502 2.3781645894050589 4.8739554584026337 1.6344746947288502 2.3549850136041632 1.6687128394842137 0.68820287287235338
leaf_count=138 152 45 59 43 4 14 6 426 112 21 15 134 19 20 11 18 26 16 12 83 4 180 270 10 6 20 2 9 6 3
internal_value=0.008022 0.00407355 0.00270915 0.00374602 0.0459066 0.00228275 0.00159223 0.00116629 -0.00445766 0.00972521 0.0213737 0.03093 0.0463543 0.056456 -0.0169839 -0.00916 0.00898779 0.04313 0.00357743 0.00498006 -0.0177504 -0.0192594 -0.0089396 -0.0384967 -0.01809 0.0388838 0.0685025 -0.0444394 0.0319961 0.0199809
internal_weight=574.726 534.055 521.08 509.275 17.0826 492.193 487.229 485.26 282.286 136.57 84.4693 71.6035 54.1664 48.9036 17.4371 52.1011 202.974 21.3229 11.6546 181.651 145.715 143.949 93.6899 50.2593 76.5733 7.25212 42.235 47.594 17.1166 15.4479
internal_count=1884 1732 1687 1628 47 1581 1567 1561 998 378 222 207 175 156 32 156 563 54 28 509 620 616 417 199 296 26 136 189 121 115
is_linear=0
shrinkage=0.05


Tree=31
num_leaves=31
num_cat=0
split_feature=293 288 125 207 53 149 149 223 216 102 179 308 25 238 307 96 238 247 120 243 98 207 204 213 256 129 216 102 238 309
split_gain=44.5393 15.0185 9.26806 8.80728 13.4927 13.7671 15.5641 12.6984 12.4629 15.0548 17.3653 15.1652 12.4364 21.0942 13.449 11.5067 11.4556 12.0434 13.1707 12.4378 10.968 10.784 10.7132 10.7132 10.47 11.8682 10.4511 10.1673 13.4436 9.67706
threshold=0.003249999950639904 0.0021499999566003685 0.0023500000825151805 0.0023500000825151805 0.0010500000207684936 0.0035500000230968003 0.0039500000420957812 0.0010500000207684936 0.0013499999768100681 0.0047500000800937423 1.0000000180025095e-35 0.0098701622337102907 0.0022500000195577745 1.0000000180025095e-35 0.25178439170122152 0.0014499999815598132 0.013950000051409008 0.03914999961853028 0.0080500002950429934 0.002549999975599349 0.0053499999921768912 0.0028499999316409235 0.045849999412894256 0.0045499999541789302 0.015649999491870407 0.14445000141859057 1.0000000180025095e-35 0.0010500000207684936 0.0092500001192092913 0.26008526980876928
decision_type=2 2 2 2 2 2 2 2 2 2 2 2 2 2 2 2 2 2 2 2 2 2 2 2 2 2 2 2 2 2
left_child=1 2 3 4 5 7 -7 12 9 10 11 16 14 -14 27 -6 17 19 -19 21 -12 -5 -8 -13 -10 -26 -21 28 29 -1
right_child=-2 -3 -4 8 15 6 22 -9 24 -11 20 23 13 -15 -16 -17 -18 18 -20 26 -22 -23 -24 -25 25 -27 -28 -29 -30 -31
leaf_value=-0.044828672313329987 0.059176488600495673 0.058001769006626104 -0.054184035522997324 0.052669721970363285 -0.034717016872092159 0.16264579844736626 0.013299389771830769 0.067304527669848513 -0.060852095371819549 -0.031977437571749236 0.06898545520769718 0.073428402240973953 0.058075291206992799 -0.019089719382545414 0.068410147787446293 0.065556453663613887 -0.028902644894707803 0.072309405317077344 -0.01476383977990384 0.072260846224924069 -0.03374561615252842 -0.019409712206829185 0.11591368979463126 -0.057217142336777473 0.060939938815741328 -0.030772100370281743 -0.056026339998148413 -0.02916058927877915 0.080153458550920598 -0.0016189366327151195
leaf_weight=14.590934522449968 39.129119426012039 12.521864667534826 7.0911880955100051 5.8071149289607993 40.64683111011982 2.2085317224264172 23.41705106198788 6.496732495725154 2.3751969635486629 22.493114963173866 17.917798310518268 11.433088436722752 19.765044495463371 16.047036230564117 5.5135803669691077 3.0776173546910277 27.791064903140068 12.782632373273374 6.5776619389653197 8.4020263701677287 3.0387750566005698 48.766077011823654 2.8535237982869139 1.8187925964593894 25.504652842879299 4.0937355160713187 1.9574334174394614 53.940772257745266 4.6399431303143492 115.74281900376081
leaf_count=18 152 45 23 21 239 9 99 22 5 93 52 33 72 47 17 13 93 46 17 25 8 144 8 3 79 7 3 159 19 313
internal_value=0.00770046 0.00389513 0.00258412 0.00337391 -0.00192436 0.00231836 0.0351627 -0.00163278 0.0115272 0.00610507 0.0119604 0.00491638 -0.00357799 0.0234984 -0.00856525 -0.0276591 -0.00106392 0.0081144 0.0427263 -0.00220546 0.0540891 -0.0117398 0.0244454 0.0554976 0.0401501 0.0482553 0.0480208 -0.0108118 -0.00347894 -0.00645629
internal_weight=568.442 529.313 516.791 509.7 308.94 265.216 28.4791 236.737 200.759 168.786 146.292 125.336 230.24 35.8121 194.428 43.7244 112.084 84.2929 19.3603 64.9327 20.9566 54.5732 26.2706 13.2519 31.9736 29.5984 10.3595 188.914 134.974 130.334
internal_count=1884 1732 1687 1664 1035 783 116 667 629 538 445 385 645 119 526 252 349 256 63 193 60 165 107 36 91 86 28 509 350 331
is_linear=0
shrinkage=0.05


Tree=32
num_leaves=31
num_cat=0
split_feature=293 288 58 184 299 53 170 269 292 256 206 293 116 132 256 216 120 161 256 232 232 120 216 213 6 106 270 222 243 270
split_gain=42.1626 14.1284 9.04241 8.57417 8.63326 9.58548 8.03704 10.3052 13.7664 15.7826 15.6976 13.2931 12.3722 21.1101 15.4072 13.2133 12.1719 11.0362 12.0699 10.6338 15.0045 14.5126 15.3277 16.7352 14.2693 15.8189 14.2293 13.4581 12.4546 11.8624
threshold=0.003249999950639904 0.0021499999566003685 0.0014499999815598132 0.0014000000082887711 0.0016499999910593035 0.0013499999768100681 0.1058499999344349 0.0036499999696388845 0.10469999909400941 0.0087500000372529047 0.002650000038556755 0.0020500000100582842 0.0064499999862164268 0.0017499999958090486 0.010250000283122064 0.0012500000302679839 0.0031500000040978198 0.0008499999821651728 0.017849999479949478 0.03980000130832196 0.010250000283122064 0.013650000095367433 0.0020500000100582842 1.0000000180025095e-35 0.002650000038556755 0.0021499999566003685 0.0020500000100582842 0.0019500000635161998 0.017049999907612804 0.0014499999815598132
decision_type=2 2 2 2 2 2 2 2 2 2 2 2 2 2 2 2 2 2 2 2 2 2 2 2 2 2 2 2 2 2
left_child=1 2 3 4 6 -6 7 8 10 -10 19 -11 14 -14 -9 -16 -12 18 -17 20 26 22 24 -24 25 28 29 -23 -22 -1
right_child=-2 -3 -4 -5 5 -7 -8 12 9 11 16 -13 13 -15 15 17 -18 -19 -20 -21 21 27 23 -25 -26 -27 -28 -29 -30 -31
leaf_value=-0.0014059311211350413 0.058525085813730053 0.057180343804142511 -0.038980036615632166 0.07996048218737406 0.049539479635589252 -0.059470036902492564 -0.03439881546163235 0.062136837843684768 0.15402513422878905 -0.042354473020036781 0.0777396659435802 0.087205207033418775 0.070134017476362026 -0.03827131922600796 -0.014036002712724949 -0.058590619576593998 -0.041778114692164317 -0.054201620841234047 0.069756783625729415 -0.030407803944558845 0.095483585741289428 -0.047643470372857433 0.11113650555045958 -0.045332941935525582 -0.055988479725490314 -0.056079156107049256 0.12662451291963614 0.099576343301096118 -0.032712677780136125 -0.055254376133280048
leaf_weight=211.90114020556211 37.624530211091042 12.077932164072989 12.828949820250271 3.6429775059223166 16.495045289397243 2.2975089624524108 14.966689363121985 10.928439795970915 1.1366872712969769 35.329586803913116 10.99967101216316 2.0973568856716147 20.382482729852203 5.7599259540438643 53.869484685361385 2.1253446936607387 2.6419155001640311 2.9068688079714766 13.26084530353546 26.633137717843056 21.414253182709228 9.1721621379256231 2.190947085618971 7.7666804939508438 2.3738704472780219 2.1997031047940245 2.1043901219964019 1.8686144053935994 2.0784979164600363 10.746068112552164
leaf_count=816 152 45 112 10 52 6 28 37 4 93 32 6 69 18 135 4 15 5 37 61 67 23 6 12 8 4 8 5 2 12
internal_value=0.00739857 0.00372894 0.00246833 0.00353332 0.00297159 0.0362124 0.00166159 0.00283006 -0.00132648 -0.0295197 0.00213504 -0.0350941 0.0162493 0.0462492 0.00681058 -0.00156813 0.0545931 0.0351473 0.0520277 -0.000246764 0.00268689 0.0277375 0.0423906 -0.0109054 0.0612994 0.0721363 -0.00278182 -0.022727 0.0841415 -0.00400493
internal_weight=561.822 524.197 512.119 499.29 495.647 18.7926 476.855 461.888 352.655 38.5636 314.091 37.4269 109.233 26.1424 83.091 72.1625 13.6416 18.2931 15.3862 300.449 273.816 49.0647 38.024 9.95763 28.0663 25.6925 224.752 11.0408 23.4928 222.647
internal_count=1884 1732 1687 1575 1565 58 1507 1479 1174 103 1071 99 305 87 218 181 47 46 41 1024 963 127 99 18 81 73 836 28 69 828
is_linear=0
shrinkage=0.05


Tree=33
num_leaves=31
num_cat=0
split_feature=293 288 125 101 146 202 120 149 292 256 149 144 25 267 304 2 117 106 25 309 204 307 273 108 163 196 63 256 144 304
split_gain=39.9321 13.2976 8.48276 7.7772 7.78939 8.16833 11.4285 10.7093 11.1959 15.4579 12.5313 13.7981 23.325 13.4974 12.1582 12.0639 10.347 10.3133 9.40862 9.33944 16.1374 11.4494 11.5075 11.4679 10.4535 9.32283 9.15032 8.97362 8.92881 16.7238
threshold=0.003249999950639904 0.0021499999566003685 0.0023500000825151805 0.0012500000302679839 0.0046500000171363362 0.0021499999566003685 0.070150002837181105 0.066150002181530013 0.0058500000741332778 0.016749999485909942 0.0010500000207684936 0.0010500000207684936 0.0019500000635161998 0.0080500002950429934 0.0015499999863095584 0.0034500000765547161 0.0018500000005587938 0.003249999950639904 0.0041499999351799497 0.97902229428291332 0.0069500000681728133 0.15294588357210162 0.055500000715255744 0.0011500000255182388 0.054800000041723258 0.012349999975413086 0.0024500000290572648 0.0022500000195577745 0.013950000051409008 0.0024500000290572648
decision_type=2 2 2 2 2 2 2 2 2 2 2 2 2 2 2 2 2 2 2 2 2 2 2 2 2 2 2 2 2 2
left_child=1 2 3 4 5 6 7 8 9 10 11 12 13 14 -1 27 -9 19 -17 21 -21 23 -23 24 -7 -13 -12 -10 29 -29
right_child=-2 -3 -4 -5 -6 17 -8 16 15 -11 26 25 -14 -15 -16 18 -18 -19 -20 20 -22 22 -24 -25 -26 -27 -28 28 -30 -31
leaf_value=-0.0056830551387039747 0.057911436662672636 0.056398146925789552 -0.05354375605218327 0.05257959580282056 -0.056435960443898231 0.072135104166236974 -0.041760145026443429 0.080307423480527745 -0.059095270558237878 0.075573444726609901 0.088940217930243093 -0.036537609780730458 0.072186908177981249 0.10524322657270779 0.092964753539969205 0.054864791872801105 -0.055570970981444028 -0.071168263279249647 -0.057894836900195451 0.15700709914377409 -0.036218533345181166 -0.032348151186263198 0.073813028257522117 -0.022837289599889829 -0.034026262271582022 0.085207693605146989 -0.059644236309385312 -0.0045816502826006873 -0.029063021336019946 0.076391458797060441
leaf_weight=75.299407832324505 36.159176200628281 11.644183993339537 6.6969944685697547 7.8189415782690039 5.577092930674552 25.740571938455108 15.379263218492268 7.5793639943003637 8.230510011315344 9.0538249462842924 7.1196387410163862 24.046513371169571 14.045283041894434 3.0720593705773345 3.2586071193218222 12.763396330177782 1.7187604010105131 2.9374551251530638 2.1635290011763564 1.2090476304292668 10.166589103639124 9.7167783156037313 3.462157577276229 4.5643759071826926 2.5484007373452178 1.682496391236781 1.2126510888338087 198.14710425585508 35.733079824596643 6.5887004137039176
leaf_count=223 152 45 23 24 29 86 96 23 33 28 32 120 45 8 8 43 4 18 6 4 29 29 9 19 6 7 10 543 163 19
internal_value=0.00710698 0.0035686 0.00235655 0.00310402 0.00231937 0.00299163 0.00055866 0.00213944 0.000913667 0.0124078 0.00799973 0.00392872 0.01267 0.00242948 -0.00159112 -0.00513762 0.0551903 0.0202109 0.0385213 0.0248867 -0.0156817 0.034912 -0.0044592 0.0507056 0.0625716 -0.0285763 0.0673158 -0.00775802 -0.00600091 -0.00197582
internal_weight=555.336 519.177 507.533 500.836 493.017 487.44 427.094 411.715 402.417 138.79 129.737 121.404 95.6754 81.6301 78.558 263.626 9.29812 60.3454 14.9269 57.4079 11.3756 46.0323 13.1789 32.8533 28.289 25.729 8.33229 248.699 240.469 204.736
internal_count=1884 1732 1687 1664 1640 1611 1411 1315 1288 481 453 411 284 239 231 807 27 200 49 182 33 149 38 111 92 127 42 758 725 562
is_linear=0
shrinkage=0.05


Tree=34
num_leaves=31
num_cat=0
split_feature=293 178 299 53 309 308 58 158 271 197 172 144 102 237 153 211 256 295 43 109 267 116 243 309 99 144 295 218 63 196
split_gain=37.8389 12.5366 7.70414 8.41329 7.60677 7.48903 9.24762 9.15581 11.0146 8.91146 8.39481 8.12546 7.94334 12.5433 19.2179 16.5119 15.6133 13.5115 12.7254 12.6614 14.5226 15.1863 12.1852 12.0626 11.221 10.9239 10.4243 10.426 10.3264 11.6916
threshold=0.003249999950639904 0.0012500000302679839 0.0016499999910593035 0.0013499999768100681 0.98055559396743786 0.01309769554063678 0.0029499999945983295 0.00025000000459840527 0.019550000317394737 0.0016499999910593035 0.0092500001192092913 0.42219999432563787 0.0010500000207684936 0.0074499999172985562 0.0020500000100582842 0.0057500000111758718 0.017150000669062141 0.0013499999768100681 0.0017499999958090486 0.0023500000825151805 0.0017499999958090486 0.0018500000005587938 0.002650000038556755 0.20870623737573626 0.026749999262392524 1.0000000180025095e-35 0.0024500000290572648 0.18874999880790713 0.0037500000325962905 0.0087500000372529047
decision_type=2 2 2 2 2 2 2 2 2 2 2 2 2 2 2 2 2 2 2 2 2 2 2 2 2 2 2 2 2 2
left_child=1 2 5 4 -4 6 7 8 10 -9 12 -10 13 14 16 23 -1 18 19 20 21 -15 -19 -16 -22 -21 27 28 -14 -30
right_child=-2 -3 3 -5 -6 -7 -8 9 11 -11 -12 -13 26 17 15 -17 -18 22 -20 25 24 -23 -24 -25 -26 -27 -28 -29 29 -31
leaf_value=0.0060966154479194755 0.057332088403272224 0.062881620128337326 0.064298702512669045 -0.059072388928825152 -0.019054769576063262 0.036656366880029115 -0.060181656209899306 -0.029828648039111824 0.064647033711980662 0.054706060077322455 0.080495280950648562 -0.067751833309171977 -0.014739782484682646 -0.02705541920106503 0.17475416626411688 0.12851438055886996 0.097251691821180972 -0.031869410329987351 -0.056200087452122564 0.038836180087267989 0.068557534482826865 0.10191747388110235 0.079582656405357111 -0.035447178962611951 -0.055360635206587627 -0.059541689319942408 0.073363942200907625 0.074962858855385492 0.070803911897988805 -0.034040554342767745
leaf_weight=102.34996731579304 34.734431520104408 8.7123520970344526 12.76638643443585 2.1384025141596785 3.4841083586215964 14.444599971175192 6.2758940942585459 35.303568627685308 10.683411151170729 3.4195616394281378 3.349989302456378 1.2998206987977017 148.46856598556042 10.132710903882979 0.69237096607684989 1.6470881178975094 4.9235333055257788 16.326146326959137 3.8320698812603942 5.6234464496374112 38.305403120815754 2.9460202902555457 2.885948807001113 47.941117070615292 1.9183310121297825 5.6637876778841019 3.9058227390050879 3.591434270143508 7.5914101675152761 4.0924748629331589
leaf_count=278 152 33 42 6 10 41 54 110 32 12 10 7 619 37 2 5 13 25 5 21 117 9 7 136 4 18 11 10 37 21
internal_value=0.00682193 0.00341337 0.00238945 0.0341593 0.0464277 0.00119134 0.000108691 0.000919101 0.00302475 -0.0223636 0.00166397 0.0502857 0.00102429 0.0067593 -0.00167497 -0.0271816 0.0102804 0.021923 0.0323264 0.0375786 0.0477657 0.00199608 -0.0151276 -0.0324546 0.0626477 -0.0105286 -0.00736316 -0.00928877 -0.0111781 0.0340804
internal_weight=549.45 514.716 506.003 18.3889 16.2505 487.614 473.17 466.894 428.171 38.7231 416.188 11.9832 412.838 245.188 157.554 50.2806 107.274 87.6339 68.4218 64.5897 53.3025 13.0787 19.2121 48.6335 40.2237 11.2872 167.65 163.744 160.152 11.6839
internal_count=1884 1732 1699 58 52 1641 1600 1546 1424 122 1385 39 1375 677 434 143 291 243 211 206 167 46 32 138 121 39 698 687 677 58
is_linear=0
shrinkage=0.05


Tree=35
num_leaves=31
num_cat=0
split_feature=293 288 133 250 95 205 53 216 63 93 90 299 295 237 306 279 170 182 309 204 216 116 102 102 173 271 102 211 204 195
split_gain=35.8594 11.8838 7.72997 10.1692 11.4868 7.61893 7.53644 10.2416 9.86382 9.62929 9.36065 8.70498 8.50161 13.9696 15.1123 13.6745 14.6491 12.6867 12.0749 11.1916 10.9526 10.9128 11.3158 12.2403 11.2111 12.5799 17.4018 12.6079 12.1854 9.95689
threshold=0.003249999950639904 0.0021499999566003685 0.0010500000207684936 0.00045000000682193791 0.0013499999768100681 0.0013499999768100681 0.0031500000040978198 0.0052499999292194852 0.0075499999802559623 0.0030500000575557355 0.0016499999910593035 0.0016499999910593035 1.0000000180025095e-35 0.011450000107288362 0.10824440047144891 0.0075499999802559623 1.0000000180025095e-35 0.0047500000800937423 0.46327556669712072 0.0061500000301748523 0.0011500000255182388 0.0036499999696388845 0.0047500000800937423 0.0031500000040978198 0.0010500000207684936 0.0028499999316409235 1.0000000180025095e-35 0.0038499999791383748 0.0023500000825151805 1.0000000180025095e-35
decision_type=2 2 2 2 2 2 2 2 2 2 2 2 2 2 2 2 2 2 2 2 2 2 2 2 2 2 2 2 2 2
left_child=1 2 3 5 -5 6 7 8 10 -9 11 12 13 14 15 19 17 20 -16 -1 -17 22 23 24 25 26 27 -15 -26 -21
right_child=-2 -3 -4 4 -6 -7 -8 9 -10 -11 -12 -13 -14 21 18 16 -18 -19 -20 29 -22 -23 -24 -25 28 -27 -28 -29 -30 -31
leaf_value=-0.0036011092048543678 0.056783930393011245 0.055034133670214196 -0.040054935057290735 0.062113202441596717 -0.053514022799012753 0.065881679427627834 -0.031026567969590413 0.062358014116095289 0.063651705198261008 -0.074735148245380703 0.11705035308916201 0.039682661744185006 -0.018546538592316825 0.043748276805365277 0.075318558946372044 0.056008463238454424 -0.031425099533687766 -0.055088146912535767 -0.022686504029636685 0.15200764337878467 0.15629898451791518 0.059838132911820975 -0.048511595462617046 0.094511284690862007 0.049818950496343571 0.086457801599805428 -0.036224981289596468 -0.055413233324603156 -0.04858622661910119 0.022241382171859073
leaf_weight=132.14641738682985 33.351280137896538 10.851032719016073 10.621636170893906 12.929704189300535 2.5758318193256846 4.5868025720119467 17.542602930217981 11.218260735273359 6.2121732458472243 1.4459572434425343 1.7070012986659993 13.216066941618918 62.440489158034325 29.038849353790283 3.2465317696332923 8.7755260169506091 4.7685036882758132 1.7888566181063641 98.43314391374588 2.1088123992085448 3.9466344639658919 13.349366270005701 7.260247789323329 4.7540878951549521 4.1944126561284092 6.7930417209863654 12.676266282796858 3.6032570824027053 12.584470987319945 4.9434758126735687
leaf_count=494 152 45 59 43 4 14 120 34 25 7 5 42 121 98 10 37 8 3 318 10 12 47 19 15 15 17 51 4 26 29
internal_value=0.00655503 0.00326877 0.0021429 0.00306082 0.0429048 0.00175408 0.00112584 0.00237744 0.00109572 0.0467052 0.0001957 -0.000268112 -0.00153473 0.00146242 -0.00451259 0.00514011 0.044605 0.0695895 -0.0195573 -0.000325925 0.0871203 0.0179545 0.0110437 0.0169149 0.01156 0.0230054 0.0134942 0.0328022 -0.0239867 0.0610448
internal_weight=543.111 509.759 498.908 488.287 15.5055 472.781 468.194 450.652 437.988 12.6642 431.775 430.068 416.852 354.412 260.158 158.478 19.2795 14.511 101.68 139.199 12.7222 94.254 80.9046 73.6444 68.8903 52.1114 45.3184 32.6421 16.7789 7.05229
internal_count=1884 1732 1687 1628 47 1581 1567 1447 1406 41 1381 1376 1334 1213 921 593 60 52 328 533 49 292 245 226 211 170 153 102 41 39
is_linear=0
shrinkage=0.05


Tree=36
num_leaves=31
num_cat=0
split_feature=293 178 120 250 204 53 216 243 63 33 232 93 149 271 238 218 218 295 270 270 182 292 144 256 204 267 153 25 50 304
split_gain=34.003 11.374 7.11127 7.55905 9.76282 9.54798 10.9322 8.62098 8.48655 8.43907 8.31793 10.0032 13.7448 9.85873 10.4999 9.93735 9.72329 9.00351 9.40022 16.5284 11.813 12.9235 10.5432 21.5264 11.1066 12.4578 11.9003 15.8198 12.5676 12.3233
threshold=0.003249999950639904 0.0012500000302679839 0.41179999709129339 0.00045000000682193791 0.045849999412894256 0.0031500000040978198 0.0052499999292194852 0.020200000144541267 0.0075499999802559623 0.0012500000302679839 0.042050000280141837 1.0000000180025095e-35 0.0010500000207684936 0.0047500000800937423 0.0089499996975064295 0.0016499999910593035 0.0087500000372529047 0.0024500000290572648 0.0014499999815598132 1.0000000180025095e-35 0.0059500001370906839 0.059000000357627876 0.0010500000207684936 0.015050000045448543 0.0036499999696388845 0.0028499999316409235 0.0021499999566003685 0.0015499999863095584 0.0012500000302679839 0.0015499999863095584
decision_type=2 2 2 2 2 2 2 2 2 2 2 2 2 2 2 2 2 2 2 2 2 2 2 2 2 2 2 2 2 2
left_child=1 2 3 5 -5 6 7 8 9 10 11 17 -13 14 15 -12 -14 18 19 22 -20 -22 23 24 26 -26 27 29 -29 -1
right_child=-2 -3 -4 4 -6 -7 -8 -9 -10 -11 13 12 16 -15 -16 -17 -18 -19 20 -21 21 -23 -24 -25 25 -27 -28 28 -30 -31
leaf_value=-0.007965871664958192 0.056264151241305287 0.061764109440516891 -0.050570744356570989 0.051945809383377707 -0.053558028926289442 -0.031805379661064136 0.046958112062381679 0.06759917993084015 0.058381043373142344 -0.046581125650411725 0.064369808438052262 0.1168492188275583 0.05200218655153576 0.078053416432148623 0.067123247979482284 -0.043543146715689131 -0.016014575504277713 0.051684945111037252 -0.036907207765045892 0.053663518968156437 0.10913204831610956 -0.005756930485600463 -0.010090404329483795 0.073964801406902383 0.075959266012594742 -0.0031819205063264135 -0.034995787089300394 0.059200278706513315 -0.066254463817975354 0.094356010923215772
leaf_weight=78.819792032241821 32.01037535071373 8.1361469924449903 6.3114772960543624 14.273313555866482 2.590683337301015 20.381954245269299 13.823853582143782 4.9224051386117926 6.3618524968624106 9.4262765273451787 2.2970008328557006 4.168507985770705 10.346988879144194 2.3404564857482901 2.6811825037002555 29.944871131330729 10.675655752420424 8.6537346318364126 33.85749489068985 15.538206562399862 2.9548741877079037 14.261590920388697 125.58264433220029 11.914689488708971 10.548035345971586 9.4073071703314763 21.888662211596966 17.958970904350284 2.2459079548716536 3.056719869375228
leaf_count=209 152 33 23 46 4 147 46 16 26 63 8 17 52 6 9 54 50 23 51 50 9 28 521 38 36 30 58 58 14 7
internal_value=0.00628977 0.00312438 0.00216487 0.00284286 0.0357381 0.00167266 0.00317669 0.00180072 0.00105603 0.000205079 0.00125727 0.00345754 0.0339082 -0.0212912 -0.0279491 -0.0358551 0.0174621 0.00130696 5.43298e-05 0.00346216 -0.0197599 0.0139615 0.000690388 0.00937801 0.00403128 0.0386507 -0.00154138 0.00563204 0.0452551 -0.00414586
internal_weight=537.382 505.371 497.235 490.924 16.864 474.06 453.678 439.854 434.931 428.57 419.143 381.88 25.1912 37.2635 34.9231 32.2419 21.0226 356.689 348.035 296.961 51.074 17.2165 281.423 155.84 143.925 19.9553 123.97 102.081 20.2049 81.8765
internal_count=1884 1732 1699 1676 50 1626 1479 1433 1417 1391 1328 1251 119 77 71 62 102 1132 1109 1021 88 37 971 450 412 66 346 288 72 216
is_linear=0
shrinkage=0.05


Tree=37
num_leaves=31
num_cat=0
split_feature=293 178 120 250 133 58 251 195 307 237 170 292 50 108 309 306 309 195 212 292 121 112 305 295 25 217 109 232 232 50
split_gain=32.2458 10.7373 6.65247 6.97006 9.10638 7.17761 6.57538 6.41519 9.94518 7.66609 7.51096 6.91699 8.21703 7.90357 6.79956 8.74153 6.64943 10.4443 9.50384 9.47953 11.9373 8.79126 10.4446 8.18006 7.71009 7.9611 7.7013 10.9507 14.5096 10.9421
threshold=0.003249999950639904 0.0012500000302679839 0.41179999709129339 0.00045000000682193791 0.0012500000302679839 0.0024500000290572648 0.0029499999945983295 0.33520001173019415 0.56411194801330578 0.010549999773502352 0.020750000141561035 0.50740000605583202 0.010250000283122064 0.0029499999945983295 0.083718981593847289 0.0024492300581187014 0.94126680493354808 0.0047500000800937423 0.0031500000040978198 0.11490000039339067 0.0021499999566003685 0.012050000019371511 0.010050000157207252 0.002549999975599349 0.0010500000207684936 0.0018500000005587938 0.0013499999768100681 0.037900000810623176 0.029450000263750557 0.0029499999945983295
decision_type=2 2 2 2 2 2 2 2 2 2 2 2 2 2 2 2 2 2 2 2 2 2 2 2 2 2 2 2 2 2
left_child=1 2 3 5 -5 6 7 8 11 -9 -11 12 14 -13 -1 -16 17 -17 26 20 23 22 24 -19 -21 -26 27 28 29 -18
right_child=-2 -3 -4 4 -6 -7 -8 9 -10 10 -12 13 -14 -15 15 16 18 19 -20 21 -22 -23 -24 -25 25 -27 -28 -29 -30 -31
leaf_value=-0.034826286330280808 0.0557701848047229 0.061124878176284064 -0.049901468706011622 0.052941737255770255 -0.040463414041928707 -0.059690042946588487 0.046298264319444241 -0.04167685813699832 0.058189921728834498 0.09954746459061059 -0.039032059931274093 0.071990280337149395 -0.044044514236005805 -0.064951343139047518 0.077507799382319442 0.020150579003203464 -0.0024779300971706137 -0.024615798137707187 0.093421584653244238 -0.056685124498895338 0.10806309730783158 -0.042332123604693003 0.074460614344813617 0.066690480328744611 0.041503365656003585 -0.039426999258481761 -0.031158073894709534 -0.033347745680753133 0.079742389938016911 0.067774945412149096
leaf_weight=12.233370155096052 30.712076649069786 7.8182229399681082 6.0821607224643222 13.297976251691582 3.2464639842510215 4.7297787368297568 8.3083807155489904 16.017150029540066 7.9228010624647132 2.1381641328334804 1.8016630113124845 6.2933159321546546 9.970596991479395 1.2655151337385175 3.8999594375491133 99.959958210587502 142.27673964202404 51.623776745051146 2.47461163252592 3.6944567263126435 1.8745088502764691 5.2501319721341124 8.5475509166717512 2.5753581672906867 13.242239177227022 3.9436766654252997 24.974695794284344 23.431839399039745 5.9733882546424857 5.7672377899289122
leaf_count=17 152 33 23 43 7 54 33 33 26 5 5 18 50 8 16 306 456 212 8 7 6 16 24 8 52 9 151 60 19 27
internal_value=0.0060396 0.00298882 0.00206653 0.00271591 0.0346131 0.00159355 0.00221629 0.00141513 0.00268061 -0.0263075 0.0361757 0.00165611 0.000806381 0.0490632 0.00189247 0.00301683 0.00228249 0.00900157 -0.00397136 -0.0032787 -0.0159869 0.0172702 0.0279036 -0.0202772 0.00884512 0.0229322 -0.00516198 -0.00150322 0.00334154 0.000258858
internal_weight=531.348 500.636 492.817 486.735 16.5444 470.191 465.461 457.153 437.196 19.957 3.93983 429.273 421.714 7.55883 411.743 399.51 395.61 190.712 204.899 90.7517 56.0736 34.6781 29.4279 54.1991 20.8804 17.1859 202.424 177.449 154.017 148.044
internal_count=1884 1732 1699 1676 50 1626 1572 1539 1496 43 10 1470 1444 26 1394 1377 1361 640 721 334 226 108 92 220 68 61 713 562 502 483
is_linear=0
shrinkage=0.05


Tree=38
num_leaves=31
num_cat=0
split_feature=293 288 58 184 101 50 179 250 123 53 216 279 267 232 232 306 2 210 216 292 232 270 293 102 63 63 218 204 144 120
split_gain=30.5912 10.1482 6.79502 6.51339 6.21241 7.32647 10.3001 9.54238 7.6455 6.27327 9.26351 8.47321 7.53127 9.34823 8.28659 10.4364 10.7574 9.10247 9.56646 11.7129 10.259 9.68265 11.7747 8.42672 14.148 10.2231 9.84331 15.5356 14.2686 12.1714
threshold=0.003249999950639904 0.0021499999566003685 0.0024500000290572648 0.0014000000082887711 0.0012500000302679839 0.010250000283122064 0.010699999984353782 0.00045000000682193791 0.046949999406933791 0.0029499999945983295 0.0052499999292194852 0.065699998289346709 0.06840000301599504 0.0019500000635161998 0.037900000810623176 0.37321530282497412 0.0014499999815598132 0.0018500000005587938 0.0014499999815598132 0.013249999843537809 0.03329999931156636 1.0000000180025095e-35 0.0012500000302679839 0.0010500000207684936 0.0031500000040978198 0.0024500000290572648 0.059550000354647643 0.00335000001359731 0.0023500000825151805 0.053500000387430198
decision_type=2 2 2 2 2 2 2 2 2 2 2 2 2 2 2 2 2 2 2 2 2 2 2 2 2 2 2 2 2 2
left_child=1 2 3 4 5 7 -7 9 -9 10 12 -11 14 -14 17 -16 -17 18 20 -20 23 -21 -23 25 -25 26 27 -1 29 -29
right_child=-2 -3 -4 -5 -6 6 -8 8 -10 11 -12 -13 13 -15 15 16 -18 -19 19 21 -22 22 -24 24 -26 -27 -28 28 -30 -31
leaf_value=0.0059277986058376402 0.055299698483466067 0.053272684861609736 -0.047316874718783472 0.071346689301348507 0.048144243903054863 -0.042870895083387206 0.10899635262545469 0.0667514554447661 -0.055714358560135083 -0.047291413078506969 0.048930877500589144 0.065349909067073247 -0.056590540984583354 0.070648103150498326 -0.036474854653623733 0.076084371622016769 -0.043507234864334235 -0.048511740183308859 0.10564754381337682 0.050402317853222467 0.12279398518837857 -0.043706031319557637 0.078442940160648275 -0.014046991100664923 0.060237158386479764 -0.050960836818827175 -0.017566650327345029 0.069811765668820427 -0.015545509652017104 -0.057411373130499488
leaf_weight=142.8055938705802 29.456495143473148 9.7845963239669782 6.9292022287845603 3.416213557124137 7.2023200094699851 15.063116986304523 1.2058671340346325 9.0655250698328 1.4828954003751267 11.989673107862471 10.474932089447973 1.9396081045269955 1.7907922938466052 7.4446072801947594 28.573506344109774 4.7359421700239173 3.1186114922165871 8.5301767885684949 4.5427497774362591 11.18373264372349 1.7329451143741597 8.5444388985633832 2.5652479976415625 112.74288223311305 6.7961613759398452 7.4161980524659148 30.296880960464478 25.155279994010929 8.0322099253535253 2.0318065509200087
leaf_count=428 152 45 64 11 24 65 4 30 4 85 35 7 4 21 65 14 8 13 14 41 4 21 8 490 27 22 57 80 36 5
internal_value=0.00579294 0.00285634 0.001843 0.00255284 0.0020596 0.00135228 -0.0316144 0.00253626 0.0495352 0.00141575 0.00248917 -0.0316065 0.00132546 0.0459759 0.000316756 -0.0224433 0.0286011 0.00254328 0.00374024 0.032471 0.0014524 0.0175598 -0.0155016 0.000825218 -0.00982371 0.00672572 0.00877935 0.013263 0.0430054 0.0603038
internal_weight=526.05 496.594 486.809 479.88 476.464 469.261 16.269 452.992 10.5484 442.444 428.515 13.9293 418.04 9.2354 408.804 36.4281 7.85455 372.376 363.846 26.8362 337.01 22.2934 11.1097 335.277 119.539 215.738 208.322 178.025 35.2193 27.1871
internal_count=1884 1732 1687 1623 1612 1588 69 1519 34 1485 1393 92 1358 25 1333 87 22 1246 1233 84 1149 70 29 1145 517 628 606 549 121 85
is_linear=0
shrinkage=0.05


Tree=39
num_leaves=31
num_cat=0
split_feature=293 178 131 243 210 256 91 215 47 47 243 87 93 220 120 153 153 263 256 196 25 243 273 218 163 158 61 238 195 121
split_gain=29.0207 9.77561 5.99324 8.56745 9.05459 8.16404 6.68596 8.3719 7.66538 10.0433 10.6036 7.54752 10.1591 10.0737 9.9752 11.4529 11.4492 8.96584 13.7505 12.8748 10.9851 30.2769 11.3811 17.7907 14.2146 10.7395 10.3938 9.58523 12.4205 9.36576
threshold=0.003249999950639904 0.0012500000302679839 1.0000000180025095e-35 0.0016499999910593035 0.0042999999132007369 0.071750000119209303 0.0011500000255182388 0.0014499999815598132 1.0000000180025095e-35 0.0016499999910593035 0.0027499999850988392 0.0039500000420957812 1.0000000180025095e-35 0.0016499999910593035 0.0050500000361353168 0.0086500002071261423 0.022800000384449962 0.0014499999815598132 0.015050000045448543 0.0018500000005587938 0.0010500000207684936 0.0027499999850988392 1.0000000180025095e-35 0.030799999833106998 0.0011500000255182388 0.0001499999962106813 0.017899999395012859 0.0037500000325962905 0.006499999901279808 0.0030500000575557355
decision_type=2 2 2 2 2 2 2 2 2 2 2 2 2 2 2 2 2 2 2 2 2 2 2 2 2 2 2 2 2 2
left_child=1 2 6 5 -5 -4 7 8 11 -10 -11 12 17 -13 15 -14 -17 20 19 27 21 22 24 -24 25 -1 29 -19 -29 -22
right_child=-2 -3 3 4 -6 -7 -8 -9 9 10 -12 13 14 -15 -16 16 -18 18 -20 -21 26 -23 23 -25 -26 -27 -28 28 -30 -31
leaf_value=-0.012145886297228835 0.054850560142923915 0.060273599140834827 -0.010862547023194237 0.064925412735672289 -0.043836151670485199 0.070788517295576614 -0.058289841824394277 0.038600043910237108 -0.031892310772425075 0.04001511000321159 -0.026672578708899955 -0.038148972036700611 -0.016458722319377339 0.078561875395434286 -0.058012394666757977 0.16655972248338918 0.051499892040996365 -0.047363894406453291 0.053919286669855765 0.069377469106031875 -0.013098948789035853 0.10391332170055637 0.071279108856762502 -0.02927019469202273 0.080134988071742463 0.06892520794912195 0.11169169059429657 0.088420584015589387 -0.044255990963900253 0.061708862417606029
leaf_weight=84.494666948914528 28.243521317839622 7.2722001522779456 20.023851744830612 13.36970469355583 2.233284715563058 3.6139390394091597 4.8296904303133479 14.22101318836212 39.565131612122059 12.86635608226061 11.106049485504625 18.894931308925155 3.9274930879473713 2.0494150668382636 2.1750575713813296 2.9846673011779767 7.8446621410548687 12.249008320271974 19.939640987664461 5.00563821196556 153.20404164493084 8.0559743717312795 13.28248304128647 6.5778131112456313 4.7973913475871077 4.2925378382205954 1.7436827644705761 3.733029067516326 3.3442084640264511 4.3014458343386641
leaf_count=245 152 33 86 48 6 13 9 42 123 51 25 72 16 7 22 8 43 45 68 21 575 22 49 14 19 15 6 10 20 19
internal_value=0.00556229 0.00273286 0.00186959 0.0206023 0.0493582 0.00162094 0.000219518 0.000860794 -0.000397757 -0.0164187 0.00911972 0.00240725 0.0041918 -0.0267288 0.0419506 0.0566845 0.0832115 0.00222477 0.0231373 -0.00208808 -0.00107294 0.0102501 0.00359884 0.0379768 -0.00369676 -0.00822639 -0.00971195 -0.0205982 0.0257269 -0.011056
internal_weight=520.243 491.999 484.727 39.2408 15.603 23.6378 445.486 440.656 426.435 63.5375 23.9724 362.898 341.953 20.9443 16.9319 14.7568 10.8293 325.022 44.2715 24.3319 280.75 121.501 113.445 19.8603 93.5846 88.7872 159.249 19.3262 7.07724 157.505
internal_count=1884 1732 1699 153 54 99 1546 1537 1495 199 76 1296 1217 79 89 67 51 1128 164 96 964 364 342 63 279 260 600 75 30 594
is_linear=0
shrinkage=0.05


Tree=40
num_leaves=31
num_cat=0
split_feature=293 178 133 250 95 205 251 268 237 218 218 243 228 96 195 109 210 53 309 243 32 246 243 256 129 237 308 218 215 218
split_gain=27.5376 9.23963 5.82524 8.06033 8.80436 6.0223 6.07778 6.16096 6.01134 15.2307 14.1834 20.6118 10.4046 11.2102 10.0236 12.0883 12.1339 9.27994 9.21587 13.627 11.4584 10.5163 10.6032 8.81781 9.91206 8.5691 7.36664 7.33274 15.102 13.8222
threshold=0.003249999950639904 0.0012500000302679839 0.0010500000207684936 0.00045000000682193791 0.0013499999768100681 0.0013499999768100681 0.0029499999945983295 0.0019500000635161998 0.0076500000432133683 0.0071499999612569818 0.0031500000040978198 0.0010500000207684936 0.0011500000255182388 0.0013499999768100681 0.01264999993145466 0.0011500000255182388 0.0018500000005587938 1.0000000180025095e-35 0.57482090592384349 0.0035500000230968003 0.0010500000207684936 0.012850000057369472 0.0018500000005587938 0.0018500000005587938 0.0010500000207684936 0.0055499998852610597 0.0015990652027539911 0.0083499997854232805 1.0000000180025095e-35 0.0113500002771616
decision_type=2 2 2 2 2 2 2 2 2 2 2 2 2 2 2 2 2 2 2 2 2 2 2 2 2 2 2 2 2 2
left_child=1 2 3 5 -5 6 7 8 9 10 12 14 13 17 15 16 25 18 -1 20 21 22 23 -20 -25 -12 -11 28 -10 -29
right_child=-2 -3 -4 4 -6 -7 -8 -9 27 26 11 -13 -14 -15 -16 -17 -18 -19 19 -21 -22 -23 -24 24 -26 -27 -28 29 -30 -31
leaf_value=-0.033786358543738827 0.054420807034593392 0.059731720658186362 -0.035950165973726148 0.056794421869139883 -0.052881669934679014 0.061911490569813765 0.043504796639978513 0.081945377585893514 -0.020929073610719572 -0.024504313599996632 0.06875852484370916 0.087930590796386265 0.057725855809767281 0.041429264799822271 -0.038088288055027723 -0.056956170605253743 -0.05392361706314152 -0.056756478117725231 -0.014322810189927907 -0.038844446418465878 -0.059291230127948402 -0.055422724864653806 0.10660923432137528 0.051013494728798493 -0.060242788397344163 -0.065114891980484133 0.025746862265548995 0.063795792114082414 0.075267830115373954 0.0073808600320786621
leaf_weight=24.847740672528744 27.072862468659878 6.9786939173936835 10.015015102922915 11.878648668527601 2.1630502566695204 4.0802776813507071 8.2165009528398496 2.2878207713365546 40.07282155379653 92.051244113594294 15.070749748498214 11.03411529958248 6.3022832646965972 10.227388940751551 8.4452633708715421 3.7124857008457175 2.8336537256836882 11.043120779097078 10.959899440407751 15.176105089485644 4.5865769609808913 3.7939619049429885 4.2195521593093863 20.646732896566395 2.2169141918420783 1.298299491405486 7.9207371771335593 11.853309795260428 4.5423986315727225 129.23118291795254
leaf_count=47 152 33 61 44 4 13 33 8 119 332 71 41 26 38 38 18 4 89 72 16 19 5 10 91 18 10 31 42 14 385
internal_value=0.00533738 0.00261273 0.00178354 0.00258637 0.0398994 0.00143907 0.000893887 0.000106009 -0.000317513 -0.00527955 0.00446321 0.0291553 -0.00471769 -0.00837109 0.00847527 0.025636 0.0416037 -0.0135955 -0.00808192 0.00228658 0.0157325 0.0239573 0.0318737 0.0225503 0.0402258 0.0581405 -0.0205229 0.00653333 -0.011135 0.0121206
internal_weight=514.779 487.707 480.728 470.713 14.0417 456.671 452.591 444.374 442.087 256.387 156.415 42.3946 114.02 107.718 31.3605 22.9152 19.2027 97.4906 86.4475 61.5997 46.4236 41.8371 38.0431 33.8235 22.8636 16.369 99.972 185.7 44.6152 141.084
internal_count=1884 1732 1699 1638 48 1590 1577 1544 1536 976 613 182 431 405 141 103 85 367 278 231 215 196 191 181 109 81 363 560 133 427
is_linear=0
shrinkage=0.05


Tree=41
num_leaves=31
num_cat=0
split_feature=293 288 125 202 49 109 195 309 207 253 216 120 307 202 271 169 182 90 293 30 195 38 99 216 306 170 247 256 305 218
split_gain=26.1371 8.79759 6.78234 5.81747 9.03573 8.34839 12.8064 10.2826 10.421 9.36356 9.30464 8.42413 8.30507 11.1724 9.82162 11.3163 10.4277 7.49383 7.22858 7.73438 7.17127 6.71166 7.12033 16.7379 14.9707 13.8792 12.6793 13.1975 11.9447 11.2383
threshold=0.003249999950639904 0.0021499999566003685 0.0023500000825151805 0.0021499999566003685 0.0015499999863095584 0.0011500000255182388 0.027050000615417961 0.97329705953598034 0.06115000136196614 0.0012500000302679839 0.0021499999566003685 0.070150002837181105 0.0061876180116087207 0.0047500000800937423 0.0019500000635161998 0.0031500000040978198 0.0051500000990927228 0.0016499999910593035 0.0014499999815598132 0.0011500000255182388 0.26369999349117285 1.0000000180025095e-35 0.0018500000005587938 0.0012500000302679839 0.12097691372036935 0.019500000402331356 0.0020500000100582842 0.044699998572468765 0.0035500000230968003 0.0012500000302679839
decision_type=2 2 2 2 2 2 2 2 2 2 2 2 2 2 2 2 2 2 2 2 2 2 2 2 2 2 2 2 2 2
left_child=1 2 3 5 12 11 9 8 18 10 -7 17 13 -5 -14 -16 -17 20 19 -8 21 22 26 25 -25 -24 27 29 -26 -1
right_child=-2 -3 -4 4 -6 6 7 -9 -10 -11 -12 -13 14 -15 15 16 -18 -19 -20 -21 -22 -23 23 24 28 -27 -28 -29 -30 -31
leaf_value=0.01960073023808958 0.054008631915104834 0.051818141777616782 -0.05249586385655633 -0.045828863793186986 -0.064458340949622453 -0.058097570934843371 -0.03857791837893973 0.067042272676044318 0.1024186208776105 0.0030076352056763269 0.075510695439402489 -0.043397762226142333 0.055853179165012437 0.065394721108794449 -0.035415618957104024 -0.029443041782495644 0.063162832629061166 0.11109408544061004 0.081281122888746046 0.083127137137482612 -0.038706007084812491 0.079406578120570712 -0.022726030535277244 0.10693505894358818 -0.047810085011090242 0.052517062552824401 0.031719361094337033 0.076274731235252885 0.026797336775837555 -0.010323983250922495
leaf_weight=47.45053181797266 25.944072730839252 8.874462887644766 5.7301687225699416 8.5001201033592206 3.2342543788254252 25.277085419744257 15.398405820131314 6.1287090107798567 1.9735883474349964 11.357038553804157 1.373914211988448 9.4346524439752084 21.273612171411514 3.0744904726743689 8.9183300659060496 4.3011769838631144 10.365988858044146 1.6410421431064595 1.6541051864624012 1.4263331368565548 9.5553990453481656 3.0222180299460879 79.710526328533888 4.6687603965401641 6.7867498956620684 6.6391934528946868 51.655887711793184 5.8805695921182624 25.604458939284086 92.609213542193174
leaf_count=140 152 45 23 27 22 161 86 31 5 48 4 58 80 12 29 12 35 5 4 4 22 11 318 14 18 24 171 20 73 230
internal_value=0.00511747 0.00249414 0.00157193 0.00223264 0.0168178 0.000106131 -0.0163904 0.0102325 -0.00679096 -0.0350093 -0.0512098 0.00319759 0.0214758 -0.0162852 0.031219 0.00899948 0.036006 0.00450898 -0.0184548 -0.0282603 0.00398464 0.00524356 0.00454533 -0.00487743 0.0232302 -0.0169408 0.0104304 0.00289507 0.0111653 -0.000185856
internal_weight=509.465 483.521 474.647 468.916 59.668 409.248 64.5892 26.5811 20.4524 38.008 26.651 344.659 56.4337 11.5746 44.8591 23.5855 14.6672 335.225 18.4788 16.8247 333.584 324.028 321.006 123.41 37.06 86.3497 197.596 145.94 32.3912 140.06
internal_count=1884 1732 1687 1664 217 1447 343 130 99 213 165 1104 195 39 156 76 47 1046 94 90 1041 1019 1008 447 105 342 561 390 91 370
is_linear=0
shrinkage=0.05


Tree=42
num_leaves=31
num_cat=0
split_feature=293 178 107 304 25 217 260 179 6 98 25 50 246 116 256 237 263 157 232 149 123 182 218 270 243 270 243 269 263 163
split_gain=24.8061 8.42187 5.47733 11.0114 8.75648 9.22767 8.00425 7.52814 9.80247 8.26266 7.89646 12.1659 10.0714 12.9869 12.3928 11.1164 8.46601 7.5673 8.08919 7.98312 9.52136 11.0437 15.0919 12.7924 9.98061 9.21426 8.50937 7.93891 7.93247 7.37437
threshold=0.003249999950639904 0.0012500000302679839 0.0015499999863095584 0.0014499999815598132 0.0020500000100582842 0.0018500000005587938 0.0011500000255182388 0.0010500000207684936 0.037249999120831497 0.0036499999696388845 0.0029499999945983295 0.0012500000302679839 0.0042499999981373557 0.0024500000290572648 0.019350000657141212 0.0070500001311302194 0.0047000001650303611 1.0000000180025095e-35 0.0388999991118908 0.10995000228285791 0.0092500001192092913 0.0043500000610947618 0.0096500003710389155 0.0014499999815598132 0.0016499999910593035 0.0010500000207684936 0.011850000359117987 0.055250000208616264 0.0029499999945983295 0.0011500000255182388
decision_type=2 2 2 2 2 2 2 2 2 2 2 2 2 2 2 2 2 2 2 2 2 2 2 2 2 2 2 2 2 2
left_child=1 2 3 6 5 -5 7 8 10 -9 16 12 13 -12 -14 -15 17 18 19 20 21 23 -23 25 -24 26 27 28 29 -1
right_child=-2 -3 -4 4 -6 -7 -8 9 -10 -11 11 -13 14 15 -16 -17 -18 -19 -20 -21 -22 22 24 -25 -26 -27 -28 -29 -30 -31
leaf_value=-0.007602183415282346 0.053612373240668601 0.059000101287248634 -0.01172825174007544 0.07235473525529168 0.0012314666692111939 -0.034179356466790912 0.087990824666361961 0.040154593073697648 -0.043774332038051006 -0.023171728723661619 0.074526001100706368 -0.0092433865270905337 -0.051090331916520765 -0.033864682065396598 0.069543325394565078 0.096754481326748895 -0.038947558385458485 0.076217126064012486 -0.032098502628803982 0.089273080678504591 -0.056000622303096118 0.11403925544076893 -0.0069781387484024642 -0.038070013946821427 0.073375361463965436 0.074416779579639311 0.080017706628214849 0.12241335213010007 0.07531553563304258 0.025549667142338497
leaf_weight=143.10412755981088 24.856564894318581 6.4795110076665869 66.212756596505642 14.258379608392721 12.078527394682167 2.3705505207180968 2.6567893624305716 22.152410499751571 12.981776047497986 6.7116187438368788 18.373416483402256 26.546841863542795 6.139164984226225 6.316932260990141 3.2592588290572166 2.1948381960391998 15.606100797653196 3.1331048235297194 20.466964453458786 2.5161445513367644 7.4170322455465785 4.6742426827549961 14.659649524837734 22.24079404771328 5.247834086418151 4.3075057640671721 3.2883051782846442 1.2887387871742237 3.2384429574012747 19.001870550215244
leaf_count=489 152 33 295 46 56 6 8 70 66 19 60 138 14 35 10 6 44 10 50 7 41 16 46 33 17 15 10 3 12 77
internal_value=0.00491096 0.00238331 0.00160682 0.00378034 0.0336328 0.0571677 0.00151032 0.000897404 -0.00114911 0.0254296 0.000512503 0.0164787 0.0352982 0.0508732 -0.00925605 -0.000183331 -0.00320028 -0.00100897 -0.00197121 0.000698293 -0.000277189 0.00159252 0.0331877 -0.00236058 0.0142039 0.00219783 0.000367076 -0.00120473 -0.00216825 -0.00371616
internal_weight=503.78 478.924 472.444 406.231 28.7075 16.6289 377.524 374.867 346.003 28.864 333.021 62.8305 36.2836 26.8852 9.39842 8.51177 270.191 254.585 251.452 230.985 228.469 221.052 24.5817 196.47 19.9075 174.229 169.921 166.633 165.344 162.106
internal_count=1884 1732 1699 1404 108 52 1296 1288 1199 89 1133 263 125 101 24 41 870 826 816 766 759 718 79 639 63 606 591 581 578 566
is_linear=0
shrinkage=0.05


Tree=43
num_leaves=31
num_cat=0
split_feature=293 178 120 250 53 216 237 204 295 237 218 213 53 308 232 182 195 153 215 300 271 207 107 204 271 63 63 182 279 232
split_gain=23.5415 7.96666 5.23354 5.55868 7.24542 7.86169 9.32689 7.21608 7.15986 8.80954 13.0095 13.4072 11.6838 10.2014 15.0094 10.5415 9.03963 8.39747 8.37356 8.02594 9.54905 8.96774 8.51772 8.99632 8.05569 7.86013 8.759 16.1528 10.7462 14.3145
threshold=0.003249999950639904 0.0012500000302679839 0.41179999709129339 0.00045000000682193791 0.0031500000040978198 0.0050500000361353168 0.0019500000635161998 0.045849999412894256 1.0000000180025095e-35 0.011450000107288362 0.016449999995529655 0.0015499999863095584 1.0000000180025095e-35 0.00024998500157380482 0.0024500000290572648 0.0050500000361353168 0.1974500045180321 0.0014499999815598132 0.0018500000005587938 0.0018500000005587938 0.0042499999981373557 0.090250000357627883 0.0014499999815598132 0.0011500000255182388 0.0015499999863095584 0.014099999796599151 0.0010500000207684936 0.0043500000610947618 0.0011500000255182388 0.0016499999910593035
decision_type=2 2 2 2 2 2 2 2 2 2 2 2 2 2 2 2 2 2 2 2 2 2 2 2 2 2 2 2 2 2
left_child=1 2 3 4 5 8 -7 -5 9 10 11 13 -13 15 17 25 19 -15 -10 20 21 22 24 -24 -11 26 27 28 -1 -30
right_child=-2 -3 -4 7 -6 6 -8 -9 18 16 -12 12 -14 14 -16 -17 -18 -19 -20 -21 -22 -23 23 -25 -26 -27 -28 -29 29 -31
leaf_value=0.017088266308740271 0.053230483219256955 0.058536114868058521 -0.048392295305540151 0.046883259901140777 -0.029710340323840852 -0.060900205877255226 0.052693122345761116 -0.052827613319383182 -0.019054573984536857 0.014097646821065568 -0.021192671483323069 0.069025204325558337 -0.059886827666893738 0.03636557358070748 0.06251191328918855 -0.054908542452718284 0.080200654833803064 -0.036703560822150552 0.059209693193384816 -0.057511919766248899 0.062553671981379178 -0.055834097675505595 0.091000457051020084 -0.058500143541530915 0.06834780655224415 0.12487575175370434 -0.056523859644223143 0.14150702534122936 -0.043227802095786041 0.002144372735729995
leaf_weight=51.163185991346836 23.809646345674992 6.2111185938119879 5.190637093037366 12.510245915502308 18.296973969787359 2.0885571688413611 13.407062605023382 2.1223190836608401 58.763264194130898 55.047361228615046 60.5030935741961 12.698327198624609 2.0400433726608744 6.7337387055158677 15.525707773864267 9.4589492268860322 5.3293704986572257 9.4505984485149366 3.6286532133817664 3.8438210003077975 9.8849552497267705 4.8013652153313151 1.1928727030754078 6.4330644570291042 7.8142991736531249 1.2413022369146336 6.8777815140783778 2.0241369307041159 25.445304341614246 54.867531754076481
leaf_count=251 152 33 23 46 147 5 46 4 128 185 192 46 18 27 60 39 14 54 11 10 34 11 4 30 23 4 39 5 88 155
internal_value=0.00471486 0.00228092 0.00153493 0.00209443 0.00110514 0.00241556 0.0373826 0.0324211 0.00110921 0.00387347 -0.000907018 0.00530655 0.0511816 0.00160761 0.0273903 -0.00380396 0.0169476 -0.00630204 -0.0145028 0.0131607 0.0163501 0.0102839 0.0147876 -0.0351148 0.0208415 -0.000390615 -0.00149829 0.00133656 -0.000821427 -0.0122308
internal_weight=498.405 474.596 468.385 463.194 448.561 430.264 15.4956 14.6326 414.769 352.377 258.03 197.527 14.7384 182.788 31.71 151.078 94.3471 16.1843 62.3919 89.0177 85.1739 75.289 70.4876 7.62594 62.8617 141.619 140.378 133.5 131.476 80.3128
internal_count=1884 1732 1699 1676 1626 1479 51 50 1428 1289 978 786 64 722 141 581 311 81 139 297 287 253 242 34 208 542 538 499 494 243
is_linear=0
shrinkage=0.05


Tree=44
num_leaves=31
num_cat=0
split_feature=295 288 307 292 270 205 120 120 1 123 210 149 213 43 292 153 93 50 170 174 43 179 232 121 153 87 25 50 309 246
split_gain=16.5347 8.16218 7.74683 10.051 8.04054 6.39512 5.87434 6.50551 5.61886 6.91508 6.77656 8.89325 9.09599 9.23607 11.5044 9.03916 8.2725 7.59526 9.96225 8.5836 7.59083 7.50778 12.4661 8.17397 10.7102 12.8947 9.51001 12.5455 11.3432 10.9528
threshold=0.0024500000290572648 0.0021499999566003685 0.039967002347111709 0.012950000353157522 0.0019500000635161998 0.0013499999768100681 0.26254999637603765 0.21959999948740008 0.0018500000005587938 0.067350000143051161 0.0028499999316409235 0.063499998301267638 0.023450000211596492 0.0012500000302679839 0.0082499999552965182 0.011950000189244749 0.0028499999316409235 0.0042499999981373557 0.074499998241662993 0.0012500000302679839 0.0011500000255182388 0.0010500000207684936 0.0016499999910593035 0.0011500000255182388 0.014099999796599151 0.0018500000005587938 0.0022500000195577745 0.0012500000302679839 0.83210492134094249 0.0062500000931322583
decision_type=2 2 2 2 2 2 2 2 2 2 2 2 2 2 2 2 2 2 2 2 2 2 2 2 2 2 2 2 2 2
left_child=1 5 3 -2 -5 6 7 8 9 10 11 12 13 17 15 -15 -17 19 -19 20 21 23 -23 24 26 -26 -1 28 -28 -30
right_child=2 -3 -4 4 -6 -7 -8 -9 -10 -11 -12 -13 -14 14 -16 16 -18 18 -20 -21 -22 22 -24 -25 25 -27 27 -29 29 -31
leaf_value=-0.0010259438943832375 0.072067962310730163 0.050519581275972239 0.056402198046757362 -0.038227583480069327 0.060820211937898605 0.053411987092530477 -0.044833797969241938 0.10820280648843171 0.042896980055802003 -0.046432683792397719 -0.036285433179355848 0.044449333567517534 0.076090155870068218 -0.045152145041911874 -0.035992621964044576 0.19563690952758495 0.0084095595907085121 -0.035522640625073876 0.10829224751004506 0.069144666143498248 0.089090993466498403 -0.014602648962803628 0.048054156358806728 0.060798672788665242 -0.028314312428903872 0.043119967018982977 -0.0018777055315207436 -0.040984543574933585 0.070289141305684227 -0.055219871608296625
leaf_weight=187.75371336936951 4.6803995221853283 8.4738165438175184 21.190860703587532 8.7204912602901441 2.6782547086477271 5.7419345974922171 7.0926886536180964 1.4116170033812512 7.7443074062466613 7.8962560780346385 11.965550344437359 11.91587935388088 3.9507055580615988 1.3866584673523896 29.357527699321508 1.3717842623591425 1.035205543041229 19.924342032521967 1.2816337645053852 4.9851456433534613 2.5431538857519618 12.673521049320696 21.247227855026722 5.3909486457705489 53.873916085809469 7.1565928645431987 11.647658079862593 5.9312129542231551 19.815907601267103 1.9054118171334256
leaf_count=560 15 49 121 15 13 27 41 4 28 63 30 47 15 12 111 6 6 101 3 19 10 43 64 30 270 34 39 37 67 4
internal_value=0.00452624 0.00190622 0.0365454 0.0103759 -0.0149553 0.00098465 0.000302432 0.00103979 0.000690235 -7.88343e-05 0.000798677 0.00189391 0.000604379 -0.000161704 -0.0254045 0.0565331 0.115114 0.00218807 -0.0268308 0.00402543 0.00304152 0.0023731 0.0246442 -0.000201058 -0.00134255 -0.0199377 0.00365571 0.026022 0.0379321 0.0592794
internal_weight=492.744 455.474 37.27 16.0791 11.3987 447.001 441.259 434.166 432.754 425.01 417.114 405.148 393.232 389.282 33.1512 3.79365 2.40699 356.13 21.206 334.924 329.939 327.396 33.9207 293.475 288.084 61.0305 227.054 39.3002 33.369 21.7213
internal_count=1884 1720 164 43 28 1671 1644 1603 1599 1571 1508 1478 1431 1416 135 24 12 1281 104 1177 1158 1148 107 1041 1011 304 707 147 110 71
is_linear=0
shrinkage=0.05


Tree=45
num_leaves=31
num_cat=0
split_feature=295 223 107 304 25 188 108 32 237 295 120 25 306 256 271 87 279 218 306 158 50 246 99 202 61 106 204 217 90 239
split_gain=15.5732 7.68865 7.90528 13.9232 14.1756 11.8713 10.6123 9.12589 7.73405 10.0472 9.99771 9.84088 15.0339 15.267 14.751 14.3776 10.7604 10.7994 15.7138 9.82419 9.77291 12.656 9.47068 8.69328 8.78633 8.08358 8.00333 7.80417 7.64448 8.1113
threshold=0.0024500000290572648 1.0000000180025095e-35 0.0015499999863095584 1.0000000180025095e-35 0.0017499999958090486 0.0018500000005587938 1.0000000180025095e-35 0.013150000013411047 0.011649999767541887 1.0000000180025095e-35 0.0020500000100582842 0.0022500000195577745 0.10824440047144891 0.0081500001251697558 0.0018500000005587938 0.0024500000290572648 0.0010500000207684936 0.0036499999696388845 0.022842733189463619 1.0000000180025095e-35 0.0012500000302679839 0.0074499999172985562 0.0016499999910593035 0.013749999925494196 0.0014499999815598132 0.0020500000100582842 0.0042499999981373557 0.0010500000207684936 0.0016499999910593035 0.019749999977648262
decision_type=2 2 2 2 2 2 2 2 2 2 2 2 2 2 2 2 2 2 2 2 2 2 2 2 2 2 2 2 2 2
left_child=1 2 3 8 7 28 -7 -5 10 19 11 12 13 15 22 16 -1 -18 -19 -10 21 -13 -15 24 -12 -26 -24 -22 29 -4
right_child=-2 -3 5 4 -6 6 -8 -9 9 -11 23 20 -14 14 -16 -17 17 18 -20 -21 27 -23 26 -25 25 -27 -28 -29 -30 -31
leaf_value=0.01489044549611868 0.035998351565091027 0.039136753157896574 -0.036304481927923286 0.068262939595097188 0.0024178940177853221 0.066118494994660978 -0.044486426690540905 -0.070754004856890568 0.037078030634074083 -0.02130715725129434 -0.034163888170680556 0.053266850466889427 -0.031740324889838967 0.11109580334046128 -0.047632556020568588 0.085962181060408982 -0.03984363832735071 0.13017959166992882 -0.0095303839886401991 0.0009460615075773366 -0.054161152881072483 -0.026398829782984964 0.06525930534613783 0.086896275001207002 0.028193544901383913 -0.05129230497793405 -0.055288778215738056 0.073978170093861345 0.07369618190249777 0.0754805239570705
leaf_weight=31.351727776229382 35.98282128572464 13.394019231200216 42.006375763565302 19.4530333429575 22.365595445036888 7.0182874687015993 3.1385316289961338 1.2568094953894604 40.036161299794912 18.17560612782836 50.77819013223052 23.9906080365181 37.396524243056774 7.1811581403017062 3.2008969336748114 4.2861850634217253 31.926042944192886 2.322643697261813 15.079367853701113 35.488876428455114 5.7806093432009211 6.2930424809455863 4.3875439539551735 1.8208462819457043 12.37756282836199 4.3132758624851695 2.0065332427620888 1.4956768676638601 1.7808764800429333 1.6880041956901539
leaf_count=136 164 72 206 76 97 23 12 7 139 42 261 81 88 21 5 16 63 11 58 112 46 16 19 6 64 16 8 7 7 5
internal_value=0.00434127 0.00181995 0.000679832 0.00323955 0.0300188 -0.0169317 0.0319408 0.0598265 -0.000156292 0.0120679 -0.00481265 0.00149955 -0.00463113 0.00533318 0.0489218 -0.00327319 -0.0080139 -0.0225714 0.00911668 0.0200998 0.0242103 0.0367121 0.0716883 -0.0209096 -0.0238191 0.00765267 0.02743 -0.0278215 -0.0278473 -0.031986
internal_weight=487.773 451.791 438.397 382.765 43.0754 55.6321 10.1568 20.7098 339.689 93.7006 245.988 176.699 139.139 101.742 16.7761 84.966 80.6798 49.3281 17.402 75.525 37.5599 30.2837 13.5752 69.2899 67.469 16.6908 6.39408 7.27629 45.4753 43.6944
internal_count=1884 1720 1648 1395 180 253 35 83 1215 293 922 575 425 337 53 284 268 132 69 251 150 97 48 347 341 80 27 53 218 211
is_linear=0
shrinkage=0.05


Tree=46
num_leaves=31
num_cat=0
split_feature=293 288 125 184 170 196 170 102 50 253 293 144 256 256 202 2 109 1 269 144 196 218 105 282 306 237 163 220 247 210
split_gain=20.8292 6.93368 5.46908 4.73712 5.17316 9.47663 8.14923 6.67203 6.73943 5.37554 5.3229 8.4795 6.99943 5.53312 5.49822 10.2152 6.936 7.81899 5.51941 14.0285 9.32922 6.38969 6.17857 5.70991 5.3856 8.64137 10.2936 8.95912 7.95071 8.49905
threshold=0.0031500000040978198 0.0021499999566003685 0.0023500000825151805 0.0014000000082887711 0.1058499999344349 1.0000000180025095e-35 0.020999999716877941 0.025949999690055851 0.0065500000491738328 0.0023500000825151805 0.0016499999910593035 0.023650000803172592 0.023550000041723255 0.019350000657141212 0.0055499998852610597 0.0064000000711530456 0.0013499999768100681 0.0014499999815598132 0.0044499998912215242 0.0015499999863095584 0.092549998313188567 0.012249999679625036 0.06089999899268151 0.0012500000302679839 0.18789320439100268 0.0074499999172985562 0.0027499999850988392 0.0022500000195577745 0.0031500000040978198 0.0030999999726191167
decision_type=2 2 2 2 2 2 2 2 2 2 2 2 2 2 2 2 2 2 2 2 2 2 2 2 2 2 2 2 2 2
left_child=1 2 3 4 6 -6 10 8 -8 -10 14 12 13 -12 16 -16 24 18 20 -20 22 -21 23 -18 -1 27 28 -26 29 -27
right_child=-2 -3 -4 -5 5 -7 7 -9 9 -11 11 -13 -14 -15 15 -17 17 -19 19 21 -22 -23 -24 -25 25 26 -28 -29 -30 -31
leaf_value=0.0044808120941720389 0.049027097308093633 0.049476189783660224 -0.050474586880941322 0.066312672953938501 0.071258871095598961 -0.047536668666380427 0.053528386902344641 -0.056026811785193281 -0.060828502345639926 0.044879568827839909 0.040341092454466966 -0.041830635559515564 0.069473679874520147 -0.048825367275091049 0.051060336895165696 -0.038076651673417096 -0.048561027653489519 0.074923916382660827 0.084516001694305731 0.041359888490573427 0.11920285688269504 -0.050474172792889772 0.06632217388782935 0.069466397065988977 -0.036804115516836981 0.042383516349219282 0.062863244822672901 0.039817875707031609 -0.021572634708924045 -0.046027537587686573
leaf_weight=233.29050992429256 24.548608012497425 7.4868852347135535 5.109476961195468 2.8058879747986785 1.9748823046684254 11.196776594966648 16.909867890179164 2.0364476740360251 2.6737476214766493 2.1858954280614853 4.2486242949962678 3.8150760084390631 9.3204474672675115 2.9463876858353615 12.093515425920488 4.3776927590370169 29.33112424239517 2.0890403389930716 3.7861820310354224 2.5050836913287622 0.94956163316965003 7.7666514664888382 1.3135274052619923 1.0618119239807118 33.494424805045128 12.389706850051878 6.3969720005989066 4.3054250702261916 27.110686149448156 3.4823181778192511
leaf_count=809 159 45 23 10 6 28 61 12 10 8 10 13 33 6 45 18 230 6 10 12 4 34 6 3 119 41 20 18 77 8
internal_value=0.00415607 0.00175338 0.000961099 0.00155055 0.0011404 -0.0297252 0.00208613 0.0305186 0.0386146 -0.0132804 0.000419289 0.0253547 0.0408745 0.00382705 -0.000894924 0.0273696 -0.00215565 -0.0197155 -0.0239478 0.00224696 -0.0352242 -0.0280776 -0.0398491 -0.0444376 0.000518468 -0.0100847 0.0036882 -0.0280768 -0.00511862 0.0229862
internal_weight=483.003 458.455 450.968 445.858 443.052 13.1717 429.881 23.806 21.7695 4.85964 406.075 20.3305 16.5155 7.19501 385.744 16.4712 369.273 48.803 46.7139 14.0579 32.656 10.2717 31.7065 30.3929 320.47 87.1795 49.3797 37.7998 42.9827 15.872
internal_count=1884 1725 1680 1657 1647 34 1613 91 79 18 1522 62 49 16 1460 63 1397 305 299 56 243 46 239 233 1092 283 146 137 126 49
is_linear=0
shrinkage=0.05


Tree=47
num_leaves=31
num_cat=0
split_feature=245 123 211 144 245 123 288 292 50 250 170 283 109 6 53 306 308 253 308 196 158 204 87 202 204 123 253 120 195 102
split_gain=13.7888 9.98343 8.10331 7.14294 6.45975 6.36629 7.6379 7.0279 6.6247 7.80908 6.88418 6.87464 8.39484 8.70281 7.95347 7.57698 14.2594 7.44418 8.09771 8.51884 7.77611 8.42387 11.3369 9.58183 7.82159 7.53876 7.38497 7.3023 8.0642 7.92305
threshold=0.0012500000302679839 0.0019500000635161998 0.0030500000575557355 0.096749998629093184 0.0015499999863095584 0.031749999150633819 1.0000000180025095e-35 0.53370001912117015 0.010250000283122064 0.00045000000682193791 0.072049997746944441 1.0000000180025095e-35 0.0011500000255182388 0.02439999952912331 0.0015499999863095584 0.080461930483579649 1.0000000180025095e-35 0.0072500000242143878 0.0038981504039838914 0.0015499999863095584 0.00025000000459840527 0.021049999631941322 0.031699999235570438 0.0027499999850988392 0.016699999570846561 0.010650000069290401 0.0015499999863095584 0.013650000095367433 0.16400000452995303 0.035749999806284911
decision_type=2 2 2 2 2 2 2 2 2 2 2 2 2 2 2 2 2 2 2 2 2 2 2 2 2 2 2 2 2 2
left_child=5 -2 4 -4 -3 6 7 8 9 11 -10 12 13 17 -13 -14 -17 18 20 -20 21 23 -23 24 27 -22 -18 28 -1 -29
right_child=1 2 3 -5 -6 -7 -8 -9 10 -11 -12 14 15 -15 -16 16 26 -19 19 -21 25 22 -24 -25 -26 -27 -28 29 -30 -31
leaf_value=0.0081303494126150396 0.055107709496131987 0.02342447859140346 0.063991795917954647 -0.0015897051373631324 -0.057132355141554007 -0.032977375257207141 0.057157126880678803 0.066075194790553987 -0.046936436905287982 0.047037715893027653 0.089593852154796164 0.052690787882263224 -0.057681486823794453 -0.049068360659673925 -0.045090630722837421 0.051930754843620745 -0.046672184517761561 -0.034786602983460112 0.068884532946973262 -0.057293217030887578 -0.034525473022328494 0.062886406681664661 -0.053567048391130759 0.079143707740146924 -0.046313274681247574 0.085990209494798978 0.0015629465604432618 -0.046476044209549788 -0.042550652602642236 0.062158454607235028
leaf_weight=221.73538107052445 21.127812817692757 4.1108691953122634 8.2313107699155825 8.3778630383312684 6.3060135841369629 13.248713098466395 6.2341970950365058 4.1571761518716803 11.146008770912884 9.3361274600028974 1.0066700428724278 11.53436144441366 10.36353302374482 8.0015466772019845 2.5370452962815753 7.5941112637519828 17.110310047864917 12.055343411862848 8.5661115795373899 1.5852392315864552 18.777563024312261 12.139782901853321 2.5245153531432143 4.1590419113636008 7.9074906371533862 1.3939674645662297 14.798308104276655 11.855802759528158 8.1369692087173444 1.9552002139389504
leaf_count=684 136 14 36 43 24 104 35 14 57 37 3 48 90 41 13 35 107 30 28 5 67 39 4 16 19 5 54 66 17 13
internal_value=0.00398642 0.0293588 0.00922945 0.0309117 -0.0253418 0.00114415 0.00222925 0.00139482 0.000732899 0.0018542 -0.0356269 0.000757752 -0.000544506 0.00242223 0.035061 -0.0196298 -0.00964689 0.00373941 0.00528376 0.0491806 0.00375027 0.00598419 0.0428385 0.00387103 0.00262669 -0.0261972 -0.0243021 0.00421479 0.00633635 -0.0310968
internal_weight=478.014 48.1539 27.0261 16.6092 10.4169 429.861 416.612 410.378 406.22 394.068 12.1527 384.732 370.66 320.794 14.0714 49.8663 39.5027 312.792 300.737 10.1514 290.586 270.414 14.6643 255.75 251.591 20.1715 31.9086 243.683 229.872 13.811
internal_count=1884 253 117 79 38 1631 1527 1492 1478 1418 60 1381 1320 1034 61 286 196 993 963 33 930 858 43 815 799 72 161 780 701 79
is_linear=0
shrinkage=0.05


Tree=48
num_leaves=31
num_cat=0
split_feature=293 178 58 251 250 95 109 39 120 149 99 48 109 195 98 144 172 280 309 120 195 204 25 173 211 195 232 232 195 99
split_gain=18.9076 6.51571 4.73323 4.53708 4.87719 5.31654 5.45752 4.755 4.66104 6.46443 6.59763 6.49321 7.27998 10.5668 9.40331 8.95004 7.85234 6.81427 8.27233 6.52283 6.83462 12.6424 11.2832 8.72648 10.6716 9.97286 8.33034 12.153 12.546 11.798
threshold=0.003249999950639904 0.0012500000302679839 0.0024500000290572648 0.0029499999945983295 0.00045000000682193791 0.0013499999768100681 0.0042499999981373557 0.003249999950639904 0.0090499999932944792 0.063499998301267638 0.091449998319149031 0.0011500000255182388 0.0011500000255182388 0.023449999280273918 0.0030500000575557355 0.0013499999768100681 0.0092500001192092913 0.0037500000325962905 0.99385511875152599 0.0067499999422580012 0.0094499997794628161 0.023900000378489498 0.0022500000195577745 0.00095000001601874839 0.0057500000111758718 0.0074499999172985562 0.042050000280141837 0.0089499996975064295 0.0010500000207684936 0.0014499999815598132
decision_type=2 2 2 2 2 2 2 2 2 2 2 2 2 2 2 2 2 2 2 2 2 2 2 2 2 2 2 2 2 2
left_child=1 2 3 4 8 6 -6 -5 9 11 -11 12 14 16 19 -15 -14 18 -17 20 22 -22 23 24 25 26 27 29 -29 -1
right_child=-2 -3 -4 7 5 -7 -8 -9 -10 10 -12 -13 13 15 -16 17 -18 -19 -20 -21 21 -23 -24 -25 -26 -27 -28 28 -30 -31
leaf_value=0.0048436878168342965 0.051737454913877073 0.057252385285290475 -0.042098112109090098 0.05338603837670633 0.063916369349496197 -0.052106328104951999 -0.022646137169609091 -0.058129559811065851 -0.012176691420848903 0.074568901266826818 -0.039754000082933512 0.097970273275477249 -0.043262703614115848 0.057709521987006164 0.058037625716295532 -0.042682960802430808 0.091136051265219647 0.076726611266652367 0.10557297624433287 0.054285699694884837 -0.018093976505398599 0.087403208067224111 0.033893284662784372 -0.052202275628138887 0.079218108299116408 0.069030498588096179 -0.035204488264932519 0.011770272615897774 0.080638155925290403 -0.029438124070262361
leaf_weight=86.813832260668278 19.729190543293953 5.2243258878588668 6.2557862587273112 7.1377337425947172 8.3095822483301145 1.626739416271447 2.33182344213128 1.1037314012646673 65.352282278239727 5.6453803554177275 1.6253486424684522 1.7312084585428227 26.008018855005506 6.6483512595295933 7.7689274400472632 9.9165919832885248 1.1341913640499104 1.7852967232465733 1.0395330190658558 5.913147270679473 60.954844739288092 2.9785668328404418 29.997045252472162 7.4301787167787543 4.488318793475627 5.2569748461246482 16.043409768491983 29.091320287436247 8.5588782876729947 35.302608504891396
leaf_count=242 152 33 65 25 33 4 10 10 361 16 11 5 149 25 30 54 3 5 5 27 197 10 118 21 17 20 26 70 24 116
internal_value=0.0038209 0.00173621 0.00108917 0.00170042 0.00100214 0.0320789 0.0449482 0.0384514 9.75888e-05 0.00234999 0.0490124 0.00137748 0.000895757 -0.017508 0.00374462 0.0106824 -0.0376466 -0.0138558 -0.0286162 0.0023042 0.00123289 -0.013179 0.00536506 0.000930727 0.00305833 0.00117047 -0.000858646 0.00259029 0.0274257 -0.00506683
internal_weight=473.203 453.474 448.25 441.994 433.752 12.2681 10.6414 8.24147 421.484 356.132 7.27073 348.861 347.13 46.532 300.598 19.3898 27.1422 12.7414 10.9561 292.829 286.916 63.9334 222.983 192.986 185.555 181.067 175.81 159.767 37.6502 122.116
internal_count=1884 1732 1699 1634 1599 47 43 35 1552 1191 27 1164 1159 241 918 89 152 64 59 888 861 207 654 536 515 498 478 452 94 358
is_linear=0
shrinkage=0.05


Tree=49
num_leaves=31
num_cat=0
split_feature=293 223 194 107 188 99 271 125 99 243 203 25 243 268 309 292 237 305 309 292 307 117 306 222 155 53 196 213 15 232
split_gain=17.9404 4.8979 5.67872 5.06213 10.5253 9.02139 7.27322 7.50723 6.37609 9.10297 7.38587 6.30573 5.89487 5.94327 5.86891 9.4175 14.9508 13.3643 8.44425 15.7119 8.3704 8.21207 8.56806 8.29529 7.02502 7.96574 10.4543 6.68686 6.84808 6.45081
threshold=0.003249999950639904 0.00335000001359731 1.0000000180025095e-35 0.0015499999863095584 0.0018500000005587938 0.13925000280141833 0.015300000086426737 0.003249999950639904 0.0012500000302679839 0.0010500000207684936 0.0016000000177882614 0.0020500000100582842 0.020200000144541267 0.0010500000207684936 0.26008526980876928 0.0061500000301748523 0.0052499999292194852 0.0012500000302679839 0.99385511875152599 0.011149999685585501 0.0020494500640779738 1.0000000180025095e-35 0.0024492300581187014 0.0040500001050531873 0.0052499999292194852 0.0010500000207684936 0.0014499999815598132 0.023450000211596492 0.0029499999945983295 0.062500000000000014
decision_type=2 2 2 2 2 2 2 2 2 2 2 2 2 2 2 2 2 2 2 2 2 2 2 2 2 2 2 2 2 2
left_child=1 2 3 6 8 -6 12 -8 9 -5 -10 -12 13 14 -1 17 27 21 20 -20 -18 22 -16 24 25 26 -24 28 -17 -22
right_child=-2 -3 -4 4 5 -7 7 -9 10 -11 11 -13 -14 -15 15 16 18 -19 19 -21 29 -23 23 -25 -26 -27 -28 -29 -30 -31
leaf_value=-0.02642453295762541 0.051408940248507541 0.047355258557687262 -0.071061752473261783 -0.038512590537680386 0.064807989485096779 -0.030702139430379822 0.066243068568236557 -0.030469242346837469 -0.0371785253903937 0.089056553065101574 0.067044705673695457 -0.050135619591222869 0.065587673758732021 0.074826336370529462 0.082940060253575906 -0.022934644429191572 -0.055419344954523275 0.062788651996883174 -0.061397444994704953 0.086857688674161382 0.0039052598909258517 0.077360344008517393 -0.0037152054754011378 0.0944482939265507 0.10352792341490738 -0.043907963023025402 0.053794751173537908 0.054839312287416564 0.10874810380059284 0.05783002273816254
leaf_weight=18.238382667303085 18.883893340826035 5.7887931391596785 2.7123335674405089 2.7000225894153109 7.1771965175867063 3.7716059312224388 8.5034840703010541 2.626313190907239 36.38855829462409 2.9007797539234161 3.3626965880393973 1.7432183437049387 3.6549446582794181 2.7632877677679053 3.419419400393962 86.201282657682896 5.7406544946134082 12.874101541936396 2.3449967093765718 7.5116538554430008 128.42170745879412 4.1364954486489287 63.502418726682663 2.3726033717393866 1.5967044308781613 10.122279472649096 9.0253281816840154 2.9720705151557913 0.99874333292245765 5.7962894216179839
leaf_count=38 152 30 12 18 25 16 33 9 186 10 11 12 14 13 12 360 18 47 11 25 427 14 243 7 7 59 38 13 4 20
internal_value=0.00366686 0.00166059 0.00106426 0.001508 -0.0122515 0.031907 0.00359423 0.0434217 -0.0225176 0.0275583 -0.0292767 0.027038 0.00240166 0.00177417 0.00122153 0.00267446 -0.00282662 0.015007 0.0068554 0.0515863 0.00370521 0.00847507 0.00531039 0.00224585 -0.000350808 -0.00235763 0.00344131 -0.0189127 -0.0214264 0.00623404
internal_weight=468.252 449.368 443.58 440.867 58.0441 10.9488 382.823 11.1298 47.0953 5.6008 41.4945 5.10591 371.693 368.038 365.275 347.037 239.987 107.049 149.815 9.85665 139.959 94.1752 90.0388 86.6193 84.2467 82.65 72.5277 90.1721 87.2 134.218
internal_count=1884 1732 1702 1690 278 41 1412 42 237 28 209 23 1370 1356 1343 1305 878 427 501 36 465 380 366 354 347 340 281 377 364 447
is_linear=0
shrinkage=0.05


Tree=50
num_leaves=31
num_cat=0
split_feature=293 178 144 1 253 253 109 195 153 247 173 6 169 38 106 215 149 308 246 50 292 99 25 195 267 202 216 216 170 295
split_gain=17.023 5.92666 4.42853 6.09668 5.76877 9.206 9.26951 14.3675 7.43828 6.27682 5.72996 6.6727 7.71426 6.53966 6.11599 9.88439 7.78383 9.52717 8.75202 8.4061 9.45366 7.46661 10.1911 11.3617 10.9061 9.00857 8.13077 11.0021 9.23838 8.39135
threshold=0.003249999950639904 0.0012500000302679839 0.53134998679161083 0.0018500000005587938 0.0063000000081956395 0.0013499999768100681 0.0011500000255182388 0.025750000029802326 0.0092500001192092913 0.41320000588893896 0.0020500000100582842 0.010850000195205213 0.0064499999862164268 0.0042499999981373557 0.0017499999958090486 0.0013499999768100681 0.0035500000230968003 0.0010997350327670576 0.016549999825656418 0.0017499999958090486 0.03329999931156636 0.0018500000005587938 0.0020500000100582842 0.0058500000741332778 0.0047500000800937423 0.0022500000195577745 0.0012500000302679839 0.0019500000635161998 0.020999999716877941 0.0014499999815598132
decision_type=2 2 2 2 2 2 2 2 2 2 2 2 2 2 2 2 2 2 2 2 2 2 2 2 2 2 2 2 2 2
left_child=1 2 3 4 5 6 10 -8 -9 -6 11 14 13 -13 15 16 19 18 -18 21 -21 22 24 -24 -1 26 28 -28 -23 -29
right_child=-2 -3 -4 -5 9 -7 7 8 -10 -11 -12 12 -14 -15 -16 -17 17 -19 -20 20 -22 25 23 -25 -26 -27 27 29 -30 -31
leaf_value=-0.004306959716144235 0.051087181508712866 0.05666754580580035 -0.058603601386698317 0.049104966472843029 -0.028363045355024527 0.026971147971715695 -0.044759494392239051 0.065861781844217288 -0.0058115058515706072 0.05133826443568347 0.041488012252938362 -0.048648167219444385 0.043659560403113501 0.086729175073456066 -0.018669820869217698 0.060543873993580237 0.05076158930245115 -0.040202461240399417 -0.026741658777600649 0.068280776182644373 -0.056226028887640681 -0.03753268459065958 0.064985983405127512 -0.010720046916766842 0.052169793788103047 0.061025607635256496 0.081449673368751863 -0.035594624078566665 0.077344243651689154 0.059095592660759935
leaf_weight=121.78342373296618 18.073203429579735 4.8308111354708663 3.0962527357041827 6.5977691225707522 26.263125929981474 34.377900898456573 26.843036931008101 4.7525860965251949 15.188788823783396 2.7267722934484473 9.3619603477418405 15.227019678801302 3.2538248077034941 0.94759394228458482 27.715450029820204 8.05842027813196 23.031135182827718 4.4736315011978141 4.3269167244434348 8.3065333738923055 1.8673229254782189 39.488771170377731 13.395733244717123 7.8660494647920123 9.1933711320161802 3.6019793301820746 3.9740169085562256 10.042845889925955 1.8312917612493027 3.0503561347722998
leaf_count=327 152 33 21 24 87 126 194 20 94 10 38 92 12 3 102 31 119 17 13 35 10 156 45 22 31 14 13 26 6 11
internal_value=0.00351705 0.0015871 0.000983251 0.00140491 0.00067463 0.0022282 -8.58726e-05 -0.0208774 0.0112702 -0.0208664 0.00294632 0.00178773 -0.0265859 -0.0407171 0.00367554 0.00601883 0.00430404 0.0274424 0.0385038 0.00102184 0.0454286 -0.00108708 0.0048694 0.0369776 -0.000342809 -0.0157155 -0.0204498 0.00858216 -0.0324414 -0.0135344
internal_weight=463.548 445.475 440.644 437.548 430.95 401.96 367.582 46.7844 19.9414 28.9899 320.798 311.436 19.4284 16.1746 292.007 264.292 256.233 31.8317 27.3581 224.402 10.1739 214.228 152.239 21.2618 130.977 61.9893 58.3873 17.0672 41.3201 13.0932
internal_count=1884 1732 1699 1678 1654 1557 1431 308 114 97 1123 1085 107 95 978 876 845 149 132 696 45 651 425 67 358 226 212 50 162 37
is_linear=0
shrinkage=0.05


Tree=51
num_leaves=31
num_cat=0
split_feature=293 178 94 121 243 132 90 1 242 109 195 1 144 207 195 105 305 247 308 232 171 213 245 247 267 243 306 308 249 267
split_gain=16.1527 5.61478 4.25912 5.89314 5.71231 5.19545 5.29253 5.08391 4.95612 4.88669 7.71039 6.49008 6.459 6.57167 6.90376 6.41058 6.76761 6.57485 6.38657 8.60744 7.75879 6.53274 6.09334 5.92024 8.48715 14.4543 9.80739 6.96385 12.9694 6.66971
threshold=0.003249999950639904 0.0012500000302679839 0.0020500000100582842 0.0050000001210719356 0.020200000144541267 0.0011500000255182388 0.0016499999910593035 0.0018500000005587938 0.0010500000207684936 0.0011500000255182388 0.023449999280273918 1.0000000180025095e-35 0.0013499999768100681 0.06115000136196614 0.47484999895095831 0.06089999899268151 0.002650000038556755 0.016549999825656418 0.0040960873011499652 0.0018500000005587938 1.0000000180025095e-35 0.023450000211596492 0.0021499999566003685 0.0020500000100582842 0.011950000189244749 0.0023500000825151805 0.48345482349395758 0.0026979604735970501 1.0000000180025095e-35 0.0079499999992549437
decision_type=2 2 2 2 2 2 2 2 2 2 2 2 2 2 2 2 2 2 2 2 2 2 2 2 2 2 2 2 2 2
left_child=1 2 3 4 5 6 7 9 -7 11 15 18 -12 14 22 16 -11 -18 20 -20 21 23 -14 29 25 27 -26 28 -25 -1
right_child=-2 -3 -4 -5 -6 8 -8 -9 -10 10 12 -13 13 -15 -16 -17 17 -19 19 -21 -22 -23 -24 24 26 -27 -28 -29 -30 -31
leaf_value=-0.0058041035404767932 0.050771209199655699 0.056337079752049629 -0.058515831190395363 0.044263959422961352 0.053444386785141622 -0.03679840374358645 0.091170407197564626 0.053368526093093699 0.035789022949878825 -0.046586584656900541 0.050564405839545537 -0.052719223982174414 -0.032176608876482264 0.065160703976498827 0.12295477695295975 0.0948222579905076 -0.028059424131792139 0.050092077565633122 -0.026692666780225541 0.060110361047167986 -0.04261366128643674 0.098683613749911039 0.06567257889256152 0.005092589000956921 -0.028850046784294571 0.077605582683753907 0.053034079336550424 -0.056598432360702604 0.061097903892217267 0.021382844086139625
leaf_weight=171.78777796030045 17.296064861118793 4.6214827224612227 2.9920498356223098 7.8530906550586215 5.0443570315837851 15.76283539645374 1.6247595846652974 4.5378247350454322 2.7639076188206664 23.703744385391474 6.5676472261548069 5.2172567509114733 16.637328248471032 2.8346650525927535 0.84972018003463645 1.03838201612234 7.5330502577126008 4.1871035546064377 3.9436768144369116 10.354030184447764 9.4529048986732942 1.7877776771783818 1.7592805176973332 52.482004575431347 19.46804274246097 9.7170406058430654 4.5024503320455542 3.4665894471108905 12.872601035982369 25.969699539244175
leaf_count=568 152 33 31 38 22 87 5 14 12 173 25 13 103 9 2 4 31 16 10 43 21 5 6 206 53 27 16 11 51 97
internal_value=0.00337203 0.00151444 0.000934278 0.0013444 0.000552951 -8.1054e-05 0.00111117 0.000745975 -0.0259695 0.000143167 -0.0123784 0.00260612 0.00703275 -0.00591506 -0.0163833 -0.0276298 -0.0312193 -0.000139276 0.00349207 0.0361678 0.0019923 0.00338826 -0.0228192 0.00282087 0.0125724 0.0205206 -0.0134695 0.0124606 0.0161237 -0.00223389
internal_weight=458.629 441.333 436.712 433.72 425.866 420.822 402.295 400.671 18.5267 396.133 65.1109 331.022 28.6486 22.081 19.2463 36.4623 35.4239 11.7202 325.805 14.2977 311.507 302.054 18.3966 300.266 102.509 78.5382 23.9705 68.8212 65.3546 197.757
internal_count=1884 1732 1699 1668 1630 1608 1509 1504 99 1490 369 1121 145 120 111 224 220 47 1108 53 1055 1034 109 1029 364 295 69 268 257 665
is_linear=0
shrinkage=0.05


Tree=52
num_leaves=31
num_cat=0
split_feature=293 178 39 223 194 94 121 243 132 243 243 149 153 304 226 182 260 306 305 102 107 163 247 54 253 195 25 89 307 306
split_gain=15.3235 5.31968 4.09764 6.98145 5.22199 4.04301 5.26997 5.24386 5.10358 4.94718 5.91377 5.83476 9.02403 7.21872 10.5949 9.84736 6.11405 5.71123 5.4064 8.38946 5.29797 7.0537 6.06406 8.42355 8.57245 7.59743 8.18418 12.3038 8.64433 7.8099
threshold=0.003249999950639904 0.0012500000302679839 0.003249999950639904 0.002650000038556755 1.0000000180025095e-35 0.0020500000100582842 0.0050000001210719356 0.020200000144541267 0.0011500000255182388 0.0088499998673796671 0.0079499999992549437 0.063499998301267638 0.17655000090599063 0.0015499999863095584 0.0020500000100582842 0.0084500000812113302 0.0011500000255182388 0.79185500741004955 0.0018500000005587938 0.0037500000325962905 0.0010500000207684936 0.017450000159442428 0.0067499999422580012 0.0014499999815598132 0.0063000000081956395 0.0053499999921768912 0.0021499999566003685 0.0020500000100582842 0.15497639775276187 0.12097691372036935
decision_type=2 2 2 2 2 2 2 2 2 2 2 2 2 2 2 2 2 2 2 2 2 2 2 2 2 2 2 2 2 2
left_child=1 2 3 4 5 6 7 8 9 10 11 13 -13 16 -15 -16 17 20 -11 -20 21 22 25 24 -24 26 28 -28 29 -1
right_child=-2 -3 -4 -5 -6 -7 -8 -9 -10 18 -12 12 -14 14 15 -17 -18 -19 19 -21 -22 -23 23 -25 -26 -27 27 -29 -30 -31
leaf_value=0.0014143287342034468 0.050460102645167572 0.056023766317630543 -0.056817413813201614 0.06558120167179525 -0.070868384410345306 -0.058072247957074302 0.042101785474724075 0.051995204815454346 -0.026804848986329795 -0.041571388914301087 0.068899014905745223 0.064495721497960096 -0.053546894618514855 0.061677753286855534 -0.014755429699855483 0.059916416097633554 0.081758699601029661 0.049784440245652914 0.062384848124046037 -0.054482771998915394 -0.023507891524629843 -0.03752333464003161 0.026957746277810481 -0.039127469668931318 -0.015634242921794921 -0.021916922716648725 0.047204678226111497 -0.030750507219942071 0.082516694713951164 -0.02788094273447967
leaf_weight=92.407274264842272 16.551412552595139 4.4200538247823706 3.0542949102818957 4.1830578595399848 2.5357292257249346 2.8673150762915602 7.8438114747405043 4.9286793619394293 16.882840279489756 13.149447835981848 3.3296242132782927 7.7893236204981786 2.0438962951302528 11.538796257227657 18.179333951324228 5.8314093947410575 2.1932629048824301 5.2357601150870314 3.7556768506765357 2.5978324748575687 28.300022963434458 12.526318226009606 55.56468203291297 7.1290347836911669 15.003788538277147 44.822030149400234 19.423609670251611 6.845517322421073 2.8348684161901465 30.180947419255972
leaf_count=301 152 33 39 15 11 31 38 22 87 21 12 25 14 41 68 23 7 15 12 7 145 48 229 38 46 213 76 42 10 63
internal_value=0.00323578 0.00144879 0.00089166 0.00130164 0.00067007 0.00109871 0.00150234 0.000730319 0.000110374 0.00127348 0.0025632 0.00196276 0.0399598 0.000919135 0.0223024 0.00337987 -0.00143821 -0.00200795 -0.0232724 0.0145998 -0.00286871 -0.000831695 0.000844423 0.0126694 0.0179021 -0.00383094 0.00151311 0.0268902 -0.00380197 -0.0057981
internal_weight=453.95 437.398 432.978 429.924 425.741 423.205 420.338 412.494 407.565 390.682 371.18 367.85 9.83322 358.017 35.5495 24.0107 322.467 320.274 19.503 6.35351 315.038 286.738 274.212 77.6975 70.5685 196.514 151.692 26.2691 125.423 122.588
internal_count=1884 1732 1699 1660 1645 1634 1603 1565 1543 1456 1416 1404 39 1365 132 91 1233 1226 40 19 1211 1066 1018 313 275 705 492 118 374 364
is_linear=0
shrinkage=0.05


Tree=53
num_leaves=31
num_cat=0
split_feature=293 288 125 187 309 306 186 309 144 149 246 149 106 224 212 211 149 211 144 267 309 234 232 232 226 112 176 144 93 89
split_gain=14.536 5.04779 4.38378 4.60315 4.8375 6.97903 5.35612 6.61562 10.0591 15.9528 7.9272 7.53603 6.85249 6.21694 6.13952 5.73096 7.3345 7.10687 5.62767 5.97364 7.89074 7.45329 5.49471 9.63495 7.79099 5.99517 5.54549 5.43423 7.14862 7.60466
threshold=0.003249999950639904 0.0021499999566003685 0.0023500000825151805 0.006000000052154065 0.26008526980876928 0.0024492300581187014 0.0018500000005587938 0.94126680493354808 0.0010500000207684936 0.0013499999768100681 0.0042499999981373557 0.0043500000610947618 1.0000000180025095e-35 0.012149999849498274 0.0031500000040978198 0.0011500000255182388 0.066150002181530013 0.0018500000005587938 0.16990000009536746 0.0010500000207684936 0.92622444033622753 0.0050500000361353168 0.037900000810623176 0.03329999931156636 0.0014499999815598132 0.0015499999863095584 0.0031500000040978198 0.0073500000871717939 1.0000000180025095e-35 0.0031500000040978198
decision_type=2 2 2 2 2 2 2 2 2 2 2 2 2 2 2 2 2 2 2 2 2 2 2 2 2 2 2 2 2 2
left_child=1 2 3 4 -1 -6 7 8 9 10 13 -11 -12 -7 22 16 -10 -17 19 -19 21 -21 23 24 26 -26 27 28 -9 -30
right_child=-2 -3 -4 -5 5 6 -8 14 15 11 12 -13 -14 -15 -16 17 -18 18 -20 20 -22 -23 -24 -25 25 -27 -28 -29 29 -31
leaf_value=-0.024278869200502057 0.050152987034708399 0.046889892653953373 -0.049505405871510699 0.068132526733038143 0.070550180826534942 0.049500659054811325 -0.047256921111158583 -0.0072036853725604665 -0.01178233256045073 -0.049431684890122368 -0.032144329803523573 0.055029386270060501 0.065893596675995536 -0.020566705356623156 0.071919397916099456 0.051472194530053576 0.074076058175147425 -0.040668504953210213 -0.041176750825852225 0.037457728054735975 -0.038092054453784524 -0.034293083981237905 -0.029204777643212006 0.088575157898305987 0.069641519647502939 -0.062054174123457276 0.053653157691110467 -0.034243232856098635 0.061834768825752021 -0.060779745166822732
leaf_weight=18.319199342280626 15.838179379701613 6.0099186301231375 4.2964762840419999 2.5574799776077262 3.6782760210335246 42.004651930183172 5.5856573097407809 134.16416735947132 70.605211831629276 9.1410657688975316 6.8335131257772428 2.128563091158866 2.4113238453865051 3.4238592050969592 2.59963734447956 9.6640290357172471 2.5782281085848799 4.9310318753123275 5.9215125422924748 26.652652680873874 5.3448507227003565 4.1881199702620497 21.606522303074598 2.8583428114652625 5.5816283077001563 1.0224706865847109 3.7878186404705039 17.043649926781654 7.0504399947822076 1.5409279763698576
leaf_count=40 152 45 23 10 15 153 15 474 343 20 11 8 7 13 11 44 9 13 47 112 17 17 72 7 22 8 14 117 32 13
internal_value=0.00310414 0.00138531 0.000745626 0.00125576 0.00084918 0.00199328 0.00136075 0.0020516 0.00856172 0.0244658 0.0356311 -0.0297015 -0.00657317 0.0442198 -0.00441143 0.000487207 -0.00875757 0.0124191 0.00439561 0.0109588 0.0179941 0.0277141 -0.00543083 -0.00246247 -0.00399144 0.0492519 -0.00614091 -0.00755824 -0.00437231 0.0398429
internal_weight=449.369 433.531 427.521 423.225 420.667 402.348 398.67 393.084 195.829 65.943 54.6733 11.2696 9.24484 45.4285 197.256 129.886 73.1834 56.7022 47.0382 41.1167 36.1856 30.8408 194.656 173.049 170.191 6.6041 163.587 159.799 142.756 8.59137
internal_count=1884 1732 1687 1664 1654 1614 1599 1584 814 212 184 28 18 166 770 602 352 250 206 159 146 129 759 687 680 30 650 636 519 45
is_linear=0
shrinkage=0.05


Tree=54
num_leaves=31
num_cat=0
split_feature=293 178 120 250 53 305 50 144 205 67 90 216 279 295 215 226 304 238 237 218 279 220 105 169 292 218 243 256 173 195
split_gain=13.7877 4.86181 3.92322 4.05603 5.71092 5.75393 5.4405 5.12256 4.86014 4.36588 3.99605 4.10388 5.68908 4.977 6.45906 5.10663 9.18577 7.73575 6.41674 9.3867 9.31162 8.71917 9.21174 8.05564 7.77616 7.57014 10.6371 7.56879 7.50928 8.55038
threshold=0.003249999950639904 0.0012500000302679839 0.41179999709129339 0.00045000000682193791 0.00335000001359731 0.022099999710917476 0.014050000347197058 0.58645001053810131 0.0013499999768100681 0.0020500000100582842 0.0016499999910593035 0.0050500000361353168 0.056250000372529037 1.0000000180025095e-35 0.0018500000005587938 0.010250000283122064 0.0014499999815598132 1.0000000180025095e-35 0.0113500002771616 0.016449999995529655 0.013950000051409008 0.0010500000207684936 0.0010500000207684936 0.002650000038556755 0.0039500000420957812 0.0035500000230968003 0.0014499999815598132 0.003249999950639904 0.0010500000207684936 0.037949999794363982
decision_type=2 2 2 2 2 2 2 2 2 2 2 2 2 2 2 2 2 2 2 2 2 2 2 2 2 2 2 2 2 2
left_child=1 2 3 4 8 -6 7 -5 9 10 11 13 -13 15 -15 16 18 -18 19 20 21 23 -23 24 25 -1 -27 -22 29 -20
right_child=-2 -3 -4 6 5 -7 -8 -9 -10 -11 -12 12 -14 14 -16 -17 17 -19 28 -21 27 22 -24 -25 -26 26 -28 -29 -30 -31
leaf_value=-0.0032527830807065278 0.049849027679899863 0.055538322220475701 -0.047487700638293606 0.061611308891907947 -0.047331271779991829 0.031855558917025156 -0.033141651889344939 -0.053862588153299362 0.067570184522628071 0.068075809833961484 0.076144846881240888 0.048932695433940666 -0.019900130646758288 -0.018983898298873234 0.054657073383069348 -0.028908608910329994 0.069311124042441233 0.0083907861571305749 0.011351026259674629 -0.023397921379395087 -0.055023604820439775 0.051502347241631732 -0.059044159213709126 0.055313185525108416 -0.021211757074561934 0.018017751548604039 0.14799846707039735 0.059963561615092267 -0.018921807421624824 0.057667751239985
leaf_weight=62.71239173039794 15.155300199985502 4.0959286466240874 4.1648188568651667 8.1899319812655431 11.094263534992931 2.8920315615832797 2.6516580358147612 1.0880039483308781 2.768359623849391 2.4172987490892401 1.7460070103406895 9.4480093866586667 4.3997753821313372 50.952468998730183 3.1624373346567145 13.059840403497217 9.1848264560103434 12.044124238193033 47.318245381116867 47.344784535467625 1.6592715978622425 12.597471348941324 2.2159722074866286 5.2531411163508883 59.568844005465508 7.9377319365739805 1.9633205756545065 10.406595561653374 14.565204091370104 12.622415632009504
leaf_count=236 152 33 23 36 122 13 11 3 11 8 6 33 18 126 11 61 33 55 174 166 1 46 9 24 290 49 6 37 50 41
internal_value=0.00297803 0.00132424 0.000802281 0.0012797 0.000442137 -0.0309573 0.0300186 0.0480699 0.00155296 0.00108743 0.000672392 0.000333129 0.0270628 -0.000655066 -0.0146804 0.00171338 0.00301437 0.0347483 0.000660216 -0.00378195 0.00187009 -0.00148069 0.0349655 -0.00540904 -0.00782224 0.00316193 0.0437922 0.0441508 0.0132797 0.0211045
internal_weight=444.68 429.525 425.429 421.264 409.335 13.9863 11.9296 9.27794 395.349 392.58 390.163 388.417 13.8478 374.569 54.1149 320.454 307.394 21.229 286.165 211.66 164.315 152.249 14.8134 137.435 132.182 72.6134 9.90105 12.0659 74.5059 59.9407
internal_count=1884 1732 1699 1676 1626 135 50 39 1491 1480 1472 1466 51 1415 137 1278 1217 88 1129 864 698 660 55 605 581 291 55 38 265 215
is_linear=0
shrinkage=0.05


Tree=55
num_leaves=31
num_cat=0
split_feature=293 178 144 250 53 305 50 216 295 215 237 195 116 306 173 123 238 218 279 202 169 267 238 153 279 307 243 306 267 242
split_gain=13.0762 4.60857 3.77828 4.27506 5.2691 5.96612 4.55338 4.18975 5.30867 5.91267 5.40121 9.05441 6.6395 7.71907 7.9663 8.81706 7.99881 6.52969 9.5662 8.6778 7.56992 8.81195 8.66995 11.0273 7.88975 10.834 11.3181 9.80889 9.37732 7.07038
threshold=0.003249999950639904 0.0012500000302679839 0.53134998679161083 0.00045000000682193791 0.00335000001359731 0.022099999710917476 0.014050000347197058 0.0050500000361353168 1.0000000180025095e-35 0.0018500000005587938 0.011450000107288362 0.12680000066757205 0.0050500000361353168 0.11444136500358583 0.0010500000207684936 0.010750000365078451 0.082949999719858183 0.047399999573826797 0.013849999755620958 0.0031500000040978198 0.0022500000195577745 0.0065500000491738328 0.0013499999768100681 0.0013499999768100681 0.0013499999768100681 0.0022493499564006929 1.0000000180025095e-35 0.014083571732044222 0.0010500000207684936 0.0010500000207684936
decision_type=2 2 2 2 2 2 2 2 2 2 2 2 2 2 2 2 2 2 2 2 2 2 2 2 2 2 2 2 2 2
left_child=1 2 3 4 7 -6 -5 8 10 -10 11 17 13 -12 15 16 -15 18 19 20 22 -22 24 -24 25 26 -1 -26 -28 -29
right_child=-2 -3 -4 6 5 -7 -8 -9 9 -11 12 -13 -14 14 -16 -17 -18 -19 -20 -21 21 -23 23 -25 27 -27 28 29 -30 -31
leaf_value=-0.013913751990428389 0.049547425521428511 0.05526570417746967 -0.057673049130014725 0.048716818456922939 -0.046791529498064144 0.036368798122924158 -0.02386470552005631 0.028160035453562739 -0.017966645084388482 0.053294959236746611 -0.031811221398628346 -0.034351003296187385 0.050473969514947717 0.035704596618100638 -0.015571662308583071 -0.054058211898738509 -0.0583609240080201 -0.025705560176141035 0.036016289436791034 0.061123367285265864 0.08313353884981968 -0.027586216393781705 0.011012878806701237 -0.050510385850338617 -0.056765607022226452 0.047314563951652101 0.093217523252428852 0.0040538942419098617 -0.030181537732669541 -0.044534106953160998
leaf_weight=28.344913441687822 14.501717634499071 3.914901264011859 2.7478786222636691 8.8313464540988189 10.892838964238761 2.6892008334398261 2.8608143851160994 14.051547169685362 52.077202431857586 3.0831289812922469 10.329158231616018 18.819666296243668 10.672499578446148 42.590804200619459 16.218670811504126 3.2918554395437232 2.3866186067461959 19.676191236823797 21.469810280948877 5.7508233599364749 5.3585255891084653 2.7038211598992348 11.659732565283777 19.404628828167915 9.1700528860092145 18.774536810815334 5.0919174700975409 62.145268183201551 2.206781268119812 8.5129305161535722
leaf_count=145 152 33 21 41 122 11 12 52 131 11 40 76 42 157 53 10 8 56 79 24 17 19 56 127 19 87 14 246 4 19
internal_value=0.00285702 0.00126659 0.000765418 0.00114861 0.000293047 -0.030326 0.0309577 0.00134911 0.000357026 -0.0139836 0.00279412 -0.00106272 0.0135806 0.00831782 0.0147454 0.024932 0.0307132 0.0017814 0.00447759 0.000697363 -0.00130698 0.0460021 -0.00361429 -0.0274182 0.00189389 0.0165749 0.000383457 -0.00811403 0.0559075 -0.00180001
internal_weight=440.23 425.728 421.813 419.065 407.373 13.582 11.6922 393.791 379.74 55.1603 324.579 239.09 85.4896 74.8171 64.4879 48.2693 44.9774 220.27 200.594 179.124 173.373 8.06235 165.311 31.0644 134.246 54.4181 35.6436 79.8283 7.2987 70.6582
internal_count=1884 1732 1699 1678 1625 133 53 1492 1440 142 1298 988 310 268 228 175 165 912 856 777 753 36 717 183 534 250 163 284 18 265
is_linear=0
shrinkage=0.05


Tree=56
num_leaves=31
num_cat=0
split_feature=293 178 39 223 194 94 121 116 187 309 306 232 163 251 121 6 120 232 247 53 211 50 246 211 212 43 43 120 309 195
split_gain=12.4015 4.36999 3.7057 6.25246 4.85711 3.66142 4.62598 4.01555 5.23952 5.12956 6.40383 4.37648 7.93497 6.28495 6.38112 5.83896 5.6315 9.46204 7.80869 7.22038 10.4465 8.72653 10.2838 7.68241 8.23851 7.77798 9.20163 7.06261 7.05179 12.2282
threshold=0.003249999950639904 0.0012500000302679839 0.003249999950639904 0.002650000038556755 1.0000000180025095e-35 0.0020500000100582842 0.0050000001210719356 0.62514999508857738 0.006000000052154065 0.26008526980876928 0.0024492300581187014 0.0016499999910593035 0.0011500000255182388 0.0015499999863095584 0.0011500000255182388 0.0049499999731779107 0.0087500000372529047 0.0020500000100582842 0.030150000005960468 1.0000000180025095e-35 0.0059500001370906839 1.0000000180025095e-35 0.011149999685585501 0.0056499999482184657 0.0030500000575557355 0.0012500000302679839 0.0011500000255182388 0.0053499999921768912 0.94126680493354808 0.010850000195205213
decision_type=2 2 2 2 2 2 2 2 2 2 2 2 2 2 2 2 2 2 2 2 2 2 2 2 2 2 2 2 2 2
left_child=1 2 3 4 5 6 7 8 9 -1 -11 12 13 14 -12 -14 17 -13 19 21 -21 23 -23 24 25 26 27 28 29 -19
right_child=-2 -3 -4 -5 -6 -7 -8 -9 -10 10 11 16 15 -15 -16 -17 -18 18 -20 20 -22 22 -24 -25 -26 -27 -28 -29 -30 -31
leaf_value=-0.026514612097287584 0.049247417474214572 0.055006920301098605 -0.056250563582867154 0.063572228946333451 -0.070279934059016225 -0.057428194475314331 0.039982064683372003 -0.054786405218190781 0.07364249244632505 0.067281490670441077 -0.022040694811960686 0.048792604861714439 0.040241974036675135 0.059734453973135038 0.099520775422225372 -0.0050026956344633297 -0.012375461725762225 0.033425604412926066 0.035929641892730568 0.043944220660809191 -0.044282818460056002 -0.042562249462169091 0.05590886949210952 0.050418255054694439 -0.037529405617048192 -0.0361754822407757 0.12237505647264796 0.070185621725696742 -0.0082883007394777865 -0.015774615533226132
leaf_weight=16.730410430580378 13.876386053860186 3.7410461381077758 2.8344357106834641 3.9687141925096503 2.4087975583970538 2.6702419724315396 7.5896065048873416 3.2485953755676737 2.4688976407051078 3.6948439218103877 65.774744650349021 13.063973683863876 12.259920600801708 2.5632428936660281 1.0975691638886917 17.044664315879345 42.337221501395106 36.715061150491238 18.641834858804941 19.018341984599832 4.0737928524613372 20.393956128507856 3.0476163141429415 8.090559393167494 13.057563696056603 10.982675444334744 1.7265353500843037 4.1506701484322539 58.852022990584373 19.250768717378378
leaf_count=36 152 33 39 15 11 31 38 12 10 14 370 56 46 10 8 93 234 107 71 89 17 71 11 32 27 27 4 14 152 54
internal_value=0.0027386 0.00120745 0.000725675 0.00111489 0.000511723 0.000929113 0.00131304 0.000576179 0.00103145 0.000574797 0.00178068 0.00113035 -0.00789225 -0.0171004 -0.0200455 0.0139259 0.00438889 0.00746056 0.00498369 0.00208998 0.0283797 -0.00135413 -0.0297601 0.00300299 0.000352522 0.00410901 0.00777471 0.00611156 0.00379528 0.016502
internal_weight=435.375 421.498 417.757 414.923 410.954 408.545 405.875 398.285 395.037 392.568 375.838 372.143 98.7401 69.4356 66.8723 29.3046 273.403 231.065 218.001 199.36 23.0921 176.267 23.4416 152.826 144.735 131.678 120.695 118.969 114.818 55.9658
internal_count=1884 1732 1699 1660 1645 1634 1603 1565 1553 1543 1507 1493 527 388 378 139 966 732 676 605 106 499 82 417 385 358 331 327 313 161
is_linear=0
shrinkage=0.05


Tree=57
num_leaves=31
num_cat=0
split_feature=293 107 239 288 58 179 112 50 308 196 238 232 171 309 54 198 54 232 25 49 304 289 247 153 218 218 196 273 218 247
split_gain=11.7756 4.28424 4.80411 4.25592 3.87949 4.09565 6.07072 6.04112 6.29949 8.38514 7.2976 5.47915 5.24964 5.25503 4.68228 7.00657 6.22094 5.93128 6.44005 5.79522 6.83705 6.34073 5.559 12.5463 8.82632 12.0264 8.90941 7.86347 10.5667 8.02112
threshold=0.0031500000040978198 0.0010500000207684936 0.0014499999815598132 0.0021499999566003685 0.0024500000290572648 0.0010500000207684936 0.0014499999815598132 0.0044499998912215242 0.0044977304060012111 0.0015499999863095584 0.086449999362230315 0.0016499999910593035 1.0000000180025095e-35 0.93220099806785595 0.0013499999768100681 0.0017499999958090486 0.0011500000255182388 0.0063499999232590207 0.0010500000207684936 0.0011500000255182388 0.0024500000290572648 0.0024500000290572648 0.0067499999422580012 0.022800000384449962 0.0056499999482184657 0.0035500000230968003 0.010449999943375589 0.0010500000207684936 0.0012500000302679839 0.0011500000255182388
decision_type=2 2 2 2 2 2 2 2 2 2 2 2 2 2 2 2 2 2 2 2 2 2 2 2 2 2 2 2 2 2
left_child=3 -2 -3 4 5 7 11 8 10 -10 12 -7 14 -14 15 16 19 18 -17 20 22 -22 24 -24 25 27 -27 28 -1 -30
right_child=1 2 -4 -5 -6 6 -8 -9 9 -11 -12 -13 13 -15 -16 17 -18 -19 -20 -21 21 -23 23 -25 -26 26 -28 -29 29 -31
leaf_value=0.010376078866101181 0.056350196877531303 -0.078380377559635575 0.052744706822222764 0.045468102248116524 -0.042827146919739725 -0.002516389850724594 0.0019850878650342443 -0.027777102838910446 0.05251384014556864 -0.033535793396761375 -0.058101297984312843 0.059460317018050136 0.062429797513573859 -0.050094439853351824 -0.032544479377656962 -0.042090297497190315 0.11460898842496414 0.072522039954459439 0.050330128555177392 -0.038773158160037097 0.060432760356071591 -0.030474808451773101 0.030381082696842851 -0.025169954728748879 -0.014929634724820819 0.05704735433159102 -0.054403708055867597 0.038102881936917021 -0.035125481122862706 0.021505392694479528
leaf_weight=45.460613444447517 13.327527500689031 1.3743968419730657 1.420460097491741 5.3103438243269911 5.1214017476886502 5.2665981426835087 32.077616844326258 19.73296351917088 11.772483937442301 3.727473532781004 5.4647575244307509 11.044773638248442 1.1834342554211605 8.4189285263419134 9.8784269727766496 3.5417865216732007 1.1943369209766377 6.3856619223952293 4.0292971730232239 9.2006608657538873 8.5767413824796659 2.4706881977617732 36.346714071929455 14.109853517264126 94.890782196074724 15.331305515021088 2.0306765846908084 11.295260336250065 33.561359073966742 7.684367060661315
leaf_count=171 139 4 16 45 64 27 122 126 48 13 18 36 7 21 61 20 3 19 14 44 34 7 142 83 329 64 10 59 105 33
internal_value=0.00262209 0.0445471 -0.0117373 0.000993772 0.000417455 0.000964738 0.0146139 -0.000889004 0.000687502 0.0318204 -0.000815535 0.0394493 0.000176423 -0.0362265 0.0013188 0.0024485 0.000737912 0.0370302 0.00709544 0.000253854 0.00157515 0.0401019 -5.7386e-05 0.0148466 -0.00363402 0.00565703 0.0440119 -0.00113793 -0.00624984 -0.0245748
internal_weight=431.232 16.1224 2.79486 415.109 409.799 404.678 48.389 356.289 336.556 15.5 321.056 16.3114 315.591 9.60236 305.989 296.11 282.153 13.9567 7.57108 280.959 271.758 11.0474 260.711 50.4566 210.254 115.364 17.362 98.0016 86.7063 41.2457
internal_count=1884 159 20 1725 1680 1616 185 1431 1305 61 1244 63 1226 28 1198 1137 1084 53 34 1081 1037 41 996 225 771 442 74 368 309 138
is_linear=0
shrinkage=0.05


Tree=58
num_leaves=31
num_cat=0
split_feature=293 107 207 178 120 250 53 305 205 25 157 158 25 161 161 90 279 216 144 269 195 218 292 206 232 270 256 232 163 6
split_gain=11.2054 4.05403 4.60914 4.04694 3.53442 3.59995 4.85523 4.83957 4.35507 4.33977 4.02755 4.71469 6.96447 6.41824 5.09408 4.53143 4.57624 9.19584 5.79328 9.57521 9.54601 7.15567 7.13716 9.45665 9.00401 8.38756 8.25513 6.65338 8.29292 9.26525
threshold=0.0031500000040978198 0.0010500000207684936 0.0023500000825151805 0.0012500000302679839 0.41179999709129339 0.00045000000682193791 0.00335000001359731 0.022099999710917476 0.0013499999768100681 0.011799999978393318 1.0000000180025095e-35 0.00025000000459840527 0.0036499999696388845 1.0000000180025095e-35 0.0011500000255182388 0.0016499999910593035 0.050550000742077834 0.0050500000361353168 0.041650000959634788 0.0046500000171363362 0.15915000438690188 0.042850000783801086 0.10020000115036966 0.002650000038556755 0.037900000810623176 0.0021499999566003685 0.0087500000372529047 0.010250000283122064 0.0011500000255182388 0.0019500000635161998
decision_type=2 2 2 2 2 2 2 2 2 2 2 2 2 2 2 2 2 2 2 2 2 2 2 2 2 2 2 2 2 2
left_child=3 -2 -3 4 5 6 8 -8 10 -7 11 13 14 15 -13 16 17 18 19 22 -21 -22 23 24 25 27 -24 28 29 -1
right_child=1 2 -4 -5 -6 9 7 -9 -10 -11 -12 12 -14 -15 -16 -17 -18 -19 -20 20 21 -23 26 -25 -26 -27 -28 -29 -30 -31
leaf_value=-0.0044836076482490054 0.056151573118628284 -0.079109334817798471 0.052614236770133604 0.05469845045361358 -0.046472725023575474 0.06094517612906384 -0.045674566198504359 0.028732882304017444 0.066065078958600476 -0.0024826913635400769 0.047406022320524356 -0.037867789780095348 0.026152795880156478 0.041843218440562074 0.029198466298489684 0.085152998795825829 -0.027935561332085437 0.057572431241844427 -0.023360558907499704 0.039550459613841328 0.063365012576069579 -0.041898501067356715 0.08086696386332648 0.063341447008607027 -0.041158233121095289 0.089872829971708895 -0.041087469563687473 0.021505930878894651 0.023792707225815165 -0.0577091905287197
leaf_weight=139.17863408848643 12.72125133872032 1.2985913082957261 1.3591882884502409 3.4723051339387885 3.9673719350248566 5.4305287599563581 10.262780427932737 2.7765369191765776 2.5700957775115958 5.3571247309446335 4.5709746927022925 23.042230386286978 7.1106795705854884 9.7905544675886613 3.228029239922761 1.583105981349944 13.696393150836228 7.1679271161556235 23.894292563199997 29.156651347875595 2.075407110154627 7.2696173302829266 1.510482639074328 5.9381930604577056 12.884476885199545 2.6755651757121077 17.058739196509123 32.538057737052441 24.507799949496984 8.686603516340254
leaf_count=519 139 4 16 33 23 26 122 13 11 23 20 91 31 37 12 5 44 25 151 104 7 19 6 19 38 7 60 93 116 70
internal_value=0.00251421 0.0444176 -0.0117459 0.000947768 0.00049024 0.000951471 0.000169628 -0.0298306 0.00119869 0.029447 0.000757142 0.000185467 -0.0177449 0.00194786 -0.0296268 0.000763595 0.000356583 0.00158853 0.000282996 0.00227589 0.0254555 -0.0185209 -0.0013671 0.00107699 -0.000600046 0.00191732 -0.0311673 0.000768865 -0.00314558 -0.00761044
internal_weight=426.78 15.379 2.65778 411.401 407.929 403.961 393.174 13.0393 380.135 10.7877 377.564 372.993 33.3809 339.613 26.2703 329.822 328.239 314.542 307.375 283.48 38.5017 9.34502 244.979 226.409 220.471 207.587 18.5692 204.911 172.373 147.865
internal_count=1884 159 20 1725 1692 1669 1620 135 1485 49 1474 1454 134 1320 103 1283 1278 1234 1209 1058 130 26 928 862 843 805 66 798 705 589
is_linear=0
shrinkage=0.05


Tree=59
num_leaves=31
num_cat=0
split_feature=293 178 107 239 39 223 194 184 33 63 279 267 170 197 63 269 308 243 196 102 306 232 307 243 279 306 24 292 232 105
split_gain=10.6617 3.83755 3.83703 4.43438 3.37337 5.59119 4.48195 3.4425 4.12742 4.40459 6.45351 6.41196 4.9596 5.56184 4.84341 5.48194 5.4589 4.18876 4.13468 4.28679 6.9352 14.4336 9.41116 7.285 7.23477 7.29533 6.47155 6.19659 5.44174 5.37417
threshold=0.0031500000040978198 0.0012500000302679839 0.0010500000207684936 0.0014499999815598132 0.003249999950639904 0.002650000038556755 1.0000000180025095e-35 0.0014000000082887711 0.0029499999945983295 0.0063000000081956395 0.011450000107288362 0.0018500000005587938 0.1058499999344349 0.03655000030994416 0.0010500000207684936 0.20404999703168872 0.0036970617948099975 0.0016499999910593035 0.15325000137090686 0.0010500000207684936 0.028661120682954792 0.0019500000635161998 0.0055973599664866933 0.0018500000005587938 0.012749999761581423 0.22231862694025042 0.0012500000302679839 0.0031500000040978198 0.13990000635385516 0.027400000020861629
decision_type=2 2 2 2 2 2 2 2 2 2 2 2 2 2 2 2 2 2 2 2 2 2 2 2 2 2 2 2 2 2
left_child=1 4 -2 -4 5 6 7 8 9 12 11 -11 13 14 15 18 17 -16 19 29 21 23 24 -21 26 -26 -22 -23 -24 -1
right_child=2 -3 3 -5 -6 -7 -8 -9 -10 10 -12 -13 -14 -15 16 -17 -18 -19 -20 20 22 27 28 -25 25 -27 -28 -29 -30 -31
leaf_value=0.0041725212284597652 0.055959087370719966 0.05446919637449868 -0.080010620895105466 0.052496120247942729 -0.05582256715014821 0.061184026207788914 -0.070013117627287014 0.06595782487422007 -0.037655995930437502 -0.048453282728423433 -0.057987476796756934 0.071698705006944419 -0.035522642121856816 0.061036259314423816 -0.044977380138583878 0.066198651722486679 0.048477661446420434 0.056327212572828668 0.069975333355667316 -0.040491049950630631 -0.047343927145734654 0.02989986061921476 -0.0036833593343828263 0.12444339039405772 0.080039543868031748 -0.05554221867032097 0.071723997425293715 0.16299432611717835 0.063795142537882543 0.084839167007189437
leaf_weight=212.93268992379308 12.141404464840887 3.3165093958377829 1.2256820686161511 1.302192188799381 2.6444419659674159 3.8016916438937178 2.2561933957040301 2.0081539899110785 7.0248476527631274 1.3259411826729754 1.5887065604329098 6.8298147097229958 9.4937117099761945 3.8277645930647841 13.22660154476762 3.2640409022569647 2.1384127289056769 1.1056918948888768 2.1648867074400178 4.6248089708387834 26.641566634178165 1.4238985329866412 82.31617459654808 0.78281548619270314 2.5927745252847663 1.6071681156754491 1.1922636106610287 2.2666541934013367 3.1002948954701415 2.0849473252892485
leaf_count=703 139 33 4 16 39 15 11 7 70 12 10 23 27 17 80 12 9 7 8 45 149 6 383 2 12 11 8 7 13 6
internal_value=0.00241135 0.00090407 0.0442908 -0.011752 0.000464634 0.000835252 0.000258541 0.000659352 0.000326161 0.00101645 0.0342058 0.0521647 0.000158107 0.00108037 0.000448961 0.00170646 -0.0260433 -0.037162 0.00109405 0.000657473 -0.00664395 0.0354114 -0.00990172 -0.0166149 -0.0330134 0.0281572 -0.0422436 0.111643 -0.00123414 0.00495472
internal_weight=422.253 407.583 14.6693 2.52787 404.267 401.623 397.821 395.565 393.556 386.532 9.74446 8.15576 376.787 367.293 363.466 346.995 16.4707 14.3323 343.731 341.566 126.548 9.09818 117.45 5.40762 32.0338 4.19994 27.8338 3.69055 85.4165 215.018
internal_count=1884 1725 159 20 1692 1653 1638 1627 1620 1550 45 35 1505 1478 1461 1365 96 87 1353 1345 636 60 576 47 180 23 157 13 396 709
is_linear=0
shrinkage=0.05


Tree=60
num_leaves=31
num_cat=0
split_feature=293 218 306 232 116 228 99 123 29 306 256 292 256 222 195 279 307 58 209 209 309 179 267 182 120 237 267 163 309 114
split_gain=10.1462 3.8527 9.00283 6.69333 8.77974 9.32192 7.35311 5.62211 5.6149 4.33344 8.70074 9.03183 7.35507 6.57092 5.72291 12.5116 4.43073 4.32679 4.26453 9.96909 7.48977 4.90056 5.57448 11.081 9.60615 7.50359 7.28226 6.26931 6.24956 5.73605
threshold=0.0031500000040978198 1.0000000180025095e-35 0.012880790513008835 0.002549999975599349 0.0010500000207684936 0.0011500000255182388 0.0011500000255182388 0.0010500000207684936 1.0000000180025095e-35 0.021205288358032707 0.0013499999768100681 0.0011500000255182388 0.0018500000005587938 0.0023500000825151805 0.0011500000255182388 0.0030500000575557355 0.010266041383147241 1.0000000180025095e-35 0.0020500000100582842 0.014549999963492157 0.50485512614250194 0.0010500000207684936 0.0012500000302679839 0.0014499999815598132 0.015000000130385162 0.016350000165402893 0.0015499999863095584 0.015099999960511925 0.92393073439598095 0.002600000007078052
decision_type=2 2 2 2 2 2 2 2 2 2 2 2 2 2 2 2 2 2 2 2 2 2 2 2 2 2 2 2 2 2
left_child=1 3 -3 4 6 -6 8 -5 -1 10 11 -4 13 16 15 -12 -11 18 21 -20 -21 22 23 24 29 -25 28 -28 -24 -14
right_child=-2 2 9 7 5 -7 -8 -9 -10 12 14 -13 17 -15 -16 -17 -18 -19 19 20 -22 -23 26 25 -26 -27 27 -29 -30 -31
leaf_value=0.032654221298264174 0.04416644719512252 -0.04927167585774582 0.072613775850258855 0.058336135108905313 -0.049228729802477986 0.11816164146041781 -0.03265541002659475 -0.038024832646367038 -0.055693237929323403 -0.0457853573713628 -0.032093293353102618 -0.044212914949576985 0.049850862075013984 0.09027493034023748 0.155331567585347 0.15212903711052031 0.027219383416896725 -0.02701868975678522 0.056288234567215913 0.056150781007931187 -0.044631464533696617 0.017361018421129273 0.038284344199557799 -0.022806862651900715 -0.055843350758236758 0.076506657818497151 -0.001220106947276204 -0.046634052999302983 -0.057306044771115797 -0.053910932783418665
leaf_weight=26.901537358760837 13.991679109632967 9.4539060052484256 2.4512308835983259 10.881746105849741 10.007429873570796 0.90712668001651842 6.3583744801580897 1.7582732513546933 1.9272753745317448 16.863250922411687 2.2532229647040372 5.0889844819903374 23.235031802207239 1.0743215531110752 1.6244597919285295 1.5595952570438383 2.3704749085009089 13.166986066848038 11.054505132138731 2.6151854246854764 6.2473549731075764 37.714686546474695 2.0284814015030852 20.112223699688915 2.6758172735571852 2.100560910999774 162.27191032096744 7.9728170782327643 10.885768845677374 1.4129143059253682
leaf_count=100 159 53 9 43 60 4 28 14 2 75 14 12 93 4 7 4 12 131 52 13 23 142 8 71 11 8 660 40 30 2
internal_value=0.0023052 0.000858914 -0.00114984 0.0126988 0.00386128 -0.0353166 0.0160137 0.044932 0.026748 0.000201011 0.0285317 -0.006234 -0.000934441 -0.0300661 0.0767436 0.043261 -0.0367878 0.00101487 0.00228626 0.0246148 -0.0148923 0.00064165 -0.00206818 0.0128127 0.0341347 -0.0134152 -0.00609282 -0.00334691 -0.0422914 0.0439028
internal_weight=418.967 404.975 346.234 58.7418 46.1017 10.9146 35.1872 12.64 28.8288 336.78 12.9775 7.54022 323.802 20.308 5.43728 3.81282 19.2337 303.494 290.327 19.917 8.86254 270.41 232.696 49.5365 27.3238 22.2128 183.159 170.245 12.9143 24.6479
internal_count=1884 1725 1474 251 194 64 130 57 102 1421 46 21 1375 91 25 18 87 1284 1153 88 36 1065 923 185 106 79 738 700 38 95
is_linear=0
shrinkage=0.05


Tree=61
num_leaves=31
num_cat=0
split_feature=293 107 107 178 107 188 304 102 239 99 243 90 243 217 260 99 211 269 102 63 246 129 204 25 232 182 218 120 173 176
split_gain=9.48903 3.82204 4.24675 3.53438 3.31215 8.87426 5.54678 5.53878 5.45403 5.71832 6.98526 6.73307 5.3931 5.1187 5.01217 4.88012 4.83906 4.29431 4.76753 6.48019 5.7697 7.38142 6.65757 9.50297 9.65607 16.282 10.3747 7.56075 8.37733 9.01718
threshold=0.0031500000040978198 0.0010500000207684936 0.0013499999768100681 0.0012500000302679839 0.0015499999863095584 0.0018500000005587938 0.0014499999815598132 0.017350000329315666 0.019749999977648262 0.0012500000302679839 0.0014499999815598132 0.0016499999910593035 0.020200000144541267 0.0018500000005587938 0.0011500000255182388 0.13925000280141833 0.016200000420212749 0.042700000107288368 0.0010500000207684936 0.0024500000290572648 0.0035500000230968003 0.0010500000207684936 0.0018500000005587938 0.0015499999863095584 0.0051500000990927228 0.0019500000635161998 0.0014499999815598132 0.0052499999292194852 0.00055000002612359833 0.00335000001359731
decision_type=2 2 2 2 2 2 2 2 2 2 2 2 2 2 2 2 2 2 2 2 2 2 2 2 2 2 2 2 2 2
left_child=3 -2 -3 4 6 8 12 13 9 10 -6 -11 14 -8 17 -7 -15 18 19 20 21 22 23 24 26 -26 -1 28 -24 -30
right_child=1 2 -4 -5 5 15 7 -9 -10 11 -12 -13 -14 16 -16 -17 -18 -19 -20 -21 -22 -23 27 -25 25 -27 -28 -29 29 -31
leaf_value=0.0051798165975963442 0.055628273323604628 -0.081024010653414844 0.052288035530182998 0.05417141523165149 -0.028682552511773325 0.053823234133601662 0.052604322401385809 -0.024849037597503051 0.066157499333780248 -0.03702819197465864 0.084078485790010343 0.062176461723332105 0.071722950418945927 -0.054970319312852178 0.076079622904186017 -0.019639264041080851 0.055339844780052286 0.029855593278709455 -0.010359654671437325 -0.047186882817947112 -0.014948360789789944 -0.023567244062512153 0.041965141647968995 0.030166741477427053 0.073065408572826382 -0.02854781623623074 -0.040207760024607686 -0.021482449547966416 -0.03852597536938622 0.083504851669044533
leaf_weight=25.550318174064159 11.165403939783571 1.1890196390449994 1.200598783791065 3.0795396678149691 3.0248560942709437 7.065955098718403 14.079326130449777 4.3006028868257991 1.7176814302802075 34.126921227201819 2.5156379416584969 1.8006075397133816 2.6376939490437499 2.4750309698283663 2.1465939879417411 3.3242304958403111 1.6616595536470411 11.181655045598744 104.53064415417612 6.2840033993124953 32.209950942546129 16.446639928966761 40.382466800510883 24.174121290445328 8.7854064851999265 7.1513102091848841 24.821827225387096 7.5307209752500048 6.9034709073603135 1.9389999806880949
leaf_count=70 139 4 16 33 20 30 62 30 6 205 9 7 12 8 7 18 7 41 560 28 76 72 144 95 30 12 94 22 22 5
internal_value=0.00219962 0.0433456 -0.014045 0.0008117 0.000399623 -0.0111671 0.00219485 0.0261882 -0.0211485 -0.0247649 0.0225161 -0.0320563 0.000520567 0.0382376 -6.62699e-05 0.0303197 -0.01066 -0.000580453 -0.00169005 0.0027923 0.00439555 0.00820204 0.0117507 0.00333019 -0.00645357 0.0274683 -0.0171858 0.0251751 0.0323131 -0.0117667
internal_weight=415.403 13.555 2.38962 401.848 398.768 53.5759 345.192 22.5166 43.1857 41.468 5.54049 35.9275 322.676 18.216 320.038 10.3902 4.13669 317.892 306.71 202.179 195.895 163.685 147.239 90.483 66.3089 15.9367 50.3721 56.7557 49.2249 8.84247
internal_count=1884 159 20 1725 1692 295 1397 107 247 241 29 212 1290 77 1278 48 15 1271 1230 670 642 566 494 301 206 42 164 193 171 27
is_linear=0
shrinkage=0.05


Tree=62
num_leaves=31
num_cat=0
split_feature=293 107 207 288 125 20 218 247 263 238 160 132 1 54 198 109 306 173 253 54 245 202 232 109 25 169 237 307 253 279
split_gain=9.02776 3.61897 4.09623 3.41583 3.71327 3.31238 3.28345 5.4576 5.11538 4.84115 5.96411 4.42621 5.0405 6.0144 8.55888 5.56021 7.26743 8.39969 6.4922 5.77926 5.53325 5.17681 4.74639 4.64725 4.63775 4.53306 4.37058 4.98466 4.70061 5.49305
threshold=0.0031500000040978198 0.0010500000207684936 0.0023500000825151805 0.0012500000302679839 0.0023500000825151805 0.0084500000812113302 0.13174999505281451 0.0046500000171363362 1.0000000180025095e-35 0.086449999362230315 0.00025000000459840527 0.0017499999958090486 0.0018500000005587938 0.0014499999815598132 0.0017499999958090486 0.0011500000255182388 0.087919201701879515 1.0000000180025095e-35 0.0012500000302679839 0.0011500000255182388 0.0013499999768100681 0.013749999925494196 0.0063499999232590207 0.0077499998733401307 0.0010500000207684936 0.0053499999921768912 0.037499999627470977 0.0078859943896532076 0.006499999901279808 0.0010500000207684936
decision_type=2 2 2 2 2 2 2 2 2 2 2 2 2 2 2 2 2 2 2 2 2 2 2 2 2 2 2 2 2 2
left_child=3 -2 -3 4 6 -5 9 -8 -9 10 11 12 13 14 15 19 -17 20 -19 21 -18 26 24 25 -16 -20 28 -28 29 -1
right_child=1 2 -4 5 -6 -7 7 8 -10 -11 -12 -13 -14 -15 22 16 17 18 23 -21 -22 -23 -24 -25 -26 -27 27 -29 -30 -31
leaf_value=0.014426261231633101 0.055450838523442028 -0.082092048554555083 0.052190562304845048 0.050411219694994541 -0.05403903815607957 -0.070780315884466385 0.065818336864767665 -0.026593901578387466 0.043966744842694333 -0.031094115132260309 0.041693248829703572 -0.046826402441791537 0.052547622939132357 -0.037429387250060647 -0.030633413499456804 -0.056332907322074514 0.055756400960515311 -0.041940200603685092 0.021978181459140891 0.10364069504185645 -0.055120572153805947 0.096299113760954846 0.069284148161056644 0.067316610234682397 0.043379025486837891 -0.04744205899295665 -0.054303609216899189 0.04706919558370997 -0.058982201962950564 -0.0034985840417737046
leaf_weight=54.263034669682384 10.653991080820559 1.1208992153406137 1.1511720940470693 5.4676471054553977 3.1306511964648953 0.62863726913928974 5.0550346113741389 6.1944231800734979 4.3881810009479523 12.346037387847899 8.6791920661926252 5.030617853626608 4.5750054270029059 10.561332732439039 3.5750823169946653 9.3765396047383529 6.8506148308515531 15.182353226467969 5.3002696298062784 1.3864607587456692 1.3463621996343134 1.4263845235109318 6.6176984906196585 2.5380615666508666 5.1882578209042549 4.2269515171647072 1.4081785306334484 8.733013875782488 3.38729896955192 201.28469036705792
leaf_count=239 139 4 16 50 20 4 19 22 17 44 40 44 16 78 20 105 32 114 24 4 6 4 21 8 19 18 4 27 17 709
internal_value=0.00210989 0.0432333 -0.0140562 0.000774796 0.00019729 0.0379142 0.000633869 0.0230798 0.00266477 -0.00030644 0.000746667 -0.000262204 0.000412416 -0.00028368 0.000897647 -0.000871287 -0.0171882 -0.00683288 -0.0201831 0.00181858 0.0375447 0.00129669 0.0373217 0.00719492 0.013185 -0.00882156 0.000793075 0.0329928 -0.000468029 0.00030758
internal_weight=411.074 12.9261 2.27207 398.148 392.052 6.09628 388.921 15.6376 10.5826 373.283 360.937 352.258 347.228 342.653 332.091 316.71 44.8212 35.4446 27.2476 271.889 8.19698 270.503 15.381 12.0653 8.76334 9.52722 269.076 10.1412 258.935 255.548
internal_count=1884 159 20 1725 1671 54 1651 58 39 1593 1549 1509 1465 1449 1371 1311 307 202 164 1004 38 1000 60 50 39 42 996 31 965 948
is_linear=0
shrinkage=0.05


Tree=63
num_leaves=31
num_cat=0
split_feature=293 107 176 178 207 58 205 288 87 217 236 74 215 132 202 202 149 36 246 50 43 120 206 308 47 217 243 25 237 182
split_gain=8.58905 3.42737 3.95971 3.24813 3.12127 4.62957 3.05784 3.1085 3.13245 4.83279 5.9558 5.02372 6.66966 3.82229 4.27761 5.42328 4.54643 4.46893 5.70012 6.79556 5.61314 4.94828 4.21247 3.98723 6.19715 7.79124 5.31704 14.7313 5.47852 5.46971
threshold=0.0031500000040978198 0.0010500000207684936 0.0079499999992549437 0.0012500000302679839 0.38154999911785131 0.0029499999945983295 0.0013499999768100681 1.0000000180025095e-35 0.038150001317262656 0.015650000423192981 0.0013499999768100681 0.0024500000290572648 0.0019500000635161998 0.0017499999958090486 0.0021499999566003685 0.0018500000005587938 0.066150002181530013 0.002549999975599349 1.0000000180025095e-35 0.0023500000825151805 0.0011500000255182388 0.018649999983608726 0.0077499998733401307 0.0056913986336439857 0.0010500000207684936 0.0043500000610947618 0.0029499999945983295 0.0010500000207684936 0.0016499999910593035 0.0017499999958090486
decision_type=2 2 2 2 2 2 2 2 2 2 2 2 2 2 2 2 2 2 2 2 2 2 2 2 2 2 2 2 2 2
left_child=3 -2 -3 4 5 6 7 8 9 10 11 12 13 14 15 16 23 18 19 -16 -20 -22 -19 24 26 -26 -1 28 -28 -29
right_child=1 2 -4 -5 -6 -7 -8 -9 -10 -11 -12 -13 -14 -15 17 -17 -18 22 20 -21 21 -23 -24 -25 25 -27 27 29 -30 -31
leaf_value=-0.0024879968175568856 0.055278177589369808 -0.083302093466460753 0.052102189052880568 0.053914954467297584 0.071239184222683424 -0.05533273830174127 0.050522434448447021 0.044066145783937666 0.064040377984070002 -0.046353399368336386 0.044669213098719317 -0.041363822122584472 0.050049053154408218 -0.037995374004019603 -0.023309763776753645 -0.057338774985434673 0.040764952286609292 -0.052617021045545553 0.060381909453498528 0.059814214396121806 -0.03614610710416484 0.091025708285312132 0.066571653134583353 0.035673208811462333 -0.026712852485927637 0.06327104966612368 -0.017854824710910187 0.021460841314963237 0.0903281270389652 -0.03493413247870536
leaf_weight=226.06175426580012 10.16524827480316 1.0558969341218465 1.1049420610070226 2.8509546704590312 1.5467557758092869 3.7344355024397364 3.0439654514193526 3.9984544441103926 1.8852048516273487 5.6778145246207705 7.3563102111220351 7.4661558568477622 6.5545628294348708 6.7939771078526965 9.2874714806675929 4.3594835214316836 6.3281493186950675 3.7138466238975516 12.318981721997263 3.3440303504467002 3.2528636381030074 1.000084728002548 0.92620006203651417 6.8410464003682128 38.157181426882744 2.5674242116510859 1.3856810852885262 8.9361327886581439 7.5279576405882835 8.2865784764289838
leaf_count=995 139 4 16 33 6 56 14 28 9 19 29 30 30 43 35 22 27 26 46 12 20 3 3 28 125 9 4 24 22 27
internal_value=0.0020204 0.0431222 -0.0140633 0.000738466 0.000352069 7.1508e-05 0.000606044 0.000210385 -0.000251041 -0.00057156 0.000126331 -0.000771129 7.62832e-05 -0.000856671 -0.000123812 -0.00196393 -0.00117526 0.0167559 0.0239982 -0.00130374 0.043284 -0.00624154 -0.0288258 -0.00206064 -0.00294189 -0.0210399 -1.94419e-05 0.0213319 0.0735104 -0.00567318
internal_weight=407.53 12.3261 2.16084 395.203 392.353 390.806 387.071 384.027 380.029 378.144 372.466 365.11 357.643 351.089 344.295 310.451 306.092 33.8435 29.2034 12.6315 16.5719 4.25295 4.64005 299.764 292.923 40.7246 252.198 26.1363 8.91364 17.2227
internal_count=1884 159 20 1725 1692 1686 1630 1616 1588 1579 1560 1531 1501 1471 1428 1283 1261 145 116 47 69 23 29 1234 1206 134 1072 77 26 51
is_linear=0
shrinkage=0.05


Tree=64
num_leaves=31
num_cat=0
split_feature=293 107 239 218 232 116 228 279 271 256 222 131 123 243 307 25 22 176 132 218 171 149 222 292 211 247 218 216 305 99
split_gain=8.16962 3.24657 3.83414 3.21056 5.9958 7.72888 8.16861 6.09953 6.01164 5.7371 7.55198 6.47032 4.9761 4.67755 5.4132 5.19844 3.59204 3.52901 4.19102 5.90211 5.6911 4.59927 7.58104 4.69317 4.44675 4.50246 6.96567 7.89261 6.29498 8.25712
threshold=0.0031500000040978198 0.0010500000207684936 0.0014499999815598132 1.0000000180025095e-35 0.002549999975599349 0.0010500000207684936 0.0011500000255182388 0.0010500000207684936 0.0010500000207684936 0.0019500000635161998 0.0021499999566003685 0.0021499999566003685 0.0010500000207684936 1.0000000180025095e-35 0.0032973400084301834 1.0000000180025095e-35 0.0011500000255182388 0.034350000321865089 0.0011500000255182388 0.14914999902248385 1.0000000180025095e-35 0.018550000153481964 1.0000000180025095e-35 0.4731499999761582 0.015150000341236593 0.0068500000052154073 0.047399999573826797 0.0045499999541789302 0.0040500001050531873 0.0062500000931322583
decision_type=2 2 2 2 2 2 2 2 2 2 2 2 2 2 2 2 2 2 2 2 2 2 2 2 2 2 2 2 2 2
left_child=3 -2 -3 4 5 7 -7 13 -9 10 11 -5 -6 14 15 -1 17 18 21 20 -20 24 -23 -24 25 26 -11 -28 29 -27
right_child=1 2 -4 9 12 6 -8 8 -10 16 -12 -13 -14 -15 -16 -17 -18 -19 19 -21 -22 22 23 -25 -26 28 27 -29 -30 -31
leaf_value=0.015109502882762202 0.055110029875334289 -0.084624587211874519 0.052021146815038624 -0.028314308024820895 0.05531428192150243 -0.048395978065416935 0.10669510748728728 -0.041749181094074009 0.040934466627789469 0.00015612588485905475 0.088278915467492725 0.077805670345921452 -0.036816559150798046 0.079716467308572736 0.051630485079148296 -0.064300970497551999 -0.037814257971341685 0.050247406419519559 -0.044702079507127734 0.060573368266509275 0.065464226472948528 0.042437051754897426 -0.059734857195615713 0.052813053634412112 0.048953223834565268 0.015930802212899341 -0.033507852932098604 0.064783697180152477 0.037089809870174913 -0.0215670201791738
leaf_weight=9.8897777646780067 9.6982442848384363 0.99417258054017965 1.0614374503493307 35.174295661970973 10.60051644220948 9.4997007157653535 0.93233833461999971 7.3980129323899728 3.1277518980205059 134.87454777769744 1.5619532167911518 1.4975413009524334 1.7007569223642338 3.7555431127548209 7.8085447251796714 2.6034252122044554 5.7889995481818906 3.7354115694761267 12.791097788140176 1.8418387435376633 1.2905807495117176 15.634038224816324 3.4768435824662438 1.2626324146986005 4.7314529232680789 41.224686499685049 28.114877695217732 2.2023236453533164 16.647489853203297 22.800948912277818
leaf_count=27 139 4 16 159 43 60 4 23 24 574 5 7 14 10 28 18 27 18 94 9 5 79 23 6 28 162 82 8 63 125
internal_value=0.00193815 0.043012 -0.014066 0.000706477 0.0116408 0.00318704 -0.0345351 0.014566 -0.0171796 -0.00116627 -0.0193947 -0.0239808 0.0425764 0.0284556 0.018973 -0.00143863 0.00118494 0.00196176 0.00133308 -0.0235963 -0.0346054 0.00279805 0.0256439 -0.0297512 0.000940671 1.67121e-05 -0.00471172 -0.0263677 0.00969897 0.002577
internal_weight=403.722 11.7539 2.05561 391.968 57.3164 45.0151 10.432 34.5831 10.5258 334.652 38.2338 36.6718 12.3013 24.0573 20.3017 12.4932 296.418 290.629 286.893 15.9235 14.0817 270.97 20.3735 4.73948 250.596 245.865 165.192 30.3172 80.6731 64.0256
internal_count=1884 159 20 1725 251 194 64 130 47 1474 171 166 57 83 73 45 1303 1276 1258 108 99 1150 108 29 1042 1014 664 90 350 287
is_linear=0
shrinkage=0.05


Tree=65
num_leaves=31
num_cat=0
split_feature=293 106 215 24 267 308 308 295 176 207 309 293 172 90 108 149 93 202 217 203 153 306 256 238 247 269 195 256 123 182
split_gain=7.77113 3.04893 7.415 7.09177 4.81764 5.22732 4.88722 4.49494 4.40712 4.32698 6.07568 4.29976 6.42947 4.25516 4.21632 6.91617 6.5326 6.30716 6.23843 5.87586 5.45918 9.01086 8.99433 6.28835 8.34168 6.53603 7.71191 7.5438 8.5656 8.86636
threshold=0.0031500000040978198 0.0017499999958090486 0.0013499999768100681 0.0016499999910593035 0.041550001129508025 0.0083297132514417189 0.0011997050605714323 0.0016499999910593035 1.0000000180025095e-35 0.003249999950639904 0.96922358870506298 0.0015499999863095584 0.0061500000301748523 0.0016499999910593035 1.0000000180025095e-35 0.0094499997794628161 0.0076500000432133683 0.0021499999566003685 0.0043500000610947618 0.0014499999815598132 0.0047500000800937423 0.0015999999595806005 0.048350000753998763 0.0012500000302679839 0.0224999999627471 0.0050500000361353168 0.003249999950639904 0.029150000773370269 0.0056499999482184657 0.0011500000255182388
decision_type=2 2 2 2 2 2 2 2 2 2 2 2 2 2 2 2 2 2 2 2 2 2 2 2 2 2 2 2 2 2
left_child=1 2 4 7 5 6 13 9 -8 -3 -11 12 -10 14 15 17 -17 18 20 -16 22 -22 -1 24 25 26 27 28 29 -23
right_child=-2 3 -4 -5 -6 -7 8 -9 11 10 -12 -13 -14 -15 19 16 -18 -19 -20 -21 21 23 -24 -25 -26 -27 -28 -29 -30 -31
leaf_value=0.00039804336648156655 0.042902114500440514 -0.038594992823562588 0.055052625228182862 0.047653091086632071 0.037915071651504755 0.043852218000302361 -0.043171860364832643 0.034267927973502636 0.044427893192977005 -0.013817826236565698 0.070662499029755174 -0.039897836595119113 -0.04959764314289581 0.091273545022644148 -0.049614818108293074 0.046199271904303479 -0.054692656082698 0.027936344135753268 0.090929524297373054 0.035218559659984265 0.27405377756193444 -0.012883768469737718 0.074114188954942192 -0.030788565562461796 0.097668530074547608 0.046554387054682969 -0.048903425888757596 -0.048833861139617782 -0.054727582426162963 0.084674365937403157
leaf_weight=155.65590019337833 11.208211902528999 17.804714750498533 6.6019078344106665 4.9912696778774253 8.8411961775273067 6.7970416471362105 12.158395310863854 4.3627822697162619 6.5569942574948055 32.532695604488254 2.2772290408611289 4.8667178917676202 2.5156683027744293 1.3124784752726544 8.4445246830582601 13.856247231364248 1.8145021535456169 19.041111595928669 1.7918918579816807 2.6918175518512717 0.26964288949966331 3.8060692604631239 4.2509408146142951 34.229674007743597 2.0320972129702559 4.9034248813986769 10.901266902685164 4.7371381632983676 2.6349904760718337 6.0009076185524464
leaf_count=527 159 110 33 25 43 33 67 19 34 152 10 17 7 4 87 69 16 69 5 11 1 21 21 163 6 22 91 15 20 27
internal_value=0.00185612 0.000672492 0.00260113 -0.0094957 0.00151938 0.000485607 -0.000482509 -0.014502 -0.0211715 -0.018546 -0.00829121 -0.0019821 0.0183565 0.0014571 0.00103163 0.00229386 0.0345171 0.000276069 -0.00200183 -0.0291093 -0.00272767 -0.0144256 0.0023577 -0.015549 -0.000651541 -0.00670894 -0.0160098 0.0048633 0.0253079 0.0468122
internal_weight=399.889 388.681 326.713 61.9687 320.111 311.269 304.472 56.9774 26.0978 52.6146 34.8099 13.9394 9.07266 278.375 277.062 265.926 15.6707 250.255 231.214 11.1363 229.422 69.5152 159.907 69.2456 35.0159 32.9838 28.0804 17.1791 12.442 9.80698
internal_count=1884 1725 1409 316 1376 1333 1300 291 125 272 162 58 41 1175 1171 1073 85 988 919 98 914 366 548 365 202 196 174 83 68 48
is_linear=0
shrinkage=0.05


Tree=66
num_leaves=31
num_cat=0
split_feature=293 107 107 120 120 223 194 288 309 307 292 256 144 25 307 306 237 237 243 87 50 279 243 256 234 209 195 42 153 102
split_gain=7.26347 3.22773 3.67795 3.0297 3.47351 3.26389 4.0804 3.68785 3.36852 7.37785 5.2495 9.78193 6.86304 6.74836 7.97566 6.2574 7.21358 8.78382 8.20584 8.79967 4.9545 4.68687 12.6734 4.68638 4.68857 6.35566 4.86733 4.65538 4.09724 4.03217
threshold=0.0031500000040978198 0.0010500000207684936 0.0013499999768100681 0.26254999637603765 0.21959999948740008 0.00335000001359731 1.0000000180025095e-35 0.0017499999958090486 0.26008526980876928 0.25178439170122152 0.0027499999850988392 0.0046500000171363362 0.00335000001359731 0.0022500000195577745 0.0047950597945600757 0.0024492300581187014 0.0018500000005587938 0.0027499999850988392 0.003249999950639904 0.0011500000255182388 0.0012500000302679839 0.0010500000207684936 0.0010500000207684936 0.0021499999566003685 0.0036500000860542063 0.0020500000100582842 0.40900000929832464 0.0016499999910593035 0.19025000184774402 0.0016499999910593035
decision_type=2 2 2 2 2 2 2 2 2 2 2 2 2 2 2 2 2 2 2 2 2 2 2 2 2 2 2 2 2 2
left_child=3 -2 -3 4 5 6 7 8 9 -1 11 12 13 14 15 -10 21 -18 19 -19 -15 22 -17 29 25 26 -25 28 -27 -12
right_child=1 2 -4 -5 -6 -7 -8 -9 10 -11 23 -13 -14 20 -16 16 17 18 -20 -21 -22 -23 -24 24 -26 27 -28 -29 -30 -31
leaf_value=-0.036892580003086844 0.054821102653254086 -0.085791682909123382 0.051861842135510178 -0.036942226681858752 0.079523194348418522 0.045387757348419738 -0.070116719898270147 0.053577445838243157 0.063720372655577714 0.049329776765271886 -0.038329426175716587 0.061988671958164335 -0.04949862995122925 0.068206068659860883 0.058473402768279018 -0.046137434449696833 0.081498181101631414 -0.041732046825301863 0.10868462194644349 0.074012797025425403 -0.037258373441119756 -0.057573346774706859 0.088814830295057295 -0.0011818145413862982 -0.029358105738021112 0.060690088800679234 0.066789205638526847 -0.053412196532212367 -0.0063530433955775178 0.041873340061557664
leaf_weight=13.892626134678723 8.9177338406443578 0.96157126128673442 0.97962423041462898 5.2896862328052512 1.4088915288448323 4.0727807767689219 2.0411381870508185 3.2772128470242015 3.0460020750761023 3.0204220265150061 13.191216282546518 9.1793023869395238 5.0156923420727244 7.3061131685972196 5.7341505810618392 5.8402009531855601 3.6313062161207226 9.1624986752867681 1.3697108775377262 2.0006780698895446 1.3138541951775549 9.3170262798666936 2.4777837097644806 242.57256215065718 13.007185678929089 9.2985324375331384 2.6627156864851704 1.3541284054517735 3.0187175925821057 1.7783829234540451
leaf_count=29 139 4 16 43 4 27 12 35 11 12 61 41 52 26 21 36 15 48 4 7 10 29 6 1045 53 41 11 6 22 18
internal_value=0.00177411 0.0421027 -0.0163248 0.000637468 0.0011606 0.000868972 0.000384831 0.000771182 0.000302434 -0.0214945 0.00134892 0.014133 0.00631867 0.0117868 0.00361923 -0.00491762 -0.0111033 0.0130237 -0.00681627 -0.0209881 0.0521312 -0.033218 -0.00593749 -0.00156517 -6.57477e-05 0.00140587 -0.000443799 0.0345849 0.0442591 -0.0288014
internal_weight=396.139 10.8589 1.9412 385.281 379.991 378.582 374.509 372.468 369.191 16.913 352.278 65.3943 56.215 51.1993 42.5794 36.8452 33.7992 16.1642 12.5329 11.1632 8.61997 17.635 8.31798 286.883 271.914 258.907 245.235 13.6714 12.3173 14.9696
internal_count=1884 159 20 1725 1682 1678 1651 1639 1604 41 1563 306 265 213 177 156 145 74 59 55 36 71 42 1257 1178 1125 1056 69 63 79
is_linear=0
shrinkage=0.05


Tree=67
num_leaves=31
num_cat=0
split_feature=205 213 243 123 288 219 292 210 174 74 215 243 243 218 98 209 209 149 222 106 2 54 243 237 25 243 243 211 98 47
split_gain=5.88854 4.34273 4.22137 3.34294 5.28505 4.55768 4.2904 3.51758 4.14998 4.95985 4.98833 3.85941 5.49424 6.8768 4.81861 4.05703 9.85247 3.83077 5.62492 4.37738 6.91701 5.2158 4.37878 7.90517 8.78852 4.70857 7.58273 4.78137 6.02708 6.20304
threshold=0.0013499999768100681 0.20450000464916232 0.020200000144541267 0.051300000399351127 1.0000000180025095e-35 0.023700000718235973 0.53370001912117015 0.0030999999726191167 0.0012500000302679839 0.0024500000290572648 0.0019500000635161998 0.0086500002071261423 0.0057500000111758718 0.0031500000040978198 0.0011500000255182388 0.0022500000195577745 0.011700000148266556 0.063499998301267638 1.0000000180025095e-35 0.0010500000207684936 0.0019500000635161998 0.0014499999815598132 0.0024500000290572648 0.0018500000005587938 0.0015499999863095584 0.0019500000635161998 0.0018500000005587938 0.0018500000005587938 0.0043500000610947618 0.0017499999958090486
decision_type=2 2 2 2 2 2 2 2 2 2 2 2 2 2 2 2 2 2 2 2 2 2 2 2 2 2 2 2 2 2
left_child=1 2 3 4 6 -5 7 8 9 10 11 12 15 -14 -15 17 -17 19 -19 22 -21 -22 25 24 -24 26 27 28 29 -1
right_child=-2 -3 -4 5 -6 -7 -8 -9 -10 -11 -12 -13 13 14 -16 16 -18 18 -20 20 21 -23 23 -25 -26 -27 -28 -29 -30 -31
leaf_value=-0.00052805170930524505 0.05029969607227474 -0.08595805452799464 0.047648433788012028 -0.041535144822585378 0.053196504663449634 0.037772858724681613 0.044116521133275272 -0.046595296690524778 0.042954730601264007 -0.047414896283000676 0.046366234045913605 -0.027520713128181291 -0.054623705429457908 0.080544431296652924 -0.020962543934124549 0.056085688960914197 -0.030801822414657294 0.045168510134053007 -0.069741272303470284 -0.021000433317568186 0.055239771732806343 -0.036962481716765382 -0.033904386990663532 0.059188531935488557 0.072838799847209215 -0.038331252434927521 0.080817286711822728 -0.017876645682833769 0.065318111762742631 0.059369862057364636
leaf_weight=160.176354970783 6.1346882134675971 1.4328798204660405 4.8403935208916655 9.2079744525253755 4.8757007867097846 2.2552349828183642 5.6262230183929196 3.9861095380038014 5.7005368992686263 5.4417406376451245 5.8768512085080138 12.360953971743582 1.5868246033787707 5.8390220366418362 1.4618589878082273 9.3634142931550723 5.0074939634650937 8.1293617710471135 1.225533366203307 52.04784694686532 5.5646393187344065 2.1174976825714111 7.4235497862100619 8.5850367844104749 2.6049545630812645 8.2583806216716749 2.8741635754704467 34.672731481492519 3.73523025214672 4.4422344192862502
leaf_count=732 76 7 37 95 62 11 25 14 36 26 39 31 2 19 9 43 16 32 10 266 26 16 11 35 8 19 8 142 16 15
internal_value=0.00169704 0.00092604 0.00124916 0.000658828 0.00148493 -0.0259323 0.000792475 0.000112523 0.000637726 -5.38811e-05 0.000696733 -9.85589e-05 0.000944035 0.0397153 0.0602196 -0.000145646 0.02581 -0.00138135 0.0301148 -0.00238867 -0.0144635 0.0298252 0.000709766 0.0239711 -0.00617731 -0.00131198 0.00017281 -0.000968841 0.00251335 0.00108829
internal_weight=392.855 386.721 385.288 380.447 368.984 11.4632 364.109 358.482 354.496 348.796 343.354 337.477 325.116 8.88771 7.30088 316.228 14.3709 301.858 9.3549 292.503 59.73 7.68214 232.773 18.6135 10.0285 214.159 205.901 203.027 168.354 164.619
internal_count=1884 1808 1801 1764 1658 106 1596 1571 1557 1521 1495 1456 1425 30 28 1395 59 1336 42 1294 308 42 986 54 19 932 913 905 763 747
is_linear=0
shrinkage=0.05


Tree=68
num_leaves=31
num_cat=0
split_feature=293 213 107 271 125 292 306 129 123 83 268 25 243 301 209 269 218 306 306 195 163 129 305 1 50 6 263 63 253 247
split_gain=6.53138 3.49865 2.87418 5.23916 4.68726 4.62266 8.92477 4.54709 4.44514 4.10643 4.09115 3.95293 3.88345 3.60429 3.56392 4.76054 4.76935 6.693 6.58725 6.3081 6.15494 5.26326 4.63301 4.04608 5.07825 5.15822 5.20579 5.26834 4.95007 6.93664
threshold=0.0031500000040978198 0.44170001149177557 0.0015499999863095584 0.015300000086426737 0.003249999950639904 0.013550000265240671 0.15932766348123553 0.0087500000372529047 1.0000000180025095e-35 0.0021499999566003685 1.0000000180025095e-35 0.0011500000255182388 0.020200000144541267 0.0001499999962106813 0.011700000148266556 0.042700000107288368 1.0000000180025095e-35 0.012880790513008835 1.0000000180025095e-35 0.0020500000100582842 0.0013499999768100681 0.0012500000302679839 0.0013499999768100681 0.0014499999815598132 0.010250000283122064 0.010850000195205213 0.0023500000825151805 0.0063000000081956395 0.0063000000081956395 0.41320000588893896
decision_type=2 2 2 2 2 2 2 2 2 2 2 2 2 2 2 2 2 2 2 2 2 2 2 2 2 2 2 2 2 2
left_child=2 -2 3 10 -5 7 -7 9 13 -4 12 -10 14 -8 15 16 18 -18 -1 21 22 -20 -21 24 25 28 27 -27 -19 -30
right_child=1 -3 5 4 -6 6 8 -9 11 -11 -12 -13 -14 -15 -16 -17 17 23 19 20 -22 -23 -24 -25 -26 26 -28 -29 29 -31
leaf_value=-0.023827235898917068 0.046271961810641853 -0.1403707464109388 -0.049170548376267595 0.06013922006982813 -0.033709996217986815 0.052417745036883602 0.044387998265643561 0.039171602523165532 0.031603042378902262 0.052778221350062472 0.069600790599274306 -0.032610526126151354 0.06030469077777012 -0.051555625971484366 -0.038719744844308041 0.03547631612515139 -0.047750970324034941 0.0030563584824347561 0.049670687608103295 -0.052605022250011971 0.059953146424973729 -0.013633541565096802 0.057533740251798852 0.052895109273683183 -0.042861506142097827 -0.050120968125563693 0.073917267453879873 0.039925110726304253 -0.042217768313130448 0.061728955538327496
leaf_weight=8.4213177859783155 9.7626588568091357 0.25771149620413858 13.575313143432142 6.6678229048848134 1.6620873454958198 6.5538104753941289 4.8197498247027424 1.9693554416298855 2.7729723192751434 1.0652416720986355 2.1743671484291545 17.660244264639914 2.7170038148760787 1.2283505629748104 5.753855023533105 9.696748308837412 7.9672811888158312 212.20052377320826 19.927920192480091 5.6159943304955942 2.3562408499419689 3.9311608597636214 1.1504152156412599 3.409407675266265 7.3589162938296786 11.826275434345005 1.1296396814286698 1.8830010388046492 11.764022145420311 1.858533889055251
leaf_count=15 155 4 93 38 9 33 23 10 13 4 17 121 14 4 25 38 46 843 78 34 12 25 5 13 55 92 6 10 43 6
internal_value=0.00162749 0.0414717 0.000574376 0.0022643 0.0414133 -0.0106409 0.000177724 -0.032158 -0.0127511 -0.0417528 0.00124885 -0.0238962 0.000782899 0.0249021 0.00027153 0.000994081 -0.000117504 -0.00263283 0.0156414 0.0257191 -0.00964388 0.0392403 -0.0338794 -0.00120313 -0.00194679 -0.000695706 -0.0292518 -0.0377529 0.00118073 -0.0280363
internal_weight=389.138 10.0204 379.118 329.473 8.32991 49.645 33.0351 16.6099 26.4813 14.6406 321.143 20.4332 318.968 6.0481 316.251 310.497 300.801 259.398 41.403 32.9817 9.12265 23.8591 6.76641 251.43 248.021 240.662 14.8389 13.7093 225.823 13.6226
internal_count=1884 159 1725 1424 47 301 194 107 161 97 1377 134 1360 27 1346 1321 1283 1114 169 154 51 103 39 1068 1055 1000 108 102 892 49
is_linear=0
shrinkage=0.05


Tree=69
num_leaves=31
num_cat=0
split_feature=293 107 207 39 223 194 184 107 188 304 144 282 239 90 260 195 131 243 237 195 109 307 188 25 43 306 153 116 207 295
split_gain=6.09555 3.21762 3.31173 2.79718 5.1187 3.70069 3.20035 3.31325 6.82745 6.04204 6.85604 4.95572 4.73837 4.97386 4.37411 4.07979 4.00874 3.93315 3.58845 9.83101 6.80014 6.46797 6.39416 6.36452 9.33086 7.89888 8.44564 6.9198 6.6022 6.05203
threshold=0.0031500000040978198 0.0010500000207684936 0.0023500000825151805 0.003249999950639904 0.0024500000290572648 1.0000000180025095e-35 0.0014000000082887711 0.0015499999863095584 0.0018500000005587938 0.0014499999815598132 0.023650000803172592 1.0000000180025095e-35 0.019749999977648262 0.0016499999910593035 0.0011500000255182388 0.0027499999850988392 0.002650000038556755 0.020200000144541267 0.0074499999172985562 0.0053499999921768912 0.0011500000255182388 0.13092235475778582 0.0020500000100582842 0.0020500000100582842 1.0000000180025095e-35 0.15257501602172854 0.0067499999422580012 0.0021499999566003685 0.002650000038556755 0.0016499999910593035
decision_type=2 2 2 2 2 2 2 2 2 2 2 2 2 2 2 2 2 2 2 2 2 2 2 2 2 2 2 2 2 2
left_child=3 -2 -3 4 5 6 7 9 12 14 -11 -10 13 16 17 -12 -9 18 19 20 21 23 -20 25 -25 26 28 -28 -1 -21
right_child=1 2 -4 -5 -6 -7 -8 8 11 10 15 -13 -14 -15 -16 -17 -18 -19 22 29 -22 -23 -24 24 -26 -27 27 -29 -30 -31
leaf_value=-0.0097198692421345215 0.054379889021085585 -0.083818350944524056 0.051624601730205992 -0.055037887535453411 0.057208199038759636 -0.069178816829073786 0.06132820046936116 -0.034303881795957378 0.047239072601010026 0.04936704423070179 0.06889808563591987 -0.053447172476034588 0.06315974885184944 0.057154621495139127 0.069859506861084705 -0.034277687092345181 0.054365458173217668 0.068317549308533232 0.0037547026361399883 -0.030121720540691007 -0.04401662120135702 0.070187368722358034 0.06569739183378541 0.043935460488644024 -0.015627574012834235 -0.049541178014396309 0.050224002697538628 -0.055671179915802498 0.055952811274648753 0.06878797352366213
leaf_weight=70.403316061943769 7.9183031618595106 0.95061104744672753 0.85927044972777367 2.2499490994960061 3.9900624714791766 1.9081975985318411 2.1590311974287024 30.622840350493792 6.6149765867739898 13.230731546878816 1.1860510446131218 1.4990453291684387 1.5526631847023953 1.7001160643994797 2.2424314692616454 4.9857621788978577 1.3300419896841038 2.0780474022030822 115.43304557725787 40.438822716474533 7.8060940243303767 3.5928002744913092 4.3222317174077025 18.54205168411136 10.187922570854424 8.6634838879108411 11.944202058017252 1.7715040557086457 4.0469928160309783 1.6080464273691166
leaf_count=214 139 4 16 39 25 11 13 195 30 64 5 8 6 7 8 38 6 11 441 249 71 18 15 84 56 25 46 21 13 6
internal_value=0.0015557 0.0406322 -0.0195146 0.000544979 0.000879485 0.000271826 0.000631987 0.000273748 -0.0127095 0.00201781 0.0290672 0.0286375 -0.022239 -0.0261791 0.000286169 -0.0144502 -0.030613 -0.000232426 -0.00070923 -0.00519128 0.00130117 0.00404023 0.00599035 0.00214747 0.0228138 -0.00398438 0.00049218 0.0365467 -0.00615001 -0.026339
internal_weight=385.839 9.72818 1.80988 376.11 373.861 369.87 367.962 365.803 43.3197 322.484 19.4025 8.11402 35.2057 33.653 303.081 6.17181 31.9529 300.839 298.761 179.005 136.958 129.152 119.755 125.559 28.73 96.8295 88.166 13.7157 74.4503 42.0469
internal_count=1884 159 20 1725 1686 1661 1650 1637 252 1385 107 38 214 208 1278 43 201 1270 1259 803 548 477 456 459 140 319 294 67 227 255
is_linear=0
shrinkage=0.05


Tree=70
num_leaves=31
num_cat=0
split_feature=293 121 94 121 36 6 288 239 160 6 120 247 267 53 211 210 306 157 267 238 207 232 25 153 149 43 295 295 206 129
split_gain=5.7955 3.17576 2.79806 3.64953 3.28745 5.57265 4.2864 3.81559 4.13563 4.36483 5.09417 4.36153 4.07603 3.49275 4.60953 4.57814 4.54138 4.28502 4.11338 6.2376 5.13195 4.72554 5.71781 6.01942 5.65488 5.64019 5.21864 5.29174 4.81947 4.46945
threshold=0.0031500000040978198 0.00335000001359731 0.0020500000100582842 0.0050000001210719356 1.0000000180025095e-35 0.032199999317526824 1.0000000180025095e-35 0.019749999977648262 1.0000000180025095e-35 0.0010500000207684936 0.0042499999981373557 0.0022500000195577745 0.022600000724196437 0.0076999999582767495 0.0093999998643994349 0.0028499999316409235 0.79185500741004955 1.0000000180025095e-35 0.047250000759959228 0.086449999362230315 0.086050000041723265 0.037900000810623176 0.0024500000290572648 0.0067499999422580012 0.018550000153481964 0.0022500000195577745 0.0024500000290572648 0.0022500000195577745 0.0029499999945983295 0.10285000130534173
decision_type=2 2 2 2 2 2 2 2 2 2 2 2 2 2 2 2 2 2 2 2 2 2 2 2 2 2 2 2 2 2
left_child=2 -2 3 4 5 6 13 8 11 10 -10 -6 -11 14 15 16 17 18 19 21 -20 24 -23 -24 26 -26 27 29 -25 -1
right_child=1 -3 -4 -5 7 -7 -8 -9 9 12 -12 -13 -14 -15 -16 -17 -18 -19 20 -21 -22 22 23 28 25 -27 -28 -29 -30 -31
leaf_value=0.0028778512589067865 0.045651439736628843 -0.12653793921406065 -0.055911049508099497 0.03763849325452779 -0.0093861163983980297 -0.048319128020861593 0.05334689955610207 0.061269318532992806 0.046710795281526614 0.057498717127652324 -0.063590525081552191 -0.047991904256462575 -0.032808934510697392 -0.051389570741725066 0.045894355305773168 -0.051744580497927711 0.064923674732850045 0.060302029489559206 0.056784765002564165 -0.046482807907775432 -0.029927037725470271 -0.036824068491887296 0.075490579055364562 -0.053029838918238273 0.071541601146051279 -0.018224718980579219 0.052912791958949205 -0.045403924155406936 0.066270410066391963 -0.061126977793696274
leaf_weight=231.18970210850239 9.0007061846554244 0.27598909661173898 2.183805698528885 6.621757708489894 17.552352396771315 5.4243489634245625 4.1381009072065345 1.6736183017492283 1.5641870349645595 5.1260180342942476 3.164471011608839 12.544803556054829 1.6522079035639761 3.019840706139802 6.0402888953685752 3.9427495617419472 2.8843861520290366 3.1054767072200766 6.6707992106676084 6.9787128902971736 2.2928324453532696 15.97474291175604 2.7224313393235198 3.0462437309324741 5.7211528532206994 2.5209242664277554 4.9278267920017234 6.0072373747825614 1.172357454895973 2.7600864656269541
leaf_count=915 155 4 31 38 153 41 51 7 6 24 18 118 13 20 37 12 10 15 25 23 7 49 9 18 18 15 21 13 4 14
internal_value=0.00149145 0.0405287 0.00051959 0.000852259 0.000182722 0.00192914 0.00279411 -0.0127523 -0.01573 0.00976514 -0.0271041 -0.0254774 0.035486 0.00212141 0.00264614 0.0017809 0.00248914 0.00187887 0.00125749 0.000201354 0.0346045 0.00138159 -0.0203609 0.0175289 0.00334996 0.0440856 0.00197892 0.000932924 -0.0198761 0.00212274
internal_weight=381.9 9.2767 372.623 370.44 363.818 320.54 315.116 43.2777 41.604 11.5069 4.72866 30.0972 6.77823 310.978 307.958 301.918 297.975 295.091 291.985 283.021 8.96363 276.043 22.9158 6.94103 253.127 8.24208 244.885 239.957 4.2186 233.95
internal_count=1884 159 1725 1694 1656 1317 1276 339 332 61 24 271 37 1225 1205 1168 1156 1146 1131 1099 32 1076 80 31 996 33 963 942 22 929
is_linear=0
shrinkage=0.05


Tree=71
num_leaves=31
num_cat=0
split_feature=293 107 176 94 121 144 308 144 179 6 90 105 109 195 144 238 106 144 157 47 47 243 25 279 173 213 279 247 99 149
split_gain=5.40386 3.1583 3.06209 2.64414 3.30911 3.58513 6.71659 6.37335 5.36631 6.57208 5.16398 4.83746 5.17604 6.93468 6.04081 5.53543 4.80672 5.54654 4.75607 5.10791 7.65941 7.02719 12.969 9.03447 5.84363 5.7197 6.69927 4.86471 5.16261 8.89246
threshold=0.0031500000040978198 0.0010500000207684936 0.0079499999992549437 0.0020500000100582842 0.0050000001210719356 0.01415000017732382 0.016879879869520668 0.013950000051409008 1.0000000180025095e-35 0.013650000095367433 1.0000000180025095e-35 0.052949998527765281 0.0011500000255182388 0.021249999292194847 0.0015499999863095584 0.086449999362230315 0.0016499999910593035 0.0015499999863095584 1.0000000180025095e-35 0.0010500000207684936 0.0013499999768100681 0.0029499999945983295 0.0010500000207684936 0.0027499999850988392 0.0001499999962106813 0.0014499999815598132 0.0012500000302679839 0.059500001370906837 0.0081500001251697558 0.0063499999232590207
decision_type=2 2 2 2 2 2 2 2 2 2 2 2 2 2 2 2 2 2 2 2 2 2 2 2 2 2 2 2 2 2
left_child=3 -2 -3 4 5 7 10 8 9 11 -7 12 15 -14 -15 18 -10 -18 19 21 -21 27 -23 -24 -25 26 -22 28 29 -1
right_child=1 2 -4 -5 -6 6 -8 -9 16 -11 -12 -13 13 14 -16 -17 17 -19 -20 20 25 22 23 24 -26 -27 -28 -29 -30 -31
leaf_value=0.0017895274411337332 0.054106205261810217 -0.082078484987625017 0.051493373311564263 -0.055607345404743797 0.035917773736284284 -0.017643099126966783 0.065393197005680956 0.10506533031755104 0.041632049432171553 -0.04574986709088931 0.074568528631083514 0.092839005855119561 -0.037197716960201389 0.049963809105445095 -0.025385208778265264 -0.050527396879063761 0.050322939492204156 -0.024025441726874094 0.059059945862448365 -0.045204442012247034 0.0595148389394064 0.081486228091380439 0.079494924386159349 -0.051014609769015243 0.044588342195517536 0.057184943950655945 -0.016607108901177153 0.036761756553323185 -0.030582523878143128 0.078709843746101904
leaf_weight=138.51856395602226 7.2825283929705602 0.93929228559136368 0.78989339992403984 2.0883585382252923 6.5927978828549376 53.527770248241723 2.7246950417757025 1.5027113929390896 15.244496971368791 7.7145046088844529 1.562608279287814 1.4281065240502346 19.022547226399187 5.4516047388315183 5.1945591010153294 4.7248604763299218 3.6372509375214568 8.0836021341383439 3.8763047605752936 12.534550346434115 3.3002830222249093 8.5242352820932883 2.6630644649267188 6.1806123629212362 2.1559294611215591 3.97093741595745 23.268414240330458 10.284636277705429 11.768061138689516 3.8620958030223838
leaf_count=502 139 4 16 31 38 386 12 6 66 49 7 4 143 22 36 17 14 30 28 45 13 26 8 10 9 17 79 37 77 13
internal_value=0.00142794 0.0396826 -0.0210628 0.000494715 0.000813677 0.0001721 -0.0112375 0.00234979 0.00183769 -0.000253562 -0.0150276 0.00106231 0.000568278 -0.0191136 0.0131989 0.00304645 0.0231217 -0.000953425 0.00414268 0.00320503 -0.0122938 0.00683413 0.0351947 -0.000679306 -0.0262905 0.00121392 -0.00715147 0.00346677 0.00124536 0.003876
internal_weight=378.42 9.01171 1.72919 369.408 367.32 360.727 57.8151 302.912 301.409 274.444 55.0904 266.729 265.301 29.6687 10.6462 235.633 26.9654 11.7209 230.908 227.031 43.0742 183.957 19.5238 10.9996 8.33654 30.5396 26.5687 164.433 154.149 142.381
internal_count=1884 159 20 1725 1694 1656 405 1251 1245 1135 393 1086 1082 201 58 881 110 44 864 836 154 682 53 27 19 109 92 629 592 515
is_linear=0
shrinkage=0.05


Tree=72
num_leaves=31
num_cat=0
split_feature=293 101 94 121 205 128 123 288 149 153 0 305 179 50 308 196 25 232 306 195 158 121 153 305 247 196 237 263 306 206
split_gain=5.13643 3.52169 2.56979 3.76422 3.398 4.08541 3.15516 3.9454 3.63514 3.50688 3.09569 2.91293 2.89494 4.24723 4.99295 5.638 4.24184 6.77238 4.99486 4.17346 4.15637 4.81506 6.20702 8.11632 7.9646 6.23153 7.59328 5.91245 6.20802 7.156
threshold=0.0031500000040978198 0.0035999999381601815 0.0014499999815598132 0.0050000001210719356 0.0011500000255182388 0.0023999999975785617 0.051300000399351127 1.0000000180025095e-35 0.063499998301267638 0.16615000367164615 0.0013499999768100681 0.0090499999932944792 0.0010500000207684936 0.0042499999981373557 0.0098701622337102907 0.0050500000361353168 0.0038499999791383748 0.0016499999910593035 0.17548104375600818 0.01814999990165234 0.00025000000459840527 0.0017499999958090486 0.018849999643862251 0.0094499997794628161 0.0041499999351799497 0.0030500000575557355 0.0076500000432133683 0.0040500001050531873 0.21717597544193271 0.0015499999863095584
decision_type=2 2 2 2 2 2 2 2 2 2 2 2 2 2 2 2 2 2 2 2 2 2 2 2 2 2 2 2 2 2
left_child=2 -2 3 4 5 6 7 8 12 -10 -8 -6 13 14 20 -16 17 19 -18 -14 21 22 24 -24 -1 26 -26 28 -28 -30
right_child=1 -3 -4 -5 11 -7 10 -9 9 -11 -12 -13 16 -15 15 -17 18 -19 -20 -21 -22 -23 23 -25 25 -27 27 -29 29 -31
leaf_value=-0.0027138317807521161 0.045059553395977892 -0.14719865384989281 -0.035093199299141162 0.044518117954217257 0.074039380426677889 -0.051820920807261174 -0.048961976249342898 0.053116091844620052 0.047262227593621017 -0.035828966545373202 0.037080321947980645 -0.015534073958329609 -0.056348597715542952 -0.029709146222097971 0.063829607085608073 -0.058933166176466004 0.074795221658018926 0.050102534187869467 -0.019006071515380307 0.018582550884198072 -0.023050949068717418 0.05723280096034794 -0.028086314191414725 0.036710775206229222 -0.019688068457960613 0.055419276712542702 0.051946143093468337 -0.061447711632610771 -0.029847897281944015 0.067545072303234324
leaf_weight=160.69646141119301 8.3498333506286109 0.24518311023712236 5.0097227282822123 4.8938492089509955 2.8262572586536399 3.786427902057766 5.6411114903166881 3.6035454645752898 7.1310536395758373 1.544960096478462 1.2831648811697958 1.337008476257324 2.9008824750781077 13.149010643362997 5.4004980325698844 1.131152097135782 1.6052291803061951 12.837907653301952 12.246719865128396 5.1703760884702206 20.979681670665741 3.6357545740902415 33.998776368796825 5.6334349289536467 13.196934182196854 10.022142894566057 15.760358478873973 1.7729523554444302 6.2078003790229541 2.7091551721096039
leaf_count=559 156 3 50 27 13 29 58 48 26 9 7 6 14 105 27 4 5 51 56 22 102 19 253 26 70 38 60 8 23 10
internal_value=0.00136854 0.0395752 0.000471588 0.000964993 0.000366629 -0.000164435 0.000397197 0.00107504 0.000519765 0.032466 -0.0330171 0.0452734 -0.000322542 -0.00193434 -0.000635329 0.0425695 0.0133233 0.0275396 -0.00813594 -0.00834837 -0.00166295 0.000106187 -0.000724612 -0.0188759 0.00269502 0.0201944 0.0112902 0.0267463 0.0330826 -0.000257903
internal_weight=374.707 8.59502 366.112 361.103 356.209 352.045 348.259 341.335 337.731 8.67601 6.92428 4.16327 329.055 294.294 281.145 6.53165 34.7611 20.9092 13.8519 8.07126 274.613 253.634 249.998 39.6322 210.366 49.6693 39.6472 26.4503 24.6773 8.91696
internal_count=1884 159 1725 1675 1648 1629 1600 1535 1487 35 65 19 1452 1304 1199 31 148 87 61 36 1168 1066 1047 279 768 209 171 101 93 33
is_linear=0
shrinkage=0.05


Tree=73
num_leaves=31
num_cat=0
split_feature=293 107 237 144 1 253 253 109 195 149 149 120 269 292 308 172 247 195 129 171 54 226 226 195 237 196 308 237 243 307
split_gain=4.78647 3.06215 2.82685 2.53614 3.19976 3.7003 4.84067 5.31674 9.92286 4.35049 5.59599 4.30642 4.10704 6.36997 5.04654 4.52032 4.35694 6.22723 5.83119 6.84966 6.72642 5.77684 6.34529 5.24768 6.27646 5.91176 5.12424 5.01395 4.59996 4.22275
threshold=0.0031500000040978198 0.0010500000207684936 0.023950000293552879 0.53134998679161083 0.0018500000005587938 0.0063000000081956395 0.0010500000207684936 0.0011500000255182388 0.025750000029802326 0.02055000048130751 0.0023500000825151805 0.013650000095367433 0.061850000172853477 0.17164999991655353 0.0038981504039838914 0.002549999975599349 0.0036499999696388845 0.0094499997794628161 0.0042499999981373557 1.0000000180025095e-35 0.0014499999815598132 1.0000000180025095e-35 0.0015499999863095584 0.018450000323355201 0.0081500001251697558 0.0065499998163431892 0.00039996500709094113 0.0065500000491738328 0.0081500001251697558 0.1105298548936844
decision_type=2 2 2 2 2 2 2 2 2 2 2 2 2 2 2 2 2 2 2 2 2 2 2 2 2 2 2 2 2 2
left_child=3 -2 -3 4 5 6 7 12 -9 10 11 -8 13 14 15 16 17 29 19 20 23 28 -23 24 27 26 -25 -18 -19 -1
right_child=1 2 -4 -5 -6 -7 9 8 -10 -11 -12 -13 -14 -15 -16 -17 18 21 -20 -21 -22 22 -24 25 -26 -27 -28 -29 -30 -31
leaf_value=0.0015818767631749276 0.053848661424999868 -0.079735312236450473 0.051391929000752096 -0.056022742219927896 0.040050451653131529 -0.019736712398424793 0.027025754771161061 -0.04404972975287632 0.011785889699117738 0.063206335893348092 -0.040365321849922586 -0.035965660353717281 0.04720116768221258 -0.027847446431993286 0.044053618529795342 -0.037882752697740267 0.030286958003992226 -0.045620394770975244 -0.040639801720640384 -0.045879258052544752 -0.055578119557109354 0.067363496691978053 -0.024254239245898424 -0.059701430558569968 0.062916228711926384 0.06545335837055935 0.045029483404918122 -0.053604318535462325 0.069242502553031063 0.04632272732835558
leaf_weight=149.04717898182571 6.6863872781395894 0.9317529536783693 0.73542333021759987 1.977158311754464 5.1086787320673457 21.851822076365352 25.018131278455261 18.288564156740904 14.085480989888309 4.7471653595566741 4.4147660285234442 3.0433295834809533 4.8703752271831027 17.987137788906693 7.2591572888195506 6.9892315082252017 10.738621875643732 16.574550997465856 4.0854955520480862 3.4350982755422583 2.2844853773713103 3.1224155798554412 4.7876418000087142 4.1200375370681268 16.561555214226246 2.2586608454585075 1.6300085000693796 2.135238640010356 0.9200173169374456 5.4672901667654505
leaf_count=545 139 4 16 21 25 98 110 182 107 22 24 19 24 82 46 24 54 99 28 11 15 12 32 17 60 7 7 12 3 39
internal_value=0.00131291 0.0387325 -0.0218926 0.000451339 0.000760786 0.000196532 0.00150116 -0.000631495 -0.0197565 0.0184971 0.0119618 0.0201942 0.00171135 0.000857262 0.00299595 0.00172312 0.00294166 -0.000606845 0.0164539 0.0218579 0.0277148 -0.0235476 0.0119109 0.0327965 0.0425601 -0.00308873 -0.0300126 0.0163729 -0.0395799 0.00316497
internal_weight=371.163 8.35356 1.66718 362.809 360.832 355.723 333.872 296.648 32.374 37.2234 32.4762 28.0615 264.274 259.404 241.417 234.158 227.168 179.919 47.2492 43.1637 39.7286 25.4046 7.91006 37.4441 29.4354 8.00871 5.75005 12.8739 17.4946 154.514
internal_count=1884 159 20 1725 1704 1679 1581 1406 289 175 153 129 1117 1093 1011 965 941 730 211 183 172 146 44 157 126 31 24 66 102 584
is_linear=0
shrinkage=0.05


Tree=74
num_leaves=31
num_cat=0
split_feature=205 213 293 213 123 288 210 306 43 121 43 43 292 306 232 153 292 306 163 307 144 307 99 270 246 267 292 25 182 222
split_gain=4.61911 3.46293 3.783 3.24762 4.93636 4.23666 3.29311 2.99805 3.04292 3.97838 3.5893 6.98646 7.0307 6.36839 6.61635 7.27948 4.14878 3.75285 3.55395 4.19547 6.41278 5.21012 6.4898 5.15184 6.21583 12.6812 11.0657 9.54334 4.48864 5.10563
threshold=0.0013499999768100681 0.20450000464916232 0.003249999950639904 0.031350000761449344 0.078549999743700041 1.0000000180025095e-35 0.0028499999316409235 0.79185500741004955 0.0064499999862164268 0.0018500000005587938 0.0012500000302679839 0.0010500000207684936 0.14169999957084659 0.089937657117843642 0.01264999993145466 0.015250000171363355 0.55884999036788952 0.026759716682136062 0.018250000663101677 0.0020494500640779738 0.0022500000195577745 0.0027990998933091764 0.0029499999945983295 0.0012500000302679839 1.0000000180025095e-35 0.0011500000255182388 0.010950000025331976 0.0022500000195577745 0.0020500000100582842 0.0021499999566003685
decision_type=2 2 2 2 2 2 2 2 2 2 2 2 2 2 2 2 2 2 2 2 2 2 2 2 2 2 2 2 2 2
left_child=1 2 3 4 5 6 7 8 9 10 11 16 -13 14 15 -12 18 -17 19 20 23 22 -21 24 27 -26 -27 28 29 -1
right_child=-2 -3 -4 -5 -6 -7 -8 -9 -10 -11 13 12 -14 -15 -16 17 -18 -19 -20 21 -22 -23 -24 -25 25 26 -28 -29 -30 -31
leaf_value=-0.023182550315396941 0.049004783934219476 -0.081203437172820289 0.051209460929770162 0.040655878723538312 -0.05328492786932202 0.053146240438303405 -0.042440108702490195 0.039663792091183508 -0.05467265647671754 0.031830415546864201 -0.055944354447329571 0.077130558652709305 -0.053455491066872224 -0.03778583397885895 0.083331207404725716 0.13627631181738922 0.06503155510366411 0.010378436992615026 -0.029226541961772341 0.060810824428045224 -0.057745725137317572 0.0023877142266527582 -0.029514611607961896 -0.047072302081899157 0.079305553627590356 -0.041006355403203194 0.072683042192961012 0.047122187916346064 0.058954261130460442 0.061576170309700473
leaf_weight=45.609855271875858 4.9960809014737597 1.2891839034855355 3.6968894563615313 4.9335455084219566 4.3246060824021688 3.775045718997716 4.5345566272735587 4.8059004694223395 2.5359195210039607 9.7159831784665567 3.860110882669689 5.3122527729719868 1.2788678668439386 16.005476685240865 2.5285862758755684 0.87362394481897387 2.4125894755125037 1.8356847036629913 10.59860112890601 8.0043759327381832 6.233229372650384 181.53239773772657 2.6459924615919581 6.6940190680325022 6.621677182614806 7.5883469805121404 2.9811701774597168 6.6037009730935088 1.8769891932606686 1.8487436249852169
leaf_count=191 76 7 91 30 57 51 19 22 26 61 18 23 6 75 8 4 9 17 51 33 76 806 22 14 20 21 9 26 8 7
internal_value=0.00125599 0.000598009 0.000889917 0.00036967 -0.00019395 0.000465219 -0.000111997 0.000452523 -0.000109668 0.000306272 -0.000642146 0.000888177 0.0517931 -0.0187988 0.0146037 -0.0118497 -0.000263818 0.0509745 -0.000809212 0.000273247 -0.00890189 0.00438179 0.0383702 -0.00508784 -0.00124478 0.0250504 -0.00893985 -0.00932577 -0.0168815 -0.0198808
internal_weight=367.554 362.558 361.269 357.572 352.638 348.314 344.539 340.004 335.198 332.662 322.946 297.843 6.59112 25.1035 9.09801 6.56942 291.252 2.70931 288.839 278.24 86.0577 192.183 10.6504 79.8245 73.1305 17.1912 10.5695 55.9393 49.3356 47.4586
internal_count=1884 1808 1801 1710 1680 1623 1572 1553 1531 1505 1444 1322 29 122 47 39 1293 21 1284 1233 372 861 55 296 282 50 30 232 206 198
is_linear=0
shrinkage=0.05


Tree=75
num_leaves=31
num_cat=0
split_feature=293 117 39 223 194 184 107 188 304 144 99 239 99 243 90 237 179 6 153 25 50 305 263 98 89 149 197 218 116 149
split_gain=4.27366 3.49986 2.46355 4.57497 3.34753 2.75653 2.94879 6.01584 5.16395 5.07656 4.91883 4.01757 4.60313 5.09551 5.02992 3.83931 3.72681 4.72128 3.7662 3.83644 5.56687 5.31016 4.52796 4.66867 4.48048 8.86061 4.34058 5.21316 4.02107 4.76374
threshold=0.0031500000040978198 0.015200000256299974 0.003249999950639904 0.0024500000290572648 1.0000000180025095e-35 0.0014000000082887711 0.0015499999863095584 0.0018500000005587938 0.0015499999863095584 0.023650000803172592 0.13925000280141833 0.019749999977648262 0.0012500000302679839 0.0014499999815598132 0.0016499999910593035 0.022650000639259819 0.0010500000207684936 0.037249999120831497 0.45194999873638159 0.0029499999945983295 0.0012500000302679839 0.0075499999802559623 0.0047000001650303611 0.0043500000610947618 0.0010500000207684936 0.0020500000100582842 0.0010500000207684936 0.0015499999863095584 0.0011500000255182388 0.0073500000871717939
decision_type=2 2 2 2 2 2 2 2 2 2 2 2 2 2 2 2 2 2 2 2 2 2 2 2 2 2 2 2 2 2
left_child=2 -2 3 4 5 6 8 11 16 15 -9 12 13 -8 -14 -10 17 18 19 22 26 24 -1 -24 -22 -26 27 -21 -29 -30
right_child=1 -3 -4 -5 -6 -7 7 10 9 -11 -12 -13 14 -15 -16 -17 -18 -19 -20 20 21 -23 23 -25 25 -27 -28 28 29 -31
leaf_value=-0.00076641746601660479 0.044061248872447639 -0.15196526839073862 -0.054594541898994778 0.056154617234833309 -0.067637695245829743 0.059981096029028957 -0.033247820248766401 0.051956020564509299 0.064008119296199775 -0.010752888402751133 -0.041061616543046631 0.060454062185407456 -0.038372206849287105 0.076076685182316944 0.052948366431689903 -0.0035442492559255643 0.020140924638782164 -0.040928612024731859 -0.058673123525144845 -0.0078408046446591904 -0.053077859014999174 0.053492346797790205 -0.046905595822072543 0.053932540573751811 0.061813670815901202 -0.037879130988011663 -0.039475673492072753 0.064640858424181311 -0.011506137083449905 0.076441322708941203
leaf_weight=202.5894632562995 7.4557975046336642 0.23487183451652516 2.0246481513604513 3.6828001998364917 1.8126253355294455 1.9361351095139969 2.0769577585160759 5.5298159178346387 8.6722484454512614 5.5195303447544566 1.912898004055023 1.4229649454355229 25.636081909760836 2.189371682703495 1.6021029353141774 2.7768434807658187 21.794063869863749 7.332227259874343 2.7293304577469817 5.6719860881567064 6.0270844772458103 2.9745031595230094 9.2346774190664274 1.3107700571417797 3.7341292276978475 5.5289370408281684 2.1771053262054911 11.823702223598959 4.7652718294411889 2.2747074328362942
leaf_count=811 157 2 39 25 11 13 16 24 44 41 14 6 176 9 7 14 91 64 26 27 47 13 39 7 18 48 10 49 29 7
internal_value=0.00119752 0.0380746 0.000402564 0.000716457 0.000134875 0.000486625 0.00015496 -0.0125487 0.00182583 0.0286353 0.028049 -0.0217252 -0.0254369 0.0228547 -0.0330009 0.0476241 0.000256963 -0.00135897 -0.000246677 0.000371136 0.0136408 -0.00763237 -0.00242913 -0.0343717 -0.0195234 0.00230905 0.0281862 0.0341899 0.0468279 0.0169108
internal_weight=364.454 7.69067 356.763 354.738 351.056 349.243 347.307 40.3702 306.937 16.9686 7.44271 32.9275 31.5045 4.26633 27.2382 11.4491 289.968 268.174 260.842 258.112 44.9774 18.2647 213.135 10.5454 15.2902 9.26307 26.7128 24.5357 18.8637 7.03998
internal_count=1884 159 1725 1686 1661 1650 1637 252 1385 99 38 214 208 25 183 58 1286 1195 1131 1105 248 126 857 46 113 66 122 112 85 36
is_linear=0
shrinkage=0.05


Tree=76
num_leaves=31
num_cat=0
split_feature=205 213 293 213 123 288 210 306 304 43 121 119 211 43 43 292 306 256 182 292 267 163 307 309 169 218 196 306 217 144
split_gain=4.24937 3.11117 3.44912 2.88771 4.50675 3.88088 2.94122 2.71148 2.99069 2.81954 3.53312 3.60742 4.15674 3.26802 6.37279 6.33757 5.91592 5.54203 3.88729 3.74795 3.34937 3.19114 3.77684 7.22479 6.79846 7.6859 10.5998 6.96874 6.11249 5.88107
threshold=0.0013499999768100681 0.20450000464916232 0.003249999950639904 0.031350000761449344 0.078549999743700041 1.0000000180025095e-35 0.0028499999316409235 0.79185500741004955 0.0012500000302679839 0.0064499999862164268 0.0018500000005587938 0.0010500000207684936 0.003249999950639904 0.0012500000302679839 0.0010500000207684936 0.14169999957084659 0.089937657117843642 0.0064499999862164268 0.002650000038556755 0.55884999036788952 0.035350000485777862 0.018250000663101677 0.0020494500640779738 0.99895533919334423 0.0010500000207684936 0.0010500000207684936 0.0010500000207684936 0.082014720886945738 0.0013499999768100681 0.0015499999863095584
decision_type=2 2 2 2 2 2 2 2 2 2 2 2 2 2 2 2 2 2 2 2 2 2 2 2 2 2 2 2 2 2
left_child=1 2 3 4 5 6 7 9 -9 10 13 -12 -13 14 19 -16 17 18 -15 21 -18 22 23 -1 25 29 27 28 -27 -25
right_child=-2 -3 -4 -5 -6 -7 -8 8 -10 -11 11 12 -14 16 15 -17 20 -19 -20 -21 -22 -23 -24 24 -26 26 -28 -29 -30 -31
leaf_value=-0.02875138296688691 0.048329280944198971 -0.079396210875347761 0.051099720728387657 0.038793053187569655 -0.052415311978932337 0.052893453548033598 -0.041382560106193539 0.061773308416530476 -0.029919935157382928 -0.054338321209569967 0.075523420046351195 -0.057799145682863956 0.032919254042486461 -0.037085236392955738 0.073384979133003916 -0.053247519133080193 -0.043837275880254073 0.063397578444293473 0.07158048568789907 0.063599435599766149 0.04084784519673279 -0.028141440586116007 0.0041202745704746156 0.038897275798053077 0.073955474088527678 -0.041336727244995805 0.047811371494272559 0.029819528585492951 0.071840855757091759 -0.057320093312941661
leaf_weight=29.104118200019002 4.7099866420030585 1.2135728392750014 3.3754040636122218 4.8093546833842984 4.0866681300103656 3.4856445863842955 4.2675988040864459 3.4666988253593436 1.1960985437035558 2.3827220834791651 3.0073229223489744 1.7041542194783685 4.8745258431881666 4.4924617130309361 5.2920564152300349 1.2148502729833124 14.242348792031406 3.4869932653382421 1.0075899586081503 2.2768774777650824 1.271854069083928 10.291589139029382 190.4841641690582 13.49283045530319 3.1001391038298598 25.297959687188275 5.7537359260022631 4.739405069500207 1.2520354241132725 1.8000086359679688
leaf_count=117 76 7 91 30 57 51 19 14 8 26 10 20 31 25 23 6 68 19 3 9 7 51 861 48 10 128 24 18 4 23
internal_value=0.00114775 0.00052435 0.000797362 0.00031484 -0.00021835 0.000403576 -0.000135337 0.000389751 0.0382522 -0.000144311 0.000249151 0.0301576 0.00941938 -0.000650727 0.000810896 0.0497425 -0.0181953 0.0140855 -0.0171781 -0.000296201 -0.0368948 -0.000806101 0.000216805 -0.00857841 0.00201246 -0.0022491 -0.0145605 -0.0260299 -0.0359995 0.0275722
internal_weight=361.181 356.471 355.257 351.882 347.072 342.986 339.5 335.233 4.6628 330.57 328.187 9.586 6.57868 318.601 294.1 6.50691 24.5012 8.98704 5.50005 287.593 15.5142 285.316 275.024 84.5402 55.4361 52.336 37.0431 31.2894 26.55 15.2928
internal_count=1884 1808 1801 1710 1680 1623 1572 1553 22 1531 1505 61 51 1444 1322 29 122 47 28 1293 75 1284 1233 372 255 245 174 150 132 71
is_linear=0
shrinkage=0.05


Tree=77
num_leaves=31
num_cat=0
split_feature=205 213 243 202 132 176 213 213 304 292 149 265 74 215 157 243 243 218 237 279 213 292 204 247 269 263 182 173 173 63
split_gain=3.98291 2.94385 2.98417 2.64658 3.81932 3.44923 2.81643 3.28234 4.76216 4.87803 3.75906 3.52265 3.02217 3.81984 2.84569 3.33207 5.13774 5.96475 3.70368 7.1317 6.52956 8.21949 8.76962 6.3198 5.90244 6.37232 5.17414 4.81696 4.60116 4.41385
threshold=0.0013499999768100681 0.20450000464916232 0.020200000144541267 0.055900000035762794 0.0011500000255182388 0.0071000000461936006 0.023450000211596492 0.0037000000011175875 1.0000000180025095e-35 0.39305000007152563 0.063499998301267638 0.0014499999815598132 0.0024500000290572648 0.0019500000635161998 1.0000000180025095e-35 0.0086500002071261423 0.0057500000111758718 0.0031500000040978198 0.0027499999850988392 0.012749999761581423 0.0015499999863095584 0.0068500000052154073 0.0014499999815598132 0.0069500000681728133 0.0066499998793005952 0.0012500000302679839 0.0047500000800937423 1.0000000180025095e-35 1.0000000180025095e-35 0.0010500000207684936
decision_type=2 2 2 2 2 2 2 2 2 2 2 2 2 2 2 2 2 2 2 2 2 2 2 2 2 2 2 2 2 2
left_child=1 2 3 4 6 -6 7 10 -9 -10 11 12 13 14 15 16 18 -18 19 20 21 22 29 -20 25 -23 -21 -22 -24 -1
right_child=-2 -3 -4 -5 5 -7 -8 8 9 -11 -12 -13 -14 -15 -16 -17 17 -19 23 26 27 24 28 -25 -26 -27 -28 -29 -30 -31
leaf_value=0.0062642923507126459 0.04758401916220472 -0.079046879609796616 0.043989699487112087 0.057081317049437641 -0.042579155951728204 0.013839598190219394 0.04708687790246293 -0.036204097638900326 0.048705875557445245 -0.057345203877376932 0.036793011449446855 0.05761003690640179 -0.040287345675885287 0.041770292532937493 0.044334862788511779 -0.029187068400183938 -0.050731117350551538 0.063705480027820449 -0.013053509137269352 0.067741141743407049 0.098031278156056972 -0.044387690517395773 0.10014910118767989 0.0067661412892344288 0.038091682829097397 0.056958283113816691 -0.014427945478175511 -0.01324063946923857 0.02195984208317462 -0.044120913040930743
leaf_weight=53.098414938896894 4.5486859977245322 1.1593621466308821 3.9470776543021193 2.0379208642989388 9.4454958485439402 3.7984601482748976 3.2797075733542433 13.122181681916119 3.9333343971520653 1.4969902932643888 7.4651837218552819 2.7119300309568635 4.5026960447430602 5.6320118606090537 3.60638154298067 9.6849637404084188 1.4075974188745011 5.9602491781115532 99.864097477868199 7.5402030535042268 2.9920384790748349 18.381219420582063 3.6169969551265231 67.344103788957 3.1195180695503941 1.6939867325127114 2.5684515554457903 1.4410593733191488 3.9214455578476191 4.7341595627367488
leaf_count=240 76 7 37 12 87 36 15 51 31 12 38 29 21 42 34 25 3 24 431 31 11 140 17 321 18 10 15 9 23 38
internal_value=0.00109492 0.000496732 0.000758462 0.000268689 -6.55833e-05 -0.0263979 0.000981321 0.000522877 -0.0199081 0.0194705 0.00174055 0.00087928 0.000368337 0.000985518 0.000196102 -0.000357826 0.000647672 0.0418428 -0.000475162 0.0069779 0.0026425 -0.000321611 0.00875161 -0.00507103 -0.0258932 -0.0358359 0.0468633 0.0618603 0.0594756 0.00213977
internal_weight=358.056 353.507 352.348 348.401 346.363 13.244 333.119 329.839 18.5525 5.43032 311.287 303.822 301.11 296.607 290.975 287.369 277.684 7.36785 270.316 103.107 92.9988 88.5657 65.371 167.208 23.1947 20.0752 10.1087 4.4331 7.53844 57.8326
internal_count=1884 1808 1801 1764 1752 123 1629 1614 94 43 1520 1482 1453 1432 1390 1356 1331 27 1304 552 506 486 318 752 168 150 46 20 40 278
is_linear=0
shrinkage=0.05


Tree=78
num_leaves=31
num_cat=0
split_feature=205 213 293 213 213 182 295 265 109 306 87 253 253 202 256 267 305 267 256 129 299 232 204 195 224 105 207 243 243 237
split_gain=3.73078 2.7843 3.17467 2.4824 2.81268 3.80821 3.39541 3.25297 2.92325 6.10961 6.56805 4.86497 5.00309 4.66483 4.99597 5.1444 4.93652 4.19773 4.1089 5.46921 6.15339 6.20458 5.46332 5.16707 5.81093 6.43498 5.41748 5.04656 11.5066 10.3758
threshold=0.0013499999768100681 0.20450000464916232 0.003249999950639904 0.031350000761449344 0.0037000000011175875 0.0049499999731779107 0.0012500000302679839 0.0016499999910593035 0.0011500000255182388 0.080461930483579649 0.0018500000005587938 0.0072500000242143878 0.02094999980181456 1.0000000180025095e-35 0.022099999710917476 0.013050000183284284 0.010850000195205213 0.0016499999910593035 0.067150000482797637 1.0000000180025095e-35 0.0012500000302679839 0.044250000268220908 0.021300000138580803 0.0047500000800937423 0.0023500000825151805 0.0011500000255182388 0.0035500000230968003 0.0035500000230968003 0.0027499999850988392 0.0027499999850988392
decision_type=2 2 2 2 2 2 2 2 2 2 2 2 2 2 2 2 2 2 2 2 2 2 2 2 2 2 2 2 2 2
left_child=1 2 3 4 7 -6 -7 8 11 -10 -11 13 -13 18 15 17 -16 -15 19 20 21 22 23 26 25 -25 27 28 29 -1
right_child=-2 -3 -4 -5 5 6 -8 -9 9 10 -12 12 -14 14 16 -17 -18 -19 -20 -21 -22 -23 -24 24 -26 -27 -28 -29 -30 -31
leaf_value=0.018691409987195515 0.046824632503725677 -0.078660697026406962 0.0510134897069097 0.036460744415865831 -0.046264195289518049 -0.012893713647502006 0.050718314723177262 0.057864930185066776 -0.051615279752169889 0.0062368095207358575 -0.040965791691457247 -0.057399082766402432 0.023268973810852467 -0.02048727072093097 -0.017348303013845899 -0.02609105334617344 0.055977627249660371 0.064409755171079261 0.032714387073790721 -0.019789797031332393 0.074706896954107913 -0.042487547431568323 0.069232098539537254 -0.026936954640350175 0.038019674419599185 0.025044159714016759 0.04166215976231287 -0.018945456820939732 0.08630524100013065 -0.016300597972460251
leaf_weight=56.802212754264474 4.3952527977526179 1.1081001870334137 3.1100674942135802 4.6745191207155576 7.5095664169639376 13.786314200609924 2.4742349274456492 2.4965829327702513 7.5961334044113746 36.806685196235776 9.2145988065749389 6.3830892890691739 2.7502638176083565 1.6620208956301237 9.7901981025934202 2.3652540929615489 2.9982905536890021 11.747618332505224 10.140237523242829 29.653315195813775 2.9720744434744111 7.4565089847892514 3.1600917242467395 33.715438786894083 5.2705678194761267 7.230698423460125 11.011399410665033 18.523894244804978 4.6478588581085196 33.785426843911409
leaf_count=229 76 7 91 30 27 88 12 21 106 223 75 23 15 11 53 13 13 45 62 163 18 20 11 175 20 38 47 35 13 124
internal_value=0.00104474 0.000471229 0.00072195 0.000270713 -0.00022401 -0.0168149 -0.00321439 0.00101543 0.000565841 -0.0100714 -0.00321432 0.00274217 -0.0331081 0.00403671 0.0230677 0.0418956 -0.00015687 0.0538874 0.00161397 0.000141874 0.00334402 0.00217612 0.00408849 0.00288455 -0.0113967 -0.0177576 0.00817451 0.00493306 0.00957758 0.00564084
internal_weight=355.239 350.843 349.735 346.625 341.951 23.7701 16.2605 318.18 315.684 53.6174 46.0213 262.066 9.13335 252.933 28.5634 15.7749 12.7885 13.4096 224.37 214.229 184.576 181.604 174.148 170.987 46.2167 40.9461 124.771 113.759 95.2355 90.5876
internal_count=1884 1808 1801 1710 1680 127 100 1553 1532 404 298 1128 38 1090 135 69 66 56 955 893 730 712 692 681 233 213 448 401 366 353
is_linear=0
shrinkage=0.05


Tree=79
num_leaves=31
num_cat=0
split_feature=205 213 293 87 217 174 74 218 89 117 153 308 217 253 47 144 218 74 153 25 307 256 207 149 237 237 116 243 170 309
split_gain=3.49217 2.63217 3.01965 2.4359 2.65729 4.09495 3.61859 3.61438 3.66695 3.72082 4.85018 4.13594 4.81404 3.5991 3.30755 5.61333 5.63103 3.36017 3.32606 5.00197 4.10348 6.21049 5.96525 5.74953 5.42206 8.17159 8.00127 7.03107 7.74633 6.41909
threshold=0.0013499999768100681 0.20450000464916232 0.003249999950639904 0.038150001317262656 0.018050000071525577 0.0012500000302679839 0.0024500000290572648 0.15340000391006473 0.0064499999862164268 1.0000000180025095e-35 0.0031500000040978198 0.00039996500709094113 0.0056999998632818469 0.02680000010877848 1.0000000180025095e-35 0.0070500001311302194 1.0000000180025095e-35 0.0015499999863095584 0.19025000184774402 0.0013499999768100681 0.0020494500640779738 0.0012500000302679839 0.0010500000207684936 0.018550000153481964 0.0015499999863095584 0.0027499999850988392 0.0018500000005587938 0.0027499999850988392 0.0011500000255182388 0.99895533919334423
decision_type=2 2 2 2 2 2 2 2 2 2 2 2 2 2 2 2 2 2 2 2 2 2 2 2 2 2 2 2 2 2
left_child=1 2 3 4 5 6 7 8 9 14 -11 12 -12 -9 18 16 -16 -18 20 -20 22 -22 24 -23 -1 -26 27 28 -27 -30
right_child=-2 -3 -4 -5 -6 -7 -8 13 -10 10 11 -13 -14 -15 15 -17 17 -19 19 -21 21 23 -24 -25 25 26 -28 -29 29 -31
leaf_value=-0.0159903940841888 0.046051119848718298 -0.078235496791114217 0.050963163088385333 0.061095988021200448 -0.043242352939357187 0.057013343881596373 -0.038746169484076949 0.058637794914229248 -0.045137091762716672 0.061661213752232949 -0.056201857800567162 0.03826516240970685 0.06915408108786876 -0.038324122006961725 0.03184561774899055 0.024551215306057594 -0.034051448329934064 0.047341918626175108 0.037545243121063755 -0.033917070485720735 0.056642180265897783 0.0032663238966403802 -0.049331371052069896 0.047332568659716065 0.049483952461147715 -0.032510549548994676 0.098595994908898782 0.084892037718114891 -0.053484824189351445 0.077823035278215463
leaf_weight=35.789038335904479 4.2493549529463044 1.0596448220312584 2.9612354282289735 1.6373340003192414 3.5219910163432351 3.1657632589340201 5.9559377999976268 4.7635097578167906 4.4638859359547487 5.6077600345015517 3.6918409653007966 4.1907651554793119 0.96634943783283223 1.1976687945425508 4.1489069387316695 7.7394033689051858 28.087905051186684 1.3279603049159039 3.0094835609197643 13.139666310511528 6.1374621279537669 153.18548219371587 7.3780518956482402 7.7780382642522445 10.163777016103266 18.412978386506449 1.7984299063682545 1.7873413935303677 1.3033265992999066 3.2558698952198029
leaf_count=167 76 7 91 9 15 23 33 25 47 21 25 23 3 5 17 45 108 6 18 122 27 722 47 38 45 93 4 6 6 10
internal_value=0.00099871 0.000447994 0.000688572 0.0002553 -3.60032e-05 0.000413617 -0.000120805 0.000577746 -0.000133459 0.000496491 0.025281 0.00222614 -0.0301966 0.039157 -0.00068042 -0.0138347 -0.0226857 -0.030377 0.00138436 -0.0205997 0.00282177 0.00727792 -0.00649903 0.00539568 -0.00214079 0.011357 -0.00323419 -0.0106307 -0.0180628 0.0402864
internal_weight=351.876 347.627 346.567 343.606 341.969 338.447 335.281 329.325 323.364 318.9 14.4567 8.84896 4.65819 5.96118 304.443 41.3042 33.5648 29.4159 263.139 16.1491 246.99 167.101 79.8888 160.964 72.5108 36.7217 26.5579 24.7595 22.9722 4.5592
internal_count=1884 1808 1801 1710 1701 1686 1663 1630 1600 1553 72 51 28 30 1481 176 131 114 1305 140 1165 787 378 760 331 164 119 115 109 16
is_linear=0
shrinkage=0.05


Tree=80
num_leaves=31
num_cat=0
split_feature=178 295 107 188 271 125 239 99 90 232 144 209 197 269 6 129 89 50 212 212 299 161 269 53 128 260 232 149 305 218
split_gain=3.27074 2.57771 2.58909 5.80553 3.90276 3.93656 3.45424 3.87113 4.40603 3.33362 3.32458 3.19997 4.17433 3.3333 4.32252 3.37757 7.33961 6.07637 5.37085 4.88681 5.57074 4.33287 4.15241 4.24163 3.74115 3.58977 3.57947 5.31751 4.90523 3.96291
threshold=0.0011500000255182388 0.014050000347197058 0.0015499999863095584 0.0016499999910593035 0.015300000086426737 0.003249999950639904 0.019749999977648262 0.0012500000302679839 0.0016499999910593035 0.0027499999850988392 0.0017499999958090486 0.011700000148266556 0.012450000271201135 0.042700000107288368 0.053749999031424529 0.0010500000207684936 0.0010500000207684936 0.0044499998912215242 0.0058500000741332778 0.0036499999696388845 0.0012500000302679839 1.0000000180025095e-35 0.030499999411404136 0.0030500000575557355 1.0000000180025095e-35 1.0000000180025095e-35 0.049799999222159393 0.018550000153481964 0.010850000195205213 0.061049999669194228
decision_type=2 2 2 2 2 2 2 2 2 2 2 2 2 2 2 2 2 2 2 2 2 2 2 2 2 2 2 2 2 2
left_child=1 2 4 6 11 -6 7 9 -9 10 -4 12 13 15 -15 19 18 24 -17 20 21 22 23 25 -18 26 27 28 29 -1
right_child=-2 -3 3 -5 5 -7 -8 8 -10 -11 -12 -13 -14 14 -16 16 17 -19 -20 -21 -22 -23 -24 -25 -26 -27 -28 -29 -30 -31
leaf_value=0.0041740864093871496 0.051801191003032578 0.056286523406977429 0.054329386891033039 0.025710607976618338 0.057944469962484806 -0.040477231322678553 0.058682937707746657 -0.03577134051317437 0.050036722949484816 0.064353858770019548 -0.062840788634941941 -0.038042847145489819 0.067672848804182062 0.045822768549039453 -0.055544348155001338 -0.036895505277862076 0.052035875172604475 -0.031011272304396653 0.035695924457334216 -0.026450873714044296 0.068013557128687951 0.050956161368645447 -0.049377439477149211 -0.050490875517552429 -0.011726217487126227 0.065533565260020382 -0.028588710530582113 0.04675256189079581 0.046046284045545345 -0.020016694538399556
leaf_weight=162.60501423105597 3.1342163737863293 2.0578358247876158 0.95513126254081671 8.4421372972428781 5.4382741898298255 1.2493561599403618 1.3200370632112015 26.362990105524663 1.5859971269965161 2.1313915215432644 1.6533820535987613 5.1743562277406445 2.3728151246905318 7.4745576679706556 1.2238795664161441 23.641182778403167 8.1179211437702197 5.2725245924666515 2.8558864649385205 13.737301690503953 3.3765202946960917 4.6665028594434252 3.8245342150330535 3.6157122943550339 3.2102104537188998 2.3536076638847581 8.3709902670234424 7.2720799036324015 6.4441290982067576 18.89744858443737
leaf_count=718 82 31 4 54 41 7 6 202 7 10 15 26 16 31 8 138 50 52 11 60 26 32 12 56 19 11 30 37 28 64
internal_value=0.000953759 0.000492767 0.00015866 -0.0114016 0.00178799 0.0395577 -0.0206141 -0.0238162 -0.0309021 0.0179656 -0.0199378 0.000930319 0.00162731 0.00108119 0.0315603 0.000128413 -0.0127394 0.0133291 -0.0290715 0.00248665 0.00428193 0.00329505 0.00225274 0.00319501 0.0339667 0.00413757 0.0034278 0.00480067 0.00317745 0.00165542
internal_weight=348.838 345.704 343.646 42.4511 301.195 6.68763 34.0089 32.6889 27.949 4.7399 2.60851 294.507 289.333 286.96 8.69844 278.262 43.0977 16.6007 26.4971 235.164 221.427 218.05 213.384 209.559 11.3281 205.943 203.59 195.219 187.947 181.502
internal_count=1884 1802 1771 298 1473 48 244 238 209 29 19 1425 1399 1383 39 1344 270 121 149 1074 1014 988 956 944 69 888 877 847 810 782
is_linear=0
shrinkage=0.05


Tree=81
num_leaves=31
num_cat=0
split_feature=205 223 132 169 309 307 306 306 292 307 144 25 207 202 256 163 306 279 279 279 25 238 144 238 218 271 202 246 119 109
split_gain=3.22234 2.44692 2.59429 3.46611 2.50928 5.34168 3.81174 3.40152 2.88025 6.92669 5.25326 4.75595 4.30629 4.10101 4.01779 4.23081 5.6635 4.40265 4.9288 6.06235 5.01734 3.96492 3.42502 5.43476 5.15761 4.87803 4.8554 4.13154 4.59286 4.08616
threshold=0.0013499999768100681 0.0024500000290572648 0.0011500000255182388 0.0022500000195577745 0.26008526980876928 0.25178439170122152 0.0024492300581187014 0.0036469249753281478 0.0027499999850988392 0.0077387292403727779 0.002650000038556755 0.0022500000195577745 1.0000000180025095e-35 1.0000000180025095e-35 0.0088499998673796671 0.0022500000195577745 0.024521163664758209 0.002650000038556755 0.0010500000207684936 1.0000000180025095e-35 0.0010500000207684936 0.0048500001430511483 0.0012500000302679839 0.021550000645220283 0.0096500003710389155 0.0059500001370906839 0.0022500000195577745 0.0018500000005587938 1.0000000180025095e-35 0.012600000016391279
decision_type=2 2 2 2 2 2 2 2 2 2 2 2 2 2 2 2 2 2 2 2 2 2 2 2 2 2 2 2 2 2
left_child=1 2 4 -4 5 -1 -6 -8 9 10 11 12 14 -10 15 16 17 18 19 20 -9 -14 23 -15 -24 26 -26 29 -29 -28
right_child=-2 -3 3 -5 6 -7 7 8 13 -11 -12 -13 21 22 -16 -17 -18 -19 -20 -21 -22 -23 24 -25 25 -27 27 28 -30 -31
leaf_value=-0.03213064982488454 0.045363949758517291 0.036467920082430889 -0.050090615431058784 -5.455250037248405e-05 0.051889467346328981 0.044341923872978126 -0.064131099485607121 -0.040720357880862153 -0.0041322291153661405 0.048378659950818498 -0.046652718585891123 0.047263805630050511 0.047342106514612965 0.048575364876441041 0.079180290600975589 0.083535761691391194 -0.045996821978065053 0.08458752432823613 -0.046203741222239803 0.12700684864512704 0.05209739999772222 -0.061608588145954546 0.039596577618650652 -0.029776745828181201 -0.037199729921889267 0.042590088980251802 -0.034687529908642538 0.051394288283078265 -0.034530075520245861 0.077060286644022744
leaf_weight=12.964217172935603 4.0295458342880002 4.6357224863022557 5.9549503754824391 8.2646915959194285 3.7533166743814936 2.7717439830303183 1.9799188617616881 3.3269131369888871 191.79888669215143 10.548707474023102 4.7026060260832301 6.8140124585479489 6.8182067498564711 11.067802954465149 1.2422547712922085 1.0839094519615162 9.9606893472373468 1.5000778287649144 4.6715872325003147 1.1148665249347685 2.5889949686825275 0.9516002982854842 8.1667655743658525 2.7663733270019284 11.754702791571619 4.6373331584036341 6.7706697713583699 6.1704805772751552 2.0792786609381437 0.93046630918979634
leaf_count=32 76 52 61 68 15 13 15 27 942 72 51 28 28 53 5 4 42 5 16 3 13 7 42 11 81 30 38 28 23 3
internal_value=0.000912842 0.000388787 -0.000107282 -0.0210088 0.000813061 -0.0186607 0.00181058 0.00119116 0.00162017 0.0119288 0.00334157 0.00920843 0.00141177 -0.000696853 -0.00852151 -0.0130148 -0.0175328 0.00394212 -0.00639549 0.020055 -0.00010027 0.0339985 0.0114278 0.0329076 0.00409242 -0.00487257 -0.0128168 0.00515169 0.0297378 -0.0211859
internal_weight=345.821 341.792 337.156 14.2196 322.936 15.736 307.2 303.447 301.467 55.3244 44.7757 40.0731 33.2591 246.143 25.4893 24.247 23.1631 13.2024 11.7024 7.03077 5.91591 7.76981 54.3439 13.8342 40.5097 32.3429 27.7056 15.9509 8.24976 7.70114
internal_count=1884 1808 1756 129 1627 45 1582 1567 1552 301 229 178 150 1251 115 110 106 64 59 43 40 35 309 64 245 203 173 92 51 41
is_linear=0
shrinkage=0.05


Tree=82
num_leaves=31
num_cat=0
split_feature=295 292 307 169 295 99 256 216 306 202 238 292 217 232 25 176 237 153 306 232 270 43 43 144 182 195 33 120 238 87
split_gain=3.01131 3.89805 7.67241 4.04784 2.96342 3.32646 6.13452 5.28934 7.2784 6.63707 8.06374 5.22862 4.68763 7.87889 4.61985 6.0197 4.5785 4.42321 4.30583 14.6593 4.18495 5.6058 9.12138 4.36197 8.09494 6.74273 6.0662 5.30138 5.18242 4.5071
threshold=0.0024500000290572648 0.012950000353157522 0.03004248067736626 0.02615000028163195 0.0023500000825151805 0.0018500000005587938 0.044699998572468765 0.0012500000302679839 0.12097691372036935 1.0000000180025095e-35 0.048899998888373382 0.095049999654293074 1.0000000180025095e-35 0.0075499999802559623 0.0016499999910593035 1.0000000180025095e-35 0.0044499998912215242 0.024449999444186691 0.034045895561575897 0.0019500000635161998 0.0014499999815598132 0.0012500000302679839 1.0000000180025095e-35 0.0010500000207684936 0.0010500000207684936 0.027050000615417961 0.0016499999910593035 0.003249999950639904 0.022400000132620338 0.0014499999815598132
decision_type=2 2 2 2 2 2 2 2 2 2 2 2 2 2 2 2 2 2 2 2 2 2 2 2 2 2 2 2 2 2
left_child=4 -2 -3 -4 5 6 12 9 -9 10 18 17 20 14 15 -14 -10 -11 19 -7 21 22 23 24 27 26 -25 29 -26 -1
right_child=1 2 3 -5 -6 7 -8 8 16 11 -12 -13 13 -15 -16 -17 -18 -19 -20 -21 -22 -23 -24 25 28 -27 -28 -29 -30 -31
leaf_value=0.0023742413655118027 0.059256596611624836 -0.040615142619999156 0.056277044616297102 -0.050565598756701427 -0.042465171644299866 -0.055058320761187329 0.059882774366456629 0.06848296562969873 -0.029832086286982324 0.060424629503659413 0.047408968477193315 -0.012214762438641688 -0.035288746518577177 0.073996020191818654 0.04319602402633041 0.063884792455375192 0.013544663270090169 0.0086432559241284134 -0.027075174960983918 0.097444974342179705 -0.033893387440842714 -0.055271924088170082 0.10629893557595241 -0.030342209149943979 0.046790916222440471 0.030700374708378171 0.065831299331338286 -0.037291744024752653 -0.048638087363216329 0.057126234552942891
leaf_weight=67.7030158508569 4.8586777038872269 5.0666773281991464 5.9162201974540949 1.0427361410111187 4.0942744910717002 3.3749242005869737 4.9599656369537106 4.8306119292974463 8.1120187398046237 6.0203143469989326 4.290458381175994 18.739184958860278 7.4895129669457692 6.0019013527780762 5.3398035131394854 1.9229786023497579 24.32686236128211 13.09375925734639 64.154735352844 2.9559212438762188 8.4299279991537315 4.0893571749329558 2.1505799815058699 25.461081990972165 16.199973041191701 7.0559824891388407 1.7524842396378506 8.0868714302778226 1.5596653372049321 3.9796351119875899
leaf_count=259 47 17 95 5 12 53 52 15 46 24 18 115 19 25 31 7 149 93 433 10 23 17 7 138 65 42 11 36 6 14
internal_value=0.000870955 0.0214605 0.00618986 0.0402676 -0.000194852 0.000342485 0.00508362 -0.00510347 0.0112241 -0.0105063 -0.0191421 0.00655302 0.00345823 0.0256974 0.00604732 -0.0150275 0.0026974 0.0249527 -0.0231931 0.0161467 0.000307007 0.0023956 0.00415614 0.00248946 0.00788137 -0.0128556 -0.0241489 0.00108452 0.0384103 0.00541393
internal_weight=343.06 16.8843 12.0256 6.95896 326.176 322.082 172.183 149.899 37.2695 112.629 74.776 37.8533 167.223 20.7542 14.7523 9.41249 32.4389 19.1141 70.4856 6.33085 146.469 138.039 133.949 131.799 97.5292 34.2695 27.2136 79.7695 17.7596 71.6827
internal_count=1884 164 117 100 1720 1708 752 956 210 746 514 232 700 82 57 26 195 117 496 63 618 595 578 571 380 191 149 309 71 273
is_linear=0
shrinkage=0.05


Tree=83
num_leaves=31
num_cat=0
split_feature=178 295 107 188 304 188 176 308 292 243 279 238 25 63 160 102 202 120 207 292 96 25 306 256 237 279 256 256 279 96
split_gain=2.9104 2.28169 2.25611 5.18818 3.74826 3.63247 4.02884 4.63903 3.51504 3.49148 4.44743 5.84006 3.43678 4.52363 3.31376 3.21743 3.19541 4.92154 5.99478 4.72253 4.44944 4.38276 5.58786 11.4121 5.71472 7.3044 6.07136 6.86105 5.48234 6.11069
threshold=0.0011500000255182388 0.014050000347197058 0.0015499999863095584 0.0016499999910593035 0.0014499999815598132 0.018099999986588958 0.0017499999958090486 1.0000000180025095e-35 0.0068500000052154073 0.0013499999768100681 0.0083499997854232805 0.01544999983161688 0.0018500000005587938 0.0066499998793005952 0.00025000000459840527 0.017350000329315666 0.0055499998852610597 0.0020500000100582842 0.0023500000825151805 0.13920000195503238 0.0014499999815598132 0.0030500000575557355 0.12629481405019763 0.014349999837577345 0.0016499999910593035 0.014349999837577345 0.0090499999932944792 0.0081500001251697558 0.0010500000207684936 0.0010500000207684936
decision_type=2 2 2 2 2 2 2 2 2 2 2 2 2 2 2 2 2 2 2 2 2 2 2 2 2 2 2 2 2 2
left_child=1 2 4 -4 5 6 16 -8 -6 10 12 -12 -9 -14 -13 -10 17 21 20 -18 -19 22 23 24 28 26 27 -26 29 -1
right_child=-2 -3 3 -5 8 -7 7 9 15 -11 11 14 13 -15 -16 -17 19 18 -20 -21 -22 -23 -24 -25 25 -27 -28 -29 -30 -31
leaf_value=-0.00044873584231716233 0.051651101678837699 0.055780572411602829 -0.019822563601609923 0.024452541457414986 0.06846409241514162 -0.037801511455166144 0.064652952027904859 0.048091761850618031 0.023201318857335788 0.03441891507264342 -0.041820058498428292 0.061453275370990934 -0.047590904345550314 0.077689181303650434 -0.052468205844010421 -0.03807937528085005 0.05174602508928651 -0.03909150961008645 1.2209059513653584e-05 -0.019590260654952264 0.023055034645136918 0.024450704711552015 -0.016587245358654353 0.067198197884177871 0.0095284325004881612 0.082866379792251421 -0.033180109371915026 0.094089060030297211 -0.027833662787949527 0.10607082742951474
leaf_weight=18.042184997349981 2.7942746654152861 1.8504004813730706 32.745209621265531 8.2921609655022603 3.4964283201843527 6.1598818283528081 4.393821705132722 5.9093928579241055 12.747994801029561 9.9894667938351613 9.0967926178127509 2.6639800909906621 2.6583194769918923 0.98847929202020157 0.83949381113052357 2.5744755864143363 6.4620414339005929 24.658391111530367 31.398980583995581 3.6195277608931065 3.2610139809548846 18.948153687641025 41.574155813083053 6.910375364124774 36.914238512516022 3.4053376019000998 7.8274570889770976 2.5655179619789115 25.124447830021381 1.4549680575728405
leaf_count=76 82 31 244 54 17 21 16 23 108 58 46 14 18 4 3 28 30 195 192 19 21 105 152 28 173 9 21 6 83 7
internal_value=0.000833255 0.000411359 0.000105269 -0.0108762 0.00163973 0.000161714 0.00103199 0.0164646 0.0232275 0.00987799 -0.00118653 -0.0206952 0.0245365 -0.0136332 0.0341557 0.012905 -0.00139688 -0.00264667 -0.0149763 0.0261346 -0.0318327 0.0018467 -0.00113138 0.0051532 0.000655822 0.0121389 0.00704768 0.0150234 -0.0123947 0.00750025
internal_weight=339.367 336.573 334.723 41.0374 293.685 274.866 268.707 36.5397 18.8189 32.1459 22.1565 12.6003 9.55619 3.6468 3.50347 15.3225 232.167 222.085 59.3184 10.0816 27.9194 162.767 143.819 102.245 95.3342 50.7126 47.3072 39.4798 44.6216 19.4972
internal_count=1884 1802 1771 298 1473 1320 1299 182 153 166 108 63 45 22 17 136 1117 1068 408 49 216 660 555 403 375 209 200 179 166 83
is_linear=0
shrinkage=0.05


Tree=84
num_leaves=31
num_cat=0
split_feature=205 120 250 53 50 305 67 66 215 256 106 157 47 117 218 25 256 149 153 256 73 144 269 271 279 246 309 237 50 213
split_gain=2.83873 2.20978 2.59432 3.25912 2.83736 2.77132 2.69392 3.07922 2.61794 3.53093 3.38146 2.41486 2.92905 3.95588 3.84915 3.89508 4.88509 4.42345 3.23701 4.08735 2.58688 2.59126 4.89419 5.77491 5.40334 6.92065 7.34474 5.75263 6.62319 5.74924
threshold=0.0013499999768100681 0.41179999709129339 0.00045000000682193791 0.00335000001359731 0.014050000347197058 0.022099999710917476 0.0020500000100582842 1.0000000180025095e-35 0.0014499999815598132 0.013749999925494196 0.0018500000005587938 1.0000000180025095e-35 1.0000000180025095e-35 0.0010500000207684936 0.0010500000207684936 0.0023500000825151805 0.0093499999493360537 0.02055000048130751 0.0054500000551342973 0.048350000753998763 1.0000000180025095e-35 0.01415000017732382 0.0050500000361353168 0.0013499999768100681 0.0034500000765547161 0.0013499999768100681 0.98639681935310375 0.024900000542402271 1.0000000180025095e-35 0.0015499999863095584
decision_type=2 2 2 2 2 2 2 2 2 2 2 2 2 2 2 2 2 2 2 2 2 2 2 2 2 2 2 2 2 2
left_child=1 2 3 6 -4 -5 7 8 11 10 -10 12 20 14 -14 -16 -17 -18 -15 -20 21 22 23 24 -1 26 -26 28 29 -27
right_child=-2 -3 4 5 -6 -7 -8 -9 9 -11 -12 -13 13 18 15 16 17 -19 19 -21 -22 -23 -24 -25 25 27 -28 -29 -30 -31
leaf_value=-0.0021670743634436686 0.044088758378008609 -0.046331660037829549 0.045175774476601933 -0.044781902626034459 -0.029719058753948507 0.023371396222864212 0.060798709144485201 -0.040443681394770094 0.045602299795316797 0.056038320750034391 -0.030266839984764357 0.042784101334150393 0.02545091057627917 0.056955788142257817 -0.043782471864796023 0.038776928695889945 -0.053829595455366044 0.039559192546068267 -0.047348016513912461 0.041328032001362473 -0.042103308886577324 -0.0098755695597923625 0.023700911241147864 -0.02625119026780548 0.052380175536567035 0.042297045793435017 -0.0059789016632397773 -0.047780051754727874 -0.042847897739658816 -0.014102523458915961
leaf_weight=110.82423900812864 3.7445259653031817 2.5202366411685935 6.0329161044210187 6.8926278473809344 1.5999717377126215 1.9035375528037546 1.8613645061850537 4.5323785226792088 2.4167130570858699 5.0040542799979448 3.743644030764699 3.2882382161915293 3.8368020355701473 3.1939497441053373 15.980323409661652 4.0185173507779819 5.127433355897665 1.68455852009356 2.8494538739323616 2.3889399915933609 3.3322051353752604 37.491338321939111 28.401857456192374 17.124074319377542 18.724549569189552 13.168894134461889 7.5714181438088408 5.1299492977559558 4.7270895317196837 6.8788276072591534
leaf_count=538 76 23 57 120 13 13 8 32 15 52 12 31 15 11 59 19 34 10 19 12 11 276 145 62 78 52 33 13 25 20
internal_value=0.000797525 0.000309624 0.000666119 -1.66185e-05 0.0294767 -0.0300332 0.000826119 0.000467684 0.00107186 0.0248395 -0.000503315 0.000174622 -0.000304461 -0.0130456 -0.0213899 -0.0280931 -0.00494364 -0.0307352 0.017282 -0.0069078 0.00166071 0.00224393 0.00438166 0.001402 0.00423711 0.0168658 0.0355768 0.00041269 0.0103916 0.0229451
internal_weight=335.995 332.25 329.73 322.097 7.63289 8.79617 313.301 311.439 306.907 11.1644 6.16036 295.743 292.454 39.08 30.6476 26.8108 10.8305 6.81199 8.43234 5.23839 253.374 250.042 212.551 184.149 167.025 56.2007 26.296 29.9048 24.7748 20.0477
internal_count=1884 1808 1785 1715 70 133 1582 1574 1542 79 27 1463 1432 179 137 122 63 44 42 31 1253 1242 966 821 759 221 111 110 97 72
is_linear=0
shrinkage=0.05


Tree=85
num_leaves=31
num_cat=0
split_feature=178 194 184 155 292 179 50 170 173 66 47 47 243 292 218 153 196 109 293 206 279 237 218 109 74 73 279 306 172 247
split_gain=2.69612 2.14789 2.46865 2.62615 2.57022 2.61591 2.67891 4.76618 2.87641 4.52124 2.85859 4.06634 4.39145 8.14896 7.28456 5.52391 4.52423 4.48251 4.19238 4.06322 4.12872 3.50787 4.66717 3.24103 3.18229 3.15641 3.19221 8.03707 4.40225 5.35918
threshold=0.0011500000255182388 1.0000000180025095e-35 0.0014000000082887711 0.011049999855458738 0.53370001912117015 0.068500000983476653 0.010250000283122064 0.074499998241662993 0.018150000832974914 1.0000000180025095e-35 0.0017499999958090486 0.0011500000255182388 0.0024500000290572648 0.0030500000575557355 0.0048500001430511483 0.0072500000242143878 0.0039500000420957812 0.0053499999921768912 0.0018500000005587938 0.003249999950639904 0.0011500000255182388 0.0045499999541789302 0.0030500000575557355 0.02809999976307154 0.004399999976158143 1.0000000180025095e-35 0.0031500000040978198 0.021205288358032707 0.0013499999768100681 0.01264999993145466
decision_type=2 2 2 2 2 2 2 2 2 2 2 2 2 2 2 2 2 2 2 2 2 2 2 2 2 2 2 2 2 2
left_child=1 2 3 4 5 6 8 -8 9 10 11 12 23 -14 -15 17 18 -16 -17 20 -13 22 -12 25 -23 26 -1 -28 29 -29
right_child=-2 -3 -4 -5 -6 -7 7 -9 -10 -11 21 19 13 14 15 16 -18 -19 -20 -21 -22 24 -24 -25 -26 -27 27 28 -30 -31
leaf_value=-0.0059338058146780502 0.051548693192533274 -0.051662357203706114 0.054509863335577904 -0.028313690437584693 0.036115244658612329 -0.057386628769823915 -0.044485829132146104 0.082921808398572439 0.061141675131372863 -0.042215058181127307 0.038322200251884146 0.05510111838362073 0.071236946654695571 -0.048681716343670557 0.066201746795134853 -0.027681263296893611 0.050228304533424667 -0.053205702170548631 0.069698032185427916 0.044060293078513509 -0.039410727116393394 0.051811133472842955 -0.020632639791298063 0.075247518443531183 -0.044171402239261311 -0.053657155866932454 0.10671995777051069 0.0035984824451341813 -0.022241593666281062 0.040434657168357951
leaf_weight=114.61831270810217 2.5928318463265887 1.972084667533635 2.115774303674697 7.8125440580770364 5.1353570297360411 1.9426782559603442 6.2640356663614503 0.83147424459457386 2.0097754895687094 5.8996427562087765 5.5715151876211193 1.2589560449123407 6.1260565035045138 4.7729046773165491 7.0290968418121365 9.1579746976494771 3.437083162367343 0.88490128144621838 1.256970427930354 2.0040658488869658 14.066379483789204 8.5603138115256989 8.4460739418864232 1.4079383518546809 0.96045605465769845 2.7945078779011956 1.9499126821756352 77.068999957293272 13.597719583660362 11.324813541024922
leaf_count=629 82 15 17 117 33 6 62 2 13 47 25 5 21 12 50 49 18 4 8 15 62 55 40 7 4 8 6 344 69 59
internal_value=0.000761477 0.000362775 0.000675282 0.000326094 0.00102887 0.000453661 0.000814615 -0.0295558 0.001523 0.0011265 0.00198949 0.000546763 0.00213693 0.0192576 0.00725901 0.0195258 0.000486782 0.0528502 -0.0159286 -0.0228915 -0.0316467 0.0187075 0.00279991 -0.000373574 0.0421284 -0.000854567 -0.000179433 0.00616603 0.0042436 0.00831785
internal_weight=332.871 330.278 328.306 326.19 318.378 313.243 311.3 7.09551 304.204 302.195 296.295 272.757 255.427 32.665 26.5389 21.766 13.852 7.914 10.4149 17.3294 15.3253 23.5384 14.0176 222.762 9.52077 221.354 218.56 103.941 101.992 88.3938
internal_count=1884 1802 1787 1770 1653 1620 1614 64 1550 1537 1490 1366 1284 162 141 129 75 54 57 82 67 124 65 1122 59 1115 1107 478 472 403
is_linear=0
shrinkage=0.05


Tree=86
num_leaves=31
num_cat=0
split_feature=178 39 223 194 184 133 301 90 108 226 304 305 176 188 226 188 6 107 109 218 179 243 112 295 237 198 32 32 32 309
split_gain=2.5632 2.11184 3.47031 2.83115 2.16029 2.37205 2.56023 2.24645 2.8358 3.50167 5.67569 4.66617 4.32362 3.08255 3.25096 3.80466 4.07781 3.36675 3.25714 6.51446 4.56142 3.20852 3.25227 3.14083 3.1231 3.32681 3.65217 3.52676 8.36011 4.80401
threshold=0.0011500000255182388 0.003249999950639904 0.0024500000290572648 1.0000000180025095e-35 0.0014000000082887711 0.0010500000207684936 0.00035000000207219278 0.0016499999910593035 0.0010500000207684936 0.015899999998509887 0.0014499999815598132 0.0076500000432133683 0.011200000066310169 0.026500000618398193 0.0011500000255182388 0.0018500000005587938 0.03024999983608723 0.0035500000230968003 0.0013499999768100681 0.1143000014126301 0.0028499999316409235 0.0013499999768100681 0.0018500000005587938 0.0011500000255182388 0.060750000178813941 0.0014499999815598132 0.017450000159442428 0.012550000101327898 0.0029499999945983295 0.97344774007797252
decision_type=2 2 2 2 2 2 2 2 2 2 2 2 2 2 2 2 2 2 2 2 2 2 2 2 2 2 2 2 2 2
left_child=1 2 3 4 5 6 7 8 9 10 13 -12 -13 14 15 16 17 18 20 -20 24 22 23 -17 25 27 -27 28 -1 -29
right_child=-2 -3 -4 -5 -6 -7 -8 -9 -10 -11 11 12 -14 -15 -16 21 -18 -19 19 -21 -22 -23 -24 -25 -26 26 -28 29 -30 -31
leaf_value=0.0016661326589222866 0.05147506378058652 -0.054177739929570479 0.053686709735942841 -0.065752118054182671 0.059358089894584382 -0.039046235544428903 0.054581488360415334 0.063958558944244986 -0.023036445983361697 -0.042257786538499972 0.048483456892811534 -0.021797536681933377 0.049125283167121246 -0.047095540025843909 0.023657034955722845 -0.014941428872013216 -0.041295407792741351 -0.043068137063478437 -0.025516496841795706 0.049328964741557235 0.065954594641856476 0.0622034030043363 0.062079230025986379 0.064937850186261498 -0.032689456314636621 0.051819452293903306 -0.012265812304430933 -0.056779694794727414 -0.052513299887347611 0.079194369716144686
leaf_weight=170.34210828505456 2.469816865399479 1.7663130676373828 3.0545022189617148 1.6219702176749695 1.5500417593866576 3.8066087234765282 2.1861923690885297 1.3791108429431904 12.807466934435068 4.608539391309022 11.331279873847963 6.5874443892389518 3.1892671026289463 3.4689099024981251 14.16423340141773 8.2129390072077495 6.5948733761906615 4.7551199197769156 24.451191782020036 3.2996154800057402 2.7210309952497473 3.887021839618682 2.398369036614894 1.4474855139851559 6.7352350857108823 6.569453936070202 3.3603609576821327 0.83837723359465544 7.4306404069066039 2.8845076356083155
leaf_count=717 82 39 21 11 10 51 25 5 136 30 58 51 34 14 84 48 62 33 191 16 9 16 9 5 23 27 22 9 35 11
internal_value=0.000729567 0.000346815 0.000642524 0.000140327 0.000473265 0.000187549 0.000660691 0.000284632 3.25579e-06 0.000989229 0.0016656 0.0266469 0.00133824 -0.000261959 0.000339544 -0.000950952 -0.00252241 -0.00142679 -0.000560733 -0.0166173 0.00165739 0.0226993 0.00996555 -0.00297259 0.000774502 0.00195192 0.0301323 0.000410142 -0.000598488 0.0485736
internal_weight=329.92 327.45 325.684 322.629 321.007 319.457 315.651 313.465 312.085 299.278 294.669 21.108 9.77671 273.561 270.093 255.928 239.983 233.388 228.633 27.7508 200.882 15.9458 12.0588 9.66042 198.161 191.425 9.92981 181.496 177.773 3.72288
internal_count=1884 1802 1763 1742 1731 1721 1670 1645 1640 1504 1474 143 85 1331 1317 1233 1155 1093 1060 207 853 78 62 53 844 821 49 772 752 20
is_linear=0
shrinkage=0.05


Tree=87
num_leaves=31
num_cat=0
split_feature=293 213 144 1 54 153 306 198 267 158 109 269 237 309 237 196 153 36 63 188 308 196 129 263 238 176 279 299 204 308
split_gain=2.52267 2.89884 2.02299 2.52298 3.03751 4.10046 3.80643 3.27387 3.26004 4.69896 2.83821 6.06071 5.20476 5.38842 6.27868 4.1563 3.84196 3.37002 3.30402 3.19267 3.04013 4.57615 3.57562 4.16597 4.9989 5.4113 4.05916 3.9825 3.74528 7.24737
threshold=0.0031500000040978198 0.82234999537467968 0.53134998679161083 0.0018500000005587938 0.0014499999815598132 1.0000000180025095e-35 0.62276223301887523 0.0040500001050531873 0.0017499999958090486 0.00055000002612359833 0.0011500000255182388 0.0015499999863095584 0.04474999941885472 0.97196084260940563 0.011649999767541887 0.012349999975413086 0.015150000341236593 0.007400000002235175 0.0038499999791383748 0.0020500000100582842 0.0038981504039838914 0.0015499999863095584 1.0000000180025095e-35 0.0012500000302679839 0.0037500000325962905 1.0000000180025095e-35 0.052850000560283668 0.0012500000302679839 0.021300000138580803 0.00059997502830810856
decision_type=2 2 2 2 2 2 2 2 2 2 2 2 2 2 2 2 2 2 2 2 2 2 2 2 2 2 2 2 2 2
left_child=2 -2 3 4 7 -6 -7 10 -9 -10 20 15 13 14 18 17 -17 -12 -13 -20 22 -22 23 27 25 -25 -24 28 -1 -30
right_child=1 -3 -4 -5 5 6 -8 8 9 -11 11 12 -14 -15 -16 16 -18 -19 19 -21 21 -23 26 24 -26 -27 -28 -29 29 -31
leaf_value=-0.0012621212231003062 0.041795179687854789 -0.13957165087681686 -0.054984282282146447 0.037814446490209368 0.067826484656887065 -0.051735941965561007 0.055426055128658593 -0.034053117503023249 0.063413460374717942 -0.040468139066445474 -0.053368019071005135 -0.040723336979692354 -0.042711259850651204 0.073623628158404397 0.031905421817391019 0.078365733305346796 -0.054161323636485709 0.041942904268149492 -0.056408991188394542 0.063881091081709682 0.045001098051703915 -0.031713356506237612 -0.021246446685996782 -0.040859360410901407 0.062932308656385355 0.058583868176208753 0.034444224313774301 0.060340179493767465 0.057493187846924032 -0.023129503109057661
leaf_weight=183.10016287490726 5.283649004995822 0.22990380227565754 1.6568015255033959 4.4452398996800175 0.99215783551335235 7.3852413194254023 0.93339166045188893 1.6039618253707866 6.0191179420799017 1.3289372976869342 12.888897364027798 7.6887623667717069 5.2532171066850415 3.1126276254653922 9.5935861095786077 1.3888007290661328 0.90208328142762173 0.99935296364128667 0.81333510577678714 1.7142003588378427 8.5353815220296365 2.5172679163515559 28.394900510087609 3.4866009596735221 6.1939583979547024 2.2513725161552429 3.69812680594623 2.8213941678404799 7.5243841186165792 4.4277033843100071
leaf_count=793 158 1 21 25 7 74 5 9 25 5 163 61 28 9 50 5 16 11 11 7 62 14 181 19 25 11 20 16 35 17
internal_value=0.000697896 0.0342326 0.0001231 0.000408406 -0.000118512 -0.0282526 -0.0397118 0.000736813 0.0305287 0.0446259 -0.000160234 -0.0118267 0.00217891 0.0124665 0.00285721 -0.0362172 0.0261804 -0.0465098 -0.0244204 0.025173 0.00188547 0.0275292 0.000713776 0.0030913 0.0317831 -0.00184145 -0.0148291 0.00136117 0.000508047 0.0276262
internal_weight=327.185 5.51355 321.671 320.014 315.569 9.31079 8.31863 306.258 8.95202 7.34806 297.306 44.3549 28.1757 22.9225 19.8099 16.1791 2.29088 13.8883 10.2163 2.52754 252.951 11.0526 241.899 209.806 11.9319 5.73797 32.093 197.874 195.052 11.9521
internal_count=1884 159 1725 1704 1679 86 79 1593 39 30 1554 361 166 138 129 195 21 174 79 18 1193 76 1117 916 55 30 201 861 845 52
is_linear=0
shrinkage=0.05


Tree=88
num_leaves=31
num_cat=0
split_feature=205 132 74 176 202 213 43 209 197 95 188 51 123 102 211 213 196 87 306 102 201 267 120 149 238 236 202 120 224 218
split_gain=2.46648 2.12382 2.56341 2.5495 2.7781 2.33587 2.79068 2.24626 4.9948 3.7511 2.70976 2.64849 2.49863 3.40186 2.68401 4.50018 3.83229 4.48366 3.57214 3.23397 4.96744 4.43921 4.58087 3.50042 3.34263 4.28788 3.30539 3.87588 4.16343 4.54609
threshold=0.0013499999768100681 0.0011500000255182388 0.0041499999351799497 0.0097000002861022967 0.055900000035762794 0.023450000211596492 0.0059500001370906839 0.014549999963492157 0.012450000271201135 1.0000000180025095e-35 0.026500000618398193 0.0058000001590698966 0.021099999547004703 0.032300001010298736 0.0047500000800937423 0.0035500000230968003 0.0047500000800937423 0.0060499999672174462 0.76164582371711742 0.0049499999731779107 0.0024500000290572648 0.0014499999815598132 0.0046500000171363362 0.011700000148266556 0.086449999362230315 0.0012500000302679839 0.0028499999316409235 0.0097500002011656779 0.0031500000040978198 0.028050000779330734
decision_type=2 2 2 2 2 2 2 2 2 2 2 2 2 2 2 2 2 2 2 2 2 2 2 2 2 2 2 2 2 2
left_child=1 5 3 4 -3 6 7 8 9 10 12 -9 13 14 15 18 17 -16 19 23 21 22 -21 24 25 26 27 28 29 -1
right_child=-2 2 -4 -5 -6 -7 -8 11 -10 -11 -12 -13 -14 -15 16 -17 -18 -19 -20 20 -22 -23 -24 -25 -26 -27 -28 -29 -30 -31
leaf_value=0.0018933565261357755 0.043155249988186942 -0.04511079605989083 0.058051970529677935 0.020811779175138542 0.044017838475002735 0.03833786226615761 -0.055652609804500458 -0.040544523862670351 0.063561590286800709 0.048761434495075161 -0.044979410081985159 0.060818394424283911 -0.034233462877887401 0.054465324076832189 0.065095961018542203 -0.036275384156644962 -0.017226126346443167 -0.015336416912952256 0.052704526480967455 0.058678576129067878 0.065632847142285983 -0.045130802116444102 -0.036818695906381475 0.029154175385436187 -0.039480338950218463 0.05550328891536456 0.029676822195447258 -0.028684659804558206 0.026511135653641046 -0.021601059378829765
leaf_weight=154.56032418087125 3.380313688889145 9.0596549212932516 0.99323269724845964 2.4051007162779579 0.96767049282789308 4.1480538267642251 2.191856298595666 5.5159472888335577 3.2169107515364876 4.0397140979766837 3.2747879158705464 0.7296873778104781 5.0099570835009208 2.987030077725648 6.1182510461658222 8.3946871384978277 3.9540093895047894 2.4171767961233854 3.2885792460292569 2.52398549020291 1.545914627611636 11.561197543516753 2.4991757161915302 11.162875486537812 5.1175667420029631 3.6017277520149937 9.2803047895431501 11.772270537912844 14.627909019589422 23.754025559872389
leaf_count=712 76 97 7 27 7 24 29 36 33 27 13 3 65 25 48 39 24 16 19 13 5 102 28 58 23 21 47 91 66 103
internal_value=0.000668492 0.000220691 -0.0192452 -0.0254205 -0.0365096 0.00107116 0.000561223 0.00097063 0.00159947 0.000915656 0.000243254 -0.0287021 0.000764389 0.00139246 0.000818453 -0.000254275 0.0234671 0.042318 0.000930178 0.000254547 -0.0200888 -0.0280794 0.0111658 0.00183158 0.000462113 0.0014015 0.000490921 -0.000832161 0.000867245 -0.00123644
internal_weight=324.1 320.72 13.4257 12.4324 10.0273 307.294 303.146 300.954 294.708 291.491 287.452 6.24563 284.177 279.167 276.18 263.691 12.4894 8.53543 255.296 252.007 18.1303 16.5844 5.02316 233.877 222.714 217.597 213.995 204.715 192.942 178.314
internal_count=1884 1808 138 131 104 1670 1646 1617 1578 1545 1518 39 1505 1440 1415 1327 88 64 1288 1269 148 143 41 1121 1063 1040 1019 972 881 815
is_linear=0
shrinkage=0.05


Tree=89
num_leaves=31
num_cat=0
split_feature=178 120 250 53 205 220 305 67 66 215 91 129 121 94 120 120 223 6 63 232 25 195 204 243 218 153 120 195 163 273
split_gain=2.32703 1.95456 2.29939 2.95211 2.40538 2.3381 2.26723 2.21656 2.5484 2.21698 3.3438 3.54009 2.18574 3.11832 2.31861 3.12338 2.86465 2.75141 2.792 2.45004 4.11304 5.0412 3.5197 3.26734 4.21157 2.98154 2.94321 2.74328 4.68455 5.13474
threshold=0.0011500000255182388 0.41179999709129339 0.00045000000682193791 0.00335000001359731 0.0013499999768100681 0.020100000314414505 0.022099999710917476 0.0020500000100582842 1.0000000180025095e-35 0.0014499999815598132 0.0011500000255182388 0.0011500000255182388 0.0050000001210719356 0.0012500000302679839 0.058150000870227821 0.16434999555349353 0.0024500000290572648 0.064550001174211516 0.0063000000081956395 0.031549999490380294 0.0024500000290572648 1.0000000180025095e-35 0.0034500000765547161 0.0012500000302679839 0.019849999807775024 0.0044499998912215242 0.0036499999696388845 0.0096500003710389155 0.0015499999863095584 1.0000000180025095e-35
decision_type=2 2 2 2 2 2 2 2 2 2 2 2 2 2 2 2 2 2 2 2 2 2 2 2 2 2 2 2 2 2
left_child=1 2 3 4 7 -4 -5 8 9 12 11 -11 14 -14 16 -16 17 18 19 27 21 23 -22 -21 -25 -23 -24 -1 -29 -30
right_child=-2 -3 5 6 -6 -7 -8 -9 -10 10 -12 -13 13 -15 15 -17 -18 -19 -20 20 22 25 26 24 -26 -27 -28 28 29 -31
leaf_value=0.0049282077777477876 0.051398197743505417 -0.045808610670639432 0.05338429236705157 -0.041924589861926681 0.056379265563042451 -0.0057021599677738706 0.021608617141951555 0.057530179927606943 -0.03806213960427153 0.051488984838196673 -0.038645758243618211 -0.033243547475111518 0.071501512136237996 -0.012550598703847572 -0.051065826970626685 0.014591998337072035 0.054818884814323759 -0.034616679478472398 0.045395908737397718 -0.054190985688236326 0.065641347729208349 0.07658222249399374 0.059997389995206291 0.074467144103099611 -0.037916350414533985 -0.016204490290495716 -0.052546292432696706 -0.019514724785719594 0.037462538866777279 -0.0049579650521526259
leaf_weight=161.6821484901011 2.2420873157680026 2.283807545900344 4.0775365736335507 6.8441300783306342 1.9343345668166865 2.8406930807977915 1.7666861675679681 1.6907668039202679 4.3071133513003579 6.999319000169633 1.7889485880732525 1.4961916934698818 2.507057085633277 1.971013883128762 5.0389594342559567 2.8277768809348345 2.3685013130307189 5.7530782613903275 3.3935933820903292 10.715567938983446 2.5285847391933194 1.6155581418424838 0.85307563841342959 1.2615000009536737 2.4578995332121849 1.8655235189944503 1.8209355901926754 36.356749935075641 9.4806938543915731 28.814369231462479
leaf_count=717 82 23 39 124 33 30 13 8 32 66 6 5 8 22 59 24 14 49 17 33 11 6 4 6 9 13 12 223 44 152
internal_value=0.000637776 0.000281389 0.000613381 -2.25733e-05 0.000801782 0.0291228 -0.0288894 0.000442946 0.000118945 0.000679068 0.0234834 0.0365663 -0.000148746 0.0345061 -0.000705302 -0.0274645 7.15701e-05 -0.00041119 0.000337487 -0.00025187 -0.0157868 -0.0271515 0.0233496 -0.0401762 0.000200495 0.0268575 -0.0166421 0.00126779 -0.00666001 0.00554406
internal_weight=321.584 319.342 317.058 310.14 301.529 6.91823 8.61082 299.595 297.904 293.597 10.2845 8.49551 283.313 4.47807 278.835 7.86674 270.968 268.599 262.846 259.453 23.1186 17.916 5.2026 14.435 3.7194 3.48108 2.67401 236.334 74.6518 38.2951
internal_count=1884 1802 1779 1710 1573 69 137 1540 1532 1500 77 71 1423 30 1393 83 1310 1296 1247 1230 94 67 27 48 15 19 16 1136 419 196
is_linear=0
shrinkage=0.05


Tree=90
num_leaves=31
num_cat=0
split_feature=295 99 292 270 295 99 256 216 306 202 238 292 306 232 217 232 237 98 211 300 256 270 269 144 256 109 213 247 279 306
split_gain=2.30846 3.29939 3.40542 4.7201 2.59333 2.66095 4.94877 4.48682 5.87252 5.18892 6.02655 4.22491 3.96961 12.7043 3.91075 6.34836 3.7794 3.72111 4.58024 3.511 3.69535 3.47618 3.94548 5.66793 7.29544 5.91648 7.18711 6.24704 8.68576 8.42143
threshold=0.0024500000290572648 0.0010500000207684936 0.012950000353157522 0.0016499999910593035 0.0023500000825151805 0.0018500000005587938 0.044699998572468765 0.0012500000302679839 0.12097691372036935 1.0000000180025095e-35 0.048899998888373382 0.095049999654293074 0.034045895561575897 0.0019500000635161998 1.0000000180025095e-35 0.0060499999672174462 0.0044499998912215242 1.0000000180025095e-35 0.0056499999482184657 0.0016499999910593035 0.017150000669062141 0.0014499999815598132 0.0019500000635161998 0.0010500000207684936 0.015649999491870407 0.0010500000207684936 0.0011500000255182388 0.0020500000100582842 0.0010500000207684936 1.0000000180025095e-35
decision_type=2 2 2 2 2 2 2 2 2 2 2 2 2 2 2 2 2 2 2 2 2 2 2 2 2 2 2 2 2 2
left_child=4 2 -2 -4 5 6 14 9 -9 10 12 -11 13 -7 21 -16 -10 18 -14 20 -18 22 23 24 25 26 27 28 29 -1
right_child=1 -3 3 -5 -6 7 -8 8 16 11 -12 -13 17 -15 15 -17 19 -19 -20 -21 -22 -23 -24 -25 -26 -27 -28 -29 -30 -31
leaf_value=-0.029810268361934462 0.051098529656655955 0.048952319409635542 -0.045983246473244865 0.054273637527352106 -0.042431544588312053 -0.054634194771207949 0.057619564670121394 0.063108735462104479 -0.028826548955231748 0.022608974864265351 0.041220443092188197 -0.01214482306072512 -0.043872302478487897 0.089960708043280949 0.0037350407792428814 0.064711942640825137 -0.038556071925921337 -0.012676182107953876 0.024778855531732223 -0.015312918583732061 0.036302640046767184 -0.032594164754016344 0.026202165684140268 -0.021170139934719237 0.073880130460445295 -0.046817355513741471 0.10365989859917178 0.025504770349224232 -0.023194837035396265 0.034352961054997751
leaf_weight=7.1269163526594665 2.3621135577559453 5.8873327635228625 4.4728391952812672 1.5917792227119205 3.6113043148070565 3.0786296650767317 4.2717160061001769 4.6370990220457307 7.2312728315591839 17.852664358913898 4.0357438754290333 17.141245533712208 27.776500687003139 2.9988193288445473 12.64792972803116 6.442784557119011 1.8884532619267727 28.277657633647323 2.6624706368893376 7.4221288347616783 12.978881292045115 7.6442938037216654 15.030139265581964 26.869923467747867 3.685807801783084 5.779612796381115 1.8244544714689244 22.596848849207163 31.300352893769741 18.105507075786591
leaf_count=11 37 70 16 41 12 53 52 15 46 117 18 115 175 10 52 30 11 244 14 53 85 23 74 170 14 50 5 87 101 83
internal_value=0.000608866 0.0202329 0.000168097 -0.0196688 -0.000312361 0.000192455 0.00451128 -0.00491966 0.0107996 -0.0100913 -0.0180614 0.00558534 -0.0217539 0.0167138 0.00308496 0.0243137 0.0025829 -0.0257354 -0.0378674 0.0127729 0.0267941 0.000189411 0.00208337 -0.00100736 0.00498441 0.00205664 0.00554594 0.00328377 -0.00559824 0.01623
internal_weight=319.233 14.3141 8.42673 6.06462 304.919 301.308 163.326 137.982 34.1578 103.824 68.8298 34.9939 64.7941 6.07745 159.055 19.0907 29.5207 58.7166 30.439 22.2895 14.8673 139.964 132.32 117.289 90.4195 86.7337 80.9541 79.1296 56.5328 25.2324
internal_count=1884 164 94 57 1720 1708 752 956 210 746 514 232 496 63 700 82 195 433 189 149 96 618 595 521 351 337 287 282 195 94
is_linear=0
shrinkage=0.05


Tree=91
num_leaves=31
num_cat=0
split_feature=295 99 292 270 295 99 256 216 306 98 182 306 232 102 232 217 232 25 176 269 300 173 218 234 216 309 116 50 309 195
split_gain=2.16297 3.07084 3.18634 4.4426 2.41576 2.42974 4.66246 4.10292 5.38589 3.84006 9.56496 4.73526 7.70039 4.50208 4.3678 3.55459 5.95628 3.68534 4.92501 3.48902 4.61967 3.38376 3.56031 3.27187 3.42712 3.55215 4.89889 4.18827 5.04525 4.93854
threshold=0.0024500000290572648 0.0010500000207684936 0.012950000353157522 0.0016499999910593035 0.0023500000825151805 0.0018500000005587938 0.044699998572468765 0.0012500000302679839 0.12097691372036935 1.0000000180025095e-35 0.0043500000610947618 0.035040143877267844 0.0019500000635161998 0.0048500001430511483 0.037900000810623176 1.0000000180025095e-35 0.0075499999802559623 0.0016499999910593035 1.0000000180025095e-35 0.0028499999316409235 0.0016499999910593035 1.0000000180025095e-35 0.13174999505281451 0.0047000001650303611 0.0012500000302679839 0.51554068922996532 0.0011500000255182388 1.0000000180025095e-35 0.96053588390350353 0.0029499999945983295
decision_type=2 2 2 2 2 2 2 2 2 2 2 2 2 2 2 2 2 2 2 2 2 2 2 2 2 2 2 2 2 2
left_child=4 2 -2 -4 5 6 15 9 -9 10 11 12 -7 -11 -12 23 17 18 -17 -10 -21 -15 -23 24 25 26 -1 28 29 -27
right_child=1 -3 3 -5 -6 7 -8 8 19 13 14 -13 -14 21 -16 16 -18 -19 -20 20 -22 22 -24 -25 -26 27 -28 -29 -30 -31
leaf_value=-0.0017827460177977086 0.050200511020366018 0.048035822239493875 -0.045342613266567647 0.054075941645772785 -0.041582244925400441 -0.054699361442909183 0.056851147552617602 0.060852178921392913 -0.01831304235597609 0.0080468558477927148 0.026827623528511865 -0.044878637443581719 0.078650668861508455 0.011730792661472134 -0.041921181093049723 -0.034167235751916575 0.067191242269103571 0.039880707884040217 0.058283111087434496 0.037997015949101889 -0.01476621842459196 -0.044610962420758835 0.044748938340953864 0.060238081412321377 -0.026813657352501748 0.041830231029170689 -0.056078628123988443 -0.013999101191179237 0.0011186883214122168 -0.00044984367673698471
leaf_weight=14.207361085340382 2.2860947567969543 5.7043559458106747 4.3133063521236181 1.5195431504398582 3.5035755056887856 2.1767080761492279 4.1169217918068162 4.570315793156623 11.93115273024887 40.193418236449361 11.401896987110375 25.804839042015374 2.1537972986698151 5.2522415472194579 2.8974108938127747 6.7399597279727477 5.4831842184066764 4.9205905571579924 1.8321447074413297 10.348131883889438 6.9244012963026753 11.512256854213772 1.2341548427939404 2.2309432365000239 11.591329492628573 19.407185060903434 5.8711341023445121 22.174405021592975 52.541660338640213 10.722631800919769
leaf_count=44 37 70 16 41 12 33 52 15 74 236 74 162 8 53 26 19 25 31 7 71 50 144 10 8 36 85 17 145 227 56
internal_value=0.000580468 0.0199208 0.000167173 -0.0194426 -0.000305538 0.00017936 0.00432253 -0.00473651 0.0103798 -0.00971123 -0.0207795 -0.0367593 0.0116229 -0.00125966 0.0128973 0.00295141 0.0232482 0.00539062 -0.0144075 0.00248103 0.0168447 -0.0220424 -0.0359588 0.000175486 -0.000806059 0.0016071 -0.0176594 0.00529672 0.0104723 0.0267836
internal_weight=315.567 13.8233 8.11894 5.83285 301.744 298.24 161.839 136.401 33.774 102.627 44.4347 30.1353 4.33051 58.1921 14.2993 157.723 18.9759 13.4927 8.5721 29.2037 17.2725 17.9987 12.7464 138.747 136.516 124.924 20.0785 104.846 82.6715 30.1298
internal_count=1884 164 94 57 1720 1708 752 956 210 746 303 203 41 443 100 700 82 57 26 195 121 207 154 618 610 574 61 513 368 141
is_linear=0
shrinkage=0.05


Tree=92
num_leaves=31
num_cat=0
split_feature=232 307 153 232 269 232 232 295 169 87 243 295 32 198 279 306 87 242 265 226 109 195 207 237 47 172 279 25 47 243
split_gain=2.12434 2.57942 3.0319 2.37736 3.76722 2.93948 2.73243 4.33057 3.21446 2.66929 2.41391 2.36661 2.21348 1.96944 4.54825 2.73076 2.95319 2.39904 2.59687 2.21787 2.41881 5.62464 4.50306 3.6304 2.88257 3.95358 3.6429 2.79449 5.56938 9.81314
threshold=0.13990000635385516 0.0065953999292105445 0.0019500000635161998 0.049799999222159393 0.0011500000255182388 0.045649999752640731 0.044250000268220908 0.0024500000290572648 0.02615000028163195 0.038150001317262656 0.0011500000255182388 0.0023500000825151805 0.088500000536441817 0.0038499999791383748 0.0012500000302679839 0.080461930483579649 0.0014499999815598132 0.0072000001091510066 0.0014499999815598132 0.087250001728534712 0.0011500000255182388 0.027050000615417961 0.0044499998912215242 0.047949999570846565 1.0000000180025095e-35 0.0041499999351799497 0.0091500002890825289 0.0010500000207684936 0.0010500000207684936 0.0027499999850988392
decision_type=2 2 2 2 2 2 2 2 2 2 2 2 2 2 2 2 2 2 2 2 2 2 2 2 2 2 2 2 2 2
left_child=3 2 -2 5 -5 6 7 9 -9 11 -6 12 13 17 -15 -16 -17 18 19 20 27 22 -22 -23 25 26 -24 28 29 -1
right_child=1 -3 -4 4 10 -7 -8 8 -10 -11 -12 -13 -14 14 15 16 -18 -19 -20 -21 21 23 24 -25 -26 -27 -28 -29 -30 -31
leaf_value=0.0078884198677759958 0.079889267829120703 0.053584803017179994 -0.052079891155635674 -0.038770001636080728 -0.029082060797190962 0.061637517261357223 -0.053382753220018953 0.052700168630000203 -0.056614528111649257 0.087227267802800115 0.049340657781674707 -0.042046067939487543 -0.044901863443163978 -0.057223660976469748 -0.071180230602349279 0.057417941110771246 -0.038609773848538254 -0.043646327761543091 0.055557827497779155 -0.037998089543472446 -0.048821428995322658 0.014542020621795094 -0.030933477552054802 -0.067570986424445076 -0.049132460329751361 0.066809278662811375 0.060179789976119051 -0.0023436026661758863 -0.03091792174928832 0.070040596284692322
leaf_weight=77.704276617616415 0.60829134285449926 3.9713988834992051 1.5296844225376842 9.0858216248452646 1.6060660891234864 1.9790046773850907 2.334506598301231 6.007434873841702 0.75727031007409085 0.87394663691520591 2.5222351346164942 3.3530368134379378 2.6923941951245061 1.4895205087959755 0.53530099242925455 6.5722941095009446 0.91170788370072831 3.1321129938587537 2.1146679557859889 3.7991045396774998 11.773988927714528 19.142050245311115 4.9028418362140638 1.447897896170615 2.7539798915386191 2.2366962730884552 1.4132736735045908 120.06524182949215 7.9045294243842354 6.9161686766892663
leaf_count=321 2 60 15 55 16 15 9 74 3 2 33 10 28 9 3 36 8 20 29 27 155 140 42 11 23 9 6 669 26 28
internal_value=0.000553354 0.0297472 -0.0145324 -2.94572e-05 -0.0207745 0.000906727 0.000493479 0.000929439 0.040463 -1.97962e-05 0.0188312 -0.00029128 0.000213229 0.000655226 0.0230132 0.0379165 0.0457198 -0.000146102 0.000373581 -7.51479e-05 0.000487065 -0.0102307 -0.027179 0.00876778 -0.00464227 0.00968344 -0.0105463 0.00268874 0.00921897 0.0129682
internal_weight=312.137 6.10937 2.13798 306.027 13.2141 292.813 290.834 288.5 6.76471 281.735 4.1283 280.861 277.508 274.816 9.50882 8.0193 7.484 265.307 262.175 260.06 256.261 43.6707 23.0808 20.5899 11.3068 8.55281 6.31612 212.59 92.525 84.6204
internal_count=1884 77 17 1807 104 1703 1688 1679 77 1602 49 1600 1590 1562 56 47 44 1506 1486 1457 1430 386 235 151 80 57 48 1044 375 349
is_linear=0
shrinkage=0.05


Tree=93
num_leaves=31
num_cat=0
split_feature=205 39 223 194 184 132 169 213 43 210 209 197 51 309 218 153 153 306 6 188 195 206 309 6 211 232 306 270 102 182
split_gain=2.02014 1.83603 3.31283 2.54774 2.04525 2.04291 2.57417 2.0704 2.46815 2.16081 2.1233 3.52928 2.44892 2.27472 3.51672 4.48502 5.46978 4.30289 4.20958 3.15611 4.7497 3.73929 5.21676 3.50824 3.33509 4.71174 6.36072 4.20105 3.47815 4.06489
threshold=0.0013499999768100681 0.003249999950639904 0.0024500000290572648 1.0000000180025095e-35 0.0014000000082887711 0.0011500000255182388 0.003249999950639904 0.023450000211596492 0.0059500001370906839 0.0056500001810491094 0.014549999963492157 0.012450000271201135 0.0058000001590698966 0.51554068922996532 1.0000000180025095e-35 1.0000000180025095e-35 0.013249999843537809 0.012880790513008835 0.0031500000040978198 0.0012500000302679839 0.021650000475347046 0.0035500000230968003 0.68318292498588573 0.037249999120831497 0.0047500000800937423 0.037900000810623176 0.37833879888057714 0.0014499999815598132 0.0049499999731779107 0.0011500000255182388
decision_type=2 2 2 2 2 2 2 2 2 2 2 2 2 2 2 2 2 2 2 2 2 2 2 2 2 2 2 2 2 2
left_child=1 2 3 4 5 7 -7 8 10 -9 11 13 -12 -1 15 18 -17 -16 -15 23 -21 22 -22 24 25 27 -27 28 29 -19
right_child=-2 -3 -4 -5 -6 6 -8 9 -10 -11 12 -13 -14 14 17 16 -18 19 -20 20 21 -23 -24 -25 -26 26 -28 -29 -30 -31
leaf_value=-0.013487654574362247 0.041705552130436509 -0.053939299567550426 0.050945861046517493 -0.064348367302895601 0.057610874169576623 -0.046390588043551576 0.00079571107330908813 0.058956130171412061 -0.05528273886565245 -0.024876508819495848 -0.041264904095045352 0.06454020443428693 0.059574035192243371 0.040685327301939786 -0.044306384896489887 -0.044895906699796123 0.030651972750354542 -0.0016114819160385164 -0.046424241473948247 0.049574664033482603 0.039875417751691761 0.063751291248354977 -0.034715924645364819 -0.049101740501699125 0.028975860150973594 -0.051355961380409501 0.044422299813748206 -0.02262137751040566 -0.027656728835080909 0.015599960304733285
leaf_weight=25.435441920533776 2.9502261569723478 1.5619274838827539 3.2087514754384747 1.5364963356405485 1.5433682929724444 5.2903634179383499 6.3710399121046066 2.8974006865173574 1.9877820797264565 1.0461988188326357 5.0991413556039324 2.1857731211930505 0.68269643187522877 16.764796912670143 5.3248057980090371 5.004412926733492 4.5964420465752482 86.746843818575144 1.5119877792894829 8.1143592111766356 3.4410329237580282 1.9838566500693549 7.3526939805597067 3.6872177850455037 9.5250445362180454 8.9885417185723764 2.1476286165416232 17.346948752179742 8.5363252246752364 56.745001133531332
leaf_count=107 76 39 41 11 16 64 56 16 29 7 34 21 3 73 47 42 41 421 13 41 13 11 52 38 66 46 20 64 93 283
internal_value=0.00052859 0.000132452 0.000409265 -0.000127876 0.000200648 -9.58747e-05 -0.020611 0.000737256 0.000236261 0.0367161 0.000628691 0.00125816 -0.0293582 0.00075196 0.00221348 0.0189435 -0.0087271 9.29309e-05 0.033479 0.00119452 0.0196582 0.000659787 -0.0109363 -0.000796676 0.000140572 -0.00138098 -0.032885 0.000690362 0.00335031 0.00519492
internal_weight=309.615 306.664 305.102 301.894 300.357 298.814 11.6614 287.152 283.209 3.9436 281.221 275.439 5.78184 273.253 247.818 27.8776 9.60085 219.94 18.2768 214.615 20.8919 12.7776 10.7937 193.724 190.036 180.511 11.1362 169.375 152.028 143.492
internal_count=1884 1808 1769 1728 1717 1701 120 1581 1558 23 1529 1492 37 1471 1364 169 83 1195 86 1148 117 76 65 1031 993 927 66 861 797 704
is_linear=0
shrinkage=0.05


Tree=94
num_leaves=31
num_cat=0
split_feature=178 207 58 309 306 306 116 292 307 144 47 243 232 163 256 87 238 309 256 306 234 209 292 309 234 279 32 306 306 306
split_gain=1.95577 1.80981 2.3999 1.76887 3.00153 3.20067 2.60513 2.16844 4.94947 4.19939 3.20812 6.60893 3.51336 4.26364 3.8054 5.42068 4.24322 4.91913 3.00609 3.87134 2.82039 3.91498 3.04064 3.49555 4.44287 3.19738 5.34053 4.09326 6.94794 6.29941
threshold=0.0011500000255182388 0.33859999477863317 0.0024500000290572648 0.26008526980876928 0.0024492300581187014 0.0036469249753281478 0.0064499999862164268 0.0027499999850988392 0.0077387292403727779 0.002650000038556755 1.0000000180025095e-35 0.0024500000290572648 0.0082499999552965182 0.0023500000825151805 0.0021499999566003685 0.0014499999815598132 0.0023500000825151805 0.94604119658470165 0.0021499999566003685 0.0049499999731779107 0.0036500000860542063 0.0020500000100582842 0.50740000605583202 0.54178628325462352 0.0020500000100582842 1.0000000180025095e-35 0.0010500000207684936 0.027811379171907905 0.058442391455173499 0.076822459697723403
decision_type=2 2 2 2 2 2 2 2 2 2 2 2 2 2 2 2 2 2 2 2 2 2 2 2 2 2 2 2 2 2
left_child=1 2 3 6 -5 -6 -1 8 9 10 11 12 13 14 15 16 17 -7 19 -9 21 22 23 -20 25 26 -25 -27 -29 -30
right_child=-2 -3 -4 4 5 7 -8 18 -10 -11 -12 -13 -14 -15 -16 -17 -18 -19 20 -21 -22 -23 -24 24 -26 27 -28 28 29 -31
leaf_value=-0.0045840847693434487 0.05128612092451626 0.063296430121131619 -0.048126930290163364 0.045970402825783768 -0.064176221087107563 0.051988077572235253 -0.054056836511854923 0.12081166789935174 0.043922760732742455 -0.04695203111606 -0.017617560018947452 0.075904198774751852 0.051283996837136518 0.066745568562227839 -0.048787665347770515 0.10201257467147316 0.050763404331764572 -0.038560941516673344 -0.03460158210688892 -0.030480629844869191 -0.025664992011057448 0.03176144136053307 0.039680508204426847 0.032759179677963123 0.073158172837899063 0.042390935584779577 -0.04080468584546057 -0.033379675643268138 0.037267719101927166 -0.0031356207128556499
leaf_weight=10.790502544492481 1.8842628365382541 1.1318724863231171 2.5733232027851036 3.6988345347344866 1.8921427140012372 1.8526283204555634 3.5319401361048213 0.43852600455284019 9.0762329800054413 3.8004007991403332 9.0599295794963819 4.024191588163375 3.7230294793844214 2.0518601164221755 4.5655346475541583 1.2774071246385563 2.5835922546684733 7.8777585923671722 7.4005714170634738 11.815132679417728 9.922956081107257 10.243278456851838 4.7286273883655658 14.31849790364504 2.076873702928423 4.9298533480614415 2.980745203793048 17.751271657645702 10.39271013624966 134.50460267905146
leaf_count=33 82 9 65 14 15 7 10 1 60 46 37 12 14 7 29 4 12 55 37 77 61 80 38 84 10 23 25 88 56 793
internal_value=0.000502809 0.000189089 -4.59664e-05 0.000364667 0.0012205 0.00063621 -0.0167842 0.00107202 0.0105267 0.00310046 0.00823932 0.016619 0.00665002 -0.00157283 -0.00929329 0.00397342 -0.0061968 -0.0213208 -0.000965606 -0.0250663 0.000381356 0.00161606 6.50159e-05 -0.000898822 0.000435297 -0.000381655 0.0200838 -0.00249431 -0.00385478 -0.000237705
internal_weight=306.899 305.015 303.883 301.31 286.987 283.288 14.3224 281.396 49.8926 40.8163 37.0159 27.956 23.9318 20.2088 18.1569 13.5914 12.314 9.73039 231.504 12.2537 219.25 209.327 199.084 194.355 186.955 184.878 17.2992 167.578 162.649 144.897
internal_count=1884 1802 1793 1728 1685 1671 43 1656 283 223 177 140 128 114 107 78 74 62 1373 78 1295 1234 1154 1116 1079 1069 109 960 937 849
is_linear=0
shrinkage=0.05


Tree=95
num_leaves=31
num_cat=0
split_feature=293 107 146 87 217 174 218 238 66 160 171 132 182 102 121 1 54 198 105 153 109 207 173 306 249 306 43 256 271 120
split_gain=1.93193 2.46116 1.81143 2.50158 2.46031 2.90028 2.61544 3.36688 2.62624 2.47161 2.47734 2.51775 2.86771 2.52067 2.78549 2.56209 3.14371 3.8546 3.80935 3.6755 3.62778 5.55015 4.79705 7.54745 3.62526 4.67195 5.14239 4.65006 6.0161 6.10617
threshold=0.0031500000040978198 0.0010500000207684936 0.0046500000171363362 0.038150001317262656 0.018050000071525577 0.0012500000302679839 0.13174999505281451 0.086449999362230315 1.0000000180025095e-35 0.0001499999962106813 1.0000000180025095e-35 0.0017499999958090486 0.028549999929964546 0.0559499990195036 0.0050000001210719356 0.0018500000005587938 0.0014499999815598132 0.0017499999958090486 0.052949998527765281 1.0000000180025095e-35 1.0000000180025095e-35 0.06115000136196614 1.0000000180025095e-35 0.087919201701879515 1.0000000180025095e-35 0.10824440047144891 0.0012500000302679839 0.0081500001251697558 0.0010500000207684936 0.020200000144541267
decision_type=2 2 2 2 2 2 2 2 2 2 2 2 2 2 2 2 2 2 2 2 2 2 2 2 2 2 2 2 2 2
left_child=2 -2 3 4 5 6 7 8 9 10 11 12 13 14 15 16 17 18 20 -18 24 22 23 -22 25 27 -27 -1 29 -29
right_child=1 -3 -4 -5 -6 -7 -8 -9 -10 -11 -12 -13 -14 -15 -16 -17 19 -19 -20 -21 21 -23 -24 -25 -26 26 -28 28 -30 -31
leaf_value=-0.0009455492519323018 0.053738837229296066 -0.031610665396362495 -0.046782439319165037 0.077376356674246513 -0.043396590637878575 0.055464865143113197 0.027450330279088012 -0.032960735267669287 -0.039588802713512942 0.02935674004419624 -0.051275797845965837 -0.044015645849969073 0.047092894059081958 -0.045360829369949736 0.05888604842448758 0.049461044968476302 0.070025279376114871 0.028799099209389025 0.083207998923575166 -0.04697053172236848 -0.0542820480739577 0.041367336161384105 -0.040745999378294512 0.032390715101856447 0.01946473107426256 -0.0066515295095310682 -0.049642596255251373 0.0398254436178032 -0.033480373014324619 -0.054682529309734232
leaf_weight=85.491620052605867 3.4396826745942226 1.1195756504312155 2.0561743648722759 1.0492628812789906 3.2250791043043128 2.3817178588360539 8.465237168595193 7.8887605816125861 4.0918964659795156 7.3555310089141122 2.3372925575822583 3.1479824539273968 3.3269354887306681 2.9780902774073175 2.054909259080886 2.6366321071982375 0.75638559088110824 11.73719862103462 1.3485212139785279 5.9675621315836906 3.8967886529862934 3.6384407300502053 17.181723453104496 7.0667050257325172 24.481875111348927 50.007660614326596 8.0796645339578372 21.668242638930685 4.0681935511529437 1.8554716296493996
leaf_count=374 139 20 31 4 21 24 48 42 37 56 10 47 26 53 10 12 6 56 4 58 57 15 181 39 127 228 44 89 17 9
internal_value=0.000477131 0.0327803 -1.3403e-05 0.000309099 3.69547e-05 0.00051355 6.46122e-05 -0.000754378 0.000168918 0.000769045 -2.82829e-05 0.00042996 0.000971753 0.00036982 0.000910391 0.000433628 -8.92002e-05 0.000853473 -0.000580203 -0.0338095 -0.001077 -0.0167446 -0.0242569 0.00158435 0.00146819 -0.00110579 -0.0126314 0.00481453 0.0226617 0.032371
internal_weight=304.801 4.55926 300.242 298.185 297.136 293.911 291.529 283.064 275.175 271.083 263.728 261.391 258.243 254.916 251.938 249.883 247.246 240.522 228.785 6.72395 227.436 31.7837 28.1452 10.9635 195.653 171.171 58.0873 113.084 27.5919 23.5237
internal_count=1884 159 1725 1694 1690 1669 1645 1597 1555 1518 1462 1452 1405 1379 1326 1316 1304 1240 1184 64 1180 292 277 96 888 761 272 489 115 98
is_linear=0
shrinkage=0.05


Tree=96
num_leaves=31
num_cat=0
split_feature=295 99 292 270 102 129 237 99 305 96 306 116 220 6 144 153 306 306 292 43 267 292 218 144 249 218 279 196 173 269
split_gain=1.85248 2.59419 2.61973 3.72356 2.09488 3.9177 4.45215 6.26823 6.64262 5.8009 4.56263 4.28662 4.05327 4.03906 5.2572 5.41703 4.17242 3.97169 3.9577 3.70834 4.22974 7.12149 4.25267 8.13877 4.92264 3.58834 4.87861 3.56594 3.43816 3.4301
threshold=0.0024500000290572648 0.0010500000207684936 0.012950000353157522 0.0016499999910593035 0.0010500000207684936 0.0011500000255182388 0.0076500000432133683 0.0012500000302679839 0.0043500000610947618 0.0010500000207684936 0.0056399307213723668 0.0018500000005587938 0.0034500000765547161 0.0072500000242143878 0.0021499999566003685 0.0020500000100582842 1.0000000180025095e-35 0.0024492300581187014 0.023850000463426117 0.0017499999958090486 0.0017499999958090486 0.0113500002771616 0.019849999807775024 0.0015499999863095584 0.0001499999962106813 0.01124999998137355 0.0043500000610947618 0.003249999950639904 1.0000000180025095e-35 0.0024500000290572648
decision_type=2 2 2 2 2 2 2 2 2 2 2 2 2 2 2 2 2 2 2 2 2 2 2 2 2 2 2 2 2 2
left_child=4 2 -2 -4 5 6 7 8 9 13 -11 -7 25 14 15 16 -1 -18 -19 20 21 -8 -22 24 -24 26 27 -9 -28 -6
right_child=1 -3 3 -5 29 11 19 12 -10 10 -12 -13 -14 -15 -16 -17 17 18 -20 -21 22 -23 23 -25 -26 -27 28 -29 -30 -31
leaf_value=-0.038943738316460474 0.047782092859365591 0.046564407714338861 -0.044129011359078207 0.053591875520217651 -0.012556541650115044 -0.044359650973660042 -0.040945560761368127 -0.053541018376172839 0.077693980181562775 0.18473885174555241 0.037627467429672753 0.012138808538782069 0.062457498627632162 -0.055133420668683167 0.059351837934708475 -0.056158972237002593 0.059515029576952927 -0.00093456323322896123 0.048149792421624087 -0.054015292290519316 0.047354943138155428 0.039096256172893196 0.047213996904102051 -0.029887218175794119 -0.014826504149968221 -0.053091797539912382 0.066370296554771821 0.049279149818028639 -0.017646049175295053 0.004825263588460622
leaf_weight=5.5644392557442179 2.0496011478826386 5.1388016976416111 3.8080362621694803 1.3102197488769887 69.873915045987815 8.5312292370945197 6.6388973109424096 5.8139301110059076 3.0859077563509336 0.60155816376209159 4.2561132702976465 5.535631585866212 1.269218012690543 3.2417495474219313 3.7749554552137843 4.2157227508723727 3.3166295811533919 49.445944274775684 4.4787176549434653 1.7754488345235575 15.743644475936888 4.779565311037004 13.552080690860754 7.3865509871393433 4.1846011551097027 9.1166686322540027 2.5893726348876953 0.98630427196621884 2.2986939530819654 47.798978318925947
leaf_count=9 37 70 16 41 589 48 34 32 22 2 28 35 5 23 16 20 10 199 13 6 80 22 55 42 21 37 9 5 13 345
internal_value=0.000452481 0.0194522 1.48567e-05 -0.0191135 -0.000354205 0.00315979 0.00540936 -0.000638112 0.00572974 0.00291495 0.0558453 -0.0221262 -0.0242878 -0.000557829 0.00194117 -0.00129246 0.00239036 0.00640846 0.00314214 0.0170495 0.0194626 -0.00744148 0.0269798 0.0142116 0.0325768 -0.0295797 -0.0112407 -0.038628 0.0268602 -0.00549602
internal_weight=302.163 12.3067 7.16786 5.11826 289.856 172.184 158.117 104.056 81.9817 78.8958 4.85767 14.0669 22.0742 74.0382 70.7964 67.0215 62.8057 57.2413 53.9247 54.0608 52.2853 11.4185 40.8669 25.1232 17.7367 20.805 11.6883 6.80023 4.88807 117.673
internal_count=1884 164 94 57 1720 786 703 443 342 320 30 83 101 290 267 251 231 222 212 260 254 56 198 118 76 96 59 37 22 934
is_linear=0
shrinkage=0.05


Tree=97
num_leaves=31
num_cat=0
split_feature=232 120 307 153 100 301 243 66 87 66 217 217 158 218 215 205 232 169 204 182 119 121 153 90 305 292 182 292 198 307
split_gain=1.9032 2.37059 2.23142 2.62569 2.09833 2.51295 2.11968 2.23921 2.10275 2.06678 1.93008 2.18351 2.9159 2.14949 2.11189 1.9562 1.91455 3.0838 2.8871 2.03149 3.8738 4.95559 2.8046 3.1171 3.11917 2.78103 2.47261 2.38448 4.07403 3.56147
threshold=0.13990000635385516 0.26254999637603765 0.0065953999292105445 0.0019500000635161998 1.0000000180025095e-35 0.00045000000682193791 0.020200000144541267 1.0000000180025095e-35 0.038150001317262656 0.0030500000575557355 0.0083499997854232805 0.0043500000610947618 1.0000000180025095e-35 0.01664999965578318 0.0018500000005587938 0.0013499999768100681 0.049799999222159393 0.0064499999862164268 0.0010500000207684936 0.01480000000447035 0.0014499999815598132 0.0018500000005587938 0.16615000367164615 0.0016499999910593035 0.046199999749660499 0.50740000605583202 0.042500000447034843 0.22214999794960025 0.0017499999958090486 0.30437327921390539
decision_type=2 2 2 2 2 2 2 2 2 2 2 2 2 2 2 2 2 2 2 2 2 2 2 2 2 2 2 2 2 2
left_child=1 4 3 -2 5 6 7 8 10 -9 11 14 -13 -12 15 16 19 18 -18 20 21 22 25 24 -24 27 -21 29 -29 -1
right_child=2 -3 -4 -5 -6 -7 -8 9 -10 -11 13 12 -14 -15 -16 -17 17 -19 -20 26 -22 -23 23 -25 -26 -27 -28 28 -30 -31
leaf_value=-1.1755370210210081e-05 0.075562587767948941 -0.044500742347335531 0.052909778107051358 -0.051911289072873006 -0.055238482145086976 0.054045119896056308 0.046493871891869001 -0.045848781185792394 0.079571882387417636 0.044786543790362961 0.059515123217874791 0.0632857706089021 -0.027953883021507916 -0.047227373711283022 0.042205945455052192 0.056601175945687032 0.049014586886027389 0.051718669439475111 -0.047050510198919239 0.035257982128667625 -0.054042334788467351 0.062277920612373465 -0.046013193350566056 0.074106114485319383 0.036070485042932865 0.061123835549278221 -0.039387965949319599 -0.03389333252383582 0.051802131302607551 0.038952609962845268
leaf_weight=211.90671839844435 0.57614529132842918 2.9778304081410161 3.5792996725067496 1.3517012847587464 1.6884431364014734 2.1879816409200421 2.4574374239891759 4.395518939010798 0.83737391233444114 0.73401825875043858 0.54156548157334228 2.9758730363100758 1.2407994819805024 3.6522110216319561 2.9562403596937648 1.502591112628578 0.88779926300048639 1.1692720074206588 6.5701588978990912 7.3455328969284874 3.3528210292570284 3.159994848072528 8.0373908057808823 0.71500644087791521 1.352041561156512 1.8690999448299397 1.3067440204322336 10.085880501195787 1.6080320961773384 6.0314566362649193
leaf_count=1104 2 39 60 15 14 38 33 39 2 4 6 14 16 25 37 24 7 7 37 54 58 15 90 2 9 9 19 47 9 49
internal_value=0.000430424 -0.000115917 0.0295519 -0.0138152 0.000338952 0.000663791 0.000256394 -0.000143367 0.00045827 -0.0328792 0.000220198 0.000735302 0.0364376 -0.0334431 0.000177434 -0.000288082 -0.000610169 -0.0237783 -0.0356149 0.000168256 -0.000662246 6.89595e-05 -0.00074468 -0.02653 -0.0341935 0.000380784 0.0239843 -0.000113637 -0.0221093 0.00106659
internal_weight=299.053 293.546 5.50715 1.92785 290.568 288.88 286.692 284.234 279.105 5.12954 278.267 274.073 4.21667 4.19378 269.857 266.901 265.398 8.62723 7.45796 256.771 248.118 244.766 241.606 10.1044 9.38943 231.501 8.65228 229.632 11.6939 217.938
internal_count=1884 1807 77 17 1768 1754 1716 1683 1640 43 1638 1607 30 31 1577 1540 1516 51 44 1465 1392 1334 1319 101 99 1218 73 1209 56 1153
is_linear=0
shrinkage=0.05


Tree=98
num_leaves=31
num_cat=0
split_feature=232 120 307 153 100 301 53 62 201 216 204 123 288 63 33 283 234 63 87 279 306 243 307 96 307 256 87 232 98 2
split_gain=1.78296 2.21659 2.07926 2.46801 1.95048 2.38304 2.07171 2.94698 2.23962 2.14001 3.42117 2.30073 2.36996 2.37158 2.29485 2.53419 4.46671 3.03988 5.13666 2.24227 7.81873 5.92139 5.68016 5.33511 4.22775 5.42025 5.90577 5.16807 3.1561 3.35094
threshold=0.13990000635385516 0.26254999637603765 0.0065953999292105445 0.0019500000635161998 1.0000000180025095e-35 0.00045000000682193791 0.0030500000575557355 0.0013499999768100681 0.012600000016391279 0.0050500000361353168 0.0015499999863095584 0.085100002586841597 1.0000000180025095e-35 0.0075499999802559623 0.0012500000302679839 1.0000000180025095e-35 0.0039500000420957812 0.0010500000207684936 0.0024500000290572648 0.0010500000207684936 0.012880790513008835 0.0018500000005587938 0.0021493949461728339 0.0010500000207684936 1.0000000180025095e-35 0.0013499999768100681 0.0010500000207684936 0.0015499999863095584 0.0040500001050531873 1.0000000180025095e-35
decision_type=2 2 2 2 2 2 2 2 2 2 2 2 2 2 2 2 2 2 2 2 2 2 2 2 2 2 2 2 2 2
left_child=1 4 3 -2 5 6 9 8 -8 11 -11 12 13 14 15 17 -17 19 -19 21 -21 22 23 24 25 26 -1 -27 29 -24
right_child=2 -3 -4 -5 -6 -7 7 -9 -10 10 -12 -13 -14 -15 -16 16 -18 18 -20 20 -22 -23 28 -25 -26 27 -28 -29 -30 -31
leaf_value=-0.035522315762492394 0.073918893820006923 -0.043768642834565781 0.051950536783166759 -0.051817532477768297 -0.054030667031007201 0.053845675431824364 -0.037697343493693913 0.069070644175350138 0.055294678230423791 -0.041744359182452825 0.041121676958613032 -0.05950174987771284 0.052100158145876034 0.037473022151674827 -0.045090812114413466 0.035229555938080359 -0.05231512160660149 -0.048918762759980014 0.065844841794337902 -0.054392401225897946 -0.0006495583923536094 0.065109496410520815 0.021127063597756107 0.096015490449256391 -0.058639312336672335 0.047530884759626489 0.082289425328233537 -0.034846301136775663 0.080096018368017136 -0.061540192810942376
leaf_weight=13.002761745825419 0.55992092192172904 2.8787907445803276 3.466020792722702 1.2880457574501631 1.6410959800705303 2.0887868087738743 8.3369497749954409 0.81011526659131128 0.70199464261531908 1.523878013715146 6.8195927562192082 1.6002285787835706 2.217969423159956 4.1989289596676818 2.8418893311172715 10.152410753071306 1.7011741995811451 6.5713997557759276 1.1448870245367286 7.0459576249122611 171.31018788646907 4.2859033551067105 20.93826953321696 1.1225602254271496 4.6589260697364798 6.5037642829120141 1.1585289202630509 2.6920238696038723 2.1228618361055842 1.3020905032753933
leaf_count=78 2 39 60 15 14 38 138 3 5 8 57 21 62 24 50 65 9 58 7 19 868 15 112 7 43 35 6 15 6 5
internal_value=0.000411556 -0.000111895 0.0291132 -0.0137203 0.00032374 0.000634702 0.000244393 -0.0222873 -0.0304753 0.00105161 0.0259868 0.000271161 0.000632143 0.00019769 -0.000407659 8.89295e-05 0.0226655 -0.00100848 -0.031891 6.45933e-07 -0.00277267 0.00856022 0.00403018 -0.0108668 -0.0151495 -0.00647474 -0.0258842 0.0234153 0.0218471 0.0162872
internal_weight=296.688 291.374 5.31399 1.84797 288.495 286.854 284.765 9.84906 9.03894 274.916 8.34347 266.573 264.972 262.755 258.556 255.714 11.8536 243.86 7.71629 236.144 178.356 57.7877 53.5018 29.1386 28.016 23.3571 14.1613 9.19579 24.3632 22.2404
internal_count=1884 1807 77 17 1768 1754 1716 146 143 1570 65 1505 1484 1422 1398 1348 74 1274 65 1209 887 322 307 184 177 134 84 50 123 117
is_linear=0
shrinkage=0.05


Tree=99
num_leaves=31
num_cat=0
split_feature=144 1 54 153 306 198 306 253 54 253 305 292 218 308 120 271 238 132 238 247 109 195 207 153 202 237 306 172 195 179
split_gain=1.74243 2.14886 2.36814 3.47129 3.40005 2.83575 4.38462 2.93278 2.15063 2.35431 3.56381 4.40792 2.85113 3.08304 3.36605 2.66195 3.34311 3.08427 3.13374 2.80665 3.19892 3.18178 4.84354 3.07178 3.05157 4.57861 4.26434 4.24678 3.3339 3.82265
threshold=0.53134998679161083 0.0018500000005587938 0.0014499999815598132 1.0000000180025095e-35 0.62276223301887523 0.0040500001050531873 0.080461930483579649 0.01049999985843897 0.0011500000255182388 0.0063000000081956395 0.0021499999566003685 0.21414999663829806 0.14469999819993976 0.0038964110426604752 0.070150002837181105 0.017450000159442428 0.086449999362230315 0.0011500000255182388 0.048899998888373382 0.10509999841451646 0.0013499999768100681 0.027050000615417961 1.0000000180025095e-35 0.015150000341236593 1.0000000180025095e-35 0.010950000025331976 0.10824440047144891 0.0013499999768100681 0.0094499997794628161 1.0000000180025095e-35
decision_type=2 2 2 2 2 2 2 2 2 2 2 2 2 2 2 2 2 2 2 2 2 2 2 2 2 2 2 2 2 2
left_child=1 2 5 -4 -5 8 -7 -8 9 12 -11 -12 13 14 15 16 17 18 19 20 24 -22 23 -23 27 26 -26 28 -1 -30
right_child=-2 -3 3 4 -6 6 7 -9 -10 10 11 -13 -14 -15 -16 -17 -18 -19 -20 -21 21 22 -24 -25 25 -27 -28 -29 29 -31
leaf_value=0.0042528176090699489 -0.054287336122656231 0.03642368608378678 0.065880583965102685 -0.050765808950666159 0.053956694564471032 -0.064562057478028193 0.058121924678700393 -0.029423471311322537 0.059097153794878982 -0.048034847875917927 0.047051539647264926 -0.031719734888449681 0.039743967649430632 0.025749597179990438 -0.032092857226317023 0.039134336530767477 -0.053323874576182942 -0.044461616024320708 0.052815745379412221 0.040051375205730363 -0.039150198906281776 0.074909683896312709 -0.031036015389873009 -0.017178547116376255 0.051595948854266049 0.056776871377332054 -0.016817683585855486 -0.034469093230100487 -0.022774674206145689 0.022912408687259633
leaf_weight=139.55008331965655 1.4499239800497878 4.1407778058201066 0.90501263458281567 6.3519952641800046 0.88279803749173869 1.0676109790801982 5.9744911324232817 1.1390358973294494 1.5332591645419587 6.3169520217925292 3.2081561293452978 3.9783016620203853 4.6110405679792157 11.171302682720123 8.4634074252098781 4.267305700108408 2.9812933690845957 3.8390859905630341 2.851802483201026 4.3016724660992613 10.292629199568184 2.5914524104446159 5.0419572098180652 1.3919954989105461 3.1754243709147003 5.9477418344467869 8.0573216741904599 8.877876887097953 24.246014736592773 5.6442584022879592
leaf_count=635 21 43 7 75 9 8 55 8 8 38 16 29 48 109 116 39 16 44 10 23 131 10 45 19 16 30 58 44 147 27
internal_value=0.000389406 0.000660159 0.00014714 -0.026439 -0.0379874 0.000918582 0.0299234 0.0441039 4.72744e-05 -0.000287055 -0.0206374 0.00344509 0.000780942 6.99595e-05 -0.00111782 7.02238e-06 -0.000722764 -2.82869e-05 0.00074021 6.24523e-05 -0.00073832 -0.0201484 0.00152128 0.0427299 0.00117967 0.0213049 0.00252241 -0.000759333 0.0010069 -0.0141475
internal_weight=294.252 292.802 288.661 8.13981 7.23479 280.521 8.18114 7.11353 272.34 270.807 13.5034 7.18646 257.304 252.693 241.521 233.058 228.791 225.809 221.97 219.118 214.817 19.318 9.02541 3.98345 195.499 17.1805 11.2327 178.318 169.44 29.8903
internal_count=1884 1863 1820 91 84 1729 71 63 1658 1650 83 45 1567 1519 1410 1294 1255 1239 1195 1185 1162 205 74 29 957 104 74 853 809 174
is_linear=0
shrinkage=0.05


Tree=100
num_leaves=31
num_cat=0
split_feature=205 123 219 288 209 209 307 292 210 163 238 163 109 237 238 237 218 273 269 207 293 292 169 232 308 293 195 196 256 307
split_gain=1.68415 1.66748 2.45597 2.24701 2.1708 3.59174 4.47269 2.57929 2.86489 2.51158 3.29431 2.3933 3.74101 3.4062 3.83469 3.89785 4.81338 3.78059 3.60994 3.40201 3.04101 3.4043 4.24824 4.80439 2.82634 2.77897 2.76372 4.18051 4.93978 3.77728
threshold=0.0013499999768100681 0.051300000399351127 0.022099999710917476 1.0000000180025095e-35 0.011700000148266556 0.0020500000100582842 0.0055973599664866933 0.53370001912117015 0.0041000000201165685 0.018250000663101677 0.0014499999815598132 0.0016499999910593035 0.0039500000420957812 0.0011500000255182388 1.0000000180025095e-35 0.007849999703466894 0.0019500000635161998 0.0010500000207684936 0.0041499999351799497 0.0071499999612569818 0.0021499999566003685 0.22214999794960025 0.002650000038556755 0.0018500000005587938 0.0098701622337102907 0.0012500000302679839 0.0094499997794628161 0.007849999703466894 0.0098500000312924402 0.0096676195971667784
decision_type=2 2 2 2 2 2 2 2 2 2 2 2 2 2 2 2 2 2 2 2 2 2 2 2 2 2 2 2 2 2
left_child=1 3 -3 4 5 7 -7 8 9 11 -11 12 20 -13 -15 16 -16 -17 -19 -18 21 22 24 -24 26 -14 -1 28 -28 -30
right_child=-2 2 -4 -5 -6 6 -8 -9 -10 10 -12 13 25 14 15 17 19 18 -20 -21 -22 -23 23 -25 -26 -27 27 -29 29 -31
leaf_value=-0.00032924504088571803 0.041004436555059642 -0.041012860629382156 0.027164023852918613 0.051837064998789921 -0.035237649611377583 -0.053804160478340558 0.045869929156526844 0.045182731045300663 -0.057302797249499972 0.034531600532746294 -0.041756819397227689 -0.054809073786346391 -0.045214814142250398 0.047242938614225315 0.071606923597086466 0.045587420873804851 -0.057460616048035151 -0.042377312837546484 0.016991896157075023 0.055451500360117492 0.042274600584252288 -0.041016203781452772 -0.034758379841592822 0.041182899477916569 0.047078484153306552 0.063271067000737091 -0.057581108430509488 0.014547207860626571 0.040139461930164183 -0.028409761397830875
leaf_weight=156.75345057295635 2.5278766052797428 5.2929312782362095 1.7602636907249687 2.1249659648165098 4.2494976255111387 1.3140969276428203 7.8420962318778038 3.083158951252698 2.2257348997518411 1.768428472802041 7.0827146442607045 1.8040592595934857 6.9275864707306019 7.5550308488309375 1.0861644893884683 7.7695518648251918 5.1661828476935625 3.4436783399432889 9.983174058608709 0.76602138578891743 4.1316215423867098 5.1934584779664865 2.5646555144339791 11.08219341188669 2.8875595275312653 0.64529224485158909 8.8707123966887647 6.9582511913031331 3.0600185096263868 5.854418158531189
leaf_count=760 76 93 15 65 21 1 55 23 14 12 49 15 96 44 4 34 43 23 57 4 70 28 18 52 22 5 82 46 17 40
internal_value=0.000370165 1.50417e-05 -0.023998 0.000615227 0.000226591 0.000772982 0.0315647 -0.000284288 -0.000816126 -0.000335077 -0.0265147 0.000582612 -0.0014527 0.0122249 0.0156058 0.00713438 -0.0251623 0.0178282 0.00176506 -0.0428804 -0.000192063 -0.00105542 -7.43436e-06 0.0269112 -0.00199977 -0.0359706 -0.00278059 -0.0183102 -0.0311654 -0.00487918
internal_weight=291.775 289.247 7.05319 282.194 280.069 275.819 9.15619 266.663 263.58 261.354 8.85114 252.503 214.929 37.5739 35.7698 28.2148 7.01837 21.1964 13.4269 5.9322 207.356 203.225 198.031 13.6468 184.384 7.57288 181.497 24.7434 17.7851 8.91444
internal_count=1884 1808 108 1700 1635 1614 56 1558 1535 1521 61 1460 1236 224 209 165 51 114 80 47 1135 1065 1037 70 967 101 945 185 139 57
is_linear=0
shrinkage=0.05


Tree=101
num_leaves=31
num_cat=0
split_feature=144 250 53 129 308 256 279 218 195 196 299 66 96 96 96 271 182 173 63 306 279 243 307 87 153 309 307 116 153 246
split_gain=1.62727 2.0526 2.31856 1.98976 4.104 4.10209 3.26415 3.27314 3.38472 3.11405 2.81334 3.11314 3.30032 3.76305 3.19392 2.78361 2.64515 3.32439 2.89953 2.48896 5.3114 4.97126 7.25605 5.42675 3.44358 3.8007 5.4389 3.84441 4.41326 3.67337
threshold=0.53134998679161083 0.00045000000682193791 0.00335000001359731 0.0010500000207684936 0.0033956177067011599 0.071750000119209303 0.0010500000207684936 0.0011500000255182388 0.011549999937415125 0.0015499999863095584 0.0015499999863095584 1.0000000180025095e-35 0.0010500000207684936 0.0011500000255182388 0.0018500000005587938 0.0064499999862164268 0.01480000000447035 0.0013499999768100681 0.0063000000081956395 0.011601181235164406 0.0010500000207684936 1.0000000180025095e-35 0.0032973400084301834 0.0010500000207684936 0.0027499999850988392 0.99385511875152599 0.0020494500640779738 1.0000000180025095e-35 0.0056499999482184657 0.016549999825656418
decision_type=2 2 2 2 2 2 2 2 2 2 2 2 2 2 2 2 2 2 2 2 2 2 2 2 2 2 2 2 2 2
left_child=1 2 3 10 5 6 7 -5 -9 -6 11 12 16 -14 -15 -8 18 -18 19 20 21 22 23 -1 -21 26 -26 28 -27 -30
right_child=-2 -3 -4 4 9 -7 15 8 -10 -11 -12 -13 13 14 -16 -17 17 -19 -20 24 -22 -23 -24 -25 25 27 -28 -29 29 -31
leaf_value=-0.039501779686546626 -0.054015704126564028 0.030139459910389077 -0.028072208582809583 -0.059110951135864155 0.04145496674443605 0.02778004565534288 -0.044862976919043826 0.049783165652379911 -0.053185128802130069 -0.032266724354080387 0.059304240347966101 -0.049152268570145971 0.11104034171798907 -0.033054237627254339 0.044005166492609431 0.034003546237002955 0.035578658714559251 -0.049599247635165808 0.044822832690566111 0.0084833057750644866 -0.053887072656689274 0.069312238728762618 0.042276808034620472 0.069896604129355153 -0.055185273723071165 -0.040271771338772883 -0.0058926490494362362 0.058672381969867848 0.03762210366564453 -0.052038828320271041
leaf_weight=12.27280048187823 1.3698773481883098 5.7665652334690085 7.1657677874900392 1.5339781399816335 5.5005263704806557 3.8766729580238453 15.543688938021662 3.3987648747861385 1.0430203601717947 1.9368137456476686 2.1479333005845538 2.9578890427947035 1.3425184944644559 2.0081147495657206 4.0699718184769154 1.2056044787168492 9.6078273840248567 1.3005718095228065 3.5791116058826438 90.705876212567091 6.5604284200817338 2.1729072891175738 4.7792675606906405 1.2489559724926937 6.0583345368504515 4.0220808684825924 73.349013657309115 4.0983341354876748 7.1467695627361518 1.3596796393394468
leaf_count=70 21 89 135 18 33 26 118 17 10 13 36 22 7 17 22 6 118 10 22 413 19 7 20 6 48 17 482 24 34 4
internal_value=0.000350374 0.000609183 5.30981e-06 0.000737395 -0.010578 -0.0197579 -0.0278674 0.00385778 0.0256041 0.0222565 0.00233699 0.00182425 0.00246402 0.0352797 0.0185458 -0.0391862 0.00139721 0.0254232 0.000191408 -0.000555833 -0.0147353 -0.00219003 -0.0106796 -0.029397 0.00149694 -0.0051018 -0.0096534 0.0166359 0.00288494 0.0232906
internal_weight=289.13 287.76 281.993 274.827 34.0391 26.6017 22.7251 5.97576 4.44179 7.43734 240.788 238.64 235.683 7.42061 6.07809 16.7493 228.262 10.9084 217.354 213.774 27.0344 20.4739 18.301 13.5218 186.74 96.0342 79.4073 16.6269 12.5285 8.50645
internal_count=1884 1863 1774 1639 241 195 169 45 27 46 1398 1362 1340 46 39 124 1294 128 1166 1144 122 103 96 76 1022 609 530 79 55 38
is_linear=0
shrinkage=0.05


Tree=102
num_leaves=31
num_cat=0
split_feature=232 120 232 269 232 232 295 170 295 295 87 32 129 280 98 129 53 161 131 279 216 232 25 98 216 267 176 163 109 149
split_gain=1.61389 1.95989 1.85425 3.1784 2.52681 2.37067 3.32192 2.74977 2.166 2.50458 1.94833 1.87158 1.93375 4.0779 3.87474 2.99379 2.45162 2.4038 2.75779 2.47342 3.30533 2.35361 7.40847 4.46217 5.59229 3.4908 4.41193 3.3511 3.96063 3.96948
threshold=0.13990000635385516 0.38214999437332159 0.049799999222159393 0.0011500000255182388 0.045649999752640731 0.044250000268220908 0.0024500000290572648 0.052799999713897712 0.0022500000195577745 0.0017499999958090486 0.038150001317262656 0.088500000536441817 0.0010500000207684936 0.0014499999815598132 0.0041499999351799497 0.0023500000825151805 0.0030500000575557355 1.0000000180025095e-35 0.0017499999958090486 0.036949999630451209 0.0043500000610947618 0.010250000283122064 0.0014499999815598132 0.0011500000255182388 0.0023500000825151805 0.0023500000825151805 0.0035500000230968003 0.0011500000255182388 0.0010500000207684936 0.018550000153481964
decision_type=2 2 2 2 2 2 2 2 2 2 2 2 2 2 2 2 2 2 2 2 2 2 2 2 2 2 2 2 2 2
left_child=1 2 4 -4 5 6 8 -8 9 10 11 12 16 14 15 -14 17 18 19 20 21 27 23 24 -23 -24 -27 28 29 -1
right_child=-2 -3 3 -5 -6 -7 7 -9 -10 -11 -12 -13 13 -15 -16 -17 -18 -19 -20 -21 -22 22 25 -25 -26 26 -28 -29 -30 -31
leaf_value=-0.0034818484613143305 0.028784910759554617 -0.052262232630666955 -0.037501706700520013 0.020405016058559784 0.061259559907692801 -0.053043809642589493 0.050521659446595216 -0.056078136031121044 -0.034286197988711596 0.055833154140117018 0.077365477190682652 -0.047688778660082497 -0.058950498039773737 0.015702211977265099 0.043742261508864962 -0.016560469045147685 -0.034677199243892447 0.033035222066034479 0.051881593814723119 -0.023854680901273739 0.054399516193928424 0.064141149537993394 -0.055019881705940049 -0.0198615141392804 -0.0088435610538689542 0.029848817283753399 -0.043989829973702134 0.012247698884366741 -0.0321562827936243 0.049581433459793968
leaf_weight=110.08440475445241 4.8977896524593225 1.793789505958556 7.7509648259729129 3.4131886903196573 1.7283396227285255 2.0431916732341042 5.2088244333863249 0.68444830179214466 4.4802722334861746 2.0495546022430053 0.818259596824645 2.0333665497601023 6.3120440468192198 9.459770795889197 1.9139503412879992 12.246109834872184 4.4401626735925666 6.4024836523458353 2.7273652479052535 9.3500754246488196 3.0167696764692655 11.118447871878749 3.7865235432982436 3.0212844600900999 3.4356288183480492 5.4653136916458589 3.2119551217183471 38.289214168675244 11.851497044786809 3.6409693621098986
leaf_count=503 77 25 54 47 14 9 74 3 19 18 2 26 42 66 16 108 100 70 16 48 16 46 15 11 9 28 19 240 148 15
internal_value=0.000329465 -0.00016514 0.000168633 -0.019798 0.000997852 0.000607901 0.00102149 0.0381411 0.000177377 0.000783664 0.000337047 8.67396e-05 0.000475672 -0.0114473 -0.0239926 -0.0309783 0.00209901 0.00285709 0.00193261 0.00127218 0.00246523 0.00165724 0.0145232 0.0354337 0.0469124 -0.0149629 0.0025169 -0.000701293 -0.00464953 -0.001783
internal_weight=286.676 281.778 279.984 11.1642 268.82 267.092 265.049 5.89327 259.155 254.675 252.626 251.807 249.774 29.9319 20.4721 18.5582 219.842 215.402 208.999 206.272 196.922 193.905 30.0392 17.5754 14.5541 12.4638 8.67727 163.866 125.577 113.725
internal_count=1884 1807 1782 101 1681 1667 1658 77 1581 1562 1544 1542 1516 232 166 150 1284 1184 1114 1098 1050 1034 128 66 55 62 47 906 666 518
is_linear=0
shrinkage=0.05


Tree=103
num_leaves=31
num_cat=0
split_feature=144 123 305 182 243 218 195 196 217 304 169 246 158 109 163 196 292 292 207 218 218 279 243 306 307 256 292 204 232 243
split_gain=1.58021 4.08143 5.76985 7.26412 5.13765 5.2943 4.44851 4.37471 3.95935 3.37748 3.31783 4.35214 3.66883 3.51921 2.88313 2.95612 3.64808 4.78036 2.98475 3.64134 3.28872 3.42252 8.53468 3.89003 5.18048 3.29391 3.37212 4.75282 2.95623 5.60822
threshold=0.0010500000207684936 0.0013499999768100681 0.0017499999958090486 0.0018500000005587938 0.0017499999958090486 0.0055499998852610597 0.065250001847744002 0.0060499999672174462 0.0016499999910593035 1.0000000180025095e-35 0.0021499999566003685 0.0011500000255182388 1.0000000180025095e-35 0.0010500000207684936 0.0012500000302679839 0.002549999975599349 0.019650000147521499 0.039249999448657043 0.003249999950639904 0.0072500000242143878 0.0044499998912215242 0.0010500000207684936 1.0000000180025095e-35 0.012880790513008835 0.0050938401836901912 0.0013499999768100681 0.0011500000255182388 0.0059500001370906839 0.0067499999422580012 1.0000000180025095e-35
decision_type=2 2 2 2 2 2 2 2 2 2 2 2 2 2 2 2 2 2 2 2 2 2 2 2 2 2 2 2 2 2
left_child=1 2 6 -4 5 -5 7 9 -3 10 13 12 -12 14 15 16 18 -18 19 20 21 22 25 -23 -25 -1 -27 -28 -21 -30
right_child=-2 8 3 4 -6 -7 -8 -9 -10 -11 11 -13 -14 -15 -16 -17 17 -19 -20 28 -22 23 -24 24 -26 26 27 -29 29 -31
leaf_value=-0.020012902235829119 -0.0035287393719735539 -0.051719995070901859 0.04953574962555353 0.064719736606120556 0.045159124899070577 -0.029589113637728755 -0.057868241355284934 0.063500575255935957 0.052426929380432565 0.063435263156128185 -0.051033941590808388 0.077055271316338769 0.047221342115019042 -0.047615246058614683 0.036753236899263568 -0.056094652944618899 0.069682236119265051 -0.01819263245127296 0.026896917050130833 -0.054306369339110643 0.037679002113119392 -0.053657883294083608 0.073383791964469189 -0.016778441331642132 0.059164841063811119 0.064276144260252271 -0.075571144825063427 0.06653949386669876 -0.034730747810702782 0.072273500393408283
leaf_weight=12.745081774890428 137.79481419781223 5.5112717179581514 15.136881423182787 1.7421273738145853 4.8541877325624219 10.207345712929962 3.198478937149047 2.8131496012210837 1.0936754420399664 2.0746680451557031 1.9486206434667104 3.0492692440748215 1.8540115170180795 4.3105778694152823 4.700771562755107 2.5879295095801345 3.8450859375298014 2.5901950625702739 6.7103796135634175 6.8781638517975789 4.6884316504001609 5.9335997551679638 4.1331676580011836 19.564598944038156 2.5367600359022608 2.8168908674269906 1.4085031822323801 1.0104218572378156 4.7367067709565163 1.6514339465647934
leaf_count=53 1126 28 83 30 80 58 15 11 5 15 14 9 8 52 17 8 14 13 40 31 23 14 14 67 10 12 10 3 15 6
internal_value=0.000313863 0.00393227 0.00574779 0.0244126 0.00178143 -0.0158397 0.000216839 0.00199317 -0.0344749 0.000293059 -0.00102087 0.0325553 -0.00312859 -0.00349866 -0.0013508 -0.0034873 -0.00181166 0.0343127 -0.00491897 -0.00805384 -0.00236726 -0.00611118 0.00859594 -0.0177122 -0.00806179 -0.00629648 0.0270922 -0.0162094 -0.0315598 -0.00706848
internal_weight=284.127 146.332 139.727 31.9405 16.8037 11.9495 107.787 104.588 6.60495 101.775 99.7006 6.8519 3.80263 92.8487 88.5381 83.8374 81.2494 6.43528 74.8141 68.1038 54.8375 50.149 22.1141 28.035 22.1014 17.9809 5.23582 2.41893 13.2663 6.38814
internal_count=1884 758 725 251 168 88 474 459 33 448 433 31 22 402 350 333 325 27 298 258 206 183 92 91 77 78 25 13 52 21
is_linear=0
shrinkage=0.05


Tree=104
num_leaves=31
num_cat=0
split_feature=144 1 54 153 306 198 306 158 54 253 305 292 218 120 247 222 271 195 109 38 149 195 102 99 306 306 25 256 218 99
split_gain=1.52993 1.91256 2.04021 3.03018 3.0251 2.40638 4.02069 2.52423 2.00434 2.14179 3.21174 3.71176 2.50211 2.66586 2.46432 2.87655 2.55225 2.81184 5.12541 3.0665 2.82219 2.72188 4.49522 7.08594 5.68155 4.46613 4.02717 3.46578 3.44492 3.31648
threshold=0.53134998679161083 0.0018500000005587938 0.0014499999815598132 1.0000000180025095e-35 0.62276223301887523 0.0040500001050531873 0.080461930483579649 0.00055000002612359833 0.0011500000255182388 0.0063000000081956395 0.0021499999566003685 0.21414999663829806 0.14469999819993976 0.070150002837181105 0.1017500013113022 0.0013499999768100681 0.017450000159442428 0.0094499997794628161 0.0010500000207684936 1.0000000180025095e-35 0.066150002181530013 0.0010500000207684936 0.0017499999958090486 0.011900000274181368 0.016337962821125988 0.020456618629395965 0.0023500000825151805 0.0034500000765547161 0.075349997729063048 0.0047500000800937423
decision_type=2 2 2 2 2 2 2 2 2 2 2 2 2 2 2 2 2 2 2 2 2 2 2 2 2 2 2 2 2 2
left_child=1 2 5 -4 -5 8 -7 -8 9 12 -11 -12 13 14 16 -16 17 18 21 -19 -20 -1 23 24 26 -26 -23 -27 29 -29
right_child=-2 -3 3 4 -6 6 7 -9 -10 10 11 -13 -14 -15 15 -17 -18 19 20 -21 -22 22 -24 -25 25 27 -28 28 -30 -31
leaf_value=0.00069485175125458265 -0.053777034980219435 0.035107736118411052 0.060368692371018495 -0.049682391237548966 0.052679008064418734 -0.064033972402328929 0.056405455823250267 -0.028468675242762937 0.057199259928565019 -0.047201819145077317 0.044143228637378643 -0.029868637080832122 0.038494162723498031 -0.027012901847413159 0.049429443218674422 -0.030832640364043887 0.038259008947215914 -0.012265800054252403 -0.047652422670185539 0.045951979188458163 0.053955816854386586 -0.050158301896248508 -0.015238537110125093 -0.050274938272722308 0.13178648008406038 0.0023040918738635469 0.045919705172432795 0.061108403424276841 -0.018728742037889903 -0.014580393748786209
leaf_weight=113.50803326256573 1.3019443964585651 3.9472902035340658 0.90522097796201606 5.8719363529235125 0.82294175215065468 1.0148889981210221 5.5115665877237916 1.0415807319805024 1.5211610309779633 5.9444743990898115 3.0478517021983862 3.8136929618194699 4.2967060552909961 8.8003855459392053 5.0030244234949341 1.4369568862020967 4.3111303532496086 56.642031983938068 6.7942244308069339 2.3559754258021703 0.75981498323380936 3.2622538805007961 9.2860170416533929 2.9209415260702363 1.2796131558716322 5.8170856498181847 1.6384447887539861 14.936647643335169 1.8184723956510414 1.60256853327155
leaf_count=543 21 43 7 75 9 8 46 17 8 38 16 29 48 123 25 16 48 397 100 16 5 16 81 18 4 32 7 66 7 15
internal_value=0.00029857 0.000550089 5.5792e-05 -0.0254909 -0.0371 0.000779272 0.0285731 0.0429153 -2.72736e-05 -0.000363019 -0.0202997 0.00300693 0.000672842 1.8067e-06 0.00102052 0.0315205 0.000154979 -0.000582914 0.00279133 -0.00994098 -0.0374323 0.00473821 0.0155214 0.0241053 0.0312626 0.0407541 -0.0180367 0.0359356 0.0465925 0.0537745
internal_weight=281.215 279.913 275.966 7.6001 6.69488 268.366 7.56804 6.55315 260.798 259.276 12.806 6.86154 246.47 242.174 233.373 6.43998 226.933 222.622 163.624 58.998 7.55404 156.07 42.562 33.276 30.3551 25.4544 4.9007 24.1748 18.3577 16.5392
internal_count=1884 1863 1820 91 84 1729 71 63 1658 1650 83 45 1567 1519 1396 41 1355 1307 894 413 105 789 246 165 147 124 23 120 88 81
is_linear=0
shrinkage=0.05


Tree=105
num_leaves=31
num_cat=0
split_feature=39 223 194 177 132 74 196 90 63 63 182 237 107 304 188 176 144 131 239 260 188 25 50 73 182 89 196 269 283 102
split_gain=1.56215 2.76017 2.28328 1.77995 1.64442 1.85405 2.06043 1.75497 1.70918 1.91881 3.02555 2.50608 2.25152 3.31316 3.15359 2.5505 3.32128 2.39806 2.51131 2.33037 2.26817 2.11966 5.33817 4.69624 3.91951 3.92879 4.16332 3.37328 3.24089 4.35964
threshold=0.003249999950639904 0.0024500000290572648 1.0000000180025095e-35 0.0015500000445172193 0.0011500000255182388 0.0041499999351799497 0.0043500000610947618 0.0016499999910593035 0.0063000000081956395 0.0010500000207684936 0.0036499999696388845 0.0081500001251697558 0.0015499999863095584 0.0014499999815598132 0.0016499999910593035 0.0014499999815598132 0.01415000017732382 0.0044499998912215242 0.019749999977648262 0.0011500000255182388 0.016700000502169136 0.0029499999945983295 0.0012500000302679839 1.0000000180025095e-35 0.0011500000255182388 0.0023500000825151805 0.0019500000635161998 0.042700000107288368 1.0000000180025095e-35 0.0010500000207684936
decision_type=2 2 2 2 2 2 2 2 2 2 2 2 2 2 2 2 2 2 2 2 2 2 2 2 2 2 2 2 2 2
left_child=1 2 3 4 7 6 -6 8 9 12 -11 -12 13 19 17 -15 -17 18 -14 20 21 28 23 -23 -24 26 -26 -28 29 -1
right_child=-2 -3 -4 -5 5 -7 -8 -9 -10 10 11 -13 14 15 -16 16 -18 -19 -20 -21 -22 22 24 -25 25 -27 27 -29 -30 -31
leaf_value=0.0023627076370540973 -0.053816207272740113 0.048986729387374688 -0.063393175838824728 0.07906645775113158 -0.047269496941190467 0.05652550432707492 -0.00026804189258534597 0.059625794136895088 0.024202570022489218 -0.043745629111063729 -0.023209251377550984 0.058226397223216098 -0.028990340520161712 0.057410558651225012 0.027553140238018522 0.032249985414321988 -0.044513005041407844 0.065842088317384653 0.060644365474790164 0.057968574317393821 -0.036445897333933601 0.036940044656123196 -0.044250965213986387 -0.05342503833212741 0.065791441725671876 -0.039109189256698096 -0.046322866371603127 0.06250470232630044 0.038303212475283725 -0.016574174149955281
leaf_weight=122.50209784228355 1.3279768126085389 2.9095459850504986 1.4117825934663404 0.71640796400606532 5.0647754678502643 0.74092603847384531 4.3210172392427921 1.2666345555335272 7.4691008483059695 6.0332961226813477 2.118635968305171 1.7050122693181036 18.432771785184752 4.6045317668467742 3.8675561146810642 4.661520523019135 2.0195870539173484 0.75170013308524986 0.81602104008197685 1.7776224398985494 4.0778268286958328 18.014106418937448 5.3406373616307965 1.5624759923666705 3.694569379091261 2.9903085418045521 2.2328223753720526 1.0454568713903425 5.0582685535773626 40.421721937134862
leaf_count=538 39 60 11 5 63 7 58 6 72 65 26 12 150 40 25 91 18 3 4 10 17 119 50 5 15 36 18 4 34 283
internal_value=0.000284198 0.000542976 2.99086e-05 0.000357524 0.000150665 -0.01962 -0.025631 0.000913482 0.000628766 -6.51844e-05 -0.0216929 0.0131039 0.000808977 0.00239139 -0.0137769 0.0287786 0.00904582 -0.0217691 -0.0251904 0.000964604 0.000474938 0.0012171 0.0124332 0.0297277 -0.00968979 0.00883633 0.0293978 -0.0116173 -0.00111186 -0.00233557
internal_weight=278.957 277.629 274.719 273.307 272.591 10.1267 9.38579 262.464 261.198 253.729 9.85694 3.82365 243.872 220.004 23.868 11.2856 6.68111 20.0005 19.2488 208.718 206.94 202.862 34.8804 19.5766 15.3038 9.96316 6.97285 3.27828 167.982 162.924
internal_count=1884 1845 1785 1774 1769 128 121 1641 1635 1563 103 38 1460 1278 182 149 109 157 154 1129 1119 1102 247 124 123 73 37 22 855 821
is_linear=0
shrinkage=0.05


Tree=106
num_leaves=31
num_cat=0
split_feature=39 223 194 177 184 133 250 268 90 108 226 304 305 260 249 49 188 217 309 247 121 213 155 102 170 112 283 188 238 169
split_gain=1.47974 2.57306 2.14962 1.65803 1.56305 1.7416 2.01191 1.95915 1.77256 2.00894 2.69725 2.94751 3.27291 2.27603 2.2111 2.2382 2.06388 2.34919 2.3942 3.31322 2.3647 3.35279 2.52373 2.99999 2.67875 2.41843 3.10979 2.5058 3.43519 4.10804
threshold=0.003249999950639904 0.0024500000290572648 1.0000000180025095e-35 0.0015500000445172193 0.0014000000082887711 0.0010500000207684936 0.00045000000682193791 0.0019500000635161998 0.0016499999910593035 0.0010500000207684936 0.011750000063329937 0.0014499999815598132 0.0076500000432133683 0.0011500000255182388 0.0001499999962106813 0.10150000080466272 0.026500000618398193 0.0043500000610947618 0.94126680493354808 0.00335000001359731 0.0050000001210719356 0.0035500000230968003 1.0000000180025095e-35 0.040500000119209296 0.026250000111758712 0.00335000001359731 1.0000000180025095e-35 1.0000000180025095e-35 1.0000000180025095e-35 0.0088499998673796671
decision_type=2 2 2 2 2 2 2 2 2 2 2 2 2 2 2 2 2 2 2 2 2 2 2 2 2 2 2 2 2 2
left_child=1 2 3 4 5 6 7 8 9 10 11 13 -13 16 15 -11 17 20 -19 -20 21 22 25 24 -24 26 27 -1 -29 -30
right_child=-2 -3 -4 -5 -6 -7 -8 -9 -10 14 -12 12 -14 -15 -16 -17 -18 18 19 -21 -22 -23 23 -25 -26 -27 -28 28 29 -31
leaf_value=-0.0019134377696584876 -0.053629351099565625 0.048015686030585591 -0.062772871335527725 0.077453009333875861 0.055547998752818885 -0.039532637978202494 0.033084832457566347 0.064178816243223247 0.05988077904704231 -0.042522908151879785 -0.041021492033158996 0.04173952523149943 -0.0034927615697142064 0.056102077988443536 0.022156816706016672 0.063206415044811989 -0.046291469893912557 0.060331662921267237 0.059073640211555915 -0.033739898109288208 0.044123390261647841 -0.033912725779910571 -0.052373915404183805 0.039000791416673987 0.04757347282260696 -0.047149047713588861 0.040014645578682742 0.039370318069871402 -0.031613217843580226 0.062848055265489963
leaf_weight=176.11721742898226 1.2675007651559997 2.8222061246633521 1.3558638496324409 0.69530291296541591 1.266994236037134 2.7737714359536758 4.5967030124738804 1.1734087131917466 1.2069081664085377 7.2657071957364661 3.9393739691004148 8.8623345606029051 7.2880527516826978 1.7457459978759278 2.1376572977751493 0.53758554160594929 2.5105206072330466 3.1242784634232512 1.5663198083639143 2.4902890780940652 2.7877059876918784 8.0356549201533181 6.1575094088911992 1.3904986195266245 0.75229694694280613 2.6682702098041764 4.922561038285493 8.8489402346312982 4.7916773892939082 1.5148515850305555
leaf_count=922 39 60 11 5 20 52 63 16 5 111 43 56 73 10 23 2 13 24 6 12 20 51 107 16 4 19 27 37 31 6
internal_value=0.000270889 0.000519008 2.71417e-05 0.000341147 0.000142916 -0.000117843 0.000292496 -0.000283196 -0.000573381 -0.000854596 2.35946e-05 0.000682017 0.0213279 -0.000771357 -0.0228969 -0.035239 -0.00120744 -0.000704773 0.0274338 0.00209685 -0.00163171 -0.00222442 -0.000995268 -0.0280078 -0.0414923 0.000132199 0.000775227 -0.000234632 0.0192743 -0.00892327
internal_weight=276.614 275.346 272.524 271.168 270.473 269.206 266.432 261.835 260.662 259.455 249.514 245.575 16.1504 229.424 9.94095 7.80329 227.679 225.168 7.18089 4.05661 217.987 215.199 207.164 8.3003 6.90981 198.864 196.195 191.273 15.1555 6.30653
internal_count=1884 1845 1785 1774 1769 1749 1697 1634 1618 1613 1477 1434 129 1305 136 113 1295 1282 42 18 1240 1220 1169 127 111 1042 1023 996 74 37
is_linear=0
shrinkage=0.05


Tree=107
num_leaves=31
num_cat=0
split_feature=205 123 283 219 187 221 132 292 288 210 309 218 256 144 155 232 131 32 198 292 232 218 163 307 292 279 25 237 117 292
split_gain=1.52759 1.44785 2.06267 1.99869 1.93925 2.29046 2.74077 2.66997 1.71417 2.16958 1.73338 2.41426 3.59066 3.51533 3.22407 4.18894 2.81618 3.09598 4.53044 2.63844 3.69097 3.92998 2.2966 2.17909 1.98932 3.68159 4.55127 3.08863 4.01754 2.65846
threshold=0.0013499999768100681 0.051300000399351127 0.0026999999536201362 0.022099999710917476 0.006000000052154065 0.0060500002000480899 0.0010500000207684936 0.50740000605583202 1.0000000180025095e-35 0.0030999999726191167 0.26008526980876928 1.0000000180025095e-35 0.0018500000005587938 1.0000000180025095e-35 0.002650000038556755 0.0027499999850988392 0.0021499999566003685 0.012550000101327898 0.0010500000207684936 0.0011500000255182388 0.0018500000005587938 0.0020500000100582842 0.015950000844895843 0.012240767013281586 0.0029499999945983295 0.0013499999768100681 0.0022500000195577745 1.0000000180025095e-35 1.0000000180025095e-35 0.0031500000040978198
decision_type=2 2 2 2 2 2 2 2 2 2 2 2 2 2 2 2 2 2 2 2 2 2 2 2 2 2 2 2 2 2
left_child=1 4 -3 -4 5 7 -7 8 9 10 -1 13 16 -12 15 -15 17 19 -19 20 21 -13 24 -21 25 26 -14 28 -27 -26
right_child=-2 2 3 -5 -6 6 -8 -9 -10 -11 11 12 22 14 -16 -17 -18 18 -20 23 -22 -23 -24 -25 29 27 -28 -29 -30 -31
leaf_value=-0.018266746059058574 0.040994461716213265 -0.054418144725010588 -0.024655258133362709 0.055600277791445607 0.061959782084619525 -0.052258348880468791 0.036166919700002458 0.046043738000107297 0.051758393013333154 -0.043317324114014767 0.028562044407187372 -0.023519479947626227 -0.057595475086377496 -0.046662024376804362 0.038479004005909791 0.024489127078016135 0.064492292269147516 0.070673582743762994 -0.060444904594897632 -0.047358594748975753 -0.057080613649353296 0.05921912765267822 -0.022398888642006981 0.018262705419878969 -0.048299691186109876 -0.056676242383318413 0.053496538289602227 0.053684655565014477 0.066954094387366936 0.0024441184785643595
leaf_weight=11.804824486374853 2.2822366720065466 2.9357290845364323 2.2879705280065541 1.173760059289634 1.2765926923602808 4.0048268977552643 1.1217744108289478 3.225958044640719 1.606394900009035 2.8652773164212695 18.047531904652718 2.9464148879051297 2.6639851164072743 5.8012758144177479 3.0092169190756968 3.2150361351668835 0.99754003062844177 1.9710145276039832 0.98954896628856648 12.586238045245407 2.3970302939414978 2.7982281036674976 9.217671547085045 1.4064734857529391 2.6240835785865775 1.6762266438454374 1.4098772220313547 7.4946554517373443 1.0808517346158621 157.56260353000835
leaf_count=38 76 70 28 10 11 20 11 25 56 23 81 21 21 57 32 23 7 11 9 80 11 16 73 8 7 17 8 35 5 994
internal_value=0.000258254 -8.32965e-05 -0.0235884 0.00255678 0.000482439 0.00018575 -0.0329096 0.000839829 0.000270579 -5.43264e-05 0.000438166 0.0013586 -0.000540352 0.0146078 -0.00633437 -0.0212909 -0.0178969 -0.0211719 0.0268481 -0.0275948 -0.00496378 0.0167827 0.00192455 -0.0407627 0.0032093 0.0210604 -0.0191489 0.0370389 -0.0082097 0.00161286
internal_weight=274.481 272.199 6.39746 3.46173 265.801 264.525 5.1266 259.398 256.172 254.566 251.7 239.896 209.822 30.0731 12.0255 9.01631 26.0925 25.0949 2.96056 22.1344 8.14167 5.74464 183.73 13.9927 174.512 14.3256 4.07386 10.2517 2.75708 160.187
internal_count=1884 1808 108 38 1700 1689 31 1658 1633 1577 1554 1516 1323 193 112 80 163 156 20 136 48 37 1160 88 1087 86 29 57 22 1001
is_linear=0
shrinkage=0.05


Tree=108
num_leaves=31
num_cat=0
split_feature=205 207 58 288 20 209 188 197 123 95 292 163 284 36 172 106 102 210 204 87 204 218 173 109 195 123 247 67 163 218
split_gain=1.42023 1.38056 1.84609 1.36835 1.52051 1.517 3.46968 3.41162 2.29138 2.48817 2.11412 1.86019 2.19315 1.99936 4.4217 2.83573 2.03677 1.95847 2.3541 3.66718 3.08026 5.12341 2.98305 2.85656 3.1534 3.01207 2.7514 2.39336 2.43135 3.4961
threshold=0.0013499999768100681 0.33859999477863317 0.0024500000290572648 1.0000000180025095e-35 0.0084500000812113302 0.014549999963492157 0.05829999968409539 0.014199999626725914 0.050499999895691879 1.0000000180025095e-35 0.61399999260902416 0.018250000663101677 0.0012500000302679839 0.0012500000302679839 0.0013499999768100681 0.0034500000765547161 0.042249999940395362 0.0041000000201165685 0.02185000013560057 0.010849999729543926 0.017050000838935379 0.11740000173449518 0.0010500000207684936 0.0039500000420957812 0.185249999165535 0.0022500000195577745 0.049099998548626907 1.0000000180025095e-35 1.0000000180025095e-35 0.073150001466274275
decision_type=2 2 2 2 2 2 2 2 2 2 2 2 2 2 2 2 2 2 2 2 2 2 2 2 2 2 2 2 2 2
left_child=1 2 3 5 -5 7 -7 8 9 10 11 12 13 17 16 -16 -15 18 20 22 21 23 -20 24 27 -25 -22 28 29 -1
right_child=-2 -3 -4 4 -6 6 -8 -9 -10 -11 -12 -13 -14 14 15 -17 -18 -19 19 -21 26 -23 -24 25 -26 -27 -28 -29 -30 -31
leaf_value=0.00051484960385425615 0.040076660088552818 0.0608122869795567 -0.048434689937212512 0.052126805574901486 -0.081527495338308609 -0.045881508591422586 0.056769729232559296 0.059797509190305687 -0.044441901235029946 0.043047250779337486 0.058195110446661397 -0.023735187801893702 0.032369047984266985 -0.045766181351945795 0.045776423004245309 -0.056351322908590296 0.032453518845370177 -0.048670923175528097 0.043870933259284095 -0.04776476169555588 -0.051053943287689633 0.058032413006950313 -0.034642608791892925 -0.054285453748217097 -0.038773781604431429 0.021970038270817522 0.036638430222355307 0.055707625575767687 0.017086846610263048 -0.040221893644818651
leaf_weight=158.05568877141923 2.219393800944089 0.92748695053160091 1.976871056947856 2.0709193539805706 0.23716536164283741 4.3694986077025524 1.0142747657373545 2.3850225806236258 2.9040309134870759 3.3475131383165708 1.5327741056680668 8.47118256613612 5.1538962246850124 8.5008196737617219 3.2177634155377737 0.86172692850232113 0.92256059311330396 2.0041060280054799 9.0202347775921208 1.6089674858376373 4.988750457763671 3.8352239271625868 1.3971833502873767 4.651086305268108 4.908536856994032 1.7946540899574754 1.0898954495787618 2.0383885912597171 21.380953178741038 5.448417739942669
leaf_count=842 76 9 65 68 1 33 7 23 53 23 10 62 36 114 23 13 10 17 55 14 30 24 9 59 30 18 7 13 115 25
internal_value=0.000242475 -8.48207e-05 -0.000294642 6.15061e-05 0.0383933 -0.000272476 -0.0265426 0.000272501 -0.000279617 0.000224842 -0.000346535 -0.000706395 0.000103477 -0.000601978 -0.0192827 0.0242036 -0.0381084 0.000533116 0.0009809 0.0224899 -0.000261587 0.000793136 0.0333407 -0.000314025 0.000786071 -0.033054 -0.0353308 0.0018249 0.00123083 -0.000842614
internal_weight=272.335 270.116 269.188 267.211 2.30808 264.903 5.38377 259.519 257.134 254.23 250.883 249.35 240.879 235.725 13.5029 4.07949 9.42338 222.222 220.218 12.0264 208.192 202.113 10.4174 198.278 191.832 6.44574 6.07865 186.923 184.885 163.504
internal_count=1884 1808 1799 1734 69 1665 40 1625 1602 1549 1526 1516 1454 1418 160 36 124 1258 1241 78 1163 1126 64 1102 1025 77 37 995 982 867
is_linear=0
shrinkage=0.05


Tree=109
num_leaves=31
num_cat=0
split_feature=295 39 223 194 184 107 304 188 239 237 309 74 107 218 182 112 188 209 176 6 196 128 25 32 226 195 109 172 173 204
split_gain=1.37267 1.35117 2.31171 1.94574 1.386 1.59193 3.32279 2.78812 2.34487 2.48863 3.46291 3.19826 2.97447 2.30969 2.52406 2.3081 2.15401 2.98591 2.09781 2.65273 3.41523 2.37259 3.52951 2.70096 2.591 3.377 3.32181 2.78016 2.65785 3.6393
threshold=0.014050000347197058 0.003249999950639904 0.0024500000290572648 1.0000000180025095e-35 0.0014000000082887711 0.0012500000302679839 0.0014499999815598132 0.0039500000420957812 0.019749999977648262 0.0035500000230968003 0.90905737876892101 0.0019500000635161998 0.084900002926588072 0.0060499999672174462 0.0085500003769993799 0.0061500000301748523 0.018099999986588958 0.0019500000635161998 0.0017499999958090486 0.014599999878555538 0.025050000287592415 1.0000000180025095e-35 0.0030500000575557355 0.0010500000207684936 0.0012500000302679839 0.0090499999932944792 0.0041499999351799497 0.0042499999981373557 0.00035000000207219278 0.0036499999696388845
decision_type=2 2 2 2 2 2 2 2 2 2 2 2 2 2 2 2 2 2 2 2 2 2 2 2 2 2 2 2 2 2
left_child=1 2 3 4 5 6 16 8 9 10 -7 12 -11 -8 -15 -9 18 -18 19 21 -21 22 24 -24 26 -26 27 28 29 -1
right_child=-2 -3 -4 -5 -6 7 13 15 -10 11 -12 -13 -14 14 -16 -17 17 -19 -20 20 -22 -23 23 -25 25 -27 -28 -29 -30 -31
leaf_value=-0.005176049948005846 0.053657591969926567 -0.053377024992589041 0.047393108025243193 -0.06149867343516463 0.055073288587466962 0.024284499359579426 0.056480496379445071 0.053736027828296895 0.055430931096451141 -0.043957332314374417 -0.034462825096601597 0.034311081404811865 0.046795511092881693 -0.017432587505653709 0.039604762472986041 -0.024495522498756261 -0.054909090108690661 0.045542318572045624 0.013999446336632443 -0.044974378052832414 0.026699811561006311 -0.028418926798818286 0.025930804339501474 -0.024987109427451713 -0.014855421482334971 0.069321943272369152 -0.04467511789239903 0.068102390645758001 -0.022592672433411499 0.013864781745899418
leaf_weight=88.255166107788682 1.1968573732301582 1.1807578182779241 2.5729098566807798 1.2895498359575857 1.1403259551152576 6.1217446574010008 4.2579635400325042 2.7995972763746968 1.0991378687322129 14.201817913446575 4.2498880913481116 1.6908165640197683 0.96417420729994852 3.9391114469617605 3.8212401736527681 1.4215700710192321 3.5960693135857573 0.9313884638249873 25.719455426558852 6.8656627843156439 2.1928533148020506 7.0016636736690989 20.265396844595674 2.9885384757071725 2.0448676720261565 2.8549006236717105 4.5811002161353818 1.4239929318428028 14.217221165075896 35.065634405240417
leaf_count=408 50 39 49 11 18 51 39 14 9 134 47 15 5 30 75 15 15 6 167 89 18 76 134 24 13 13 57 7 89 167
internal_value=0.000229787 -8.14588e-06 0.000227362 -0.000230573 6.90282e-05 -0.000169851 0.00129466 -0.0105195 -0.0161685 -0.0190588 0.000212151 -0.0309158 -0.0381877 0.0268892 0.0106529 0.0273898 -0.000116341 -0.0342442 0.000607451 -0.00122702 -0.0276237 0.000111073 0.0012745 0.019387 -0.00156286 0.0341914 -0.00278331 -0.00140228 -0.00212189 0.000238112
internal_weight=269.951 268.755 267.574 265.001 263.711 262.571 230.022 32.5487 28.3276 27.2284 10.3716 16.8568 15.166 12.0183 7.76035 4.22117 218.004 4.52746 213.476 187.757 9.05852 178.698 171.697 23.2539 148.443 4.89977 143.543 138.962 137.538 123.321
internal_count=1884 1834 1795 1746 1735 1717 1427 290 261 252 98 154 139 144 105 29 1283 21 1262 1095 107 988 912 158 754 26 728 671 664 575
is_linear=0
shrinkage=0.05


Tree=110
num_leaves=31
num_cat=0
split_feature=295 39 223 194 132 169 90 63 144 304 78 105 107 188 102 149 96 6 243 99 304 221 36 204 308 263 120 263 96 207
split_gain=1.3019 1.28088 2.15072 1.83387 1.33084 1.61068 1.48383 1.51398 1.98726 2.60868 3.68158 2.66295 2.84825 3.03524 2.53704 2.95092 2.52983 2.48008 2.19985 3.11156 2.04748 2.53051 1.98515 2.14235 4.07893 3.08838 2.43961 4.81769 4.11108 3.70245
threshold=0.014050000347197058 0.003249999950639904 0.0024500000290572648 1.0000000180025095e-35 0.0011500000255182388 0.0027499999850988392 0.0016499999910593035 0.0063000000081956395 0.01415000017732382 0.0028499999316409235 0.0011500000255182388 0.052949998527765281 0.0012500000302679839 0.0012500000302679839 0.002549999975599349 0.13570000231266025 0.0018500000005587938 0.0022500000195577745 0.0014499999815598132 0.0023500000825151805 0.0014499999815598132 0.0030500000575557355 0.0012500000302679839 0.02185000013560057 0.0016997099737636747 0.0012500000302679839 0.0021499999566003685 0.0010500000207684936 0.0014499999815598132 0.0021499999566003685
decision_type=2 2 2 2 2 2 2 2 2 2 2 2 2 2 2 2 2 2 2 2 2 2 2 2 2 2 2 2 2 2
left_child=1 2 3 4 6 -6 7 8 9 11 -11 12 20 18 15 -10 -16 -15 -14 -20 22 -22 23 26 25 -25 -1 28 29 -28
right_child=-2 -3 -4 -5 5 -7 -8 -9 14 10 -12 -13 13 17 16 -17 -18 -19 19 -21 21 -23 -24 24 -26 -27 27 -29 -30 -31
leaf_value=0.0028877721864852754 0.053491388479221635 -0.053211720025458958 0.046373937479844946 -0.060947460482839735 -0.04120284361083168 0.00014226057700768321 0.056188877212853816 0.023345807751528849 -0.036382994041900082 0.054031256556032616 -0.046803218598613756 0.072805508492084031 -0.058092450293262682 0.048542322343697243 -0.0058656402073279778 0.061509345010771169 0.062821589622878163 -0.051135387029573869 0.06420746427488748 -0.042754200604895015 0.054021096390308145 -0.049118544856192457 -0.038682113188569942 0.044828732646535106 -0.042878817106164251 -0.034340498003298296 -0.050139115426301541 0.024541449539163106 0.017755754980752003 -0.0087147229842476966
leaf_weight=142.93234909046441 1.1419341503642488 1.1265726839192201 2.49985771998763 1.2374709686264385 4.2470794604159874 5.2892035390250385 1.2015269435942162 7.0433274833485475 11.409175015054643 4.6822174666449419 1.1221779230982063 1.2676609307527531 5.5084514878690225 2.1144156418740745 14.729512246791275 0.82554211467504579 1.4747593812644471 0.88532507419586171 1.0556944161653521 1.9102126304060218 3.4450383223593226 0.71877766773104657 3.1353757893666616 9.0512899588793498 2.0619910797104231 1.4259146498516191 11.833757813088601 7.1459902115166178 5.32625036407262 9.9123012255877239
leaf_count=684 50 39 49 11 65 65 6 71 94 74 4 4 55 11 182 4 7 4 5 14 30 3 37 44 15 15 96 46 35 65
internal_value=0.000218072 -1.00982e-05 0.000215654 -0.0002231 6.39795e-05 -0.0182712 0.000757224 0.000491893 -0.00016788 0.00147129 0.0345367 0.000556188 0.000116841 -0.0240994 -0.0125909 -0.0297777 0.000385621 0.0191241 -0.0393995 -0.00468192 0.00152737 0.0362166 0.000778301 0.00143054 0.0214029 0.034054 1.68416e-05 -0.0119752 -0.0216142 -0.031257
internal_weight=267.761 266.619 265.493 262.993 261.755 9.53628 252.219 251.018 243.974 215.535 5.8044 209.731 208.463 11.4741 28.439 12.2347 16.2043 2.99974 8.47436 2.96591 196.989 4.16382 192.825 189.69 12.5392 10.4772 177.151 34.2183 27.0723 21.7461
internal_count=1884 1834 1795 1746 1735 130 1605 1599 1528 1241 78 1163 1159 89 287 98 189 15 74 19 1070 33 1037 1000 74 59 926 242 196 161
is_linear=0
shrinkage=0.05


Tree=111
num_leaves=31
num_cat=0
split_feature=144 250 129 269 89 116 144 123 50 299 66 123 26 131 182 172 153 149 90 2 144 116 216 202 218 263 232 222 256 149
split_gain=1.27275 1.54725 1.8699 2.90315 2.76933 2.78144 3.92612 3.23006 2.62107 2.46735 2.61391 2.40351 2.72068 2.08565 2.07017 2.39184 2.3223 2.67212 2.6068 2.589 3.46339 3.3885 2.89847 2.5247 2.96601 3.51837 3.09204 3.85489 4.09353 5.51579
threshold=0.53134998679161083 0.00045000000682193791 0.0010500000207684936 0.024900000542402271 0.0010500000207684936 0.0056499999482184657 0.0010500000207684936 0.010650000069290401 0.0044499998912215242 0.0015499999863095584 1.0000000180025095e-35 0.0014499999815598132 0.0014000000082887711 0.0017499999958090486 0.01480000000447035 0.0010500000207684936 0.18280000239610675 0.063499998301267638 0.0016499999910593035 0.0019500000635161998 0.025750000029802326 0.080800000578165068 0.0059500001370906839 0.0028499999316409235 0.073150001466274275 0.0016499999910593035 0.042050000280141837 0.003249999950639904 0.0052499999292194852 0.0035500000230968003
decision_type=2 2 2 2 2 2 2 2 2 2 2 2 2 2 2 2 2 2 2 2 2 2 2 2 2 2 2 2 2 2
left_child=1 2 9 4 5 -4 -7 -8 11 10 13 -6 -13 14 16 -16 17 19 -18 20 21 23 -22 24 26 -26 27 28 29 -1
right_child=-2 -3 3 -5 8 6 7 -9 -10 -11 -12 12 -14 -15 15 -17 18 -19 -20 -21 22 -23 -24 -25 25 -27 -28 -29 -30 -31
leaf_value=-0.0086304043419981359 -0.053173015851828133 0.027888730065368031 -0.040439287799499429 0.033605931672071432 0.054318445906630958 0.055226156917147662 -0.04217553541218716 0.045474133330791963 -0.040187959875561868 0.058691404901336557 -0.046872079947495315 -0.032875623898954764 0.058395063815578033 0.055142102137387322 0.034441947094045404 -0.029243535436807602 -0.035295152219473366 0.048521581910189161 0.069354868853491722 0.02406547889938845 -0.040121688390742982 0.082219887726481602 0.067025378717551584 0.034090740996424014 -0.042965068326665745 0.016273579637614274 -0.033462353584026529 0.050137461335715831 0.010079842830543622 0.073341257527151371
leaf_weight=80.793183487839997 1.1120448461733747 5.0327526777982703 12.856919035315519 3.2804924417287102 3.1613854933530074 2.1290306150913221 4.9068651795387268 1.3376584704965351 2.2307698847725987 1.8727183435112227 2.8086171480827025 2.6373675046488647 1.1826225779950617 1.8086114600300778 8.3885842207819206 1.7886818116530765 7.1595855853520325 2.9388751387596121 0.64901483058929432 11.001893818378447 8.0196290779858792 1.2629068326205004 0.68509113788604814 5.2780287060886613 8.3113950584083778 3.5888197543099514 6.3346743430010966 4.0795011436566702 66.86820280784741 2.1056879553943864
leaf_count=435 21 89 86 29 20 11 59 8 41 36 26 27 5 9 106 37 115 13 2 82 102 7 2 30 37 22 32 17 365 13
internal_value=0.000205882 0.000430305 -0.000102293 -0.0110843 -0.0159001 -0.025834 -0.00340866 -0.0233998 0.00699356 0.00153828 0.00106018 0.0220695 -0.00461933 0.00166916 0.00122807 0.0232491 0.000156147 0.0011941 -0.0265971 0.000492788 -0.000891658 0.000609167 -0.0316888 2.80495e-05 -0.00101671 -0.0251001 0.000772498 0.00218213 0.000875873 -0.00654827
internal_weight=265.612 264.5 259.467 33.7231 30.4426 21.2305 8.37355 6.24452 9.21215 225.744 223.871 6.98138 3.81999 221.062 219.254 10.1773 209.076 201.268 7.8086 198.329 187.327 178.622 8.70472 177.359 172.081 11.9002 160.181 153.847 149.767 82.8989
internal_count=1884 1863 1774 286 257 164 78 67 93 1488 1452 52 32 1426 1417 143 1274 1157 117 1144 1062 958 104 951 921 59 862 830 813 448
is_linear=0
shrinkage=0.05


Tree=112
num_leaves=31
num_cat=0
split_feature=99 188 218 295 234 256 222 256 209 292 292 306 271 195 306 237 87 292 170 256 280 129 96 153 267 25 25 195 267 306
split_gain=1.30029 2.92193 2.70949 2.46576 2.31851 2.26316 3.85643 3.56784 3.92916 3.53481 6.40136 5.68521 4.58329 3.55767 5.28896 3.48715 3.43152 3.93255 4.85379 3.52487 3.39439 3.26663 4.48892 4.30565 3.30391 4.87396 4.54964 3.44866 3.46799 3.37321
threshold=0.0055499998852610597 0.05829999968409539 0.14914999902248385 0.0023500000825151805 0.0027499999850988392 0.0052499999292194852 0.003400000045076013 0.0059500001370906839 0.0019500000635161998 0.0027499999850988392 0.0057500000111758718 0.078063063323497786 0.0018500000005587938 1.0000000180025095e-35 0.14435350149869922 0.0074499999172985562 0.0014499999815598132 0.0058500000741332778 0.0040500001050531873 0.0035500000230968003 0.0010500000207684936 1.0000000180025095e-35 0.0010500000207684936 0.0056499999482184657 0.0019500000635161998 0.0011500000255182388 0.0022500000195577745 0.0012500000302679839 0.0012500000302679839 1.0000000180025095e-35
decision_type=2 2 2 2 2 2 2 2 2 2 2 2 2 2 2 2 2 2 2 2 2 2 2 2 2 2 2 2 2 2
left_child=5 2 3 4 -2 6 16 -7 9 -9 -11 12 -12 -13 -15 -16 17 21 -19 -20 -17 22 23 24 26 -26 27 28 29 -1
right_child=1 -3 -4 -5 -6 7 -8 8 -10 10 11 13 -14 14 15 20 -18 18 19 -21 -22 -23 -24 -25 25 -27 -28 -29 -30 -31
leaf_value=-0.03816611931889561 -0.0083093677691354183 0.060350204784899955 0.032375263164180539 0.044887394838653186 -0.046778510829097231 0.04279387148660576 0.057140435308382892 0.043802130853519528 0.058091634528578365 -0.045235047941725462 0.057628422580217623 -0.015645055901610909 -0.051480195335748415 0.044686646709056116 -0.030937978228268055 0.024338347963514577 0.022497907124554763 -0.035946478639458039 0.077039583787302038 -0.03788721057954559 -0.02145702248523924 -0.043156168626015741 0.056424375930970307 0.050091777812210893 0.055507662288537644 -0.022746671951367325 0.031252059118272647 -0.048830933078393632 -0.053645806157053791 0.0050756579327318032
leaf_weight=5.6734924241900506 64.857023443328217 1.6595602454617608 4.1849033143371335 2.0594952814280978 4.1684738760814062 6.8969992380589238 2.6150890514254561 4.9799146442674092 3.382642339449375 6.9899485730566076 7.3545019272714836 23.24036399461329 1.1074273847043512 8.2120168618857843 7.197734463959935 12.911253633443268 10.549259826540945 18.239144137129191 1.7892096824944013 1.0638863481581209 5.8931982046924523 4.3979331962764254 3.5012205634266129 3.7147472295910111 4.8613777454011124 3.368529905565083 5.5635949568822971 7.0127811795100561 3.9917045012116423 21.991867911070585
leaf_count=12 612 12 49 25 53 32 10 54 56 50 30 132 4 39 56 80 59 112 6 7 67 39 21 31 25 19 33 50 17 92
internal_value=0.000194203 -0.00527533 -0.00672225 -0.00902399 -0.0106325 0.00245034 -0.00276506 0.0082672 0.00533705 0.00304589 0.000262015 0.00508664 0.0433492 -0.000548687 0.00970568 -0.00134201 -0.00440171 -0.00773355 -0.02646 0.0341847 0.00998636 -0.00156938 0.00149526 -0.00192812 -0.00561146 0.0234779 -0.0110237 -0.0171061 -0.0100783 -0.00379218
internal_weight=263.429 76.9295 75.2699 71.085 69.0255 186.5 98.3338 88.166 81.269 77.8864 72.9064 65.9165 8.46193 57.4546 34.2142 26.0022 95.7187 85.1695 21.0922 2.8531 18.8045 64.0772 59.6793 56.1781 52.4633 8.22991 44.2334 38.6698 31.6571 27.6654
internal_count=1884 751 739 690 665 1133 533 600 568 512 458 408 34 374 242 203 523 464 125 13 147 339 300 279 248 44 204 171 121 104
is_linear=0
shrinkage=0.05


Tree=113
num_leaves=31
num_cat=0
split_feature=293 107 146 87 217 174 74 218 74 120 253 102 218 306 243 267 292 256 153 306 218 256 256 222 102 292 292 238 292 292
split_gain=1.26422 1.66987 1.38601 1.69927 1.66316 2.08741 1.80369 1.93624 1.74475 1.86005 1.73888 1.73655 1.51702 4.08337 3.98829 2.92514 4.22418 3.71262 3.44662 2.69255 4.05681 3.92062 3.84835 3.38115 2.54135 2.52797 4.11832 3.85337 2.3182 2.93668
threshold=0.0031500000040978198 0.0010500000207684936 0.0046500000171363362 0.038150001317262656 0.018050000071525577 0.0012500000302679839 0.0024500000290572648 0.15340000391006473 0.0015499999863095584 0.26254999637603765 0.02680000010877848 1.0000000180025095e-35 1.0000000180025095e-35 0.012880790513008835 1.0000000180025095e-35 0.0013499999768100681 0.0010500000207684936 0.016749999485909942 0.0067499999422580012 0.021205288358032707 0.0035500000230968003 0.0013499999768100681 0.0018500000005587938 0.0023500000825151805 0.0010500000207684936 0.0027499999850988392 0.0023500000825151805 0.0014499999815598132 0.0038499999791383748 0.0044499998912215242
decision_type=2 2 2 2 2 2 2 2 2 2 2 2 2 2 2 2 2 2 2 2 2 2 2 2 2 2 2 2 2 2
left_child=2 -2 3 4 5 6 7 8 9 12 -9 -10 14 -14 15 16 18 -18 24 20 21 -15 23 -21 -1 26 27 -24 -27 -30
right_child=1 -3 -4 -5 -6 -7 -8 10 11 -11 -12 -13 13 19 -16 -17 17 -19 -20 22 -22 -23 25 -25 -26 28 -28 -29 29 -31
leaf_value=0.0094224671603478482 0.053234194072911467 -0.027979756744712626 -0.047222716820302164 0.069235610797970346 -0.041838815545683472 0.054314375391184624 -0.035898623985933367 0.054342170999579956 0.052720450070338432 -0.048743289583260872 -0.031276947732675683 -0.023634915388845556 -0.044758710677352598 -0.027556849819340395 0.054523559610044348 0.039965095314619066 -0.042801573711155283 0.042064627562520343 0.080775657300567655 -0.036090657764131812 0.068326531660060016 0.045820623025501064 0.034544150576400638 0.059513947225376507 -0.061080064967541016 -0.03321062985591218 0.071930104890477894 -0.040892801557083844 0.041329206192985274 -0.0018465612235356807
leaf_weight=17.850337402895104 2.3482201788574453 0.86648947047069658 1.5580214289948333 0.88519806042313476 2.3713392158970228 1.7715852726250876 3.4797267238609484 2.8711501341313119 2.8872672431170936 1.9999582900200028 0.74738596100360144 1.0034361351281402 5.4561480088159433 4.4218473024666292 4.2266413904726496 4.6752735944464794 8.2686145058833045 1.5266274735331524 1.5988957444205869 11.902664526365696 3.4219336919486523 3.0942778959870338 3.9965464891865832 1.002705231308936 1.3767730742692936 5.6897551557049146 3.0984329581260681 2.9367506466805935 4.0448841098695985 149.56490655639209
leaf_count=73 139 20 31 4 21 24 31 25 16 37 5 12 52 17 25 51 55 11 12 83 15 14 25 4 15 35 9 24 23 976
internal_value=0.000182361 0.0313439 -0.000206323 7.96283e-05 -0.000160169 0.000230613 -0.000150899 0.000351365 -0.000186968 -0.000725078 0.0366581 0.0330279 -0.000321833 -0.00210191 0.00862429 0.00312801 -0.00249631 -0.0295748 0.0102397 -0.000897089 0.0231978 0.00265157 -0.00234329 -0.0286625 0.00437408 -0.000337406 0.0240074 0.00259117 -0.0018705 -0.000709648
internal_weight=260.944 3.21471 257.729 256.171 255.286 252.915 251.143 247.663 244.045 240.154 3.61854 3.8907 238.154 198.631 39.5232 35.2965 30.6212 9.79524 20.826 193.175 10.9381 7.51613 182.237 12.9054 19.2271 169.331 10.0317 6.9333 159.3 153.61
internal_count=1884 159 1725 1694 1690 1669 1645 1614 1584 1556 30 28 1519 1277 242 217 166 66 100 1225 46 31 1179 87 88 1092 58 49 1034 999
is_linear=0
shrinkage=0.05


Tree=114
num_leaves=31
num_cat=0
split_feature=195 195 263 149 307 132 74 202 306 163 123 25 280 234 221 290 307 6 219 221 207 144 273 234 129 89 204 131 203 279
split_gain=1.22598 1.28415 3.46994 1.77015 1.61493 1.66019 1.83968 1.67982 1.87002 1.76392 2.71766 1.60046 1.5498 1.57889 1.51551 1.49686 2.20761 2.92106 3.32324 2.67678 2.61043 3.03719 3.17286 2.2975 2.45669 3.40505 2.74897 2.33924 2.2449 1.99279
threshold=0.60385000705719005 0.33520001173019415 0.020049999468028549 0.0054500000551342973 0.56411194801330578 0.0011500000255182388 0.0041499999351799497 0.0047500000800937423 0.24953338503837588 0.018250000663101677 0.013100000098347666 0.0036499999696388845 0.054500000551342971 0.67294999957084667 0.0034500000765547161 0.0047999999951571235 0.10205004364252092 0.010850000195205213 0.0011500000255182388 0.0053999999072402724 0.086050000041723265 0.0054500000551342973 0.0048500001430511483 0.0020500000100582842 0.0010500000207684936 0.0010500000207684936 0.0058500000741332778 0.0017499999958090486 0.0024500000290572648 0.0010500000207684936
decision_type=2 2 2 2 2 2 2 2 2 2 2 2 2 2 2 2 2 2 2 2 2 2 2 2 2 2 2 2 2 2
left_child=1 4 3 -3 5 7 14 9 -9 15 -11 -10 13 -6 -7 16 17 19 -19 23 21 -18 28 24 27 29 -27 -1 -23 -26
right_child=-2 2 -4 -5 12 6 -8 8 11 10 -12 -13 -14 -15 -16 -17 20 18 -20 -21 -22 22 -24 -25 25 26 -28 -29 -30 -31
leaf_value=0.0014832850349881107 0.055960134644737182 -0.046861827901272107 0.079401944448165382 0.039623849254409899 0.046706140760861325 -0.039102735765545828 0.05656499156188699 0.054110707647151562 -0.0081832495103259378 -0.04673038360420291 0.034319444701816464 0.043611015620976155 -0.043501611589357482 -0.064390410023065392 0.035974625061179724 -0.054800660166793302 0.058817708139086926 -0.052571060185170451 0.037877914754466779 -0.052925530690852929 -0.012948606400155334 -0.0504151894868686 0.040660388327216086 0.036861255512492572 0.0013085561589313544 0.02880433226850726 -0.050590634389605815 0.048931333671094035 0.060417100575011373 -0.04129310900060193
leaf_weight=168.9486285794992 0.98107175808399816 4.8005299344658843 0.73639830946922291 0.67481529153883446 4.2340551223605862 6.1135275347623965 0.65971809625625599 2.9461517296731454 5.1357510322704911 4.3824246674776068 1.3537527844309805 2.1019261172041297 0.66253859223797906 0.34593898057937611 0.75520881917327631 1.2179445400834072 5.3475009552203137 5.003742820583283 1.2741244537755845 2.3236557850614181 4.7469997750595203 2.442872966639698 3.4354129852727056 4.3803490111604324 3.7361977025866535 5.4794605388306072 1.361052199732512 2.6381922205910078 0.56198802590370167 10.34739038813859
leaf_count=963 6 37 2 8 78 100 7 13 44 35 11 25 11 2 11 8 76 93 11 9 39 24 29 30 34 45 24 22 4 83
internal_value=0.000172632 -3.93836e-05 -0.0224979 -0.0362028 0.000514354 -6.9216e-05 -0.0231881 0.00065852 0.0205285 -0.000225185 -0.0276024 0.00685855 0.027975 0.0383147 -0.0308481 0.000478259 0.000781495 -0.000632764 -0.034214 0.000425483 0.0183578 0.030965 0.00783833 0.00105512 0.000240392 -0.0159343 0.0130072 0.00221281 -0.0296866 -0.0299914
internal_weight=259.129 258.148 6.21174 5.47535 251.937 246.694 7.52845 239.166 10.1838 228.982 5.73618 7.23768 5.24253 4.57999 6.86874 223.246 222.028 205.493 6.27787 199.215 16.5348 11.7878 6.44027 196.891 192.511 20.9241 6.84051 171.587 3.00486 14.0836
internal_count=1884 1878 47 45 1831 1740 118 1622 82 1540 46 69 91 80 111 1494 1486 1314 104 1210 172 133 57 1201 1171 186 69 985 28 117
is_linear=0
shrinkage=0.05


Tree=115
num_leaves=31
num_cat=0
split_feature=205 123 283 219 179 25 153 144 144 218 195 109 197 206 102 99 216 292 237 232 87 2 170 307 218 232 195 106 267 144
split_gain=1.20582 1.24745 1.72793 1.65282 1.60694 1.96967 1.99718 2.44351 2.27331 2.1875 1.9813 1.95318 1.95279 1.934 1.78639 1.63544 2.84738 3.16987 3.82267 3.2308 3.13431 3.02115 4.44753 4.79512 4.08288 2.84033 2.67569 3.5348 2.85375 2.5836
threshold=0.0013499999768100681 0.051300000399351127 0.0026999999536201362 0.022099999710917476 0.0010500000207684936 0.0013499999768100681 0.0079499999992549437 0.0028499999316409235 0.015150000341236593 0.019150000065565113 0.017450000159442428 0.0064000000711530456 0.034549999982118614 0.0022500000195577745 0.0017499999958090486 0.0028499999316409235 0.0012500000302679839 0.020450000651180748 0.0045499999541789302 0.0089499996975064295 0.0015499999863095584 0.0019500000635161998 0.02224999945610762 1.0000000180025095e-35 0.0067499999422580012 0.0015499999863095584 0.0055499998852610597 1.0000000180025095e-35 0.0039500000420957812 0.22974999994039538
decision_type=2 2 2 2 2 2 2 2 2 2 2 2 2 2 2 2 2 2 2 2 2 2 2 2 2 2 2 2 2 2
left_child=1 4 -3 -4 12 -6 14 11 10 -10 -9 -8 15 -11 -7 -1 20 -18 -19 -20 21 22 23 25 -23 -17 27 28 -22 -25
right_child=-2 2 3 -5 5 6 7 8 9 13 -12 -13 -14 -15 -16 16 17 18 19 -21 26 24 -24 29 -26 -27 -28 -29 -30 -31
leaf_value=0.0015246338970752497 0.038956767760453828 -0.053919749836659703 -0.024032068165161499 0.054660184670252923 0.047615247964930045 0.04673143305271215 -0.056204465099841588 -0.035713278612666828 -0.053094282509742567 0.043510540311453072 0.041867054094655493 0.036180596153279308 0.059557848094488788 -0.026301173012040657 -0.040942824381450277 -0.053380715117610257 0.045143238980735162 -0.042045816577053835 -0.044186137615502635 0.0353290413258441 -0.030755293628000436 0.052455758389441082 0.043758637713843251 -0.048031120783248317 -0.03638361148252417 0.046994433290710763 0.025053788399871126 -0.045562367867024868 0.035936751538941554 0.031896151658554792
leaf_weight=155.96859603421763 1.9876134484074999 2.5432799237314603 2.0128016318194573 0.99817863944917906 3.443269420880827 4.238360799849036 2.8954444639384778 0.97331157419830372 2.1796511951833963 2.0214280486106877 5.3280713111162186 0.71298983320593823 1.3261080165393639 1.9481901945546267 0.6732882298529147 0.97798652015627086 4.6910959403030601 4.1465085130184871 1.637370567768812 5.8118541380390525 2.5981552675366419 2.8269999651238313 1.912014516070484 20.613432902842764 2.3838473511859775 2.5229214914143085 7.7857256019487968 4.822704488877207 4.1920212153345346 1.0632053790613998
leaf_count=891 76 70 28 10 32 22 20 10 25 16 31 4 15 18 6 23 20 32 17 48 29 14 12 219 29 14 64 47 27 15
internal_value=0.000163095 -0.00013899 -0.0235754 0.00205542 0.000382336 0.0125669 0.00681212 -0.00172135 0.00877843 -0.0128492 0.029884 -0.0379501 -0.000938119 0.00924868 0.0347131 -0.00129634 -0.00776802 0.0104628 -0.00356728 0.0178513 -0.0135113 -0.023052 -0.0297587 -0.0353417 0.0118137 0.0189544 0.00237484 -0.01283 0.0104181 -0.0441108
internal_weight=257.236 255.249 5.55426 3.01098 249.695 24.414 20.9707 16.0591 12.4507 6.14927 6.30138 3.60843 225.281 3.96962 4.91165 223.954 67.9858 16.2868 11.5957 7.44922 51.699 32.3004 27.0896 25.1775 5.21085 3.50091 19.3986 11.6129 6.79018 21.6766
internal_count=1884 1808 108 38 1700 184 152 124 100 59 41 24 1516 34 28 1501 610 117 97 65 493 326 283 271 43 37 167 103 56 234
is_linear=0
shrinkage=0.05


Tree=116
num_leaves=31
num_cat=0
split_feature=301 66 146 173 293 47 47 220 206 243 292 218 153 218 109 263 218 263 237 153 256 149 256 237 153 243 47 196 112 123
split_gain=1.19578 1.51789 1.56897 1.5126 1.46759 1.38936 3.39391 2.71523 2.57112 2.41219 5.02883 5.55523 7.69198 5.05531 3.21244 3.02059 2.76239 4.10568 4.00916 3.12578 3.01623 2.62283 2.36456 2.25931 2.56719 2.23842 2.16363 2.20652 2.24056 2.916
threshold=0.00035000000207219278 1.0000000180025095e-35 0.0046500000171363362 0.018150000832974914 0.0031500000040978198 0.0017499999958090486 0.0010500000207684936 0.0091500002890825289 0.003249999950639904 0.0010500000207684936 0.0013499999768100681 0.0031500000040978198 0.0027499999850988392 1.0000000180025095e-35 0.0011500000255182388 0.012300000060349705 0.011549999937415125 0.0011500000255182388 0.010149999987334015 0.0072500000242143878 0.015950000844895843 0.0072500000242143878 0.0046500000171363362 0.046250000596046455 0.011400000192224981 0.0012500000302679839 1.0000000180025095e-35 0.050700001418590553 0.0018500000005587938 0.050049999728798873
decision_type=2 2 2 2 2 2 2 2 2 2 2 2 2 2 2 2 2 2 2 2 2 2 2 2 2 2 2 2 2 2
left_child=1 2 4 -3 5 6 9 8 -8 15 -11 13 14 -12 -13 26 17 22 21 -20 -21 -18 -14 24 -22 -15 27 28 -1 -30
right_child=-2 3 -4 -5 -6 -7 7 -9 -10 10 11 12 16 25 -16 -17 18 -19 19 20 23 -23 -24 -25 -26 -27 -28 -29 29 -31
leaf_value=-0.0032025620010633898 0.040677470645341496 -0.038670762660781247 -0.053198345631500311 0.038991596619893043 0.03911143598078512 0.013733848577796609 -0.036636611143658321 0.059680763031091766 0.025343537616147389 0.063696120978611492 0.04499310686970704 0.05825119952989314 -0.057073413119998376 0.043414255235286199 -0.033720408386806143 0.068440501736422549 -0.048306958163121236 -0.052724153774777599 0.056986620532379309 -0.034555601249593448 -0.051194311011515593 0.038230180273821295 0.05700056878553459 -0.025272962313937497 0.036493082242774436 -0.049884225813851095 -0.054026552973197153 -0.035913377276066721 0.026873988545868168 -0.0580722464785908
leaf_weight=131.23623884050176 1.8073668545112003 4.2946612983942023 1.3572061341255892 0.73413847386836995 2.4629966849461189 17.894105295650661 12.739556667394931 0.92831115424633104 1.926231772638858 3.9911027122288933 2.0229574055410913 10.024841970764099 0.4972654115408649 0.69756063260137935 1.0487676821649063 1.4895960940048087 6.5582897560670999 1.2535932855680583 2.6251082643866566 4.8940649777650824 0.94534491188823988 1.0105144605040548 5.2542207092046738 2.8920388109982005 7.1306835170835257 8.2019756515510363 2.0579995810985556 4.7552694128826252 11.130519327241926 1.1111272720154364
leaf_count=866 46 53 28 6 132 118 82 5 15 17 12 48 6 5 7 12 47 12 11 33 4 11 23 21 46 34 15 45 95 29
internal_value=0.00015195 -0.000137364 0.00041379 -0.0273331 0.000708638 0.000321494 -0.000738478 -0.0232469 -0.028496 0.000926371 0.009501 0.00557239 0.0134734 -0.0263535 0.0495407 -0.00240948 0.00139294 0.0292671 -0.00610094 0.00644837 -0.00191547 -0.0367533 0.0471379 0.0126489 0.0262288 -0.0425713 -0.0031117 -0.00240482 -0.00129425 0.0191637
internal_weight=254.974 253.166 248.137 5.0288 246.78 244.317 226.423 15.5941 14.6658 210.829 59.0483 55.0572 44.1347 10.9225 11.0736 151.781 33.0611 7.00508 26.056 18.4872 15.8621 7.5688 5.75149 10.9681 8.07603 8.89954 150.291 148.233 143.478 12.2416
internal_count=1884 1838 1779 59 1751 1619 1501 102 97 1399 337 320 269 51 55 1062 214 41 173 115 104 58 29 71 50 39 1050 1035 990 124
is_linear=0
shrinkage=0.05


Tree=117
num_leaves=31
num_cat=0
split_feature=144 123 305 204 295 195 196 25 217 308 304 242 109 163 195 25 170 292 308 50 207 238 220 222 243 243 256 211 102 292
split_gain=1.1789 3.25425 4.1911 4.09376 5.83129 3.66532 3.70946 3.3911 3.30553 2.51643 2.48561 2.48366 2.37173 3.12741 3.75343 3.60738 4.71277 3.41367 4.28515 3.28566 2.93671 3.78212 4.24531 3.07629 3.33207 7.17948 4.12095 6.39628 2.73862 2.3046
threshold=0.0010500000207684936 0.0013499999768100681 0.0017499999958090486 0.0079499999992549437 0.0022500000195577745 0.065250001847744002 0.0060499999672174462 1.0000000180025095e-35 0.0016499999910593035 0.00039994499820750212 1.0000000180025095e-35 0.0010500000207684936 0.0041499999351799497 0.0012500000302679839 0.0096500003710389155 0.0023500000825151805 0.0012500000302679839 0.0021499999566003685 0.00019999499636469412 0.0020500000100582842 0.0024500000290572648 0.0050500000361353168 0.0022500000195577745 0.0010500000207684936 0.0035500000230968003 0.0024500000290572648 0.0046500000171363362 0.0010500000207684936 0.0016499999910593035 0.0011500000255182388
decision_type=2 2 2 2 2 2 2 2 2 2 2 2 2 2 2 2 2 2 2 2 2 2 2 2 2 2 2 2 2 2
left_child=1 2 5 4 -4 6 10 9 -3 -6 12 -5 13 14 15 16 20 -15 -19 -17 23 -22 -23 24 25 26 28 -28 29 -1
right_child=-2 8 3 11 7 -7 -8 -9 -10 -11 -12 -13 -14 17 -16 19 -18 18 -20 -21 21 22 -24 -25 -26 -27 27 -29 -30 -31
leaf_value=-0.0062245136992524269 -0.0034344413379813442 -0.051668593679646546 0.050497795824989561 -0.024325428733190775 -0.040869197933360038 -0.057301025572582959 0.061075476708835452 0.05947878420584838 0.049120150261619012 0.057354509668768705 0.060489547924914004 0.057497773098749497 -0.055512626756564071 -0.062376503971399377 -0.046508833718530498 0.049253921019782293 0.049656993018381362 0.065784408673914566 -0.03577068987326569 -0.056001507119642663 0.047964496074211847 -0.05704884707262467 0.056875084755038954 -0.049521946460893307 -0.033199730921764967 0.070629344323067472 0.053743674225146615 -0.051709615600357667 0.040809964432016753 -0.03379031170682089
leaf_weight=17.464653356000785 120.39674204471521 4.6121627460233858 14.660303637385374 5.825642275158315 4.2777996580116442 2.6966250687837592 2.5691581889986983 1.5113769858144221 0.98771242052316655 0.76933640427887429 1.677133438643067 1.1030268440954385 1.9482226260006417 0.84516282379627128 4.5762454550713292 5.7049045683816066 3.9830696377903214 4.9885768666863441 1.3118933215737341 0.85219199676066626 5.1889927173033339 2.4141528969630603 1.2366349399089811 4.6251476397737852 9.9098674412816745 3.231676783412694 5.5835257712751618 1.9367451947182415 2.1005512960255137 13.399495968595145
leaf_count=76 1126 28 102 51 17 15 11 21 5 20 15 40 25 6 29 38 18 16 7 9 24 11 4 25 22 11 24 7 11 70
internal_value=0.000143553 0.00340723 0.00505976 0.0220699 0.0329661 0.000186281 0.00180873 -0.00622252 -0.0338914 -0.0258969 0.000171092 -0.0112994 -0.000936906 0.000253038 -0.00250481 8.91486e-05 -0.0031846 0.0319811 0.0446385 0.0355744 -0.00632169 0.0205318 -0.0184593 -0.0103967 -0.0070223 -0.0010883 -0.00681309 0.0265856 -0.0144324 -0.018192
internal_weight=252.389 131.992 126.392 28.1475 21.2188 98.2446 95.548 6.55851 5.59988 5.04714 92.9788 6.92867 91.3017 89.3535 82.2079 77.6316 71.0745 7.14563 6.30047 6.5571 67.0914 8.83978 3.65079 58.2517 53.6265 43.7166 40.485 7.52027 32.9647 30.8641
internal_count=1884 758 725 251 160 474 459 58 33 37 448 91 433 408 379 350 303 29 23 47 285 39 15 246 221 199 188 31 157 146
is_linear=0
shrinkage=0.05


Tree=118
num_leaves=31
num_cat=0
split_feature=39 223 194 195 54 198 306 301 153 306 54 109 32 182 309 50 50 99 153 306 196 144 195 247 195 196 217 188 188 247
split_gain=1.17608 1.99774 1.61882 1.22115 1.20176 2.44201 3.79902 2.37733 2.15513 2.15285 2.04296 1.99239 1.69161 3.18488 2.64647 1.73919 3.18758 1.59961 2.87553 7.63874 4.02808 3.46297 3.02184 5.11544 2.87485 3.29394 2.75245 2.64585 3.08124 2.81169
threshold=0.003249999950639904 0.0024500000290572648 1.0000000180025095e-35 0.60385000705719005 0.0014499999815598132 0.0040500001050531873 0.080461930483579649 1.0000000180025095e-35 1.0000000180025095e-35 0.68462246656417858 0.0011500000255182388 0.0071499999612569818 0.002650000038556755 1.0000000180025095e-35 0.93982639908790599 0.0015499999863095584 0.0018500000005587938 0.0055499998852610597 0.0056499999482184657 0.14435350149869922 0.0073500000871717939 0.0024500000290572648 0.003249999950639904 0.0224999999627471 0.007849999703466894 0.0014499999815598132 0.0035500000230968003 1.0000000180025095e-35 0.016700000502169136 0.0010500000207684936
decision_type=2 2 2 2 2 2 2 2 2 2 2 2 2 2 2 2 2 2 2 2 2 2 2 2 2 2 2 2 2 2
left_child=1 2 3 4 5 10 -7 -8 -6 11 12 -10 17 15 -15 -14 -17 18 20 22 24 26 -20 -24 25 27 -21 29 -29 -1
right_child=-2 -3 -4 -5 8 6 7 -9 9 -11 -12 -13 13 14 -16 16 -18 -19 19 21 -22 -23 23 -25 -26 -27 -28 28 -30 -31
leaf_value=-0.0082634191406431232 -0.053094512265200039 0.046522498373178761 -0.059394436271000807 0.058587059476209159 0.053193810393794443 -0.063350121250235522 0.05933474166642342 -0.034231918063938986 -0.053839514412888673 0.050322980357297022 0.055233874421339084 0.026260731372887116 -0.046970433536381681 -0.058479618664272481 0.040967817281151633 0.065278831018201824 -0.054301708924236247 -0.0064653616625216688 0.062424176938411569 -0.035691286010982308 0.040478703169721547 0.022447480571796821 -0.032089875636409908 0.067130138341410336 -0.020925821528302791 0.051713427959329684 0.063783269503726647 0.054933329491502605 -0.020214514157054622 0.010650353576169712
leaf_weight=65.739058786537498 1.0333516912069161 2.3215679982677093 1.1448713159188617 0.89224879816174407 0.8823631564155211 0.92169955000281234 4.8263225024566054 0.7899924675002693 4.7163775274530053 0.73490001168102015 1.6469327751547087 0.92929562227800477 6.8393529336899501 0.85440129786729757 3.0827818028628826 1.0852093212306502 1.1455758633092044 60.874170912662521 8.5771820126101392 8.1473615486174786 5.8235944649204603 5.7984968964010468 2.7859786935150614 2.4339442551136017 17.354777525179088 3.1138139190152279 0.76029382692650038 4.2700508441776028 2.004339917562902 28.026752176694572
leaf_count=323 39 60 11 5 7 8 43 10 67 9 9 14 50 9 16 5 11 591 39 54 38 47 42 9 116 23 6 28 9 186
internal_value=0.000136425 0.000357758 -7.75538e-05 0.000199566 -1.37987e-05 0.000600399 0.0307335 0.0461736 -0.0200477 -0.0301762 -0.000254815 -0.0406548 -0.000654374 -0.0181654 0.0193869 -0.0344662 0.0038706 0.000401542 0.00310129 0.0174464 -0.000135267 -0.00762498 0.0441696 0.0141744 -0.00209794 0.00106969 -0.0272008 -0.000506629 0.0309275 -0.00261006
internal_weight=249.557 248.524 246.202 245.057 244.165 236.902 6.53801 5.61631 7.26294 6.38057 230.364 5.64567 228.717 13.0073 3.93718 9.07014 2.23079 215.71 154.836 28.5033 126.332 14.7062 13.7971 5.21992 120.509 103.154 8.90766 100.04 6.27439 93.7658
internal_count=1884 1845 1785 1774 1769 1672 61 53 97 90 1611 81 1602 91 25 66 16 1511 920 197 723 107 90 51 685 569 60 546 37 509
is_linear=0
shrinkage=0.05


Tree=119
num_leaves=31
num_cat=0
split_feature=232 232 220 120 232 269 232 232 295 169 295 242 232 182 195 279 216 43 263 237 306 307 120 98 2 43 149 98 15 47
split_gain=1.16235 1.50533 1.73108 1.43102 1.39957 2.35847 1.83143 1.95847 2.65564 2.06076 1.84405 1.65572 1.7815 2.88844 4.05324 4.8369 3.14939 3.98547 3.02023 3.01894 2.54906 2.43705 2.2473 2.0176 3.14728 1.89104 2.43881 3.02879 2.40634 1.90372
threshold=0.13990000635385516 0.18369999527931216 0.0020500000100582842 0.38214999437332159 0.049799999222159393 0.0011500000255182388 0.045649999752640731 0.044250000268220908 0.0024500000290572648 0.02615000028163195 0.0023500000825151805 0.0072000001091510066 0.010250000283122064 1.0000000180025095e-35 0.007849999703466894 0.0081500001251697558 0.0022500000195577745 0.0014499999815598132 1.0000000180025095e-35 0.0076500000432133683 0.072446580976247801 0.020393244922161106 0.0079499999992549437 0.0011500000255182388 0.00335000001359731 0.0020500000100582842 0.018550000153481964 0.0031500000040978198 0.0024500000290572648 0.0043500000610947618
decision_type=2 2 2 2 2 2 2 2 2 2 2 2 2 2 2 2 2 2 2 2 2 2 2 2 2 2 2 2 2 2
left_child=3 -2 -3 4 6 -6 7 8 10 -10 11 12 25 21 15 -15 18 -18 20 -16 -17 -14 -22 -21 -25 26 29 -28 -27 -1
right_child=1 2 -4 -5 5 -7 -8 -9 9 -11 -12 -13 13 14 19 16 17 -19 -20 23 22 -23 -24 24 -26 28 27 -29 -30 -31
leaf_value=-0.0019744215901392457 0.055885538896300047 -0.042907696204494382 0.052925403116935603 -0.051910694408537267 -0.036028412119332602 0.019081181501911643 0.056739780707408052 -0.052596818530941752 0.049187648680860722 -0.054512608010969271 -0.041724031852669402 -0.03646182978846986 -0.0539239952623526 0.05789147170139796 -0.045918041012539164 -0.058296423866293426 -0.046868583598437243 0.052000215025605159 -0.026755485388412333 0.043720943610083975 0.058421090380087685 0.028466138557855375 -0.020293321433972701 -0.048826090288247609 0.030230412941328201 -0.039059589122513283 0.044816649419128968 -0.044015849439795224 0.077942326563862338 0.047024561738209542
leaf_weight=165.25513064535335 2.1140247238799921 1.1873554862104354 0.78129465784877528 1.3364621633663762 6.3601707750931364 2.7943727322854102 1.4500947487540532 1.7319597471505392 4.2672776533290735 0.53966860845684994 2.6189703522250047 2.9926407709717742 2.9170328974723807 8.2588426684960741 3.7657985147088748 0.61113017844036033 3.8818818768486372 1.3822472952306268 2.1237048506736746 2.6820101961493492 6.7008530860766768 1.2964414693415163 1.0486639970913527 2.5609953422099352 2.4761375747621059 5.2804896547459057 5.5289850477129212 1.1610424472019074 0.47934333886951197 2.0063670817762604
leaf_count=1146 24 23 30 25 54 47 14 9 74 3 10 25 16 42 39 6 22 7 7 20 37 7 8 21 26 73 33 17 3 16
internal_value=0.000129368 0.0265872 -0.00487459 -0.000314226 -2.94833e-05 -0.0192065 0.000723923 0.000373147 0.00077231 0.0375454 -1.3217e-05 0.000477946 0.000981769 0.0105667 0.0152132 0.0269001 0.0106475 -0.0209078 0.0264912 -0.00921614 0.0400165 -0.0285734 0.0477695 0.00868896 -0.00996375 -0.00113594 -0.000202634 0.0293999 -0.0293225 -0.00138666
internal_weight=247.591 4.08267 1.96865 243.509 242.172 9.15454 233.018 231.568 229.836 4.80695 225.029 222.41 219.417 39.7057 35.4923 24.0073 15.7485 5.26413 10.4844 11.4849 8.36065 4.21347 7.74952 7.71914 5.03713 179.711 173.952 6.69003 5.75983 167.261
internal_count=1884 77 53 1807 1782 101 1681 1667 1658 77 1581 1571 1546 258 235 129 87 29 58 106 51 23 45 67 47 1288 1212 50 76 1162
is_linear=0
shrinkage=0.05


Tree=120
num_leaves=31
num_cat=0
split_feature=39 223 194 184 133 268 301 66 309 217 146 309 306 306 186 295 182 256 295 25 226 309 109 195 305 253 158 284 253 247
split_gain=1.10478 1.83678 1.50904 1.19131 1.23767 1.52706 1.36579 1.3104 1.46425 1.95432 1.32627 1.30284 1.97984 2.57526 1.62735 1.53663 3.20888 2.20784 1.7998 1.58577 1.57806 1.99335 1.7933 3.42515 2.87083 3.25402 2.48421 2.39083 2.25994 3.31621
threshold=0.003249999950639904 0.0024500000290572648 1.0000000180025095e-35 0.0014000000082887711 0.0010500000207684936 0.0019500000635161998 0.00035000000207219278 1.0000000180025095e-35 0.91816091537475597 0.0010500000207684936 0.0046500000171363362 0.26008526980876928 0.0024492300581187014 0.0036469249753281478 0.0018500000005587938 0.0024500000290572648 0.0054500000551342973 0.070450000464916243 0.0020500000100582842 0.0016499999910593035 0.087250001728534712 0.46327556669712072 0.0011500000255182388 0.023449999280273918 1.0000000180025095e-35 0.0013499999768100681 0.00025000000459840527 0.0038499999791383748 0.0072500000242143878 0.41320000588893896
decision_type=2 2 2 2 2 2 2 2 2 2 2 2 2 2 2 2 2 2 2 2 2 2 2 2 2 2 2 2 2 2
left_child=1 2 3 4 5 6 7 10 9 -9 11 -1 -13 -14 15 18 -17 -18 20 -20 21 -15 28 24 -24 -26 -27 -25 -23 -30
right_child=-2 -3 -4 -5 -6 -7 -8 8 -10 -11 -12 12 13 14 -16 16 17 -19 19 -21 -22 22 23 27 25 26 -28 -29 29 -31
leaf_value=-0.016421521911435824 -0.052907565194497568 0.045440504957639072 -0.059040435121933021 0.05442607596736504 -0.03648529468786043 0.062042303805308091 0.052932863557751231 -0.056089751663048075 -0.056263488680637165 0.034924621636315066 -0.052870709020553235 0.038848829717221214 -0.063084951330696401 0.033894644074518969 -0.035202369721820004 0.053666668966498847 -0.041790397678451968 0.052464983438141356 -0.053033539746022554 0.0081016058734015312 -0.04303921702163211 0.0046304494653402082 -0.054510296364781996 0.012487768048259559 -0.034861413258052164 0.039621363421123969 -0.05332697416299418 -0.060564637205435271 -0.04800945926531467 0.047107726466569383
leaf_weight=10.74452351592481 0.97817923128604789 2.2364624007605007 1.0804090090095986 1.008012507110833 2.3076375799719235 0.99755944823846121 1.2146515576168884 0.96039470937102978 2.1880466649308801 1.5285642566159365 1.1665538998786349 3.4754495210945597 1.5656445380300272 4.824814277701079 3.0144262341782442 4.0674769524484864 2.138406242243946 0.87572539318352927 2.8353494685143223 1.6947152614593504 1.9508981257677067 155.01251416094601 5.6331519996747401 14.766930688172577 5.8632617006078345 3.673103847540915 0.89378405921161164 1.2119230143725861 4.347282586619257 1.1611001193523405
leaf_count=38 39 60 11 20 53 19 27 9 24 20 26 14 13 31 26 36 18 45 13 19 15 938 111 136 56 17 8 8 28 6
internal_value=0.000123613 0.00033583 -8.06603e-05 0.000183524 -4.41893e-05 0.00030943 4.93795e-05 -0.000223272 -0.0264252 -0.000194367 0.000307424 0.000577435 0.00141141 0.000807729 0.00127525 0.00179651 0.0246933 -0.0144055 0.00100116 -0.0301626 0.00170937 0.00215165 0.00135631 -0.00944348 -0.0257479 -0.0102138 0.0214305 0.00694708 0.00351209 -0.0279599
internal_weight=245.417 244.439 242.202 241.122 240.114 237.806 236.809 235.594 4.67701 2.48896 230.917 229.75 219.006 215.531 213.965 210.95 7.08161 3.01413 203.869 4.53006 199.339 197.388 192.563 32.0422 16.0633 10.4301 4.56689 15.9789 160.521 5.50838
internal_count=1884 1845 1785 1774 1754 1701 1682 1655 53 29 1602 1576 1538 1524 1511 1485 99 63 1386 32 1354 1339 1308 336 192 81 25 144 972 34
is_linear=0
shrinkage=0.05


Tree=121
num_leaves=31
num_cat=0
split_feature=144 123 305 182 243 218 195 196 217 129 279 306 253 306 32 204 243 238 218 204 131 307 306 256 131 195 279 307 99 144
split_gain=1.10943 3.00639 3.85622 5.00623 3.94225 3.82606 3.39756 3.22227 2.87485 2.44057 2.33204 4.62918 3.99955 3.82139 3.72926 3.62366 2.92168 3.85455 3.12859 4.17698 3.53748 3.53641 3.20893 4.06405 2.88695 2.84123 2.69285 2.60887 2.43734 2.26765
threshold=0.0010500000207684936 0.0013499999768100681 0.0017499999958090486 0.0018500000005587938 0.0017499999958090486 0.0055499998852610597 0.065250001847744002 0.0060499999672174462 0.0016499999910593035 0.0051500000990927228 0.0010500000207684936 0.012880790513008835 0.0013499999768100681 1.0000000180025095e-35 0.0010500000207684936 0.021300000138580803 0.0019500000635161998 0.019049999304115776 0.018350000493228439 0.002549999975599349 0.0010500000207684936 1.0000000180025095e-35 0.021205288358032707 0.002549999975599349 0.0017499999958090486 0.0030500000575557355 0.0020500000100582842 0.0070842807181179532 0.0029499999945983295 1.0000000180025095e-35
decision_type=2 2 2 2 2 2 2 2 2 2 2 2 2 2 2 2 2 2 2 2 2 2 2 2 2 2 2 2 2 2
left_child=1 2 6 9 5 -5 7 10 -3 -4 12 -12 13 -1 -15 -14 17 18 19 20 22 -21 -13 -24 26 28 -18 -23 -25 -7
right_child=-2 8 3 4 -6 29 -8 -9 -10 -11 11 16 15 14 -16 -17 24 -19 -20 21 -22 27 23 25 -26 -27 -28 -29 -30 -31
leaf_value=-0.021056743077032772 -0.0033868823749437574 -0.05140038203023866 0.051384969586877965 0.060962992171924184 0.043854592704386158 -0.037262275309599711 -0.056951201784656347 0.058928365527686669 0.046317903925303605 -0.018535990662770414 -0.053036888884806337 0.065151582739906941 -0.060864766250345731 0.029620359026046445 -0.057361318351239643 0.049835372727452337 0.039123199276291397 -0.060133648751506577 0.041483133876668243 -0.049814578147864046 -0.066623517620962455 0.046173025941180952 -0.062944153096080521 0.048279121158488342 0.048357740524714442 -0.061098987074544253 -0.029339980785177328 -0.040528239080229504 -0.057260391437248849 0.056950437364751277
leaf_weight=5.4739739708602455 117.31557683902793 4.2368449093773952 11.644618299789729 1.3669330896809686 3.7536158766597501 7.5842456454411131 2.5273094400763503 2.4048347547650328 0.91526168212294567 1.3978180736303318 4.7960431203246108 3.9701999947428801 3.2158605307340613 23.613783859182153 1.3001213334500779 0.95990891754627217 1.5809562765061915 1.9659793470054854 6.9603130212053648 5.2462656656280142 1.0731332451105107 2.3340142276138072 1.5345468502491693 5.6932380781508982 1.5405840352177609 0.81454887986183155 15.694904347881673 1.381027423776686 0.60520137846469868 0.69743497669696797
leaf_count=12 1126 28 75 30 80 54 15 11 5 8 14 14 28 125 18 4 10 14 30 26 8 11 12 32 15 6 50 13 6 4
internal_value=0.000114002 0.00336627 0.00495732 0.0218383 0.000377445 -0.0165365 0.000242698 0.00181114 -0.0340409 0.0438912 0.000280773 -0.00609723 0.0104651 0.0167701 0.0250813 -0.0354175 -0.00163003 0.0076632 0.0121642 0.00315545 0.0205261 -0.023383 0.0279382 0.010853 -0.0172263 0.0267739 -0.0230747 0.0139427 0.0381381 -0.0293282
internal_weight=243.599 126.284 121.131 26.4447 13.4022 9.64861 94.6867 92.1594 5.15211 13.0424 89.7546 55.191 34.5636 30.3879 24.9139 4.17577 50.3949 31.5785 29.6125 22.6522 13.6909 8.96131 12.6177 8.64754 18.8164 7.11299 17.2759 3.71504 6.29844 8.28168
internal_count=1884 758 725 251 168 88 474 459 33 83 448 261 187 155 143 32 247 172 158 128 78 50 70 56 75 44 60 24 38 58
is_linear=0
shrinkage=0.05


Tree=122
num_leaves=31
num_cat=0
split_feature=205 89 144 149 305 182 243 195 218 87 309 269 176 109 195 169 267 202 305 204 209 153 93 226 2 309 155 279 243 306
split_gain=1.14047 1.57409 1.2229 2.52969 3.18721 3.70432 3.60444 3.31595 2.63491 2.54275 2.45864 3.44357 2.44047 2.60448 3.60618 2.09345 2.13594 2.63027 2.03397 2.00591 1.98684 3.14336 3.87567 3.03327 3.12833 2.99081 2.95725 1.98379 4.50655 3.84244
threshold=0.0011500000255182388 0.0027499999850988392 0.0010500000207684936 0.0013499999768100681 0.0017499999958090486 0.0018500000005587938 0.0017499999958090486 0.065250001847744002 0.0055499998852610597 1.0000000180025095e-35 0.77921313047409069 0.0010500000207684936 0.0015499999863095584 1.0000000180025095e-35 0.057800000533461578 0.0018500000005587938 0.0021499999566003685 1.0000000180025095e-35 0.0017499999958090486 0.0088499998673796671 0.0012500000302679839 0.0012500000302679839 1.0000000180025095e-35 0.0028499999316409235 0.0014499999815598132 0.13571138679981234 0.0012500000302679839 0.0013499999768100681 1.0000000180025095e-35 0.014083571732044222
decision_type=2 2 2 2 2 2 2 2 2 2 2 2 2 2 2 2 2 2 2 2 2 2 2 2 2 2 2 2 2 2
left_child=2 -2 3 4 7 10 8 12 -7 -5 11 -6 13 15 -15 27 -17 -18 -11 -20 21 22 23 -4 -25 -23 -22 28 -1 -29
right_child=1 -3 20 9 5 6 -8 -9 -10 18 -12 -13 -14 14 -16 16 17 -19 19 -21 26 25 -24 24 -26 -27 -28 29 -30 -31
leaf_value=0.0021324332833584773 0.061707007511210082 -0.011010032825058119 -0.048701781367702431 -0.051328829095102849 -0.060530334021735126 0.060863615132703136 0.053009576504205791 -0.05662110038963386 -0.030289749139298879 -0.033473988278074816 0.051425879344828854 0.05624590950705554 0.039724698982563852 -0.051721436579151681 0.081392353738061626 0.072564132613436486 -0.058428172927205195 0.059030800887986207 0.06329163016291138 -0.019350483229000903 0.046924657268679865 0.097757825127716413 0.063379452274096526 0.06230695556896404 -0.044359347311511199 -0.0036089044283145349 -0.0042499618915416339 -0.053094461597651493 0.051876015681407719 -0.00121954994062418
leaf_weight=27.744649274274707 1.7364678687881672 1.30239578243345 10.055520274676381 4.0920066139660758 1.2993310540914564 0.90787397651001622 2.3169304756447673 2.4177126847207537 6.2544843489304185 2.3929930943995714 9.9634973052889091 1.2279105479829011 4.24410985270515 4.1221113512292495 0.58043588697910298 2.1259690076112738 0.96345065161585786 0.94322453439235687 1.7339952662587168 1.2735348916612563 4.5714567820541543 0.73368513956665893 1.0630799299105991 1.4163928716443472 1.3355125011876223 88.833693304564804 7.381295754108578 3.9328235685825339 5.4470324404537669 38.661939640529454
leaf_count=135 72 15 78 21 10 25 44 15 36 17 53 18 27 61 2 6 8 4 8 11 39 3 6 7 7 849 102 12 22 171
internal_value=0.000105005 0.0305419 -0.000283564 0.00319262 0.00527248 0.0223681 -0.00119954 0.00115341 -0.0187355 -0.0215998 0.0402536 -0.00379228 0.00272702 0.000869244 -0.0352912 0.00299964 0.038103 -0.000321692 0.000925993 0.0282969 -0.00397832 -0.0062086 -0.0283577 -0.0359723 0.0105413 -0.00277857 0.0153223 0.00113177 0.0102958 -0.00600922
internal_weight=241.076 3.03886 238.037 122.646 113.153 21.97 9.47929 91.1835 7.16236 9.49253 12.4907 2.52724 88.7657 84.5216 4.70255 79.8191 4.03264 1.90668 5.40052 3.00753 115.391 103.438 13.8705 12.8074 2.75191 89.5674 11.9528 75.7864 33.1917 42.5948
internal_count=1884 87 1797 706 649 186 105 463 61 57 81 28 448 421 63 358 18 12 36 19 1091 950 98 92 14 852 141 340 157 183
is_linear=0
shrinkage=0.05


Tree=123
num_leaves=31
num_cat=0
split_feature=232 129 308 53 269 237 306 144 246 299 279 66 96 306 63 173 182 263 224 120 120 307 107 306 237 243 237 256 224 116
split_gain=1.07053 1.3722 2.79083 2.42714 2.27398 2.17644 2.31345 4.54595 2.22469 1.93511 1.88061 1.83145 2.22498 4.74663 1.71209 2.52832 2.47078 2.44876 2.73982 2.35381 3.09159 2.97842 3.25739 2.69408 4.16753 6.15013 3.99867 7.08761 4.21486 3.93461
threshold=0.13990000635385516 0.0010500000207684936 0.0033956177067011599 0.0030500000575557355 0.011900000274181368 0.0098500000312924402 0.086533747613430037 0.0013499999768100681 0.0015499999863095584 0.0015499999863095584 0.0010500000207684936 1.0000000180025095e-35 0.0010500000207684936 0.0056399307213723668 0.0063000000081956395 0.0010500000207684936 0.01480000000447035 0.0014499999815598132 0.0029499999945983295 0.0020500000100582842 0.0017499999958090486 0.1105298548936844 0.0014499999815598132 0.29971051216125494 0.0018500000005587938 0.0027499999850988392 0.0027499999850988392 0.0020500000100582842 0.0012500000302679839 0.0012500000302679839
decision_type=2 2 2 2 2 2 2 2 2 2 2 2 2 2 2 2 2 2 2 2 2 2 2 2 2 2 2 2 2 2
left_child=1 3 4 9 5 6 10 -8 -9 11 -3 12 14 -14 15 16 17 19 -19 20 21 22 23 24 -1 26 29 -28 -29 -26
right_child=-2 2 -4 -5 -6 -7 7 8 -10 -11 -12 -13 13 -15 -16 -17 -18 18 -20 -21 -22 -23 -24 -25 25 -27 27 28 -30 -31
leaf_value=-0.0084059712016418334 0.026461723759034494 -0.0084875494092586153 0.012431999056762556 -0.037220820834656804 0.025459413797408893 -0.056710332647197964 0.059708929683690362 -0.048204508039233568 0.01633352577919988 0.058048730624161306 -0.061467102313188041 -0.04275451760327284 0.16991108785390599 0.017628633569786445 0.035631365707867409 -0.029466496974807379 0.030767664103955056 0.0067078059855428147 0.050483807224063496 -0.013185099319381026 0.056434449129079106 0.047472343739994566 -0.033047486795430264 -0.028543405545929896 0.042080683758421673 0.055919010451973686 -0.05770174891139225 5.3839449626994529e-05 0.056142617236830422 -0.051611933580970805
leaf_weight=42.134788320865482 3.7900384501554063 2.9991242215037435 9.5322492183186096 4.0360032580792895 2.435495792888104 4.3972762119956306 2.3684702403843403 3.4075901890173554 2.1957117104902864 1.5251134345307935 3.7939819302409887 2.3094510268419972 0.56841085851192374 5.12998918723315 3.5253447247669092 6.8008140474557868 6.9746687596198162 15.508709474932404 4.6447759931907049 34.745332540944219 2.5174782946705809 3.2690049945376805 7.3818411864340296 7.047704209573566 10.253750316798685 7.0947851203382006 4.9322718232870093 28.458963835146278 3.7962226266972712 1.2580279447138298
leaf_count=188 77 31 95 112 25 38 11 41 26 30 40 22 2 41 25 57 110 135 25 323 13 47 45 42 45 34 40 137 19 8
internal_value=0.000100026 -0.000325053 -0.0101028 0.00116764 -0.0200486 -0.0258327 -0.0166367 0.00163343 -0.0229146 0.00194279 -0.0380769 0.0015114 0.00203287 0.0328187 0.00111122 0.000459816 0.00159039 0.000414371 0.0167969 -0.00174512 0.00161928 0.000425825 -0.000942968 0.00131459 0.0034634 0.012427 0.00609079 -0.0018807 0.00665512 0.0318418
internal_weight=238.833 235.043 31.1299 203.913 21.5977 19.1622 14.7649 7.97177 5.6033 199.877 6.79311 198.352 196.043 5.6984 190.344 186.819 180.018 173.044 20.1535 152.89 118.145 115.627 112.358 104.977 97.9288 55.794 48.6992 37.1875 32.2552 11.5118
internal_count=1884 1807 307 1500 212 187 149 78 67 1388 71 1358 1336 43 1293 1268 1211 1101 160 941 618 605 558 513 471 283 249 196 156 53
is_linear=0
shrinkage=0.05


Tree=124
num_leaves=31
num_cat=0
split_feature=196 132 263 188 173 105 187 221 206 121 163 179 102 232 163 98 36 153 109 269 309 195 238 163 6 218 149 123 247 144
split_gain=1.05906 1.06063 1.63915 1.7003 1.34058 1.23435 1.21272 1.67891 2.44603 1.28036 1.55025 1.70099 2.05816 2.34108 3.29932 1.85799 3.27223 2.60137 2.12482 2.74197 3.63048 2.1408 2.08109 2.1914 2.32685 3.84096 3.16611 1.97838 1.91216 2.4125
threshold=0.19695000350475314 0.0011500000255182388 1.0000000180025095e-35 0.006000000052154065 0.0085499999113380926 0.005200000014156104 0.006000000052154065 0.0060500002000480899 0.003249999950639904 0.0050000001210719356 0.018250000663101677 0.0010500000207684936 0.0052499999292194852 0.0019500000635161998 0.0017499999958090486 0.0041499999351799497 0.0011500000255182388 0.0021499999566003685 0.0010500000207684936 0.0015499999863095584 0.97797849774360668 0.22474999725818637 0.086449999362230315 1.0000000180025095e-35 1.0000000180025095e-35 0.023049999959766868 0.021500000730156902 0.0010500000207684936 0.010699999984353782 0.0015499999863095584
decision_type=2 2 2 2 2 2 2 2 2 2 2 2 2 2 2 2 2 2 2 2 2 2 2 2 2 2 2 2 2 2
left_child=1 6 3 4 -3 -4 7 9 -9 10 11 15 13 14 -13 16 18 -18 21 -20 28 22 23 24 -1 26 -26 -25 -21 -30
right_child=-2 2 5 -5 -6 -7 -8 8 -10 -11 -12 12 -14 -15 -16 -17 17 -19 19 20 -22 -23 -24 27 25 -27 -28 -29 29 -31
leaf_value=0.0033040565263844448 0.044063545088534474 -0.046693694123205995 0.048128129748874676 0.033194614716793816 0.052218490761686776 -0.051531324553190309 0.052597173745455077 -0.052212303077286408 0.061308806605872103 0.034503593853862695 -0.021429422701600583 -0.040929895674527123 -0.011313386720028757 0.042345910629736153 0.046431840011163794 0.030724027434224244 0.023270154185534506 -0.046324916781398898 -0.034062565252597606 -0.039239446702758987 0.077214432577578401 -0.049771849791167222 -0.044779896685875592 0.029236908554792104 -0.051004449089230589 0.052089468494084114 0.036781557248315118 -0.030856202158964192 0.064592179080282613 -0.022653935947141313
leaf_weight=136.84805758437142 1.3615574850700785 5.1313820532523078 1.3432320645079014 0.92455248255282629 0.36706092208623875 0.40419137850403775 1.1105442743282754 2.9602465727366503 0.56509630428627122 2.7764421096071592 7.8875632802955797 2.4764644163660732 4.9532878492027512 8.2825999038759601 1.9175898879766462 4.737450929824262 1.6933364807628075 6.4848227906040847 9.6042162319645303 3.0071146357804528 1.4521356225013731 1.959596219472586 2.2656573597341767 12.258719780016689 6.4163761306554061 1.4393357466906307 1.2228538012132046 1.5418909601867188 1.4303561113774779 1.7763568041846154
leaf_count=815 20 96 20 11 6 8 20 20 12 32 71 19 49 64 9 57 14 138 151 27 4 13 18 56 72 10 6 25 7 14
internal_value=9.32887e-05 -0.000161211 -0.0178604 -0.0295416 -0.0400906 0.0250762 0.000475646 0.000219477 -0.0340154 0.000762068 0.000335576 0.00114624 0.0160166 0.0266955 -0.00280475 -0.000204156 -0.000977757 -0.0319148 0.000418362 -0.0162632 0.00603664 0.00217553 0.00280393 0.00347889 0.00167785 -0.0228352 -0.0369521 0.0225229 -0.0105972 0.0162622
internal_weight=236.6 235.239 8.17042 6.423 5.49844 1.74742 227.068 225.958 3.52534 222.432 219.656 211.768 17.6299 12.6767 4.39405 194.138 189.401 8.17816 181.223 17.2702 7.66596 163.952 161.993 159.727 145.927 9.07857 7.63923 13.8006 6.21383 3.20671
internal_count=1884 1864 141 113 102 28 1723 1703 32 1671 1639 1568 141 92 28 1427 1370 152 1218 203 52 1015 1002 984 903 88 78 81 48 21
is_linear=0
shrinkage=0.05


Tree=125
num_leaves=31
num_cat=0
split_feature=144 1 105 253 105 50 306 109 195 253 123 102 247 144 120 267 195 61 195 24 237 106 25 169 195 163 238 307 163 222
split_gain=1.01138 1.40065 1.58246 1.30536 2.29175 1.70582 1.49643 1.88946 3.32717 2.83085 2.44836 2.31949 2.19085 2.39292 2.06846 2.94035 3.74033 2.66282 1.80693 1.86686 2.10792 1.94473 2.81303 1.93026 3.39605 4.62543 2.71688 2.57641 2.5189 2.46921
threshold=0.53134998679161083 0.0018500000005587938 0.0020500000100582842 0.0063000000081956395 0.0011500000255182388 0.0012500000302679839 0.54679495096206676 0.0011500000255182388 0.027050000615417961 0.0012500000302679839 0.021499999798834327 0.032300001010298736 0.059500001370906837 0.0055499998852610597 0.013650000095367433 0.002549999975599349 0.0047500000800937423 0.0024500000290572648 0.185249999165535 0.0010500000207684936 0.0015499999863095584 0.0017499999958090486 0.0071499999612569818 0.0053499999921768912 0.0094499997794628161 0.0015499999863095584 0.071750000119209303 0.098863344639539733 0.0077499998733401307 0.0021499999566003685
decision_type=2 2 2 2 2 2 2 2 2 2 2 2 2 2 2 2 2 2 2 2 2 2 2 2 2 2 2 2 2 2
left_child=1 3 -3 6 -5 -6 7 10 9 -9 11 12 14 -14 18 -16 17 -17 19 21 -21 22 23 24 27 29 -25 -1 -27 -26
right_child=-2 2 -4 4 5 -7 -8 8 -10 -11 -12 -13 13 -15 15 16 -18 -19 -20 20 -22 -23 -24 26 25 28 -28 -29 -30 -31
leaf_value=0.0032358912783335041 -0.052434840348483662 0.046979454472309529 -0.062632781578884869 -0.029468994382950937 0.04995586977665753 -0.019405510380326299 0.018086954622501223 -0.042631257990291396 0.009025567571226854 0.006793821423023161 -0.036109293071922399 0.052557753483527064 0.038434779876378347 -0.045723393437973797 -0.054590142958432078 0.05742805877839912 -0.053517746916361512 -0.029578883294098569 -0.037633268898400171 -0.014529454667233432 0.062483098710941189 -0.01710716887991685 0.053659401009029939 0.043540894219099291 -0.042513739184381491 0.03570977919649277 -0.055975021525438977 0.051339968192649479 -0.032892972752456562 0.062528024188607048
leaf_weight=108.93301695585251 0.91305811330675979 2.7195582273416217 0.37463053688406933 8.8978507779538614 1.9219420775771134 1.6451953989453612 11.764307177625595 10.309855898842217 9.8278820817358774 4.0293412394821635 4.2282699451316139 2.2743262639269224 6.7158408481627694 0.96616327296942461 4.0169200133532268 2.6844867523759608 2.0990319214761257 1.3077707262709735 2.8317491961643091 1.3410254977643483 2.6332459859549999 12.501263746991752 2.738136892206966 5.1610781894996753 11.265299857128412 4.5190614294260731 0.79095039702951897 2.8564910970162591 1.900854868814349 0.58870429918170053
leaf_count=566 21 38 5 85 10 17 187 191 113 34 84 17 37 12 50 14 26 14 18 11 12 84 20 37 95 22 5 40 15 4
internal_value=8.58978e-05 0.000290968 0.0337081 -0.000157131 -0.0158945 0.0179658 0.000741536 -0.000246533 -0.0133837 -0.0287427 0.00149452 0.00238714 0.00173827 0.0278502 0.000545474 -0.0213823 0.00051664 0.0289266 0.00194779 0.00266984 0.036497 0.00178102 0.00348279 0.00247268 0.00119848 -0.0187847 0.0303165 0.00446507 0.0153974 -0.0372971
internal_weight=234.757 233.844 3.09419 230.75 12.465 3.56714 218.285 206.521 24.1671 14.3392 182.354 178.125 175.851 7.682 168.169 10.1082 6.09129 3.99226 158.061 155.229 3.97427 151.255 138.754 136.015 130.063 18.2739 5.95203 111.79 6.41992 11.854
internal_count=1884 1863 43 1820 112 27 1708 1521 338 225 1183 1099 1082 49 1033 104 54 28 929 911 23 888 804 784 742 136 42 606 37 99
is_linear=0
shrinkage=0.05


Tree=126
num_leaves=31
num_cat=0
split_feature=218 172 153 1 308 6 155 171 309 129 215 256 120 63 173 149 224 207 307 273 273 218 263 299 182 306 256 271 225 238
split_gain=1.00812 1.62952 1.6102 1.55575 1.51999 1.78361 1.95059 1.6555 2.03823 1.62605 2.22997 2.09595 2.03266 2.10731 2.41081 2.07328 2.03759 2.21838 1.92558 2.19974 2.44359 2.20188 2.48402 1.79049 1.79864 1.87527 4.94039 4.10328 3.29479 2.97924
threshold=0.14469999819993976 0.01060000015422702 0.5247500240802766 0.0018500000005587938 0.0047920113429427156 0.0013499999768100681 0.0016499999910593035 1.0000000180025095e-35 0.93220099806785595 0.0010500000207684936 0.0014499999815598132 0.071750000119209303 0.056299999356269843 0.0063000000081956395 0.0010500000207684936 0.056099999696016319 0.0050500000361353168 0.025050000287592415 0.33734756708145147 0.0017499999958090486 0.0010500000207684936 0.021249999292194847 0.0016499999910593035 0.0012500000302679839 0.01480000000447035 0.10824440047144891 0.0076500000432133683 0.0010500000207684936 0.0041499999351799497 0.010950000025331976
decision_type=2 2 2 2 2 2 2 2 2 2 2 2 2 2 2 2 2 2 2 2 2 2 2 2 2 2 2 2 2 2
left_child=2 -2 3 4 7 -6 -7 9 -9 10 12 18 13 14 16 -16 23 -18 19 20 21 -11 -23 24 25 26 -1 28 -28 -27
right_child=1 -3 -4 -5 5 6 -8 8 -10 11 -12 -13 -14 -15 15 -17 17 -19 -20 -21 -22 22 -24 -25 -26 29 27 -29 -30 -31
leaf_value=-0.0032949907133763045 0.032509187615611376 -0.039246734125882393 -0.035170816795825163 0.040621596812987083 0.040678031673711194 -0.045848236717987906 0.037622989167198514 0.054139606168398219 -0.047696417564906973 -0.033335454821084125 0.035374827085757905 0.024593671759858802 -0.034971794579075323 0.042268588150891781 -0.044450193287498573 0.061343110854407683 0.039193278025182209 -0.033679842078242934 0.05373955569996728 -0.052311212675860377 0.046625302330330076 0.035466747033752043 -0.053092946416721742 0.060729015827970773 0.032190396581463721 -0.013290375871615715 0.03630585059396365 -0.030873744233416996 -0.052970059265733588 0.01471782152387275
leaf_weight=71.826641210354865 4.8185566239990285 0.94662891211919475 3.2898580594919613 2.339927992783486 4.685393354156985 1.6072856914252045 1.2397410352714358 0.57390449289232437 3.4157050140202045 9.1084700473584324 4.6076181551907203 3.2028331914916626 4.0276911058463147 3.0329843268264076 4.5632406966760746 0.51541624963283528 6.1694310978054991 1.2571455193683503 0.87159444391727348 4.6225215878803274 1.5495677590370167 2.8934106379747386 1.0901404805481432 1.2076764649245877 4.1301889552269122 50.280729409772903 19.013397578150041 3.0399528555572024 1.0928753241896618 11.704801527783273
leaf_count=437 71 13 69 29 93 16 11 18 23 102 58 29 81 33 40 2 38 9 6 55 10 15 9 8 51 373 95 13 5 72
internal_value=7.93557e-05 0.020727 -0.000445132 6.56315e-05 -0.000363131 0.021712 -0.0095006 -0.00114087 -0.0330473 -0.000534154 0.00102309 -0.0129762 0.000152766 0.000948286 0.000231336 -0.0337136 0.00124708 0.0268576 -0.0189522 -0.0222411 -0.0127476 -0.0197749 0.0112315 7.5158e-05 -0.000379562 -0.00123661 0.00317865 0.0232674 0.0314533 -0.00800155
internal_weight=232.725 5.76519 226.96 223.67 221.33 7.53242 2.84703 213.798 3.98961 209.808 186.47 23.3385 181.862 177.834 174.801 5.07866 169.723 7.42658 20.1357 19.2641 14.6416 13.092 3.98355 162.296 161.089 156.958 94.9729 23.1462 20.1063 61.9855
internal_count=1884 84 1800 1731 1702 120 27 1582 41 1541 1315 226 1257 1176 1143 42 1101 47 197 191 136 126 24 1054 1046 995 550 113 100 445
is_linear=0
shrinkage=0.05


Tree=127
num_leaves=31
num_cat=0
split_feature=232 232 220 232 269 232 232 295 169 129 173 53 295 279 280 308 116 149 169 295 201 161 131 130 207 305 232 121 163 292
split_gain=0.988729 1.27537 1.47375 1.26875 1.98616 1.53794 1.6496 2.20672 1.63221 1.61717 3.11918 2.22301 2.12277 2.12129 2.21223 2.3156 1.82499 1.98849 2.60458 1.59708 1.55589 1.53274 1.56813 1.53246 2.73149 1.43837 1.42434 3.85303 3.25002 5.33318
threshold=0.13990000635385516 0.18369999527931216 0.0020500000100582842 0.049799999222159393 0.0011500000255182388 0.045649999752640731 0.044250000268220908 0.0024500000290572648 0.02615000028163195 0.0010500000207684936 0.0010500000207684936 0.0030500000575557355 0.0022500000195577745 0.0091500002890825289 0.0014499999815598132 0.0090445950627326983 0.0040500001050531873 0.0099499998614192026 0.0038499999791383748 0.0017499999958090486 0.0096999998204410093 1.0000000180025095e-35 0.0017499999958090486 0.0011500000255182388 0.016150000505149368 0.087950002402067198 0.0016499999910593035 0.0011500000255182388 0.0011500000255182388 0.0011500000255182388
decision_type=2 2 2 2 2 2 2 2 2 2 2 2 2 2 2 2 2 2 2 2 2 2 2 2 2 2 2 2 2 2
left_child=3 -2 -3 5 -5 6 7 9 -9 11 16 12 19 -12 -15 -16 23 18 -18 21 -13 22 26 -11 -25 -23 27 28 29 -1
right_child=1 2 -4 4 -6 -7 -8 8 -10 10 13 20 -14 14 15 -17 17 -19 -20 -21 -22 25 -24 24 -26 -27 -28 -29 -30 -31
leaf_value=0.0062168535093499039 0.053594331423839028 -0.042820036511432825 0.052812928322904441 -0.035729672548313315 0.016530290312198232 0.053456062980780344 -0.052202296907739178 0.047107123509682568 -0.054785767261502083 -0.055239935411353795 0.037251112575064485 -0.048747428224084038 -0.040938241903256761 -0.054700844443412389 0.041597901411706405 -0.039645875134382391 -0.034736490383535844 0.040450769597878009 0.064478726149535107 0.05806743213713686 0.051251140258845834 0.039745398114408262 0.04500554191573914 -0.055849640815351598 0.070928574331768579 -0.049562399814160295 0.0045802269725887064 0.054401664002145647 0.011773102054586169 -0.028789553701482173
leaf_weight=18.536997377406806 1.942435720469802 1.0389580968767402 0.6579886246472596 5.8012956571765226 2.6479464669246227 1.357113183941691 1.4992862311191846 3.7408409351482979 0.43917362485080946 6.0220369389280695 4.1063466048799437 3.285780916223302 2.8211236223578444 1.8561331471428273 2.402683812193573 1.3812424112111328 5.2046114632394165 1.6129020638763902 0.75780123844742764 1.2964478316716839 0.44121600687503804 4.2710234806872895 2.0565686356276265 0.99929323419928529 0.73910486698150635 0.50405982648953784 108.09604486078024 2.6310957139357916 16.240195084363222 26.339989994186908
leaf_count=106 24 23 30 55 49 15 9 74 3 59 36 104 15 16 24 14 74 15 5 14 6 64 16 12 2 6 627 20 116 251
internal_value=7.41571e-05 0.025929 -0.00573849 -0.0003402 -0.0193517 0.000394493 6.30775e-05 0.000426224 0.0364017 -0.000284439 -0.0122042 0.00131846 0.00209789 0.00991339 -0.00999032 0.0119416 -0.0262607 -0.0088029 -0.0221266 0.00277249 -0.0369092 0.00237128 0.0016039 -0.0433021 -0.00194807 0.030318 0.00108449 -0.00484313 -0.00739362 -0.0143297
internal_weight=230.728 3.63938 1.69695 227.088 8.44924 218.639 217.282 215.783 4.18001 211.603 25.0822 186.521 182.794 9.74641 5.64006 3.78393 15.3357 7.57531 5.96241 179.972 3.727 178.676 173.901 7.76044 1.7384 4.77508 171.844 63.7483 61.1172 44.877
internal_count=1884 77 53 1807 104 1703 1688 1679 77 1602 257 1345 1235 90 54 38 167 94 79 1220 110 1206 1136 73 14 70 1120 493 473 357
is_linear=0
shrinkage=0.05


Tree=128
num_leaves=31
num_cat=0
split_feature=247 253 1 305 218 207 132 308 308 271 54 247 237 153 96 306 196 87 237 116 173 253 267 246 292 144 279 237 247 50
split_gain=1.03297 1.40286 2.20851 2.34927 2.02434 1.67502 1.55703 1.62771 2.03902 1.65837 1.73198 2.18235 3.13037 3.26523 4.43501 3.3715 3.07604 2.88978 2.77115 4.61925 2.53736 2.31291 2.86574 2.28359 2.59356 1.8463 1.66161 1.95017 2.1657 1.64179
threshold=0.41320000588893896 0.0063000000081956395 0.0014499999815598132 0.0030500000575557355 0.14469999819993976 0.056500000879168517 0.0011500000255182388 0.0038964110426604752 0.002548185759223998 0.017450000159442428 0.0024500000290572648 0.0069500000681728133 0.0074499999172985562 0.014099999796599151 1.0000000180025095e-35 0.17079804837703708 0.0073500000871717939 0.0027499999850988392 0.018050000071525577 0.0057500000111758718 0.000650000001769513 0.0024500000290572648 0.0068500000052154073 1.0000000180025095e-35 0.012850000057369472 0.0012500000302679839 0.0056499999482184657 0.024900000542402271 0.0051500000990927228 0.0011500000255182388
decision_type=2 2 2 2 2 2 2 2 2 2 2 2 2 2 2 2 2 2 2 2 2 2 2 2 2 2 2 2 2 2
left_child=1 4 3 -3 6 -5 7 8 9 10 11 18 16 14 21 -15 17 23 29 26 25 -14 -23 -13 -25 -17 -20 28 -28 -1
right_child=-2 2 -4 5 -6 -7 -8 -9 -10 -11 -12 12 13 15 -16 20 -18 -19 19 -21 -22 22 -24 24 -26 -27 27 -29 -30 -31
leaf_value=0.0019243225453561481 0.034964471205457898 -0.051465679436149638 0.046298673921847 -0.023296850828934512 0.037946320117673064 0.03356924850676387 -0.023883666216463137 0.024968126899560975 -0.038018886799805765 0.039942862815409243 -0.044505611731668421 -0.055877455740079775 0.054324547364985126 -0.053648953089211748 -0.024326038814171662 -0.054332578924755959 0.051094155281055646 0.035553018548203322 -0.061871676923394139 0.061847878425498909 -0.032284660340495923 -0.056400827790735165 0.063640329537119386 0.060960181714913297 -0.049408456752928653 0.034193943152841022 0.049728450865990238 -0.036158295638432945 -0.066025758527053197 -0.015300317786998002
leaf_weight=122.07859084825031 2.1011919635348013 4.5843613315373641 1.2209909283556033 3.6946435135323554 3.5784530183300367 1.9937485433183608 6.598443826660513 6.7337342156097284 3.4701351041439912 2.6485555195249608 2.1512273326516143 5.0651076892390829 11.68850843654946 2.3503811778500667 2.6994512341916552 0.6426291372627001 1.6175980009138573 1.6611201260238884 3.7235862743109456 1.3989491835236538 2.378349345177412 1.131150841712951 0.88709168694913376 1.0657191085629167 1.0634251609444616 7.0541946217417717 1.5641618524678036 5.9282372635789216 0.54482477903366078 15.602362755686043
leaf_count=733 22 43 14 36 62 20 122 106 51 39 42 58 65 25 22 5 9 13 28 6 21 7 5 8 14 47 16 41 3 201
internal_value=6.82865e-05 -0.000254982 -0.0172748 -0.0248309 0.000653507 -0.00336561 2.32728e-05 0.000792219 -2.82526e-05 0.000648002 0.000106783 0.000611509 0.0111051 0.0196096 0.0342531 0.000274864 -0.0123072 -0.0238887 -0.00212283 -0.0240435 0.0128545 0.0457898 -0.00363833 -0.0376135 0.00583532 0.0268026 -0.0342603 -0.0214681 0.0198251 -2.76184e-05
internal_weight=228.921 226.82 11.4937 10.2728 215.326 5.68839 211.748 205.149 198.415 194.945 192.297 190.145 39.3047 28.8318 16.4062 12.4256 10.473 8.85537 150.841 13.1598 10.0752 13.7068 2.01824 7.19425 2.12914 7.69682 11.7608 8.03722 2.10899 137.681
internal_count=1884 1862 113 99 1749 56 1687 1565 1459 1408 1369 1327 299 197 99 98 102 93 1028 94 73 77 12 80 22 52 88 60 19 934
is_linear=0
shrinkage=0.05


Tree=129
num_leaves=31
num_cat=0
split_feature=293 182 121 99 50 149 293 170 102 216 270 232 213 270 292 270 279 237 247 237 237 216 207 292 307 232 232 232 182 209
split_gain=0.971614 1.84022 1.38287 1.15396 2.24732 2.89282 1.88702 1.77828 2.69521 2.16164 1.76156 2.8605 3.57443 3.54779 2.34803 2.75014 2.24152 2.02004 6.00286 4.0085 5.75029 3.34212 2.97627 2.85823 3.86957 3.24035 5.19891 3.33248 4.20103 3.27795
threshold=0.0022500000195577745 0.0060499999672174462 0.0050000001210719356 0.0055499998852610597 0.0060499999672174462 0.011700000148266556 0.0013499999768100681 0.021500000730156902 0.0052499999292194852 0.0015499999863095584 0.0014499999815598132 0.017050000838935379 0.0044499998912215242 0.002549999975599349 0.023850000463426117 1.0000000180025095e-35 0.025649999268352989 0.0046500000171363362 0.0060499999672174462 0.0030500000575557355 0.0027499999850988392 0.0014499999815598132 0.018050000071525577 0.0068500000052154073 0.0044466466642916211 0.0038499999791383748 0.0021499999566003685 0.0059500001370906839 1.0000000180025095e-35 0.0015499999863095584
decision_type=2 2 2 2 2 2 2 2 2 2 2 2 2 2 2 2 2 2 2 2 2 2 2 2 2 2 2 2 2 2
left_child=3 -2 -3 4 5 10 -6 -5 -9 -10 14 13 -13 -12 16 -16 17 19 22 20 21 23 -19 25 -25 26 -1 -27 29 -29
right_child=1 2 -4 7 6 -7 -8 8 9 -11 11 12 -14 -15 15 -17 -18 18 -20 -21 -22 -23 -24 24 -26 27 -28 28 -30 -31
leaf_value=0.0057796857427127851 -0.019737521782857773 0.054614386424358209 -0.057869512653944091 -0.01009355823012055 -0.05367622859504359 0.042445694609031061 0.034226310915883296 0.036818704618904984 -0.036726654457442408 0.025610352088670199 -0.042022699546265002 0.059868928994633523 -0.024023091165403146 0.044292254498310292 0.011437375202034987 0.0642946266261991 0.05543026065192154 -0.033420963728272454 0.011536369176584078 0.034932711774564015 -0.059034594101439269 0.081428510336846338 0.044182870112525217 -0.054439176928527948 0.018410715724374749 0.065908170363503354 -0.05166765666367417 -0.034097232995114371 0.053635939057727081 0.07654369270882995
leaf_weight=32.18404291709885 1.7279910589568306 2.9386643520556395 0.30124870501458634 51.617396845016629 3.0499323690310116 4.4628283893689504 0.76334518939256657 5.5155522581189853 3.503385457675904 2.3061239770613611 8.6306574949994666 2.4235426699742666 2.6669485033489764 1.3809774075634766 21.557781683281068 2.7779608527198425 1.8154109064489592 19.0420829304494 17.515164607670158 9.3209435902535898 3.8964459151029578 1.350938208401202 1.3212361857295025 4.7463571447879067 2.9593555796891451 3.9890464190393677 4.487461255863308 4.4550916077569109 3.4399290392175317 0.7878187596797942
leaf_count=204 42 147 3 589 50 22 5 39 41 26 36 18 18 17 139 14 16 113 108 55 25 4 6 33 24 18 24 29 17 2
internal_value=6.28271e-05 0.0219316 0.0441556 -0.000426622 0.00184146 0.00277312 -0.0360798 -0.00615697 0.0117852 -0.0119816 0.00159864 -0.0146 0.0159172 -0.0301167 0.00340209 0.0174711 0.000326211 -0.000587399 -0.00992562 0.00435159 -0.00022403 0.00369981 -0.0283858 0.00185917 -0.0264614 0.00628185 -0.0012501 0.0280788 0.0106993 -0.0174719
internal_weight=226.936 4.9679 3.23991 221.968 159.025 155.212 3.81328 62.9425 11.3251 5.80951 150.749 15.1021 5.09049 10.0116 135.647 24.3357 111.311 109.496 37.8785 71.6174 62.2965 58.4 20.3633 57.0491 7.70571 49.3434 36.6715 12.6719 8.68284 5.24291
internal_count=1884 192 150 1692 997 942 55 695 106 67 920 89 36 53 831 153 678 662 227 435 380 355 119 351 57 294 228 66 48 31
is_linear=0
shrinkage=0.05


Tree=130
num_leaves=31
num_cat=0
split_feature=39 223 194 184 133 90 268 250 108 263 2 226 304 305 176 260 283 188 121 6 188 89 232 53 129 279 218 43 50 116
split_gain=0.967421 1.54583 1.29487 1.02208 1.06758 1.32901 1.30484 1.23006 1.26871 1.86282 2.14047 1.5959 2.62868 2.67149 1.86662 1.5712 1.55092 1.47818 1.5982 1.71153 2.2548 1.61974 1.76655 3.26472 3.70365 3.08072 4.1006 2.78837 2.77475 4.20408
threshold=0.003249999950639904 0.0024500000290572648 1.0000000180025095e-35 0.0014000000082887711 0.0010500000207684936 0.0016499999910593035 0.0019500000635161998 0.00045000000682193791 0.0010500000207684936 0.0015499999863095584 0.0029499999945983295 0.011750000063329937 0.0014499999815598132 0.0076500000432133683 0.011200000066310169 0.0011500000255182388 0.011200000066310169 0.026500000618398193 0.0050000001210719356 0.031449999660253532 0.0018500000005587938 0.0034500000765547161 0.0016499999910593035 1.0000000180025095e-35 1.0000000180025095e-35 0.0010500000207684936 0.02094999980181456 0.0010500000207684936 1.0000000180025095e-35 0.0064499999862164268
decision_type=2 2 2 2 2 2 2 2 2 2 2 2 2 2 2 2 2 2 2 2 2 2 2 2 2 2 2 2 2 2
left_child=1 2 3 4 5 6 7 8 11 16 -11 12 15 -14 -15 17 -10 18 19 21 -21 22 25 24 28 27 -27 -1 -24 -30
right_child=-2 -3 -4 -5 -6 -7 -8 -9 9 10 -12 -13 13 14 -16 -17 -18 -19 -20 20 -22 -23 23 -25 -26 26 -28 -29 29 -31
leaf_value=-0.00086121702477592486 -0.052796805906942447 0.044298306467591225 -0.057489541187892429 0.053921876871807883 -0.036194662197786068 0.057666538572329333 0.06042695561165199 0.030043511017224713 -0.045521829586061324 -0.055794423666051689 0.049239391113470303 -0.037846208597527915 0.041595121822691039 -0.023816860444018092 0.039763751536150728 0.05026401973403976 0.053375932404319829 -0.045972664382387896 0.039439123993012047 -0.050167465238552915 0.028577226000689196 -0.040218457751635121 0.007568756067405708 0.023735781295898227 -0.023681959782527223 -0.03728597984407115 0.012967784986520485 0.087895990191460258 -0.026622171987295856 0.052230820036098705
leaf_weight=33.754772779531777 0.86244836146943171 1.9751674034632731 0.97961752582341333 0.87931120721623202 2.0288040374871334 1.0029936879873265 0.88908519339747627 3.2953729440923771 4.7996028317138544 0.70133412163704667 1.5729079125449059 2.748387266881763 7.5237054578028602 3.7791078709997237 1.6620735444594172 1.4842267399653781 0.43211147096008051 1.8404422793537367 2.4184435922652474 3.6739166174083939 1.2079997286200521 2.5527917668223372 75.779132555704564 16.773553611710668 14.286298071034251 14.428381516132506 5.6484151352196923 0.90869900956749816 12.750541692599652 1.9486797153949726
leaf_count=247 39 60 11 20 53 5 19 61 107 12 12 44 57 49 24 10 5 13 22 66 13 42 365 130 130 126 43 4 86 9
internal_value=5.69451e-05 0.000260693 -0.000131557 0.000122955 -9.2178e-05 0.000244019 -2.15646e-05 -0.000270412 -0.000740122 -0.0209306 0.0168489 -1.47157e-06 0.000512368 0.0222935 -0.00439541 -0.000978163 -0.0373534 -0.00138277 -0.000941873 -0.00147346 -0.0306826 -0.000676077 -0.000103441 0.00325571 -2.32878e-05 -0.00756167 -0.0231476 0.00146554 0.00371236 -0.0161686
internal_weight=224.588 223.726 221.751 220.771 219.892 217.863 216.86 215.971 212.676 7.50596 2.27424 205.17 202.421 12.9649 5.44118 189.456 5.23171 187.972 186.132 183.713 4.88192 178.831 176.278 121.538 104.765 54.7403 20.0768 34.6635 90.4784 14.6992
internal_count=1884 1845 1785 1774 1754 1701 1696 1677 1616 136 24 1480 1436 130 73 1306 112 1296 1283 1261 79 1182 1140 720 590 420 169 251 460 95
is_linear=0
shrinkage=0.05


Tree=131
num_leaves=31
num_cat=0
split_feature=247 253 1 305 218 207 132 308 308 271 54 105 172 247 237 153 182 196 204 213 25 196 307 153 279 232 204 25 218 237
split_gain=0.964255 1.29779 2.02553 2.24741 1.88003 1.52412 1.42206 1.45442 1.85644 1.51958 1.61171 1.99674 1.64738 1.72684 3.19425 3.78929 3.43625 2.87717 2.35809 2.52916 2.55305 2.81915 3.52528 4.35766 2.79279 2.89173 2.52469 2.52079 4.29384 5.10915
threshold=0.41320000588893896 0.0063000000081956395 0.0014499999815598132 0.0030500000575557355 0.14469999819993976 0.056500000879168517 0.0011500000255182388 0.0038964110426604752 0.002548185759223998 0.017450000159442428 0.0024500000290572648 0.02224999945610762 0.002549999975599349 0.0069500000681728133 0.0074499999172985562 0.014099999796599151 0.0014499999815598132 0.0073500000871717939 0.002549999975599349 0.023450000211596492 0.0014499999815598132 0.0010500000207684936 0.0033485549502074723 0.0056499999482184657 0.021750000305473808 0.0010500000207684936 0.0021499999566003685 0.0015499999863095584 0.0012500000302679839 0.0014499999815598132
decision_type=2 2 2 2 2 2 2 2 2 2 2 2 2 2 2 2 2 2 2 2 2 2 2 2 2 2 2 2 2 2
left_child=1 4 3 -3 6 -5 7 8 9 10 11 12 13 18 17 -16 -17 -15 26 20 21 22 23 24 25 -20 27 28 -1 -30
right_child=-2 2 -4 5 -6 -7 -8 -9 -10 -11 -12 -13 -14 14 15 16 -18 -19 19 -21 -22 -23 -24 -25 -26 -27 -28 -29 29 -31
leaf_value=0.0095758350858090174 0.034134061355898984 -0.051133476206725571 0.045431300703950517 -0.022313231531402487 0.037359352119263951 0.032865562763559224 -0.023303546139465798 0.023944505823822668 -0.037055036026021393 0.039140758876829183 -0.043920097109587775 0.043664423531868161 -0.036195850436896486 -0.025421307392252582 0.038130976870599409 -0.053317026122153034 0.013825953345716272 0.048501788086771545 0.060972735427843927 0.048877055680628584 -0.031101857189758671 0.030005605242724949 -0.045007029308940676 0.060220829719484031 0.064699525541203728 -0.036515216043864686 0.04171618548474245 0.010567667880607368 -0.042111584212436923 -0.0032546835953335428
leaf_weight=27.345339672639966 2.0561008662916711 4.3635078114457411 1.1633238692302246 3.5957872730214149 3.4240986024960867 1.9195044175721703 6.3431528843939295 6.5340201659128061 3.3291732810903332 2.5245996974408618 2.0575432260520747 2.6504354882054022 3.0983365024439982 8.1435790099203569 13.463293827604504 2.4797832444310179 8.229243921581654 1.5700414720922697 0.86193728260696456 1.6072944495826949 14.915870305150746 4.7099952632561317 5.8698639539070419 2.5528382547199717 0.98264340311288823 6.4743318110704422 3.8555356850847593 38.982291017426178 12.807138611562548 24.921073453500867
leaf_count=141 22 43 14 36 62 20 122 106 51 39 42 23 28 87 87 20 62 9 5 13 165 32 44 10 4 36 28 311 78 144
internal_value=5.16072e-05 -0.000265805 -0.016973 -0.0243217 0.000613801 -0.00310918 3.93871e-06 0.000743278 -4.04448e-05 0.000607772 8.91603e-05 0.000577251 -4.72339e-05 0.00057578 0.0107437 0.0204751 -0.00172168 -0.0134729 -0.00178599 -0.0125019 -0.0152146 -0.00416776 -0.0137819 0.00307712 -0.0144587 -0.0250614 0.00198501 0.000512871 -0.00551045 -0.016445
internal_weight=222.832 220.776 11.0421 9.8788 209.733 5.51529 206.309 199.966 193.432 190.103 187.578 185.521 182.87 179.772 33.8859 24.1723 10.709 9.71362 145.886 37.9748 36.3675 21.4516 16.7416 10.8718 8.31891 7.33627 107.911 104.056 65.0736 37.7282
internal_count=1884 1862 113 99 1749 56 1687 1565 1459 1408 1369 1327 1304 1276 265 169 82 96 1011 309 296 131 99 55 45 41 702 674 363 222
is_linear=0
shrinkage=0.05


Tree=132
num_leaves=31
num_cat=0
split_feature=205 123 283 187 221 206 292 219 109 195 253 173 239 305 279 90 112 243 279 256 153 163 247 209 209 188 292 256 309 307
split_gain=0.941559 0.947356 1.36587 1.20783 1.43329 2.13441 1.6156 1.19019 1.1653 3.0637 3.30143 1.64632 1.54545 1.46368 1.58252 1.41536 1.42205 1.49609 4.18358 3.527 4.39046 3.21492 2.99822 2.77449 3.33886 2.80078 2.7182 3.72209 3.32946 2.59452
threshold=0.0013499999768100681 0.051300000399351127 0.0026999999536201362 0.006000000052154065 0.0060500002000480899 0.003249999950639904 0.50740000605583202 0.022099999710917476 0.0011500000255182388 0.023449999280273918 0.0012500000302679839 0.0018500000005587938 0.002549999975599349 1.0000000180025095e-35 0.0027499999850988392 0.0016499999910593035 0.030900000594556335 1.0000000180025095e-35 0.0010500000207684936 0.0017499999958090486 0.0010500000207684936 0.0039500000420957812 0.0015499999863095584 0.0012500000302679839 0.0089500001631677168 0.018099999986588958 0.0061500000301748523 0.0055499998852610597 0.99104630947113048 0.0010500000207684936
decision_type=2 2 2 2 2 2 2 2 2 2 2 2 2 2 2 2 2 2 2 2 2 2 2 2 2 2 2 2 2 2
left_child=1 3 -3 4 6 -6 8 -4 15 10 12 -11 -10 -12 -15 16 17 23 -19 22 29 26 -20 25 -25 -1 -22 -28 -29 -21
right_child=-2 2 7 -5 5 -7 -8 -9 9 11 13 -13 -14 14 -16 -17 -18 18 19 20 21 -23 -24 24 -26 -27 27 28 -30 -31
leaf_value=-0.0023091200760455336 0.038666192962765994 -0.053299256395327982 -0.021756192756565054 0.05833029296602197 -0.0485161871686694 0.058638693505409414 0.041489233817066866 0.05352434776886255 -0.048787093758203226 0.011579580532159404 -0.034927447367912777 -0.055417018326614588 0.039827583822893101 0.066630429229333363 0.00038786022219011322 0.063474000888888132 -0.053604066894060637 0.052822252232046819 -0.05068827465004358 -0.00096910221375606548 0.043163870871919363 0.057854049662353059 0.024098264823050386 0.046874627731988472 -0.040861287727931767 -0.054620366556280886 -0.052507100902592176 -0.0064219904028896165 0.062320813332227602 0.049186561115308482
leaf_weight=106.59997220640071 1.5668886692728836 2.0307184241246423 1.6393135569524022 0.89116266695782442 2.9589545780327167 0.55130817927420128 2.3800943423993877 0.77243668679147948 8.6414204393513501 14.034174344036725 1.8398302532732476 0.98105672933161336 0.52172635309398252 1.2214895486831663 3.4427460050210357 0.91996495425701041 1.1717599481344212 4.811528328806161 4.8144817873835555 3.6484306976199141 2.7926698252558699 2.2418103660456827 1.8571029230952261 5.4361761296167961 1.3545951410196719 2.6216809982433906 4.1279337629675892 24.108554125763479 1.9002384766936291 8.7918992370832694
leaf_count=757 76 70 28 11 25 6 25 10 170 141 28 13 5 4 29 5 15 25 12 10 17 14 12 39 14 14 19 189 8 93
internal_value=4.48575e-05 -0.000231335 -0.0230856 0.000241635 -5.22799e-07 -0.0316869 0.000528473 0.0023547 5.95011e-05 -0.00893687 -0.0244043 0.00720219 -0.0437416 0.0028387 0.0177357 0.00161725 0.00129443 0.00166179 0.00813733 0.00417656 0.00894744 -8.26267e-05 -0.0298707 -0.00163673 0.0293734 -0.00356476 -0.00402692 -0.00839993 -0.00139955 0.0344772
internal_weight=220.672 219.105 4.44247 214.663 213.772 3.51026 210.261 2.41175 207.881 30.6824 15.6672 15.0152 9.16315 6.50407 4.66424 177.199 176.279 175.107 59.0946 54.2831 47.6115 35.1712 6.67158 116.012 6.79077 109.222 32.9294 30.1367 26.0088 12.4403
internal_count=1884 1808 108 1700 1689 31 1658 38 1633 390 236 154 175 61 33 1243 1238 1223 399 374 350 247 24 824 53 771 233 216 197 103
is_linear=0
shrinkage=0.05


Tree=133
num_leaves=31
num_cat=0
split_feature=247 224 232 120 307 263 144 102 309 238 119 195 98 238 6 120 107 107 309 218 51 270 224 149 43 218 256 306 163 256
split_gain=0.90498 1.59782 0.897909 1.1132 2.4267 2.40061 2.41667 1.94536 1.91026 2.67694 2.52904 2.07283 2.02235 1.9012 1.94051 2.50347 2.28825 3.11517 2.35097 1.86901 2.13154 1.82493 1.82046 1.78353 2.6978 2.08881 3.02945 3.41813 3.61163 3.06712
threshold=0.41320000588893896 0.0010500000207684936 0.13990000635385516 0.0023500000825151805 0.24006208032369616 0.0014499999815598132 0.0039500000420957812 0.0010500000207684936 0.95065855979919445 1.0000000180025095e-35 0.0014499999815598132 0.0011500000255182388 0.0040500001050531873 0.086449999362230315 0.02439999952912331 0.0017499999958090486 0.0014499999815598132 0.0075999998953193435 0.83317974209785473 0.012600000016391279 0.0010500000207684936 0.0020500000100582842 0.10345000028610231 0.018550000153481964 0.0030500000575557355 0.030799999833106998 0.014349999837577345 0.20147123932838443 1.0000000180025095e-35 0.017849999479949478
decision_type=2 2 2 2 2 2 2 2 2 2 2 2 2 2 2 2 2 2 2 2 2 2 2 2 2 2 2 2 2 2
left_child=2 -2 3 4 13 6 7 -5 9 10 -8 -11 22 14 15 16 23 -18 -19 20 -13 -9 -10 25 -25 26 27 28 -1 -28
right_child=1 -3 -4 5 -6 -7 8 21 12 11 -12 19 -14 -15 -16 -17 17 18 -20 -21 -22 -23 -24 24 -26 -27 29 -29 -30 -31
leaf_value=-0.0013548057496232052 -0.053073201656403113 0.056138265928313391 0.025486006860669666 -0.010525282780788172 0.04879132571982641 0.016805514388863508 0.030504628058300433 -0.04755844713948177 -0.046444925605854212 0.046869795079589979 -0.055537627238282532 -0.049580790035255416 0.043752031236842667 -0.045509534358164058 -0.052822052974119772 0.030176945432275587 -0.051233145760194776 -0.036069863542438553 0.040867612689649141 -0.0018396168238817524 0.046868992841356504 0.057517305964966819 0.069370230047179321 0.058552159618259193 -0.025605417416412396 -0.013306549014507521 0.058784248446716515 -0.052169384343286489 0.030894806562114671 0.0095577081890170484
leaf_weight=73.799928084481508 0.42343283677473609 1.6020377273671327 3.3316968632861963 11.194783303886654 2.6852265142370007 9.6255820724181813 9.7530899888370186 8.1098079830408061 5.0338785671629003 1.5258748177438999 0.93598594213835973 4.7667900691740206 0.86402650363743294 2.1808908190578213 1.6240076748654235 7.5432859379798165 4.8032774990424496 1.7240535821765659 2.341333357617259 10.513427063822745 0.65108011476695526 0.43540521711111146 0.36382856965064991 3.1547116590663782 1.3640148919075725 20.715070156380534 4.6362696606665841 2.9672376005910328 9.8388914298266155 9.9662104025483114
leaf_count=405 7 15 77 77 79 101 110 95 99 11 34 76 8 17 23 56 42 10 14 140 6 3 1 16 13 139 21 27 53 109
internal_value=4.0913e-05 0.0333072 -0.000270383 -0.000673035 0.00168838 -0.00620297 -0.0102931 -0.0242388 -0.0022923 0.00326448 0.0229704 -0.00880148 -0.0272698 0.000825954 0.00152538 0.00214322 0.000580404 -0.0239708 0.00823989 -0.0141336 -0.0379902 -0.0422045 -0.0386385 0.00230242 0.0331485 0.00115921 0.00412002 0.000567941 0.00243889 0.0251871
internal_weight=218.475 2.02547 216.45 213.118 149.344 63.7736 54.148 19.74 34.408 28.1462 10.6891 17.4572 6.26173 146.659 144.478 142.854 135.311 8.86866 4.06539 15.9313 5.41787 8.54521 5.39771 126.442 4.51873 121.924 101.209 86.6061 83.6388 14.6025
internal_count=1884 22 1862 1785 1024 761 660 175 485 377 144 233 108 945 928 905 849 66 24 222 82 98 100 783 29 754 615 485 458 130
is_linear=0
shrinkage=0.05


Tree=134
num_leaves=31
num_cat=0
split_feature=39 223 194 196 116 116 187 221 206 309 306 306 218 153 251 6 49 204 306 306 292 256 222 306 243 207 173 256 232 267
split_gain=0.899137 1.43319 1.18386 0.930211 1.10933 1.59329 1.15239 1.25534 1.63607 1.19841 1.47226 2.9942 1.55033 3.04234 3.41217 2.13979 2.37516 1.68659 1.62095 2.30065 2.95375 2.79878 2.63529 2.56922 4.83018 2.10338 2.3234 1.99777 2.68515 1.94854
threshold=0.003249999950639904 0.0024500000290572648 1.0000000180025095e-35 0.19695000350475314 0.62514999508857738 0.53124998509883892 0.006000000052154065 0.0060500002000480899 0.0034500000765547161 0.26008526980876928 0.0024492300581187014 0.0049499999731779107 1.0000000180025095e-35 1.0000000180025095e-35 0.0010500000207684936 0.0031500000040978198 0.0019500000635161998 0.0011500000255182388 0.012880790513008835 0.021205288358032707 0.0062500000931322583 0.0018500000005587938 0.0023500000825151805 0.016337962821125988 0.0027499999850988392 0.0021499999566003685 0.0001499999962106813 0.0010500000207684936 0.0013499999768100681 0.0012500000302679839
decision_type=2 2 2 2 2 2 2 2 2 2 2 2 2 2 2 2 2 2 2 2 2 2 2 2 2 2 2 2 2 2
left_child=1 2 3 4 5 6 7 9 -9 -1 -11 -12 13 15 -15 16 17 -13 -14 20 23 22 25 24 -20 -21 -27 28 -25 -23
right_child=-2 -3 -4 -5 -6 -7 -8 8 -10 10 11 12 18 14 -16 -17 -18 -19 19 21 -22 29 -24 27 -26 26 -28 -29 -30 -31
leaf_value=-0.01721181060849554 -0.052676210150618956 0.043730887884164953 -0.056691592706794802 0.044351397513838209 -0.052538613785554016 0.074619755773183416 0.05721564892397632 -0.051977005457406189 0.046061414771644833 0.033769678141810693 -0.047563855015397477 0.047078220555420026 -0.038056367144694604 -0.027690779204582107 0.067851619596847032 -0.044152145482591679 -0.051794723312253169 -0.031220312386054973 -0.054864690589606968 -0.051396666307004846 -0.055575078724645149 0.012204653306673882 0.056792724409131648 -0.060237599051729332 0.07370338447343186 0.040194076189965233 -0.040847920440523343 0.070677212108218868 0.071986093616192182 -0.0022536904430664854
leaf_weight=9.579665460623799 0.8059800056507801 1.8771914737299074 0.92175018135458131 1.1807853516656894 1.0057106586173166 0.71483552455902 0.87168905138969321 2.2763409856706853 0.52339404169470061 3.3483686354011288 3.2092921882867804 9.8229862770531291 2.8061233451589933 5.7089175395667544 1.1174079570919273 0.90933433175087053 0.72771480865776617 0.73954973230138499 1.8428306896239504 6.114650616422292 1.0495416857302178 28.977002897299826 0.87928512692451555 0.78943559527397134 1.2103192806243894 1.6583741419017317 1.8949415907263754 4.2089001461863518 0.74756203033030033 119.00871433666907
leaf_count=37 39 60 11 17 14 2 12 19 12 14 31 67 35 77 4 12 3 7 12 57 4 174 4 7 4 9 20 15 3 1102
internal_value=3.59661e-05 0.000232909 -0.000148928 9.5846e-05 -0.000150945 9.90668e-05 -0.000154573 -0.000393678 -0.0336493 5.75285e-05 0.000898274 0.000329233 0.00113729 0.0146775 -0.0120513 0.0296337 0.0355765 0.041596 -0.000367579 0.000260514 0.0237093 -0.0011962 -0.026081 0.0331663 -0.00389817 -0.0336183 -0.00302467 0.052861 0.00407311 0.00057739
internal_weight=216.529 215.723 213.845 212.924 211.743 210.737 210.022 209.151 2.79974 206.351 196.771 193.423 190.214 19.0259 6.82633 12.1996 11.2903 10.5625 171.188 168.382 9.84859 158.533 10.5473 8.79905 3.05315 9.66797 3.55332 5.7459 1.537 147.986
internal_count=1884 1845 1785 1774 1757 1743 1741 1729 31 1698 1661 1647 1616 170 81 89 77 74 1446 1411 45 1366 90 41 16 86 29 25 10 1276
is_linear=0
shrinkage=0.05


Tree=135
num_leaves=31
num_cat=0
split_feature=301 66 128 47 47 220 206 237 308 307 237 144 144 90 6 216 182 269 238 99 206 149 292 61 120 206 120 267 246 196
split_gain=0.88458 1.05854 1.21869 1.23685 2.65833 2.19923 1.94424 1.59891 1.77214 1.86369 2.93979 1.56856 2.82407 1.93441 2.12627 2.46911 2.09412 1.70613 2.34885 1.96371 4.00433 2.58286 2.17539 1.98491 2.12507 4.7106 2.77107 2.70671 4.45558 5.0876
threshold=0.00035000000207219278 1.0000000180025095e-35 0.0068500000052154073 0.0017499999958090486 0.0010500000207684936 0.0085500003769993799 0.003249999950639904 0.0045499999541789302 1.0000000180025095e-35 0.0020494500640779738 0.0028499999316409235 0.01415000017732382 0.014050000347197058 0.0016499999910593035 0.0045499999541789302 0.0011500000255182388 0.022550000809133056 0.0073500000871717939 0.086449999362230315 0.0081500001251697558 0.0014499999815598132 0.0063499999232590207 0.056500000879168517 0.020049999468028549 0.0022500000195577745 1.0000000180025095e-35 0.0014499999815598132 0.0012500000302679839 1.0000000180025095e-35 0.0010500000207684936
decision_type=2 2 2 2 2 2 2 2 2 2 2 2 2 2 2 2 2 2 2 2 2 2 2 2 2 2 2 2 2 2
left_child=1 2 3 4 11 6 -6 8 -5 -10 -11 12 17 14 15 16 -13 18 19 21 -21 23 -22 24 26 -26 27 28 29 -1
right_child=-2 -3 -4 7 5 -7 -8 -9 9 10 -12 13 -14 -15 -16 -17 -18 -19 -20 20 22 -23 -24 -25 25 -27 -28 -29 -30 -31
leaf_value=-0.0025176544853847413 0.040125165641946327 -0.025582845926698985 -0.052814987888863234 0.068211154037195076 -0.035761395364929865 0.057108393532749963 0.023607448103648749 0.034051125892481104 -0.046554004790694214 0.031965782701799637 -0.04263598399976723 -0.050998172017186108 0.092439529091997777 0.062562904707248818 0.0013635575282436008 0.0023326743399016397 0.047741941298605456 0.018682654924349285 -0.054110928555698559 -0.039123987962658174 0.056362539161190356 0.05173218598073151 -0.0072767367439184882 0.066200892047280357 -0.026978210129422166 0.03115185188346143 0.034013451665186538 -0.0074866209563559634 0.05023868692172561 0.043562686101057714
leaf_weight=39.011171160731465 1.366948720300569 4.0378045844845465 1.0758894879836578 0.88358674943447013 10.430061715655023 0.81200480135157782 1.5891412980854518 6.1103667612187555 2.1290246080607158 4.0857711648568511 1.9512083586305378 7.4967240339610779 0.87673917412757774 0.88328715926036139 13.149183932924641 4.4879541969858101 0.57840580120682705 14.632684900658203 1.9253218891099084 8.0766806369647366 2.0702798170968881 2.717225430533289 3.8217714997008443 1.2080910429358471 14.859108556527646 4.5529537899419656 7.4775439640507093 39.643763340311125 6.0371642876416436 7.0764824971556655
leaf_count=203 46 59 26 3 88 11 23 68 12 34 18 114 2 5 209 46 5 166 16 110 12 15 36 4 146 29 40 275 28 35
internal_value=3.13139e-05 -0.000225165 0.000263219 0.000537013 -0.00054095 -0.0225314 -0.0279118 0.0142899 0.000946897 -0.0063313 0.00785379 0.00102157 0.0029582 -0.0101914 -0.0126907 -0.0274006 -0.0439256 0.00244581 0.000730091 0.00150332 -0.0162589 0.00352737 0.0150841 0.00243463 0.00178541 -0.0133442 0.00474469 0.0023598 0.00984854 0.00455771
internal_weight=215.054 213.687 209.65 208.574 193.414 12.8312 12.0192 15.16 9.04959 8.166 6.03698 180.583 153.987 26.5956 25.7123 12.5631 8.07513 153.11 138.478 136.552 13.9687 122.584 5.89205 119.866 118.658 19.4121 99.2461 91.7686 52.1248 46.0877
internal_count=1884 1838 1779 1753 1618 122 111 135 67 64 52 1496 1117 379 374 165 119 1115 949 933 158 775 48 760 756 175 581 541 266 238
is_linear=0
shrinkage=0.05


Tree=136
num_leaves=31
num_cat=0
split_feature=293 182 121 119 121 205 119 155 107 144 144 207 90 116 155 105 243 95 279 6 196 116 207 269 109 107 116 305 24 196
split_gain=0.884727 1.5736 1.18224 0.985467 1.79524 1.66135 1.34218 1.55986 1.31152 1.2421 2.70641 2.61821 2.32258 2.00515 1.79438 1.65698 1.61246 1.63296 1.96474 1.95974 1.67379 4.06951 3.19019 1.91557 1.80714 1.67694 1.74356 1.71424 1.7627 1.7055
threshold=0.0022500000195577745 0.0060499999672174462 0.0050000001210719356 0.0015499999863095584 0.0030500000575557355 1.0000000180025095e-35 0.0034500000765547161 0.0015499999863095584 1.0000000180025095e-35 0.01415000017732382 0.014050000347197058 0.01329999975860119 0.0016499999910593035 1.0000000180025095e-35 0.0013499999768100681 0.052949998527765281 0.020200000144541267 1.0000000180025095e-35 0.0053499999921768912 0.036000000312924392 0.0082999998703598993 0.0014499999815598132 0.0058500000741332778 0.028350000269711021 0.0041499999351799497 0.0010500000207684936 0.0067499999422580012 0.023900000378489498 0.00335000001359731 0.00335000001359731
decision_type=2 2 2 2 2 2 2 2 2 2 2 2 2 2 2 2 2 2 2 2 2 2 2 2 2 2 2 2 2 2
left_child=3 -2 -3 4 5 9 8 -8 -5 10 15 12 -11 -13 -15 16 17 19 -19 20 24 -22 23 -23 25 29 27 28 -27 -1
right_child=1 2 -4 6 -6 -7 7 -9 -10 11 -12 13 -14 14 -16 -17 -18 18 -20 -21 21 22 -24 -25 -26 26 -28 -29 -30 -31
leaf_value=0.0022289910840995754 -0.018194884095744868 0.05413849193756011 -0.055079478564962904 -0.053751279075594183 0.057455017543398247 0.063030190363520977 0.032595177978074923 -0.029776315851019877 0.018462151829385529 -0.024303571639299519 0.087068652465956492 -0.025164103434862868 0.059891420442467126 0.050406220358846655 -0.018599987971383992 0.063568518961933981 0.058773840104603792 -0.051207594249790801 0.05527024626920788 -0.052010316323857643 0.040275950959341271 -0.053527779248499691 0.040654899017111057 0.033487163371526393 -0.029864767650728288 -0.040403364675260761 0.03154968296512748 0.026305013614883039 0.060336970340744013 -0.021871774488248348
leaf_weight=125.86762050888501 1.5770685675088305 2.6299491189420228 0.27354567497968663 3.0578622696921225 1.3614933639764775 1.0349142430350173 2.0720463320612907 1.9418849088251589 0.79150129226036359 17.942992695258006 0.90956546366214652 2.1455138763412824 0.85828338097780843 3.675837678834796 1.2666941087227312 1.0381584465503682 1.1672507310286153 0.52606363967060987 2.4552477728575468 1.8512241025455285 7.7967160942498577 3.5129967657849193 1.8533480726182459 0.77136229723691929 5.5298946285620323 8.0776641843840444 1.4716130513697852 1.3167044278234232 0.45889091491699296 7.7952108457684508
leaf_count=755 42 147 3 60 9 9 17 56 17 268 3 19 5 25 29 4 15 8 14 27 44 37 14 4 81 77 14 16 2 63
internal_value=2.7375e-05 0.0220107 0.0438488 -0.000444925 0.000235424 -0.000155418 -0.0178086 0.0024207 -0.0389028 -0.000485198 0.00104833 -0.0106971 -0.02046 0.0151995 0.032721 0.000592084 0.000208518 -0.000195302 0.0364818 -0.000852811 -0.000276935 0.0163018 -0.0141526 -0.0378615 -0.00181174 -0.000741781 -0.0192154 -0.0267973 -0.034988 0.000823435
internal_weight=213.029 4.48056 2.90349 208.549 200.685 199.324 7.86329 4.01393 3.84936 198.289 172.4 25.8893 18.8013 7.08805 4.94253 171.49 170.452 169.285 2.98131 166.303 164.452 13.9344 6.13771 4.28436 150.518 144.988 11.3249 9.85326 8.53656 133.663
internal_count=1884 192 150 1692 1542 1533 150 73 77 1524 1178 346 273 73 54 1175 1171 1156 22 1134 1107 99 55 41 1008 927 109 95 79 818
is_linear=0
shrinkage=0.05


Tree=137
num_leaves=31
num_cat=0
split_feature=247 224 54 198 306 153 1 158 32 218 32 109 163 109 32 279 306 243 153 96 25 256 306 204 306 292 238 120 220 6
split_gain=0.836259 1.42786 0.922005 1.85048 3.06299 1.65403 1.75226 1.26092 1.11109 2.5385 2.17048 1.88287 1.65896 1.26685 1.13055 1.17181 4.54211 3.36733 3.14581 2.45935 3.71053 2.65508 3.85121 2.32564 2.52687 2.22104 2.36912 2.29595 2.38214 2.20521
threshold=0.41320000588893896 0.0010500000207684936 0.0014499999815598132 0.0040500001050531873 0.080461930483579649 1.0000000180025095e-35 0.0016499999910593035 0.00055000002612359833 0.002650000038556755 0.031749999150633819 0.012550000101327898 0.0011500000255182388 0.0011500000255182388 0.0049499999731779107 0.0021499999566003685 0.0010500000207684936 0.012880790513008835 0.0018500000005587938 0.0054500000551342973 0.0010500000207684936 1.0000000180025095e-35 0.0013499999768100681 0.054008224979043014 0.0021499999566003685 0.0024492300581187014 0.0042499999981373557 0.013100000098347666 0.010250000283122064 0.0018500000005587938 0.01415000017732382
decision_type=2 2 2 2 2 2 2 2 2 2 2 2 2 2 2 2 2 2 2 2 2 2 2 2 2 2 2 2 2 2
left_child=2 -2 3 8 -5 -4 -7 -6 14 10 -10 -11 -12 -13 15 17 -17 18 19 21 -21 -1 23 24 -23 26 27 -18 -29 -24
right_child=1 -3 5 4 7 6 -8 -9 9 11 12 13 -14 -15 -16 16 25 -19 -20 20 -22 22 29 -25 -26 -27 -28 28 -30 -31
leaf_value=-0.023465624270967336 -0.052563594796468917 0.054717598901323522 0.044468554337081856 -0.060769418446767913 0.054081428782813273 -0.045541556923807021 0.035632363235134433 -0.024606954155417207 -0.052228895911176368 0.051573657888551505 -0.01932208765876875 -0.055273710607354247 0.069564153909373677 0.042456574094550885 0.041782510370055682 -0.052840937810192425 0.021876712605711227 0.056056325798500756 0.029434779372201261 0.15008693416283697 0.0044954347218882336 0.091739201571805498 -0.03315917403606345 0.069456434123424407 9.5643996981637674e-05 -0.0035904625579980462 -0.060781845915264254 -0.054584998625835907 0.048962618607238377 0.055862326534509732
leaf_weight=14.161708756349986 0.3892703577876081 1.5260693787131456 0.83631285466253658 0.81280322000384231 4.1178821283392608 3.9303408891428262 0.80017017386853684 0.58092622435651708 4.846553666982798 1.9759272485971453 2.0670353379100566 0.99800085835158803 0.70362967252731312 0.49659207463264465 1.6352005712687958 4.2919870342593631 20.931139617227025 3.2589612668380132 8.9467150503769499 0.62724833935499136 1.4476182712242005 0.86702883243560602 5.8216047203168264 2.4367942493408918 5.6782357655465603 112.54698609886691 1.0436858809553076 2.0358896534889932 0.76380594074726094 0.79007865488529194
leaf_count=94 7 15 7 8 52 80 8 20 49 8 24 9 2 3 11 21 149 15 106 3 13 2 49 9 39 1040 11 21 4 5
internal_value=2.5705e-05 0.032914 -0.000275044 0.000273116 0.0288505 -0.0203513 -0.0318109 0.044353 -0.000520881 -0.0159001 -0.0320487 0.0195435 0.00325119 -0.0228019 0.000389607 2.50187e-05 -0.00219013 0.00714862 0.00323985 -0.0041229 0.0485089 -0.00779295 0.00644045 0.0277592 0.0122354 -0.000607039 0.0129462 0.0161888 -0.0263354 -0.0225213
internal_weight=211.366 1.91534 209.451 203.884 5.51161 5.56682 4.73051 4.69881 198.372 11.0877 7.61722 3.47052 2.77067 1.49459 187.285 185.649 141.613 44.036 40.777 31.8303 2.07487 29.7555 15.5937 8.98206 6.54526 137.322 24.7745 23.7308 2.7997 6.61168
internal_count=1884 22 1862 1767 80 95 88 72 1687 95 75 20 26 12 1592 1581 1246 335 320 214 16 198 104 50 41 1225 185 174 25 54
is_linear=0
shrinkage=0.05


Tree=138
num_leaves=31
num_cat=0
split_feature=205 146 149 153 160 58 246 149 43 43 204 292 232 306 89 307 144 307 99 270 213 246 246 25 279 153 218 182 232 96
split_gain=0.830869 0.844324 0.925174 1.59036 1.36594 1.253 1.07584 1.59953 0.959807 2.3185 2.52722 2.21833 2.6692 2.61998 2.55639 1.66846 3.73687 2.12399 2.52708 2.06031 2.13273 2.26583 3.92068 3.07551 3.06475 3.12769 2.46088 2.40058 1.97322 6.1405
threshold=0.0013499999768100681 0.0046500000171363362 0.063499998301267638 0.16615000367164615 1.0000000180025095e-35 0.0024500000290572648 0.0053499999921768912 0.41385000944137579 0.0012500000302679839 0.0010500000207684936 0.0041499999351799497 0.0082499999552965182 0.012249999679625036 0.091702677309513106 0.0031500000040978198 0.0020494500640779738 0.0022500000195577745 0.0027990998933091764 0.0029499999945983295 0.0012500000302679839 0.0011500000255182388 1.0000000180025095e-35 0.0014499999815598132 0.0022500000195577745 0.0040500001050531873 0.0012500000302679839 0.0012500000302679839 0.0020500000100582842 0.0015499999863095584 0.0010500000207684936
decision_type=2 2 2 2 2 2 2 2 2 2 2 2 2 2 2 2 2 2 2 2 2 2 2 2 2 2 2 2 2 2
left_child=1 2 5 6 -5 8 -4 -8 9 15 -11 14 -13 -14 -10 16 19 18 -17 20 21 23 -23 27 26 -26 -24 28 29 -1
right_child=-2 -3 3 4 -6 -7 7 -9 11 10 -12 12 13 -15 -16 17 -18 -19 -20 -21 -22 22 24 -25 25 -27 -28 -29 -30 -31
leaf_value=-0.013007819964113473 0.038134386766818518 -0.046221558564832795 0.055627901205434885 -0.037338046640274278 0.050479288440746041 -0.051460296711296122 -0.049657222673713461 0.058554054826006979 0.056718444639798526 0.066844823875053958 -0.0098933356104804679 -0.044806473013325555 0.066606535649807688 -0.013889837670431563 -0.052046416276311118 0.043091291229133147 -0.05541236053467518 0.0014238928593227811 -0.025598552903417223 -0.037614662228212165 0.060375207512570687 0.059253048850736172 0.058518239371535476 0.030802198191230829 0.074079969508920082 -0.028915770820052811 -0.046040980042648727 0.044002489707964845 -0.032583114859187856 0.12272621418024564
leaf_weight=18.858295513316996 1.4203440493438382 0.99348450801335175 2.7192832962609819 1.7046730103902521 0.59818855673074711 1.2043292014859606 0.72517930809408404 0.64545066095888615 2.0640814951620992 2.6914986353367558 1.7840866250917313 6.1320414990186674 1.2331702187657354 5.6068922090344131 0.73177689919248212 6.1924352357164016 3.7473849556408814 113.09868053486571 1.7083792770281432 4.1633972302079192 1.3758975006639946 3.6870605386793596 0.66168786585330952 4.3892798796296111 1.9112689197063448 1.1998186875134704 3.7630973514169455 1.7109976019710291 12.212702675722538 0.87174990773200889
leaf_count=117 76 30 18 33 5 55 7 4 13 14 19 76 4 49 10 33 73 1038 24 15 5 14 3 29 6 6 19 8 78 3
internal_value=2.21504e-05 -0.00023762 -1.73402e-05 0.0187084 -0.0145267 -0.000612908 0.0374217 0.00130113 -0.00030641 0.000708003 0.036255 -0.0121456 -0.0208522 0.000622564 0.0282508 -0.000178054 -0.00710674 0.00317479 0.0282386 -0.00380378 -0.0010241 -0.00273885 0.0170033 -0.00856291 -0.00366816 0.0343587 -0.0304051 -0.0136971 -0.0167877 -0.00701056
internal_weight=209.807 208.386 207.393 6.39277 2.30286 201 4.08991 1.37063 199.796 184.028 4.47559 15.768 12.9721 6.84006 2.79586 179.552 58.5526 120.999 7.90081 54.8053 50.6419 49.266 11.2229 38.043 7.53587 3.11109 4.42479 33.6537 31.9427 19.73
internal_count=1884 1808 1778 67 38 1711 29 11 1656 1504 33 152 129 53 23 1471 376 1095 57 303 288 283 48 235 34 12 22 206 198 120
is_linear=0
shrinkage=0.05


Tree=139
num_leaves=31
num_cat=0
split_feature=39 177 301 66 309 217 146 87 215 87 106 217 217 47 89 157 279 188 309 279 308 237 96 153 270 107 269 211 188 307
split_gain=0.819264 0.845684 0.809496 0.907807 1.09429 1.53825 1.08109 1.23068 0.995232 1.66815 2.06386 1.56221 1.98714 1.15948 2.85896 1.76455 1.61303 1.9088 2.32877 1.55806 1.4873 1.25263 1.21834 1.16145 2.24118 2.19774 1.82364 1.61567 1.61488 1.51442
threshold=0.003249999950639904 0.0015500000445172193 0.00035000000207219278 1.0000000180025095e-35 0.91816091537475597 0.0010500000207684936 0.0046500000171363362 0.038150001317262656 0.0014499999815598132 1.0000000180025095e-35 0.0017499999958090486 0.0083499997854232805 0.0043500000610947618 1.0000000180025095e-35 0.0012500000302679839 1.0000000180025095e-35 0.0065500000491738328 0.0019500000635161998 0.97666993737220775 0.0048500001430511483 0.00019999499636469412 0.0053499999921768912 0.0013499999768100681 0.18280000239610675 0.0016499999910593035 0.011450000107288362 0.015899999998509887 0.0057500000111758718 0.021949999965727333 0.0020494500640779738
decision_type=2 2 2 2 2 2 2 2 2 2 2 2 2 2 2 2 2 2 2 2 2 2 2 2 2 2 2 2 2 2
left_child=1 2 3 6 5 -5 7 8 11 -10 -11 12 13 23 15 16 17 18 19 -15 -20 22 -16 27 25 -25 -27 28 29 -1
right_child=-2 -3 -4 4 -6 -7 -8 -9 9 10 -12 -13 -14 14 21 -17 -18 -19 20 -21 -22 -23 -24 24 -26 26 -28 -29 -30 -31
leaf_value=-0.0045170183370029744 -0.052491612572187013 0.063772448499359508 0.03933529028544059 -0.055023381863434598 -0.053879033491722954 0.032148546485815846 -0.052728173777481693 0.067232737447794427 0.049442275871835167 0.053415281410984318 -0.028827813291493688 -0.04680403126410744 0.042642526376071542 -0.055188794706870992 -0.034684929713368132 0.056912158338935419 -0.037446947400493008 0.068060022763766784 -0.014465679322262419 0.040456408122941559 0.053346516071066802 0.047046433861367178 0.029100495762392466 -0.048755938038800579 0.017032057824846434 0.056053154101423232 -0.051070748191868104 0.034573312558649767 -0.038370336316545545 0.0058524733601229267
leaf_weight=56.920333451591432 0.74013633141294022 0.52192997396923502 1.3027963889762748 0.8084514271467923 1.7222877098247407 1.3530718055553732 0.95806784927844901 0.6887626051902761 2.7097461710218331 1.1171804212499412 2.4049120559357107 1.793109131976961 2.7040767800062886 3.1747468807734651 1.4176044194027775 0.70607604645192523 9.5649533472023887 0.76846109330654133 1.8206159239634874 0.49174295365810383 1.4546046070754526 2.4735430511645973 1.5863755000755189 5.0517600839957577 3.519373778719455 1.0843364857137201 0.62702245172113169 3.7211970067583016 2.532043805345892 92.317058253567666
leaf_count=376 39 8 46 10 24 23 28 2 45 47 23 25 26 31 24 5 70 3 14 3 8 20 17 99 50 6 15 58 17 722
internal_value=1.96288e-05 0.000207098 4.66652e-05 -0.000202421 -0.0241463 -0.000455438 0.000258839 0.000511843 0.000282023 0.0199495 -0.00274094 -0.000350637 8.33413e-05 -0.000524819 -0.010929 -0.020563 -0.0237296 -0.00671233 -0.0149898 -0.042361 0.0156514 0.0206966 -0.0010004 0.000947491 -0.0153273 -0.0321664 0.0168042 0.00202373 0.00122566 0.00189747
internal_weight=208.056 207.316 206.794 205.492 3.88381 2.16152 201.608 200.65 199.961 6.23184 3.52209 193.729 191.936 189.232 23.4587 17.9812 17.2751 7.71017 6.94171 3.66649 3.27522 5.47752 3.00398 165.773 10.2825 6.76312 1.71136 155.491 151.769 149.237
internal_count=1884 1845 1837 1791 57 33 1734 1706 1704 115 70 1589 1564 1538 195 134 129 59 56 34 22 61 41 1343 170 120 21 1173 1115 1098
is_linear=0
shrinkage=0.05


Tree=140
num_leaves=31
num_cat=0
split_feature=179 25 226 218 218 253 182 50 167 308 213 238 197 99 149 144 243 47 25 218 292 102 216 106 263 107 6 153 306 238
split_gain=0.80001 1.69353 2.16052 1.72165 2.60023 1.46019 1.6599 1.44074 1.52989 1.50353 1.54911 1.49696 1.2725 1.41977 2.42606 2.16629 1.79007 3.19174 2.6235 2.52649 6.17747 4.28199 2.72164 2.45414 2.37768 2.39909 2.41363 3.04209 4.32617 2.32912
threshold=0.0010500000207684936 0.0013499999768100681 0.0022500000195577745 0.1143000014126301 0.064800001680850997 0.0077999997884035119 0.00335000001359731 0.0058000001590698966 0.0017499999958090486 0.0094331176951527613 0.0045499999541789302 0.086449999362230315 0.03655000030994416 0.0055499998852610597 0.011700000148266556 0.023000000044703487 0.0010500000207684936 0.0010500000207684936 0.0019500000635161998 0.0031500000040978198 0.0030500000575557355 0.0017499999958090486 0.0013499999768100681 0.002650000038556755 0.0053499999921768912 0.0012500000302679839 0.0027499999850988392 0.0056499999482184657 0.12462734803557397 0.0023500000825151805
decision_type=2 2 2 2 2 2 2 2 2 2 2 2 2 2 2 2 2 2 2 2 2 2 2 2 2 2 2 2 2 2
left_child=7 -2 3 4 5 6 -3 9 -9 11 -11 12 13 14 15 16 24 19 -19 20 22 23 -18 -21 25 26 27 29 -29 -1
right_child=1 2 -4 -5 -6 -7 -8 8 -10 10 -12 -13 -14 -15 -16 -17 17 18 -20 21 -22 -23 -24 -25 -26 -27 -28 28 -30 -31
leaf_value=-0.0069808036870580613 0.0453227060360685 0.036472442291781051 -0.025589103796994361 0.051376064659664482 -0.035438682758117533 -0.034001720958908736 -0.03564250806242069 -0.034666818322906433 0.062410288391984939 0.045999598398623824 -0.049679285485655172 -0.043350768852165496 0.043921952714043651 -0.0094244210681843285 0.042810716591029786 -0.054301774045422059 0.058934596608919823 -0.030470518099570777 0.023216164880590421 0.047279425687271566 -0.042208121299238496 -0.021250320501195352 -0.034653413905816437 -0.052101611179266663 0.057480970312082429 -0.036830359069292461 -0.02397859586234851 0.045561111935272736 -0.03188870372727233 0.016909910085106249
leaf_weight=52.841075841337442 2.8142074113711741 6.4246026854962128 4.7008572022896251 2.4813153599388889 2.9013278670608988 1.1106608873233197 0.91110335150733579 4.9003591092769048 0.44249954074621189 2.9672784029971804 0.49339277646504331 2.0544752785935989 1.6030868147499848 37.603870051330887 3.472750714281573 1.7807244360446919 3.6888700290583092 7.003365424461661 3.370809648418799 13.526785927359015 4.6425036045257002 3.2083706934936336 0.9840751290321349 0.65110308863222677 1.6239106541033823 5.113493798300623 10.551380491815506 7.6279395781457406 2.3611367335543036 12.642549694515763
leaf_count=320 38 45 94 24 22 11 12 118 2 57 11 20 35 471 18 30 20 38 47 95 20 20 3 4 16 53 101 44 20 75
internal_value=1.67212e-05 0.00918289 0.00369419 0.0136484 0.00539875 0.0194264 0.0275157 -0.00103992 -0.0266268 -0.000279646 0.0323585 -0.000920126 -0.000419989 -0.000831606 0.00156029 0.000471895 0.00122312 0.0105094 -0.0130265 0.0196536 -0.00135805 0.0309116 0.0392259 0.0427155 -0.00248853 -0.00355708 -0.00157924 0.00155228 0.0272542 -0.00236836
internal_weight=206.5 21.3441 18.5299 13.829 11.3477 8.44637 7.33571 185.156 5.34286 179.813 3.46067 176.352 174.298 172.695 135.091 131.618 129.837 37.0759 10.3742 26.7017 9.31545 17.3863 4.67295 14.1779 92.7615 91.1376 86.0241 75.4727 9.98908 65.4836
internal_count=1884 246 208 114 90 68 57 1638 120 1518 68 1450 1430 1395 924 906 876 247 85 162 43 119 23 99 629 613 560 459 64 395
is_linear=0
shrinkage=0.05


Tree=141
num_leaves=31
num_cat=0
split_feature=293 182 121 94 121 128 87 149 87 67 144 144 90 207 170 38 179 202 238 283 105 245 25 102 219 93 149 173 238 306
split_gain=0.788734 1.43292 1.05619 0.908826 1.26377 1.15225 1.18874 0.963129 1.67472 1.30046 1.40338 2.27506 1.63901 1.69995 1.98809 1.7198 1.63201 1.57127 2.03003 1.53807 1.54646 1.48775 1.37654 1.35101 2.24935 2.03977 2.8057 2.04777 2.60975 2.2324
threshold=0.0022500000195577745 0.0060499999672174462 0.0050000001210719356 0.0020500000100582842 0.0050000001210719356 0.0023999999975785617 0.038150001317262656 0.076500002294778838 0.007849999703466894 0.0020500000100582842 0.01415000017732382 0.014050000347197058 0.0016499999910593035 0.01329999975860119 0.0011500000255182388 1.0000000180025095e-35 0.0023500000825151805 1.0000000180025095e-35 1.0000000180025095e-35 1.0000000180025095e-35 0.052949998527765281 0.0014499999815598132 0.0019500000635161998 0.0010500000207684936 0.0010500000207684936 1.0000000180025095e-35 0.0046500000171363362 0.00025000000459840527 0.0014499999815598132 0.21339222788810733
decision_type=2 2 2 2 2 2 2 2 2 2 2 2 2 2 2 2 2 2 2 2 2 2 2 2 2 2 2 2 2 2
left_child=3 -2 -3 4 5 6 7 8 9 10 11 19 13 15 -15 17 -16 -12 -19 20 23 -20 -17 -1 25 26 27 -25 -29 -30
right_child=1 2 -4 -5 -6 -7 -8 -9 -10 -11 12 -13 -14 14 16 22 -18 18 21 -21 -22 -23 -24 24 -26 -27 -28 28 29 -31
leaf_value=0.0017529350738979728 -0.017817417477680019 0.053782423991148347 -0.052888830456367678 -0.052280374336071744 0.033481118247592201 -0.043736161829908589 0.066225490314109778 0.023901057098533442 -0.046404458605061413 0.056137977200740707 -0.040407920536831558 0.083009807897829718 0.057970139250773205 0.054191273148167178 -0.035298070367929639 0.048232655458906648 0.039427483250877138 0.036737838120588291 -0.052865714240456212 0.024858157862286592 0.06173350360942053 0.0241262606054671 -0.032688737560150026 -0.02792702871575338 0.052177238625794667 0.020633929283622093 0.035389514598092128 0.043586848016293298 -0.053771041975439908 0.0010442253248706182
leaf_weight=114.76597509114072 1.4820541606750328 2.4092155992984776 0.25678579695522774 0.8415782218798985 2.744843576103448 1.5418237687554199 0.6683691143989553 3.9392590858042231 2.0161733482964328 1.0048411451280106 9.8371166314464151 0.83555242419242759 0.79590913653373618 1.7096040369942773 2.3348421766422693 1.4082288853824132 1.0634859576821325 1.7857053107582022 2.1535817468538885 6.1343252751976243 0.98687894269823928 0.88541950518265355 0.83842579810880113 21.631071732379496 1.462848831899463 4.5428985739126793 2.5724688433110705 2.4780315067619076 2.5720352772623283 6.6850874153897166
leaf_count=695 42 147 3 31 37 34 2 33 23 9 170 2 5 10 34 14 14 17 37 67 4 10 38 221 13 40 22 13 42 55
internal_value=1.66456e-05 0.0215971 0.043508 -0.000430411 -0.000211569 -0.000681853 -0.00034162 -0.000570438 -0.00107647 -0.000591608 -0.000895664 0.000714467 -0.0125181 -0.0150664 0.0102117 -0.0227027 -0.0119132 -0.0289448 -0.00557253 0.000294755 -0.000660745 -0.0304339 0.0180337 -0.00105367 -0.00873295 -0.010934 -0.0149244 -0.0188035 -0.0019864 -0.0141859
internal_weight=204.384 4.14806 2.666 200.236 199.395 196.65 195.108 194.44 190.501 188.484 187.479 164.667 22.8123 22.0164 5.10793 16.9085 3.39833 14.6618 4.82471 163.832 157.697 3.039 2.24665 156.71 41.9444 40.4816 35.9387 33.3662 11.7352 9.25712
internal_count=1884 192 150 1692 1661 1624 1590 1588 1555 1532 1523 1174 349 344 58 286 48 234 64 1172 1105 47 52 1101 406 393 353 331 110 97
is_linear=0
shrinkage=0.05


Tree=142
num_leaves=31
num_cat=0
split_feature=195 144 149 305 195 123 267 243 269 306 87 304 176 109 195 169 170 25 246 25 309 292 267 171 237 211 237 196 292 246
split_gain=0.766109 0.80388 2.36106 2.50383 2.59486 2.35852 1.99311 2.78715 2.38251 2.51922 1.89605 1.88242 1.68805 1.89949 2.61933 1.65383 2.09297 2.22929 4.44632 2.68755 3.42899 2.525 3.41366 4.36912 3.82465 2.97564 2.72311 2.79284 4.10209 3.29529
threshold=0.60385000705719005 0.0010500000207684936 0.0013499999768100681 0.0017499999958090486 0.065250001847744002 0.0010500000207684936 0.0011500000255182388 0.0011500000255182388 0.0047500000800937423 0.12629481405019763 1.0000000180025095e-35 1.0000000180025095e-35 0.0015499999863095584 1.0000000180025095e-35 0.057800000533461578 0.0018500000005587938 0.0029499999945983295 0.0022500000195577745 0.0017499999958090486 0.0014499999815598132 0.9271349608898164 0.010149999987334015 0.0019500000635161998 1.0000000180025095e-35 0.0046500000171363362 0.0010500000207684936 0.0031500000040978198 0.0010500000207684936 0.0011500000255182388 0.0018500000005587938
decision_type=2 2 2 2 2 2 2 2 2 2 2 2 2 2 2 2 2 2 2 2 2 2 2 2 2 2 2 2 2 2
left_child=1 2 3 4 11 6 -5 8 9 -8 -4 12 13 15 -15 16 17 19 -19 21 -21 22 24 -24 26 -23 27 28 -1 -30
right_child=-2 -3 10 5 -6 -7 7 -9 -10 -11 -12 -13 -14 14 -16 -17 -18 18 -20 20 -22 25 23 -25 -26 -27 -28 -29 29 -31
leaf_value=0.0036478038556505953 0.052610060090923283 -0.0034956609804523177 -0.050879081593777381 0.060438050595667737 -0.056205302276992747 -0.035216581886347902 0.031081019474006238 0.046010497063319805 0.038389686869821887 -0.042041685347599764 -0.002228589446626174 0.059420814397835531 0.035834723141280216 -0.050770573335656134 0.07118470587042916 0.035048473523444819 -0.056695154384762705 0.04818887778807826 -0.057073287204952777 0.044923207189192592 -0.041978536048462411 0.040093960623924535 0.058645991056615956 -0.051798296655973602 -0.05474631695240828 -0.037940391899584439 0.047868522329593606 0.052394415588308166 -0.04924426289409476 0.036608740193430495
leaf_weight=17.075824331957858 0.68999504158273239 95.538240374415182 3.491843940690158 3.5244464410934659 1.9280784036964167 1.6760144310537715 1.7150187343358974 5.4259561953367657 2.6806614375673234 3.7608668056782335 4.6960332035087049 1.42657862138003 3.4097312237136057 3.3039555656723674 0.50797174125909794 3.5353345964103928 1.5916754966601718 5.4275767276994875 1.2306988723576067 1.3533037309534828 7.0413998933508992 7.2786812447011453 4.1438800850883117 1.1423063687980173 3.938154404051601 1.4680568566545842 2.4757955819368354 1.8612270243465889 8.1310353372246009 1.2958184108138073
leaf_count=70 6 1121 21 26 15 15 9 107 44 30 41 15 23 61 2 18 11 34 11 10 36 32 20 6 27 7 13 7 41 5
internal_value=1.41385e-05 -0.000165452 0.00282092 0.00496861 0.00109246 0.0213885 0.0269342 0.0182405 -0.000232806 -0.01914 -0.0229763 0.00251538 0.0014502 -0.000160206 -0.034519 0.00173821 -6.09215e-05 0.00135057 0.0287325 -0.00183647 -0.0279692 0.00265795 -0.00265564 0.0347798 -0.00834578 0.0269966 -0.00242054 -0.00681011 -0.0109679 -0.0374429
internal_weight=202.766 202.076 106.538 98.35 79.5671 18.783 17.1069 13.5825 8.15655 5.47589 8.18788 77.639 76.2124 72.8027 3.81193 68.9908 65.4554 63.8638 6.65828 57.2055 8.3947 48.8108 40.064 5.28619 34.7779 8.74674 30.8397 28.3639 26.5027 9.42685
internal_count=1884 1878 757 695 464 231 216 190 83 39 62 449 434 411 63 348 330 319 45 274 46 228 189 26 163 39 136 123 116 46
is_linear=0
shrinkage=0.05


Tree=143
num_leaves=31
num_cat=0
split_feature=207 58 288 209 197 188 123 95 292 188 209 293 109 306 173 204 218 256 256 207 98 6 256 207 130 198 306 292 195 106
split_gain=0.76525 0.996379 0.863368 1.06768 2.11133 2.08379 1.08847 1.47084 1.19431 1.16558 1.59307 1.06849 1.70141 2.14377 3.25045 2.47683 2.33793 2.09191 3.23459 2.50203 2.42925 2.64696 2.40245 2.17213 2.90914 2.12869 2.1068 2.94571 3.38031 2.64508
threshold=0.33859999477863317 0.0024500000290572648 1.0000000180025095e-35 0.014549999963492157 0.014199999626725914 0.05829999968409539 0.050499999895691879 1.0000000180025095e-35 0.61399999260902416 0.018099999986588958 1.0000000180025095e-35 0.0010500000207684936 0.0011500000255182388 0.080461930483579649 1.0000000180025095e-35 0.0083499997854232805 0.1143000014126301 0.022750000469386581 0.016749999485909942 0.027350000105798248 0.0040500001050531873 0.012050000019371511 0.051500000059604652 0.016150000505149368 1.0000000180025095e-35 0.0011500000255182388 0.28328311443328863 0.019650000147521499 0.015800000168383125 0.002549999975599349
decision_type=2 2 2 2 2 2 2 2 2 2 2 2 2 2 2 2 2 2 2 2 2 2 2 2 2 2 2 2 2 2
left_child=1 2 3 4 6 -5 7 8 9 11 -11 12 17 -14 15 -15 -16 18 19 20 21 23 25 24 26 -19 27 -1 -29 -30
right_child=-2 -3 -4 5 -6 -7 -8 -9 -10 10 -12 -13 13 14 16 -17 -18 22 -20 -21 -22 -23 -24 -25 -26 -27 -28 28 29 -31
leaf_value=-7.0156881065625511e-05 0.056094771954480961 -0.045181870493773812 0.03811145536241952 -0.045654692705496991 0.056027480308723891 0.053939414560584681 -0.037728865570545965 0.038383723157988769 0.054733389611473462 -0.050264437997375039 0.030403088946957476 0.010665298033287356 -0.052880692117515907 0.040094341511230765 -0.030630996062087287 -0.058789683720390173 0.025362683217358229 -0.030861971295381253 0.033941749278988041 -0.054683134155439142 0.051529838074293802 -0.050541320465385356 0.0076182416650919932 0.045264216215659896 -0.056890575264707435 0.038266034748891856 -0.034020004157526325 0.038546250932534804 -0.041859228624036439 0.057960315767729934
leaf_weight=79.550570812541991 0.6063792584463944 1.2213813214329992 1.4840199089376245 2.8757832001429047 1.686465537874027 0.64255165401846159 1.9090378205291916 2.4909339169971636 0.98097864398732681 2.4561862517148252 0.8151610605418681 20.63580324058421 3.1150844274088767 4.3809602577239302 10.973811143077908 0.74026690796017636 2.2456944533623746 13.672226307913663 8.0316555993631464 1.9760851208120573 2.4288067873567334 2.4378854129463425 8.8903067633509618 2.8435454219579688 2.1278534661978474 1.2123939208686341 3.8553844736888996 10.768361160531638 2.7149669770151372 0.87837755121290673
leaf_count=476 9 66 84 34 43 8 55 24 11 15 6 239 88 32 161 10 21 122 47 20 13 46 88 18 30 10 26 54 23 5
internal_value=1.03447e-05 -0.000159661 0.000116915 -0.000168812 0.000326703 -0.0274659 -0.000162217 0.000214793 -0.000291653 -0.000580692 -0.0301635 -5.32459e-05 -0.00141151 -0.0145312 -0.00801769 0.0258008 -0.0211189 0.000579408 0.00331383 0.001069 0.00209284 0.000951211 -0.0129477 0.00217307 0.000946474 -0.0252313 0.00220526 0.00369242 0.0245336 -0.0174588
internal_weight=200.649 200.043 198.821 197.337 193.819 3.51833 192.132 190.223 187.732 186.751 3.27135 183.48 162.844 21.4558 18.3407 5.12123 13.2195 141.388 117.613 109.582 107.606 105.177 23.7749 102.739 99.8955 14.8846 97.7677 93.9123 14.3617 3.59334
internal_count=1884 1875 1809 1725 1683 42 1640 1585 1561 1550 21 1529 1290 312 224 42 182 978 758 711 691 678 220 632 614 132 584 558 82 28
is_linear=0
shrinkage=0.05


Tree=144
num_leaves=31
num_cat=0
split_feature=247 224 253 1 305 218 220 308 129 53 232 279 53 218 195 299 94 171 96 306 182 232 306 279 243 307 87 218 224 232
split_gain=0.78173 1.28134 1.01707 1.67785 1.89309 1.53409 1.41649 1.19402 2.13844 1.56493 1.54968 2.23108 1.99259 1.86181 1.69306 1.43719 1.33128 1.34438 2.12694 2.86293 1.73718 1.85204 1.55738 3.11386 3.058 3.90647 3.88274 2.00749 2.45774 1.9879
threshold=0.41320000588893896 0.0010500000207684936 0.0063000000081956395 0.0014499999815598132 0.0030500000575557355 0.14469999819993976 0.013350000139325859 0.0038964110426604752 0.0010500000207684936 0.0030500000575557355 0.023550000041723255 0.0010500000207684936 0.0046500000171363362 0.0011500000255182388 0.011549999937415125 0.0016499999910593035 0.0014499999815598132 1.0000000180025095e-35 0.0010500000207684936 0.0064866936299949893 0.01480000000447035 0.044250000268220908 0.012880790513008835 0.0010500000207684936 1.0000000180025095e-35 0.0024492200464010243 0.0010500000207684936 0.029250000603497032 0.0029499999945983295 0.0016499999910593035
decision_type=2 2 2 2 2 2 2 2 2 2 2 2 2 2 2 2 2 2 2 2 2 2 2 2 2 2 2 2 2 2
left_child=2 -2 5 4 -4 7 -6 8 9 15 11 13 -13 -10 -15 16 17 18 20 -20 21 22 23 24 25 26 -1 29 -29 -24
right_child=1 -3 3 -5 6 -7 -8 -9 10 -11 -12 12 -14 14 -16 -17 -18 -19 19 -21 -22 -23 27 -25 -26 -27 -28 28 -30 -31
leaf_value=-0.035563725786099933 -0.052226138740367356 0.053825560205257833 -0.050249851454657851 0.044360728342477028 -0.017682186214694973 0.036286605316296947 0.045925239714796479 0.020419824485399248 -0.05519546924787621 -0.036204671661867138 0.0054606633467181977 -0.048179603056148372 0.037817195401367146 0.042384046797070911 -0.052080486496731332 0.056787948501518339 -0.049326347748319191 -0.033250387890351216 0.12918468565683541 0.018754743090328114 0.032846612895983056 -0.033922516619254973 -0.003598098782960182 -0.052502935336035166 0.060726328384600826 0.031015835331578392 0.056774436940239453 -0.017122817021051631 0.025057293887701178 0.011825461767521285
leaf_weight=9.8825098448433035 0.35503389267250796 1.4401526781730352 3.7129525132477266 1.0251329524908204 3.7806621866766363 2.9512632623082018 1.1389351147226987 6.8591671781614414 0.99085727706551852 2.776664617820642 5.3270599085371932 7.9529482019133848 0.73591721639968444 2.4156768610700969 0.59021430369466532 1.1735305553302158 1.2904642554931331 2.7077237248886368 0.70798954367637534 3.4321211976930499 4.2388349710963658 3.8324080950114867 31.060631575295702 3.7545485198497763 1.7335855420678843 4.330598931759595 1.28667877241969 19.256004280410711 4.2082358077168456 63.808812531176955
leaf_count=72 7 15 43 14 41 62 15 124 18 105 67 93 17 17 10 20 30 30 3 31 71 28 316 19 8 23 6 149 32 398
internal_value=6.40453e-06 0.0328517 -0.00029296 -0.0161161 -0.0232978 0.000522903 -0.00295644 -4.96285e-05 -0.00084066 0.00100376 -0.0171709 -0.0266745 -0.040896 0.00424262 0.0238357 0.00166306 0.00124713 0.00167025 0.00229425 0.0376391 0.00130145 0.000367385 0.00131062 -0.0112418 -0.00225243 -0.00929634 -0.0249265 0.00353694 -0.00955795 0.00677573
internal_weight=198.757 1.79519 196.962 9.65768 8.63255 187.304 4.9196 184.353 177.494 159.481 18.0127 12.6856 8.68887 3.99675 3.00589 156.705 155.531 154.241 151.533 4.14011 147.393 143.154 139.322 20.9879 17.2334 15.4998 11.1692 118.334 23.4642 94.8694
internal_count=1884 22 1862 113 99 1749 56 1687 1563 1341 222 155 110 45 27 1236 1216 1186 1156 34 1122 1051 1023 128 109 101 78 895 181 714
is_linear=0
shrinkage=0.05


Tree=145
num_leaves=31
num_cat=0
split_feature=218 306 243 267 292 292 99 153 102 306 256 292 279 237 204 292 188 6 25 116 253 309 218 99 247 153 305 247 112 121
split_gain=0.760851 2.79662 2.03056 1.78002 3.06554 2.40489 2.90207 2.18373 1.80229 1.77492 2.49801 2.38912 2.577 2.74876 2.31575 2.83365 1.66902 1.70284 1.85548 2.35719 1.63597 1.59224 1.45653 1.41514 1.22123 2.39643 2.4338 2.82201 2.2742 2.10937
threshold=1.0000000180025095e-35 0.012880790513008835 1.0000000180025095e-35 0.0013499999768100681 0.0010500000207684936 0.0039500000420957812 0.0012500000302679839 0.0067499999422580012 0.0010500000207684936 0.021205288358032707 0.0018500000005587938 0.0062500000931322583 0.0030500000575557355 0.0027499999850988392 0.007849999703466894 0.0027499999850988392 0.0010500000207684936 0.0012500000302679839 1.0000000180025095e-35 0.0020500000100582842 0.003249999950639904 0.20870623737573626 0.0043500000610947618 0.0043500000610947618 0.0068500000052154073 0.014099999796599151 0.0038499999791383748 0.063799999654293074 0.0011500000255182388 0.0020500000100582842
decision_type=2 2 2 2 2 2 2 2 2 2 2 2 2 2 2 2 2 2 2 2 2 2 2 2 2 2 2 2 2 2
left_child=2 -2 3 4 7 -6 -7 8 16 11 14 12 13 -3 20 -16 17 18 21 -20 -11 -1 -22 -4 -12 -26 27 29 -29 -27
right_child=1 9 23 -5 5 6 -8 -9 -10 10 24 -13 -14 -15 15 -17 -18 -19 19 -21 22 -23 -24 -25 25 26 -28 28 -30 -31
leaf_value=-0.0018727910864253135 -0.043466653131141786 0.038627002312027287 0.05850104929923227 0.035058585900425862 -0.053472363686276975 0.041999546164803336 -0.052345779502427817 0.067051391512560135 -0.058572241625185088 -0.051320674581589114 -0.0032616912135732153 -0.055093115449510927 0.084303649753595944 -0.029790140714028929 0.060016630966787159 -0.05322883912036927 0.056899617586000609 -0.054731993737302788 -0.063587764415265036 0.047557170454676348 -0.056361384902854951 0.037341689420807338 0.051474923362049313 -0.029040685518189054 0.017485766696033158 -0.043717446563097541 0.01785897481572387 0.02346915203087601 -0.053830542253880856 0.034651448971986902
leaf_weight=5.3020990062505131 3.8554364950396112 4.3005238343030179 2.7784013014752413 3.7272825255058697 4.2576453248038879 1.976483438163996 1.387142540886998 1.5012681824155141 1.073661621659993 5.9748986177146417 94.687706435914151 0.92722994089126665 1.7049138769507406 2.2289811410009861 1.4524472430348399 0.89140266366302956 1.5925344750285138 1.1749858856201161 1.6777994558215135 0.66655873507261265 0.50803832896053769 5.0578145431354642 0.81620685197412968 0.55363648664206255 24.349645866197534 7.8036226781550813 7.6386295964475712 5.0558362551964811 1.1720977146178482 0.96478517120704044
leaf_count=14 53 22 27 60 40 10 19 12 16 66 918 4 5 15 5 9 6 9 13 3 7 28 5 7 219 112 102 48 19 11
internal_value=1.68015e-06 -0.0013848 0.00696357 0.00277043 -0.00191817 -0.0285078 0.00309201 0.00931085 0.00407171 -0.000373792 -0.00166768 0.0209963 0.0295643 0.0152714 -0.0262919 0.0169476 0.00841887 0.00285609 0.00818227 -0.0319865 -0.0401767 0.0172721 0.0101042 0.0439555 8.37525e-06 0.00659851 -0.00511349 -0.0168149 0.00892134 -0.0350945
internal_weight=197.06 164.332 32.7273 29.3953 25.668 7.62127 3.36363 18.0467 16.5455 160.477 151.315 9.16165 8.23442 6.5295 9.64299 2.34385 15.4718 13.8793 12.7043 2.34436 7.29914 10.3599 1.32425 3.33204 141.672 46.9846 22.635 14.9963 6.22793 8.76841
internal_count=1884 1620 264 230 170 69 29 101 89 1567 1521 46 42 37 92 14 73 67 58 16 78 42 12 34 1429 511 292 190 67 123
is_linear=0
shrinkage=0.05


Tree=146
num_leaves=31
num_cat=0
split_feature=144 1 105 54 153 306 198 306 109 195 253 102 284 153 269 54 253 173 238 253 169 292 202 267 267 6 306 307 128 149
split_gain=0.737331 0.888914 1.13187 0.991566 1.67253 1.55535 1.44838 2.6297 1.15577 2.66786 2.3994 1.78574 1.53634 1.30647 1.55152 1.29874 1.7724 1.78229 1.40287 1.47695 1.36232 1.85125 1.52667 1.66363 1.82492 1.86891 1.64792 2.04073 1.55301 2.69325
threshold=0.53134998679161083 0.0018500000005587938 0.0020500000100582842 0.0014499999815598132 1.0000000180025095e-35 0.62276223301887523 0.0040500001050531873 0.080461930483579649 0.0011500000255182388 0.023449999280273918 0.0015499999863095584 0.0031500000040978198 0.0019500000635161998 0.013650000095367433 0.0024500000290572648 0.0011500000255182388 0.0072500000242143878 0.0020500000100582842 0.086449999362230315 0.0042499999981373557 0.0093499999493360537 0.17164999991655353 0.0047500000800937423 0.01544999983161688 0.0079499999992549437 0.023349999450147155 0.23165112733840945 0.050667252391576774 1.0000000180025095e-35 0.018550000153481964
decision_type=2 2 2 2 2 2 2 2 2 2 2 2 2 2 2 2 2 2 2 2 2 2 2 2 2 2 2 2 2 2
left_child=1 3 -3 6 -5 -6 8 -8 15 10 12 -12 -10 -11 -15 16 17 18 19 20 21 22 23 24 25 28 -25 -28 29 -1
right_child=-2 2 -4 4 5 -7 7 -9 9 13 11 -13 -14 14 -16 -17 -18 -19 -20 -21 -22 -23 -24 26 -26 -27 27 -29 -30 -31
leaf_value=0.00079782398263065081 -0.051849641761422482 0.044468698527996252 -0.058978501740413518 0.042880804059732533 -0.048060457166927167 0.046659270900807709 -0.059188583187624905 0.042836940742237303 -0.049994549393359233 0.023870760740293932 -0.020118556021526957 0.04802202388141491 0.044452910274329023 -0.053273713705487162 0.0035812588054776845 0.057758141705037513 -0.03408453041528621 0.03414975436811378 -0.044236651693852602 0.056662159524038594 0.030435852571508916 -0.027092894033134723 0.040746978508708585 -0.050270267308597308 0.023823279263621298 -0.048879042954561115 0.039464616247820876 -0.035525186397758611 -0.035791348980114303 0.054908928896360579
leaf_weight=111.70017107995227 0.68335387704428185 2.019067489309236 0.30427129846066225 0.80603103432804246 3.4494753018952911 0.49567485926672805 0.74540586955845256 4.136052314308472 7.145520433434287 5.5128736016340536 2.9345501121133566 1.4300364293158052 0.45818143524229515 1.5237992608454076 5.6458662296645343 1.0096334274858225 3.545234626159071 4.1117385397665194 1.7107747076079238 1.1950551327317942 3.7904376941733053 6.0107233999297014 2.4046336570754638 3.1215720640029749 8.7855958789587003 1.9079663916490961 1.6903492896817627 1.9582849910948423 2.798245472367852 2.3478898042812935
leaf_count=744 21 38 5 7 75 9 8 63 166 44 33 14 5 46 61 5 40 57 17 8 39 91 20 34 81 39 22 40 41 11
internal_value=-3.35229e-06 0.000178621 0.0309209 -0.000192664 -0.0227506 -0.0361597 0.000378579 0.0272575 -0.00033943 -0.0104093 -0.0273419 0.00220739 -0.0443034 0.00556965 -0.00850237 0.00123077 0.000867439 0.00167451 0.00078087 0.00130226 0.000850717 6.5008e-05 0.00125902 0.000552041 0.00183414 0.000207358 -0.0236007 -0.000783705 0.00100888 0.0019118
internal_weight=195.378 194.695 2.32334 192.372 4.75118 3.94515 187.621 4.88146 182.739 24.6508 11.9683 4.36459 7.6037 12.6825 7.16967 158.088 157.079 153.533 149.422 147.711 146.516 142.725 136.715 134.31 127.54 118.754 6.77021 3.64863 116.846 114.048
internal_count=1884 1863 43 1820 91 84 1729 71 1658 369 218 47 171 151 107 1289 1284 1244 1187 1170 1162 1123 1032 1012 916 835 96 62 796 755
is_linear=0
shrinkage=0.05


Tree=147
num_leaves=31
num_cat=0
split_feature=295 218 243 267 292 292 99 153 188 195 144 308 237 25 267 186 246 243 218 237 237 292 106 149 270 237 25 232 204 273
split_gain=0.731135 0.720949 1.92859 1.64453 2.91569 2.36827 2.70132 1.96205 1.59654 2.1793 1.94455 1.48967 1.41437 4.81585 3.26986 3.07401 2.25724 2.31388 3.00761 2.09025 2.85966 2.1899 3.25882 2.13192 2.12838 2.09992 2.75134 2.08289 2.64347 2.05934
threshold=0.014050000347197058 1.0000000180025095e-35 1.0000000180025095e-35 0.0013499999768100681 0.0010500000207684936 0.0039500000420957812 0.0012500000302679839 0.0067499999422580012 0.0010500000207684936 0.0012500000302679839 0.0010500000207684936 1.0000000180025095e-35 0.0014499999815598132 0.0015499999863095584 0.0056499999482184657 0.0010500000207684936 0.0014499999815598132 0.0011500000255182388 0.0024500000290572648 0.0027499999850988392 0.0030500000575557355 0.0063499999232590207 0.0013499999768100681 0.0075499999802559623 0.0014499999815598132 0.00335000001359731 0.0018500000005587938 1.0000000180025095e-35 0.0088499998673796671 0.0031500000040978198
decision_type=2 2 2 2 2 2 2 2 2 2 2 2 2 2 2 2 2 2 2 2 2 2 2 2 2 2 2 2 2 2
left_child=1 2 3 4 7 -6 -7 8 9 10 11 -1 13 14 15 -3 17 18 -15 21 24 27 23 -23 -21 26 -22 28 -14 -20
right_child=-2 12 -4 -5 5 6 -8 -9 -10 -11 -12 -13 19 16 -16 -17 -18 -19 29 20 25 22 -24 -25 -26 -27 -28 -29 -30 -31
leaf_value=0.0030206541560092968 0.052842455568405035 -0.044265530923934114 0.043523449093859461 0.033776543189328788 -0.054083728493248197 0.040398805618916983 -0.052224067769866801 0.063626742538734002 0.050924726145949485 -0.06203213041873254 -0.057231453635847064 0.050624998950472434 -0.04386118227594301 -0.040856011719205908 0.058274688326715854 0.047403072841263771 -0.025614790962295617 0.057452601537954388 0.043085512421506211 -0.057715579488804195 0.060755673682692614 -0.022471759360089702 0.049811200107360697 0.041407742797109119 0.026604488585287325 -0.0017306330970931945 -0.045970458284711267 0.0495709087062908 0.070776746523988618 -0.053815547953383808
leaf_weight=10.188568649813549 0.6522337052738284 12.755671775899826 3.1957250320119774 3.6840376327745608 4.0535531546920529 1.9546955190598967 1.317949885735288 1.501809182576834 1.6245165253058065 1.3425915613770474 1.1535240318626154 1.9594308109953988 1.5330131098162403 2.305690872948615 0.94889417709782797 0.98517681472003538 3.3253381052054456 3.1431548283435404 3.8686700519174337 3.6859601520700371 2.7645444627851243 8.0241792635060829 2.7341810084180898 1.5600779019296158 0.93905061297118653 104.15408076660242 0.77264001697767515 6.242007952183485 0.74835222959518422 0.63883021217770863
leaf_count=38 50 105 32 59 38 10 19 12 8 15 14 13 22 41 9 5 52 20 28 35 13 80 25 17 8 1040 16 40 2 18
internal_value=-6.31001e-06 -0.000184812 0.00667318 0.00258143 -0.00199782 -0.0285404 0.003098 0.00894485 0.00389699 -0.00131994 0.00480806 0.0106991 -0.00154579 -0.0117667 -0.0314941 -0.0376932 0.010052 0.0219645 0.00559258 0.000601234 -0.00209732 0.0151437 0.00166212 -0.0120738 -0.0405954 -0.000443948 0.0374431 0.0346281 -0.00625671 0.0293521
internal_weight=193.758 193.106 31.9764 28.7807 25.0966 7.3262 3.27265 17.7704 16.2686 14.6441 13.3015 12.148 161.13 27.9714 14.6897 13.7408 13.2817 9.95635 6.81319 133.158 112.316 20.8418 12.3184 9.58426 4.62501 107.691 3.53718 8.52337 2.28137 4.5075
internal_count=1884 1834 258 226 167 67 29 100 88 80 65 51 1576 278 119 110 159 107 87 1298 1112 186 122 97 43 1069 29 64 24 46
is_linear=0
shrinkage=0.05


Tree=148
num_leaves=31
num_cat=0
split_feature=205 146 232 232 269 232 232 295 237 129 173 295 232 53 149 267 95 280 280 158 295 161 256 279 232 25 98 173 237 218
split_gain=0.727107 0.708836 0.795317 1.25941 1.87512 1.14942 1.3239 1.8031 1.42465 1.23734 2.4449 1.63257 1.58141 1.57494 1.29628 1.55984 1.24901 1.23945 1.72169 1.28199 1.2035 1.16369 1.14922 1.09722 1.73225 3.71045 2.07341 2.06626 1.71593 2.39546
threshold=0.0013499999768100681 0.0046500000171363362 0.13990000635385516 0.049799999222159393 0.0015499999863095584 0.045649999752640731 0.044250000268220908 0.0024500000290572648 0.064550001174211516 0.0010500000207684936 0.00095000001601874839 0.0022500000195577745 0.0013499999768100681 0.0030500000575557355 0.0099499998614192026 0.014250000007450582 0.018350000493228439 0.0010500000207684936 0.015649999491870407 0.00074999997741542767 0.0017499999958090486 1.0000000180025095e-35 0.026300000026822094 0.036949999630451209 0.010250000283122064 0.0014499999815598132 0.0011500000255182388 0.00055000002612359833 0.0016499999910593035 0.0047500000800937423
decision_type=2 2 2 2 2 2 2 2 2 2 2 2 2 2 2 2 2 2 2 2 2 2 2 2 2 2 2 2 2 2
left_child=1 2 3 5 -5 6 7 9 -9 11 14 13 -12 20 -11 -16 -15 19 -19 -14 21 23 -23 24 -1 26 28 -27 29 -26
right_child=-2 -3 -4 4 -6 -7 -8 8 -10 10 12 -13 17 16 15 -17 -18 18 -20 -21 -22 22 -24 -25 25 27 -28 -29 -30 -31
leaf_value=-0.00010658168675009025 0.037553398789579549 -0.045948599755886159 0.028210050523971388 -0.039947108749167459 0.022299581342380678 0.050684331204018697 -0.051887195646187628 0.051187311726199086 -0.030711999114166385 -0.033838281766350085 0.050483111668318849 -0.040486289706004715 -0.043862239112454966 -0.050488088218943142 0.044167729801598998 -0.054051082605731007 0.051307756132480287 0.039438273768459167 -0.039091609873716349 0.032655143635566868 0.055175835457539228 0.050179578961380894 -0.005872978185566478 -0.020313867513184796 0.042537336731836281 -0.021309282693505117 -0.017301391705821918 0.057569325529296667 0.050853351042017859 -0.053628580895460277
leaf_weight=119.008446007967 1.279722198145463 0.84522144391666998 2.4560053941095239 4.4005580614320925 1.6686285082250831 1.1258725193329144 1.220707454252987 2.845504224998876 0.65281156380660821 9.9259585989639181 1.7810233784839491 2.3180054901167741 2.3363830735906963 2.2464517464395608 1.2313914895057667 0.60177959315478791 0.34801369160413731 2.5216522617265587 0.96506513422355045 0.71489344537258137 1.0748396664857853 2.4262189606670286 1.4675461002625523 5.6158725894056252 1.6725268736481695 6.8702665711753061 1.850276187993585 0.94436684437096108 8.5294259134680015 1.0567021332681177
leaf_count=939 76 30 40 49 30 15 9 51 18 135 19 13 29 98 9 11 4 30 14 6 12 26 42 45 8 55 12 8 45 6
internal_value=-9.49576e-06 -0.000261538 -5.81659e-05 -0.000428598 -0.0228333 0.000321206 6.58806e-06 0.000360472 0.0359043 -0.000348009 -0.0120288 0.0011609 0.00871512 0.00179141 -0.0267041 0.0119252 -0.0368335 -0.00266295 0.0177025 -0.0259347 0.00245719 0.00207802 0.0290536 0.00135636 0.00222604 0.0154935 0.0317503 -0.0117771 0.0398116 0.00530384
internal_weight=192.002 190.722 189.877 187.421 6.06919 181.352 180.226 179.005 3.49832 175.507 20.0781 155.429 8.31902 153.111 11.7591 1.83317 2.59447 6.53799 3.48672 3.05128 150.516 149.442 3.89377 145.548 139.932 20.9236 13.1089 7.81463 11.2587 2.72923
internal_count=1884 1808 1778 1738 79 1659 1644 1635 69 1566 253 1313 98 1300 155 20 102 79 44 35 1198 1186 68 1118 1073 134 71 63 59 14
is_linear=0
shrinkage=0.05


Tree=149
num_leaves=31
num_cat=0
split_feature=179 225 98 24 25 50 308 213 167 232 292 74 74 207 106 247 247 306 308 149 99 206 89 106 271 256 304 120 267 243
split_gain=0.729516 1.46151 1.74664 1.39688 1.29314 1.23102 1.26364 1.31539 1.25533 1.20201 1.39903 1.11886 1.46897 1.71588 1.59458 1.49245 1.84676 1.45964 1.40182 1.84603 2.42951 2.74686 2.23304 2.11239 2.07362 2.58203 2.64035 2.60693 3.16221 3.19886
threshold=0.0010500000207684936 0.0019500000635161998 0.0036499999696388845 0.0019500000635161998 0.0013499999768100681 0.0058000001590698966 0.0094331176951527613 0.0045499999541789302 0.0017499999958090486 0.0016499999910593035 0.043800000101327903 0.0024500000290572648 0.0011500000255182388 0.0021499999566003685 0.002650000038556755 0.41320000588893896 0.21734999865293506 0.23165112733840945 0.00079996499698609125 0.0034500000765547161 0.0077499998733401307 0.00335000001359731 0.0011500000255182388 0.0010500000207684936 0.0024500000290572648 0.0052499999292194852 0.0015499999863095584 0.013650000095367433 0.0065500000491738328 0.0011500000255182388
decision_type=2 2 2 2 2 2 2 2 2 2 2 2 2 2 2 2 2 2 2 2 2 2 2 2 2 2 2 2 2 2
left_child=5 2 3 9 -3 6 11 -8 -7 10 -2 12 14 -14 15 16 18 -16 19 20 24 -22 -21 -24 25 26 -1 28 -27 -30
right_child=1 4 -4 -5 -6 8 7 -9 -10 -11 -12 -13 13 -15 17 -17 -18 -19 -20 22 21 -23 23 -25 -26 27 -28 -29 29 -31
leaf_value=-0.0050537042193005664 0.055501868065143893 0.047463680006066877 -0.021869989460747623 -0.028714853381813218 -0.013585975803624632 -0.033440412832589569 0.045286633485603828 -0.048577106091071361 0.060131283062380261 0.048213696786960719 -0.025740074931000563 -0.043278858884721223 -0.05424278752391401 0.039603331005850548 -0.05464257914861919 0.054973436680549687 -0.059978276675812674 0.0024840543897303468 -0.015392502184478345 0.029709902907024244 -0.038749466770548163 0.031599328959444416 0.0098862452888776667 -0.054561177374666203 -0.026848834964947884 0.023558567155449177 0.058623852440522567 -0.036013475155545198 -0.042103507332835542 0.03024282164967276
leaf_weight=62.638151338789612 0.85844157449901137 0.98085800278931667 1.9570768442936231 0.90819065156392831 7.4985863558249548 4.4526211707852772 2.5825297191040586 0.43630826543085266 0.38981325179338444 6.0399199516978115 1.384674349799752 1.5446398118510831 0.55690472573041816 3.884384797886014 2.6350364591926327 1.2050320021808136 1.3109831977635611 1.9424490558449177 14.080188924330285 11.250823576468976 7.5062634502537531 1.7022740007378159 4.8696845488157114 1.7207405769731847 6.2960897081065914 29.092648957855999 1.6713407994247962 2.5307515892200163 4.0739417609293005 2.444873524364084
leaf_count=432 5 26 24 13 116 118 57 11 2 50 12 20 9 38 42 7 11 26 216 100 121 20 69 28 49 172 9 29 31 21
internal_value=-8.95802e-06 0.00912026 0.0210194 0.0301518 -0.00652407 -0.00105794 -0.000332931 0.0317206 -0.0259079 0.0366062 0.00535126 -0.000926734 -0.000521445 0.0278357 -0.00132377 -0.000450374 -0.000892123 -0.030401 -0.000375296 0.00118176 -0.00108546 -0.0257449 0.0161714 -0.00694079 0.00100265 0.00271424 -0.00339879 0.0130211 0.0165057 -0.0149701
internal_weight=190.446 19.6277 11.1483 9.19123 8.47944 170.818 165.976 3.01884 4.84243 8.28304 2.24312 162.957 161.413 4.44129 156.971 152.394 151.189 4.57749 149.878 135.798 117.956 9.20854 17.8412 6.59043 108.748 102.452 64.3095 38.1422 35.6115 6.51882
internal_count=1884 246 104 80 142 1638 1518 68 120 67 17 1450 1430 47 1383 1315 1308 68 1297 1081 884 141 197 97 743 694 441 253 224 52
is_linear=0
shrinkage=0.05


Tree=150
num_leaves=31
num_cat=0
split_feature=293 182 121 94 121 120 163 269 25 222 98 109 292 163 98 32 250 163 170 216 256 204 25 256 305 273 169 99 204 169
split_gain=0.721511 1.26625 0.905622 0.780422 1.19427 0.993451 1.16708 1.29284 1.77997 1.25888 1.22002 1.43693 1.96634 1.53285 1.59272 1.28734 1.13842 1.87483 1.53587 1.40963 1.28225 2.3879 1.7228 1.19786 1.1325 1.16952 1.10318 1.77427 1.97665 1.66582
threshold=0.0022500000195577745 0.0060499999672174462 0.0050000001210719356 0.0020500000100582842 0.0050000001210719356 0.0087500000372529047 0.01840000040829182 0.042700000107288368 0.0042499999981373557 0.0065500000491738328 0.0043500000610947618 0.0010500000207684936 0.03329999931156636 0.0010500000207684936 0.0016499999910593035 0.03160000033676625 1.0000000180025095e-35 0.0016499999910593035 0.0018500000005587938 0.0015499999863095584 0.002549999975599349 0.0016499999910593035 0.0046500000171363362 0.010049999691545965 0.011299999896436931 1.0000000180025095e-35 0.0021499999566003685 0.0028499999316409235 0.010149999987334015 1.0000000180025095e-35
decision_type=2 2 2 2 2 2 2 2 2 2 2 2 2 2 2 2 2 2 2 2 2 2 2 2 2 2 2 2 2 2
left_child=3 -2 -3 4 5 6 7 10 -9 24 11 26 -13 15 -15 -14 17 20 -19 -20 21 -7 -22 -24 25 -8 29 28 -28 -1
right_child=1 2 -4 -5 -6 16 9 8 -10 -11 -12 12 13 14 -16 -17 -18 18 19 -21 22 -23 23 -25 -26 -27 27 -29 -30 -31
leaf_value=0.0022176132980902693 -0.017310026443401488 0.053579929756020689 -0.049699741995886053 -0.052013256341431773 0.033737887964694506 -0.052933072419857209 0.032632341013081885 0.055957045480199467 -0.013550405591664214 0.057886793250352814 0.033929487781096869 -0.035787308126855585 -0.040013523714349256 0.038501602851877259 -0.038018699226486485 0.052934722095363533 0.0094147408950219068 0.027891495526253231 -0.039910856850445937 0.012488805466636955 -0.048686156035819661 0.058873096054882439 0.032191782042342743 -0.052075922443570379 0.04469383129802329 -0.053716743454578608 0.044609802551685729 -0.0028363414228008456 -0.040216314271927317 -0.017089517821548706
leaf_weight=106.74602802470326 1.3337582314852618 2.1649679461261262 0.23532630130648602 0.73090121848508616 2.5496251289732745 0.88147228956223145 0.44948165863752354 2.4494049078784879 1.4761512456461785 0.41669534146785725 2.7193255298770955 6.3041041286196542 2.3850157121196394 3.2289000386372209 0.8614534344524144 0.44147443864494551 5.8648827463621265 3.4030119422823173 2.7425553556531668 2.412498477846384 7.0997465950204042 1.0421796347945926 1.293111248873174 0.62581352982670058 0.41429611854255188 3.0733781775925308 5.6254685600288195 6.4900054591707885 0.78226899169385422 12.478004580363629
leaf_count=701 42 147 3 31 37 34 3 20 12 2 33 128 34 25 12 4 89 38 47 29 141 5 13 19 6 36 41 59 7 86
internal_value=-1.01097e-05 0.02175 0.0434543 -0.000449348 -0.000244806 -0.000721636 0.000767521 0.00149869 0.0298197 -0.0247566 0.000747814 0.000126993 -0.0155892 0.00281963 0.022386 -0.0254958 -0.00990021 -0.0157093 0.00182127 -0.0153885 -0.0294201 0.00764031 -0.037325 0.00470979 -0.0335033 -0.0426995 0.00169966 0.0155906 0.0342541 0.000196926
internal_weight=188.721 3.73405 2.40029 184.987 184.256 181.707 156.341 151.988 3.92556 4.35385 148.062 145.343 13.2209 6.91684 4.09035 2.82649 25.3653 19.5004 8.55807 5.15505 10.9423 1.92365 9.01867 1.91892 3.93716 3.52286 132.122 12.8977 6.40774 119.224
internal_count=1884 192 150 1692 1661 1624 1209 1162 32 47 1130 1097 203 75 37 38 415 326 114 76 212 39 173 32 45 39 894 107 48 787
is_linear=0
shrinkage=0.05


Tree=151
num_leaves=31
num_cat=0
split_feature=223 194 155 184 234 98 267 73 42 223 251 293 242 209 95 50 43 188 197 202 170 306 305 306 123 305 218 267 269 246
split_gain=0.685628 1.05187 0.932046 0.777273 0.81177 0.832232 0.950235 1.32506 1.2501 1.1123 1.07844 1.13991 1.36435 1.23789 1.49486 1.45 1.42724 1.15938 1.38249 1.37108 1.84335 1.46873 1.40927 2.76788 1.97637 1.32517 1.60423 2.83937 3.18089 2.85266
threshold=0.0024500000290572648 1.0000000180025095e-35 0.0035500000230968003 0.0014000000082887711 0.046949999406933791 0.007849999703466894 0.063299998641014113 1.0000000180025095e-35 0.0018500000005587938 0.0013499999768100681 0.0029499999945983295 0.0018500000005587938 0.0072000001091510066 0.014549999963492157 1.0000000180025095e-35 0.0044499998912215242 1.0000000180025095e-35 0.018099999986588958 0.0036499999696388845 0.0047500000800937423 0.0095500000752508658 0.73349320888519298 0.0071499999612569818 0.087919201701879515 0.0064499999862164268 0.0066499998793005952 0.016449999995529655 0.0020500000100582842 0.0014499999815598132 1.0000000180025095e-35
decision_type=2 2 2 2 2 2 2 2 2 2 2 2 2 2 2 2 2 2 2 2 2 2 2 2 2 2 2 2 2 2
left_child=1 3 -2 4 5 6 7 8 9 10 11 12 13 14 15 17 -17 18 19 21 -21 22 25 -24 -25 26 -1 -28 -29 -30
right_child=2 -3 -4 -5 -6 -7 -8 -9 -10 -11 -12 -13 -14 -15 -16 16 -18 -19 -20 20 -22 -23 23 24 -26 -27 27 28 29 -31
leaf_value=0.003761114782053052 0.052511335940310988 -0.056167268060693491 -0.024513240434692662 0.051445376317895433 -0.049845187659862407 -0.034748425931493541 0.024236844981110114 -0.05200691723506972 -0.040528390848136454 -0.045605925626477181 0.038888106051753614 0.022345777237773017 -0.040128560631269537 -0.035220036536108605 0.043040356703369892 -0.041617881455710264 0.0065643372081162707 -0.031288968114015277 0.043200398236762187 0.038620534164401393 -0.039034640832971361 0.046607855971285646 0.055708704825423443 -0.030295560583586897 0.024097954925790834 0.045688992099195094 0.027073369819061728 -0.032797374530179189 0.032178384691253559 -0.02461406785461942
leaf_weight=97.914526201784611 1.3387569858459745 0.83924633893184264 0.55581111973151553 0.72950749704614182 0.82197968615218897 1.7114544197684143 4.0475471037207162 1.2287498514633615 1.8734971024096001 1.2964998898096372 1.8463375414721657 5.7542785085970527 2.1217764595057806 2.4265521492343387 2.0637880903668693 3.9687359901145092 2.5083817812846974 2.6977918660268179 1.98803579667583 4.5923960693180552 0.91675100754946459 1.6900999676436175 1.2551198936998833 11.014273598324506 1.9684452842921007 1.6667268872261036 4.3007858647033599 13.296142981387677 4.766921532340346 4.1239689011126757
leaf_count=798 52 12 19 21 10 50 73 11 36 17 15 137 22 32 21 77 44 18 21 38 9 15 7 87 20 10 23 121 31 37
internal_value=-1.16547e-05 -0.000317415 0.0299146 -6.34929e-05 -0.000267865 -4.52267e-05 0.000282317 -0.000264596 9.65385e-05 0.000533508 0.000879524 0.000469219 -0.000292415 0.000225627 0.000760743 0.000210817 -0.0229584 0.00119687 0.00178312 0.00122491 0.0256983 0.000275401 -0.000282707 -0.0151938 -0.0220484 0.0014013 0.000807944 -0.0101087 -0.0173162 0.00583566
internal_weight=187.325 185.43 1.89457 184.591 183.862 183.04 181.328 177.281 176.052 174.178 172.882 171.035 165.281 163.159 160.733 158.669 6.47712 152.192 149.494 147.506 5.50915 141.997 140.307 14.2378 12.9827 126.069 124.402 26.4878 22.187 8.89089
internal_count=1884 1813 71 1801 1780 1770 1720 1647 1636 1600 1583 1568 1431 1409 1377 1356 121 1235 1217 1196 47 1149 1134 114 107 1020 1010 212 189 68
is_linear=0
shrinkage=0.05


Tree=152
num_leaves=31
num_cat=0
split_feature=39 223 194 184 170 196 269 293 50 292 210 173 66 220 173 196 222 292 195 256 153 144 151 98 98 305 153 173 222 50
split_gain=0.683208 1.18273 0.996693 0.774267 0.742377 1.43851 1.09332 0.994303 1.34041 1.0925 0.984994 0.97328 1.28894 1.11952 1.50567 1.30022 1.9721 1.75669 1.99811 1.26097 1.23587 1.31049 1.4607 1.17715 1.08303 1.2957 1.05883 1.02973 2.12957 2.015
threshold=0.003249999950639904 0.0024500000290572648 1.0000000180025095e-35 0.0014000000082887711 0.1058499999344349 1.0000000180025095e-35 0.39209999144077307 0.0022500000195577745 0.010250000283122064 0.55884999036788952 0.0041000000201165685 0.018150000832974914 1.0000000180025095e-35 0.0013499999768100681 0.0001499999962106813 1.0000000180025095e-35 1.0000000180025095e-35 0.0021499999566003685 0.0021499999566003685 0.0046500000171363362 0.0011500000255182388 0.0015499999863095584 1.0000000180025095e-35 0.0013499999768100681 0.0023500000825151805 0.0016499999910593035 0.0021499999566003685 0.0010500000207684936 0.003249999950639904 0.002650000038556755
decision_type=2 2 2 2 2 2 2 2 2 2 2 2 2 2 2 2 2 2 2 2 2 2 2 2 2 2 2 2 2 2
left_child=1 2 3 4 6 -6 7 8 11 -10 -9 12 13 27 -15 16 17 -16 19 -19 -20 -22 -23 26 25 -21 -17 28 29 -1
right_child=-2 -3 -4 -5 5 -7 -8 10 9 -11 -12 -13 -14 14 15 23 -18 18 20 24 21 22 -24 -25 -26 -27 -28 -29 -30 -31
leaf_value=-0.00075624354358623384 -0.052245561154852731 0.043416709907381605 -0.055878997574011963 0.053095468876157438 0.040667818125537221 -0.042441249719283897 0.048526158833796622 0.043633819685227178 -0.047696053564827035 0.046289255757077104 -0.028457596804064469 0.053672666964947352 -0.036323432436243787 0.037630748474901221 -0.046946487568077046 0.039725782360497786 -0.043839109198015029 0.065735436768667999 -0.059860155451610268 -0.026244685683463137 0.052016754043592989 -0.03339092407486665 0.055935407501925272 0.044860483170841417 -0.033064690732157599 0.037521093492973168 -0.043506110262001907 -0.033125667402128182 0.031443924492953343 -0.030612259815530032
leaf_weight=130.1844104246702 0.62395613855915044 1.5670567384222511 0.80042444774880905 0.68501048907637496 0.66388349235057775 2.4134619366377592 1.1654636745806772 2.3190104628447439 2.3611275637522335 0.35579353384673584 0.59547892550472159 0.84074453078210254 2.4418003330938509 4.110787374898794 1.4565837201662422 0.66590116918086895 2.4099054993130258 1.6470510326325873 1.1210013302043078 0.9837446343153714 0.91597699373960528 2.4049536613747482 0.56521985679864872 3.2183168400079012 0.93560316693037737 4.1888085682876408 0.89658710360527039 2.5207901038229457 4.9164597736671558 5.9078117230674243
leaf_count=1048 39 60 11 20 6 26 17 112 69 7 22 12 40 30 12 6 23 6 9 11 6 25 4 22 8 37 11 33 43 109
internal_value=-1.32267e-05 0.000162693 -0.000206302 3.73488e-05 -0.000162124 -0.0245119 0.000256192 -5.99222e-05 -0.000542163 -0.0353882 0.0289043 7.20511e-06 -0.000255892 0.000265077 0.00991456 0.00459288 -0.00201396 0.0050748 0.0110121 0.026909 -0.0136095 -0.000268047 -0.0163922 0.0275731 0.0164395 0.0253938 -0.00803435 -0.00145066 -0.000884412 -0.0020523
internal_weight=185.883 185.259 183.692 182.892 182.207 3.07735 179.129 177.964 175.049 2.71692 2.91449 172.332 171.492 169.05 25.5204 21.4097 16.6288 14.2189 12.7624 7.75521 5.00715 3.88615 2.97017 4.78081 6.10816 5.17255 1.56249 143.529 141.009 136.092
internal_count=1884 1845 1785 1774 1754 32 1722 1705 1571 76 134 1495 1483 1443 210 180 141 118 106 62 44 35 29 39 56 48 17 1233 1200 1157
is_linear=0
shrinkage=0.05


Tree=153
num_leaves=31
num_cat=0
split_feature=144 1 105 116 63 33 188 109 269 196 144 2 109 232 6 243 279 256 292 218 218 246 196 247 209 209 188 217 246 217
split_gain=0.660309 0.815734 0.929655 0.815509 1.07751 1.44732 1.20993 1.06005 2.11835 2.09666 1.89143 2.36785 2.18354 1.44252 1.36819 1.12557 2.32815 2.64364 2.71567 3.38401 4.52903 2.38444 2.14611 2.02182 2.00295 2.72707 2.25915 1.94192 1.79079 1.69352
threshold=0.53134998679161083 0.0018500000005587938 0.0020500000100582842 0.62514999508857738 0.0063000000081956395 1.0000000180025095e-35 0.05829999968409539 0.0013499999768100681 1.0000000180025095e-35 0.012349999975413086 0.0015499999863095584 0.0029499999945983295 0.020449999719858173 0.031549999490380294 0.0029499999945983295 0.0010500000207684936 0.0010500000207684936 0.0017499999958090486 0.0030500000575557355 0.0031500000040978198 0.011750000063329937 0.0031500000040978198 0.0099499998614192026 0.0015499999863095584 0.0012500000302679839 0.0093999998643994349 0.016700000502169136 0.0014499999815598132 0.0041499999351799497 0.0011500000255182388
decision_type=2 2 2 2 2 2 2 2 2 2 2 2 2 2 2 2 2 2 2 2 2 2 2 2 2 2 2 2 2 2
left_child=1 3 -3 4 5 7 -7 15 9 -9 14 12 13 -12 -10 24 -17 23 -19 27 21 -21 29 -18 26 -26 -1 -20 -23 -22
right_child=-2 2 -4 -5 -6 6 -8 8 10 -11 11 -13 -14 -15 -16 16 17 18 19 20 22 28 -24 -25 25 -27 -28 -29 -30 -31
leaf_value=-0.0018916465329992371 -0.051735933392351247 0.043493111077662253 -0.057178221833114044 -0.05148386093961075 0.024283745372989968 -0.041492338468083798 0.049325298197056638 -0.049114900604699752 0.039935482235092357 0.029645920054016603 -0.044950508733583999 0.039716802181116478 0.042371250654787078 0.052974794551948937 -0.028277069826395725 0.046131858502693163 -0.050087018893742202 0.056371871814024047 -0.05137352772388263 0.058168736454366522 -0.023067195574988767 -0.04096816788290282 0.043918367796902953 0.018954755874530486 0.048419567832194345 -0.03920782743166823 -0.054041868230471496 0.023074802413966526 0.032061818067841343 0.0065885538061639676
leaf_weight=98.43375069659669 0.61498346971347828 1.8530909852124744 0.26171172317117442 0.771858372958376 4.4627843607449895 3.3114330528187561 0.41241764556616534 4.9619241845794049 3.6458934225374824 1.0184125956147907 5.4722813069820386 1.6688972781412301 0.98073571687564243 0.40382435871288169 0.92077673599123944 3.6584249660372725 3.540235210210084 2.8100651189452028 3.6770207835361353 6.2211613040417451 8.8636982194148057 1.2557578021660449 2.3205189680447793 1.5137805324047802 4.0047068875282994 1.1408136739628387 2.1214563073590389 1.1498153666034339 2.5319147827103734 10.53694392647594
leaf_count=805 21 38 5 15 72 139 5 131 31 10 73 20 10 7 9 22 12 28 26 35 70 9 36 12 30 14 15 18 26 140
internal_value=-1.2522e-05 0.000160423 0.0310348 -0.000198704 1.99498e-05 -0.000593291 -0.0314343 7.11302e-05 -0.0110472 -0.0357024 0.000214826 -0.013694 -0.0266937 -0.0382208 0.0261818 0.00145009 0.00779268 0.00463514 0.00900563 0.00536466 0.011298 0.0391263 -0.00152497 -0.0294076 -0.00143492 0.0289917 -0.00299188 -0.033639 0.00784959 -0.00696046
internal_weight=184.541 183.926 2.1148 181.811 181.039 176.577 3.72385 172.853 19.0727 5.98034 13.0924 8.52574 6.85684 5.87611 4.56667 153.78 48.0793 44.4209 39.3669 36.5568 31.73 10.0088 21.7212 5.05402 105.701 5.14552 100.555 4.82684 3.78767 19.4006
internal_count=1884 1863 43 1820 1805 1733 144 1589 291 141 150 110 90 80 40 1298 434 412 388 360 316 70 246 24 864 44 820 44 35 210
is_linear=0
shrinkage=0.05


Tree=154
num_leaves=31
num_cat=0
split_feature=179 25 226 218 218 280 153 269 47 197 149 292 216 74 74 144 238 249 271 308 149 247 25 163 309 308 151 25 155 2
split_gain=0.671579 1.29016 1.66966 1.26612 1.97261 1.66836 1.29131 1.14661 1.66187 1.0928 1.02228 1.33668 1.00998 0.88321 1.41266 1.29928 2.09204 2.56614 2.30451 2.27709 2.01773 2.34015 2.39985 2.80879 2.00494 2.34212 2.35635 2.64279 2.03552 2.15834
threshold=0.0010500000207684936 0.0013499999768100681 0.0022500000195577745 0.1143000014126301 0.056049998849630363 0.007299999939277769 0.088549997657537474 0.0019500000635161998 0.0010500000207684936 0.034549999982118614 0.0019500000635161998 0.15049999952316287 0.0015499999863095584 0.0024500000290572648 0.0011500000255182388 0.0010500000207684936 1.0000000180025095e-35 1.0000000180025095e-35 0.0034500000765547161 0.00079987500794231902 0.0012500000302679839 0.035849999636411674 0.0074499999172985562 0.0013499999768100681 0.95065855979919445 1.0000000180025095e-35 0.0010500000207684936 0.0020500000100582842 1.0000000180025095e-35 0.0019500000635161998
decision_type=2 2 2 2 2 2 2 2 2 2 2 2 2 2 2 2 2 2 2 2 2 2 2 2 2 2 2 2 2 2
left_child=9 -2 3 4 5 7 -6 8 -3 13 -9 -12 -4 14 15 -1 20 18 -18 -19 21 22 23 -17 28 26 27 -26 -22 -30
right_child=1 2 12 -5 6 -7 -8 10 -10 -11 11 -13 -14 -15 -16 16 17 19 -20 -21 24 -23 -24 -25 25 -27 -28 -29 29 -31
leaf_value=0.0020063418293706564 0.043502393250108184 -0.060416274887642389 -0.048666020560937863 0.049686465067552359 -0.048240102795646 -0.058283339131395995 0.02824421115917719 0.053015899902094002 0.055935583611765163 0.042430643313650519 -0.055924311867789338 0.04495608450788996 0.0016507485733244069 -0.03117771151038411 0.025658959199879313 -0.034404140471102032 -0.036947092546963003 0.022443684549971071 0.019334509378864329 -0.020118815544014266 0.044889409432422547 0.061166048938324405 0.034620287584765062 0.029185028656163587 0.052156057051507276 -0.036138166253666316 -0.052237859713390782 -0.053704528041012806 -0.041310636798754546 0.044550233469245033
leaf_weight=92.42339396616444 2.3717495406745028 0.7674571480602006 2.0342212426476176 1.9988995711319137 2.1509650051593785 0.61033789813518513 0.74230276234447945 3.622426294721663 0.5113971084356308 1.4344315914204333 0.57251109555363633 0.7699821125715971 1.956520961015485 2.4530583228915921 4.838536105817183 11.054675747407602 14.616070627467712 5.9433675461332296 2.0773021550849071 6.6679892931133509 6.3108113640919345 1.0317624944727857 1.9815787188708771 2.0602108594030133 3.38145605009049 3.5096782266627997 0.99060438433662046 0.71406806539744128 1.7367815431207421 1.2650619981577618
leaf_count=669 38 8 48 24 22 8 6 23 3 40 11 9 46 41 64 151 211 65 20 105 40 9 26 17 23 57 13 16 55 16
internal_value=-1.40409e-05 0.00912488 0.0039438 0.0134367 0.00600296 0.0206168 -0.0286171 0.0283294 -0.0138887 -0.00102014 0.0392039 0.00193527 -0.0239975 -0.00140239 -0.000947598 -0.00177408 -0.00729021 -0.0170832 -0.0299435 -6.03409e-05 0.00114131 -0.0116868 -0.0166659 -0.024415 0.0126942 -0.00471924 0.0169614 0.0336989 0.0287673 -0.00512643
internal_weight=182.6 18.1088 15.737 11.7463 9.74738 6.85411 2.89327 6.24377 1.27885 164.491 4.96492 1.34249 3.99074 163.056 160.603 155.765 63.3414 29.3047 16.6934 12.6114 34.0367 16.1282 15.0965 13.1149 17.9085 8.59581 5.08613 4.09552 9.31265 3.00184
internal_count=1884 246 208 114 90 62 28 54 11 1638 43 20 94 1598 1557 1493 824 401 231 170 423 203 194 168 220 109 52 39 111 71
is_linear=0
shrinkage=0.05


Tree=155
num_leaves=31
num_cat=0
split_feature=87 217 174 74 218 179 215 243 195 132 149 253 116 218 306 243 306 256 204 204 204 32 267 292 256 246 153 195 215 188
split_gain=0.675205 1.02087 1.2904 1.16692 1.11745 1.02848 1.02412 1.37001 2.03927 1.01324 1.06246 0.902391 1.08373 0.88109 2.22356 2.07175 1.7847 2.64938 2.70454 2.19479 2.67426 2.14532 1.65009 2.34606 3.03001 3.03573 1.68367 1.47044 1.43026 1.42951
threshold=0.038150001317262656 0.018050000071525577 0.0012500000302679839 0.0024500000290572648 0.14469999819993976 0.002650000038556755 0.0014499999815598132 0.0015499999863095584 0.0015499999863095584 0.0017499999958090486 0.063499998301267638 0.0077999997884035119 0.0010500000207684936 1.0000000180025095e-35 0.012880790513008835 1.0000000180025095e-35 0.021205288358032707 0.0018500000005587938 0.007849999703466894 0.0023500000825151805 0.0014499999815598132 0.0047000001650303611 0.0016499999910593035 0.0010500000207684936 0.016749999485909942 0.0042499999981373557 0.0067499999422580012 0.0021499999566003685 1.0000000180025095e-35 0.0010500000207684936
decision_type=2 2 2 2 2 2 2 2 2 2 2 2 2 2 2 2 2 2 2 2 2 2 2 2 2 2 2 2 2 2
left_child=1 2 3 4 6 -5 9 8 -8 10 13 -6 -13 15 28 22 19 18 -18 20 21 -16 23 26 25 -25 29 -20 -15 -1
right_child=-2 -3 -4 5 11 -7 7 -9 -10 -11 -12 12 -14 14 16 -17 17 -19 27 -21 -22 -23 -24 24 -26 -27 -28 -29 -30 -31
leaf_value=-0.001079115388492956 0.043996212328621068 -0.038840908659102037 0.052246295374498264 -0.050550851647069954 0.049878021655012025 0.043791942877190147 -0.054817866115635008 0.046557863861240667 0.052950222123498605 -0.039361735190604437 0.024677920282373325 -0.051728029482499195 0.04951409153776859 -0.052424090667930627 0.024368945303380424 0.049534265153990863 -0.048648005882217495 -0.0014526383128708644 -0.027148038991348423 -0.061924777564918265 0.077266489280611805 -0.055524721742141105 0.039404949634452922 -0.050694462901075682 0.040217571833409987 0.0808615349116934 0.05983180473296832 0.056181910530748495 0.062860087474201493 0.049234541609049505
leaf_weight=14.363152729347361 0.86726882867514987 1.6955960985505942 1.1803051275201131 1.8905958691611879 2.0078060212545092 0.34098190069198597 1.0563092515803862 2.619500836241059 0.75110753520857532 1.6960383384139266 4.0809505279175928 0.59757410665042676 0.47397896833717823 3.1489509618841107 4.9308048859238607 2.5648052851902312 5.8936144076287729 111.29238091834122 0.99618021398782763 0.74773575365543354 2.0265541318804026 1.0128470323979852 2.7374377141240975 5.5853671077638856 1.4445288116112349 0.47587314620614041 1.4676875034347165 1.1298228390514848 0.29417264461517323 1.5656213760375965
leaf_count=83 11 31 52 29 41 4 10 62 10 59 44 8 5 52 28 25 69 1085 8 5 9 4 44 62 14 2 13 6 1 8
internal_value=-1.54338e-05 -0.000227409 0.000139648 -0.000207442 0.00025081 -0.0361354 -0.000284038 0.0234531 -0.0100327 -0.000911566 -0.000518145 0.0301045 -0.00694571 -0.00115413 -0.00292331 0.00654671 -0.00185696 -0.0034527 -0.0312086 0.019982 0.0276662 0.0107544 0.00255771 -0.00149281 -0.0248571 -0.0403659 0.00858781 0.017136 -0.0425745 0.00386616
internal_weight=180.936 180.068 178.373 177.192 174.961 2.23158 171.881 4.42692 1.80742 167.455 165.758 3.07936 1.07155 161.678 131.473 30.2045 128.03 119.312 8.01962 8.71794 7.97021 5.94365 27.6397 24.9022 7.50577 6.06124 17.3965 2.126 3.44312 15.9288
internal_count=1884 1873 1842 1790 1757 33 1703 82 20 1621 1562 54 13 1518 1267 251 1214 1168 83 46 41 32 226 182 78 64 104 14 53 91
is_linear=0
shrinkage=0.05


Tree=156
num_leaves=31
num_cat=0
split_feature=120 220 223 194 39 271 223 197 295 300 306 223 149 43 87 234 120 217 174 308 307 279 251 243 289 47 47 47 96 306
split_gain=0.63547 0.741522 0.715544 0.896411 0.817099 0.736984 0.928221 0.945531 0.880544 0.951604 1.12437 0.924053 0.899103 1.63294 0.958637 0.835397 0.806236 0.795251 1.00858 1.14753 2.94653 1.93473 1.56417 1.30916 2.42521 1.90673 1.84281 2.06466 1.74647 3.18951
threshold=0.26254999637603765 0.0046500000171363362 0.0024500000290572648 1.0000000180025095e-35 0.0058500000741332778 0.071900002658367171 0.0013499999768100681 0.0011500000255182388 0.0073999997694045314 0.0020500000100582842 0.76164582371711742 0.0010500000207684936 0.063499998301267638 0.0050500000361353168 0.032949998974800117 0.046949999406933791 0.00335000001359731 0.018050000071525577 0.0012500000302679839 0.00079996499698609125 0.0080343857407569903 0.0081500001251697558 1.0000000180025095e-35 0.0010500000207684936 1.0000000180025095e-35 0.0010500000207684936 0.0017499999958090486 1.0000000180025095e-35 0.0010500000207684936 0.004194896202534438
decision_type=2 2 2 2 2 2 2 2 2 2 2 2 2 2 2 2 2 2 2 2 2 2 2 2 2 2 2 2 2 2
left_child=2 -2 3 5 -4 6 8 -8 9 10 11 12 14 -14 15 17 -11 18 19 22 -21 -22 23 26 25 -25 27 28 -1 -30
right_child=1 -3 4 -5 -6 -7 7 -9 -10 16 -12 -13 13 -15 -16 -17 -18 -19 -20 20 21 -23 -24 24 -26 -27 -28 -29 29 -31
leaf_value=-0.0041082540905110791 -0.049155409152214558 0.052675001754361239 0.046904197677035644 -0.055352497349016573 -0.052002901748550934 0.047467920588786898 -0.063402457422881378 0.035782621174542659 0.052136960551423112 0.051669794031039384 0.033279547210313003 0.055280408875466674 0.033408510547908013 -0.050540769351653893 0.062639303648839073 -0.05679323951693567 -0.041232105157821941 -0.046943329582889846 0.052537428103920848 -0.047646877446839896 0.013941046487120225 -0.021263954399489235 0.044659046692764111 0.016530937588316821 -0.045672061303144829 -0.012770855739241686 0.031829289531893734 -0.040485875600122068 0.1687051825391343 0.014935243102880786
leaf_weight=88.491195374226663 1.1782971194479603 0.21075192838907231 1.4461673947516818 0.73011702205985685 0.2440533349290489 0.81957154115661879 1.0634924117475737 0.31041816202923644 0.81436555145773937 0.26196425990201477 2.5709649389609686 0.7515170443803062 4.0138086508959523 0.67695873894263048 0.59124840516596933 0.6715858643874516 2.1519883400760591 0.9328368934802701 0.88659903081133862 4.5179843110963729 8.7004227143479493 7.0769531535916022 1.9930408021900792 29.039385962532833 1.9978379677049805 6.8642222145572296 3.6611308082938185 3.7892150308471164 0.38566825166344587 2.6847958210855722
leaf_count=795 40 3 59 12 9 21 12 11 56 14 44 7 41 21 3 6 30 10 24 63 106 99 19 205 22 60 23 44 2 23
internal_value=-1.75363e-05 -0.0337053 0.000245145 -6.50033e-05 0.0326229 0.000164717 -5.69432e-05 -0.0409928 0.000267171 2.25959e-05 0.00046447 -3.85307e-05 -0.000287509 0.0212932 -0.000911291 -0.00114367 -0.0311503 -0.000911569 -0.000643341 -0.000939506 -0.0120451 -0.00185018 0.000683105 4.29498e-05 0.00794537 0.0109289 -0.00298207 -0.0043187 -0.00282195 0.0342496
internal_weight=179.529 1.38905 178.14 176.449 1.69022 175.719 174.9 1.37391 173.526 172.711 170.297 167.726 166.975 4.69077 162.284 161.693 2.41395 161.021 160.088 159.202 20.2954 15.7774 138.906 136.913 37.9014 35.9036 99.012 95.3509 91.5617 3.07046
internal_count=1884 43 1841 1773 68 1761 1740 23 1717 1661 1617 1573 1566 62 1504 1501 44 1495 1485 1461 268 205 1193 1174 287 265 887 864 820 25
is_linear=0
shrinkage=0.05


Tree=157
num_leaves=31
num_cat=0
split_feature=295 99 195 295 308 99 216 202 238 306 218 309 195 182 256 207 293 149 149 307 256 2 304 256 216 43 256 267 267 305
split_gain=0.630114 1.29506 1.12818 1.04409 0.96654 0.902375 1.99231 2.27446 2.14292 1.7299 1.675 2.00705 3.2624 2.44347 1.65564 1.62805 1.81588 1.59598 2.03669 1.69421 1.54981 1.4902 1.48447 1.52677 3.49826 1.91669 1.60893 1.74919 2.62633 2.32928
threshold=0.0024500000290572648 0.0010500000207684936 1.0000000180025095e-35 0.0023500000825151805 0.0010497550829313698 0.0018500000005587938 0.0012500000302679839 1.0000000180025095e-35 0.048899998888373382 0.12097691372036935 0.016449999995529655 0.96922358870506298 0.0012500000302679839 0.0043500000610947618 0.044699998572468765 0.0034500000765547161 0.0018500000005587938 0.02055000048130751 0.033050000667572028 0.020191547460854057 0.0039500000420957812 1.0000000180025095e-35 0.0011500000255182388 0.014349999837577345 0.0012500000302679839 0.0015499999863095584 0.013449999969452621 0.0056499999482184657 0.0042499999981373557 0.0013499999768100681
decision_type=2 2 2 2 2 2 2 2 2 2 2 2 2 2 2 2 2 2 2 2 2 2 2 2 2 2 2 2 2 2
left_child=3 2 4 5 -2 14 7 8 10 -8 11 17 13 -13 21 16 -11 19 -19 -7 -14 22 23 25 -25 26 27 28 29 -1
right_child=1 -3 -4 -5 -6 6 9 -9 -10 15 -12 12 20 -15 -16 -17 -18 18 -20 -21 -22 -23 -24 24 -26 -27 -28 -29 -30 -31
leaf_value=-0.0017360218468707351 -0.045106838117089987 0.042502869983299468 0.030391679369545229 -0.039781382190239689 0.05124338642111706 -0.050813078528185132 0.044425896757685851 0.0052673143549735665 0.033644459176824744 -0.022363723038855893 -0.035170153648068407 -0.053233210777530154 -0.051996380996219539 0.020622155335377802 0.049877826505460104 0.024076903551495086 0.035858796246970533 0.055914672581488994 -0.052457368832876418 -0.012867914388385464 0.045151415728945619 -0.037554339457819483 0.044210110531769972 0.041183144760074668 -0.026701563653808616 -0.053984147931802756 -0.057387894045365345 0.022403775176372293 -0.050391650245351242 0.031372640867395753
leaf_weight=63.432251058518887 1.6047890642657869 2.5906970052747056 1.3353956186911089 1.680806569289415 0.31067859532777209 5.5324540348956379 3.073902344331148 18.277111645787954 2.0230983495712271 6.7623005313798767 11.206809918396173 2.7713699310552311 0.45465247146785248 1.879361354280263 1.8412420344538976 5.5297480653971425 1.6699033626355229 1.2567392936907698 0.66186762275174249 6.2817557802191004 4.2309126742184162 2.3222349411807945 2.1346719508292145 6.5080561488866788 2.6790080051869154 1.6175181074067939 1.1640516314655531 9.1512274160049838 2.5747990263625971 5.7978058187291017
leaf_count=431 18 70 42 12 34 125 15 232 18 94 130 41 19 24 52 80 21 8 17 101 31 23 27 49 18 14 8 72 25 33
internal_value=-1.94181e-05 0.016131 -0.00488542 -0.000566288 -0.0294793 -0.00018046 -0.00445794 -0.0091174 -0.0163603 0.0104691 -0.0193118 -0.0116079 0.00627861 -0.0233882 0.00290672 0.00299311 -0.0108334 -0.0237682 0.0185292 -0.0306372 0.0357249 0.00201862 0.00298536 0.00203834 0.0213875 -8.45072e-05 0.000977153 0.00181637 -0.000807406 0.00103673
internal_weight=178.357 5.84156 3.25086 172.516 1.91547 170.835 71.612 54.5761 36.299 17.0359 34.2759 23.0691 9.3363 4.65073 99.2229 13.962 8.4322 13.7328 1.91861 11.8142 4.68557 97.3816 95.0594 92.9247 9.18706 83.7377 82.1201 80.9561 71.8049 69.2301
internal_count=1884 164 94 1720 52 1708 956 746 514 210 496 366 115 65 752 195 115 251 25 226 50 700 677 650 67 583 569 561 489 464
is_linear=0
shrinkage=0.05


Tree=158
num_leaves=31
num_cat=0
split_feature=144 123 305 182 243 218 195 196 217 304 129 169 246 158 182 204 237 279 102 25 182 308 87 238 308 6 120 170 279 220
split_gain=0.624235 1.92287 2.30862 2.40794 2.29349 2.39978 2.05703 1.93346 1.827 1.58968 1.54183 1.4112 1.9707 2.14609 1.72847 1.73049 2.94398 2.12698 2.13842 2.06419 2.5282 2.10452 2.0027 1.885 1.75868 1.41105 1.5837 1.4992 3.09858 2.05446
threshold=0.0010500000207684936 0.0013499999768100681 0.0017499999958090486 0.0018500000005587938 0.0012500000302679839 0.0055499998852610597 0.065250001847744002 0.0060499999672174462 0.0016499999910593035 1.0000000180025095e-35 0.0051500000990927228 0.0021499999566003685 0.0011500000255182388 1.0000000180025095e-35 0.0040500001050531873 0.0036499999696388845 0.0043500000610947618 0.0018500000005587938 0.0010500000207684936 0.0013499999768100681 0.0011500000255182388 0.00039994499820750212 0.0014499999815598132 0.0031500000040978198 0.00069996999809518467 0.002549999975599349 1.0000000180025095e-35 1.0000000180025095e-35 0.0085500003769993799 0.0010500000207684936
decision_type=2 2 2 2 2 2 2 2 2 2 2 2 2 2 2 2 2 2 2 2 2 2 2 2 2 2 2 2 2 2
left_child=1 2 6 10 5 -5 7 9 -3 11 -4 14 13 -13 15 16 22 -18 24 21 -21 -17 23 25 -19 26 27 28 29 -1
right_child=-2 8 3 4 -6 -7 -8 -9 -10 -11 -12 12 -14 -15 -16 19 17 18 -20 20 -22 -23 -24 -25 -26 -27 -28 -29 -30 -31
leaf_value=-0.011719789995259466 -0.0032079004989192892 -0.050817376569312706 0.044451348093041999 0.055103252321825093 0.03430228121469147 -0.033865971036134736 -0.055252320282292836 0.053842191304927227 0.041399584168646274 0.057511748304754244 -0.020842877605689706 -0.049651066425880061 0.06067791019730634 0.041103340277056567 -0.043199174260413628 0.043156405387190726 -0.058733097450277265 0.026988527623024186 -0.049500562038940217 -0.064924210559201265 0.02816355331607804 -0.027482189878188647 0.040666763541078337 0.047097301321579528 -0.053364492574128432 -0.055048216254202635 0.028012989458398575 -0.053415950782476546 0.065863902812142883 0.039058595188980305
leaf_weight=24.959683651570241 82.177956895669922 2.8600489338859911 8.484852314693855 0.91139005927834471 3.2399869424989447 4.5014333390863612 1.6362264985218633 1.7184392809867848 0.66128950752317894 1.1872750266920764 1.0119517222046841 1.2919772397726768 2.1620370522141457 1.3138359263539312 2.5437951867934308 6.2532408088445646 3.7720992024987918 3.2616574112325907 2.3563297633081675 1.4563108477741482 1.4613036289811132 1.2682580803520975 2.9673166926950207 1.8560671228915442 0.86064248159527768 1.3336326600983728 3.7537608770653597 1.6068483572453249 1.5126114487647999 2.1647192924283436
leaf_count=136 1126 28 75 25 96 47 15 11 5 15 8 14 9 8 28 33 35 18 13 12 8 9 19 11 8 14 23 11 5 19
internal_value=-2.18634e-05 0.00275259 0.00415775 0.0201098 0.0010302 -0.0188857 0.000175199 0.00145144 -0.0334995 0.000153113 0.0374938 -0.00084607 0.0253873 -0.00389322 -0.00281926 -0.00113105 -0.00496845 -0.0288845 -0.0115055 0.0173979 -0.0183007 0.0312455 0.00113687 -0.00201737 0.0102126 -0.00459752 -0.00261848 -0.00642035 -0.00378339 -0.00766732
internal_weight=176.547 94.369 90.8477 18.1496 8.65281 5.41282 72.6981 71.0618 3.52134 69.3434 9.4968 68.1561 4.76785 2.60581 63.3883 60.8445 50.4054 10.2507 6.47863 10.4391 2.91761 7.5215 40.1546 37.1873 4.1223 35.3313 33.9976 30.2439 28.637 27.1244
internal_count=1884 758 725 251 168 72 474 459 33 448 83 433 31 22 402 374 312 74 39 62 20 42 238 219 26 208 194 171 160 155
is_linear=0
shrinkage=0.05


Tree=159
num_leaves=31
num_cat=0
split_feature=247 237 222 204 218 292 218 195 32 234 237 232 243 218 25 267 237 207 47 32 267 237 232 43 232 153 153 6 176 173
split_gain=0.606536 1.82394 1.68483 2.11382 1.89802 1.67118 1.66079 1.73964 2.0407 2.05805 1.81396 2.64275 2.72561 2.3258 3.28896 3.38374 1.83136 3.02891 2.80363 3.38004 2.27411 1.92736 1.8617 2.08862 1.73017 1.62722 1.93959 1.99357 1.92199 1.83721
threshold=0.0068500000052154073 0.0041499999351799497 0.0010500000207684936 0.0084500000812113302 0.0041499999351799497 0.0056499999482184657 0.12215000018477441 0.0020500000100582842 0.0010500000207684936 0.0036500000860542063 0.0016499999910593035 0.0227000005543232 0.0012500000302679839 1.0000000180025095e-35 0.0015499999863095584 0.0056499999482184657 0.00335000001359731 1.0000000180025095e-35 0.0010500000207684936 0.002650000038556755 0.0013499999768100681 0.0043500000610947618 0.0023500000825151805 0.0017499999958090486 1.0000000180025095e-35 0.014099999796599151 0.0024500000290572648 0.0027499999850988392 0.0012500000302679839 0.00035000000207219278
decision_type=2 2 2 2 2 2 2 2 2 2 2 2 2 2 2 2 2 2 2 2 2 2 2 2 2 2 2 2 2 2
left_child=2 -2 6 4 -4 -5 7 10 9 -9 13 16 -13 -1 15 -15 18 20 19 24 -18 -22 -19 -24 -12 26 28 -28 29 -3
right_child=1 25 3 5 -6 -7 -8 8 -10 -11 11 12 -14 14 -16 -17 17 22 -20 -21 21 -23 23 -25 -26 -27 27 -29 -30 -31
leaf_value=0.0083791992675406653 -0.02708752484459602 0.0048832632730789185 0.031707128520495835 0.046633230583334295 -0.05472374356594667 -0.01306101361876838 0.055708758494710166 -0.001735804178622462 -0.045668404196068907 -0.042466756749205276 -0.017834345819247057 -0.033537790434819914 0.035823534468912593 -0.037606602154432567 0.013936242350027807 0.071560647264060459 -0.039244617758881481 -0.017220954676002931 -0.035612745523681523 -0.019372500091692571 -0.049595515750742371 0.041425188754696057 0.047614409145838865 -0.052288524681327234 0.065167209920144797 -0.0030254790519734271 0.041057267207308089 -0.011520156299044066 0.039493550245366348 -0.047297262331363561
leaf_weight=20.541306268656626 4.0336801914963862 6.0109951915219444 0.73620986624155005 1.4352067741565404 4.6290718861855567 6.4043025370920077 1.3302814732305694 35.354708760627545 3.4073898871429256 3.3995321085676542 0.686615776037799 5.1693365164101115 1.9508559555979443 11.591887191403657 6.1071675072889766 0.7561284373514362 4.1526720242109176 1.7940188873326386 1.2314699115231622 1.7095013270154584 0.78592082578688893 2.2371011888608336 6.6183459878666326 0.56807508692145336 7.3358779484406114 18.111567162908614 9.5610178699716908 2.2218849305063477 2.5960381251061326 2.3449272187426686
leaf_count=128 74 48 9 11 40 117 16 461 44 53 13 38 26 91 69 4 24 24 13 10 9 27 55 4 33 260 82 28 45 28
internal_value=-2.31477e-05 0.00498808 -0.00175407 -0.0186823 -0.0428639 -0.00213258 0.000160914 -0.000479429 -0.00857049 -0.00530873 0.00417854 0.0125764 -0.0145335 -0.00319495 -0.0160774 -0.0309218 0.019694 0.00899066 0.0354669 0.0444612 -0.0152286 0.0177618 0.0283427 0.0397172 0.0580634 0.00815562 0.017063 0.0311428 0.00191485 -0.00976019
internal_weight=174.813 44.8801 129.933 13.2048 5.36528 7.83951 116.728 115.398 42.1616 38.7542 73.2363 34.2398 7.12019 38.9965 18.4552 12.348 27.1196 16.1561 10.9635 9.732 7.17569 3.02302 8.98044 7.18642 8.02249 40.8464 22.7349 11.7829 10.952 8.35592
internal_count=1884 565 1319 177 49 128 1142 1126 558 514 568 276 64 292 164 95 212 143 69 56 60 36 83 59 46 491 231 110 121 76
is_linear=0
shrinkage=0.05


Tree=160
num_leaves=31
num_cat=0
split_feature=186 179 25 226 216 269 106 106 153 237 50 308 238 213 167 224 42 232 4 120 267 237 273 182 6 269 109 109 107 204
split_gain=0.617444 0.639751 1.15164 1.48288 1.25699 1.08787 1.73629 1.70494 1.36618 1.07015 0.923959 1.08528 1.17527 1.1055 1.06576 0.920059 0.887719 1.6712 0.936864 1.09864 1.57981 1.51818 1.7339 1.44718 1.34633 1.29782 1.20948 1.32718 1.42862 2.17348
threshold=0.013999999966472389 0.0010500000207684936 0.0013499999768100681 0.0013499999768100681 0.0015499999863095584 0.0019500000635161998 0.0021499999566003685 0.0038499999791383748 0.074099998921155943 0.012850000057369472 0.0058000001590698966 0.0094331176951527613 0.086449999362230315 0.0045499999541789302 0.0017499999958090486 0.11890000104904176 1.0000000180025095e-35 0.010449999943375589 0.0011500000255182388 0.0087500000372529047 1.0000000180025095e-35 0.011049999855458738 0.0038499999791383748 0.0072500000242143878 0.028450000099837783 0.046199999749660499 0.019399999640882019 0.0011500000255182388 0.0010500000207684936 0.0011500000255182388
decision_type=2 2 2 2 2 2 2 2 2 2 2 2 2 2 2 2 2 2 2 2 2 2 2 2 2 2 2 2 2 2
left_child=1 10 -3 5 -5 7 -7 -4 -8 -10 11 12 15 -13 -12 16 18 -18 19 24 -21 22 -22 -23 25 26 27 28 -1 -30
right_child=-2 2 3 4 -6 6 8 -9 9 -11 14 13 -14 -15 -16 -17 17 -19 -20 20 21 23 -24 -25 -26 -27 -28 -29 29 -31
leaf_value=0.0039950725149716917 0.054254904552249884 0.042163063638655893 -0.058991079298362274 -0.042944605292791038 0.0086753053646388863 0.038127921170856408 -0.042218704423074647 0.055354578086713548 -0.051401997206861949 0.053336777703698546 -0.032022822733843138 0.0442490026458216 -0.043385008053089702 -0.047805484960405792 0.058720934841337662 -0.055959002415799576 -0.052792554071002487 0.045463205051365647 0.036840521603172666 -0.050307348580717316 0.015240393579442332 -0.054411298866652726 -0.049528179812304937 0.012864431433417476 -0.052419129388394436 0.060815204975437298 0.058791126923634029 -0.017633785081488596 0.001443252535012808 -0.04656127418770388
leaf_weight=105.31906310329214 0.52235536638181557 2.271774887689392 1.0613063303753723 2.5519440132193258 2.1926057781092823 5.5786851909942907 1.5194335486739876 0.47052210569381703 0.32394087594002463 0.98673345521092415 3.8335499653476282 2.2815557498252015 1.6267710048705328 0.3805402680300175 0.35339757800102223 0.74812822369858523 1.8849107008427375 0.56173631292767812 1.7180471550673235 2.4130390335340044 7.1172492472105642 2.4865351188927884 1.2088281225878743 1.1781004143413154 1.1612749211490143 0.92057055374607344 0.90603614412248035 9.0439373143017274 6.6835727468132955 3.6432430024724454
leaf_count=769 16 38 12 53 50 55 18 3 6 10 118 56 20 10 2 8 37 7 22 52 107 39 45 17 28 20 7 147 61 51
internal_value=-2.37294e-05 -0.000188163 0.00903378 0.00390873 -0.0190894 0.0148855 0.0219453 -0.0238682 -0.00995388 0.02745 -0.00119399 -0.000552741 -0.00111953 0.03109 -0.0243636 -0.000651778 -0.000368851 -0.0302336 0.000139276 -0.000304515 -0.0133948 -0.0059664 0.00583692 -0.0327836 0.00117224 0.00166415 0.00123059 0.00081234 0.0022549 -0.0154925
internal_weight=172.949 172.427 16.9569 14.6852 4.74455 9.94062 8.40879 1.53183 2.83011 1.31067 155.47 151.283 148.621 2.6621 4.18695 146.994 146.246 2.44665 143.799 142.081 14.4038 11.9907 8.32608 3.66464 127.678 126.516 125.596 124.69 115.646 10.3268
internal_count=1884 1868 245 207 103 104 89 15 34 16 1623 1503 1437 66 120 1417 1409 44 1365 1343 260 208 152 56 1083 1055 1035 1028 881 112
is_linear=0
shrinkage=0.05


Tree=161
num_leaves=31
num_cat=0
split_feature=205 87 217 174 74 215 243 195 179 265 171 247 222 163 144 237 196 153 253 306 144 306 32 238 232 87 182 195 153 247
split_gain=0.603367 0.702943 0.951651 1.0845 0.997445 1.03605 1.45746 1.77137 0.916868 0.855924 1.01834 0.788412 2.23279 2.14771 2.34565 2.08223 2.49823 1.67457 2.72166 2.29183 1.62787 1.66573 1.51626 1.4737 1.78922 1.66979 1.34253 1.31957 1.56911 2.20871
threshold=0.0013499999768100681 0.038150001317262656 0.018050000071525577 0.0012500000302679839 0.0024500000290572648 0.0014499999815598132 0.0015499999863095584 0.0015499999863095584 0.002650000038556755 0.0014499999815598132 1.0000000180025095e-35 0.0069500000681728133 0.0010500000207684936 0.0052499999292194852 0.0015499999863095584 0.0074499999172985562 0.0073500000871717939 0.014099999796599151 0.0027499999850988392 0.17079804837703708 0.0023500000825151805 0.18418640643358233 0.0075499999802559623 0.0013499999768100681 0.0022500000195577745 0.0044499998912215242 0.0024500000290572648 0.003249999950639904 0.0056499999482184657 0.0010500000207684936
decision_type=2 2 2 2 2 2 2 2 2 2 2 2 2 2 2 2 2 2 2 2 2 2 2 2 2 2 2 2 2 2
left_child=1 2 3 4 5 9 7 -7 -6 10 11 12 27 26 -15 16 23 18 20 -19 -17 -22 -20 24 25 -13 -14 28 29 -1
right_child=-2 -3 -4 -5 8 6 -8 -9 -10 -11 -12 15 13 14 -16 17 -18 19 22 -21 21 -23 -24 -25 -26 -27 -28 -29 -30 -31
leaf_value=-0.0043214311193910558 0.036738508514336431 0.04859244129298964 -0.040059382277601099 0.052161993045105132 -0.050146402063909537 -0.054408855879130941 0.051025729235818953 0.050777708832592965 0.042993365349964716 0.052136107560396897 -0.051785847979654756 -0.061077157623332594 -0.058876335101994581 0.057353218972758448 -0.032111400294330968 0.046525636892787131 0.042021050862352305 -0.05270742953939838 -0.016921978581390988 0.0069421175044827969 -0.056636765776636691 0.0395420187549834 0.04966591169257218 -0.05302423070265571 0.039631574270658831 0.065034400423264069 -0.017560078642671225 -0.008429782470518201 0.017166985331090453 0.023374612826343982
leaf_weight=51.30190401209984 1.1087875216035161 0.73303721100091834 1.5049642608501006 0.98600922699551929 1.6851210272870947 0.96092655044048958 2.299057110096328 0.68596837040968239 0.31336144730448712 0.76504718058276822 0.97629599645733733 1.433754512923769 3.8620660793967527 1.454961992800236 1.4758114777505396 8.7666898837778771 1.4574380009435115 1.8640958904288698 4.7676589827751732 11.827715116785837 0.84814081247895845 0.95943570788949728 1.0417066793888805 3.4106735717505217 1.286683860234916 0.3212980031967162 4.0052326968871057 35.087977613322437 16.070277082850225 8.3734522683080268
leaf_count=333 76 9 23 38 29 9 59 8 4 33 7 24 31 8 20 56 14 33 42 141 12 9 8 58 16 1 53 484 177 69
internal_value=-2.60512e-05 -0.000265099 -0.000476028 -0.000122044 -0.000430183 -5.68984e-06 0.025307 -0.0105963 -0.0355421 -0.0006247 -0.000876047 -0.000564657 -0.00252843 -0.0242321 0.0123027 0.00572349 -0.0171035 0.011727 0.0225125 -0.00117898 0.0376175 -0.00558645 -0.00498177 -0.0304583 -0.00515525 -0.0379899 -0.0378423 -0.000413929 0.00329929 -0.000435212
internal_weight=171.636 170.527 169.794 168.289 167.303 165.304 3.94595 1.64689 1.99848 161.358 160.593 159.617 121.632 10.7981 2.93077 37.9853 7.90985 30.0754 16.3836 13.6918 10.5743 1.80758 5.80937 6.45241 3.04174 1.75505 7.8673 110.834 75.7456 59.6754
internal_count=1884 1808 1799 1776 1738 1705 76 17 33 1629 1596 1589 1175 112 28 414 113 301 127 174 77 21 50 99 41 25 84 1063 579 402
is_linear=0
shrinkage=0.05


Tree=162
num_leaves=31
num_cat=0
split_feature=120 220 120 223 194 39 142 288 234 179 263 179 153 269 279 306 25 197 223 209 209 256 188 120 99 182 188 243 243 305
split_gain=0.591153 0.681827 0.66673 0.653591 0.825532 0.740515 0.699304 0.660809 0.837769 0.659033 0.865839 1.06339 0.913772 0.955639 1.09226 1.17031 1.22321 0.830739 0.877882 0.835459 0.8755 1.62976 1.61575 1.20134 1.15615 2.00751 1.88462 1.88999 2.4718 2.62023
threshold=0.26254999637603765 0.0046500000171363362 0.21959999948740008 0.0024500000290572648 1.0000000180025095e-35 0.0058500000741332778 0.0011500000255182388 0.0012500000302679839 0.046949999406933791 0.0011500000255182388 1.0000000180025095e-35 0.015099999960511925 0.19025000184774402 0.002549999975599349 0.0072500000242143878 0.43259485065937048 0.0069500000681728133 0.058399999514222152 0.0013499999768100681 0.014549999963492157 0.0020500000100582842 0.0016499999910593035 0.014599999878555538 0.0028499999316409235 0.0018500000005587938 0.0043500000610947618 1.0000000180025095e-35 0.0024500000290572648 0.0034500000765547161 0.0016499999910593035
decision_type=2 2 2 2 2 2 2 2 2 2 2 2 2 2 2 2 2 2 2 2 2 2 2 2 2 2 2 2 2 2
left_child=2 -2 3 4 6 -5 7 8 9 17 12 -12 13 -11 -15 -16 -17 18 19 20 22 -22 24 -23 26 -26 27 -1 -29 -30
right_child=1 -3 -4 5 -6 -7 -8 -9 -10 10 11 -13 -14 14 15 16 -18 -19 -20 -21 21 23 -24 -25 25 -27 -28 28 29 -31
leaf_value=-0.0014633081174170385 -0.048955961326334743 0.052465682504453985 0.053958874340731579 0.046016914286579551 -0.055011547925806425 -0.051835037283645205 -0.047900937833691523 0.044913761434198188 -0.056592449055699962 -0.039576961206542173 0.034824904220030879 -0.036319829373082271 -0.026373112987986315 0.039129712938552247 -0.044934854863422115 0.053640543708778791 -0.031429858830134709 0.043105346665696341 -0.051288335547232056 -0.03703036635111373 -0.051693682532299882 0.056880121724590352 -0.041766902270757487 0.0020202895895909674 -0.01406117758354453 0.007181522769504599 0.037606110346174532 0.059376184371332408 -0.0081807299794877004 0.058937611570684861
leaf_weight=74.939487313153222 1.1000513524049882 0.19510162249207486 0.5754603948444118 1.3547551021329116 0.68552496877964486 0.22553306957706798 0.75938691722694684 0.82183104148134489 0.65212351270019908 0.83577120490371992 4.6121815497754133 0.59272768907248963 2.2646766745019704 2.9242699886672199 1.0953172557055952 1.0926337607670573 0.6890252282610162 1.0705674699274812 0.86615489143878122 1.5745367917697866 0.66608355659991403 2.2646246766671538 2.4033291677478692 1.7840891435043884 31.718905380461365 17.12746998691 3.7569422468077383 2.9945922344923011 6.6284156497567874 1.8627529913792384
leaf_count=584 40 3 4 59 12 9 35 45 7 9 44 6 44 27 15 15 14 19 7 20 3 19 21 32 398 256 30 20 45 42
internal_value=-2.66641e-05 -0.0336778 0.000231471 4.77242e-05 -0.0002557 0.0320518 -2.95732e-05 0.000190429 -3.31187e-05 0.000192105 0.0105233 0.026723 0.00105121 0.0104089 0.0176103 -0.00426295 0.0207411 -0.000781706 -0.00109791 -0.000803623 -0.000413328 0.0207823 -0.00111991 0.0327058 -0.00041726 -0.00661265 0.00293842 0.0014314 0.0203181 0.00654338
internal_weight=170.134 1.29515 168.839 168.264 166.683 1.58029 165.998 165.239 164.417 163.765 14.1066 5.20491 8.90169 6.63702 5.80125 2.87698 1.78166 149.658 148.587 147.721 146.147 4.7148 141.432 4.04871 139.029 48.8464 90.1822 86.4252 11.4858 8.49117
internal_count=1884 43 1841 1837 1769 68 1757 1722 1677 1670 174 50 124 80 71 44 29 1496 1477 1470 1450 54 1396 51 1375 654 721 691 107 87
is_linear=0
shrinkage=0.05


Tree=163
num_leaves=31
num_cat=0
split_feature=196 247 195 267 269 309 6 204 99 218 237 304 107 188 269 63 153 153 6 218 306 207 307 53 116 179 308 307 222 196
split_gain=0.587799 0.602596 1.65976 1.94281 2.34376 1.91769 1.99408 1.98601 1.90316 2.06667 1.60077 1.42352 1.63694 1.4072 1.41194 1.61759 1.38114 1.76781 1.79299 1.73329 2.02296 1.50917 1.39316 2.27135 1.90144 1.3309 1.30699 1.58265 1.29864 3.53289
threshold=0.19695000350475314 0.0068500000052154073 0.003249999950639904 0.0012500000302679839 0.0022500000195577745 0.77298212051391613 0.0019500000635161998 0.0084500000812113302 0.047500001266598708 1.0000000180025095e-35 0.0041499999351799497 0.0015499999863095584 0.0013499999768100681 0.05829999968409539 0.0027499999850988392 0.0037500000325962905 0.014099999796599151 0.002650000038556755 0.0027499999850988392 0.0030500000575557355 0.20147123932838443 0.0021499999566003685 0.0078859943896532076 0.0015499999863095584 0.040899999439716346 1.0000000180025095e-35 0.00014999499762780036 0.086697306483984007 0.0010500000207684936 0.0010500000207684936
decision_type=2 2 2 2 2 2 2 2 2 2 2 2 2 2 2 2 2 2 2 2 2 2 2 2 2 2 2 2 2 2
left_child=1 2 11 5 8 -4 -7 -8 9 -5 -3 12 28 14 -6 25 17 19 -19 -12 21 -21 23 24 -18 -16 27 -27 -1 -30
right_child=-2 10 3 4 13 6 7 -9 -10 -11 16 -13 -14 -15 15 -17 22 18 -20 20 -22 -23 -24 -25 -26 26 -28 -29 29 -31
leaf_value=0.0038191923432326596 0.040110041820457437 -0.026042864888039897 -0.048043713475302549 0.038658767669956733 0.039715674995174872 0.031045864162132165 -0.054309998927836993 0.040354140989224643 0.017685217180581938 -0.051947625167421956 -0.060293607310439562 0.025253692587899553 -0.033480813700618339 0.053832962131009909 -0.03916926114322257 0.025052631883847484 -0.052976790417332824 0.040214626778597579 -0.010931358921574721 -0.0055942150199392261 -0.01544102135173705 0.051122750310685174 0.0061770541730216252 0.045211505331473126 0.068352870274736896 0.04812110268836145 -0.023638987128999495 -0.028652276643214264 -0.034077428499949727 0.045094992347247488
leaf_weight=69.214123931713402 0.90741457685362448 3.8156511994311577 1.3294650632888068 0.68154251342639582 1.3267835066653848 6.4070894555188698 1.6185415752697738 0.84243127517402161 1.401041661389171 8.2183279531309363 1.0162734526675219 6.0272003459394901 3.4800263547804198 0.91807756468187918 5.6206971324281749 2.2534699076786628 3.5669647338800163 8.8910864654462767 2.1226224498823276 1.8547885715961436 4.6521030260482803 3.1902189338579774 12.549396623857318 0.92229383252561081 0.35505756735801686 1.8004486961290243 4.5223084624158219 1.070350484922528 6.5539126479998213 1.7949343621730802
leaf_count=486 20 74 19 13 14 50 38 5 23 143 14 135 56 11 87 31 62 78 28 16 73 21 180 12 1 15 78 14 69 18
internal_value=-2.39116e-05 -0.000240664 -0.00199505 -0.0107123 -0.017557 0.00795622 0.0163515 -0.0219049 -0.0364819 -0.0450091 0.00487013 0.00181048 6.70015e-05 -0.00642511 -0.00975893 -0.0140585 0.00788523 0.0162911 0.0303575 0.0018303 0.00834099 0.0302709 -0.00261477 -0.0253903 -0.0419929 -0.0208309 -0.00688901 0.0194969 0.00157219 -0.017056
internal_weight=168.925 168.017 125.081 38.0106 27.813 10.1975 8.86806 2.46097 10.3009 8.89987 42.9365 87.0702 81.043 17.5121 16.5941 15.2673 39.1208 21.7271 11.0137 10.7134 9.69711 5.04501 17.3937 4.84432 3.92202 13.0138 7.39311 2.8708 77.563 8.34885
internal_count=1884 1864 1305 541 429 112 93 43 179 156 559 764 629 250 239 225 485 230 106 124 110 37 255 75 63 194 107 29 573 87
is_linear=0
shrinkage=0.05


Tree=164
num_leaves=31
num_cat=0
split_feature=186 88 87 217 174 74 218 117 153 308 217 47 25 306 215 130 221 153 182 105 292 243 25 182 232 292 213 256 216 271
split_gain=0.57606 0.5697 0.651103 0.811977 1.08454 0.909181 0.972373 0.879322 1.58648 1.4182 1.52298 1.10942 1.45755 1.76955 1.51735 1.17853 1.17644 1.16121 1.68015 1.20455 1.16856 1.11319 2.90298 2.33628 1.44979 1.9506 1.18092 2.42909 3.77877 2.22795
threshold=0.013999999966472389 0.0015499999863095584 0.038150001317262656 0.018050000071525577 0.0012500000302679839 0.0024500000290572648 0.14469999819993976 1.0000000180025095e-35 0.0031500000040978198 0.00034997001057490712 0.0056999998632818469 1.0000000180025095e-35 1.0000000180025095e-35 0.016337962821125988 0.0014499999815598132 0.0021499999566003685 0.0060500002000480899 0.19025000184774402 0.01480000000447035 0.0012500000302679839 0.4687000066041947 0.0029499999945983295 1.0000000180025095e-35 0.0017499999958090486 0.0019500000635161998 0.0016499999910593035 0.0010500000207684936 0.022750000469386581 0.0023500000825151805 1.0000000180025095e-35
decision_type=2 2 2 2 2 2 2 2 2 2 2 2 2 2 2 2 2 2 2 2 2 2 2 2 2 2 2 2 2 2
left_child=1 2 3 4 5 6 7 11 -9 10 -10 15 13 -13 -14 16 17 18 20 -19 21 26 -23 24 25 -24 -1 28 -28 -29
right_child=-2 -3 -4 -5 -6 -7 -8 8 9 -11 -12 12 14 -15 -16 -17 -18 19 -20 -21 -22 22 23 -25 -26 -27 27 29 -30 -31
leaf_value=-0.0019412833335834712 0.05348041720232094 -0.050618880620819484 0.047605270781315018 -0.036879466422906827 0.051998933665695704 -0.03500587985382745 0.029855355224833333 0.046881020522563953 -0.043492538316011867 0.029294481146088704 0.056229104932747076 0.023541768807936223 -0.011345790022205385 -0.05435099479227145 0.039151399635129376 -0.056084858097684848 -0.03289806336474578 -0.031433682203416351 0.050585585347467522 0.022732729656817347 0.054445380085830802 0.049550505580799847 0.058532761666884627 -0.048098477059698705 0.049628524813061958 -0.047541726197924836 0.050804540609445059 -0.043911913488103693 -0.052100930330582634 0.018150704488602808
leaf_weight=98.850922268582508 0.50150854547973622 0.55812746426090498 0.71461630333214898 1.4971376800676797 1.0008875875500951 1.8557297242805351 2.7162428572773925 2.7198980585671952 2.1463998001418081 2.1259972957195714 0.46599630266427983 0.92341634258628147 11.101641194429247 3.4655837912578136 1.7178032026858989 0.91735260188579459 2.5430391436675555 4.7994137916248283 1.789364754105917 1.3055753114167599 1.0444101020693768 4.1106335236690921 0.65060840547084842 2.0624213344417512 1.8549245300237087 1.2981523508206008 5.7060791766270977 2.589520719833672 1.057420704513788 3.2747792308218777
leaf_count=950 16 14 9 29 49 32 53 23 39 35 3 4 135 32 31 16 38 109 56 29 8 34 3 20 14 11 35 21 7 29
internal_value=-2.68963e-05 -0.000187712 -1.84636e-05 -0.000223986 0.000110446 -0.000207989 0.00019251 -0.000315759 0.0164437 -0.00102774 -0.0257043 -0.00114321 -0.0130937 -0.0379629 -0.00457918 0.000393153 0.000782887 0.00143976 0.00248549 -0.01985 0.00178289 0.00133004 0.017331 -0.00524652 0.0179885 -0.012128 -0.000101964 0.0142963 0.0347161 -0.00925452
internal_weight=167.366 166.864 166.306 165.591 164.094 163.093 161.238 158.521 7.45829 4.73839 2.6124 151.063 17.2084 4.389 12.8194 133.855 132.937 130.394 124.289 6.10499 122.5 121.455 9.97674 5.86611 3.80369 1.94876 111.479 12.6278 6.7635 5.8643
internal_count=1884 1868 1854 1845 1816 1767 1735 1682 100 77 42 1582 202 36 166 1380 1364 1326 1188 138 1132 1124 82 48 28 14 1042 92 42 50
is_linear=0
shrinkage=0.05


Tree=165
num_leaves=31
num_cat=0
split_feature=94 121 88 120 267 99 280 256 279 309 98 218 306 256 61 98 109 306 207 207 207 153 273 307 307 6 280 207 130 221
split_gain=0.555413 0.714942 0.689123 0.651393 1.69267 1.14778 1.50371 1.66682 1.274 1.13747 1.0409 1.01299 1.27306 1.01246 0.987323 0.945958 1.01833 1.72922 1.85425 1.91141 1.91269 1.4276 1.25927 1.05217 1.34951 2.17244 2.16971 1.73892 2.29349 1.22816
threshold=0.0023000000510364775 0.0063499999232590207 0.0011500000255182388 0.0087500000372529047 1.0000000180025095e-35 0.0015499999863095584 1.0000000180025095e-35 0.0030500000575557355 0.011049999855458738 0.99385511875152599 0.007849999703466894 0.0014499999815598132 0.47577980160713201 0.043850000947713859 0.020049999468028549 0.0043500000610947618 0.0010500000207684936 0.080461930483579649 1.0000000180025095e-35 0.057099999859929092 0.086050000041723265 0.011149999685585501 0.002549999975599349 0.10205004364252092 0.04477363824844361 0.012050000019371511 0.0011500000255182388 0.014849999919533731 1.0000000180025095e-35 0.0063499999232590207
decision_type=2 2 2 2 2 2 2 2 2 2 2 2 2 2 2 2 2 2 2 2 2 2 2 2 2 2 2 2 2 2
left_child=1 2 3 14 -5 8 7 -7 -6 -9 11 -8 13 -13 15 16 23 -18 21 22 -21 -19 -20 24 25 27 -26 28 29 -1
right_child=-2 -3 -4 4 5 6 10 9 -10 -11 -12 12 -14 -15 -16 -17 17 18 19 20 -22 -23 -24 -25 26 -27 -28 -29 -30 -31
leaf_value=0.0035587699891231304 -0.051729626227475727 0.033055948628850154 -0.055131691250251552 -0.049262893857838157 0.028586247810588723 0.033719341967968101 0.050294920742584862 -0.048452631580922806 -0.054923936275109858 0.054130382812133032 -0.040468667480094846 0.00041996016000651697 0.021036191637390324 -0.052675525540704142 0.046675783148106942 0.031828175060407152 -0.052067437602681343 0.044857997358963432 -0.047076375854684355 0.053216077941090567 -0.042251179967748714 -0.038753637173263841 -0.0045790578399117583 0.020525562442575224 -0.036980922144530394 -0.053603876435849053 0.015961811209705277 0.039550800213618967 -0.054734172287180506 -0.051299161748246884
leaf_weight=98.654547500656918 0.51778990891761978 1.6329872724600125 0.56879866891540487 2.2278496569488224 3.9687405754812088 0.8536430390086015 1.2077270548907089 4.4344081223825924 0.51608841749839474 0.28776373993605364 1.2820198927656736 2.401564151165076 3.9400970588903874 1.4339446802623568 1.1868541428120796 2.4258621888002372 2.2793679530732325 2.5587283913046117 4.0675938059575838 1.6386857181787493 0.7717477325350045 0.63776841852813948 3.050376437488012 7.0971668916754416 5.5350327068008465 1.7146196858957399 2.9755640238290653 3.1788231492973855 1.7509009093046177 1.0309357699006785
leaf_count=692 27 31 12 51 43 17 12 118 8 3 45 49 66 30 10 47 72 14 79 10 10 14 46 168 70 36 40 32 28 4
internal_value=-2.58813e-05 0.000136067 -0.000192371 -7.83969e-07 -0.00788876 -0.00335391 -0.00967589 -0.0305781 0.0189764 -0.0422013 0.00167752 0.00769224 0.00107508 -0.0194303 0.00126495 0.000878228 0.000329964 -0.0119616 -0.00477761 -0.0158325 0.0226504 0.0281757 -0.0288643 0.00184243 0.000687808 0.00222123 -0.0184705 0.00313619 0.00199503 0.00299144
internal_weight=165.828 165.31 163.677 163.108 22.5538 20.326 15.8412 5.57581 4.48483 4.72217 10.2654 8.98333 7.77561 3.83551 140.555 139.368 136.942 15.0043 12.7249 9.5284 2.41043 3.1965 7.11797 121.938 114.84 106.33 8.5106 104.615 101.436 99.6855
internal_count=1884 1857 1826 1814 442 391 340 138 51 121 202 157 145 79 1372 1362 1315 245 173 145 20 28 125 1070 902 792 110 756 724 696
is_linear=0
shrinkage=0.05


Tree=166
num_leaves=31
num_cat=0
split_feature=39 223 194 184 170 196 293 50 269 250 166 120 267 279 106 267 61 308 149 130 218 188 226 309 238 169 237 237 237 237
split_gain=0.547131 0.927132 0.778407 0.669286 0.625194 1.01988 0.841172 0.832921 1.00498 0.790318 0.783782 0.776554 1.6802 1.31691 1.4833 1.10638 1.08846 1.04793 1.00913 1.00709 1.08492 0.950566 1.61789 1.37957 1.51431 1.82419 1.13782 2.37446 3.15547 2.29532
threshold=0.003249999950639904 0.0024500000290572648 1.0000000180025095e-35 0.0014000000082887711 0.1058499999344349 1.0000000180025095e-35 0.0022500000195577745 0.010250000283122064 0.23674999922513965 0.00045000000682193791 0.003249999950639904 0.0090499999932944792 1.0000000180025095e-35 0.003249999950639904 1.0000000180025095e-35 0.0016499999910593035 0.020049999468028549 0.00079982500756159436 0.13255000114440921 0.0048499999102205047 0.098600000143051161 0.0012500000302679839 0.0021499999566003685 0.26008526980876928 1.0000000180025095e-35 0.0054500000551342973 0.0016499999910593035 0.0027499999850988392 0.0030500000575557355 0.00335000001359731
decision_type=2 2 2 2 2 2 2 2 2 2 2 2 2 2 2 2 2 2 2 2 2 2 2 2 2 2 2 2 2 2
left_child=1 2 3 4 6 -6 7 8 9 11 -9 16 -13 14 15 -14 18 -17 21 20 -15 26 23 -23 -25 -26 -1 -28 -29 -30
right_child=-2 -3 -4 -5 5 -7 -8 10 -10 -11 -12 12 13 19 -16 17 -18 -19 -20 -21 -22 22 -24 24 25 -27 27 28 29 -31
leaf_value=-0.0083600675853837889 -0.052044936233849218 0.041377187675974383 -0.0548514615001508 0.052787904270177502 0.036093068467777482 -0.041621043491127281 0.029017783051010045 -0.039452619604328089 0.053189877249124419 0.034777593832623625 0.04920764699107702 -0.05308125616598091 -0.052717015349334699 -0.033274300323792742 -0.051999983524370776 0.027704603922035748 0.051110928151845016 -0.050989103670809735 0.049077419072082004 0.057263057688518526 0.018551316798282223 -0.044433105289963692 -0.039977468310584963 0.041318744147634714 -0.029057991771676846 0.039994432512344656 0.022175714559936086 -0.049322587669468433 0.041468031987662392 -0.0013264695835552365
leaf_weight=38.699058811180294 0.50401894038077344 1.3511123546631996 0.64925314532592793 0.59837454545777191 0.53734532743692343 1.9696611771360037 2.4927014450076959 2.161014808574691 0.88964631501585145 1.6065817801281799 0.28177710715681303 2.0353731680661467 0.53041817620396425 5.8275136280572033 0.88024287112057198 6.1871218918822706 1.0672946125268925 0.45409911684691895 1.0568923032842565 0.40000067651271809 1.2215047671925274 0.76863021496683259 1.2574375551193941 5.8112007267773134 2.1962518417276446 1.6942296521738169 12.423415421508251 3.2943907333537927 3.299219478853046 62.31930022733286
leaf_count=295 39 60 11 20 6 26 139 73 11 33 6 48 17 134 33 64 4 11 10 2 19 6 13 42 27 13 99 33 23 567
internal_value=-3.02749e-05 0.000129619 -0.000213104 5.92561e-06 -0.000189804 -0.024964 0.000201175 -0.000258214 0.000201515 -0.000106535 -0.0292256 -0.00047665 -0.0103704 -0.00476215 0.00925535 0.0167738 0.000819209 0.0223239 0.000415083 -0.0199141 -0.0242936 2.47549e-05 0.0136114 0.0200472 0.0251557 0.00101301 -0.00130269 0.00205514 -0.00157213 0.000825186
internal_weight=164.465 163.961 162.61 161.961 161.362 2.50701 158.855 156.363 153.92 153.03 2.44279 151.424 17.5363 15.5009 8.05188 7.17164 133.887 6.64122 132.82 7.44902 7.04902 131.763 11.7277 10.4703 9.70168 3.89048 120.035 81.3363 68.9129 65.6185
internal_count=1884 1845 1785 1774 1754 32 1722 1583 1504 1493 79 1460 328 280 125 92 1132 75 1128 155 153 1118 101 88 82 40 1017 722 623 590
is_linear=0
shrinkage=0.05


Tree=167
num_leaves=31
num_cat=0
split_feature=1 54 153 306 198 306 301 109 195 253 284 173 54 253 237 308 129 299 238 263 306 195 243 237 308 308 247 204 32 96
split_gain=0.53985 0.777569 1.45306 1.19133 0.971462 2.19187 1.00012 0.76134 2.14235 1.74611 1.0722 0.969497 0.935306 1.34656 1.2268 1.06749 1.37273 1.62779 1.59861 1.84407 2.10286 1.64294 2.18036 1.468 1.81128 1.53513 1.36517 2.50487 1.60555 1.3486
threshold=0.0018500000005587938 0.0014499999815598132 1.0000000180025095e-35 0.62276223301887523 0.0040500001050531873 0.080461930483579649 1.0000000180025095e-35 0.0011500000255182388 0.023449999280273918 0.0012500000302679839 0.0019500000635161998 0.0018500000005587938 0.0011500000255182388 0.0072500000242143878 0.12695000320672992 0.0038964110426604752 1.0000000180025095e-35 0.0016499999910593035 0.0034500000765547161 0.0012500000302679839 0.020456618629395965 0.018450000323355201 0.0058500000741332778 0.0096500003710389155 0.00089974503498524438 1.0000000180025095e-35 0.01544999983161688 0.0059500001370906839 0.0047000001650303611 1.0000000180025095e-35
decision_type=2 2 2 2 2 2 2 2 2 2 2 2 2 2 2 2 2 2 2 2 2 2 2 2 2 2 2 2 2 2
left_child=1 4 -3 -4 7 -6 -7 12 9 10 -9 -10 13 15 -15 16 17 18 21 20 -20 26 -23 25 -25 -22 28 -28 29 -1
right_child=-2 2 3 -5 5 6 -8 8 11 -11 -12 -13 -14 14 -16 -17 -18 -19 19 -21 23 22 -24 24 -26 -27 27 -29 -30 -31
leaf_value=-0.00017718027698340177 0.025695730409672081 0.041667793479999431 -0.04814435157796812 0.045457109273639495 -0.058123260847103002 0.051549188040802045 -0.032488934534451092 -0.050613090022607693 0.010521360999385774 -0.00063377147672885256 0.041933908000296755 -0.049697129915546617 0.054835213871830268 -0.046306285284199833 0.054693759791911767 0.027238940221379227 -0.013999901067972963 0.06773782051863142 0.11500035387258951 0.048641137293687894 0.032951312843966782 -0.029603814958336413 0.047973691416160584 0.026636959726592746 -0.02740446050435898 -0.032066182109229451 -0.043809998520865256 0.048824994946735999 -0.040408569020022933 0.035180778507078896
leaf_weight=73.856894609343726 2.0140267951064734 0.72296902723610346 2.8105443802196537 0.38671982171945263 0.66618316806852762 2.9011701453709979 0.40323721326421935 5.1720012408331986 9.3504643572377937 3.7101917648687959 0.33311965130269516 0.7198400101624437 0.79902159795164962 2.4379736683331426 0.34294968552421767 3.8525191230000919 14.420080925570799 0.94489447225350787 0.44424816966057079 3.3717336452100417 1.1797030046582211 8.1363348513841611 1.0191793818958093 7.8489493594970536 1.9321945686824618 3.9400172904133797 0.93135264073498447 3.3712823183741421 2.4010078068822613 2.7989949458278707
leaf_count=548 47 7 77 9 8 43 20 163 140 52 5 14 5 33 7 101 197 20 1 29 7 125 8 63 26 48 14 19 24 24
internal_value=-3.05894e-05 -0.000352002 -0.0223477 -0.0368229 0.000196226 0.0246138 0.041294 -0.000436148 -0.00972475 -0.0271454 -0.045013 0.00621686 0.000900398 0.000576935 -0.0338507 0.00131086 0.000521837 0.00238858 0.00183345 0.01516 0.00780324 -0.000862659 -0.020968 0.00460731 0.0159615 -0.0170846 0.00134554 0.0287731 -0.000147191 0.00111387
internal_weight=163.22 161.206 3.92023 3.19726 157.286 3.97059 3.30441 153.315 19.2856 9.21531 5.50512 10.0703 134.029 133.23 2.78092 130.449 126.597 112.177 111.232 18.7168 15.3451 92.515 9.15551 14.9009 9.78114 5.11972 83.3595 4.30263 79.0569 76.6559
internal_count=1884 1837 93 86 1744 71 63 1673 374 220 168 154 1299 1294 40 1254 1153 956 936 174 145 762 133 144 89 55 629 33 596 572
is_linear=0
shrinkage=0.05


Tree=168
num_leaves=31
num_cat=0
split_feature=196 232 232 269 232 232 295 237 295 242 232 182 99 102 182 53 270 204 98 306 169 119 121 43 93 204 188 123 196 116
split_gain=0.548569 0.547167 0.914528 1.12266 0.956349 1.09384 1.47918 1.10432 0.979318 0.923798 0.901075 1.62285 2.25252 3.41171 1.64987 2.18561 1.88074 1.58167 1.81163 1.33283 1.19551 1.10738 1.47466 1.0594 1.51075 1.60183 1.29005 1.13984 1.60801 1.67409
threshold=0.19695000350475314 0.13990000635385516 0.049799999222159393 0.0015499999863095584 0.045649999752640731 0.044250000268220908 0.0024500000290572648 0.064550001174211516 0.0023500000825151805 0.0072000001091510066 0.010250000283122064 1.0000000180025095e-35 0.0012500000302679839 0.0017499999958090486 0.010950000025331976 0.0015499999863095584 0.0017499999958090486 0.0010500000207684936 0.0012500000302679839 0.016337962821125988 0.0014499999815598132 0.0015499999863095584 0.0018500000005587938 0.0027499999850988392 1.0000000180025095e-35 0.0016499999910593035 0.018099999986588958 1.0000000180025095e-35 0.0073500000871717939 0.0021499999566003685
decision_type=2 2 2 2 2 2 2 2 2 2 2 2 2 2 2 2 2 2 2 2 2 2 2 2 2 2 2 2 2 2
left_child=1 2 4 -4 5 6 8 -8 9 10 21 19 13 20 16 -16 17 -14 -19 -12 -13 22 23 24 26 -26 27 28 -1 -30
right_child=-2 -3 3 -5 -6 -7 7 -9 -10 -11 11 12 14 -15 15 -17 -18 18 -20 -21 -22 -23 -24 -25 25 -27 -28 -29 29 -31
leaf_value=-0.00052910134650527079 0.039776877629251993 0.023834250471706481 -0.035069040371142814 0.016363203194167043 0.049738610019148199 -0.051918258554162634 0.050194465761037511 -0.031332670506183949 -0.04083607671344032 -0.035419436918477439 0.065584046724829231 0.058908723278945557 -0.060020800003572183 -0.040931201714074855 0.041985181410315361 -0.038611441102554683 -0.04787648076060131 0.025486138820584356 -0.037389382522218129 -0.042395497862753914 -0.010360658211103647 -0.041909600522945734 0.050389444997196324 -0.055293227711498451 0.044192037288130738 -0.01804334909416026 -0.045563216267087717 -0.01089165517824138 0.041934336009133315 -0.038948149666105492
leaf_weight=79.312783859320916 0.86083389527629961 2.3254161931108674 3.867232817457988 1.4621676739770917 0.96465061185881396 1.0156770450994361 2.3508975171716879 0.50450357398949552 1.49273625249043 1.8316389129031438 0.32748550176620783 5.4557551655452725 0.88436227291822245 1.2069987058639524 4.0450609724503002 1.0619998513720927 2.4392719464376569 5.0520359402289614 1.4816123391501603 2.2439936734735966 0.70317089511081565 1.6701484719524149 1.3845325186848629 0.90871392691042174 3.5099510578438631 1.4656268155667929 1.6968855662271369 25.49983405607054 4.0646126642241134 0.75924940034747113
leaf_count=645 20 74 57 42 15 9 57 19 10 25 1 34 9 14 48 29 24 52 20 23 8 70 13 18 26 32 15 437 28 10
internal_value=-3.08823e-05 -0.000243741 -0.000596634 -0.0209582 0.000111066 -0.000203125 0.000143915 0.0357899 -0.000541504 -0.000132342 0.00031287 0.00897 0.0133015 0.0359361 0.00216005 0.0252253 -0.00979008 0.00273391 0.0112281 -0.028644 0.0510002 -0.00147954 -0.000910209 -0.00151614 -0.00109599 0.0258597 -0.00230066 -0.00163107 0.0011756 0.0292039
internal_weight=161.85 160.989 158.664 5.3294 153.334 152.37 151.354 2.8554 148.498 147.006 145.174 24.9017 22.3303 7.36592 14.9643 5.10706 9.85728 7.41801 6.53365 2.57148 6.15893 120.272 118.602 117.218 116.309 4.97558 111.333 109.636 84.1366 4.82386
internal_count=1884 1864 1790 99 1691 1676 1667 76 1591 1581 1556 262 238 56 182 77 105 81 72 24 42 1294 1224 1211 1193 58 1135 1120 683 38
is_linear=0
shrinkage=0.05


Tree=169
num_leaves=31
num_cat=0
split_feature=205 87 217 174 243 74 217 116 243 74 47 232 225 195 243 306 170 163 54 203 49 224 224 50 173 256 232 256 213 256
split_gain=0.542943 0.595585 0.845559 0.92942 0.806086 1.18827 0.824972 1.60412 0.971351 0.793795 1.03687 1.03893 0.980413 0.879938 1.34464 0.825641 1.23856 1.00924 0.983613 0.944754 1.37571 0.949184 1.21131 1.11424 1.71309 1.5157 2.92261 2.33874 1.98281 2.27135
threshold=0.0013499999768100681 0.038150001317262656 0.018050000071525577 0.0012500000302679839 0.020200000144541267 0.0024500000290572648 0.0043500000610947618 0.0045499999541789302 0.014099999796599151 0.0011500000255182388 0.0038499999791383748 0.023449999280273918 0.0012500000302679839 0.0018500000005587938 0.0012500000302679839 0.53759083151817333 0.1058499999344349 0.054800000041723258 0.0036499999696388845 0.0014499999815598132 0.0018500000005587938 0.036000000312924392 0.03264999948441983 1.0000000180025095e-35 0.000650000001769513 0.0081500001251697558 0.031199999153614048 0.010049999691545965 0.0011500000255182388 0.0041499999351799497
decision_type=2 2 2 2 2 2 2 2 2 2 2 2 2 2 2 2 2 2 2 2 2 2 2 2 2 2 2 2 2 2
left_child=1 2 3 4 5 6 8 -8 9 10 15 -12 13 14 -11 18 17 -17 19 20 21 22 23 24 25 28 27 -27 29 -1
right_child=-2 -3 -4 -5 -6 -7 7 -9 -10 12 11 -13 -14 -15 -16 16 -18 -19 -20 -21 -22 -23 -24 -25 -26 26 -28 -29 -30 -31
leaf_value=0.001725247049903585 0.036603589601988396 0.046573891317492559 -0.039260220823664947 0.051870789231128228 0.042149150242133532 -0.043960570942244225 0.049672314630096179 -0.050097850615859023 -0.044957172747357471 -0.053803836574417278 -0.061734682287502451 0.016534452870703643 -0.035006967988880665 0.048281553225034551 0.046220347594767057 0.02860089896780393 -0.022470453585440517 -0.039796259077338643 -0.0535320159751329 0.055883948555265898 -0.036288703840935799 -0.035415638982740284 0.060530897510674732 -0.010035161566621752 -0.031222506985916304 0.045284067131752752 -0.020118368810877925 0.01049672628652585 0.048603141923840867 -0.021954912850059061
leaf_weight=45.470268452772871 1.005126594682223 0.67594540771096845 1.3918276485055674 0.85504852863959868 1.1052221270510916 1.5715299381408829 1.9142264670226716 0.51027649338357139 1.2310826049651939 0.65004212455823951 1.3457063660025586 0.61900328868068744 0.67658628011122335 2.4344121646136045 0.69548227405175567 6.7849600877379981 1.8625920449849216 0.58590732479933638 0.90211092180106689 0.72226242953911324 2.7754348058369933 1.9410692257806648 0.81616488739382376 25.01955605566036 3.7963621243834487 5.9424795340746668 6.3648941616993389 25.842346166959032 1.8811928844079364 13.027677215985021
leaf_count=333 76 9 23 38 28 31 27 15 12 12 9 7 12 20 8 119 30 10 30 8 67 23 5 386 48 36 66 258 11 127
internal_value=-2.93426e-05 -0.000260321 -0.000459756 -0.000116536 -0.000400593 -0.000703243 -0.000261274 0.028674 -0.000724679 -0.000362032 -0.000997832 -0.0370751 0.0204246 0.0303465 -0.00210277 -0.000504693 0.0139586 0.023164 -0.00149759 -0.00114623 -0.00145622 -0.000713148 -0.00018756 -0.00057671 0.00173598 0.00300588 0.0108076 0.0170006 -0.00192355 -0.0035484
internal_weight=160.417 159.412 158.736 157.344 156.489 155.384 153.812 2.4245 151.388 150.157 145.7 1.96471 4.45652 3.77994 1.34552 143.735 9.23346 7.37087 134.502 133.6 132.877 130.102 128.161 127.345 102.325 98.5289 38.1497 31.7848 60.3791 58.4979
internal_count=1884 1808 1799 1776 1738 1710 1679 42 1637 1625 1573 16 52 40 20 1557 159 129 1398 1368 1360 1293 1270 1265 879 831 360 294 471 460
is_linear=0
shrinkage=0.05


Tree=170
num_leaves=31
num_cat=0
split_feature=144 1 105 54 153 306 198 306 301 203 226 304 206 260 198 170 102 153 217 213 225 213 168 283 109 269 6 87 217 153
split_gain=0.530459 0.710455 0.771545 0.689366 1.36437 1.08748 0.860362 2.04121 0.894114 0.735125 1.04231 1.27228 1.8228 1.76729 1.40268 1.14007 1.05134 1.07501 0.93754 1.18897 1.04828 1.13427 1.0471 1.04474 1.07995 1.72286 1.49019 1.45129 1.83389 1.64514
threshold=0.53134998679161083 0.0018500000005587938 0.0020500000100582842 0.0014499999815598132 1.0000000180025095e-35 0.62276223301887523 0.0040500001050531873 0.080461930483579649 1.0000000180025095e-35 0.0014499999815598132 0.010250000283122064 0.0011500000255182388 0.0018500000005587938 0.0011500000255182388 0.002650000038556755 0.002549999975599349 0.01690000016242266 0.066250000149011626 0.0042499999981373557 0.0035500000230968003 1.0000000180025095e-35 0.034600000828504569 0.0015499999863095584 1.0000000180025095e-35 1.0000000180025095e-35 0.0015499999863095584 0.02439999952912331 0.0014499999815598132 0.0018500000005587938 0.0769999995827675
decision_type=2 2 2 2 2 2 2 2 2 2 2 2 2 2 2 2 2 2 2 2 2 2 2 2 2 2 2 2 2 2
left_child=1 3 -3 6 -5 -6 9 -8 -9 10 11 13 16 14 18 -14 -13 -18 19 22 21 -21 23 24 26 -26 27 29 -29 -1
right_child=-2 2 -4 4 5 -7 7 8 -10 -11 -12 12 15 -15 -16 -17 17 -19 -20 20 -22 -23 -24 -25 25 -27 -28 28 -30 -31
leaf_value=-0.00081693013239283151 -0.051532491558921457 0.04342319096622662 -0.056043925482225969 0.040679984261094482 -0.047695145199157345 0.044765899769124561 -0.057671289577229258 0.050715327662088916 -0.031382219831259224 0.048528924442847184 -0.026394290439066666 0.040559436447702595 -0.035253670216980906 0.065970226637444437 -0.05946809165640185 0.013711717114510122 0.035577361375367655 -0.052706053835668377 0.021880089605708589 -0.049182151520965722 0.019938946265196947 0.034636305147577366 -0.047982016817483486 0.026317029129297766 -0.033702749106077172 0.00030016226976347271 -0.051648786822137929 0.017724837061658841 -0.03965330322147264 -0.049683946887073005
leaf_weight=79.230947711970657 0.49836032564053212 1.5920919564669009 0.22216346394270647 0.71017397101968471 2.6145150561351334 0.36204756912775327 0.63515480980277006 2.7229888725560163 0.37763835443183769 0.76671668532071535 3.8033201170619568 5.9156091319164243 2.1569900673348457 0.9694373132660975 1.0456134295091022 2.6482543176971376 0.6999899838119743 0.679598635120783 4.2122763847000888 3.2632329303305592 0.95358688058331598 0.46059220703318704 1.1819146047346283 3.477697344729676 6.3854074348928398 8.9421478854492289 1.3584303855895985 18.047114765737209 1.5090229609049846 1.760583747178315
leaf_count=586 21 38 5 7 75 9 8 43 20 29 99 65 50 7 10 61 6 27 58 41 20 7 21 46 185 100 33 142 22 43
internal_value=-2.81884e-05 0.000133544 0.031243 -0.0002262 -0.0215916 -0.0364489 0.00028794 0.0239885 0.0407163 -0.000304427 -0.000556215 0.000121987 0.0156431 -0.00129229 -0.00178692 -0.00826799 0.0313931 -0.0079119 -0.00132576 -0.00209805 -0.0268367 -0.0388148 -0.00114875 -0.000690198 -0.00149136 -0.0138653 0.000369794 0.00107258 0.0132973 -0.0018792
internal_weight=159.204 158.705 1.81426 156.891 3.68674 2.97656 153.204 3.73578 3.10063 149.468 148.702 144.898 12.1004 132.798 131.829 4.80524 7.2952 1.37959 130.783 126.571 4.67741 3.72383 121.893 120.711 117.234 15.3276 101.906 100.548 19.5561 80.9915
internal_count=1884 1863 43 1820 91 84 1729 71 63 1658 1629 1530 209 1321 1314 111 98 33 1304 1246 68 48 1178 1157 1111 285 826 793 164 629
is_linear=0
shrinkage=0.05


Tree=171
num_leaves=31
num_cat=0
split_feature=186 247 237 222 196 232 153 218 218 279 153 305 247 112 153 176 173 267 267 6 93 129 99 50 242 32 279 247 221 32
split_gain=0.542558 0.546315 1.46381 1.27324 1.88172 1.78532 1.55386 1.45699 1.45108 1.20193 1.17847 1.51499 1.98819 1.68944 1.43444 1.57027 1.51247 2.10346 1.50088 1.47079 1.3634 1.26875 1.12585 1.12173 1.11954 1.10826 3.39765 1.54014 1.1157 1.09275
threshold=0.013999999966472389 0.0068500000052154073 0.0041499999351799497 0.0010500000207684936 0.0010500000207684936 0.01264999993145466 0.0018500000005587938 0.12215000018477441 0.073150001466274275 0.0050500000361353168 0.014099999796599151 0.0038499999791383748 0.063799999654293074 0.0011500000255182388 0.0024500000290572648 0.0012500000302679839 0.00035000000207219278 0.0017499999958090486 0.0043500000610947618 0.0027499999850988392 0.0012500000302679839 0.003249999950639904 0.0058500000741332778 0.0010500000207684936 0.0075000000651925811 0.0010500000207684936 0.002650000038556755 0.0013499999768100681 0.0053999999072402724 0.03354999981820584
decision_type=2 2 2 2 2 2 2 2 2 2 2 2 2 2 2 2 2 2 2 2 2 2 2 2 2 2 2 2 2 2
left_child=1 3 -3 7 5 -5 -6 8 24 -8 14 12 20 -14 15 16 17 -4 -19 21 -12 29 -11 -21 25 28 -27 -28 -1 -16
right_child=-2 2 10 4 6 -7 9 -9 -10 22 11 -13 13 -15 19 -17 -18 18 -20 23 -22 -23 -24 -25 -26 26 27 -29 -30 -31
leaf_value=0.0031025524250096657 0.053283448476815168 -0.025737017236747779 -0.059296009678052188 -0.058686632175098209 0.061050613412639176 -0.0069721362492334987 -0.054526680129235311 0.055159906447878319 -0.03460762849479232 0.054319538237756607 -0.045500313113176122 0.018789786001058968 0.023751132678474132 -0.052857208450315711 0.046587001450154444 0.038476766516164246 -0.046163819354306912 0.045528245758120485 -0.013110826848266166 0.028467446152703937 0.022100785056636596 -0.050221500052584522 -0.014437532181829997 -0.047105406918790518 -0.051540043068263389 -0.051385448600501406 0.036982365628551402 -0.027902021308103889 -0.032732701374063748 -0.0314462285687638
leaf_weight=91.157399665215053 0.47577716788509761 3.5497662086272603 1.041491305455567 3.6061254990054277 1.0219211002113295 3.1066647558473051 1.0281894603976982 1.1755519090220321 3.083651083521544 0.90726194513263214 4.5467687845230085 5.5199607192189424 3.9285488512832671 0.88106565584894259 7.6380822641076485 2.2744620718876831 2.001333367312327 2.4754259646870196 1.9514688281342385 0.95896727591752906 0.8922200072556733 0.39088702888693738 1.7318457739893345 1.0062380181625483 1.0347223157878023 3.7845002340618512 2.6438888730481267 1.3982706370297817 2.2250572610646477 0.47664071805775154
leaf_count=947 16 74 14 38 13 51 19 16 36 11 86 99 45 19 62 45 28 18 16 9 11 9 40 19 9 57 16 20 33 8
internal_value=-2.99054e-05 -0.000191018 0.0048955 -0.00189652 -0.0177765 -0.0347533 0.00652638 -0.000196438 -0.000814266 -0.00866722 0.00791739 -0.00232773 -0.0137018 0.00971737 0.015909 0.00210227 -0.00897343 0.00463759 0.0196789 0.0287576 -0.0344109 0.0377652 0.0091995 -0.0102279 0.000204934 0.000733955 -0.0173389 0.0145374 0.00224869 0.0420035
internal_weight=157.914 157.438 39.5333 117.905 11.402 6.71279 4.68922 106.503 105.327 3.6673 35.9836 15.7686 10.2486 4.80961 20.215 9.74418 7.46972 5.46839 4.42689 10.4708 5.43899 8.50561 2.63911 1.96521 102.244 101.209 7.82666 4.04216 93.3825 8.11472
internal_count=1884 1868 562 1306 172 89 83 1134 1118 70 488 260 161 64 228 121 76 48 34 107 97 79 51 28 1082 1073 93 36 980 70
is_linear=0
shrinkage=0.05


Tree=172
num_leaves=31
num_cat=0
split_feature=207 58 288 234 179 197 209 144 249 209 246 188 144 188 123 153 306 6 116 149 149 216 243 182 144 25 204 271 36 247
split_gain=0.519913 0.622292 0.692802 0.666818 0.598315 0.834103 1.19424 0.746945 0.739359 0.714318 1.57905 1.28319 0.97866 2.00461 2.11707 1.9655 1.48603 1.34871 1.45274 1.34887 1.70048 2.06842 1.29848 1.27876 2.03053 1.77238 2.26418 2.03342 1.79856 1.59425
threshold=0.33859999477863317 0.0024500000290572648 1.0000000180025095e-35 0.046949999406933791 0.0010500000207684936 0.03655000030994416 0.014549999963492157 0.27245000004768377 0.00035000000207219278 0.0020500000100582842 0.0028499999316409235 0.014599999878555538 0.0010500000207684936 0.0011500000255182388 0.0013499999768100681 0.0012500000302679839 0.0015999999595806005 0.0076500000432133683 0.0065500000491738328 0.0013499999768100681 0.0068500000052154073 0.0050500000361353168 0.0014499999815598132 0.002650000038556755 0.0017499999958090486 0.0015499999863095584 0.0017499999958090486 0.0065500000491738328 0.002650000038556755 0.16099999845027926
decision_type=2 2 2 2 2 2 2 2 2 2 2 2 2 2 2 2 2 2 2 2 2 2 2 2 2 2 2 2 2 2
left_child=1 2 3 4 5 6 9 8 -6 11 -11 12 13 14 17 22 -17 18 19 -1 21 -21 -14 25 -25 27 -27 28 -18 -28
right_child=-2 -3 -4 -5 7 -7 -8 -9 -10 10 -12 -13 15 -15 -16 16 23 -19 -20 20 -22 -23 -24 24 -26 26 29 -29 -30 -31
leaf_value=0.004151036158083171 0.054222475625309498 -0.043606068561636624 0.039315425929610889 -0.05522138173534661 0.015530298803584334 0.041593370026388521 -0.051481193640226935 -0.051110291857974693 -0.028754659789750576 0.038567564638567281 -0.029758197798004139 -0.040135878091290454 -0.034925581894981919 0.050759427400183757 -0.04419951451149437 0.084093556092634719 -0.038408614641650518 -0.05316884602863179 0.044186483538328797 -0.050525641098027624 0.056450151798285365 0.057411126244506172 0.03980905820204797 0.051568583207072541 0.00072354558848121159 0.016245412280404305 -0.036168609952027177 0.058768761354298482 0.034181810919340166 0.040843915065522617
leaf_weight=66.308023142686579 0.44032530440017481 0.82081858464516599 1.1149957326124411 0.54949146939907123 12.261016562115396 1.1388650282169681 1.1789333745837201 0.48399221291765648 1.0209859535098083 3.0126700641121706 1.1755672274157403 2.1237564231269053 7.3779977201484126 2.1012115502962834 2.4785291322041294 0.49406731128692527 9.0750376081559789 1.0617180736735452 2.1394479610025874 3.350178533699363 0.56773908948525775 0.5116400010883807 0.63090662145987142 2.2212506821379092 16.928056231990922 9.0009689279831928 4.5624098598491392 0.66399896144867021 0.94187002815306264 0.78808793984353531
leaf_count=514 9 66 84 8 154 27 14 17 30 30 18 21 83 20 26 2 131 14 13 31 6 4 8 17 288 128 100 3 10 8
internal_value=-3.2154e-05 -0.00018521 4.43392e-05 -0.000239719 -4.3025e-05 -0.00102215 -0.00137208 0.00990282 0.0121261 -0.000942493 0.0193897 -0.00158119 -0.000957118 0.00258017 0.0012554 -0.0062289 -0.00213992 0.00277911 0.0035942 0.00236649 -0.0243472 -0.0362254 -0.0290383 -0.00310424 0.00662139 -0.0105442 0.000933495 -0.0259662 -0.0315831 -0.0248252
internal_weight=156.525 156.084 155.263 154.148 153.599 139.833 138.694 13.766 13.282 137.515 4.18824 133.327 131.203 78.5185 76.4173 52.6847 44.6757 73.9387 72.877 70.7376 4.42956 3.86182 8.0089 44.1817 19.1493 25.0324 14.3515 10.6809 10.0169 5.3505
internal_count=1884 1875 1809 1725 1717 1516 1489 201 184 1475 48 1427 1406 628 608 778 687 582 568 555 41 35 91 685 305 380 236 144 141 108
is_linear=0
shrinkage=0.05


Tree=173
num_leaves=31
num_cat=0
split_feature=301 129 299 269 89 212 106 53 256 195 267 144 99 242 130 96 306 171 96 306 232 116 256 256 96 173 63 222 232 243
split_gain=0.510914 0.570504 1.23907 1.17322 1.39891 1.48359 1.10946 0.987544 0.858266 0.839014 1.9056 1.15865 1.18062 0.968872 0.837491 0.872925 3.48459 1.15437 1.0762 1.07577 1.08037 1.21235 1.54331 2.85369 0.95827 0.927626 1.10377 1.08712 1.16456 1.43874
threshold=0.00035000000207219278 0.0010500000207684936 0.0015499999863095584 0.024900000542402271 0.0010500000207684936 0.0047500000800937423 0.0020500000100582842 0.0030500000575557355 0.058650000020861633 1.0000000180025095e-35 0.0018500000005587938 0.0010500000207684936 0.025050000287592415 0.0010500000207684936 0.0012500000302679839 0.0010500000207684936 0.0015999999595806005 0.0012500000302679839 0.0018500000005587938 0.0045934028457850226 0.0010500000207684936 0.0014499999815598132 0.0022500000195577745 0.0011500000255182388 0.0011500000255182388 0.0010500000207684936 0.0031500000040978198 0.0051500000990927228 0.044250000268220908 0.0023500000825151805
decision_type=2 2 2 2 2 2 2 2 2 2 2 2 2 2 2 2 2 2 2 2 2 2 2 2 2 2 2 2 2 2
left_child=1 2 7 4 5 9 -6 14 -9 -3 11 -11 -13 -12 15 19 -17 18 24 20 21 22 23 -1 -18 27 -27 28 -21 -30
right_child=-2 3 -4 -5 6 -7 -8 8 -10 10 13 12 -14 -15 -16 16 17 -19 -20 25 -22 -23 -24 -25 -26 26 -28 -29 29 -31
leaf_value=-0.0088708667310358983 0.040207145732704667 -0.049372392217780982 0.055090188248491323 0.02572758151986897 0.020504809516011857 0.026654137041776223 -0.030646293313378977 -0.052037221702819936 0.016630908246542023 0.040880931657422258 -0.050908639662470292 -0.051195936570944504 0.058025548363131021 0.029607649338613082 -0.057055227545205547 0.16843023846789396 0.045591378417123442 -0.044823490927961056 0.050430781951515569 0.0031586291776141209 -0.063449995676441218 -0.05187309445613443 -0.056058896367555983 0.070909053975230785 -0.035170213893471601 -0.030383801982312317 0.048300059323162656 0.03831990394385297 -0.04165328186879285 0.027154434868454636
leaf_weight=5.870729146525262 0.78476791677530755 3.4398273625411147 1.0471253695432086 2.2432856328086919 4.2219829147215924 1.3411775480490167 1.4155098425690082 1.5975679155671962 0.63627484813332547 1.5631343107670548 3.4028239396866415 0.9611469032242892 0.33319031447172165 0.41971151903271664 0.61729626916348834 0.37733820080757041 0.56743859313428435 0.78612292720936228 1.6923080142587421 105.43956194375642 1.0209405496716488 1.4357782672159363 1.1467410065233705 1.3853875221684573 1.0413616881705818 3.7334441140992558 0.50612611044198264 2.1177729644114143 3.0047279471764332 1.0167975676013155
leaf_count=25 46 48 43 40 72 18 36 88 25 9 59 27 2 5 9 1 5 13 17 1075 8 11 6 7 18 58 5 49 33 26
internal_value=-3.41774e-05 -0.000238735 0.000911578 -0.00827001 -0.0127304 -0.0227608 0.00766135 0.000488187 -0.0324782 -0.0293098 -0.0189786 0.0119088 -0.02308 -0.042068 0.0010471 0.00132059 0.02305 0.00962829 0.0225954 0.000554768 -0.0144926 -0.00941241 -0.00215724 0.00636126 -0.00668486 0.00196567 -0.0209904 0.00283791 0.00215143 -0.024256
internal_weight=155.167 154.383 135.041 19.3418 17.0985 11.461 5.63749 133.994 2.23384 10.1198 6.68001 2.85747 1.29434 3.82254 131.76 131.143 4.46457 4.08723 3.30111 126.678 10.8596 9.83864 8.40286 7.25612 1.6088 115.818 4.23957 111.579 109.461 4.02153
internal_count=1884 1838 1522 316 276 168 108 1479 113 150 102 38 29 64 1366 1357 54 53 40 1303 57 49 38 32 23 1246 63 1183 1134 59
is_linear=0
shrinkage=0.05


Tree=174
num_leaves=31
num_cat=0
split_feature=223 194 155 288 234 223 209 197 51 107 304 292 306 129 256 218 237 74 207 305 243 73 260 247 195 237 267 306 263 218
split_gain=0.508746 0.707212 0.646891 0.589287 0.634463 0.569262 0.620711 1.41203 0.855347 0.580404 1.70704 1.44063 1.87429 1.3501 1.22921 1.20275 1.18862 1.14087 1.08518 0.972137 0.911018 0.946761 0.863686 0.861257 1.48684 1.84993 2.12636 1.91497 1.85201 1.6995
threshold=0.0024500000290572648 1.0000000180025095e-35 0.0083499997854232805 1.0000000180025095e-35 0.046949999406933791 0.0016499999910593035 0.014549999963492157 0.014199999626725914 0.0058000001590698966 0.0012500000302679839 0.0014499999815598132 0.007849999703466894 0.080461930483579649 0.0087500000372529047 0.037650000303983695 0.0020500000100582842 0.010950000025331976 0.0016499999910593035 0.0038499999791383748 0.054250000044703491 0.020200000144541267 1.0000000180025095e-35 0.0011500000255182388 0.0068500000052154073 0.0053499999921768912 0.0024500000290572648 0.0012500000302679839 0.035761659964919097 0.020049999468028549 0.0031500000040978198
decision_type=2 2 2 2 2 2 2 2 2 2 2 2 2 2 2 2 2 2 2 2 2 2 2 2 2 2 2 2 2 2
left_child=1 3 -2 4 5 6 7 9 -8 10 20 13 -13 14 -11 -14 -12 19 -18 -17 21 22 23 24 -1 28 29 -28 -26 -27
right_child=2 -3 -4 -5 -6 -7 8 -9 -10 11 16 12 15 -15 -16 17 18 -19 -20 -21 -22 -23 -24 -25 25 26 27 -29 -30 -31
leaf_value=0.00021293558127166246 0.047768001466194698 -0.054617287011674377 -0.030807225467906652 0.039300806286928745 -0.055257819141473957 -0.052852712832112229 -0.040074129031582313 0.054535446037356133 0.053404646870524236 -0.052886295717626076 0.045578488222614268 0.041428152691615067 0.025831011044567399 0.032691165061495976 0.060106630889993122 -0.034676984583398282 -0.040129297133478938 0.030852570446055622 0.035630539167766914 0.021830558127092652 0.055813121954300729 -0.048876688579783945 0.044616103264569912 0.0064381587909138425 -0.053686193592269775 -0.054725405443829173 0.083823409647286018 -0.023452936067610272 0.067176140809597676 0.040546670358325737
leaf_weight=71.784872244810686 1.1171626910218027 0.59730870649218459 0.3421656893333419 0.9428690696367984 0.52429771283641358 0.51081684668315475 1.7792333289980882 1.1948004207806651 0.28373714163899411 3.4750527158612381 3.5421273113461202 2.226538943941704 1.8919322894653285 0.65650332905352105 0.25860375235788513 5.4244566044653766 0.97767235222272553 0.99523641692940135 0.91510005260352045 0.88534854282625008 0.72338294063229014 1.0016093375161279 1.0720100761391211 33.068964274018072 4.0269080798607346 0.55228952597826664 0.43510594964027305 9.4741262067109329 0.34403589367866505 3.0703653497621417
leaf_count=565 56 12 15 54 7 12 33 37 3 66 49 26 21 8 2 123 25 15 41 14 15 9 9 404 92 10 1 138 1 21
internal_value=-3.71131e-05 -0.000318029 0.0293446 -0.000104704 -0.000350604 -0.000159413 1.99592e-05 0.000399626 -0.0272172 -4.09772e-05 0.00105139 -0.00908933 0.000266238 -0.0334332 -0.0450601 -0.00969884 0.0284857 -0.0189007 -0.00350163 -0.0267482 -0.000136172 -0.000460395 -6.87712e-05 -0.000458995 -0.00300206 -0.0158932 -0.00675849 -0.0187425 -0.0441731 0.026022
internal_weight=154.095 152.635 1.45933 152.038 151.095 150.571 150.06 147.997 2.06297 146.802 130.989 15.8137 11.4235 4.39016 3.73366 9.19697 5.4349 7.30504 1.89277 6.30981 125.554 124.83 123.829 122.757 89.6877 17.9028 13.5319 9.90923 4.37094 3.62265
internal_count=1884 1813 71 1801 1747 1740 1728 1692 36 1655 1380 275 199 76 68 173 115 152 66 137 1265 1250 1241 1232 828 263 170 139 93 31
is_linear=0
shrinkage=0.05


Tree=175
num_leaves=31
num_cat=0
split_feature=295 99 195 295 237 308 66 32 129 89 170 116 158 299 116 50 237 218 270 89 237 96 309 232 207 207 222 232 306 47
split_gain=0.498951 0.999182 0.926484 0.845514 0.841455 0.724739 0.711833 0.655115 0.658908 1.47519 1.4471 1.52813 1.09011 1.06273 0.992812 0.983913 0.942742 1.31285 2.23569 2.36282 1.91773 1.61594 2.20982 2.04029 2.44256 2.26235 3.25806 2.46732 1.94885 2.05499
threshold=0.0024500000290572648 0.0010500000207684936 1.0000000180025095e-35 0.0023500000825151805 0.064550001174211516 0.0010497550829313698 0.0013499999768100681 0.088500000536441817 0.0010500000207684936 0.0010500000207684936 0.0018500000005587938 0.020849999971687797 0.0001499999962106813 0.0015499999863095584 0.12450000271201135 0.0069000001531094321 0.012300000060349705 0.016449999995529655 0.0016499999910593035 0.0011500000255182388 0.010750000365078451 0.0010500000207684936 0.70487481355667125 0.0016499999910593035 1.0000000180025095e-35 1.0000000180025095e-35 1.0000000180025095e-35 0.0023500000825151805 0.0056399307213723668 0.0010500000207684936
decision_type=2 2 2 2 2 2 2 2 2 2 2 2 2 2 2 2 2 2 2 2 2 2 2 2 2 2 2 2 2 2
left_child=3 2 5 7 -4 -2 -3 8 13 10 11 -10 -12 16 -13 -11 17 18 19 20 21 23 -23 24 -1 26 28 -27 -25 -30
right_child=1 6 4 -5 -6 -7 -8 -9 9 15 12 14 -14 -15 -16 -17 -18 -19 -20 -21 -22 22 -24 25 -26 27 -28 -29 29 -31
leaf_value=-0.001291828687123641 -0.044693600991446397 0.054014535798811075 0.054799074941182059 -0.039718845944845156 -0.040806233703152867 0.050960203053606073 -0.027011081426253459 -0.04100264945067314 -0.053661025813124166 0.021663013925563031 0.020123199437527588 0.03022173301090236 -0.023294813597130051 0.054012179506310931 -0.051834359718597872 -0.022068138472064583 0.0088219055006732161 -0.013771257303477606 0.048500792572556739 -0.033334373728023441 -0.044381845131243276 0.15005108975019615 0.022543348522266232 -0.062492163048905792 -0.040104778005880998 -0.031109681413057658 -0.058693348514535754 0.043545063137439999 0.01696547422320514 -0.025229898504725002
leaf_weight=27.647539871511981 1.2901866998290636 1.7811671275412666 0.85689553595148005 1.3651829374721263 0.31466041784733534 0.2339281374006531 0.31972167349886138 0.97657993901520868 4.111020464915784 4.8420720188878468 2.8486629338003695 1.1154607892967758 2.9353179002646357 0.95100780331995238 0.5505729061551391 1.7514686583308501 29.301599898200948 17.591800154477824 2.4341202396899453 5.0208336050854987 2.1497048642486325 0.40165373682975714 2.206560580059886 0.9401104673743309 4.7499231901019803 1.2999481642618755 1.972992724739014 7.4470069776289165 20.147664675954733 3.3678228780627242
leaf_count=266 18 62 26 12 16 34 8 28 66 72 28 13 55 21 15 63 335 217 36 119 16 1 22 8 90 15 15 53 133 21
internal_value=-3.75384e-05 0.0158338 -0.0043125 -0.000551476 0.0291211 -0.0300122 0.0416837 -0.000187139 8.62748e-05 -0.00882644 -0.0195902 -0.0372905 -0.00191105 0.00135405 0.00310472 0.0100465 0.000958735 -0.00140735 0.00131874 -0.000165991 0.00213638 0.00356127 0.042179 0.00207069 -0.00698235 0.0104087 0.00311382 0.0324501 0.0081002 0.0109224
internal_weight=152.923 4.79656 2.69567 148.127 1.17156 1.52411 2.10089 146.761 145.785 18.1546 11.561 5.77705 5.78398 127.63 1.66603 6.59354 126.679 97.3777 79.7859 77.3518 72.3309 70.1812 2.60821 67.573 32.3975 35.1755 26.4286 8.74696 24.4556 23.5155
internal_count=1884 164 94 1720 42 52 70 1708 1680 312 177 94 83 1368 28 135 1347 1012 795 759 640 624 23 601 356 245 177 68 162 154
is_linear=0
shrinkage=0.05


Tree=176
num_leaves=31
num_cat=0
split_feature=293 182 212 243 100 94 121 204 123 267 309 144 196 195 237 196 273 273 267 172 232 195 216 89 144 292 204 116 102 182
split_gain=0.484315 0.970161 1.0299 1.03804 0.751916 0.562838 0.765864 0.699427 0.645955 2.14678 1.54035 1.51284 1.4676 2.26779 1.63175 1.40563 2.19723 1.55434 1.41459 1.96193 1.70131 1.36205 1.27264 1.25214 2.2915 2.29311 1.8573 1.68507 1.78997 1.59185
threshold=0.0019500000635161998 0.0081500001251697558 0.0013499999768100681 0.0021499999566003685 0.0010500000207684936 0.0020500000100582842 0.0050000001210719356 0.10439999774098398 1.0000000180025095e-35 1.0000000180025095e-35 0.99385511875152599 1.0000000180025095e-35 0.0014499999815598132 0.007849999703466894 0.0016499999910593035 0.0065499998163431892 0.0024500000290572648 0.0010500000207684936 0.0012500000302679839 0.0016499999910593035 0.0011500000255182388 0.0014499999815598132 0.0012500000302679839 0.0010500000207684936 0.0010500000207684936 0.02439999952912331 0.0042499999981373557 0.07674999907612802 0.0027499999850988392 0.0045499999541789302
decision_type=2 2 2 2 2 2 2 2 2 2 2 2 2 2 2 2 2 2 2 2 2 2 2 2 2 2 2 2 2 2
left_child=5 2 3 -2 -3 6 7 8 12 -10 11 -11 23 -14 -15 16 18 -17 20 -20 -16 22 -13 24 25 27 -25 28 -1 -26
right_child=1 4 -4 -5 -6 -7 -8 -9 9 10 -12 21 13 14 15 17 -18 -19 19 -21 -22 -23 -24 26 29 -27 -28 -29 -30 -31
leaf_value=-0.0019154093886432145 -0.038049628358102577 0.048543867001481604 0.055912307026219146 0.051257328583234445 -0.042377870182149141 -0.051527508143380633 0.031220787345702973 -0.047587123544435755 -0.037335166845920108 -0.039775361840580482 0.034921847855840835 -0.00037443857015632243 0.042062292795691285 -0.046530947583651366 -0.054318651681852431 0.051778648538282436 0.055550023487094473 -0.004398086878911178 -0.047199415058976561 0.04102319828291745 0.054647285289849593 -0.0072185089599690281 0.042186308734395675 0.037035026268976041 -0.025882567285750148 0.025449768341626263 -0.027263331729801471 0.075720689398073304 -0.056926415520012021 0.023151052210580291
leaf_weight=50.909077184274793 1.7198185380548237 2.0937629292020579 0.54488552233669896 0.40129453281406302 0.2550957022467627 0.53972146235173468 1.8932259278371919 0.79399830941110749 4.7793504067230961 2.7991897452156982 2.6631091118324539 4.145936849294233 5.2495156060904291 1.4586855806410302 0.51326708681881239 3.0938419979065657 1.2571277543902395 2.0453577694715932 3.6494658426381648 0.76170867681503285 1.1857774108648298 23.4214680136065 3.0474578989669681 4.4513393482193342 13.845676055410875 8.5155811167787743 1.5021051019430158 0.6797170490026464 1.5229583662003268 1.879952335031702
leaf_count=368 38 146 9 22 6 31 36 17 83 35 36 69 37 15 10 19 9 24 42 5 7 460 25 41 160 72 27 2 15 18
internal_value=-3.93892e-05 0.0152398 -0.00540261 -0.0211536 0.0386694 -0.000562041 -0.000373719 -0.00078861 -0.000529449 -0.00584571 -0.00167412 -0.00459083 0.00158918 0.0140455 0.00351397 0.00935089 -0.00464915 0.0294208 -0.0170346 -0.0319654 0.0217296 -0.00137383 0.0176563 -0.00128388 -0.00298449 0.00136271 0.020812 -0.00249925 -0.00351328 -0.0200207
internal_weight=151.619 5.01486 2.666 2.12111 2.34886 146.605 146.065 144.172 143.378 40.8565 36.0772 33.4141 102.521 19.2147 13.9652 12.5065 7.36735 5.1392 6.11022 4.41117 1.69904 30.6149 7.19339 83.3064 77.353 61.6273 5.95344 53.1118 52.432 15.7256
internal_count=1884 221 69 60 152 1663 1632 1596 1579 708 625 589 871 168 131 116 73 43 64 47 17 554 94 703 635 457 68 385 383 178
is_linear=0
shrinkage=0.05


Tree=177
num_leaves=31
num_cat=0
split_feature=186 196 247 237 222 218 204 246 218 222 50 218 32 279 242 153 305 247 112 237 247 96 144 253 238 256 121 237 221 47
split_gain=0.481866 0.474639 0.495175 1.31942 1.31894 1.48688 1.86635 1.52077 1.32973 1.24084 1.34471 1.22065 1.06907 2.12428 1.09665 1.04082 1.41866 1.76875 1.49401 1.30634 1.66498 1.58465 1.4564 1.46045 1.39668 1.36024 1.18384 1.04684 0.990806 0.988084
threshold=0.013999999966472389 0.19695000350475314 0.0068500000052154073 0.0041499999351799497 0.0010500000207684936 0.0042499999981373557 0.0084500000812113302 0.010250000283122064 0.12215000018477441 0.0029499999945983295 0.0031500000040978198 0.073150001466274275 0.002650000038556755 0.0031500000040978198 0.0075000000651925811 0.014099999796599151 0.0038499999791383748 0.063799999654293074 0.0011500000255182388 0.011649999767541887 0.043749999254941947 1.0000000180025095e-35 0.0031500000040978198 0.0013499999768100681 0.0016499999910593035 0.011549999937415125 0.0020500000100582842 0.04735000059008599 0.0053999999072402724 1.0000000180025095e-35
decision_type=2 2 2 2 2 2 2 2 2 2 2 2 2 2 2 2 2 2 2 2 2 2 2 2 2 2 2 2 2 2
left_child=1 2 4 29 8 -6 -7 9 11 -8 -11 12 14 -14 28 19 17 26 -19 20 24 22 23 -21 -5 -26 -17 -18 -1 -4
right_child=-2 -3 3 15 5 6 7 -9 -10 10 -12 -13 13 -15 -16 16 27 18 -20 21 -22 -23 -24 -25 25 -27 -28 -29 -30 -31
leaf_value=0.0026894656803473742 0.052116857471232618 0.038944823177205851 -0.046422238810834932 0.033620331520633796 0.035794992619458607 -0.054030663286897297 -0.038048409879436411 0.040365145771993537 0.054870161566748593 0.056736154124270882 -0.050604912406695617 -0.033044404155767364 -0.049861289422989286 0.012262111954822894 -0.05142911939060351 -0.040773730699190658 0.032647302370851471 0.02208383283639765 -0.052781439371144372 0.057741915007594027 -0.048142038974234719 -0.028861712173003925 -0.031406827761889577 0.018850433119142505 -0.038375256247521465 0.041354999056659118 0.055636380095953619 -0.01646090976683998 -0.032329315892138472 0.0097980335626704617
leaf_weight=88.815705896355212 0.44156757014570658 0.77071739308303122 2.0889183271210636 3.1092477603815523 1.1085188764263865 3.5460109044797701 3.2432401165133342 1.2700988040305672 1.0800796723924566 0.84942900110036113 0.44442112743854523 2.8699582889676085 2.9920255700126281 2.5478738048113883 0.9745932025834908 4.692045593634246 3.7576508662896222 3.7463463740423322 0.81057985057122994 4.5992523030727135 1.5061685983091591 1.1968235850799818 0.83728237205650735 5.0802306951372884 1.8927215514704587 0.74570948397740711 0.34159289533272374 1.5258751320070585 2.066891126567497 1.2487239520996807
leaf_count=963 16 20 46 25 19 37 48 40 16 12 8 36 47 24 9 94 57 45 19 39 23 36 16 56 25 7 3 37 33 28
internal_value=-3.80623e-05 -0.000191842 -0.000394297 0.00460446 -0.00205651 -0.0189589 -0.0254482 -0.00799508 -0.000311728 -0.0215329 0.0198659 -0.000906149 4.08555e-05 -0.0212899 0.00132731 0.00756252 -0.00233945 -0.0138008 0.0087669 0.0153276 -0.001347 0.0256536 0.0318575 0.0373299 0.0109156 -0.0158408 -0.0342311 0.0184649 0.00189305 -0.0253883
internal_weight=150.2 149.759 148.988 37.1792 111.809 10.4617 9.3532 5.80719 101.347 4.53709 1.29385 100.267 97.3971 5.5399 91.8572 33.8415 14.8741 9.59056 4.55693 18.9674 7.25385 11.7136 10.5168 9.67948 5.74768 2.63843 5.03364 5.28353 90.8826 3.33764
internal_count=1884 1868 1848 556 1292 164 145 108 1128 68 20 1112 1076 71 1005 482 255 161 64 227 80 147 111 95 57 32 97 94 996 74
is_linear=0
shrinkage=0.05


Tree=178
num_leaves=31
num_cat=0
split_feature=144 1 253 207 271 32 207 106 247 237 116 306 106 204 269 74 256 102 237 279 237 247 105 204 116 247 246 204 218 256
split_gain=0.47367 0.624045 0.701784 0.985874 0.856812 0.85617 0.790254 0.801069 0.768727 1.58522 2.42023 1.39002 1.25498 1.49971 1.40557 1.78655 1.16516 1.09918 1.05053 0.999833 1.13334 0.984642 0.981261 0.940001 1.7175 1.32369 1.32748 1.22046 1.59506 2.28328
threshold=0.53134998679161083 0.0018500000005587938 0.0063000000081956395 0.064050000160932555 0.016449999995529655 0.0075499999802559623 0.11044999957084657 0.0021499999566003685 0.0068500000052154073 0.018250000663101677 0.0057500000111758718 0.048795273527503021 1.0000000180025095e-35 1.0000000180025095e-35 0.0024500000290572648 0.0011500000255182388 0.0039500000420957812 0.0012500000302679839 0.0048500001430511483 0.0056499999482184657 0.024900000542402271 0.0055499998852610597 0.027400000020861629 0.002549999975599349 0.0019500000635161998 0.0011500000255182388 0.0027499999850988392 0.0018500000005587938 1.0000000180025095e-35 0.003249999950639904
decision_type=2 2 2 2 2 2 2 2 2 2 2 2 2 2 2 2 2 2 2 2 2 2 2 2 2 2 2 2 2 2
left_child=1 2 4 5 8 -4 -5 -8 9 23 19 -10 13 -13 15 22 -15 -17 -18 -11 21 -21 -14 25 -25 27 -27 28 -1 -30
right_child=-2 -3 3 6 -6 -7 7 -9 11 10 -12 12 14 16 -16 17 18 -19 -20 20 -22 -23 -24 24 -26 26 -28 -29 29 -31
leaf_value=0.0071842995529008795 -0.051369444429436223 0.030668592315149863 -0.033654149260919523 0.055825462274087093 0.029823465100919572 0.037063872800592534 0.053139725222207695 -0.044057299469751593 -0.038172545482756857 -0.058553023664888938 0.041239731843681134 -0.053913322657192245 -0.046055030038859537 0.044676735245361456 0.020970485323076462 0.043755630107445112 -0.031404679447367689 -0.022391777494108742 0.018193989090773154 0.045808240237271799 -0.034834457746202439 -0.058627181316291889 0.022315687726123679 -0.0010146704957032079 -0.032360376030871503 0.019961508091452265 -0.041323091835613432 0.029856776437247115 -0.028308504452414576 -0.00044215659033583151
leaf_weight=25.170381387346424 0.44808247731998463 1.6527009967248876 4.5849063023924819 0.7390173932071773 2.4528148085228159 0.47206246340647329 0.3125498917652294 0.65883142268285155 1.6019566047471041 2.6093537826091033 1.2618094454519448 0.69638970121741905 3.7648891918361169 3.9580860901623991 3.7319602513452992 1.4941189766395839 1.1757927797734726 1.083451871294528 11.602151468861846 0.94825881277210988 3.3920918898656964 0.29619224555790424 0.60978654399514187 17.011331859976057 5.880658969981595 13.68838199600577 0.94459236972034055 3.1003816267475477 10.870750722475348 22.702381009410601
leaf_count=203 21 43 79 8 85 5 7 13 28 29 11 16 74 28 64 19 22 28 143 19 54 3 13 170 159 154 18 36 105 227
internal_value=-3.90569e-05 0.00011586 -0.000228072 -0.0159539 0.00053183 -0.0270527 0.0168607 -0.0127834 9.66808e-06 -0.00195191 -0.0226662 0.00713006 0.0097112 0.0179811 -0.00378199 -0.0170691 0.0209726 0.0159513 0.0136301 -0.0337949 -0.0198615 0.0209515 -0.0365248 -0.000178403 -0.00906698 0.00248223 0.0160054 -0.000717512 -0.00233117 -0.00946509
internal_weight=148.916 148.468 146.815 6.76737 140.048 5.05697 1.7104 0.971381 137.595 107.877 8.50771 29.7186 28.1166 17.4324 10.6842 6.95225 16.736 2.57757 12.7779 7.2459 4.63654 1.24445 4.37468 99.3689 22.892 76.4769 14.633 61.8439 58.7435 33.5731
internal_count=1884 1863 1820 112 1708 84 28 20 1623 1188 116 435 407 209 198 134 193 47 165 105 76 22 87 1072 329 743 172 571 535 332
is_linear=0
shrinkage=0.05


Tree=179
num_leaves=31
num_cat=0
split_feature=39 223 194 184 295 292 307 169 295 226 304 238 195 309 223 209 188 90 263 245 304 260 197 217 213 213 242 117 213 123
split_gain=0.47542 0.81103 0.631678 0.549179 0.515555 1.12477 1.68314 0.849438 0.782398 0.693997 1.10431 1.67259 0.991619 1.1728 0.986629 0.960594 0.857851 0.828316 0.917356 0.82471 0.826895 0.821543 0.802073 0.800778 1.17542 1.19873 0.899868 1.09451 1.11599 1.70499
threshold=0.003249999950639904 0.0024500000290572648 1.0000000180025095e-35 0.0014000000082887711 0.0024500000290572648 0.012950000353157522 0.03004248067736626 0.02615000028163195 0.0023500000825151805 0.010250000283122064 0.0014499999815598132 1.0000000180025095e-35 0.0051500000990927228 0.46327556669712072 0.0012500000302679839 0.014549999963492157 0.026500000618398193 0.012250000378116967 0.0015499999863095584 0.0014499999815598132 0.0063000000081956395 0.0011500000255182388 0.018500000238418583 0.0043500000610947618 0.0035500000230968003 0.034600000828504569 0.0081500001251697558 1.0000000180025095e-35 0.0011500000255182388 1.0000000180025095e-35
decision_type=2 2 2 2 2 2 2 2 2 2 2 2 2 2 2 2 2 2 2 2 2 2 2 2 2 2 2 2 2 2
left_child=1 2 3 4 8 -6 -7 -8 9 10 14 -12 -13 -14 15 16 21 18 -11 -15 -21 22 23 24 26 -26 27 28 29 -1
right_child=-2 -3 -4 -5 5 6 7 -9 -10 17 11 12 13 19 -16 -17 -18 -19 -20 20 -22 -23 -24 -25 25 -27 -28 -29 -30 -31
leaf_value=0.0007075039861342146 -0.05182060199508122 0.040910103360811856 -0.054087389580860394 0.052308500657199192 0.055041841441168984 -0.03865215658471724 0.052166898814702781 -0.052034733315151398 -0.039179438541213731 -0.037228836023643595 0.043360403532665848 0.049792980332423846 0.053696886952323254 -0.040027409818660077 -0.069170334545231818 -0.051659710191135681 -0.050828036113581734 0.055901905198467196 0.02656201741880769 0.049672614818510583 -0.05141664946927807 0.043790489084586846 0.05583493903060685 0.022308873555459879 -0.039363415611231918 0.037088666330506281 -0.051285411545394122 0.02670005004610267 0.0147381503311839 -0.015856258605927018
leaf_weight=80.935877893352881 0.44197027699556102 1.2083067628554989 0.54226673115044732 0.49963119649328191 1.3311095855897281 1.4579250207170846 1.2970929120783692 0.23030527122318734 1.3103914936073113 3.3143483523745085 3.6345639434875903 0.76633643684908737 0.56815461255610022 2.3208882417529826 0.52672662818804283 0.91434514662250777 0.83194698579609294 0.33121947944164265 0.6790567913558333 0.60896620713174332 0.30291985627263784 1.0674096301663656 0.63388855755329032 3.7144011852797112 3.4095249325036994 0.6034746931400149 0.86026348127052088 3.7256218104157588 10.397354186978189 19.226945643080398
leaf_count=679 39 60 11 20 30 17 76 3 12 87 51 16 6 45 7 11 11 2 13 12 8 9 6 51 59 11 7 54 99 372
internal_value=-4.06594e-05 0.000114757 -0.000222769 -2.20213e-05 -0.000202337 0.0168186 -0.0002246 0.0364551 -0.000724566 -0.000363015 0.000268357 0.0180493 -0.00209294 -0.0125541 -0.000881337 -0.000596589 -0.000224286 -0.0200795 -0.0263815 -0.0241976 0.0160917 0.000113661 -0.000263815 -0.000553222 -0.00126587 -0.0278666 -0.000338803 4.4687e-05 -0.000853537 -0.00247202
internal_weight=147.693 147.251 146.043 145.501 145.001 4.31643 2.98532 1.5274 140.685 139.374 135.05 8.20183 4.56727 3.80093 126.848 126.321 125.407 4.32462 3.99341 3.23277 0.911886 124.575 123.507 122.873 119.159 4.013 115.146 114.286 110.56 100.163
internal_count=1884 1845 1785 1774 1754 126 96 79 1628 1616 1514 138 87 71 1376 1369 1358 102 100 65 20 1347 1338 1332 1281 70 1211 1204 1150 1051
is_linear=0
shrinkage=0.05


Tree=180
num_leaves=31
num_cat=0
split_feature=120 220 223 194 288 234 232 47 47 306 306 25 182 247 98 123 256 305 256 153 149 107 196 161 299 149 149 153 256 106
split_gain=0.473356 0.543469 0.51244 0.603286 0.539147 0.566295 0.529298 0.999164 1.04602 1.40089 1.3866 2.02915 1.26539 1.70683 1.62318 1.31925 1.2482 1.12921 0.9245 0.920257 1.45477 1.20245 1.16834 1.39804 1.65468 1.60707 1.98679 1.36496 1.82218 1.63177
threshold=0.26254999637603765 0.0046500000171363362 0.00335000001359731 1.0000000180025095e-35 1.0000000180025095e-35 0.046949999406933791 0.010250000283122064 0.0055499998852610597 0.0017499999958090486 0.042230535298585899 0.076822459697723403 0.0011500000255182388 0.0016499999910593035 1.0000000180025095e-35 0.0011500000255182388 0.0019500000635161998 0.06814999878406526 0.0012500000302679839 0.0090499999932944792 0.18280000239610675 0.018550000153481964 0.010350000113248827 0.0014499999815598132 1.0000000180025095e-35 0.0019500000635161998 0.0039500000420957812 0.0035500000230968003 0.0010500000207684936 0.0018500000005587938 0.0022500000195577745
decision_type=2 2 2 2 2 2 2 2 2 2 2 2 2 2 2 2 2 2 2 2 2 2 2 2 2 2 2 2 2 2
left_child=2 -2 3 4 5 6 19 8 9 -8 11 -11 -12 15 -15 16 18 -13 -14 20 22 -21 23 24 25 26 -1 28 -24 -29
right_child=1 -3 -4 -5 -6 -7 7 -9 -10 10 12 17 13 14 -16 -17 -18 -19 -20 21 -22 -23 27 -25 -26 -27 -28 29 -30 -31
leaf_value=-0.006817381061136051 -0.049109280374714709 0.051942940175081179 0.034532647212784845 -0.053877193886931463 0.039486885566355219 -0.054735492323978001 -0.05723083524001428 -0.036846703631838493 0.031044935938158214 0.058036549043505997 0.030499338985448172 -0.052717125603018999 0.012209493616279486 0.028521912360184629 -0.012546406358599603 0.011280851912559091 0.038719647555214211 0.042643759715741615 -0.043404859457203196 -0.042011102719744786 0.027955795616402081 0.025460934704703717 -0.029362269426685877 0.023500211629531212 0.067412112046486256 -0.038869157338761298 0.055475461930969167 -0.0035943701877108728 0.045149463786943178 0.041511142370752548
leaf_weight=66.357913649524562 0.87622597801964619 0.1568732000887394 1.0787907289632119 0.51879974862094869 0.86527805915102263 0.47271734569221635 0.90620405599475518 1.3302707280963648 4.0732648866251102 2.6902142846956876 3.1766571027692434 0.83890225191134937 0.86156537383794951 5.7012217737501469 4.1626752947922796 2.7327240088488907 0.61108583770692337 0.49280121922492981 5.6325550712645054 2.8150950652780007 4.2390157443005583 0.86268777295481403 1.0239422558806861 4.0672076370101413 0.74680402223020692 3.83948414644692 1.3051935785915691 17.776193069992591 4.1297557763755322 2.2600466264411798
leaf_count=615 40 3 55 12 57 7 9 32 73 12 33 10 4 117 88 43 17 3 46 98 49 22 15 55 9 55 11 244 28 22
internal_value=-3.93626e-05 -0.0337648 0.000199986 -5.63483e-05 0.000137595 -0.000100327 8.07453e-05 0.00560952 0.00738112 0.00391471 0.00597455 0.0330492 0.00121497 -0.00350675 0.0111906 -0.0182429 -0.029598 -0.0174285 -0.0360266 -0.00159725 -0.000742118 -0.0261844 -0.00194057 -0.00502243 -0.00662808 -0.00740139 -0.00561578 0.00739636 0.0303454 0.00149344
internal_weight=146.602 1.0331 145.569 144.49 143.971 143.106 142.633 33.2101 31.8799 27.8066 26.9004 4.02192 22.8785 19.7018 9.8639 9.83793 7.10521 1.3317 6.49412 109.423 105.746 3.67778 101.507 76.3166 72.2494 71.5026 67.6631 25.1899 5.1537 20.0362
internal_count=1884 43 1841 1786 1774 1717 1710 487 455 382 373 25 348 315 205 110 67 13 50 1223 1103 120 1054 745 690 681 626 309 43 266
is_linear=0
shrinkage=0.05


Tree=181
num_leaves=31
num_cat=0
split_feature=179 225 232 256 105 306 50 308 196 238 167 120 307 307 306 307 6 207 130 237 271 232 89 50 197 161 149 99 256 292
split_gain=0.46035 0.779293 1.06933 1.27779 0.752352 1.28843 0.733958 0.880162 0.91453 0.903482 0.786501 0.695974 1.26799 1.23012 1.98417 1.24371 1.15457 1.15336 1.82921 1.15282 1.15836 1.60102 1.53292 1.50818 1.33158 1.30207 1.20574 1.23752 1.67113 2.14653
threshold=0.0010500000207684936 0.0019500000635161998 0.0016499999910593035 0.010449999943375589 0.0014499999815598132 0.38314266502857214 0.0058000001590698966 0.0094331176951527613 0.0050500000361353168 0.086449999362230315 0.0017499999958090486 0.0087500000372529047 0.1105298548936844 0.042505508288741119 0.24653287976980212 0.05754330754280091 0.0058500000741332778 0.014849999919533731 1.0000000180025095e-35 0.060750000178813941 0.002549999975599349 0.013849999755620958 0.0013499999768100681 0.0050500000361353168 0.0019500000635161998 1.0000000180025095e-35 0.018550000153481964 0.0077499998733401307 0.0052499999292194852 0.0061500000301748523
decision_type=2 2 2 2 2 2 2 2 2 2 2 2 2 2 2 2 2 2 2 2 2 2 2 2 2 2 2 2 2 2
left_child=6 2 3 -2 5 -3 7 9 -9 11 -8 12 13 17 -15 -16 -13 18 19 20 21 22 25 -24 -23 26 27 28 29 -1
right_child=1 4 -4 -5 -6 -7 10 8 -10 -11 -12 16 -14 14 15 -17 -18 -19 -20 -21 -22 24 23 -25 -26 -27 -28 -29 -30 -31
leaf_value=0.0024133005586750842 0.022910684329124187 -0.054768192034407193 0.031029747164513968 -0.054106495904861412 0.03105149215197392 0.0032739832483183609 -0.031362480916294774 0.044707661455135612 -0.051320246618670434 -0.042752765427704877 0.056383090794633599 -0.020381130730205282 0.026872418506919578 -0.045419658139242959 -0.036550240037326633 0.032093752894993409 0.012832154190334644 0.03518081104807616 -0.054440742800796686 -0.046542573481227235 -0.02239019980780569 0.023588161274585105 -0.050025688312826389 0.056956199712523692 -0.056735851723001531 0.04382215368523263 0.048550683119187865 -0.022664856023502957 0.014719786958318062 -0.023110988593759645
leaf_weight=38.789595384616405 1.2500182874500736 1.3762497263960538 5.4725227602175437 0.94620093423873175 1.1380753593984989 3.1320586370129604 3.0663782694027755 1.8263575223973014 0.28688405721914012 1.2743703196756531 0.27858267724513996 9.5788737683324126 4.4897256293334058 3.7093460096511981 0.98638548492454026 1.9933781574945895 3.5999959580367422 2.4268192513845852 1.5033920975401986 1.2513804687187065 4.7203308825846753 11.511348758824166 2.4553898484446104 0.3804853856563567 0.54017320461571294 1.7970628638286132 1.2962813097983588 5.6084485657047471 18.212057316675782 10.457695716759188
leaf_count=275 14 26 71 19 29 87 118 58 10 20 2 206 121 44 21 42 88 30 31 16 41 104 57 2 4 16 8 98 130 96
internal_value=-3.84224e-05 0.0088225 0.0192019 -0.0102708 -0.00527443 -0.0144445 -0.000931967 -0.00033098 0.0316713 -0.000865245 -0.0240547 -0.000439254 0.000838233 -0.000247672 -0.0210125 0.00937066 -0.0113084 0.00112823 0.000289454 0.00113753 0.00176055 0.00301263 0.000422942 -0.0356721 0.0199879 0.00176695 0.000750652 -9.7359e-05 0.00177886 -0.0030068
internal_weight=145.356 13.3151 7.66874 2.19622 5.64638 4.50831 132.041 128.696 2.11324 126.583 3.34496 125.308 112.129 107.64 6.68911 2.97976 13.1789 100.95 98.5236 97.0202 95.7689 91.0485 78.997 2.83588 12.0515 76.1611 74.3641 73.0678 67.4593 49.2473
internal_count=1884 246 104 33 142 113 1638 1518 68 1450 120 1430 1136 1015 107 63 294 908 878 847 831 790 682 59 108 623 607 599 501 371
is_linear=0
shrinkage=0.05


Tree=182
num_leaves=31
num_cat=0
split_feature=39 223 194 184 107 304 292 173 129 153 217 107 245 243 73 25 2 50 293 260 260 25 50 116 269 89 149 269 96 305
split_gain=0.447698 0.709712 0.565409 0.515405 0.496779 1.47263 1.19704 2.06799 1.22089 1.18629 1.12292 0.99949 0.939818 0.848845 0.855478 0.809504 0.825408 0.777407 0.786672 0.774248 0.767734 0.765837 2.07214 1.36837 1.26586 1.44701 1.57245 1.08767 1.06375 1.36433
threshold=0.003249999950639904 0.0024500000290572648 1.0000000180025095e-35 0.0014000000082887711 0.0012500000302679839 0.0014499999815598132 0.007849999703466894 1.0000000180025095e-35 0.0087500000372529047 0.0044499998912215242 1.0000000180025095e-35 0.057699998840689666 0.0013499999768100681 0.020200000144541267 1.0000000180025095e-35 0.0011500000255182388 0.0029499999945983295 0.0015499999863095584 0.0011500000255182388 0.0018500000005587938 0.0011500000255182388 0.0029499999945983295 0.0012500000302679839 0.0011500000255182388 0.036000000312924392 0.0010500000207684936 0.0016499999910593035 0.012399999890476467 0.0018500000005587938 0.0017499999958090486
decision_type=2 2 2 2 2 2 2 2 2 2 2 2 2 2 2 2 2 2 2 2 2 2 2 2 2 2 2 2 2 2
left_child=1 2 3 4 5 13 8 12 11 10 -9 -6 -8 14 20 16 -11 19 -19 -7 21 -1 23 -23 25 -24 -27 -28 29 -25
right_child=-2 -3 -4 -5 6 17 7 9 -10 15 -12 -13 -14 -15 -16 -17 -18 18 -20 -21 -22 22 24 28 -26 26 27 -29 -30 -31
leaf_value=-0.0024568724191988845 -0.051730423727797181 0.039520254503132853 -0.053650907044167563 0.052207128798793537 -0.05092825421586105 0.040943372493038671 0.045303186010047715 -0.027197380272823535 0.032829157818355367 -0.054374797272756785 0.05039982727127304 0.052534620761384335 -0.021991345774160273 0.055601709997981946 -0.048610923396228717 -0.033595827962679396 0.03704842962501944 -0.053885419417074212 0.044763719102770133 -0.025336073211591217 0.042623424322780795 0.040309686950681108 -0.039378282361472457 -0.050911575405968051 0.034898291647167935 0.038649338897350602 -0.035059735394506346 0.037615842086745767 0.037191001522281129 0.01897003085987814
leaf_weight=97.66871567373164 0.41768157039768894 1.1333592569862947 0.49310527113266189 0.47086104343179513 3.2139232410117979 4.2109967082506037 2.7367709393147375 0.7665730193257313 0.61882934533059586 0.34174388321116544 1.1899390218313781 0.25170745793730009 0.6401949212886392 0.67500237585045297 0.92169465916231175 4.9916985931922682 0.88944611791521311 0.54779223492369045 0.32022993278224021 0.49211032275343303 1.0348910968750704 5.7385430168360489 3.589910514187066 1.3671131944283845 1.4779140986502159 1.8589302650652824 2.4206428504548971 0.65389757556840766 1.4820463447831569 1.4280098453164098
leaf_count=916 39 60 11 20 61 111 31 13 8 7 16 4 11 15 9 131 11 19 17 20 9 64 70 40 19 32 79 9 14 18
internal_value=-4.01115e-05 0.000110209 -0.000203249 -1.76485e-05 -0.000191398 0.000852758 -0.0085955 -0.000372114 -0.0318624 -0.0139626 0.0199968 -0.0434138 0.0325457 -0.000310916 -0.000626366 -0.0246397 0.0116719 0.0259841 -0.0174919 0.0340082 -0.000253835 -0.000630884 0.00827864 0.0243543 -0.00782015 -0.0152273 0.00234647 -0.019603 0.00294734 -0.0152095
internal_weight=144.044 143.627 142.493 142 141.529 125.888 15.6408 11.5564 4.08446 8.1794 1.95651 3.46563 3.37697 120.317 119.642 6.22289 1.23119 5.57113 0.868022 4.70311 118.721 117.686 20.017 10.0157 10.0013 8.52338 4.93347 3.07454 4.27717 2.79512
internal_count=1884 1845 1785 1774 1754 1461 293 220 73 178 29 65 42 1294 1279 149 18 167 36 131 1270 1261 345 136 209 190 120 88 72 58
is_linear=0
shrinkage=0.05


Tree=183
num_leaves=31
num_cat=0
split_feature=87 217 243 265 243 94 121 243 237 25 99 305 25 206 215 279 90 107 304 188 239 232 36 36 99 238 216 306 292 206
split_gain=0.455336 0.654397 0.671619 0.637797 0.558152 0.599077 0.753351 0.661047 1.54486 2.75628 2.67939 1.2148 1.02953 0.934537 0.894525 0.826928 0.722173 1.03898 1.82169 1.12391 1.13492 1.08886 1.28095 1.20176 1.01754 1.7271 1.4531 1.90296 1.3644 1.07125
threshold=0.038150001317262656 0.018050000071525577 0.020200000144541267 0.0014499999815598132 0.014449999667704107 0.0016499999910593035 0.0050000001210719356 0.0024500000290572648 0.0014499999815598132 0.0015499999863095584 1.0000000180025095e-35 0.0018500000005587938 0.0010500000207684936 0.003249999950639904 0.0010500000207684936 0.0027499999850988392 0.0016499999910593035 0.0015499999863095584 1.0000000180025095e-35 0.0019500000635161998 0.018649999983608726 0.044250000268220908 1.0000000180025095e-35 0.0066499998793005952 0.0055499998852610597 0.014449999667704107 0.0011500000255182388 0.026024482212960724 0.019049999304115776 0.0018500000005587938
decision_type=2 2 2 2 2 2 2 2 2 2 2 2 2 2 2 2 2 2 2 2 2 2 2 2 2 2 2 2 2 2
left_child=1 2 3 4 5 6 7 16 9 15 -10 -12 -13 14 -14 -9 17 18 24 20 -19 22 -20 -24 -1 26 27 -26 -28 -29
right_child=-2 -3 -4 -5 -6 -7 -8 8 10 -11 11 12 13 -15 -16 -17 -18 19 21 -21 -22 -23 23 -25 25 -27 28 29 -30 -31
leaf_value=-2.7315947774560126e-05 0.040672121657416391 -0.036189122332262805 0.04204076457033306 0.047693435677234441 -0.030365270799085149 -0.051394197546260401 0.035895326809662231 0.0095953038558737394 0.05395681990337612 0.040446192660672821 -0.028000358267361261 0.052972303679315914 -0.028347983862462733 0.027968780871462148 0.053347967204567442 -0.049783597375514382 0.056315516704125414 -0.029569759168950743 0.042810824791251895 0.018081451818317718 0.05249568612954103 -0.041569764266865483 -0.029539260777317469 0.046846898712194662 0.034179089126964671 0.013361905885724869 0.036876986163959249 -0.052481513486026359 -0.024526291342711851 -0.0032297637500096061
leaf_weight=83.634576417854987 0.6835540272295465 1.2543454382102925 0.94747052330057968 0.69175323014496726 1.5405364298494522 0.56691465107723971 1.4551619575358916 0.73349365289323332 3.7197265024879007 1.6218467634171245 2.2956970306113345 1.3622498251497743 2.2549784572329377 2.184461559751071 0.39354336075484742 2.9224294042214751 0.53554283920675416 7.7879763130040356 4.874486527813132 1.8412685473449517 0.44538806378841389 0.60330988676287223 1.4669520842144268 0.79338921647286031 0.8839607713744061 4.3262959485873571 1.6243723961524659 6.0236021538148634 2.0419177657458931 1.3518112832680342
leaf_count=755 11 31 39 60 22 35 24 5 60 16 40 12 33 50 5 14 5 184 85 30 6 16 37 13 10 59 10 163 33 21
internal_value=-3.85318e-05 -0.000234256 8.5771e-05 -0.000198211 -0.000436061 -0.000101335 0.000110642 -0.000273024 0.00880009 -0.0138038 0.0185701 0.00306781 0.0145804 0.00375904 -0.0162088 -0.0378703 -0.00161505 -0.00187864 -0.000441349 -0.0172329 -0.0251304 0.0229301 0.0283841 -0.0027274 -0.00225192 -0.0137 -0.0235173 -0.0351456 0.00267881 -0.0434543
internal_weight=142.863 142.179 140.925 139.978 139.286 137.745 137.178 135.723 17.4884 5.27777 12.2107 8.49093 6.19523 4.83298 2.64852 3.65592 118.235 117.699 107.625 10.0746 8.23336 7.73814 7.13483 2.26034 99.8865 16.252 11.9257 8.25937 3.66629 7.37541
internal_count=1884 1873 1842 1803 1743 1721 1686 1662 235 35 200 140 100 88 38 19 1427 1422 1202 220 190 151 135 50 1051 296 237 194 43 184
is_linear=0
shrinkage=0.05


Tree=184
num_leaves=31
num_cat=0
split_feature=63 63 87 226 116 120 280 123 169 292 179 129 89 269 50 270 267 195 116 196 102 243 47 96 246 256 53 163 116 267
split_gain=0.443668 0.818554 1.65541 1.05678 0.884408 0.820969 0.983788 0.790544 0.78036 0.733252 0.851762 0.784453 1.00641 1.35405 1.29578 0.913311 1.07479 2.10444 0.905511 0.85596 0.80556 1.13782 1.98414 1.86501 1.28925 1.76192 1.84337 1.43106 1.59938 1.73425
threshold=0.0063000000081956395 0.0010500000207684936 0.0024500000290572648 0.0046500000171363362 0.070250000804662718 0.0046500000171363362 0.0012500000302679839 0.031749999150633819 0.0060499999672174462 0.50740000605583202 0.024950000457465652 0.0010500000207684936 0.0010500000207684936 0.0296000000089407 0.0044499998912215242 0.0013499999768100681 0.0012500000302679839 0.0019500000635161998 1.0000000180025095e-35 0.0017499999958090486 0.0010500000207684936 0.0010500000207684936 0.0010500000207684936 1.0000000180025095e-35 0.0015499999863095584 0.0080500002950429934 1.0000000180025095e-35 0.0038499999791383748 0.0011500000255182388 0.0022500000195577745
decision_type=2 2 2 2 2 2 2 2 2 2 2 2 2 2 2 2 2 2 2 2 2 2 2 2 2 2 2 2 2 2
left_child=1 4 3 -3 7 -6 -7 9 -2 10 11 20 13 15 19 16 17 -13 -19 -14 21 24 -23 -24 25 26 -1 28 29 -27
right_child=8 2 -4 -5 5 6 -8 -9 -10 -11 -12 12 14 -15 -16 -17 -18 18 -20 -21 -22 22 23 -25 -26 27 -28 -29 -30 -31
leaf_value=0.00027019587044565976 0.0030029803075955221 -0.044170404795390632 0.037868452153945575 0.040043513503044463 0.055196371852381867 -0.050905520965986675 0.044401411984644902 -0.033005970508194475 0.053198718901630949 0.038577096521372999 -0.053785251553217318 -0.059930676463673706 0.029698985071373044 0.041278673768292085 -0.048706501194807073 0.027838480083146641 -0.046164405989379736 -0.035986457274713682 0.04741104194837336 -0.051154062831120332 -0.0053404786760100683 0.023177677695302192 -0.032697543713084219 0.029983635266040046 -0.018505140053656836 -0.0031687504647039838 -0.054443581599912499 -0.02584832911808457 0.060358064196289807 0.040354897719646086
leaf_weight=37.620690784533508 2.8766334346728395 3.4845235138200219 0.96841526858042914 0.41712149861268688 1.3939849026501172 0.53679115511476971 0.54635350103490055 1.8256742663506873 1.0594519842416046 1.2282038176781487 0.73845510650426049 1.1589227840304341 3.2000028139445926 0.80520907230675298 0.80782553739845742 0.70587287005037058 4.7848463493864983 0.43169791623949993 1.3228823430836198 0.36464205291122187 31.580064479727298 15.538970935391264 3.6055105739505953 1.7689445624127982 7.7121739818830966 5.3558527192799357 1.6051059192977835 1.5701108885696147 2.5132424421608439 3.9967137080384418
leaf_count=277 79 93 30 11 9 19 14 80 11 26 12 18 47 10 30 10 87 5 12 12 509 163 38 41 77 47 29 21 13 54
internal_value=-3.78116e-05 -0.000511315 -0.020644 -0.0351672 0.000227445 0.0298233 -0.00283135 -0.000335453 0.0165139 0.00012902 -0.000242259 7.04285e-05 -0.0112823 -0.0206606 0.00847063 -0.026595 -0.0315861 -0.00764409 0.0268919 0.0214282 0.00143656 0.00406943 0.0141204 -0.0120667 0.000587799 0.00338391 -0.00196867 0.0190106 0.0249465 0.0154306
internal_weight=141.525 137.589 4.87006 3.90165 132.719 2.47713 1.08314 130.242 3.93609 128.416 127.188 126.449 13.5819 9.20943 4.37247 8.40422 7.69835 2.9135 1.75458 3.56464 112.867 81.2873 20.9134 5.37446 60.3739 52.6617 39.2258 13.4359 11.8658 9.35257
internal_count=1884 1794 134 104 1660 42 33 1618 90 1538 1512 1500 231 142 89 132 122 35 17 59 1269 760 242 79 518 441 306 135 114 101
is_linear=0
shrinkage=0.05


Tree=185
num_leaves=31
num_cat=0
split_feature=301 129 299 306 53 269 237 149 306 153 306 173 212 120 47 130 96 306 306 292 171 96 306 306 96 306 306 306 292 256
split_gain=0.44145 0.515516 0.957057 0.956166 0.888001 0.810096 1.26498 1.16384 0.88844 1.23535 1.17411 1.11573 0.901855 1.16443 0.804862 0.724161 0.675606 2.46509 0.982467 0.990839 0.959468 0.977003 0.891561 1.2173 0.878579 0.821535 2.2319 1.22381 1.84396 1.64443
threshold=0.00035000000207219278 0.0010500000207684936 0.0015499999863095584 0.01722997892647982 0.0030500000575557355 0.027600000612437729 0.0098500000312924402 0.0068500000052154073 0.086533747613430037 0.0018500000005587938 0.038237623870372779 0.0010500000207684936 0.0047500000800937423 0.067350000143051161 0.0020500000100582842 0.0012500000302679839 0.0010500000207684936 0.0015999999595806005 0.0045934028457850226 1.0000000180025095e-35 0.0012500000302679839 0.0018500000005587938 0.0024492300581187014 1.0000000180025095e-35 0.0011500000255182388 0.0076787946745753297 0.011601181235164406 0.020456618629395965 0.0062500000931322583 0.0018500000005587938
decision_type=2 2 2 2 2 2 2 2 2 2 2 2 2 2 2 2 2 2 2 2 2 2 2 2 2 2 2 2 2 2
left_child=1 2 4 -3 15 6 8 -8 10 -10 -5 12 13 -11 -15 16 18 -18 19 22 21 24 23 -1 -19 -20 -27 28 -28 -29
right_child=-2 3 -4 5 -6 -7 7 -9 9 11 -12 -13 -14 14 -16 -17 17 20 25 -21 -22 -23 -24 -25 -26 26 27 29 -30 -31
leaf_value=-0.015420598976423481 0.040567985124546631 -0.060550403077903485 0.051817981712121368 0.01521030951424931 -0.033256670194242298 0.025713869734655333 -0.048529914475900972 0.0097184035342629729 0.047009345735536535 -0.052306620479720879 -0.046714499784553859 0.044019468682246696 0.025411199898919559 -0.051041432906179657 0.044491690090571703 -0.056060988735549683 0.13593421753867638 0.04461190813914661 0.025643282476576598 -0.054126721502384817 -0.04414648155979168 0.049105079805985663 -0.033783458882169826 0.029042399437148793 -0.035690837018404128 -0.041370358312216464 0.028965723206504909 -0.021900032780136316 -0.054190022158066176 0.0028538217491739688
leaf_weight=4.0327709242701513 0.66616479840013099 0.83667456579860555 0.91569505020743136 1.2857985473237916 1.9164866689825419 1.8167982306331385 3.1018606885336331 1.1852524755522607 1.7176911844871936 1.8621918282005943 1.8914943559211677 1.0339477672241626 1.0457157203927634 0.32285645883530356 0.69522951263934374 0.55252016801386972 0.42035558819770713 0.52067046426236696 3.5640008551999918 1.3456372618675221 0.70875377766787995 1.4987933747470377 2.4578837815206498 2.489731929032132 0.9849395677447319 2.9855672442354253 7.2314022080972782 7.2979133538901797 0.73436717456206668 83.16502442752244
leaf_count=11 46 17 43 16 113 38 54 25 16 50 43 14 17 17 9 9 1 5 33 10 13 17 23 13 18 33 41 91 5 1043
internal_value=-3.76481e-05 -0.000231391 0.000892121 -0.00844743 0.000509595 -0.00571583 -0.00975354 -0.0324261 0.000109525 0.0104651 -0.0216545 -0.00219062 -0.0143605 -0.0288 0.0141961 0.00104891 0.0013131 0.0211745 0.000601097 -0.0141149 0.00818284 0.0205276 -0.00811945 0.00155156 -0.00792052 0.00204861 0.00121942 0.00251127 0.0212996 0.000856855
internal_weight=140.284 139.618 122.823 16.7955 121.907 15.9588 14.142 4.28711 9.85493 6.67763 3.17729 4.95994 3.92599 2.88028 1.01809 119.99 119.438 4.13351 115.304 10.326 3.71316 3.0044 8.98039 6.5225 1.50561 104.978 101.414 98.4287 7.96577 90.4629
internal_count=1884 1838 1522 316 1479 299 261 79 182 123 59 107 93 76 26 1366 1357 54 1303 57 53 40 47 24 23 1246 1213 1180 46 1134
is_linear=0
shrinkage=0.05


Tree=186
num_leaves=31
num_cat=0
split_feature=205 87 217 217 116 91 243 243 43 121 163 163 195 256 196 36 6 105 307 308 246 120 116 195 120 232 307 232 307 207
split_gain=0.435136 0.485289 0.662342 0.614734 1.04949 0.760496 0.618848 0.668833 0.610842 0.62861 0.604489 0.961535 1.04877 2.55999 3.05681 1.45666 1.00854 1.90368 1.14779 1.13812 1.00844 0.991463 0.942869 0.926281 2.26734 1.97932 1.76289 1.77529 2.21094 1.57614
threshold=0.0013499999768100681 0.038150001317262656 0.018050000071525577 0.0043500000610947618 0.0043500000610947618 0.0011500000255182388 0.020200000144541267 0.014099999796599151 0.0073499998543411502 0.0050000001210719356 0.018250000663101677 0.0013499999768100681 0.0094499997794628161 0.013050000183284284 0.012349999975413086 0.0014499999815598132 1.0000000180025095e-35 1.0000000180025095e-35 0.1105298548936844 0.00029999000253155833 0.0022500000195577745 0.0014499999815598132 0.002549999975599349 0.0010500000207684936 0.012950000353157522 0.0093499999493360537 0.0037476010620594029 1.0000000180025095e-35 0.0032973400084301834 0.0073500000871717939
decision_type=2 2 2 2 2 2 2 2 2 2 2 2 2 2 2 2 2 2 2 2 2 2 2 2 2 2 2 2 2 2
left_child=1 2 3 6 5 -5 7 8 9 10 11 12 16 14 -14 20 18 19 23 -18 -15 -20 -19 -1 25 26 27 28 -25 -28
right_child=-2 -3 -4 4 -6 -7 -8 -9 -10 -11 -12 -13 13 15 -16 -17 17 22 21 -21 -22 -23 -24 24 -26 -27 29 -29 -30 -31
leaf_value=-0.0026560333020900643 0.036628905600724924 0.044357072284596628 -0.037619406218631322 0.047222782525531637 -0.035217707929755607 -0.031490097483178631 0.055291001851003732 -0.038957534431555856 -0.051360944464713114 0.032418538784323193 -0.019553322580815647 0.010048784972855324 -0.049871769722076631 0.022750526305394626 0.027266667056962568 -0.047830933108883582 -0.054107872382945066 0.045268404484973122 0.054923928196068839 -0.0011917415279536451 -0.020874024188214029 -0.0055606807075476066 -0.053097758050399638 -0.059789488979792041 -0.052865314364460098 0.044747516172970285 -0.025601039342132106 0.035651327005984175 0.061726737163917016 0.023906731943479007
leaf_weight=59.231236412015278 0.80435606607352284 0.60696385055780311 1.1881812384817738 2.1755658586043864 0.64731719251722086 0.35725402738898981 0.49266456195618857 1.1416136674815778 0.58819618844427068 1.4523618896491814 4.0996901703765607 19.871313861338422 6.2819793045055148 5.9256801538867858 1.6143411658704279 1.1299041374877559 2.9734864470083258 1.3220518722664563 1.8298285937635221 1.5436488260165786 1.7061641626060007 1.075897804345004 0.2986433038022368 1.1957412287592939 1.3592153819045041 4.1121655188035211 5.4879205899778754 5.9568327227607369 0.54490493237972248 2.2736881840974092
leaf_count=504 76 9 23 49 23 8 15 17 34 27 79 273 135 74 18 47 67 20 58 38 26 29 12 18 42 35 64 40 2 22
internal_value=-4.02202e-05 -0.000253205 -0.000449588 -0.000126487 0.0215995 0.0361203 -0.000643991 -0.000851162 -0.000521283 -0.000293509 -0.000659435 -4.33825e-05 -0.00193776 -0.0134543 -0.0341014 0.00515348 0.000212824 -0.0193454 0.00165798 -0.0360247 0.0129979 0.0325284 0.0271426 0.000538975 0.00958054 0.0139174 0.00571647 0.0226712 -0.0217491 -0.0110982
internal_weight=139.289 138.484 137.877 136.689 3.18014 2.53282 133.509 133.017 131.875 131.287 129.834 125.735 105.863 16.6581 7.89632 8.76175 89.2053 6.13783 83.0674 4.51714 7.63184 2.90573 1.6207 80.1617 20.9305 19.5713 15.4591 7.69748 1.74065 7.76161
internal_count=1884 1808 1799 1776 80 57 1696 1681 1664 1630 1603 1524 1251 300 153 147 951 137 814 105 100 87 32 727 223 181 146 60 20 86
is_linear=0
shrinkage=0.05


Tree=187
num_leaves=31
num_cat=0
split_feature=247 247 232 99 247 237 196 153 96 144 224 87 305 6 246 196 149 222 196 195 232 218 218 292 249 242 195 32 234 237
split_gain=0.431232 0.63419 1.0854 0.487684 0.451964 1.21811 1.90978 1.63797 1.62409 1.51133 1.56627 1.3606 1.24335 1.29908 1.18846 1.16113 1.08191 1.06571 1.65469 1.63131 1.45068 1.1512 1.13614 1.04735 0.983282 0.867496 0.936521 1.70054 1.61014 1.55197
threshold=0.41320000588893896 0.2642000019550324 0.003249999950639904 0.0010500000207684936 0.0068500000052154073 0.0076500000432133683 0.0073500000871717939 0.014099999796599151 1.0000000180025095e-35 0.0023500000825151805 0.004399999976158143 0.0017499999958090486 0.0038499999791383748 0.0040500001050531873 1.0000000180025095e-35 0.0010500000207684936 0.0013499999768100681 0.0010500000207684936 0.0010500000207684936 0.0035500000230968003 0.012450000271201135 0.12215000018477441 0.073150001466274275 0.012850000057369472 1.0000000180025095e-35 0.0075000000651925811 0.0020500000100582842 0.0010500000207684936 0.0036500000860542063 0.0016499999910593035
decision_type=2 2 2 2 2 2 2 2 2 2 2 2 2 2 2 2 2 2 2 2 2 2 2 2 2 2 2 2 2 2
left_child=1 4 -3 -2 17 6 11 8 9 10 -7 14 13 -9 -6 -12 -15 21 20 -20 -19 22 25 -16 -11 26 29 28 -28 -1
right_child=3 2 -4 -5 5 7 -8 12 -10 24 15 -13 -14 16 23 -17 -18 18 19 -21 -22 -23 -24 -25 -26 -27 27 -29 -30 -31
leaf_value=-0.0026413937427113236 0.049361981786006821 -0.056135529240385146 0.035132511966696374 -0.029516555348934787 -0.052134430330844556 0.050245532471572478 0.042031585563875928 -0.030186241573586722 -0.026325486629584345 -0.041732950437614574 0.034309562011628748 0.019389283981469448 0.018466441808631811 0.043297036680466167 0.05022736482007522 -0.035739047820384111 -0.029552417978736197 -0.057910449133720676 0.045652496102432022 -0.019512640729402425 -0.0072860861834574192 0.054520993266718901 -0.033108316142211852 -0.044684342963656268 0.042410403998583375 -0.051184116391821778 0.00068799023971094964 -0.047265607313789884 -0.043792832783663818 0.013561037631608243
leaf_weight=33.099872461752966 0.84697602177038678 1.1920662214979518 0.44824703410267819 0.25494037877069786 3.4536782868672189 6.8166516149067338 1.31913933949545 4.8380695825908315 1.437444730894639 1.0816396083682764 1.3345353947952392 1.3674096373142672 4.2744103443692438 1.3738059215247633 0.62654518242925383 1.0626560118689665 0.81024041597265739 3.0695665272651222 1.6413540226640182 2.314835068769753 2.6255258833407424 0.96272731316275795 2.5871597088407716 0.54220365080982447 0.51133392757037643 0.80495968426111986 26.083487041061751 2.3249794151633969 2.2066181066911659 26.702726365590934
leaf_count=288 10 15 7 12 74 68 16 89 37 13 13 33 90 10 7 19 26 38 34 50 55 16 36 14 12 9 437 42 47 267
internal_value=-4.11756e-05 -0.000291909 -0.0311948 0.0311126 8.28166e-05 0.0054001 -0.0124306 0.0109362 0.0236045 0.0302458 0.0380205 -0.0244248 -0.00279491 -0.0157368 -0.037386 0.00325757 0.0162712 -0.00148806 -0.0173165 0.00752324 -0.0345718 0.000123851 -0.000434402 0.00619611 -0.0147235 0.00049226 0.000952319 -0.00615972 -0.0027815 0.00459323
internal_weight=138.016 136.914 1.64031 1.10192 135.274 30.8498 7.30898 23.5408 12.2443 10.8068 9.21384 5.98984 11.2965 7.02212 4.62243 2.39719 2.18405 104.424 9.65128 3.95619 5.69509 94.7725 93.8098 1.16875 1.59297 91.2226 90.4177 30.6151 28.2901 59.8026
internal_count=1884 1862 22 22 1840 521 144 377 162 125 100 128 215 125 95 32 36 1319 177 84 93 1142 1126 21 25 1090 1081 526 484 555
is_linear=0
shrinkage=0.05


Tree=188
num_leaves=31
num_cat=0
split_feature=218 306 243 215 247 267 144 304 87 256 306 306 306 99 306 204 204 32 256 204 256 222 306 306 243 267 149 267 309 270
split_gain=0.423168 1.8034 1.48112 1.19008 1.15336 1.29295 1.57084 1.29569 1.38621 1.28657 1.60618 1.55822 1.10208 0.965842 0.954316 1.5848 1.83511 1.54759 1.47461 1.56927 1.03047 1.09588 0.900663 0.916805 2.19402 0.734626 3.23639 2.34406 2.27277 2.27261
threshold=1.0000000180025095e-35 0.012880790513008835 1.0000000180025095e-35 1.0000000180025095e-35 1.0000000180025095e-35 0.0013499999768100681 0.0039500000420957812 0.0011500000255182388 0.0010500000207684936 0.0010500000207684936 0.0024492300581187014 0.0049499999731779107 0.0024492300581187014 0.0043500000610947618 0.021205288358032707 0.0023500000825151805 0.0014499999815598132 0.0047000001650303611 0.0018500000005587938 0.0018500000005587938 0.0011500000255182388 0.0046500000171363362 0.019540747627615932 0.016337962821125988 0.0027499999850988392 0.0012500000302679839 1.0000000180025095e-35 0.0016499999910593035 0.92393073439598095 0.0012500000302679839
decision_type=2 2 2 2 2 2 2 2 2 2 2 2 2 2 2 2 2 2 2 2 2 2 2 2 2 2 2 2 2 2
left_child=2 3 4 -2 5 6 7 8 9 12 -11 -12 -1 -4 15 16 17 22 19 -16 -21 -22 23 24 -3 26 29 28 -27 -20
right_child=1 14 13 -5 -6 -7 -8 -9 -10 10 11 -13 -14 -15 18 -17 -18 -19 25 20 21 -23 -24 -25 -26 27 -28 -29 -30 -31
leaf_value=-0.0096910143574555144 -0.052003361008250516 -0.056850417361757138 0.056667849669774999 0.060513438981066606 -0.048661151326521823 0.038129628587252704 -0.052245972159936122 0.056730987129480638 0.046004391192182033 0.070707418692056948 -0.041200669164037952 0.014546501782551197 -0.059241922058433039 -0.033109741963162471 -0.042963903269371023 -0.059009132819187793 0.064786005035859059 -0.054309921222093209 0.024802464331998654 0.040794648211661913 -0.051897547200981942 0.061693449419773276 -0.02177764886381631 0.058549721738718474 0.061966973272536877 0.023258357312890204 -0.032216981857000018 0.00032166109753344095 -0.048504073557198595 -0.035347485880914145
leaf_weight=6.4592268355190958 2.4891351073747496 0.74393161013722353 2.0213600253628097 0.25950720906257618 1.0756533364765335 2.5138109956169492 1.3381746285594989 1.0901276245713223 1.5302722677588452 0.9638139307498913 1.6190306991338728 5.5520376120693982 1.3580888612195847 0.351702595129609 4.1918391874060026 0.63422150909900654 1.9461783580482004 0.84036208875477303 14.462132038199348 1.1891486942768099 0.9020670363679526 0.27769801020622253 0.98756219074130047 1.6681953463703392 0.81326374039053917 1.4371906975284208 3.9461478387238449 67.598573700175621 4.7493835664354265 1.7616286645643402
leaf_count=22 52 8 27 1 24 55 40 9 8 4 10 43 15 7 62 5 9 4 119 10 19 1 8 8 4 17 57 1181 41 14
internal_value=-4.18792e-05 -0.00138524 0.00571603 -0.0413803 0.0019145 0.0043405 7.44895e-05 0.00384423 0.000546454 -0.00381426 0.0101054 0.00196032 -0.0182994 0.0433623 -0.000368756 0.0166745 0.0235322 0.00764414 -0.00166311 -0.024581 0.00794794 -0.02516 0.0200022 0.0327945 0.00520337 -6.2791e-05 0.00839341 -0.00237438 -0.0318331 0.0182712
internal_weight=136.771 110.898 25.8733 2.74864 23.5002 22.4246 19.9108 18.5726 17.4825 15.9522 8.13488 7.17107 7.81732 2.37306 108.15 7.63371 6.99949 5.05331 100.516 6.56075 2.36891 1.17977 4.21295 3.22539 1.5572 93.9551 20.1699 73.7851 6.18657 16.2238
internal_count=1884 1620 264 53 230 206 151 111 102 94 57 53 37 34 1567 46 41 32 1521 92 30 20 28 20 12 1429 190 1239 58 133
is_linear=0
shrinkage=0.05


Tree=189
num_leaves=31
num_cat=0
split_feature=301 129 299 306 66 96 306 307 270 307 169 246 89 256 232 306 269 163 212 256 237 176 153 238 218 308 306 232 163 213
split_gain=0.413151 0.503437 0.903888 0.889617 0.722247 1.23615 1.82296 0.793267 1.97314 1.58387 1.73997 1.60366 1.57654 1.53182 1.54827 2.06135 2.25535 1.61942 1.53939 1.58387 1.47847 1.45336 1.38839 1.98311 1.45677 1.43212 2.39609 1.90754 1.74795 1.40991
threshold=0.00035000000207219278 0.0010500000207684936 0.0015499999863095584 0.01722997892647982 1.0000000180025095e-35 0.0010500000207684936 0.0015999999595806005 0.0020494500640779738 0.0021499999566003685 0.0014499999815598132 0.0010500000207684936 0.0039500000420957812 0.0014499999815598132 0.0012500000302679839 0.0023500000825151805 0.10418883338570596 0.0018500000005587938 0.0013499999768100681 0.0030500000575557355 0.0016499999910593035 0.0065500000491738328 0.0064499999862164268 0.0056499999482184657 0.0031500000040978198 0.00335000001359731 1.0000000180025095e-35 0.0076787946745753297 0.01060000015422702 0.002549999975599349 0.0016499999910593035
decision_type=2 2 2 2 2 2 2 2 2 2 2 2 2 2 2 2 2 2 2 2 2 2 2 2 2 2 2 2 2 2
left_child=1 2 4 -3 5 7 -7 8 9 10 11 22 -13 -9 17 16 18 -15 19 -16 21 -17 23 25 -25 28 -27 -28 -1 -24
right_child=-2 3 -4 -5 -6 6 -8 13 -10 -11 -12 12 -14 14 15 20 -18 -19 -20 -21 -22 -23 29 24 -26 26 27 -29 -30 -31
leaf_value=-0.029374775768180785 0.040092985700562606 -0.060288350361899556 0.051170532702261885 -0.0058749148456308294 -0.039003066540599027 0.12614476342247252 0.016602787591935671 0.036566965359379353 0.058240614439308815 -0.042279410829128033 0.037513250727616292 0.05237463423251041 -0.026318653901550866 -0.019077223781467378 -0.051228553816050772 -0.027928572305843669 -0.029420908275515096 0.0077681189356690484 -0.030033770326959947 0.042991239160034056 0.0070893185892372135 0.031853087012756118 0.02299290344562871 0.060625698854970579 -0.028203196764169366 0.0540113485600262 -0.024483058434440097 0.037775495294965607 0.03473828204240368 -0.05372061791430343
leaf_weight=17.562158592510979 0.63812285551102732 0.79021727421786536 0.88702128350268949 15.19642558932537 1.1453830957179878 0.43252366781234686 3.1158517722506076 3.3136613466776899 1.1963867768645275 2.9420721596106878 2.345704060047864 2.0812811828218396 0.91681960155256081 14.271809027151905 0.46813431382178983 6.4915618388331522 1.6776877949014295 9.2644291186588799 0.89187627565115768 9.4513623401871865 20.766786801279522 1.2054544193088075 4.7985521759837857 1.4608007520437234 0.67474376154132176 1.603979043662547 6.5966528032440674 1.5123826833441851 1.1316063255071629 0.68436616752296675
leaf_count=133 46 17 43 299 27 1 48 28 7 47 16 13 12 267 1 123 13 136 8 72 347 18 61 7 11 11 51 7 6 8
internal_value=-4.42154e-05 -0.000234109 0.000886042 -0.00856456 0.00050806 0.000895326 0.0299552 -1.47017e-05 -0.00512125 -0.006832 -0.00431106 -0.00682513 0.0283102 0.00341268 0.00170911 0.00758233 0.0245173 -0.00851025 0.0328874 0.0385447 0.000151763 -0.018566 -0.00974917 -0.0139081 0.0325594 -0.0174014 -0.00182664 -0.0128715 -0.0254938 0.0134177
internal_weight=135.516 134.878 118.891 15.9866 118.004 116.859 3.54838 113.31 45.5075 44.3111 41.369 39.0233 2.9981 67.8028 64.4891 40.9529 12.4891 23.5362 10.8114 9.9195 28.4638 7.69702 36.0252 30.5423 2.13554 28.4068 9.71301 8.10904 18.6938 5.48292
internal_count=1884 1838 1522 316 1479 1452 49 1403 390 383 336 320 25 1013 985 582 94 403 81 73 488 141 295 226 18 208 69 58 139 69
is_linear=0
shrinkage=0.05


Tree=190
num_leaves=31
num_cat=0
split_feature=144 1 105 253 247 207 271 308 129 256 53 279 53 218 123 169 42 163 256 102 120 195 234 299 232 182 239 99 279 182
split_gain=0.410435 0.557177 0.593061 0.584691 0.858347 0.861908 0.886172 0.720935 0.921712 1.07247 0.993032 0.927149 1.0933 1.03768 0.935421 0.882014 0.951372 0.872114 1.02632 0.9675 0.949844 0.846662 0.820374 0.784864 0.786206 0.920291 0.860401 0.849637 1.30223 1.93303
threshold=0.53134998679161083 0.0018500000005587938 0.0020500000100582842 0.0072500000242143878 0.41320000588893896 0.074599999934434905 0.0060499999672174462 0.0038964110426604752 0.0010500000207684936 0.071750000119209303 0.0030500000575557355 0.0010500000207684936 0.0022500000195577745 0.0011500000255182388 0.002549999975599349 0.0093499999493360537 0.0018500000005587938 0.01625000033527613 0.051500000059604652 0.0047500000800937423 0.01710000075399876 0.011549999937415125 1.0000000180025095e-35 0.0016499999910593035 0.042050000280141837 0.01480000000447035 0.0010500000207684936 0.0077499998733401307 0.0016499999910593035 0.0013499999768100681
decision_type=2 2 2 2 2 2 2 2 2 2 2 2 2 2 2 2 2 2 2 2 2 2 2 2 2 2 2 2 2 2
left_child=1 3 -3 7 5 -5 -7 8 10 11 15 13 22 -10 -14 16 23 19 -19 -17 -21 -15 -13 24 25 27 -26 -1 29 -29
right_child=-2 2 -4 4 -6 6 -8 -9 9 -11 -12 12 14 21 -16 17 -18 18 -20 20 -22 -23 -24 -25 26 -27 -28 28 -30 -31
leaf_value=0.0028898697031875904 -0.051159498984535534 0.042144990645401892 -0.054479820257470404 -0.037359352786103937 0.029787390888487138 -0.032385977523753363 0.050079088263797637 0.020677853295888036 -0.05302156326246104 0.020513195102185994 -0.039055924447708806 -0.044460640288294197 0.048844329187359932 0.036899098508160977 -0.051049559628415814 0.049951904825459303 -0.051924582482094778 -0.054899276982187106 0.052187463489332453 -0.050997188521605057 0.048410133254521037 -0.051055710656840496 0.014428569247413647 0.049794914807850504 -0.027123112578987842 0.03410956171750959 0.042703726067659091 -0.052174871654393745 -0.018034369054742663 0.052634806065268713
leaf_weight=83.276106096222065 0.39156433963216741 1.3137764518323809 0.18063932145014394 3.4640087276347904 0.86634656379465003 0.62904253369197227 0.67572824278613552 4.2626387074997174 0.58970411261543487 1.9191813119687129 1.5136342545447394 5.3751600501127541 0.72946343198418595 1.6680557229556141 0.34527877887012437 2.6700049443170424 0.8494218805572008 0.6568955429829656 0.33931927056983113 0.55736432317644347 0.42242422141134739 0.32729522511363018 0.66451131738722313 0.82454674004111339 4.0491045509115784 2.1500561927095978 0.49510291754268099 0.60497757839038913 10.778972815955056 1.6124359837267546
leaf_count=745 21 38 5 65 12 11 14 146 18 41 94 106 5 18 25 34 27 9 7 12 5 10 8 22 67 50 16 29 208 16
internal_value=-4.35646e-05 0.000106013 0.0304653 -0.000236872 -0.015996 -0.0243134 0.0103219 0.000464132 -0.000239711 -0.0136376 0.00116521 -0.0203948 -0.0297131 0.00525034 0.0167518 0.00172227 0.000775788 0.0230397 -0.0184246 0.0343574 -0.0081389 0.022472 -0.0379814 0.00120708 0.000817998 0.00175679 -0.0195153 0.00103426 -0.0108558 0.0240396
internal_weight=134.203 133.811 1.49442 132.317 5.63513 4.76878 1.30477 126.682 122.419 11.6186 110.8 9.69947 7.11441 2.58506 1.07474 109.287 104.641 4.64601 0.996215 3.64979 0.979789 1.99535 6.03967 103.791 102.967 98.4225 4.54421 96.2725 12.9964 2.21741
internal_count=1884 1863 43 1820 102 90 25 1718 1572 231 1341 190 144 46 30 1247 1180 67 16 51 17 28 114 1153 1131 1048 83 998 253 45
is_linear=0
shrinkage=0.05


Tree=191
num_leaves=31
num_cat=0
split_feature=295 99 195 295 198 292 32 129 89 195 267 269 270 120 50 299 66 96 306 307 120 270 256 232 306 212 163 238 256 169
split_gain=0.415466 0.785463 0.737773 0.649212 0.57157 0.534801 0.534013 0.535961 1.11501 1.13112 0.807259 1.10914 1.06742 1.01925 0.775624 0.722983 0.673056 1.05695 1.58993 0.836172 1.84961 1.66414 1.42522 1.55382 2.15304 1.81557 1.50621 1.35529 1.34508 1.31117
threshold=0.0024500000290572648 0.0010500000207684936 1.0000000180025095e-35 0.0023500000825151805 0.0086500002071261423 0.012950000353157522 0.088500000536441817 0.0010500000207684936 0.0010500000207684936 1.0000000180025095e-35 0.0018500000005587938 0.027600000612437729 0.0013499999768100681 0.0046500000171363362 0.0069000001531094321 0.0015499999863095584 1.0000000180025095e-35 0.0010500000207684936 0.0015999999595806005 0.0020494500640779738 0.0020500000100582842 0.0021499999566003685 0.0012500000302679839 0.0023500000825151805 0.10129897668957712 0.0030500000575557355 0.0013499999768100681 0.002549999975599349 0.0016499999910593035 0.0022500000195577745
decision_type=2 2 2 2 2 2 2 2 2 2 2 2 2 2 2 2 2 2 2 2 2 2 2 2 2 2 2 2 2 2
left_child=3 2 5 6 -4 -2 7 15 9 -9 13 12 -12 -11 -10 16 17 19 -19 20 21 27 -21 26 25 28 -24 29 -25 -1
right_child=1 -3 4 -5 -6 -7 -8 8 14 10 11 -13 -14 -15 -16 -17 -18 18 -20 22 -22 -23 23 24 -26 -27 -28 -29 -30 -31
leaf_value=-0.0074397262680057979 0.050895985116794343 0.041678284827544113 0.053417308950166248 -0.03782099878445444 -0.038008311789168921 -0.043176097519066849 -0.04073634633204401 -0.048299889294595187 0.02057902168847052 0.026716846284890183 -0.051256696595369633 0.022042540244642358 0.019673432708504759 -0.051905616156457904 -0.021598892308140809 0.048368473249346948 -0.041708486054263652 0.11692694558878758 0.015489519927839673 0.036629466886717504 -0.037842228916936185 0.057783886920902611 -0.018330775366197264 -0.051170581047379884 0.00067012204634101413 -0.033658162269147134 0.007907634138588103 0.027668710805244662 0.03753775651599129 0.065049176075599485
leaf_weight=35.712193423649296 0.17681787675246585 1.6882623631390741 0.67322222009534005 1.1562155646970484 0.22913643158972263 1.0379796230117788 0.80678858561441202 2.4650179401505721 4.0121502231340846 2.2394459210336213 2.6052860363852237 1.0596812358126042 0.66600392316468049 0.50521251838654269 1.4965587886981664 0.80851302901282807 0.91850563406478514 0.44246616959571783 3.0430418902542442 3.1983452806016421 3.8772475421428672 1.1427479162812222 13.723326706269292 0.44705480337142844 25.322448159538908 1.1128429006785143 9.0940782487741654 3.2205092702060929 9.6828569610952382 0.63490739464759727
leaf_count=271 24 70 31 12 11 28 28 46 72 24 59 16 14 18 63 21 23 1 41 26 77 7 255 1 399 12 134 25 73 2
internal_value=-4.33226e-05 0.01624 -0.00404503 -0.000522209 0.0302016 -0.0294836 -0.000185915 7.08183e-05 -0.00879028 -0.0191318 -0.00897025 -0.0224148 -0.036816 0.0122447 0.00912049 0.00125744 0.000916049 0.00126986 0.0283664 0.000388584 -0.00484378 -0.00170102 0.00411653 0.00236539 0.00875449 0.0269632 -0.00787323 -0.00341899 0.0336229 -0.0061735
internal_weight=133.199 3.80542 2.11716 129.393 0.902359 1.2148 128.237 127.43 15.0494 9.54065 7.07563 4.33097 3.27129 2.74466 5.50871 112.381 111.573 110.654 3.48551 107.169 44.5876 40.7104 62.581 59.3826 36.5652 11.2428 22.8174 39.5676 10.1299 36.3471
internal_count=1884 164 94 1720 42 52 1708 1680 312 177 131 89 73 42 135 1368 1347 1324 42 1282 382 305 900 874 485 86 389 298 74 273
is_linear=0
shrinkage=0.05


Tree=192
num_leaves=31
num_cat=0
split_feature=218 243 237 25 267 186 237 237 246 116 220 232 170 293 237 25 232 292 218 267 121 93 218 237 267 279 196 163 292 238
split_gain=0.431553 1.32596 1.03851 3.30135 2.07276 1.88213 1.67306 1.78258 1.55362 1.53393 1.47234 1.43244 1.42573 1.28802 1.27357 1.36669 1.22197 1.20373 1.2883 1.16097 1.74336 1.49011 1.14064 2.04167 1.76343 1.27305 1.1435 1.52941 1.18647 1.46192
threshold=1.0000000180025095e-35 1.0000000180025095e-35 0.0016499999910593035 0.0015499999863095584 0.0056499999482184657 0.0010500000207684936 0.0027499999850988392 0.0030500000575557355 0.0014499999815598132 0.0012500000302679839 0.0014499999815598132 0.057649999856948859 1.0000000180025095e-35 1.0000000180025095e-35 0.00335000001359731 0.0018500000005587938 0.017549999989569191 0.0014499999815598132 0.0017499999958090486 0.0018500000005587938 0.0017499999958090486 0.0028499999316409235 0.0082499999552965182 0.0052499999292194852 0.0030500000575557355 1.0000000180025095e-35 0.0013499999768100681 0.0087500000372529047 0.0027499999850988392 0.0035500000230968003
decision_type=2 2 2 2 2 2 2 2 2 2 2 2 2 2 2 2 2 2 2 2 2 2 2 2 2 2 2 2 2 2
left_child=1 -1 3 4 5 10 9 13 19 11 -2 12 -4 -8 15 -9 -10 -16 -19 -5 21 -21 26 25 -25 -24 28 -28 29 -20
right_child=2 -3 6 8 -6 -7 7 14 16 -11 -12 -13 -14 -15 17 -17 -18 18 22 20 -22 -23 23 24 -26 -27 27 -29 -30 -31
leaf_value=0.0022667487854467162 -0.046083474353385813 0.042666032877797973 0.041337372608031199 0.035659679326608004 0.05016559537695077 0.044046619183722213 -0.054914222582731299 0.05192631290966692 -0.051411049255379627 -0.014614891169738435 0.046329831688472475 -0.040096463983395787 -0.017581194114194409 0.025875193908453747 -0.038515048529583047 -0.03959368017788964 0.021126107690307035 0.036088862560025012 0.048649736259639927 -0.053764329867633312 0.043479977326168456 0.056723947785111854 0.042959650955602995 0.029049628286164215 0.0017114720579732162 -0.030704625065207016 0.021767294734337563 -0.052534652304265711 -0.027206767624057396 -0.056596692511899853
leaf_weight=22.62112595723011 9.1931860515614936 2.2314121153904116 7.5520519432611728 4.7051068219589052 0.74730891542276445 0.68457091599702913 2.4875151841551992 2.098816335201263 1.6090234486619013 2.760670796793419 0.45220239181071598 0.71891407109797079 1.1883363518863914 0.61539775505661953 2.1259324908023691 0.50633184215985227 0.90839209663681675 2.3470315079321145 1.1618803553283239 1.5895806677290241 1.2223495787184218 0.37766127288341511 0.65079576894640823 7.1845592312165527 32.960140702169156 5.9372322599519975 3.7959222777863024 0.84712683485122386 10.401321415498385 0.46081235259771336
leaf_count=230 113 34 57 51 9 5 35 13 41 77 4 6 13 8 32 16 21 32 9 48 19 2 6 69 605 99 60 20 142 8
internal_value=-4.28609e-05 0.00589404 -0.00141808 -0.0112475 -0.0302476 -0.036065 0.00104377 -0.00180156 0.00896641 0.0181765 -0.0417509 0.0277466 0.0333269 -0.0388913 -0.00016862 0.0341387 -0.0252365 -0.00148543 -0.000288073 0.0198728 -0.00341504 -0.0325533 -0.00163473 0.00237043 0.00660409 -0.0234277 -0.0128648 0.00821086 -0.0210031 0.0187619
internal_weight=132.143 24.8525 107.29 21.4894 11.0773 10.33 85.8008 73.5808 10.4121 12.22 9.64539 9.4593 8.74039 3.10291 70.4779 2.60515 2.51742 67.8728 65.7468 7.8947 3.18959 1.96724 63.3998 46.7327 40.1447 6.58803 16.6671 4.64305 12.024 1.62269
internal_count=1884 264 1620 313 131 122 1307 1154 182 153 117 76 70 43 1111 29 62 1082 1050 120 69 50 1018 779 674 105 239 80 159 17
is_linear=0
shrinkage=0.05


Tree=193
num_leaves=31
num_cat=0
split_feature=179 25 226 267 153 243 144 197 50 308 246 238 167 149 99 279 279 256 144 238 238 207 87 309 87 102 256 43 270 270
split_gain=0.423747 0.723787 0.85708 0.764367 1.0907 1.03192 0.813807 0.671234 0.585697 0.793865 0.765182 0.726755 0.699451 0.634719 0.746237 1.10434 1.11904 1.47746 1.62352 1.14682 1.25433 1.07484 1.07335 1.05199 1.36877 1.63182 1.33137 1.44797 1.00904 1.50935
threshold=0.0010500000207684936 0.0013499999768100681 0.0022500000195577745 0.0087500000372529047 0.021600000560283664 0.0023500000825151805 0.0010500000207684936 0.034549999982118614 0.0058000001590698966 0.0094331176951527613 0.0064499999862164268 0.086449999362230315 0.0017499999958090486 0.13255000114440921 0.0028499999316409235 0.026899999938905243 0.01544999983161688 0.014349999837577345 0.0017499999958090486 0.0010500000207684936 0.0090499999932944792 0.0035500000230968003 0.0040500001050531873 0.99385511875152599 0.0015499999863095584 0.003249999950639904 0.0081500001251697558 0.0016499999910593035 0.0021499999566003685 0.0014499999815598132
decision_type=2 2 2 2 2 2 2 2 2 2 2 2 2 2 2 2 2 2 2 2 2 2 2 2 2 2 2 2 2 2
left_child=7 -2 3 -3 6 -6 -5 8 9 11 -11 13 -10 14 15 16 17 28 -19 21 -21 -18 -17 24 25 -16 27 -25 29 -1
right_child=1 2 -4 4 5 -7 -8 -9 12 10 -12 -13 -14 -15 23 22 19 18 -20 20 -22 -23 -24 26 -26 -27 -28 -29 -30 -31
leaf_value=-3.4081069416455149e-05 0.040070758630788766 0.0385084814495893 -0.021604628551976743 0.031387304902190903 0.034895807752797624 -0.026052936683736573 -0.042772120132271114 0.04026894940593196 -0.030704669062715892 0.045078035660103287 -0.047065163709714364 -0.041747489379102429 0.055792010659622505 0.03377886489421935 -0.033833086902554196 0.044540393409806089 -0.049001490585989536 0.047790083527543527 -0.0021190512677810359 0.054823650091906984 -0.04894173510662303 0.026484050637866349 -0.045760060661787338 -0.052259808275964131 0.0042967144897894218 -0.00021072326882450487 0.033731212470873649 0.034556020229679477 0.05974636148056698 -0.048684631252554372
leaf_weight=65.768662996590137 1.6151450627367001 2.0382295566378144 2.4698601955897175 0.47937253117561374 2.7259144717827444 0.93188772373832751 1.6204936685971914 0.97974196195718732 2.7072228514589365 1.573715548031031 0.26295610715169448 1.0971927093341935 0.25580579787492741 1.3074053085874755 9.7293658646522143 2.395761991559993 3.070204272109549 3.4592996424180447 3.0804144260473549 0.81653520546387859 0.45270643010735512 0.55715930578298856 0.38148142321733747 1.2450294888112687 7.828313518955837 5.7364681976323473 2.9871849529445171 0.7819260072428732 0.68574041477404435 1.6338429870083917
leaf_count=592 38 24 94 9 42 19 20 40 117 53 11 20 2 22 181 54 29 55 33 15 5 10 8 32 144 163 26 9 5 12
internal_value=-4.53802e-05 0.00895787 0.00406278 0.0121946 0.00287944 0.0193681 -0.0258425 -0.000945819 -0.00128856 -0.000722311 0.0318859 -0.00125225 -0.0232372 -0.000855249 -0.00126462 0.00114397 6.16049e-05 0.00158089 0.0242813 -0.0230935 0.0178132 -0.037407 0.0321367 -0.00826721 -0.0127391 -0.0213621 0.012508 -0.0187694 -0.000599428 -0.00121337
internal_weight=130.675 11.8809 10.2658 7.7959 5.75767 3.6578 2.09987 118.794 117.814 114.851 1.83667 113.015 2.96303 111.918 110.61 82.3018 79.5246 74.628 6.53971 4.89661 1.26924 3.62736 2.77724 28.3083 23.2941 15.4658 5.01414 2.02696 68.0882 67.4025
internal_count=1884 246 208 114 90 61 29 1638 1598 1479 64 1415 119 1395 1373 818 756 697 88 59 20 39 62 555 488 344 67 41 609 604
is_linear=0
shrinkage=0.05


Tree=194
num_leaves=31
num_cat=0
split_feature=295 99 195 295 308 198 66 32 129 173 129 129 232 299 246 161 256 53 293 63 173 204 36 109 222 204 247 247 204 144
split_gain=0.412778 0.705588 0.653681 0.565956 0.543839 0.519145 0.49878 0.497874 0.508712 1.01404 0.876332 0.767548 0.86488 0.674599 0.649111 0.643907 0.91261 0.649759 0.754416 0.639181 0.978168 0.997872 1.13759 1.01546 1.16992 0.952867 0.953006 1.0306 1.49131 2.18583
threshold=0.0024500000290572648 0.0010500000207684936 1.0000000180025095e-35 0.0023500000825151805 0.0010497550829313698 0.0086500002071261423 0.0013499999768100681 0.088500000536441817 0.0010500000207684936 0.0010500000207684936 0.0023500000825151805 0.0024500000290572648 0.13990000635385516 0.0015499999863095584 0.0081500001251697558 1.0000000180025095e-35 0.026300000026822094 0.0030500000575557355 1.0000000180025095e-35 0.0063000000081956395 0.0010500000207684936 0.021049999631941322 0.0011500000255182388 0.0013499999768100681 0.0056999998632818469 0.015950000844895843 0.1922000050544739 0.016799999400973323 0.0048500001430511483 0.0011500000255182388
decision_type=2 2 2 2 2 2 2 2 2 2 2 2 2 2 2 2 2 2 2 2 2 2 2 2 2 2 2 2 2 2
left_child=3 2 4 7 -2 -4 -3 8 13 10 14 -12 -13 15 -10 17 -17 19 -19 20 21 25 23 -23 -25 26 27 -1 29 -29
right_child=1 6 5 -5 -6 -7 -8 -9 9 -11 11 12 -14 -15 -16 16 -18 18 -20 -21 -22 22 -24 24 -26 -27 -28 28 -30 -31
leaf_value=-0.0008956026663808612 -0.043798022210175043 0.053209762112914671 0.053062887249657402 -0.036259739626174438 0.050818555700849199 -0.037026271378614146 -0.023003068045346423 -0.040137011686457398 -0.051948834611399534 0.01018710471069559 0.05873779143838348 -0.020173423345087666 0.031519627190350015 0.047419911158770756 0.033151237547030941 0.049062260490442926 -0.008142643469147063 -0.052158824263891429 0.038557850007897763 0.029838466482604093 -0.02723157039261738 0.043130149143776914 -0.034216475654296995 -0.052426537741451333 0.053052835160109835 -0.033849278524798847 -0.050456100056522492 -0.046484937335756593 0.032402184823680992 0.02111727659994719
leaf_weight=79.930565048358403 0.93783063546288692 1.3600461335736325 0.62267171434359614 1.0980053313542146 0.18121737288311124 0.21517323504667729 0.25491918751504261 0.7757330103777339 2.255371495557482 4.745403404813259 0.39342868886888016 5.897938969603274 0.93781605828553427 0.78409533883677696 0.24879670049995173 1.6147752674296492 1.2269589558418372 1.1163013142941043 0.28838662803173054 1.8486800410319109 3.1557040098123244 3.7182403004262587 0.78694879263639439 0.6764282747171817 0.42999090254306793 2.0553992886561891 0.90592334978282352 1.9244544617831687 5.9481731143314391 3.1577753766905516
leaf_count=827 18 62 31 12 34 11 8 28 47 99 3 142 16 21 5 27 53 93 6 25 55 47 26 14 5 36 13 24 56 40
internal_value=-4.40641e-05 0.0167172 -0.00347092 -0.000519512 -0.0284759 0.0299264 0.0411797 -0.000205124 4.45911e-05 -0.00876366 -0.0180029 -0.00917294 -0.0130815 0.00120854 -0.0434939 0.00087546 0.0243632 0.000245441 -0.0335344 0.000699344 0.000174764 0.00104368 0.0215252 0.0306172 -0.0114338 -0.000180041 0.000573263 0.00108149 0.0154083 -0.00448121
internal_weight=129.493 3.57186 1.95689 125.921 1.11905 0.837845 1.61497 124.823 124.048 14.4788 9.73335 7.22918 6.83576 109.569 2.50417 108.785 2.84173 105.943 1.40469 104.538 102.69 99.5339 5.61161 4.82466 1.10642 93.9223 91.8669 90.961 11.0304 5.08223
internal_count=1884 164 94 1720 52 42 70 1708 1680 312 213 161 158 1368 52 1347 80 1267 99 1168 1143 1088 92 66 19 996 960 947 120 64
is_linear=0
shrinkage=0.05


Tree=195
num_leaves=31
num_cat=0
split_feature=243 279 305 123 99 267 243 206 117 170 131 243 158 243 309 243 98 50 90 107 304 116 203 209 209 267 99 249 306 43
split_gain=0.398206 1.40979 1.50446 1.3169 1.24283 1.17291 1.13104 0.959292 0.861462 0.806302 0.745755 0.985795 1.2191 0.671955 1.66485 1.35489 0.807 0.651942 0.637341 0.649823 1.59298 1.51396 1.15887 0.896212 1.8149 0.84822 1.0655 1.29744 1.3434 1.06757
threshold=0.0024500000290572648 0.002650000038556755 0.0018500000005587938 1.0000000180025095e-35 0.01794999931007624 1.0000000180025095e-35 0.020200000144541267 0.0037500000325962905 0.0047499998472630986 0.0021499999566003685 0.0011500000255182388 0.0034500000765547161 1.0000000180025095e-35 0.0019500000635161998 0.92871463298797619 0.0018500000005587938 0.0012500000302679839 1.0000000180025095e-35 0.0016499999910593035 0.0015499999863095584 1.0000000180025095e-35 0.0064499999862164268 0.0016000000177882614 0.0068999999202787885 0.0020500000100582842 0.063299998641014113 0.0055499998852610597 1.0000000180025095e-35 0.026024482212960724 1.0000000180025095e-35
decision_type=2 2 2 2 2 2 2 2 2 2 2 2 2 2 2 2 2 2 2 2 2 2 2 2 2 2 2 2 2 2
left_child=13 5 6 4 -4 -2 10 8 -5 -9 11 12 -3 15 16 18 -15 -12 19 20 23 22 -21 24 25 26 29 28 -28 -1
right_child=1 2 3 7 -6 -7 -8 9 -10 -11 17 -13 -14 14 -16 -17 -18 -19 -20 21 -22 -23 -24 -25 -26 -27 27 -29 -30 -31
leaf_value=-0.0025461804434877533 0.058179977656361959 0.056649221555818544 0.052994922308865627 -0.038422581726212886 -0.017553980637187414 -0.00071817896480524891 0.054708475020201187 -0.017604731282381804 0.054747512747444674 0.043402461838631029 0.054026347582443748 -0.0420246957402792 -0.051142203502474753 0.041337062023182373 -0.047333202747416765 0.047075286769006491 -0.034490957256279479 -0.031297118117409324 0.055645430212321045 -0.034233714671502727 0.022435708086403744 0.017715981241654799 0.041619261205494661 -0.051411735706480659 0.044498256251481218 0.043625572576505553 0.035510608947662781 0.0050094487250466951 -0.034961260332767592 0.020434798254903089
leaf_weight=66.077869838336483 2.1564818546175988 0.62839957466348895 2.7712320316641113 1.9643617804103999 0.80578269972465921 1.3902015342609955 0.49881570669822384 0.89237329596653614 0.28396201133728016 1.3778175383922642 0.52988912700675417 4.1301946970634162 0.45025255996733904 1.1319960691034783 2.4346477626822889 1.4812063571298484 0.5084886522963642 0.3876677630469203 0.49280558782629569 5.7327983294962888 7.2194715281075323 2.6126066540309694 0.55201958725228895 0.90800629346631367 2.0947780455462626 0.98049790901131828 0.74461356317624261 4.489504875149577 7.3669760219636373 5.4720861720852545
leaf_count=692 13 5 111 45 12 24 10 16 2 38 9 42 7 16 18 13 17 8 5 122 186 82 13 16 22 19 8 84 185 44
internal_value=-4.25626e-05 0.0067951 -2.28673e-05 0.0144373 0.0371026 0.0350935 -0.0176921 -0.00350535 -0.0266553 0.0194216 -0.023587 -0.0309087 0.0116548 -0.00117498 -0.0210998 -0.000410605 0.0178332 0.0179772 -0.00108211 -0.00135027 -0.000144429 -0.0142733 -0.0275713 -0.00199407 -0.00147964 -0.00261099 -0.00314972 -0.0165563 -0.0284922 -0.000788613
internal_weight=128.568 18.2674 14.7207 8.09553 3.57701 3.54668 6.62522 4.51851 2.24832 2.27019 6.1264 5.20885 1.07865 110.3 4.07513 106.225 1.64048 0.917557 104.744 104.251 95.3538 8.89742 6.28482 88.1343 87.2263 85.1315 84.1511 12.6011 8.11159 71.55
internal_count=1884 342 305 224 123 37 81 101 47 54 71 54 12 1542 51 1491 33 17 1478 1473 1256 217 135 1070 1054 1032 1013 277 193 736
is_linear=0
shrinkage=0.05


Tree=196
num_leaves=31
num_cat=0
split_feature=207 58 288 234 179 263 179 238 225 204 116 220 237 50 247 239 308 74 63 102 232 222 307 307 237 196 6 280 149 279
split_gain=0.389484 0.461416 0.499033 0.489223 0.431061 0.577102 0.858298 0.572105 0.983509 1.14896 1.10362 0.904344 0.669784 1.19545 0.855202 0.836921 0.758409 1.22349 0.931737 1.05425 0.976015 0.967643 0.894003 0.932744 1.33301 0.925106 0.932645 1.01685 1.1537 1.3578
threshold=0.33859999477863317 0.0024500000290572648 1.0000000180025095e-35 0.046949999406933791 0.0010500000207684936 1.0000000180025095e-35 0.015099999960511925 0.018050000071525577 0.0011500000255182388 0.0035500000230968003 0.0018500000005587938 0.013350000139325859 0.027900000102818016 0.0012500000302679839 1.0000000180025095e-35 0.0011500000255182388 0.0033956177067011599 1.0000000180025095e-35 0.0010500000207684936 0.021750000305473808 0.0018500000005587938 0.003249999950639904 0.10205004364252092 0.043573155999183662 0.017450000159442428 0.092549998313188567 0.012050000019371511 0.0010500000207684936 0.0034500000765547161 0.002549999975599349
decision_type=2 2 2 2 2 2 2 2 2 2 2 2 2 2 2 2 2 2 2 2 2 2 2 2 2 2 2 2 2 2
left_child=1 2 3 4 7 -6 -7 12 9 10 11 -9 16 14 -14 -16 17 18 22 21 -21 -20 23 25 -25 26 27 28 -1 -30
right_child=-2 -3 -4 -5 5 6 -8 8 -10 -11 -12 -13 13 -15 15 -17 -18 -19 19 20 -22 -23 -24 24 -26 -27 -28 -29 29 -31
leaf_value=-0.00052324115878133847 0.053144502016228695 -0.042810785307727577 0.039288208226752191 -0.054304398066249759 0.00091921027516388718 0.034053344346814382 -0.037484529773633389 -0.05016323403329849 0.030237907448900488 -0.042886522933833729 0.03100906942003559 0.031812001713306268 -0.033139311906037916 -0.023802558660682274 0.041249185109050221 -0.0088740085131039544 0.029073978512962301 -0.041097576958423546 -0.046650637461656472 0.049765085524010773 -0.052024346451016182 0.048977583281975129 0.030955010784879246 -0.03938689308290759 0.047371553938422066 0.050000374293142837 -0.040034557167292144 -0.030331904520911647 0.05174557482206496 0.0067001221614668332
leaf_weight=72.064768373500556 0.34330489137209852 0.63169162019039404 0.80428748205304046 0.41677334980340575 6.9342273917864059 3.3505994279403244 0.47925424808636297 1.2420364227145904 1.0613134454470126 3.2034431240754202 1.4854135066270826 0.46143267350271333 0.57029152766335656 1.5990450654644517 4.208805094123818 1.0382559322752056 2.0411172139865803 1.9336378849111486 2.9345411232206966 0.76721934322267749 0.33980382280424237 0.29074406065046776 2.2962642048369153 2.9116601786809038 0.52213697059778486 0.92922465223818917 1.4415852387901384 2.5859505189582697 2.3048158425372076 6.1018533604219556
leaf_count=678 9 66 84 8 141 51 9 19 15 62 19 9 12 29 52 37 72 52 88 15 17 3 43 50 15 9 51 48 24 97
internal_value=-4.03706e-05 -0.000184193 2.89696e-05 -0.000222597 -4.24218e-05 0.0095232 0.0251013 -0.000942976 -0.0143362 -0.0217368 -0.000490509 -0.0279579 -8.96909e-06 0.0144863 0.0250109 0.0313311 -0.00108977 -0.00172173 -0.000924385 -0.0235799 0.0185205 -0.0380302 0.000152324 -0.000643642 -0.0261946 0.00038338 -0.000162252 0.000529792 0.00152153 0.01905
internal_weight=127.295 126.952 126.321 125.516 125.099 10.7641 3.82985 114.335 7.45364 6.39233 3.18888 1.70347 106.882 7.4164 5.81735 5.24706 99.4653 97.4242 95.4906 4.33231 1.10702 3.22529 91.1583 88.862 3.4338 85.4282 84.499 83.0574 80.4714 8.40667
internal_count=1884 1875 1809 1725 1717 201 60 1516 124 109 47 28 1392 130 101 89 1262 1190 1138 123 32 91 1015 972 65 907 898 847 799 121
is_linear=0
shrinkage=0.05


Tree=197
num_leaves=31
num_cat=0
split_feature=293 146 236 90 108 249 49 149 98 151 307 119 202 202 238 256 116 205 236 99 63 218 283 218 267 306 32 32 256 309
split_gain=0.395889 0.471845 0.425955 0.414295 0.471916 0.821145 0.70671 0.627235 0.945788 0.81159 0.799979 0.666187 0.838616 1.70464 0.809936 1.14523 0.91199 0.797025 0.713996 0.704688 0.687296 0.645979 1.29783 1.09158 1.51171 1.14647 1.06784 1.07904 1.0146 1.78879
threshold=0.0031500000040978198 0.0046500000171363362 0.0016499999910593035 1.0000000180025095e-35 0.0010500000207684936 0.0001499999962106813 0.10150000080466272 0.021500000730156902 0.003249999950639904 0.0010500000207684936 0.0018500000005587938 0.0016499999910593035 0.0021499999566003685 0.0018500000005587938 0.018949999473989013 0.0037500000325962905 0.0054500000551342973 1.0000000180025095e-35 0.0013499999768100681 0.0016499999910593035 0.0011500000255182388 0.028500000014901165 0.0010500000207684936 0.020200000144541267 0.010449999943375589 0.065728116780519499 0.00335000001359731 0.0093999998643994349 0.0035500000230968003 0.9714249074459077
decision_type=2 2 2 2 2 2 2 2 2 2 2 2 2 2 2 2 2 2 2 2 2 2 2 2 2 2 2 2 2 2
left_child=1 3 -2 4 7 6 -6 9 10 11 -9 12 13 17 15 -14 -16 18 21 -13 -17 23 26 -1 25 -25 28 -28 29 -23
right_child=2 -3 -4 -5 5 -7 -8 8 -10 -11 -12 19 14 -15 16 20 -18 -19 -20 -21 -22 22 -24 24 -26 -27 27 -29 -30 -31
leaf_value=-0.00069366825945245208 0.051386339609717918 -0.046461450446865046 -0.019492541219321594 0.04350336602115254 -0.039040733720648195 0.020751877628554734 0.053860340758548592 -0.051769786634800363 -0.035746836109975678 -0.0399322915317184 0.029891512807323252 0.056666722967542542 -0.052135236255756591 -0.058502435093399613 -0.040372947629208969 0.038470605732488894 0.023507712974318043 0.05553461282997002 0.040320830138518532 -0.041804372040248478 -0.011486504643059879 0.057197034068232316 0.031286399698397013 -0.056531493404167847 -0.021175584036999054 0.047738636396308688 0.055124813195665069 -0.040124034195357157 -0.02782791443256773 -0.052486477985608827
leaf_weight=81.3148904623813 0.73112577185383887 0.55099653240176749 0.29851298310677521 0.54264845512807269 2.5687528554699384 1.0217623714706858 0.22243694216012944 0.32093387795612116 0.75016707601025689 1.2923234935151402 4.5773665437009186 0.20539506338536639 0.44362831581383755 1.2654589656740416 1.174672981258482 4.8070681071840227 1.0655118590220807 0.63943318475503375 1.0618977255653579 1.573912226129323 0.80356496013700951 0.97795918025076278 1.614334089681505 0.2855053618550295 1.4012521987315265 3.4397024484351277 0.94347567856311687 0.43417478003539145 9.3927313569001836 0.5996446805074811
leaf_count=938 127 31 32 8 128 27 2 6 19 36 67 2 5 19 22 64 16 10 22 44 15 6 27 3 25 31 7 12 127 6
internal_value=-4.00326e-05 -0.000293779 0.0308371 -8.98502e-05 -0.000280319 -0.0175984 -0.0316372 0.000268198 0.0165343 -0.000532582 0.0245411 -8.37523e-05 0.000399912 -0.000827496 0.0156966 0.0252008 -0.00998903 -0.00011269 -0.000463377 -0.0304373 0.0313157 -0.000894723 -0.0108737 0.000717119 0.0230948 0.0397472 -0.0163856 0.0251066 -0.0215961 0.0155065
internal_weight=126.321 125.292 1.02964 124.741 124.198 3.81295 2.79119 120.385 5.64847 114.737 4.8983 113.444 111.665 103.37 8.29445 6.05426 2.24018 102.105 101.466 1.77931 5.61063 100.404 13.9623 86.4414 5.12646 3.72521 12.348 1.37765 10.9703 1.5776
internal_count=1884 1725 159 1694 1686 157 130 1529 92 1437 73 1401 1355 1233 122 84 38 1214 1204 46 79 1182 185 997 59 34 158 19 139 12
is_linear=0
shrinkage=0.05


Tree=198
num_leaves=31
num_cat=0
split_feature=243 267 279 176 25 306 306 267 295 163 170 307 232 170 206 209 209 188 269 215 105 269 253 271 163 306 306 202 6 196
split_gain=0.403351 1.12432 1.52308 1.18391 1.7668 1.62328 1.21429 1.17577 1.08285 1.13889 1.91179 1.20157 1.44742 1.07783 1.03957 1.01504 1.20419 1.07462 0.967573 1.04568 0.908905 0.815523 1.51806 1.4895 1.08443 1.06914 1.54244 1.55497 1.49759 1.42278
threshold=0.0010500000207684936 0.0012500000302679839 0.0018500000005587938 0.0013499999768100681 0.0015499999863095584 0.031006209552288059 0.04097955301404 0.0014499999815598132 0.0023500000825151805 0.0037500000325962905 0.076249998062849059 0.0011500000255182388 0.0071499999612569818 0.021500000730156902 0.0014499999815598132 0.0012500000302679839 0.0093999998643994349 0.018099999986588958 0.035099999979138381 1.0000000180025095e-35 0.037649998441338546 0.0046500000171363362 0.0077999997884035119 0.0018500000005587938 0.020350000821053985 0.53759083151817333 0.18939801305532458 0.0034500000765547161 0.0071499999612569818 0.0014499999815598132
decision_type=2 2 2 2 2 2 2 2 2 2 2 2 2 2 2 2 2 2 2 2 2 2 2 2 2 2 2 2 2 2
left_child=15 2 -2 4 5 -4 -6 -3 9 11 -11 12 -9 18 -15 17 -17 20 19 -13 21 23 24 25 -23 26 28 -28 29 -1
right_child=1 7 3 -5 6 -7 -8 8 -10 10 -12 13 -14 14 -16 16 -18 -19 -20 -21 -22 22 -24 -25 -26 -27 27 -29 -30 -31
leaf_value=-0.0027841778403811324 0.051598565850837608 -0.050563867580357968 -0.047868899582502178 0.047665762777486992 0.060206636744894085 0.018940512087889338 -0.012473030785477719 -0.036753633191846331 0.052668319595123192 0.043672728780589469 -0.045428449542884546 -0.023769651615253795 0.056701259724285441 -0.052221878820923065 0.034484737480473496 0.033695028274078151 -0.02344593008447441 -0.047854619754964738 0.046175982614167256 0.010004113375086107 0.046385109019696454 0.022888948450787955 -0.042817666471024037 -0.035483999259729608 -0.035241146525962816 0.040867891929866194 -0.03608733740345723 0.021864485350405447 -0.034846568665400993 0.01966587750470191
leaf_weight=47.442866067722207 2.5831155027262849 1.1509689559461573 2.4413107279688124 1.4708414619090033 1.4562687808647754 1.4487362606450913 0.94933902355842281 0.5752264519687843 0.97901178526808408 2.8495190751273181 0.76328489772276942 11.996009650698396 1.4810934308916328 0.41275942232459728 2.1274918038398027 3.8304406808456397 1.2143146144808268 1.3231366337276984 0.62532755354186598 2.8330828164471322 0.94249098934233089 8.1667928298120351 1.1932708019448899 3.7679798234603359 0.88970843359129581 1.3498058956465673 6.19231571862474 1.4236405498813836 3.1564901982783331 8.2906308327801508
leaf_count=498 23 7 11 15 7 12 9 10 97 45 19 229 9 9 41 59 36 16 13 63 12 147 29 60 24 22 134 24 107 97
internal_value=-3.80552e-05 0.00441766 0.0183395 0.00727762 -0.00215818 -0.0229877 0.0315246 -0.0011684 0.00113867 -0.000993198 0.0248481 -0.00564931 0.0305586 -0.00978692 0.020396 -0.00184382 0.0199407 -0.00314996 -0.0147481 -0.0173172 -0.00243572 -0.00299772 0.0101936 -0.00488548 0.0171783 -0.00318636 -0.00408049 -0.0252545 -0.00134216 0.000555378
internal_weight=125.327 36.1434 10.3496 7.7665 6.29565 3.89005 2.40561 25.7938 24.6428 23.6638 3.6128 20.051 2.05632 17.9947 2.54025 89.1839 5.04476 84.1391 15.4544 14.8291 82.816 81.8735 10.2498 71.6237 9.0565 67.8557 66.5059 7.61596 58.89 55.7335
internal_count=1884 619 77 54 39 23 16 542 535 438 64 374 19 355 50 1265 95 1170 305 292 1154 1142 200 942 171 882 860 158 702 595
is_linear=0
shrinkage=0.05


Tree=199
num_leaves=31
num_cat=0
split_feature=218 306 243 247 267 292 292 99 153 188 195 215 99 306 204 204 32 256 204 307 309 153 232 25 306 247 238 309 232 153
split_gain=0.399176 1.60184 1.14917 1.0722 1.10948 1.39513 2.11765 1.49091 1.39511 0.994362 1.50735 0.968099 0.891209 0.837632 1.36247 1.51909 1.27936 1.2681 1.33074 0.94924 0.999722 0.837946 0.758049 0.998891 0.889684 0.621689 1.09966 1.1786 1.46777 2.06773
threshold=1.0000000180025095e-35 0.012880790513008835 1.0000000180025095e-35 1.0000000180025095e-35 0.0013499999768100681 0.0010500000207684936 0.0039500000420957812 0.0014499999815598132 0.0067499999422580012 0.0010500000207684936 0.0012500000302679839 1.0000000180025095e-35 0.0043500000610947618 0.021205288358032707 0.0023500000825151805 0.0014499999815598132 0.0047000001650303611 0.0018500000005587938 0.007849999703466894 0.010266041383147241 0.86060386896133434 0.0014499999815598132 0.0013499999768100681 0.0016499999910593035 0.016337962821125988 0.0068500000052154073 1.0000000180025095e-35 0.98240649700164806 0.024299999698996547 0.0027499999850988392
decision_type=2 2 2 2 2 2 2 2 2 2 2 2 2 2 2 2 2 2 2 2 2 2 2 2 2 2 2 2 2 2
left_child=2 11 3 4 5 8 -7 -8 9 10 -1 -2 -4 14 15 16 22 18 19 -15 -21 -20 23 -3 -24 26 27 28 29 -19
right_child=1 13 12 -5 -6 6 7 -9 -10 -11 -12 -13 -14 17 -16 -17 -18 25 21 20 -22 -23 24 -25 -26 -27 -28 -29 -30 -31
leaf_value=0.0045216467941217612 -0.051834243371519609 -0.052333132469112656 0.055954646733232596 -0.048747451295445512 0.037148527313832787 -0.051362151107925871 0.045737864222234845 -0.051121367019222687 0.060273413560503419 0.045954970724683283 -0.061607449190021792 0.058252307861677066 -0.035630829279361106 -0.04910942252556251 -0.057772457549097544 0.060724959644234924 -0.054210811767667247 0.037382288697039162 0.05383720754049845 -0.055245741042420429 0.055494415030771863 -0.022919488003761024 0.0029246843065946675 0.02988720802643996 0.06532348953200777 0.0061077954210574138 -0.010759579379136502 -0.0096441650386385278 -0.015338467792957267 0.0011579040251525361
leaf_weight=10.788729893509309 2.1830252016661684 0.7033224776387208 1.7132898998679587 0.97827200684696336 2.354906457476317 2.7255732766352585 1.3511195946484802 0.56277340510860074 1.1931567699648429 1.2616877742111672 0.93653148156590837 0.21981498599052418 0.3143611003179102 3.5684981378726652 0.56985155493021 1.8754572533071039 0.71436043828725804 7.1478044400282696 0.75530020147562005 0.34631553827784944 0.4952508918941021 0.6718533281236887 1.0550683252513411 0.77805714309215546 1.2457126677036283 26.905886356340488 25.834949345211498 11.519159522489646 4.3551966869854359 8.7764371602097508
leaf_count=62 52 9 27 24 55 37 8 14 11 7 12 1 7 66 5 9 4 71 4 7 5 10 9 5 5 511 480 111 80 176
internal_value=-3.65396e-05 -0.00143404 0.00572682 0.0024291 0.00479348 0.000744876 -0.0230552 0.0172568 0.00853181 0.00377813 -0.000760281 -0.0417634 0.0417555 -0.000438287 0.0162992 0.0229235 0.00715684 -0.00172389 -0.0242634 -0.0378443 0.0099234 0.0177029 0.0187477 -0.00914898 0.0367093 -0.000167599 -0.00309723 0.00312809 0.010383 0.0174177
internal_weight=123.902 99.7213 24.1804 22.1528 21.1745 18.8196 4.63947 1.91389 14.1801 12.9869 11.7253 2.40284 2.02765 97.3185 6.94183 6.37198 4.49652 90.3767 5.83722 4.41006 0.841566 1.42715 3.78216 1.48138 2.30078 84.5394 57.6335 31.7986 20.2794 15.9242
internal_count=1884 1620 264 230 206 151 59 22 92 81 74 53 34 1567 46 41 32 1521 92 78 12 14 28 14 14 1429 918 438 327 247
is_linear=0
shrinkage=0.05


end of trees

feature_importances:
Column_306=196
Column_218=172
Column_232=167
Column_256=150
Column_243=138
Column_292=130
Column_153=128
Column_237=128
Column_195=120
Column_144=108
Column_25=106
Column_293=105
Column_247=94
Column_279=92
Column_267=88
Column_307=88
Column_149=84
Column_309=84
Column_120=83
Column_295=82
Column_182=75
Column_204=75
Column_308=75
Column_99=73
Column_196=72
Column_238=71
Column_207=67
Column_188=65
Column_109=64
Column_269=64
Column_305=63
Column_50=61
Column_102=57
Column_288=57
Column_216=55
Column_116=53
Column_163=52
Column_123=51
Column_87=49
Column_270=49
Column_6=48
Column_107=48
Column_173=48
Column_47=47
Column_53=47
Column_213=47
Column_253=47
Column_217=46
Column_246=46
Column_304=45
Column_202=43
Column_205=43
Column_32=42
Column_129=42
Column_179=40
Column_170=39
Column_223=39
Column_43=38
Column_96=38
Column_121=38
Column_63=37
Column_209=37
Column_169=36
Column_215=34
Column_263=34
Column_271=34
Column_106=32
Column_222=32
Column_98=30
Column_211=30
Column_1=29
Column_90=29
Column_176=29
Column_74=28
Column_54=27
Column_178=27
Column_194=27
Column_198=26
Column_220=26
Column_250=25
Column_39=24
Column_105=24
Column_226=24
Column_89=23
Column_197=23
Column_58=22
Column_132=22
Column_206=22
Column_234=22
Column_2=21
Column_172=21
Column_184=21
Column_299=21
Column_112=20
Column_273=20
Column_239=19
Column_66=18
Column_158=17
Column_224=17
Column_210=16
Column_212=16
Column_280=16
Column_301=16
Column_93=14
Column_94=14
Column_251=14
Column_131=13
Column_155=13
Column_242=13
Column_260=13
Column_283=13
Column_36=12
Column_101=12
Column_117=12
Column_249=12
Column_95=11
Column_133=11
Column_161=11
Column_171=11
Column_174=11
Column_221=11
Column_119=10
Column_125=10
Column_157=10
Column_108=9
Column_130=9
Column_146=9
Column_186=9
Column_219=9
Column_245=9
Column_24=7
Column_49=6
Column_61=6
Column_67=6
Column_73=6
Column_128=6
Column_160=6
Column_187=6
Column_203=6
Column_225=6
Column_268=6
Column_300=6
Column_33=5
Column_38=5
Column_91=5
Column_167=5
Column_265=5
Column_42=4
Column_51=4
Column_201=4
Column_228=4
Column_236=4
Column_284=4
Column_15=3
Column_100=3
Column_151=3
Column_177=3
Column_4=2
Column_20=2
Column_88=2
Column_282=2
Column_289=2
Column_0=1
Column_22=1
Column_26=1
Column_29=1
Column_30=1
Column_48=1
Column_62=1
Column_78=1
Column_83=1
Column_114=1
Column_142=1
Column_156=1
Column_166=1
Column_168=1
Column_290=1

parameters:
[boosting: gbdt]
[objective: binary]
[metric: auc]
[tree_learner: serial]
[device_type: cpu]
[data_sample_strategy: bagging]
[data: ]
[valid: ]
[num_iterations: 200]
[learning_rate: 0.05]
[num_leaves: 31]
[num_threads: 0]
[seed: 314]
[deterministic: 0]
[force_col_wise: 0]
[force_row_wise: 0]
[histogram_pool_size: -1]
[max_depth: -1]
[min_data_in_leaf: 5]
[min_sum_hessian_in_leaf: 0.001]
[bagging_fraction: 0.9]
[pos_bagging_fraction: 1]
[neg_bagging_fraction: 1]
[bagging_freq: 0]
[bagging_seed: 314]
[bagging_by_query: 0]
[feature_fraction: 0.9]
[feature_fraction_bynode: 1]
[feature_fraction_seed: 314]
[extra_trees: 0]
[extra_seed: 32374]
[early_stopping_round: 0]
[early_stopping_min_delta: 0]
[first_metric_only: 0]
[max_delta_step: 0]
[lambda_l1: 0]
[lambda_l2: 0]
[linear_lambda: 0]
[min_gain_to_split: 0]
[drop_rate: 0.1]
[max_drop: 50]
[skip_drop: 0.5]
[xgboost_dart_mode: 0]
[uniform_drop: 0]
[drop_seed: 27260]
[top_rate: 0.2]
[other_rate: 0.1]
[min_data_per_group: 100]
[max_cat_threshold: 32]
[cat_l2: 10]
[cat_smooth: 10]
[max_cat_to_onehot: 4]
[top_k: 20]
[monotone_constraints: ]
[monotone_constraints_method: basic]
[monotone_penalty: 0]
[feature_contri: ]
[forcedsplits_filename: ]
[refit_decay_rate: 0.9]
[cegb_tradeoff: 1]
[cegb_penalty_split: 0]
[cegb_penalty_feature_lazy: ]
[cegb_penalty_feature_coupled: ]
[path_smooth: 0]
[interaction_constraints: ]
[verbosity: -1]
[saved_feature_importance_type: 0]
[use_quantized_grad: 0]
[num_grad_quant_bins: 4]
[quant_train_renew_leaf: 0]
[stochastic_rounding: 1]
[linear_tree: 0]
[max_bin: 255]
[max_bin_by_feature: ]
[min_data_in_bin: 3]
[bin_construct_sample_cnt: 200000]
[data_random_seed: 314]
[is_enable_sparse: 1]
[enable_bundle: 1]
[use_missing: 1]
[zero_as_missing: 0]
[feature_pre_filter: 1]
[pre_partition: 0]
[two_round: 0]
[header: 0]
[label_column: ]
[weight_column: ]
[group_column: ]
[ignore_column: ]
[categorical_feature: ]
[forcedbins_filename: ]
[precise_float_parser: 0]
[parser_config_file: ]
[objective_seed: 3599]
[num_class: 1]
[is_unbalance: 1]
[scale_pos_weight: 1]
[sigmoid: 1]
[boost_from_average: 1]
[reg_sqrt: 0]
[alpha: 0.9]
[fair_c: 1]
[poisson_max_delta_step: 0.7]
[tweedie_variance_power: 1.5]
[lambdarank_truncation_level: 30]
[lambdarank_norm: 1]
[label_gain: ]
[lambdarank_position_bias_regularization: 0]
[eval_at: ]
[multi_error_top_k: 1]
[auc_mu_weights: ]
[num_machines: 1]
[local_listen_port: 12400]
[time_out: 120]
[machine_list_filename: ]
[machines: ]
[gpu_platform_id: -1]
[gpu_device_id: -1]
[gpu_use_dp: 0]
[num_gpu: 1]

end of parameters

pandas_categorical:null
